TMS320C2000 Assembler PC v22.6.2 Tue Nov 18 13:15:20 2025

Copyright (c) 1996-2018 Texas Instruments Incorporated
device.asm                                                           PAGE    1

       1              ;***************************************************************
       2              ;* TMS320C2000 G3 C/C++ Codegen                               PC v22.6.2.LTS *
       3              ;* Date/Time created: Tue Nov 18 13:15:20 2025                 *
       4              ;***************************************************************
       5                      .compiler_opts --abi=eabi --cla_support=cla2 --diag_wrap=off --float_support=fpu32 --hll_source=on --
       6                      .asg    XAR2, FP
       7              
       8              $C$DW$CU        .dwtag  DW_TAG_compile_unit
       9                      .dwattr $C$DW$CU, DW_AT_name("../device/device.c")
      10                      .dwattr $C$DW$CU, DW_AT_producer("TI TMS320C2000 G3 C/C++ Codegen PC v22.6.2.LTS Copyright (c) 1996-2
      11                      .dwattr $C$DW$CU, DW_AT_TI_version(0x01)
      12                      .dwattr $C$DW$CU, DW_AT_comp_dir("C:\SIMPLIS simulation\ANPC Final Version\anpc-3layer\TMS320F280049C
      13              
      14              $C$DW$1 .dwtag  DW_TAG_subprogram
      15                      .dwattr $C$DW$1, DW_AT_name("SysCtl_delay")
      16                      .dwattr $C$DW$1, DW_AT_linkage_name("SysCtl_delay")
      17                      .dwattr $C$DW$1, DW_AT_declaration
      18                      .dwattr $C$DW$1, DW_AT_external
      19                      .dwattr $C$DW$1, DW_AT_decl_file("C:\SIMPLIS simulation\ANPC Final Version\anpc-3layer\TMS320F280049C
      20                      .dwattr $C$DW$1, DW_AT_decl_line(0xaf6)
      21                      .dwattr $C$DW$1, DW_AT_decl_column(0x01)
      22              $C$DW$2 .dwtag  DW_TAG_formal_parameter
      23                      .dwattr $C$DW$2, DW_AT_type(*$C$DW$T$36)
      24              
      25                      .dwendtag $C$DW$1
      26              
      27              
      28              $C$DW$3 .dwtag  DW_TAG_subprogram
      29                      .dwattr $C$DW$3, DW_AT_name("Flash_initModule")
      30                      .dwattr $C$DW$3, DW_AT_linkage_name("Flash_initModule")
      31                      .dwattr $C$DW$3, DW_AT_declaration
      32                      .dwattr $C$DW$3, DW_AT_external
      33                      .dwattr $C$DW$3, DW_AT_decl_file("C:/SIMPLIS simulation/ANPC Final Version/anpc-3layer/TMS320F280049C
      34                      .dwattr $C$DW$3, DW_AT_decl_line(0x63f)
      35                      .dwattr $C$DW$3, DW_AT_decl_column(0x01)
      36              $C$DW$4 .dwtag  DW_TAG_formal_parameter
      37                      .dwattr $C$DW$4, DW_AT_type(*$C$DW$T$36)
      38              
      39              $C$DW$5 .dwtag  DW_TAG_formal_parameter
      40                      .dwattr $C$DW$5, DW_AT_type(*$C$DW$T$36)
      41              
      42              $C$DW$6 .dwtag  DW_TAG_formal_parameter
      43                      .dwattr $C$DW$6, DW_AT_type(*$C$DW$T$40)
      44              
      45                      .dwendtag $C$DW$3
      46              
      47              
      48              $C$DW$7 .dwtag  DW_TAG_subprogram
      49                      .dwattr $C$DW$7, DW_AT_name("GPIO_setPadConfig")
      50                      .dwattr $C$DW$7, DW_AT_linkage_name("GPIO_setPadConfig")
      51                      .dwattr $C$DW$7, DW_AT_declaration
      52                      .dwattr $C$DW$7, DW_AT_external
      53                      .dwattr $C$DW$7, DW_AT_decl_file("C:/SIMPLIS simulation/ANPC Final Version/anpc-3layer/TMS320F280049C
      54                      .dwattr $C$DW$7, DW_AT_decl_line(0x368)
      55                      .dwattr $C$DW$7, DW_AT_decl_column(0x01)
TMS320C2000 Assembler PC v22.6.2 Tue Nov 18 13:15:20 2025

Copyright (c) 1996-2018 Texas Instruments Incorporated
device.asm                                                           PAGE    2

      56              $C$DW$8 .dwtag  DW_TAG_formal_parameter
      57                      .dwattr $C$DW$8, DW_AT_type(*$C$DW$T$36)
      58              
      59              $C$DW$9 .dwtag  DW_TAG_formal_parameter
      60                      .dwattr $C$DW$9, DW_AT_type(*$C$DW$T$36)
      61              
      62                      .dwendtag $C$DW$7
      63              
      64              
      65              $C$DW$10        .dwtag  DW_TAG_subprogram
      66                      .dwattr $C$DW$10, DW_AT_name("GPIO_setDirectionMode")
      67                      .dwattr $C$DW$10, DW_AT_linkage_name("GPIO_setDirectionMode")
      68                      .dwattr $C$DW$10, DW_AT_declaration
      69                      .dwattr $C$DW$10, DW_AT_external
      70                      .dwattr $C$DW$10, DW_AT_decl_file("C:/SIMPLIS simulation/ANPC Final Version/anpc-3layer/TMS320F280049
      71                      .dwattr $C$DW$10, DW_AT_decl_line(0x31f)
      72                      .dwattr $C$DW$10, DW_AT_decl_column(0x01)
      73              $C$DW$11        .dwtag  DW_TAG_formal_parameter
      74                      .dwattr $C$DW$11, DW_AT_type(*$C$DW$T$36)
      75              
      76              $C$DW$12        .dwtag  DW_TAG_formal_parameter
      77                      .dwattr $C$DW$12, DW_AT_type(*$C$DW$T$26)
      78              
      79                      .dwendtag $C$DW$10
      80              
      81              
      82              $C$DW$13        .dwtag  DW_TAG_subprogram
      83                      .dwattr $C$DW$13, DW_AT_name("GPIO_setAnalogMode")
      84                      .dwattr $C$DW$13, DW_AT_linkage_name("GPIO_setAnalogMode")
      85                      .dwattr $C$DW$13, DW_AT_declaration
      86                      .dwattr $C$DW$13, DW_AT_external
      87                      .dwattr $C$DW$13, DW_AT_decl_file("C:/SIMPLIS simulation/ANPC Final Version/anpc-3layer/TMS320F280049
      88                      .dwattr $C$DW$13, DW_AT_decl_line(0x3e9)
      89                      .dwattr $C$DW$13, DW_AT_decl_column(0x01)
      90              $C$DW$14        .dwtag  DW_TAG_formal_parameter
      91                      .dwattr $C$DW$14, DW_AT_type(*$C$DW$T$36)
      92              
      93              $C$DW$15        .dwtag  DW_TAG_formal_parameter
      94                      .dwattr $C$DW$15, DW_AT_type(*$C$DW$T$28)
      95              
      96                      .dwendtag $C$DW$13
      97              
      98              $C$DW$16        .dwtag  DW_TAG_variable
      99                      .dwattr $C$DW$16, DW_AT_name("RamfuncsLoadStart")
     100                      .dwattr $C$DW$16, DW_AT_linkage_name("RamfuncsLoadStart")
     101                      .dwattr $C$DW$16, DW_AT_type(*$C$DW$T$40)
     102                      .dwattr $C$DW$16, DW_AT_declaration
     103                      .dwattr $C$DW$16, DW_AT_external
     104                      .dwattr $C$DW$16, DW_AT_decl_file("..\device\device.h")
     105                      .dwattr $C$DW$16, DW_AT_decl_line(0x154)
     106                      .dwattr $C$DW$16, DW_AT_decl_column(0x11)
     107              
     108              $C$DW$17        .dwtag  DW_TAG_variable
     109                      .dwattr $C$DW$17, DW_AT_name("RamfuncsLoadSize")
     110                      .dwattr $C$DW$17, DW_AT_linkage_name("RamfuncsLoadSize")
TMS320C2000 Assembler PC v22.6.2 Tue Nov 18 13:15:20 2025

Copyright (c) 1996-2018 Texas Instruments Incorporated
device.asm                                                           PAGE    3

     111                      .dwattr $C$DW$17, DW_AT_type(*$C$DW$T$40)
     112                      .dwattr $C$DW$17, DW_AT_declaration
     113                      .dwattr $C$DW$17, DW_AT_external
     114                      .dwattr $C$DW$17, DW_AT_decl_file("..\device\device.h")
     115                      .dwattr $C$DW$17, DW_AT_decl_line(0x156)
     116                      .dwattr $C$DW$17, DW_AT_decl_column(0x11)
     117              
     118              $C$DW$18        .dwtag  DW_TAG_variable
     119                      .dwattr $C$DW$18, DW_AT_name("RamfuncsRunStart")
     120                      .dwattr $C$DW$18, DW_AT_linkage_name("RamfuncsRunStart")
     121                      .dwattr $C$DW$18, DW_AT_type(*$C$DW$T$40)
     122                      .dwattr $C$DW$18, DW_AT_declaration
     123                      .dwattr $C$DW$18, DW_AT_external
     124                      .dwattr $C$DW$18, DW_AT_decl_file("..\device\device.h")
     125                      .dwattr $C$DW$18, DW_AT_decl_line(0x157)
     126                      .dwattr $C$DW$18, DW_AT_decl_column(0x11)
     127              
     128              
     129              $C$DW$19        .dwtag  DW_TAG_subprogram
     130                      .dwattr $C$DW$19, DW_AT_name("SysCtl_setClock")
     131                      .dwattr $C$DW$19, DW_AT_linkage_name("SysCtl_setClock")
     132                      .dwattr $C$DW$19, DW_AT_type(*$C$DW$T$63)
     133                      .dwattr $C$DW$19, DW_AT_declaration
     134                      .dwattr $C$DW$19, DW_AT_external
     135                      .dwattr $C$DW$19, DW_AT_decl_file("C:\SIMPLIS simulation\ANPC Final Version\anpc-3layer\TMS320F280049
     136                      .dwattr $C$DW$19, DW_AT_decl_line(0xb36)
     137                      .dwattr $C$DW$19, DW_AT_decl_column(0x01)
     138              $C$DW$20        .dwtag  DW_TAG_formal_parameter
     139                      .dwattr $C$DW$20, DW_AT_type(*$C$DW$T$36)
     140              
     141                      .dwendtag $C$DW$19
     142              
     143                      .global ||Example_PassCount||
     144 00000000               .data
     145                      .align  2
     146                      .elfsym ||Example_PassCount||,SYM_SIZE(2),SYM_BLOCKED(1)
     147 00000000       ||Example_PassCount||:
     148 00000000 0000          .bits           0,32
         00000001 0000 
     149                                      ; Example_PassCount @ 0
     150              
     151              $C$DW$21        .dwtag  DW_TAG_variable
     152                      .dwattr $C$DW$21, DW_AT_name("Example_PassCount")
     153                      .dwattr $C$DW$21, DW_AT_linkage_name("Example_PassCount")
     154                      .dwattr $C$DW$21, DW_AT_location[DW_OP_addr ||Example_PassCount||]
     155                      .dwattr $C$DW$21, DW_AT_type(*$C$DW$T$36)
     156                      .dwattr $C$DW$21, DW_AT_external
     157                      .dwattr $C$DW$21, DW_AT_decl_file("../device/device.c")
     158                      .dwattr $C$DW$21, DW_AT_decl_line(0x37)
     159                      .dwattr $C$DW$21, DW_AT_decl_column(0x0a)
     160              
     161                      .global ||Example_Fail||
     162 00000002               .data
     163                      .align  2
     164                      .elfsym ||Example_Fail||,SYM_SIZE(2),SYM_BLOCKED(1)
TMS320C2000 Assembler PC v22.6.2 Tue Nov 18 13:15:20 2025

Copyright (c) 1996-2018 Texas Instruments Incorporated
device.asm                                                           PAGE    4

     165 00000002       ||Example_Fail||:
     166 00000002 0000          .bits           0,32
         00000003 0000 
     167                                      ; Example_Fail @ 0
     168              
     169              $C$DW$22        .dwtag  DW_TAG_variable
     170                      .dwattr $C$DW$22, DW_AT_name("Example_Fail")
     171                      .dwattr $C$DW$22, DW_AT_linkage_name("Example_Fail")
     172                      .dwattr $C$DW$22, DW_AT_location[DW_OP_addr ||Example_Fail||]
     173                      .dwattr $C$DW$22, DW_AT_type(*$C$DW$T$36)
     174                      .dwattr $C$DW$22, DW_AT_external
     175                      .dwattr $C$DW$22, DW_AT_decl_file("../device/device.c")
     176                      .dwattr $C$DW$22, DW_AT_decl_line(0x38)
     177                      .dwattr $C$DW$22, DW_AT_decl_column(0x0a)
     178              
     179              
     180              $C$DW$23        .dwtag  DW_TAG_subprogram
     181                      .dwattr $C$DW$23, DW_AT_name("__eallow")
     182                      .dwattr $C$DW$23, DW_AT_linkage_name("__eallow")
     183                      .dwattr $C$DW$23, DW_AT_declaration
     184                      .dwattr $C$DW$23, DW_AT_external
     185                      .dwendtag $C$DW$23
     186              
     187              
     188              $C$DW$24        .dwtag  DW_TAG_subprogram
     189                      .dwattr $C$DW$24, DW_AT_name("__edis")
     190                      .dwattr $C$DW$24, DW_AT_linkage_name("__edis")
     191                      .dwattr $C$DW$24, DW_AT_declaration
     192                      .dwattr $C$DW$24, DW_AT_external
     193                      .dwendtag $C$DW$24
     194              
     195                      .sblock ".data"
     196              ;       C:\ti\ccs2030\ccs\tools\compiler\ti-cgt-c2000_22.6.2.LTS\bin\opt2000.exe C:\\Users\\justs\\AppData\\L
     197              ;       C:\ti\ccs2030\ccs\tools\compiler\ti-cgt-c2000_22.6.2.LTS\bin\acia2000.exe -@C:\\Users\\justs\\AppData
     198 00000000               .sect   ".text"
     199                      .clink
     200                      .global ||__error__||
     201              
     202              $C$DW$25        .dwtag  DW_TAG_subprogram
     203                      .dwattr $C$DW$25, DW_AT_name("__error__")
     204                      .dwattr $C$DW$25, DW_AT_low_pc(||__error__||)
     205                      .dwattr $C$DW$25, DW_AT_high_pc(0x00)
     206                      .dwattr $C$DW$25, DW_AT_linkage_name("__error__")
     207                      .dwattr $C$DW$25, DW_AT_external
     208                      .dwattr $C$DW$25, DW_AT_decl_file("../device/device.c")
     209                      .dwattr $C$DW$25, DW_AT_decl_line(0x100)
     210                      .dwattr $C$DW$25, DW_AT_decl_column(0x06)
     211                      .dwattr $C$DW$25, DW_AT_TI_max_frame_size(-2)
     212                      .dwpsn  file "../device/device.c",line 257,column 1,is_stmt,address ||__error__||,isa 0
     213              
     214                      .dwfde $C$DW$CIE, ||__error__||
     215              $C$DW$26        .dwtag  DW_TAG_formal_parameter
     216                      .dwattr $C$DW$26, DW_AT_name("filename")
     217                      .dwattr $C$DW$26, DW_AT_type(*$C$DW$T$52)
     218                      .dwattr $C$DW$26, DW_AT_location[DW_OP_reg12]
TMS320C2000 Assembler PC v22.6.2 Tue Nov 18 13:15:20 2025

Copyright (c) 1996-2018 Texas Instruments Incorporated
device.asm                                                           PAGE    5

     219              
     220              $C$DW$27        .dwtag  DW_TAG_formal_parameter
     221                      .dwattr $C$DW$27, DW_AT_name("line")
     222                      .dwattr $C$DW$27, DW_AT_type(*$C$DW$T$36)
     223                      .dwattr $C$DW$27, DW_AT_location[DW_OP_reg0]
     224              
     225              
     226              ;***************************************************************
     227              ;* FNAME: __error__                     FR SIZE:   0           *
     228              ;*                                                             *
     229              ;* FUNCTION ENVIRONMENT                                        *
     230              ;*                                                             *
     231              ;* FUNCTION PROPERTIES                                         *
     232              ;*                            0 Parameter,  0 Auto,  0 SOE     *
     233              ;***************************************************************
     234              
     235 00000000       ||__error__||:
     236                      .dwcfi  cfa_offset, -2
     237                      .dwcfi  save_reg_to_mem, 26, 0
     238 00000000 7625   ESTOP0
     239 00000001 FF69          SPM       #0                    ; [CPU_ALU] 
     240              $C$DW$28        .dwtag  DW_TAG_TI_branch
     241                      .dwattr $C$DW$28, DW_AT_low_pc(0x00)
     242                      .dwattr $C$DW$28, DW_AT_TI_return
     243              
     244 00000002 0006          LRETR     ; [CPU_ALU] 
     245                      ; return occurs ; [] 
     246                      .dwattr $C$DW$25, DW_AT_TI_end_file("../device/device.c")
     247                      .dwattr $C$DW$25, DW_AT_TI_end_line(0x107)
     248                      .dwattr $C$DW$25, DW_AT_TI_end_column(0x01)
     249                      .dwendentry
     250                      .dwendtag $C$DW$25
     251              
     252 00000003               .sect   ".text"
     253                      .clink
     254                      .global ||Device_initGPIO||
     255              
     256              $C$DW$29        .dwtag  DW_TAG_subprogram
     257                      .dwattr $C$DW$29, DW_AT_name("Device_initGPIO")
     258                      .dwattr $C$DW$29, DW_AT_low_pc(||Device_initGPIO||)
     259                      .dwattr $C$DW$29, DW_AT_high_pc(0x00)
     260                      .dwattr $C$DW$29, DW_AT_linkage_name("Device_initGPIO")
     261                      .dwattr $C$DW$29, DW_AT_external
     262                      .dwattr $C$DW$29, DW_AT_decl_file("../device/device.c")
     263                      .dwattr $C$DW$29, DW_AT_decl_line(0xf1)
     264                      .dwattr $C$DW$29, DW_AT_decl_column(0x06)
     265                      .dwattr $C$DW$29, DW_AT_TI_max_frame_size(-2)
     266                      .dwpsn  file "../device/device.c",line 242,column 1,is_stmt,address ||Device_initGPIO||,isa 0
     267              
     268                      .dwfde $C$DW$CIE, ||Device_initGPIO||
     269              
     270              ;***************************************************************
     271              ;* FNAME: Device_initGPIO               FR SIZE:   0           *
     272              ;*                                                             *
     273              ;* FUNCTION ENVIRONMENT                                        *
TMS320C2000 Assembler PC v22.6.2 Tue Nov 18 13:15:20 2025

Copyright (c) 1996-2018 Texas Instruments Incorporated
device.asm                                                           PAGE    6

     274              ;*                                                             *
     275              ;* FUNCTION PROPERTIES                                         *
     276              ;*                            0 Parameter,  0 Auto,  0 SOE     *
     277              ;***************************************************************
     278              
     279 00000003       ||Device_initGPIO||:
     280                      .dwcfi  cfa_offset, -2
     281                      .dwcfi  save_reg_to_mem, 26, 0
     282                      .dwpsn  file "C:/SIMPLIS simulation/ANPC Final Version/anpc-3layer/TMS320F280049C/device/driverlib/gp
     283 00000003 7622          EALLOW    ; [CPU_ALU] |729| 
     284                      .dwpsn  file "C:/SIMPLIS simulation/ANPC Final Version/anpc-3layer/TMS320F280049C/device/driverlib/gp
     285 00000004 BFA9          MOV32     ACC,*(0:0x7c3c)       ; [CPU_FPU] |730| 
         00000005 7C3C 
     286 00000006 0200          MOVB      ACC,#0                ; [CPU_ALU] |730| 
     287 00000007 BDA9          MOV32     *(0:0x7c3c),ACC       ; [CPU_FPU] |730| 
         00000008 7C3C 
     288 00000009 BFA6          MOV32     XAR6,*(0:0x7c7c)      ; [CPU_FPU] |730| 
         0000000a 7C7C 
     289 0000000b BDA9          MOV32     *(0:0x7c7c),ACC       ; [CPU_FPU] |730| 
         0000000c 7C7C 
     290 0000000d BFA6          MOV32     XAR6,*(0:0x7dfc)      ; [CPU_FPU] |730| 
         0000000e 7DFC 
     291 0000000f BDA9          MOV32     *(0:0x7dfc),ACC       ; [CPU_FPU] |730| 
         00000010 7DFC 
     292                      .dwpsn  file "C:/SIMPLIS simulation/ANPC Final Version/anpc-3layer/TMS320F280049C/device/driverlib/gp
     293 00000011 761A          EDIS      ; [CPU_ALU] |731| 
     294              $C$DW$30        .dwtag  DW_TAG_TI_branch
     295                      .dwattr $C$DW$30, DW_AT_low_pc(0x00)
     296                      .dwattr $C$DW$30, DW_AT_TI_return
     297              
     298 00000012 0006          LRETR     ; [CPU_ALU] 
     299                      ; return occurs ; [] 
     300                      .dwattr $C$DW$29, DW_AT_TI_end_file("../device/device.c")
     301                      .dwattr $C$DW$29, DW_AT_TI_end_line(0xf9)
     302                      .dwattr $C$DW$29, DW_AT_TI_end_column(0x01)
     303                      .dwendentry
     304                      .dwendtag $C$DW$29
     305              
     306 00000013               .sect   ".text"
     307                      .clink
     308                      .global ||Device_enableAllPeripherals||
     309              
     310              $C$DW$31        .dwtag  DW_TAG_subprogram
     311                      .dwattr $C$DW$31, DW_AT_name("Device_enableAllPeripherals")
     312                      .dwattr $C$DW$31, DW_AT_low_pc(||Device_enableAllPeripherals||)
     313                      .dwattr $C$DW$31, DW_AT_high_pc(0x00)
     314                      .dwattr $C$DW$31, DW_AT_linkage_name("Device_enableAllPeripherals")
     315                      .dwattr $C$DW$31, DW_AT_external
     316                      .dwattr $C$DW$31, DW_AT_decl_file("../device/device.c")
     317                      .dwattr $C$DW$31, DW_AT_decl_line(0x9c)
     318                      .dwattr $C$DW$31, DW_AT_decl_column(0x06)
     319                      .dwattr $C$DW$31, DW_AT_TI_max_frame_size(-2)
     320                      .dwpsn  file "../device/device.c",line 157,column 1,is_stmt,address ||Device_enableAllPeripherals||,i
     321              
     322                      .dwfde $C$DW$CIE, ||Device_enableAllPeripherals||
TMS320C2000 Assembler PC v22.6.2 Tue Nov 18 13:15:20 2025

Copyright (c) 1996-2018 Texas Instruments Incorporated
device.asm                                                           PAGE    7

     323              
     324              ;***************************************************************
     325              ;* FNAME: Device_enableAllPeripherals   FR SIZE:   0           *
     326              ;*                                                             *
     327              ;* FUNCTION ENVIRONMENT                                        *
     328              ;*                                                             *
     329              ;* FUNCTION PROPERTIES                                         *
     330              ;*                            0 Parameter,  0 Auto,  0 SOE     *
     331              ;***************************************************************
     332              
     333 00000013       ||Device_enableAllPeripherals||:
     334                      .dwcfi  cfa_offset, -2
     335                      .dwcfi  save_reg_to_mem, 26, 0
     336                      .dwpsn  file "C:\SIMPLIS simulation\ANPC Final Version\anpc-3layer\TMS320F280049C\device\driverlib\sy
     337 00000013 7622          EALLOW    ; [CPU_ALU] |855| 
     338                      .dwpsn  file "C:\SIMPLIS simulation\ANPC Final Version\anpc-3layer\TMS320F280049C\device\driverlib\sy
     339 00000014 0201          MOVB      ACC,#1                ; [CPU_ALU] |860| 
     340 00000015 8F05          MOVL      XAR4,#381730          ; [CPU_ARAU] |860| 
         00000016 D322 
     341 00000017 98C4          OR        *+XAR4[0],AL          ; [CPU_ALU] |860| 
     342 00000018 99CC          OR        *+XAR4[1],AH          ; [CPU_ALU] |860| 
     343 00000019 0204          MOVB      ACC,#4                ; [CPU_ALU] |860| 
     344 0000001a 98C4          OR        *+XAR4[0],AL          ; [CPU_ALU] |860| 
     345 0000001b 99CC          OR        *+XAR4[1],AH          ; [CPU_ALU] |860| 
     346 0000001c 0208          MOVB      ACC,#8                ; [CPU_ALU] |860| 
     347 0000001d 98C4          OR        *+XAR4[0],AL          ; [CPU_ALU] |860| 
     348 0000001e 99CC          OR        *+XAR4[1],AH          ; [CPU_ALU] |860| 
     349 0000001f 0210          MOVB      ACC,#16               ; [CPU_ALU] |860| 
     350 00000020 98C4          OR        *+XAR4[0],AL          ; [CPU_ALU] |860| 
     351 00000021 99CC          OR        *+XAR4[1],AH          ; [CPU_ALU] |860| 
     352 00000022 0220          MOVB      ACC,#32               ; [CPU_ALU] |860| 
     353 00000023 98C4          OR        *+XAR4[0],AL          ; [CPU_ALU] |860| 
     354 00000024 99CC          OR        *+XAR4[1],AH          ; [CPU_ALU] |860| 
     355 00000025 06C4          MOVL      ACC,*+XAR4[0]         ; [CPU_ALU] |860| 
     356 00000026 5101          OR        AH,#1                 ; [CPU_ALU] |860| 
     357 00000027 1EC4          MOVL      *+XAR4[0],ACC         ; [CPU_ALU] |860| 
     358 00000028 06C4          MOVL      ACC,*+XAR4[0]         ; [CPU_ALU] |860| 
     359 00000029 5104          OR        AH,#4                 ; [CPU_ALU] |860| 
     360 0000002a 1EC4          MOVL      *+XAR4[0],ACC         ; [CPU_ALU] |860| 
     361 0000002b 0201          MOVB      ACC,#1                ; [CPU_ALU] |860| 
     362 0000002c 8F05          MOVL      XAR4,#381734          ; [CPU_ARAU] |860| 
         0000002d D326 
     363 0000002e 98C4          OR        *+XAR4[0],AL          ; [CPU_ALU] |860| 
     364 0000002f 99CC          OR        *+XAR4[1],AH          ; [CPU_ALU] |860| 
     365 00000030 0202          MOVB      ACC,#2                ; [CPU_ALU] |860| 
     366 00000031 98C4          OR        *+XAR4[0],AL          ; [CPU_ALU] |860| 
     367 00000032 99CC          OR        *+XAR4[1],AH          ; [CPU_ALU] |860| 
     368 00000033 0204          MOVB      ACC,#4                ; [CPU_ALU] |860| 
     369 00000034 98C4          OR        *+XAR4[0],AL          ; [CPU_ALU] |860| 
     370 00000035 99CC          OR        *+XAR4[1],AH          ; [CPU_ALU] |860| 
     371 00000036 0208          MOVB      ACC,#8                ; [CPU_ALU] |860| 
     372 00000037 98C4          OR        *+XAR4[0],AL          ; [CPU_ALU] |860| 
     373 00000038 99CC          OR        *+XAR4[1],AH          ; [CPU_ALU] |860| 
     374 00000039 0210          MOVB      ACC,#16               ; [CPU_ALU] |860| 
     375 0000003a 98C4          OR        *+XAR4[0],AL          ; [CPU_ALU] |860| 
TMS320C2000 Assembler PC v22.6.2 Tue Nov 18 13:15:20 2025

Copyright (c) 1996-2018 Texas Instruments Incorporated
device.asm                                                           PAGE    8

     376 0000003b 99CC          OR        *+XAR4[1],AH          ; [CPU_ALU] |860| 
     377 0000003c 0220          MOVB      ACC,#32               ; [CPU_ALU] |860| 
     378 0000003d 98C4          OR        *+XAR4[0],AL          ; [CPU_ALU] |860| 
     379 0000003e 99CC          OR        *+XAR4[1],AH          ; [CPU_ALU] |860| 
     380 0000003f 0240          MOVB      ACC,#64               ; [CPU_ALU] |860| 
     381 00000040 98C4          OR        *+XAR4[0],AL          ; [CPU_ALU] |860| 
     382 00000041 99CC          OR        *+XAR4[1],AH          ; [CPU_ALU] |860| 
     383 00000042 0280          MOVB      ACC,#128              ; [CPU_ALU] |860| 
     384 00000043 98C4          OR        *+XAR4[0],AL          ; [CPU_ALU] |860| 
     385 00000044 99CC          OR        *+XAR4[1],AH          ; [CPU_ALU] |860| 
     386 00000045 0201          MOVB      ACC,#1                ; [CPU_ALU] |860| 
     387 00000046 8F05          MOVL      XAR4,#381736          ; [CPU_ARAU] |860| 
         00000047 D328 
     388 00000048 98C4          OR        *+XAR4[0],AL          ; [CPU_ALU] |860| 
     389 00000049 99CC          OR        *+XAR4[1],AH          ; [CPU_ALU] |860| 
     390 0000004a 0202          MOVB      ACC,#2                ; [CPU_ALU] |860| 
     391 0000004b 98C4          OR        *+XAR4[0],AL          ; [CPU_ALU] |860| 
     392 0000004c 99CC          OR        *+XAR4[1],AH          ; [CPU_ALU] |860| 
     393 0000004d 0204          MOVB      ACC,#4                ; [CPU_ALU] |860| 
     394 0000004e 98C4          OR        *+XAR4[0],AL          ; [CPU_ALU] |860| 
     395 0000004f 99CC          OR        *+XAR4[1],AH          ; [CPU_ALU] |860| 
     396 00000050 0208          MOVB      ACC,#8                ; [CPU_ALU] |860| 
     397 00000051 98C4          OR        *+XAR4[0],AL          ; [CPU_ALU] |860| 
     398 00000052 99CC          OR        *+XAR4[1],AH          ; [CPU_ALU] |860| 
     399 00000053 0210          MOVB      ACC,#16               ; [CPU_ALU] |860| 
     400 00000054 98C4          OR        *+XAR4[0],AL          ; [CPU_ALU] |860| 
     401 00000055 99CC          OR        *+XAR4[1],AH          ; [CPU_ALU] |860| 
     402 00000056 0220          MOVB      ACC,#32               ; [CPU_ALU] |860| 
     403 00000057 98C4          OR        *+XAR4[0],AL          ; [CPU_ALU] |860| 
     404 00000058 99CC          OR        *+XAR4[1],AH          ; [CPU_ALU] |860| 
     405 00000059 0240          MOVB      ACC,#64               ; [CPU_ALU] |860| 
     406 0000005a 98C4          OR        *+XAR4[0],AL          ; [CPU_ALU] |860| 
     407 0000005b 99CC          OR        *+XAR4[1],AH          ; [CPU_ALU] |860| 
     408 0000005c 0201          MOVB      ACC,#1                ; [CPU_ALU] |860| 
     409 0000005d 8F05          MOVL      XAR4,#381738          ; [CPU_ARAU] |860| 
         0000005e D32A 
     410 0000005f 98C4          OR        *+XAR4[0],AL          ; [CPU_ALU] |860| 
     411 00000060 99CC          OR        *+XAR4[1],AH          ; [CPU_ALU] |860| 
     412 00000061 0202          MOVB      ACC,#2                ; [CPU_ALU] |860| 
     413 00000062 98C4          OR        *+XAR4[0],AL          ; [CPU_ALU] |860| 
     414 00000063 99CC          OR        *+XAR4[1],AH          ; [CPU_ALU] |860| 
     415 00000064 0201          MOVB      ACC,#1                ; [CPU_ALU] |860| 
     416 00000065 8F05          MOVL      XAR4,#381742          ; [CPU_ARAU] |860| 
         00000066 D32E 
     417 00000067 98C4          OR        *+XAR4[0],AL          ; [CPU_ALU] |860| 
     418 00000068 99CC          OR        *+XAR4[1],AH          ; [CPU_ALU] |860| 
     419 00000069 8F05          MOVL      XAR4,#381744          ; [CPU_ARAU] |860| 
         0000006a D330 
     420 0000006b 98C4          OR        *+XAR4[0],AL          ; [CPU_ALU] |860| 
     421 0000006c 99CC          OR        *+XAR4[1],AH          ; [CPU_ALU] |860| 
     422 0000006d 0202          MOVB      ACC,#2                ; [CPU_ALU] |860| 
     423 0000006e 98C4          OR        *+XAR4[0],AL          ; [CPU_ALU] |860| 
     424 0000006f 99CC          OR        *+XAR4[1],AH          ; [CPU_ALU] |860| 
     425 00000070 0201          MOVB      ACC,#1                ; [CPU_ALU] |860| 
     426 00000071 8F05          MOVL      XAR4,#381746          ; [CPU_ARAU] |860| 
TMS320C2000 Assembler PC v22.6.2 Tue Nov 18 13:15:20 2025

Copyright (c) 1996-2018 Texas Instruments Incorporated
device.asm                                                           PAGE    9

         00000072 D332 
     427 00000073 98C4          OR        *+XAR4[0],AL          ; [CPU_ALU] |860| 
     428 00000074 99CC          OR        *+XAR4[1],AH          ; [CPU_ALU] |860| 
     429 00000075 0202          MOVB      ACC,#2                ; [CPU_ALU] |860| 
     430 00000076 98C4          OR        *+XAR4[0],AL          ; [CPU_ALU] |860| 
     431 00000077 99CC          OR        *+XAR4[1],AH          ; [CPU_ALU] |860| 
     432 00000078 0201          MOVB      ACC,#1                ; [CPU_ALU] |860| 
     433 00000079 8F05          MOVL      XAR4,#381748          ; [CPU_ARAU] |860| 
         0000007a D334 
     434 0000007b 98C4          OR        *+XAR4[0],AL          ; [CPU_ALU] |860| 
     435 0000007c 99CC          OR        *+XAR4[1],AH          ; [CPU_ALU] |860| 
     436 0000007d 8F05          MOVL      XAR4,#381750          ; [CPU_ARAU] |860| 
         0000007e D336 
     437 0000007f 98C4          OR        *+XAR4[0],AL          ; [CPU_ALU] |860| 
     438 00000080 99CC          OR        *+XAR4[1],AH          ; [CPU_ALU] |860| 
     439 00000081 0202          MOVB      ACC,#2                ; [CPU_ALU] |860| 
     440 00000082 98C4          OR        *+XAR4[0],AL          ; [CPU_ALU] |860| 
     441 00000083 99CC          OR        *+XAR4[1],AH          ; [CPU_ALU] |860| 
     442 00000084 0201          MOVB      ACC,#1                ; [CPU_ALU] |860| 
     443 00000085 8F05          MOVL      XAR4,#381756          ; [CPU_ARAU] |860| 
         00000086 D33C 
     444 00000087 98C4          OR        *+XAR4[0],AL          ; [CPU_ALU] |860| 
     445 00000088 99CC          OR        *+XAR4[1],AH          ; [CPU_ALU] |860| 
     446 00000089 0202          MOVB      ACC,#2                ; [CPU_ALU] |860| 
     447 0000008a 98C4          OR        *+XAR4[0],AL          ; [CPU_ALU] |860| 
     448 0000008b 99CC          OR        *+XAR4[1],AH          ; [CPU_ALU] |860| 
     449 0000008c 0204          MOVB      ACC,#4                ; [CPU_ALU] |860| 
     450 0000008d 98C4          OR        *+XAR4[0],AL          ; [CPU_ALU] |860| 
     451 0000008e 99CC          OR        *+XAR4[1],AH          ; [CPU_ALU] |860| 
     452 0000008f 0201          MOVB      ACC,#1                ; [CPU_ALU] |860| 
     453 00000090 8F05          MOVL      XAR4,#381758          ; [CPU_ARAU] |860| 
         00000091 D33E 
     454 00000092 98C4          OR        *+XAR4[0],AL          ; [CPU_ALU] |860| 
     455 00000093 99CC          OR        *+XAR4[1],AH          ; [CPU_ALU] |860| 
     456 00000094 0202          MOVB      ACC,#2                ; [CPU_ALU] |860| 
     457 00000095 98C4          OR        *+XAR4[0],AL          ; [CPU_ALU] |860| 
     458 00000096 99CC          OR        *+XAR4[1],AH          ; [CPU_ALU] |860| 
     459 00000097 0204          MOVB      ACC,#4                ; [CPU_ALU] |860| 
     460 00000098 98C4          OR        *+XAR4[0],AL          ; [CPU_ALU] |860| 
     461 00000099 99CC          OR        *+XAR4[1],AH          ; [CPU_ALU] |860| 
     462 0000009a 0208          MOVB      ACC,#8                ; [CPU_ALU] |860| 
     463 0000009b 98C4          OR        *+XAR4[0],AL          ; [CPU_ALU] |860| 
     464 0000009c 99CC          OR        *+XAR4[1],AH          ; [CPU_ALU] |860| 
     465 0000009d 0210          MOVB      ACC,#16               ; [CPU_ALU] |860| 
     466 0000009e 98C4          OR        *+XAR4[0],AL          ; [CPU_ALU] |860| 
     467 0000009f 99CC          OR        *+XAR4[1],AH          ; [CPU_ALU] |860| 
     468 000000a0 0220          MOVB      ACC,#32               ; [CPU_ALU] |860| 
     469 000000a1 98C4          OR        *+XAR4[0],AL          ; [CPU_ALU] |860| 
     470 000000a2 99CC          OR        *+XAR4[1],AH          ; [CPU_ALU] |860| 
     471 000000a3 0240          MOVB      ACC,#64               ; [CPU_ALU] |860| 
     472 000000a4 98C4          OR        *+XAR4[0],AL          ; [CPU_ALU] |860| 
     473 000000a5 99CC          OR        *+XAR4[1],AH          ; [CPU_ALU] |860| 
     474 000000a6 0201          MOVB      ACC,#1                ; [CPU_ALU] |860| 
     475 000000a7 8F05          MOVL      XAR4,#381760          ; [CPU_ARAU] |860| 
         000000a8 D340 
TMS320C2000 Assembler PC v22.6.2 Tue Nov 18 13:15:20 2025

Copyright (c) 1996-2018 Texas Instruments Incorporated
device.asm                                                           PAGE   10

     476 000000a9 98C4          OR        *+XAR4[0],AL          ; [CPU_ALU] |860| 
     477 000000aa 99CC          OR        *+XAR4[1],AH          ; [CPU_ALU] |860| 
     478 000000ab 0202          MOVB      ACC,#2                ; [CPU_ALU] |860| 
     479 000000ac 98C4          OR        *+XAR4[0],AL          ; [CPU_ALU] |860| 
     480 000000ad 99CC          OR        *+XAR4[1],AH          ; [CPU_ALU] |860| 
     481 000000ae 0204          MOVB      ACC,#4                ; [CPU_ALU] |860| 
     482 000000af 98C4          OR        *+XAR4[0],AL          ; [CPU_ALU] |860| 
     483 000000b0 99CC          OR        *+XAR4[1],AH          ; [CPU_ALU] |860| 
     484 000000b1 0208          MOVB      ACC,#8                ; [CPU_ALU] |860| 
     485 000000b2 98C4          OR        *+XAR4[0],AL          ; [CPU_ALU] |860| 
     486 000000b3 99CC          OR        *+XAR4[1],AH          ; [CPU_ALU] |860| 
     487 000000b4 0210          MOVB      ACC,#16               ; [CPU_ALU] |860| 
     488 000000b5 98C4          OR        *+XAR4[0],AL          ; [CPU_ALU] |860| 
     489 000000b6 99CC          OR        *+XAR4[1],AH          ; [CPU_ALU] |860| 
     490 000000b7 0220          MOVB      ACC,#32               ; [CPU_ALU] |860| 
     491 000000b8 98C4          OR        *+XAR4[0],AL          ; [CPU_ALU] |860| 
     492 000000b9 99CC          OR        *+XAR4[1],AH          ; [CPU_ALU] |860| 
     493 000000ba 0240          MOVB      ACC,#64               ; [CPU_ALU] |860| 
     494 000000bb 98C4          OR        *+XAR4[0],AL          ; [CPU_ALU] |860| 
     495 000000bc 99CC          OR        *+XAR4[1],AH          ; [CPU_ALU] |860| 
     496 000000bd 8F05          MOVL      XAR4,#381762          ; [CPU_ARAU] |860| 
         000000be D342 
     497 000000bf 06C4          MOVL      ACC,*+XAR4[0]         ; [CPU_ALU] |860| 
     498 000000c0 5101          OR        AH,#1                 ; [CPU_ALU] |860| 
     499 000000c1 1EC4          MOVL      *+XAR4[0],ACC         ; [CPU_ALU] |860| 
     500 000000c2 06C4          MOVL      ACC,*+XAR4[0]         ; [CPU_ALU] |860| 
     501 000000c3 5102          OR        AH,#2                 ; [CPU_ALU] |860| 
     502 000000c4 1EC4          MOVL      *+XAR4[0],ACC         ; [CPU_ALU] |860| 
     503 000000c5 0201          MOVB      ACC,#1                ; [CPU_ALU] |860| 
     504 000000c6 8F05          MOVL      XAR4,#381768          ; [CPU_ARAU] |860| 
         000000c7 D348 
     505 000000c8 98C4          OR        *+XAR4[0],AL          ; [CPU_ALU] |860| 
     506 000000c9 99CC          OR        *+XAR4[1],AH          ; [CPU_ALU] |860| 
     507 000000ca 8F05          MOVL      XAR4,#381770          ; [CPU_ARAU] |860| 
         000000cb D34A 
     508 000000cc 98C4          OR        *+XAR4[0],AL          ; [CPU_ALU] |860| 
     509 000000cd 99CC          OR        *+XAR4[1],AH          ; [CPU_ALU] |860| 
     510 000000ce 8F05          MOVL      XAR4,#381766          ; [CPU_ARAU] |860| 
         000000cf D346 
     511 000000d0 98C4          OR        *+XAR4[0],AL          ; [CPU_ALU] |860| 
     512 000000d1 99CC          OR        *+XAR4[1],AH          ; [CPU_ALU] |860| 
     513 000000d2 0202          MOVB      ACC,#2                ; [CPU_ALU] |860| 
     514 000000d3 98C4          OR        *+XAR4[0],AL          ; [CPU_ALU] |860| 
     515 000000d4 99CC          OR        *+XAR4[1],AH          ; [CPU_ALU] |860| 
     516 000000d5 0201          MOVB      ACC,#1                ; [CPU_ALU] |860| 
     517 000000d6 8F05          MOVL      XAR4,#381764          ; [CPU_ARAU] |860| 
         000000d7 D344 
     518 000000d8 98C4          OR        *+XAR4[0],AL          ; [CPU_ALU] |860| 
     519 000000d9 99CC          OR        *+XAR4[1],AH          ; [CPU_ALU] |860| 
     520 000000da 0202          MOVB      ACC,#2                ; [CPU_ALU] |860| 
     521 000000db 98C4          OR        *+XAR4[0],AL          ; [CPU_ALU] |860| 
     522 000000dc 99CC          OR        *+XAR4[1],AH          ; [CPU_ALU] |860| 
     523 000000dd 0204          MOVB      ACC,#4                ; [CPU_ALU] |860| 
     524 000000de 98C4          OR        *+XAR4[0],AL          ; [CPU_ALU] |860| 
     525 000000df 99CC          OR        *+XAR4[1],AH          ; [CPU_ALU] |860| 
TMS320C2000 Assembler PC v22.6.2 Tue Nov 18 13:15:20 2025

Copyright (c) 1996-2018 Texas Instruments Incorporated
device.asm                                                           PAGE   11

     526 000000e0 0208          MOVB      ACC,#8                ; [CPU_ALU] |860| 
     527 000000e1 98C4          OR        *+XAR4[0],AL          ; [CPU_ALU] |860| 
     528 000000e2 99CC          OR        *+XAR4[1],AH          ; [CPU_ALU] |860| 
     529 000000e3 0201          MOVB      ACC,#1                ; [CPU_ALU] |860| 
     530 000000e4 8F05          MOVL      XAR4,#381772          ; [CPU_ARAU] |860| 
         000000e5 D34C 
     531 000000e6 98C4          OR        *+XAR4[0],AL          ; [CPU_ALU] |860| 
     532 000000e7 99CC          OR        *+XAR4[1],AH          ; [CPU_ALU] |860| 
     533                      .dwpsn  file "C:\SIMPLIS simulation\ANPC Final Version\anpc-3layer\TMS320F280049C\device\driverlib\sy
     534 000000e8 761A          EDIS      ; [CPU_ALU] |861| 
     535              $C$DW$32        .dwtag  DW_TAG_TI_branch
     536                      .dwattr $C$DW$32, DW_AT_low_pc(0x00)
     537                      .dwattr $C$DW$32, DW_AT_TI_return
     538              
     539 000000e9 0006          LRETR     ; [CPU_ALU] 
     540                      ; return occurs ; [] 
     541                      .dwattr $C$DW$31, DW_AT_TI_end_file("../device/device.c")
     542                      .dwattr $C$DW$31, DW_AT_TI_end_line(0xea)
     543                      .dwattr $C$DW$31, DW_AT_TI_end_column(0x01)
     544                      .dwendentry
     545                      .dwendtag $C$DW$31
     546              
     547 000000ea               .sect   ".text"
     548                      .clink
     549                      .global ||Device_init||
     550              
     551              $C$DW$33        .dwtag  DW_TAG_subprogram
     552                      .dwattr $C$DW$33, DW_AT_name("Device_init")
     553                      .dwattr $C$DW$33, DW_AT_low_pc(||Device_init||)
     554                      .dwattr $C$DW$33, DW_AT_high_pc(0x00)
     555                      .dwattr $C$DW$33, DW_AT_linkage_name("Device_init")
     556                      .dwattr $C$DW$33, DW_AT_external
     557                      .dwattr $C$DW$33, DW_AT_decl_file("../device/device.c")
     558                      .dwattr $C$DW$33, DW_AT_decl_line(0x43)
     559                      .dwattr $C$DW$33, DW_AT_decl_column(0x06)
     560                      .dwattr $C$DW$33, DW_AT_TI_max_frame_size(-4)
     561                      .dwpsn  file "../device/device.c",line 68,column 1,is_stmt,address ||Device_init||,isa 0
     562              
     563                      .dwfde $C$DW$CIE, ||Device_init||
     564              
     565              ;***************************************************************
     566              ;* FNAME: Device_init                   FR SIZE:   2           *
     567              ;*                                                             *
     568              ;* FUNCTION ENVIRONMENT                                        *
     569              ;*                                                             *
     570              ;* FUNCTION PROPERTIES                                         *
     571              ;*                            2 Parameter,  0 Auto,  0 SOE     *
     572              ;***************************************************************
     573              
     574 000000ea       ||Device_init||:
     575                      .dwcfi  cfa_offset, -2
     576                      .dwcfi  save_reg_to_mem, 26, 0
     577 000000ea FE02          ADDB      SP,#2                 ; [CPU_ARAU] 
     578                      .dwcfi  cfa_offset, -4
     579                      .dwpsn  file "C:\SIMPLIS simulation\ANPC Final Version\anpc-3layer\TMS320F280049C\device\driverlib\sy
TMS320C2000 Assembler PC v22.6.2 Tue Nov 18 13:15:20 2025

Copyright (c) 1996-2018 Texas Instruments Incorporated
device.asm                                                           PAGE   12

     580 000000eb 7622          EALLOW    ; [CPU_ALU] |1569| 
     581                      .dwpsn  file "C:\SIMPLIS simulation\ANPC Final Version\anpc-3layer\TMS320F280049C\device\driverlib\sy
     582 000000ec F5A9          MOV       AL,*(0:0x7029)        ; [CPU_ALU] |1574| 
         000000ed 7029 
     583 000000ee 5068          ORB       AL,#0x68              ; [CPU_ALU] |1574| 
     584 000000ef F4A9          MOV       *(0:0x7029),AL        ; [CPU_ALU] |1574| 
         000000f0 7029 
     585                      .dwpsn  file "C:\SIMPLIS simulation\ANPC Final Version\anpc-3layer\TMS320F280049C\device\driverlib\sy
     586 000000f1 761A          EDIS      ; [CPU_ALU] |1576| 
     587                      .dwpsn  file "../device/device.c",line 82,column 5,is_stmt,isa 0
     588 000000f2 8F40!         MOVL      XAR5,#||RamfuncsLoadStart|| ; [CPU_ARAU] |82| 
         000000f3 0000 
     589 000000f4 28A8!         MOV       AH,#$HI16(||RamfuncsLoadSize||) + 0 ; [CPU_ALU] |82| 
         000000f5 0000 
     590 000000f6 8F00!         MOVL      XAR4,#||RamfuncsRunStart|| ; [CPU_ARAU] |82| 
         000000f7 0000 
     591 000000f8 28A9!         MOV       AL,#$LO16(||RamfuncsLoadSize||) + 0 ; [CPU_ALU] |82| 
         000000f9 0000 
     592              $C$DW$34        .dwtag  DW_TAG_TI_branch
     593                      .dwattr $C$DW$34, DW_AT_low_pc(0x00)
     594                      .dwattr $C$DW$34, DW_AT_name("memcpy")
     595                      .dwattr $C$DW$34, DW_AT_TI_call
     596              
     597 000000fa 7640!         LCR       #||memcpy||           ; [CPU_ALU] |82| 
         000000fb 0000 
     598                      ; call occurs [#||memcpy||] ; [] |82| 
     599                      .dwpsn  file "../device/device.c",line 88,column 5,is_stmt,isa 0
     600 000000fc 8F05          MOVL      XAR4,#391936          ; [CPU_ARAU] |88| 
         000000fd FB00 
     601 000000fe 8F45          MOVL      XAR5,#391168          ; [CPU_ARAU] |88| 
         000000ff F800 
     602 00000100 A842          MOVL      *-SP[2],XAR4          ; [CPU_ALU] |88| 
     603 00000101 A0A9          MOVL      ACC,XAR5              ; [CPU_ALU] |88| 
     604 00000102 D404          MOVB      XAR4,#4               ; [CPU_ALU] |88| 
     605              $C$DW$35        .dwtag  DW_TAG_TI_branch
     606                      .dwattr $C$DW$35, DW_AT_low_pc(0x00)
     607                      .dwattr $C$DW$35, DW_AT_name("Flash_initModule")
     608                      .dwattr $C$DW$35, DW_AT_TI_call
     609              
     610 00000103 7640!         LCR       #||Flash_initModule|| ; [CPU_ALU] |88| 
         00000104 0000 
     611                      ; call occurs [#||Flash_initModule||] ; [] |88| 
     612                      .dwpsn  file "../device/device.c",line 94,column 5,is_stmt,isa 0
     613 00000105 28A9          MOV       AL,#16524             ; [CPU_ALU] |94| 
         00000106 408C 
     614 00000107 28A8          MOV       AH,#32769             ; [CPU_ALU] |94| 
         00000108 8001 
     615              $C$DW$36        .dwtag  DW_TAG_TI_branch
     616                      .dwattr $C$DW$36, DW_AT_low_pc(0x00)
     617                      .dwattr $C$DW$36, DW_AT_name("SysCtl_setClock")
     618                      .dwattr $C$DW$36, DW_AT_TI_call
     619              
     620 00000109 7640!         LCR       #||SysCtl_setClock||  ; [CPU_ALU] |94| 
         0000010a 0000 
     621                      ; call occurs [#||SysCtl_setClock||] ; [] |94| 
TMS320C2000 Assembler PC v22.6.2 Tue Nov 18 13:15:20 2025

Copyright (c) 1996-2018 Texas Instruments Incorporated
device.asm                                                           PAGE   13

     622                      .dwpsn  file "C:\SIMPLIS simulation\ANPC Final Version\anpc-3layer\TMS320F280049C\device\driverlib\sy
     623 0000010b 7622          EALLOW    ; [CPU_ALU] |1046| 
     624                      .dwpsn  file "C:\SIMPLIS simulation\ANPC Final Version\anpc-3layer\TMS320F280049C\device\driverlib\sy
     625 0000010c 8F05          MOVL      XAR4,#381484          ; [CPU_ARAU] |1047| 
         0000010d D22C 
     626 0000010e 06C4          MOVL      ACC,*+XAR4[0]         ; [CPU_ALU] |1047| 
     627 0000010f 18A9          AND       AL,#65528             ; [CPU_ALU] |1047| 
         00000110 FFF8 
     628 00000111 5002          ORB       AL,#0x02              ; [CPU_ALU] |1047| 
     629 00000112 1EC4          MOVL      *+XAR4[0],ACC         ; [CPU_ALU] |1047| 
     630                      .dwpsn  file "C:\SIMPLIS simulation\ANPC Final Version\anpc-3layer\TMS320F280049C\device\driverlib\sy
     631 00000113 761A          EDIS      ; [CPU_ALU] |1050| 
     632                      .dwpsn  file "../device/device.c",line 126,column 5,is_stmt,isa 0
     633              $C$DW$37        .dwtag  DW_TAG_TI_branch
     634                      .dwattr $C$DW$37, DW_AT_low_pc(0x00)
     635                      .dwattr $C$DW$37, DW_AT_name("Device_enableAllPeripherals")
     636                      .dwattr $C$DW$37, DW_AT_TI_call
     637              
     638 00000114 7640!         LCR       #||Device_enableAllPeripherals|| ; [CPU_ALU] |126| 
         00000115 0000 
     639                      ; call occurs [#||Device_enableAllPeripherals||] ; [] |126| 
     640                      .dwpsn  file "C:/SIMPLIS simulation/ANPC Final Version/anpc-3layer/TMS320F280049C/device/driverlib/as
     641 00000116 7622          EALLOW    ; [CPU_ALU] |405| 
     642 00000117 2901          CLRC      SXM                   ; [CPU_ALU] 
     643                      .dwpsn  file "C:/SIMPLIS simulation/ANPC Final Version/anpc-3layer/TMS320F280049C/device/driverlib/as
     644 00000118 8F05          MOVL      XAR4,#382840          ; [CPU_ARAU] |410| 
         00000119 D778 
     645 0000011a FF20          MOV       ACC,#65534            ; [CPU_ALU] |410| 
         0000011b FFFE 
     646 0000011c C0C4          AND       *+XAR4[0],AL          ; [CPU_ALU] |410| 
     647 0000011d 92A8          MOV       AL,AH                 ; [CPU_ALU] |410| 
     648 0000011e C0CC          AND       *+XAR4[1],AL          ; [CPU_ALU] |410| 
     649                      .dwpsn  file "C:/SIMPLIS simulation/ANPC Final Version/anpc-3layer/TMS320F280049C/device/driverlib/as
     650 0000011f FF20          MOV       ACC,#1599             ; [CPU_ALU] |415| 
         00000120 063F 
     651              $C$DW$38        .dwtag  DW_TAG_TI_branch
     652                      .dwattr $C$DW$38, DW_AT_low_pc(0x00)
     653                      .dwattr $C$DW$38, DW_AT_name("SysCtl_delay")
     654                      .dwattr $C$DW$38, DW_AT_TI_call
     655              
     656 00000121 7640!         LCR       #||SysCtl_delay||     ; [CPU_ALU] |415| 
         00000122 0000 
     657                      ; call occurs [#||SysCtl_delay||] ; [] |415| 
     658                      .dwpsn  file "C:/SIMPLIS simulation/ANPC Final Version/anpc-3layer/TMS320F280049C/device/driverlib/as
     659 00000123 761A          EDIS      ; [CPU_ALU] |417| 
     660                      .dwpsn  file "../device/device.c",line 136,column 5,is_stmt,isa 0
     661 00000124 0200          MOVB      ACC,#0                ; [CPU_ALU] |136| 
     662 00000125 1E42          MOVL      *-SP[2],ACC           ; [CPU_ALU] |136| 
     663 00000126 0216          MOVB      ACC,#22               ; [CPU_ALU] |136| 
     664              $C$DW$39        .dwtag  DW_TAG_TI_branch
     665                      .dwattr $C$DW$39, DW_AT_low_pc(0x00)
     666                      .dwattr $C$DW$39, DW_AT_name("GPIO_setPadConfig")
     667                      .dwattr $C$DW$39, DW_AT_TI_call
     668              
     669 00000127 7640!         LCR       #||GPIO_setPadConfig|| ; [CPU_ALU] |136| 
TMS320C2000 Assembler PC v22.6.2 Tue Nov 18 13:15:20 2025

Copyright (c) 1996-2018 Texas Instruments Incorporated
device.asm                                                           PAGE   14

         00000128 0000 
     670                      ; call occurs [#||GPIO_setPadConfig||] ; [] |136| 
     671                      .dwpsn  file "../device/device.c",line 137,column 5,is_stmt,isa 0
     672 00000129 0200          MOVB      ACC,#0                ; [CPU_ALU] |137| 
     673 0000012a 1E42          MOVL      *-SP[2],ACC           ; [CPU_ALU] |137| 
     674 0000012b 0217          MOVB      ACC,#23               ; [CPU_ALU] |137| 
     675              $C$DW$40        .dwtag  DW_TAG_TI_branch
     676                      .dwattr $C$DW$40, DW_AT_low_pc(0x00)
     677                      .dwattr $C$DW$40, DW_AT_name("GPIO_setPadConfig")
     678                      .dwattr $C$DW$40, DW_AT_TI_call
     679              
     680 0000012c 7640!         LCR       #||GPIO_setPadConfig|| ; [CPU_ALU] |137| 
         0000012d 0000 
     681                      ; call occurs [#||GPIO_setPadConfig||] ; [] |137| 
     682                      .dwpsn  file "../device/device.c",line 138,column 5,is_stmt,isa 0
     683 0000012e D401          MOVB      XAR4,#1               ; [CPU_ALU] |138| 
     684 0000012f 0216          MOVB      ACC,#22               ; [CPU_ALU] |138| 
     685              $C$DW$41        .dwtag  DW_TAG_TI_branch
     686                      .dwattr $C$DW$41, DW_AT_low_pc(0x00)
     687                      .dwattr $C$DW$41, DW_AT_name("GPIO_setDirectionMode")
     688                      .dwattr $C$DW$41, DW_AT_TI_call
     689              
     690 00000130 7640!         LCR       #||GPIO_setDirectionMode|| ; [CPU_ALU] |138| 
         00000131 0000 
     691                      ; call occurs [#||GPIO_setDirectionMode||] ; [] |138| 
     692                      .dwpsn  file "../device/device.c",line 139,column 5,is_stmt,isa 0
     693 00000132 D401          MOVB      XAR4,#1               ; [CPU_ALU] |139| 
     694 00000133 0217          MOVB      ACC,#23               ; [CPU_ALU] |139| 
     695              $C$DW$42        .dwtag  DW_TAG_TI_branch
     696                      .dwattr $C$DW$42, DW_AT_low_pc(0x00)
     697                      .dwattr $C$DW$42, DW_AT_name("GPIO_setDirectionMode")
     698                      .dwattr $C$DW$42, DW_AT_TI_call
     699              
     700 00000134 7640!         LCR       #||GPIO_setDirectionMode|| ; [CPU_ALU] |139| 
         00000135 0000 
     701                      ; call occurs [#||GPIO_setDirectionMode||] ; [] |139| 
     702                      .dwpsn  file "../device/device.c",line 144,column 5,is_stmt,isa 0
     703 00000136 D400          MOVB      XAR4,#0               ; [CPU_ALU] |144| 
     704 00000137 0216          MOVB      ACC,#22               ; [CPU_ALU] |144| 
     705              $C$DW$43        .dwtag  DW_TAG_TI_branch
     706                      .dwattr $C$DW$43, DW_AT_low_pc(0x00)
     707                      .dwattr $C$DW$43, DW_AT_name("GPIO_setAnalogMode")
     708                      .dwattr $C$DW$43, DW_AT_TI_call
     709              
     710 00000138 7640!         LCR       #||GPIO_setAnalogMode|| ; [CPU_ALU] |144| 
         00000139 0000 
     711                      ; call occurs [#||GPIO_setAnalogMode||] ; [] |144| 
     712                      .dwpsn  file "../device/device.c",line 145,column 5,is_stmt,isa 0
     713 0000013a D400          MOVB      XAR4,#0               ; [CPU_ALU] |145| 
     714 0000013b 0217          MOVB      ACC,#23               ; [CPU_ALU] |145| 
     715              $C$DW$44        .dwtag  DW_TAG_TI_branch
     716                      .dwattr $C$DW$44, DW_AT_low_pc(0x00)
     717                      .dwattr $C$DW$44, DW_AT_name("GPIO_setAnalogMode")
     718                      .dwattr $C$DW$44, DW_AT_TI_call
     719              
TMS320C2000 Assembler PC v22.6.2 Tue Nov 18 13:15:20 2025

Copyright (c) 1996-2018 Texas Instruments Incorporated
device.asm                                                           PAGE   15

     720 0000013c 7640!         LCR       #||GPIO_setAnalogMode|| ; [CPU_ALU] |145| 
         0000013d 0000 
     721                      ; call occurs [#||GPIO_setAnalogMode||] ; [] |145| 
     722 0000013e FE82          SUBB      SP,#2                 ; [CPU_ARAU] 
     723                      .dwcfi  cfa_offset, -2
     724              $C$DW$45        .dwtag  DW_TAG_TI_branch
     725                      .dwattr $C$DW$45, DW_AT_low_pc(0x00)
     726                      .dwattr $C$DW$45, DW_AT_TI_return
     727              
     728 0000013f 0006          LRETR     ; [CPU_ALU] 
     729                      ; return occurs ; [] 
     730                      .dwattr $C$DW$33, DW_AT_TI_end_file("../device/device.c")
     731                      .dwattr $C$DW$33, DW_AT_TI_end_line(0x92)
     732                      .dwattr $C$DW$33, DW_AT_TI_end_column(0x01)
     733                      .dwendentry
     734                      .dwendtag $C$DW$33
     735              
     736              ;**************************************************************
     737              ;* UNDEFINED EXTERNAL REFERENCES                              *
     738              ;**************************************************************
     739                      .global ||SysCtl_delay||
     740                      .global ||Flash_initModule||
     741                      .global ||GPIO_setPadConfig||
     742                      .global ||GPIO_setDirectionMode||
     743                      .global ||GPIO_setAnalogMode||
     744                      .global ||RamfuncsLoadStart||
     745                      .global ||RamfuncsLoadSize||
     746                      .global ||RamfuncsRunStart||
     747                      .global ||SysCtl_setClock||
     748                      .global ||memcpy||
     749              
     750              ;***************************************************************
     751              ;* BUILD ATTRIBUTES                                            *
     752              ;***************************************************************
     753                      .battr "c28xabi", Tag_File, 1, Tag_float_args(0)
     754                      .battr "c28xabi", Tag_File, 1, Tag_double_args(0)
     755                      .dwattr $C$DW$CU, DW_AT_language(DW_LANG_C)
     756              
     757              ;***************************************************************
     758              ;* DWARF CIE ENTRIES                                           *
     759              ;***************************************************************
     760              
     761              $C$DW$CIE       .dwcie 26
     762                      .dwcfi  cfa_register, 20
     763                      .dwcfi  cfa_offset, 0
     764                      .dwcfi  same_value, 28
     765                      .dwcfi  same_value, 6
     766                      .dwcfi  same_value, 7
     767                      .dwcfi  same_value, 8
     768                      .dwcfi  same_value, 9
     769                      .dwcfi  same_value, 10
     770                      .dwcfi  same_value, 11
     771                      .dwcfi  same_value, 59
     772                      .dwcfi  same_value, 63
     773                      .dwcfi  same_value, 67
TMS320C2000 Assembler PC v22.6.2 Tue Nov 18 13:15:20 2025

Copyright (c) 1996-2018 Texas Instruments Incorporated
device.asm                                                           PAGE   16

     774                      .dwcfi  same_value, 71
     775                      .dwendentry
     776                      .dwendtag $C$DW$CU
     777              
     778              
     779              ;***************************************************************
     780              ;* TYPE INFORMATION                                            *
     781              ;***************************************************************
     782              
     783              $C$DW$TU$19     .dwtag  DW_TAG_type_unit
     784                      .dwmtype  $C$DW$T$19
     785              
     786              $C$DW$T$19      .dwtag  DW_TAG_enumeration_type
     787                      .dwattr $C$DW$T$19, DW_AT_byte_size(0x01)
     788              $C$DW$46        .dwtag  DW_TAG_enumerator
     789                      .dwattr $C$DW$46, DW_AT_name("SYSCTL_PERIPH_CLK_CLA1")
     790                      .dwattr $C$DW$46, DW_AT_const_value(0x00)
     791                      .dwattr $C$DW$46, DW_AT_decl_file("C:\SIMPLIS simulation\ANPC Final Version\anpc-3layer\TMS320F280049
     792                      .dwattr $C$DW$46, DW_AT_decl_line(0x12a)
     793                      .dwattr $C$DW$46, DW_AT_decl_column(0x05)
     794              
     795              $C$DW$47        .dwtag  DW_TAG_enumerator
     796                      .dwattr $C$DW$47, DW_AT_name("SYSCTL_PERIPH_CLK_DMA")
     797                      .dwattr $C$DW$47, DW_AT_const_value(0x200)
     798                      .dwattr $C$DW$47, DW_AT_decl_file("C:\SIMPLIS simulation\ANPC Final Version\anpc-3layer\TMS320F280049
     799                      .dwattr $C$DW$47, DW_AT_decl_line(0x12b)
     800                      .dwattr $C$DW$47, DW_AT_decl_column(0x05)
     801              
     802              $C$DW$48        .dwtag  DW_TAG_enumerator
     803                      .dwattr $C$DW$48, DW_AT_name("SYSCTL_PERIPH_CLK_TIMER0")
     804                      .dwattr $C$DW$48, DW_AT_const_value(0x300)
     805                      .dwattr $C$DW$48, DW_AT_decl_file("C:\SIMPLIS simulation\ANPC Final Version\anpc-3layer\TMS320F280049
     806                      .dwattr $C$DW$48, DW_AT_decl_line(0x12c)
     807                      .dwattr $C$DW$48, DW_AT_decl_column(0x05)
     808              
     809              $C$DW$49        .dwtag  DW_TAG_enumerator
     810                      .dwattr $C$DW$49, DW_AT_name("SYSCTL_PERIPH_CLK_TIMER1")
     811                      .dwattr $C$DW$49, DW_AT_const_value(0x400)
     812                      .dwattr $C$DW$49, DW_AT_decl_file("C:\SIMPLIS simulation\ANPC Final Version\anpc-3layer\TMS320F280049
     813                      .dwattr $C$DW$49, DW_AT_decl_line(0x12d)
     814                      .dwattr $C$DW$49, DW_AT_decl_column(0x05)
     815              
     816              $C$DW$50        .dwtag  DW_TAG_enumerator
     817                      .dwattr $C$DW$50, DW_AT_name("SYSCTL_PERIPH_CLK_TIMER2")
     818                      .dwattr $C$DW$50, DW_AT_const_value(0x500)
     819                      .dwattr $C$DW$50, DW_AT_decl_file("C:\SIMPLIS simulation\ANPC Final Version\anpc-3layer\TMS320F280049
     820                      .dwattr $C$DW$50, DW_AT_decl_line(0x12e)
     821                      .dwattr $C$DW$50, DW_AT_decl_column(0x05)
     822              
     823              $C$DW$51        .dwtag  DW_TAG_enumerator
     824                      .dwattr $C$DW$51, DW_AT_name("SYSCTL_PERIPH_CLK_HRPWM")
     825                      .dwattr $C$DW$51, DW_AT_const_value(0x1000)
     826                      .dwattr $C$DW$51, DW_AT_decl_file("C:\SIMPLIS simulation\ANPC Final Version\anpc-3layer\TMS320F280049
     827                      .dwattr $C$DW$51, DW_AT_decl_line(0x12f)
     828                      .dwattr $C$DW$51, DW_AT_decl_column(0x05)
TMS320C2000 Assembler PC v22.6.2 Tue Nov 18 13:15:20 2025

Copyright (c) 1996-2018 Texas Instruments Incorporated
device.asm                                                           PAGE   17

     829              
     830              $C$DW$52        .dwtag  DW_TAG_enumerator
     831                      .dwattr $C$DW$52, DW_AT_name("SYSCTL_PERIPH_CLK_TBCLKSYNC")
     832                      .dwattr $C$DW$52, DW_AT_const_value(0x1200)
     833                      .dwattr $C$DW$52, DW_AT_decl_file("C:\SIMPLIS simulation\ANPC Final Version\anpc-3layer\TMS320F280049
     834                      .dwattr $C$DW$52, DW_AT_decl_line(0x130)
     835                      .dwattr $C$DW$52, DW_AT_decl_column(0x05)
     836              
     837              $C$DW$53        .dwtag  DW_TAG_enumerator
     838                      .dwattr $C$DW$53, DW_AT_name("SYSCTL_PERIPH_CLK_EPWM1")
     839                      .dwattr $C$DW$53, DW_AT_const_value(0x02)
     840                      .dwattr $C$DW$53, DW_AT_decl_file("C:\SIMPLIS simulation\ANPC Final Version\anpc-3layer\TMS320F280049
     841                      .dwattr $C$DW$53, DW_AT_decl_line(0x131)
     842                      .dwattr $C$DW$53, DW_AT_decl_column(0x05)
     843              
     844              $C$DW$54        .dwtag  DW_TAG_enumerator
     845                      .dwattr $C$DW$54, DW_AT_name("SYSCTL_PERIPH_CLK_EPWM2")
     846                      .dwattr $C$DW$54, DW_AT_const_value(0x102)
     847                      .dwattr $C$DW$54, DW_AT_decl_file("C:\SIMPLIS simulation\ANPC Final Version\anpc-3layer\TMS320F280049
     848                      .dwattr $C$DW$54, DW_AT_decl_line(0x132)
     849                      .dwattr $C$DW$54, DW_AT_decl_column(0x05)
     850              
     851              $C$DW$55        .dwtag  DW_TAG_enumerator
     852                      .dwattr $C$DW$55, DW_AT_name("SYSCTL_PERIPH_CLK_EPWM3")
     853                      .dwattr $C$DW$55, DW_AT_const_value(0x202)
     854                      .dwattr $C$DW$55, DW_AT_decl_file("C:\SIMPLIS simulation\ANPC Final Version\anpc-3layer\TMS320F280049
     855                      .dwattr $C$DW$55, DW_AT_decl_line(0x133)
     856                      .dwattr $C$DW$55, DW_AT_decl_column(0x05)
     857              
     858              $C$DW$56        .dwtag  DW_TAG_enumerator
     859                      .dwattr $C$DW$56, DW_AT_name("SYSCTL_PERIPH_CLK_EPWM4")
     860                      .dwattr $C$DW$56, DW_AT_const_value(0x302)
     861                      .dwattr $C$DW$56, DW_AT_decl_file("C:\SIMPLIS simulation\ANPC Final Version\anpc-3layer\TMS320F280049
     862                      .dwattr $C$DW$56, DW_AT_decl_line(0x134)
     863                      .dwattr $C$DW$56, DW_AT_decl_column(0x05)
     864              
     865              $C$DW$57        .dwtag  DW_TAG_enumerator
     866                      .dwattr $C$DW$57, DW_AT_name("SYSCTL_PERIPH_CLK_EPWM5")
     867                      .dwattr $C$DW$57, DW_AT_const_value(0x402)
     868                      .dwattr $C$DW$57, DW_AT_decl_file("C:\SIMPLIS simulation\ANPC Final Version\anpc-3layer\TMS320F280049
     869                      .dwattr $C$DW$57, DW_AT_decl_line(0x135)
     870                      .dwattr $C$DW$57, DW_AT_decl_column(0x05)
     871              
     872              $C$DW$58        .dwtag  DW_TAG_enumerator
     873                      .dwattr $C$DW$58, DW_AT_name("SYSCTL_PERIPH_CLK_EPWM6")
     874                      .dwattr $C$DW$58, DW_AT_const_value(0x502)
     875                      .dwattr $C$DW$58, DW_AT_decl_file("C:\SIMPLIS simulation\ANPC Final Version\anpc-3layer\TMS320F280049
     876                      .dwattr $C$DW$58, DW_AT_decl_line(0x136)
     877                      .dwattr $C$DW$58, DW_AT_decl_column(0x05)
     878              
     879              $C$DW$59        .dwtag  DW_TAG_enumerator
     880                      .dwattr $C$DW$59, DW_AT_name("SYSCTL_PERIPH_CLK_EPWM7")
     881                      .dwattr $C$DW$59, DW_AT_const_value(0x602)
     882                      .dwattr $C$DW$59, DW_AT_decl_file("C:\SIMPLIS simulation\ANPC Final Version\anpc-3layer\TMS320F280049
     883                      .dwattr $C$DW$59, DW_AT_decl_line(0x137)
TMS320C2000 Assembler PC v22.6.2 Tue Nov 18 13:15:20 2025

Copyright (c) 1996-2018 Texas Instruments Incorporated
device.asm                                                           PAGE   18

     884                      .dwattr $C$DW$59, DW_AT_decl_column(0x05)
     885              
     886              $C$DW$60        .dwtag  DW_TAG_enumerator
     887                      .dwattr $C$DW$60, DW_AT_name("SYSCTL_PERIPH_CLK_EPWM8")
     888                      .dwattr $C$DW$60, DW_AT_const_value(0x702)
     889                      .dwattr $C$DW$60, DW_AT_decl_file("C:\SIMPLIS simulation\ANPC Final Version\anpc-3layer\TMS320F280049
     890                      .dwattr $C$DW$60, DW_AT_decl_line(0x138)
     891                      .dwattr $C$DW$60, DW_AT_decl_column(0x05)
     892              
     893              $C$DW$61        .dwtag  DW_TAG_enumerator
     894                      .dwattr $C$DW$61, DW_AT_name("SYSCTL_PERIPH_CLK_ECAP1")
     895                      .dwattr $C$DW$61, DW_AT_const_value(0x03)
     896                      .dwattr $C$DW$61, DW_AT_decl_file("C:\SIMPLIS simulation\ANPC Final Version\anpc-3layer\TMS320F280049
     897                      .dwattr $C$DW$61, DW_AT_decl_line(0x139)
     898                      .dwattr $C$DW$61, DW_AT_decl_column(0x05)
     899              
     900              $C$DW$62        .dwtag  DW_TAG_enumerator
     901                      .dwattr $C$DW$62, DW_AT_name("SYSCTL_PERIPH_CLK_ECAP2")
     902                      .dwattr $C$DW$62, DW_AT_const_value(0x103)
     903                      .dwattr $C$DW$62, DW_AT_decl_file("C:\SIMPLIS simulation\ANPC Final Version\anpc-3layer\TMS320F280049
     904                      .dwattr $C$DW$62, DW_AT_decl_line(0x13a)
     905                      .dwattr $C$DW$62, DW_AT_decl_column(0x05)
     906              
     907              $C$DW$63        .dwtag  DW_TAG_enumerator
     908                      .dwattr $C$DW$63, DW_AT_name("SYSCTL_PERIPH_CLK_ECAP3")
     909                      .dwattr $C$DW$63, DW_AT_const_value(0x203)
     910                      .dwattr $C$DW$63, DW_AT_decl_file("C:\SIMPLIS simulation\ANPC Final Version\anpc-3layer\TMS320F280049
     911                      .dwattr $C$DW$63, DW_AT_decl_line(0x13b)
     912                      .dwattr $C$DW$63, DW_AT_decl_column(0x05)
     913              
     914              $C$DW$64        .dwtag  DW_TAG_enumerator
     915                      .dwattr $C$DW$64, DW_AT_name("SYSCTL_PERIPH_CLK_ECAP4")
     916                      .dwattr $C$DW$64, DW_AT_const_value(0x303)
     917                      .dwattr $C$DW$64, DW_AT_decl_file("C:\SIMPLIS simulation\ANPC Final Version\anpc-3layer\TMS320F280049
     918                      .dwattr $C$DW$64, DW_AT_decl_line(0x13c)
     919                      .dwattr $C$DW$64, DW_AT_decl_column(0x05)
     920              
     921              $C$DW$65        .dwtag  DW_TAG_enumerator
     922                      .dwattr $C$DW$65, DW_AT_name("SYSCTL_PERIPH_CLK_ECAP5")
     923                      .dwattr $C$DW$65, DW_AT_const_value(0x403)
     924                      .dwattr $C$DW$65, DW_AT_decl_file("C:\SIMPLIS simulation\ANPC Final Version\anpc-3layer\TMS320F280049
     925                      .dwattr $C$DW$65, DW_AT_decl_line(0x13d)
     926                      .dwattr $C$DW$65, DW_AT_decl_column(0x05)
     927              
     928              $C$DW$66        .dwtag  DW_TAG_enumerator
     929                      .dwattr $C$DW$66, DW_AT_name("SYSCTL_PERIPH_CLK_ECAP6")
     930                      .dwattr $C$DW$66, DW_AT_const_value(0x503)
     931                      .dwattr $C$DW$66, DW_AT_decl_file("C:\SIMPLIS simulation\ANPC Final Version\anpc-3layer\TMS320F280049
     932                      .dwattr $C$DW$66, DW_AT_decl_line(0x13e)
     933                      .dwattr $C$DW$66, DW_AT_decl_column(0x05)
     934              
     935              $C$DW$67        .dwtag  DW_TAG_enumerator
     936                      .dwattr $C$DW$67, DW_AT_name("SYSCTL_PERIPH_CLK_ECAP7")
     937                      .dwattr $C$DW$67, DW_AT_const_value(0x603)
     938                      .dwattr $C$DW$67, DW_AT_decl_file("C:\SIMPLIS simulation\ANPC Final Version\anpc-3layer\TMS320F280049
TMS320C2000 Assembler PC v22.6.2 Tue Nov 18 13:15:20 2025

Copyright (c) 1996-2018 Texas Instruments Incorporated
device.asm                                                           PAGE   19

     939                      .dwattr $C$DW$67, DW_AT_decl_line(0x13f)
     940                      .dwattr $C$DW$67, DW_AT_decl_column(0x05)
     941              
     942              $C$DW$68        .dwtag  DW_TAG_enumerator
     943                      .dwattr $C$DW$68, DW_AT_name("SYSCTL_PERIPH_CLK_EQEP1")
     944                      .dwattr $C$DW$68, DW_AT_const_value(0x04)
     945                      .dwattr $C$DW$68, DW_AT_decl_file("C:\SIMPLIS simulation\ANPC Final Version\anpc-3layer\TMS320F280049
     946                      .dwattr $C$DW$68, DW_AT_decl_line(0x140)
     947                      .dwattr $C$DW$68, DW_AT_decl_column(0x05)
     948              
     949              $C$DW$69        .dwtag  DW_TAG_enumerator
     950                      .dwattr $C$DW$69, DW_AT_name("SYSCTL_PERIPH_CLK_EQEP2")
     951                      .dwattr $C$DW$69, DW_AT_const_value(0x104)
     952                      .dwattr $C$DW$69, DW_AT_decl_file("C:\SIMPLIS simulation\ANPC Final Version\anpc-3layer\TMS320F280049
     953                      .dwattr $C$DW$69, DW_AT_decl_line(0x141)
     954                      .dwattr $C$DW$69, DW_AT_decl_column(0x05)
     955              
     956              $C$DW$70        .dwtag  DW_TAG_enumerator
     957                      .dwattr $C$DW$70, DW_AT_name("SYSCTL_PERIPH_CLK_SD1")
     958                      .dwattr $C$DW$70, DW_AT_const_value(0x06)
     959                      .dwattr $C$DW$70, DW_AT_decl_file("C:\SIMPLIS simulation\ANPC Final Version\anpc-3layer\TMS320F280049
     960                      .dwattr $C$DW$70, DW_AT_decl_line(0x142)
     961                      .dwattr $C$DW$70, DW_AT_decl_column(0x05)
     962              
     963              $C$DW$71        .dwtag  DW_TAG_enumerator
     964                      .dwattr $C$DW$71, DW_AT_name("SYSCTL_PERIPH_CLK_SCIA")
     965                      .dwattr $C$DW$71, DW_AT_const_value(0x07)
     966                      .dwattr $C$DW$71, DW_AT_decl_file("C:\SIMPLIS simulation\ANPC Final Version\anpc-3layer\TMS320F280049
     967                      .dwattr $C$DW$71, DW_AT_decl_line(0x143)
     968                      .dwattr $C$DW$71, DW_AT_decl_column(0x05)
     969              
     970              $C$DW$72        .dwtag  DW_TAG_enumerator
     971                      .dwattr $C$DW$72, DW_AT_name("SYSCTL_PERIPH_CLK_SCIB")
     972                      .dwattr $C$DW$72, DW_AT_const_value(0x107)
     973                      .dwattr $C$DW$72, DW_AT_decl_file("C:\SIMPLIS simulation\ANPC Final Version\anpc-3layer\TMS320F280049
     974                      .dwattr $C$DW$72, DW_AT_decl_line(0x144)
     975                      .dwattr $C$DW$72, DW_AT_decl_column(0x05)
     976              
     977              $C$DW$73        .dwtag  DW_TAG_enumerator
     978                      .dwattr $C$DW$73, DW_AT_name("SYSCTL_PERIPH_CLK_SPIA")
     979                      .dwattr $C$DW$73, DW_AT_const_value(0x08)
     980                      .dwattr $C$DW$73, DW_AT_decl_file("C:\SIMPLIS simulation\ANPC Final Version\anpc-3layer\TMS320F280049
     981                      .dwattr $C$DW$73, DW_AT_decl_line(0x145)
     982                      .dwattr $C$DW$73, DW_AT_decl_column(0x05)
     983              
     984              $C$DW$74        .dwtag  DW_TAG_enumerator
     985                      .dwattr $C$DW$74, DW_AT_name("SYSCTL_PERIPH_CLK_SPIB")
     986                      .dwattr $C$DW$74, DW_AT_const_value(0x108)
     987                      .dwattr $C$DW$74, DW_AT_decl_file("C:\SIMPLIS simulation\ANPC Final Version\anpc-3layer\TMS320F280049
     988                      .dwattr $C$DW$74, DW_AT_decl_line(0x146)
     989                      .dwattr $C$DW$74, DW_AT_decl_column(0x05)
     990              
     991              $C$DW$75        .dwtag  DW_TAG_enumerator
     992                      .dwattr $C$DW$75, DW_AT_name("SYSCTL_PERIPH_CLK_I2CA")
     993                      .dwattr $C$DW$75, DW_AT_const_value(0x09)
TMS320C2000 Assembler PC v22.6.2 Tue Nov 18 13:15:20 2025

Copyright (c) 1996-2018 Texas Instruments Incorporated
device.asm                                                           PAGE   20

     994                      .dwattr $C$DW$75, DW_AT_decl_file("C:\SIMPLIS simulation\ANPC Final Version\anpc-3layer\TMS320F280049
     995                      .dwattr $C$DW$75, DW_AT_decl_line(0x147)
     996                      .dwattr $C$DW$75, DW_AT_decl_column(0x05)
     997              
     998              $C$DW$76        .dwtag  DW_TAG_enumerator
     999                      .dwattr $C$DW$76, DW_AT_name("SYSCTL_PERIPH_CLK_CANA")
    1000                      .dwattr $C$DW$76, DW_AT_const_value(0x0a)
    1001                      .dwattr $C$DW$76, DW_AT_decl_file("C:\SIMPLIS simulation\ANPC Final Version\anpc-3layer\TMS320F280049
    1002                      .dwattr $C$DW$76, DW_AT_decl_line(0x148)
    1003                      .dwattr $C$DW$76, DW_AT_decl_column(0x05)
    1004              
    1005              $C$DW$77        .dwtag  DW_TAG_enumerator
    1006                      .dwattr $C$DW$77, DW_AT_name("SYSCTL_PERIPH_CLK_CANB")
    1007                      .dwattr $C$DW$77, DW_AT_const_value(0x10a)
    1008                      .dwattr $C$DW$77, DW_AT_decl_file("C:\SIMPLIS simulation\ANPC Final Version\anpc-3layer\TMS320F280049
    1009                      .dwattr $C$DW$77, DW_AT_decl_line(0x149)
    1010                      .dwattr $C$DW$77, DW_AT_decl_column(0x05)
    1011              
    1012              $C$DW$78        .dwtag  DW_TAG_enumerator
    1013                      .dwattr $C$DW$78, DW_AT_name("SYSCTL_PERIPH_CLK_ADCA")
    1014                      .dwattr $C$DW$78, DW_AT_const_value(0x0d)
    1015                      .dwattr $C$DW$78, DW_AT_decl_file("C:\SIMPLIS simulation\ANPC Final Version\anpc-3layer\TMS320F280049
    1016                      .dwattr $C$DW$78, DW_AT_decl_line(0x14a)
    1017                      .dwattr $C$DW$78, DW_AT_decl_column(0x05)
    1018              
    1019              $C$DW$79        .dwtag  DW_TAG_enumerator
    1020                      .dwattr $C$DW$79, DW_AT_name("SYSCTL_PERIPH_CLK_ADCB")
    1021                      .dwattr $C$DW$79, DW_AT_const_value(0x10d)
    1022                      .dwattr $C$DW$79, DW_AT_decl_file("C:\SIMPLIS simulation\ANPC Final Version\anpc-3layer\TMS320F280049
    1023                      .dwattr $C$DW$79, DW_AT_decl_line(0x14b)
    1024                      .dwattr $C$DW$79, DW_AT_decl_column(0x05)
    1025              
    1026              $C$DW$80        .dwtag  DW_TAG_enumerator
    1027                      .dwattr $C$DW$80, DW_AT_name("SYSCTL_PERIPH_CLK_ADCC")
    1028                      .dwattr $C$DW$80, DW_AT_const_value(0x20d)
    1029                      .dwattr $C$DW$80, DW_AT_decl_file("C:\SIMPLIS simulation\ANPC Final Version\anpc-3layer\TMS320F280049
    1030                      .dwattr $C$DW$80, DW_AT_decl_line(0x14c)
    1031                      .dwattr $C$DW$80, DW_AT_decl_column(0x05)
    1032              
    1033              $C$DW$81        .dwtag  DW_TAG_enumerator
    1034                      .dwattr $C$DW$81, DW_AT_name("SYSCTL_PERIPH_CLK_CMPSS1")
    1035                      .dwattr $C$DW$81, DW_AT_const_value(0x0e)
    1036                      .dwattr $C$DW$81, DW_AT_decl_file("C:\SIMPLIS simulation\ANPC Final Version\anpc-3layer\TMS320F280049
    1037                      .dwattr $C$DW$81, DW_AT_decl_line(0x14d)
    1038                      .dwattr $C$DW$81, DW_AT_decl_column(0x05)
    1039              
    1040              $C$DW$82        .dwtag  DW_TAG_enumerator
    1041                      .dwattr $C$DW$82, DW_AT_name("SYSCTL_PERIPH_CLK_CMPSS2")
    1042                      .dwattr $C$DW$82, DW_AT_const_value(0x10e)
    1043                      .dwattr $C$DW$82, DW_AT_decl_file("C:\SIMPLIS simulation\ANPC Final Version\anpc-3layer\TMS320F280049
    1044                      .dwattr $C$DW$82, DW_AT_decl_line(0x14e)
    1045                      .dwattr $C$DW$82, DW_AT_decl_column(0x05)
    1046              
    1047              $C$DW$83        .dwtag  DW_TAG_enumerator
    1048                      .dwattr $C$DW$83, DW_AT_name("SYSCTL_PERIPH_CLK_CMPSS3")
TMS320C2000 Assembler PC v22.6.2 Tue Nov 18 13:15:20 2025

Copyright (c) 1996-2018 Texas Instruments Incorporated
device.asm                                                           PAGE   21

    1049                      .dwattr $C$DW$83, DW_AT_const_value(0x20e)
    1050                      .dwattr $C$DW$83, DW_AT_decl_file("C:\SIMPLIS simulation\ANPC Final Version\anpc-3layer\TMS320F280049
    1051                      .dwattr $C$DW$83, DW_AT_decl_line(0x14f)
    1052                      .dwattr $C$DW$83, DW_AT_decl_column(0x05)
    1053              
    1054              $C$DW$84        .dwtag  DW_TAG_enumerator
    1055                      .dwattr $C$DW$84, DW_AT_name("SYSCTL_PERIPH_CLK_CMPSS4")
    1056                      .dwattr $C$DW$84, DW_AT_const_value(0x30e)
    1057                      .dwattr $C$DW$84, DW_AT_decl_file("C:\SIMPLIS simulation\ANPC Final Version\anpc-3layer\TMS320F280049
    1058                      .dwattr $C$DW$84, DW_AT_decl_line(0x150)
    1059                      .dwattr $C$DW$84, DW_AT_decl_column(0x05)
    1060              
    1061              $C$DW$85        .dwtag  DW_TAG_enumerator
    1062                      .dwattr $C$DW$85, DW_AT_name("SYSCTL_PERIPH_CLK_CMPSS5")
    1063                      .dwattr $C$DW$85, DW_AT_const_value(0x40e)
    1064                      .dwattr $C$DW$85, DW_AT_decl_file("C:\SIMPLIS simulation\ANPC Final Version\anpc-3layer\TMS320F280049
    1065                      .dwattr $C$DW$85, DW_AT_decl_line(0x151)
    1066                      .dwattr $C$DW$85, DW_AT_decl_column(0x05)
    1067              
    1068              $C$DW$86        .dwtag  DW_TAG_enumerator
    1069                      .dwattr $C$DW$86, DW_AT_name("SYSCTL_PERIPH_CLK_CMPSS6")
    1070                      .dwattr $C$DW$86, DW_AT_const_value(0x50e)
    1071                      .dwattr $C$DW$86, DW_AT_decl_file("C:\SIMPLIS simulation\ANPC Final Version\anpc-3layer\TMS320F280049
    1072                      .dwattr $C$DW$86, DW_AT_decl_line(0x152)
    1073                      .dwattr $C$DW$86, DW_AT_decl_column(0x05)
    1074              
    1075              $C$DW$87        .dwtag  DW_TAG_enumerator
    1076                      .dwattr $C$DW$87, DW_AT_name("SYSCTL_PERIPH_CLK_CMPSS7")
    1077                      .dwattr $C$DW$87, DW_AT_const_value(0x60e)
    1078                      .dwattr $C$DW$87, DW_AT_decl_file("C:\SIMPLIS simulation\ANPC Final Version\anpc-3layer\TMS320F280049
    1079                      .dwattr $C$DW$87, DW_AT_decl_line(0x153)
    1080                      .dwattr $C$DW$87, DW_AT_decl_column(0x05)
    1081              
    1082              $C$DW$88        .dwtag  DW_TAG_enumerator
    1083                      .dwattr $C$DW$88, DW_AT_name("SYSCTL_PERIPH_CLK_PGA1")
    1084                      .dwattr $C$DW$88, DW_AT_const_value(0x0f)
    1085                      .dwattr $C$DW$88, DW_AT_decl_file("C:\SIMPLIS simulation\ANPC Final Version\anpc-3layer\TMS320F280049
    1086                      .dwattr $C$DW$88, DW_AT_decl_line(0x154)
    1087                      .dwattr $C$DW$88, DW_AT_decl_column(0x05)
    1088              
    1089              $C$DW$89        .dwtag  DW_TAG_enumerator
    1090                      .dwattr $C$DW$89, DW_AT_name("SYSCTL_PERIPH_CLK_PGA2")
    1091                      .dwattr $C$DW$89, DW_AT_const_value(0x10f)
    1092                      .dwattr $C$DW$89, DW_AT_decl_file("C:\SIMPLIS simulation\ANPC Final Version\anpc-3layer\TMS320F280049
    1093                      .dwattr $C$DW$89, DW_AT_decl_line(0x155)
    1094                      .dwattr $C$DW$89, DW_AT_decl_column(0x05)
    1095              
    1096              $C$DW$90        .dwtag  DW_TAG_enumerator
    1097                      .dwattr $C$DW$90, DW_AT_name("SYSCTL_PERIPH_CLK_PGA3")
    1098                      .dwattr $C$DW$90, DW_AT_const_value(0x20f)
    1099                      .dwattr $C$DW$90, DW_AT_decl_file("C:\SIMPLIS simulation\ANPC Final Version\anpc-3layer\TMS320F280049
    1100                      .dwattr $C$DW$90, DW_AT_decl_line(0x156)
    1101                      .dwattr $C$DW$90, DW_AT_decl_column(0x05)
    1102              
    1103              $C$DW$91        .dwtag  DW_TAG_enumerator
TMS320C2000 Assembler PC v22.6.2 Tue Nov 18 13:15:20 2025

Copyright (c) 1996-2018 Texas Instruments Incorporated
device.asm                                                           PAGE   22

    1104                      .dwattr $C$DW$91, DW_AT_name("SYSCTL_PERIPH_CLK_PGA4")
    1105                      .dwattr $C$DW$91, DW_AT_const_value(0x30f)
    1106                      .dwattr $C$DW$91, DW_AT_decl_file("C:\SIMPLIS simulation\ANPC Final Version\anpc-3layer\TMS320F280049
    1107                      .dwattr $C$DW$91, DW_AT_decl_line(0x157)
    1108                      .dwattr $C$DW$91, DW_AT_decl_column(0x05)
    1109              
    1110              $C$DW$92        .dwtag  DW_TAG_enumerator
    1111                      .dwattr $C$DW$92, DW_AT_name("SYSCTL_PERIPH_CLK_PGA5")
    1112                      .dwattr $C$DW$92, DW_AT_const_value(0x40f)
    1113                      .dwattr $C$DW$92, DW_AT_decl_file("C:\SIMPLIS simulation\ANPC Final Version\anpc-3layer\TMS320F280049
    1114                      .dwattr $C$DW$92, DW_AT_decl_line(0x158)
    1115                      .dwattr $C$DW$92, DW_AT_decl_column(0x05)
    1116              
    1117              $C$DW$93        .dwtag  DW_TAG_enumerator
    1118                      .dwattr $C$DW$93, DW_AT_name("SYSCTL_PERIPH_CLK_PGA6")
    1119                      .dwattr $C$DW$93, DW_AT_const_value(0x50f)
    1120                      .dwattr $C$DW$93, DW_AT_decl_file("C:\SIMPLIS simulation\ANPC Final Version\anpc-3layer\TMS320F280049
    1121                      .dwattr $C$DW$93, DW_AT_decl_line(0x159)
    1122                      .dwattr $C$DW$93, DW_AT_decl_column(0x05)
    1123              
    1124              $C$DW$94        .dwtag  DW_TAG_enumerator
    1125                      .dwattr $C$DW$94, DW_AT_name("SYSCTL_PERIPH_CLK_PGA7")
    1126                      .dwattr $C$DW$94, DW_AT_const_value(0x60f)
    1127                      .dwattr $C$DW$94, DW_AT_decl_file("C:\SIMPLIS simulation\ANPC Final Version\anpc-3layer\TMS320F280049
    1128                      .dwattr $C$DW$94, DW_AT_decl_line(0x15a)
    1129                      .dwattr $C$DW$94, DW_AT_decl_column(0x05)
    1130              
    1131              $C$DW$95        .dwtag  DW_TAG_enumerator
    1132                      .dwattr $C$DW$95, DW_AT_name("SYSCTL_PERIPH_CLK_DACA")
    1133                      .dwattr $C$DW$95, DW_AT_const_value(0x1010)
    1134                      .dwattr $C$DW$95, DW_AT_decl_file("C:\SIMPLIS simulation\ANPC Final Version\anpc-3layer\TMS320F280049
    1135                      .dwattr $C$DW$95, DW_AT_decl_line(0x15b)
    1136                      .dwattr $C$DW$95, DW_AT_decl_column(0x05)
    1137              
    1138              $C$DW$96        .dwtag  DW_TAG_enumerator
    1139                      .dwattr $C$DW$96, DW_AT_name("SYSCTL_PERIPH_CLK_DACB")
    1140                      .dwattr $C$DW$96, DW_AT_const_value(0x1110)
    1141                      .dwattr $C$DW$96, DW_AT_decl_file("C:\SIMPLIS simulation\ANPC Final Version\anpc-3layer\TMS320F280049
    1142                      .dwattr $C$DW$96, DW_AT_decl_line(0x15c)
    1143                      .dwattr $C$DW$96, DW_AT_decl_column(0x05)
    1144              
    1145              $C$DW$97        .dwtag  DW_TAG_enumerator
    1146                      .dwattr $C$DW$97, DW_AT_name("SYSCTL_PERIPH_CLK_CLB1")
    1147                      .dwattr $C$DW$97, DW_AT_const_value(0x11)
    1148                      .dwattr $C$DW$97, DW_AT_decl_file("C:\SIMPLIS simulation\ANPC Final Version\anpc-3layer\TMS320F280049
    1149                      .dwattr $C$DW$97, DW_AT_decl_line(0x15d)
    1150                      .dwattr $C$DW$97, DW_AT_decl_column(0x05)
    1151              
    1152              $C$DW$98        .dwtag  DW_TAG_enumerator
    1153                      .dwattr $C$DW$98, DW_AT_name("SYSCTL_PERIPH_CLK_CLB2")
    1154                      .dwattr $C$DW$98, DW_AT_const_value(0x111)
    1155                      .dwattr $C$DW$98, DW_AT_decl_file("C:\SIMPLIS simulation\ANPC Final Version\anpc-3layer\TMS320F280049
    1156                      .dwattr $C$DW$98, DW_AT_decl_line(0x15e)
    1157                      .dwattr $C$DW$98, DW_AT_decl_column(0x05)
    1158              
TMS320C2000 Assembler PC v22.6.2 Tue Nov 18 13:15:20 2025

Copyright (c) 1996-2018 Texas Instruments Incorporated
device.asm                                                           PAGE   23

    1159              $C$DW$99        .dwtag  DW_TAG_enumerator
    1160                      .dwattr $C$DW$99, DW_AT_name("SYSCTL_PERIPH_CLK_CLB3")
    1161                      .dwattr $C$DW$99, DW_AT_const_value(0x211)
    1162                      .dwattr $C$DW$99, DW_AT_decl_file("C:\SIMPLIS simulation\ANPC Final Version\anpc-3layer\TMS320F280049
    1163                      .dwattr $C$DW$99, DW_AT_decl_line(0x15f)
    1164                      .dwattr $C$DW$99, DW_AT_decl_column(0x05)
    1165              
    1166              $C$DW$100       .dwtag  DW_TAG_enumerator
    1167                      .dwattr $C$DW$100, DW_AT_name("SYSCTL_PERIPH_CLK_CLB4")
    1168                      .dwattr $C$DW$100, DW_AT_const_value(0x311)
    1169                      .dwattr $C$DW$100, DW_AT_decl_file("C:\SIMPLIS simulation\ANPC Final Version\anpc-3layer\TMS320F28004
    1170                      .dwattr $C$DW$100, DW_AT_decl_line(0x160)
    1171                      .dwattr $C$DW$100, DW_AT_decl_column(0x05)
    1172              
    1173              $C$DW$101       .dwtag  DW_TAG_enumerator
    1174                      .dwattr $C$DW$101, DW_AT_name("SYSCTL_PERIPH_CLK_FSITXA")
    1175                      .dwattr $C$DW$101, DW_AT_const_value(0x12)
    1176                      .dwattr $C$DW$101, DW_AT_decl_file("C:\SIMPLIS simulation\ANPC Final Version\anpc-3layer\TMS320F28004
    1177                      .dwattr $C$DW$101, DW_AT_decl_line(0x161)
    1178                      .dwattr $C$DW$101, DW_AT_decl_column(0x05)
    1179              
    1180              $C$DW$102       .dwtag  DW_TAG_enumerator
    1181                      .dwattr $C$DW$102, DW_AT_name("SYSCTL_PERIPH_CLK_FSIRXA")
    1182                      .dwattr $C$DW$102, DW_AT_const_value(0x112)
    1183                      .dwattr $C$DW$102, DW_AT_decl_file("C:\SIMPLIS simulation\ANPC Final Version\anpc-3layer\TMS320F28004
    1184                      .dwattr $C$DW$102, DW_AT_decl_line(0x162)
    1185                      .dwattr $C$DW$102, DW_AT_decl_column(0x05)
    1186              
    1187              $C$DW$103       .dwtag  DW_TAG_enumerator
    1188                      .dwattr $C$DW$103, DW_AT_name("SYSCTL_PERIPH_CLK_LINA")
    1189                      .dwattr $C$DW$103, DW_AT_const_value(0x13)
    1190                      .dwattr $C$DW$103, DW_AT_decl_file("C:\SIMPLIS simulation\ANPC Final Version\anpc-3layer\TMS320F28004
    1191                      .dwattr $C$DW$103, DW_AT_decl_line(0x163)
    1192                      .dwattr $C$DW$103, DW_AT_decl_column(0x05)
    1193              
    1194              $C$DW$104       .dwtag  DW_TAG_enumerator
    1195                      .dwattr $C$DW$104, DW_AT_name("SYSCTL_PERIPH_CLK_PMBUSA")
    1196                      .dwattr $C$DW$104, DW_AT_const_value(0x14)
    1197                      .dwattr $C$DW$104, DW_AT_decl_file("C:\SIMPLIS simulation\ANPC Final Version\anpc-3layer\TMS320F28004
    1198                      .dwattr $C$DW$104, DW_AT_decl_line(0x164)
    1199                      .dwattr $C$DW$104, DW_AT_decl_column(0x05)
    1200              
    1201              $C$DW$105       .dwtag  DW_TAG_enumerator
    1202                      .dwattr $C$DW$105, DW_AT_name("SYSCTL_PERIPH_CLK_DCC0")
    1203                      .dwattr $C$DW$105, DW_AT_const_value(0x15)
    1204                      .dwattr $C$DW$105, DW_AT_decl_file("C:\SIMPLIS simulation\ANPC Final Version\anpc-3layer\TMS320F28004
    1205                      .dwattr $C$DW$105, DW_AT_decl_line(0x165)
    1206                      .dwattr $C$DW$105, DW_AT_decl_column(0x05)
    1207              
    1208                      .dwattr $C$DW$T$19, DW_AT_decl_file("C:\SIMPLIS simulation\ANPC Final Version\anpc-3layer\TMS320F2800
    1209                      .dwattr $C$DW$T$19, DW_AT_decl_line(0x129)
    1210                      .dwattr $C$DW$T$19, DW_AT_decl_column(0x01)
    1211                      .dwendtag $C$DW$T$19
    1212              
    1213                      .dwendtag $C$DW$TU$19
TMS320C2000 Assembler PC v22.6.2 Tue Nov 18 13:15:20 2025

Copyright (c) 1996-2018 Texas Instruments Incorporated
device.asm                                                           PAGE   24

    1214              
    1215              
    1216              $C$DW$TU$20     .dwtag  DW_TAG_type_unit
    1217                      .dwmtype  $C$DW$T$20
    1218              $C$DW$T$20      .dwtag  DW_TAG_typedef
    1219                      .dwattr $C$DW$T$20, DW_AT_name("SysCtl_PeripheralPCLOCKCR")
    1220                      .dwattr $C$DW$T$20, DW_AT_type(*$C$DW$T$19)
    1221                      .dwattr $C$DW$T$20, DW_AT_decl_file("C:\SIMPLIS simulation\ANPC Final Version\anpc-3layer\TMS320F2800
    1222                      .dwattr $C$DW$T$20, DW_AT_decl_line(0x166)
    1223                      .dwattr $C$DW$T$20, DW_AT_decl_column(0x03)
    1224              
    1225                      .dwendtag $C$DW$TU$20
    1226              
    1227              
    1228              $C$DW$TU$21     .dwtag  DW_TAG_type_unit
    1229                      .dwmtype  $C$DW$T$21
    1230              
    1231              $C$DW$T$21      .dwtag  DW_TAG_enumeration_type
    1232                      .dwattr $C$DW$T$21, DW_AT_byte_size(0x01)
    1233              $C$DW$106       .dwtag  DW_TAG_enumerator
    1234                      .dwattr $C$DW$106, DW_AT_name("SYSCTL_LSPCLK_PRESCALE_1")
    1235                      .dwattr $C$DW$106, DW_AT_const_value(0x00)
    1236                      .dwattr $C$DW$106, DW_AT_decl_file("C:\SIMPLIS simulation\ANPC Final Version\anpc-3layer\TMS320F28004
    1237                      .dwattr $C$DW$106, DW_AT_decl_line(0x1e2)
    1238                      .dwattr $C$DW$106, DW_AT_decl_column(0x05)
    1239              
    1240              $C$DW$107       .dwtag  DW_TAG_enumerator
    1241                      .dwattr $C$DW$107, DW_AT_name("SYSCTL_LSPCLK_PRESCALE_2")
    1242                      .dwattr $C$DW$107, DW_AT_const_value(0x01)
    1243                      .dwattr $C$DW$107, DW_AT_decl_file("C:\SIMPLIS simulation\ANPC Final Version\anpc-3layer\TMS320F28004
    1244                      .dwattr $C$DW$107, DW_AT_decl_line(0x1e3)
    1245                      .dwattr $C$DW$107, DW_AT_decl_column(0x05)
    1246              
    1247              $C$DW$108       .dwtag  DW_TAG_enumerator
    1248                      .dwattr $C$DW$108, DW_AT_name("SYSCTL_LSPCLK_PRESCALE_4")
    1249                      .dwattr $C$DW$108, DW_AT_const_value(0x02)
    1250                      .dwattr $C$DW$108, DW_AT_decl_file("C:\SIMPLIS simulation\ANPC Final Version\anpc-3layer\TMS320F28004
    1251                      .dwattr $C$DW$108, DW_AT_decl_line(0x1e4)
    1252                      .dwattr $C$DW$108, DW_AT_decl_column(0x05)
    1253              
    1254              $C$DW$109       .dwtag  DW_TAG_enumerator
    1255                      .dwattr $C$DW$109, DW_AT_name("SYSCTL_LSPCLK_PRESCALE_6")
    1256                      .dwattr $C$DW$109, DW_AT_const_value(0x03)
    1257                      .dwattr $C$DW$109, DW_AT_decl_file("C:\SIMPLIS simulation\ANPC Final Version\anpc-3layer\TMS320F28004
    1258                      .dwattr $C$DW$109, DW_AT_decl_line(0x1e5)
    1259                      .dwattr $C$DW$109, DW_AT_decl_column(0x05)
    1260              
    1261              $C$DW$110       .dwtag  DW_TAG_enumerator
    1262                      .dwattr $C$DW$110, DW_AT_name("SYSCTL_LSPCLK_PRESCALE_8")
    1263                      .dwattr $C$DW$110, DW_AT_const_value(0x04)
    1264                      .dwattr $C$DW$110, DW_AT_decl_file("C:\SIMPLIS simulation\ANPC Final Version\anpc-3layer\TMS320F28004
    1265                      .dwattr $C$DW$110, DW_AT_decl_line(0x1e6)
    1266                      .dwattr $C$DW$110, DW_AT_decl_column(0x05)
    1267              
    1268              $C$DW$111       .dwtag  DW_TAG_enumerator
TMS320C2000 Assembler PC v22.6.2 Tue Nov 18 13:15:20 2025

Copyright (c) 1996-2018 Texas Instruments Incorporated
device.asm                                                           PAGE   25

    1269                      .dwattr $C$DW$111, DW_AT_name("SYSCTL_LSPCLK_PRESCALE_10")
    1270                      .dwattr $C$DW$111, DW_AT_const_value(0x05)
    1271                      .dwattr $C$DW$111, DW_AT_decl_file("C:\SIMPLIS simulation\ANPC Final Version\anpc-3layer\TMS320F28004
    1272                      .dwattr $C$DW$111, DW_AT_decl_line(0x1e7)
    1273                      .dwattr $C$DW$111, DW_AT_decl_column(0x05)
    1274              
    1275              $C$DW$112       .dwtag  DW_TAG_enumerator
    1276                      .dwattr $C$DW$112, DW_AT_name("SYSCTL_LSPCLK_PRESCALE_12")
    1277                      .dwattr $C$DW$112, DW_AT_const_value(0x06)
    1278                      .dwattr $C$DW$112, DW_AT_decl_file("C:\SIMPLIS simulation\ANPC Final Version\anpc-3layer\TMS320F28004
    1279                      .dwattr $C$DW$112, DW_AT_decl_line(0x1e8)
    1280                      .dwattr $C$DW$112, DW_AT_decl_column(0x05)
    1281              
    1282              $C$DW$113       .dwtag  DW_TAG_enumerator
    1283                      .dwattr $C$DW$113, DW_AT_name("SYSCTL_LSPCLK_PRESCALE_14")
    1284                      .dwattr $C$DW$113, DW_AT_const_value(0x07)
    1285                      .dwattr $C$DW$113, DW_AT_decl_file("C:\SIMPLIS simulation\ANPC Final Version\anpc-3layer\TMS320F28004
    1286                      .dwattr $C$DW$113, DW_AT_decl_line(0x1e9)
    1287                      .dwattr $C$DW$113, DW_AT_decl_column(0x05)
    1288              
    1289                      .dwattr $C$DW$T$21, DW_AT_decl_file("C:\SIMPLIS simulation\ANPC Final Version\anpc-3layer\TMS320F2800
    1290                      .dwattr $C$DW$T$21, DW_AT_decl_line(0x1e1)
    1291                      .dwattr $C$DW$T$21, DW_AT_decl_column(0x01)
    1292                      .dwendtag $C$DW$T$21
    1293              
    1294                      .dwendtag $C$DW$TU$21
    1295              
    1296              
    1297              $C$DW$TU$22     .dwtag  DW_TAG_type_unit
    1298                      .dwmtype  $C$DW$T$22
    1299              $C$DW$T$22      .dwtag  DW_TAG_typedef
    1300                      .dwattr $C$DW$T$22, DW_AT_name("SysCtl_LSPCLKPrescaler")
    1301                      .dwattr $C$DW$T$22, DW_AT_type(*$C$DW$T$21)
    1302                      .dwattr $C$DW$T$22, DW_AT_decl_file("C:\SIMPLIS simulation\ANPC Final Version\anpc-3layer\TMS320F2800
    1303                      .dwattr $C$DW$T$22, DW_AT_decl_line(0x1ea)
    1304                      .dwattr $C$DW$T$22, DW_AT_decl_column(0x03)
    1305              
    1306                      .dwendtag $C$DW$TU$22
    1307              
    1308              
    1309              $C$DW$TU$23     .dwtag  DW_TAG_type_unit
    1310                      .dwmtype  $C$DW$T$23
    1311              
    1312              $C$DW$T$23      .dwtag  DW_TAG_enumeration_type
    1313                      .dwattr $C$DW$T$23, DW_AT_byte_size(0x01)
    1314              $C$DW$114       .dwtag  DW_TAG_enumerator
    1315                      .dwattr $C$DW$114, DW_AT_name("GPIO_PORT_A")
    1316                      .dwattr $C$DW$114, DW_AT_const_value(0x00)
    1317                      .dwattr $C$DW$114, DW_AT_decl_file("C:/SIMPLIS simulation/ANPC Final Version/anpc-3layer/TMS320F28004
    1318                      .dwattr $C$DW$114, DW_AT_decl_line(0xba)
    1319                      .dwattr $C$DW$114, DW_AT_decl_column(0x05)
    1320              
    1321              $C$DW$115       .dwtag  DW_TAG_enumerator
    1322                      .dwattr $C$DW$115, DW_AT_name("GPIO_PORT_B")
    1323                      .dwattr $C$DW$115, DW_AT_const_value(0x01)
TMS320C2000 Assembler PC v22.6.2 Tue Nov 18 13:15:20 2025

Copyright (c) 1996-2018 Texas Instruments Incorporated
device.asm                                                           PAGE   26

    1324                      .dwattr $C$DW$115, DW_AT_decl_file("C:/SIMPLIS simulation/ANPC Final Version/anpc-3layer/TMS320F28004
    1325                      .dwattr $C$DW$115, DW_AT_decl_line(0xbb)
    1326                      .dwattr $C$DW$115, DW_AT_decl_column(0x05)
    1327              
    1328              $C$DW$116       .dwtag  DW_TAG_enumerator
    1329                      .dwattr $C$DW$116, DW_AT_name("GPIO_PORT_H")
    1330                      .dwattr $C$DW$116, DW_AT_const_value(0x07)
    1331                      .dwattr $C$DW$116, DW_AT_decl_file("C:/SIMPLIS simulation/ANPC Final Version/anpc-3layer/TMS320F28004
    1332                      .dwattr $C$DW$116, DW_AT_decl_line(0xbc)
    1333                      .dwattr $C$DW$116, DW_AT_decl_column(0x05)
    1334              
    1335                      .dwattr $C$DW$T$23, DW_AT_decl_file("C:/SIMPLIS simulation/ANPC Final Version/anpc-3layer/TMS320F2800
    1336                      .dwattr $C$DW$T$23, DW_AT_decl_line(0xb9)
    1337                      .dwattr $C$DW$T$23, DW_AT_decl_column(0x01)
    1338                      .dwendtag $C$DW$T$23
    1339              
    1340                      .dwendtag $C$DW$TU$23
    1341              
    1342              
    1343              $C$DW$TU$24     .dwtag  DW_TAG_type_unit
    1344                      .dwmtype  $C$DW$T$24
    1345              $C$DW$T$24      .dwtag  DW_TAG_typedef
    1346                      .dwattr $C$DW$T$24, DW_AT_name("GPIO_Port")
    1347                      .dwattr $C$DW$T$24, DW_AT_type(*$C$DW$T$23)
    1348                      .dwattr $C$DW$T$24, DW_AT_decl_file("C:/SIMPLIS simulation/ANPC Final Version/anpc-3layer/TMS320F2800
    1349                      .dwattr $C$DW$T$24, DW_AT_decl_line(0xbd)
    1350                      .dwattr $C$DW$T$24, DW_AT_decl_column(0x03)
    1351              
    1352                      .dwendtag $C$DW$TU$24
    1353              
    1354              
    1355              $C$DW$TU$25     .dwtag  DW_TAG_type_unit
    1356                      .dwmtype  $C$DW$T$25
    1357              
    1358              $C$DW$T$25      .dwtag  DW_TAG_enumeration_type
    1359                      .dwattr $C$DW$T$25, DW_AT_byte_size(0x01)
    1360              $C$DW$117       .dwtag  DW_TAG_enumerator
    1361                      .dwattr $C$DW$117, DW_AT_name("GPIO_DIR_MODE_IN")
    1362                      .dwattr $C$DW$117, DW_AT_const_value(0x00)
    1363                      .dwattr $C$DW$117, DW_AT_decl_file("C:/SIMPLIS simulation/ANPC Final Version/anpc-3layer/TMS320F28004
    1364                      .dwattr $C$DW$117, DW_AT_decl_line(0x7c)
    1365                      .dwattr $C$DW$117, DW_AT_decl_column(0x05)
    1366              
    1367              $C$DW$118       .dwtag  DW_TAG_enumerator
    1368                      .dwattr $C$DW$118, DW_AT_name("GPIO_DIR_MODE_OUT")
    1369                      .dwattr $C$DW$118, DW_AT_const_value(0x01)
    1370                      .dwattr $C$DW$118, DW_AT_decl_file("C:/SIMPLIS simulation/ANPC Final Version/anpc-3layer/TMS320F28004
    1371                      .dwattr $C$DW$118, DW_AT_decl_line(0x7d)
    1372                      .dwattr $C$DW$118, DW_AT_decl_column(0x05)
    1373              
    1374                      .dwattr $C$DW$T$25, DW_AT_decl_file("C:/SIMPLIS simulation/ANPC Final Version/anpc-3layer/TMS320F2800
    1375                      .dwattr $C$DW$T$25, DW_AT_decl_line(0x7b)
    1376                      .dwattr $C$DW$T$25, DW_AT_decl_column(0x01)
    1377                      .dwendtag $C$DW$T$25
    1378              
TMS320C2000 Assembler PC v22.6.2 Tue Nov 18 13:15:20 2025

Copyright (c) 1996-2018 Texas Instruments Incorporated
device.asm                                                           PAGE   27

    1379                      .dwendtag $C$DW$TU$25
    1380              
    1381              
    1382              $C$DW$TU$26     .dwtag  DW_TAG_type_unit
    1383                      .dwmtype  $C$DW$T$26
    1384              $C$DW$T$26      .dwtag  DW_TAG_typedef
    1385                      .dwattr $C$DW$T$26, DW_AT_name("GPIO_Direction")
    1386                      .dwattr $C$DW$T$26, DW_AT_type(*$C$DW$T$25)
    1387                      .dwattr $C$DW$T$26, DW_AT_decl_file("C:/SIMPLIS simulation/ANPC Final Version/anpc-3layer/TMS320F2800
    1388                      .dwattr $C$DW$T$26, DW_AT_decl_line(0x7e)
    1389                      .dwattr $C$DW$T$26, DW_AT_decl_column(0x03)
    1390              
    1391                      .dwendtag $C$DW$TU$26
    1392              
    1393              
    1394              $C$DW$TU$27     .dwtag  DW_TAG_type_unit
    1395                      .dwmtype  $C$DW$T$27
    1396              
    1397              $C$DW$T$27      .dwtag  DW_TAG_enumeration_type
    1398                      .dwattr $C$DW$T$27, DW_AT_byte_size(0x01)
    1399              $C$DW$119       .dwtag  DW_TAG_enumerator
    1400                      .dwattr $C$DW$119, DW_AT_name("GPIO_ANALOG_DISABLED")
    1401                      .dwattr $C$DW$119, DW_AT_const_value(0x00)
    1402                      .dwattr $C$DW$119, DW_AT_decl_file("C:/SIMPLIS simulation/ANPC Final Version/anpc-3layer/TMS320F28004
    1403                      .dwattr $C$DW$119, DW_AT_decl_line(0xa2)
    1404                      .dwattr $C$DW$119, DW_AT_decl_column(0x05)
    1405              
    1406              $C$DW$120       .dwtag  DW_TAG_enumerator
    1407                      .dwattr $C$DW$120, DW_AT_name("GPIO_ANALOG_ENABLED")
    1408                      .dwattr $C$DW$120, DW_AT_const_value(0x01)
    1409                      .dwattr $C$DW$120, DW_AT_decl_file("C:/SIMPLIS simulation/ANPC Final Version/anpc-3layer/TMS320F28004
    1410                      .dwattr $C$DW$120, DW_AT_decl_line(0xa3)
    1411                      .dwattr $C$DW$120, DW_AT_decl_column(0x05)
    1412              
    1413                      .dwattr $C$DW$T$27, DW_AT_decl_file("C:/SIMPLIS simulation/ANPC Final Version/anpc-3layer/TMS320F2800
    1414                      .dwattr $C$DW$T$27, DW_AT_decl_line(0xa1)
    1415                      .dwattr $C$DW$T$27, DW_AT_decl_column(0x01)
    1416                      .dwendtag $C$DW$T$27
    1417              
    1418                      .dwendtag $C$DW$TU$27
    1419              
    1420              
    1421              $C$DW$TU$28     .dwtag  DW_TAG_type_unit
    1422                      .dwmtype  $C$DW$T$28
    1423              $C$DW$T$28      .dwtag  DW_TAG_typedef
    1424                      .dwattr $C$DW$T$28, DW_AT_name("GPIO_AnalogMode")
    1425                      .dwattr $C$DW$T$28, DW_AT_type(*$C$DW$T$27)
    1426                      .dwattr $C$DW$T$28, DW_AT_decl_file("C:/SIMPLIS simulation/ANPC Final Version/anpc-3layer/TMS320F2800
    1427                      .dwattr $C$DW$T$28, DW_AT_decl_line(0xa4)
    1428                      .dwattr $C$DW$T$28, DW_AT_decl_column(0x03)
    1429              
    1430                      .dwendtag $C$DW$TU$28
    1431              
    1432              
    1433              $C$DW$TU$2      .dwtag  DW_TAG_type_unit
TMS320C2000 Assembler PC v22.6.2 Tue Nov 18 13:15:20 2025

Copyright (c) 1996-2018 Texas Instruments Incorporated
device.asm                                                           PAGE   28

    1434                      .dwmtype  $C$DW$T$2
    1435              $C$DW$T$2       .dwtag  DW_TAG_unspecified_type
    1436                      .dwattr $C$DW$T$2, DW_AT_name("void")
    1437              
    1438                      .dwendtag $C$DW$TU$2
    1439              
    1440              
    1441              $C$DW$TU$4      .dwtag  DW_TAG_type_unit
    1442                      .dwmtype  $C$DW$T$4
    1443              $C$DW$T$4       .dwtag  DW_TAG_base_type
    1444                      .dwattr $C$DW$T$4, DW_AT_encoding(DW_ATE_boolean)
    1445                      .dwattr $C$DW$T$4, DW_AT_name("bool")
    1446                      .dwattr $C$DW$T$4, DW_AT_byte_size(0x01)
    1447              
    1448                      .dwendtag $C$DW$TU$4
    1449              
    1450              
    1451              $C$DW$TU$5      .dwtag  DW_TAG_type_unit
    1452                      .dwmtype  $C$DW$T$5
    1453              $C$DW$T$5       .dwtag  DW_TAG_base_type
    1454                      .dwattr $C$DW$T$5, DW_AT_encoding(DW_ATE_signed_char)
    1455                      .dwattr $C$DW$T$5, DW_AT_name("signed char")
    1456                      .dwattr $C$DW$T$5, DW_AT_byte_size(0x01)
    1457              
    1458                      .dwendtag $C$DW$TU$5
    1459              
    1460              
    1461              $C$DW$TU$6      .dwtag  DW_TAG_type_unit
    1462                      .dwmtype  $C$DW$T$6
    1463              $C$DW$T$6       .dwtag  DW_TAG_base_type
    1464                      .dwattr $C$DW$T$6, DW_AT_encoding(DW_ATE_unsigned_char)
    1465                      .dwattr $C$DW$T$6, DW_AT_name("unsigned char")
    1466                      .dwattr $C$DW$T$6, DW_AT_byte_size(0x01)
    1467              
    1468                      .dwendtag $C$DW$TU$6
    1469              
    1470              
    1471              $C$DW$TU$7      .dwtag  DW_TAG_type_unit
    1472                      .dwmtype  $C$DW$T$7
    1473              $C$DW$T$7       .dwtag  DW_TAG_base_type
    1474                      .dwattr $C$DW$T$7, DW_AT_encoding(DW_ATE_signed_char)
    1475                      .dwattr $C$DW$T$7, DW_AT_name("wchar_t")
    1476                      .dwattr $C$DW$T$7, DW_AT_byte_size(0x02)
    1477              
    1478                      .dwendtag $C$DW$TU$7
    1479              
    1480              
    1481              $C$DW$TU$8      .dwtag  DW_TAG_type_unit
    1482                      .dwmtype  $C$DW$T$8
    1483              $C$DW$T$8       .dwtag  DW_TAG_base_type
    1484                      .dwattr $C$DW$T$8, DW_AT_encoding(DW_ATE_signed)
    1485                      .dwattr $C$DW$T$8, DW_AT_name("short")
    1486                      .dwattr $C$DW$T$8, DW_AT_byte_size(0x01)
    1487              
    1488                      .dwendtag $C$DW$TU$8
TMS320C2000 Assembler PC v22.6.2 Tue Nov 18 13:15:20 2025

Copyright (c) 1996-2018 Texas Instruments Incorporated
device.asm                                                           PAGE   29

    1489              
    1490              
    1491              $C$DW$TU$9      .dwtag  DW_TAG_type_unit
    1492                      .dwmtype  $C$DW$T$9
    1493              $C$DW$T$9       .dwtag  DW_TAG_base_type
    1494                      .dwattr $C$DW$T$9, DW_AT_encoding(DW_ATE_unsigned)
    1495                      .dwattr $C$DW$T$9, DW_AT_name("unsigned short")
    1496                      .dwattr $C$DW$T$9, DW_AT_byte_size(0x01)
    1497              
    1498                      .dwendtag $C$DW$TU$9
    1499              
    1500              
    1501              $C$DW$TU$10     .dwtag  DW_TAG_type_unit
    1502                      .dwmtype  $C$DW$T$10
    1503              $C$DW$T$10      .dwtag  DW_TAG_base_type
    1504                      .dwattr $C$DW$T$10, DW_AT_encoding(DW_ATE_signed)
    1505                      .dwattr $C$DW$T$10, DW_AT_name("int")
    1506                      .dwattr $C$DW$T$10, DW_AT_byte_size(0x01)
    1507              
    1508                      .dwendtag $C$DW$TU$10
    1509              
    1510              
    1511              $C$DW$TU$11     .dwtag  DW_TAG_type_unit
    1512                      .dwmtype  $C$DW$T$11
    1513              $C$DW$T$11      .dwtag  DW_TAG_base_type
    1514                      .dwattr $C$DW$T$11, DW_AT_encoding(DW_ATE_unsigned)
    1515                      .dwattr $C$DW$T$11, DW_AT_name("unsigned int")
    1516                      .dwattr $C$DW$T$11, DW_AT_byte_size(0x01)
    1517              
    1518                      .dwendtag $C$DW$TU$11
    1519              
    1520              
    1521              $C$DW$TU$39     .dwtag  DW_TAG_type_unit
    1522                      .dwmtype  $C$DW$T$39
    1523              $C$DW$T$39      .dwtag  DW_TAG_typedef
    1524                      .dwattr $C$DW$T$39, DW_AT_name("__uint16_t")
    1525                      .dwattr $C$DW$T$39, DW_AT_type(*$C$DW$T$11)
    1526                      .dwattr $C$DW$T$39, DW_AT_decl_file("C:/ti/ccs2030/ccs/tools/compiler/ti-cgt-c2000_22.6.2.LTS/include
    1527                      .dwattr $C$DW$T$39, DW_AT_decl_line(0x41)
    1528                      .dwattr $C$DW$T$39, DW_AT_decl_column(0x1c)
    1529              
    1530                      .dwendtag $C$DW$TU$39
    1531              
    1532              
    1533              $C$DW$TU$40     .dwtag  DW_TAG_type_unit
    1534                      .dwmtype  $C$DW$T$40
    1535              $C$DW$T$40      .dwtag  DW_TAG_typedef
    1536                      .dwattr $C$DW$T$40, DW_AT_name("uint16_t")
    1537                      .dwattr $C$DW$T$40, DW_AT_type(*$C$DW$T$39)
    1538                      .dwattr $C$DW$T$40, DW_AT_decl_file("C:/ti/ccs2030/ccs/tools/compiler/ti-cgt-c2000_22.6.2.LTS/include
    1539                      .dwattr $C$DW$T$40, DW_AT_decl_line(0x41)
    1540                      .dwattr $C$DW$T$40, DW_AT_decl_column(0x15)
    1541              
    1542                      .dwendtag $C$DW$TU$40
    1543              
TMS320C2000 Assembler PC v22.6.2 Tue Nov 18 13:15:20 2025

Copyright (c) 1996-2018 Texas Instruments Incorporated
device.asm                                                           PAGE   30

    1544              
    1545              $C$DW$TU$12     .dwtag  DW_TAG_type_unit
    1546                      .dwmtype  $C$DW$T$12
    1547              $C$DW$T$12      .dwtag  DW_TAG_base_type
    1548                      .dwattr $C$DW$T$12, DW_AT_encoding(DW_ATE_signed)
    1549                      .dwattr $C$DW$T$12, DW_AT_name("long")
    1550                      .dwattr $C$DW$T$12, DW_AT_byte_size(0x02)
    1551              
    1552                      .dwendtag $C$DW$TU$12
    1553              
    1554              
    1555              $C$DW$TU$13     .dwtag  DW_TAG_type_unit
    1556                      .dwmtype  $C$DW$T$13
    1557              $C$DW$T$13      .dwtag  DW_TAG_base_type
    1558                      .dwattr $C$DW$T$13, DW_AT_encoding(DW_ATE_unsigned)
    1559                      .dwattr $C$DW$T$13, DW_AT_name("unsigned long")
    1560                      .dwattr $C$DW$T$13, DW_AT_byte_size(0x02)
    1561              
    1562                      .dwendtag $C$DW$TU$13
    1563              
    1564              
    1565              $C$DW$TU$35     .dwtag  DW_TAG_type_unit
    1566                      .dwmtype  $C$DW$T$35
    1567              $C$DW$T$35      .dwtag  DW_TAG_typedef
    1568                      .dwattr $C$DW$T$35, DW_AT_name("__uint32_t")
    1569                      .dwattr $C$DW$T$35, DW_AT_type(*$C$DW$T$13)
    1570                      .dwattr $C$DW$T$35, DW_AT_decl_file("C:/ti/ccs2030/ccs/tools/compiler/ti-cgt-c2000_22.6.2.LTS/include
    1571                      .dwattr $C$DW$T$35, DW_AT_decl_line(0x43)
    1572                      .dwattr $C$DW$T$35, DW_AT_decl_column(0x1c)
    1573              
    1574                      .dwendtag $C$DW$TU$35
    1575              
    1576              
    1577              $C$DW$TU$36     .dwtag  DW_TAG_type_unit
    1578                      .dwmtype  $C$DW$T$36
    1579              $C$DW$T$36      .dwtag  DW_TAG_typedef
    1580                      .dwattr $C$DW$T$36, DW_AT_name("uint32_t")
    1581                      .dwattr $C$DW$T$36, DW_AT_type(*$C$DW$T$35)
    1582                      .dwattr $C$DW$T$36, DW_AT_decl_file("C:/ti/ccs2030/ccs/tools/compiler/ti-cgt-c2000_22.6.2.LTS/include
    1583                      .dwattr $C$DW$T$36, DW_AT_decl_line(0x46)
    1584                      .dwattr $C$DW$T$36, DW_AT_decl_column(0x15)
    1585              
    1586                      .dwendtag $C$DW$TU$36
    1587              
    1588              
    1589              $C$DW$TU$14     .dwtag  DW_TAG_type_unit
    1590                      .dwmtype  $C$DW$T$14
    1591              $C$DW$T$14      .dwtag  DW_TAG_base_type
    1592                      .dwattr $C$DW$T$14, DW_AT_encoding(DW_ATE_signed)
    1593                      .dwattr $C$DW$T$14, DW_AT_name("long long")
    1594                      .dwattr $C$DW$T$14, DW_AT_byte_size(0x04)
    1595              
    1596                      .dwendtag $C$DW$TU$14
    1597              
    1598              
TMS320C2000 Assembler PC v22.6.2 Tue Nov 18 13:15:20 2025

Copyright (c) 1996-2018 Texas Instruments Incorporated
device.asm                                                           PAGE   31

    1599              $C$DW$TU$15     .dwtag  DW_TAG_type_unit
    1600                      .dwmtype  $C$DW$T$15
    1601              $C$DW$T$15      .dwtag  DW_TAG_base_type
    1602                      .dwattr $C$DW$T$15, DW_AT_encoding(DW_ATE_unsigned)
    1603                      .dwattr $C$DW$T$15, DW_AT_name("unsigned long long")
    1604                      .dwattr $C$DW$T$15, DW_AT_byte_size(0x04)
    1605              
    1606                      .dwendtag $C$DW$TU$15
    1607              
    1608              
    1609              $C$DW$TU$16     .dwtag  DW_TAG_type_unit
    1610                      .dwmtype  $C$DW$T$16
    1611              $C$DW$T$16      .dwtag  DW_TAG_base_type
    1612                      .dwattr $C$DW$T$16, DW_AT_encoding(DW_ATE_float)
    1613                      .dwattr $C$DW$T$16, DW_AT_name("float")
    1614                      .dwattr $C$DW$T$16, DW_AT_byte_size(0x02)
    1615              
    1616                      .dwendtag $C$DW$TU$16
    1617              
    1618              
    1619              $C$DW$TU$17     .dwtag  DW_TAG_type_unit
    1620                      .dwmtype  $C$DW$T$17
    1621              $C$DW$T$17      .dwtag  DW_TAG_base_type
    1622                      .dwattr $C$DW$T$17, DW_AT_encoding(DW_ATE_float)
    1623                      .dwattr $C$DW$T$17, DW_AT_name("double")
    1624                      .dwattr $C$DW$T$17, DW_AT_byte_size(0x04)
    1625              
    1626                      .dwendtag $C$DW$TU$17
    1627              
    1628              
    1629              $C$DW$TU$18     .dwtag  DW_TAG_type_unit
    1630                      .dwmtype  $C$DW$T$18
    1631              $C$DW$T$18      .dwtag  DW_TAG_base_type
    1632                      .dwattr $C$DW$T$18, DW_AT_encoding(DW_ATE_float)
    1633                      .dwattr $C$DW$T$18, DW_AT_name("long double")
    1634                      .dwattr $C$DW$T$18, DW_AT_byte_size(0x04)
    1635              
    1636                      .dwendtag $C$DW$TU$18
    1637              
    1638              
    1639              $C$DW$TU$51     .dwtag  DW_TAG_type_unit
    1640                      .dwmtype  $C$DW$T$51
    1641              $C$DW$121       .dwtag  DW_TAG_TI_far_type
    1642                      .dwattr $C$DW$121, DW_AT_type(*$C$DW$T$5)
    1643              
    1644              $C$DW$T$51      .dwtag  DW_TAG_const_type
    1645                      .dwattr $C$DW$T$51, DW_AT_type(*$C$DW$121)
    1646              
    1647                      .dwendtag $C$DW$TU$51
    1648              
    1649              
    1650              $C$DW$TU$52     .dwtag  DW_TAG_type_unit
    1651                      .dwmtype  $C$DW$T$52
    1652              $C$DW$T$52      .dwtag  DW_TAG_pointer_type
    1653                      .dwattr $C$DW$T$52, DW_AT_type(*$C$DW$T$51)
TMS320C2000 Assembler PC v22.6.2 Tue Nov 18 13:15:20 2025

Copyright (c) 1996-2018 Texas Instruments Incorporated
device.asm                                                           PAGE   32

    1654                      .dwattr $C$DW$T$52, DW_AT_address_class(0x20)
    1655              
    1656                      .dwendtag $C$DW$TU$52
    1657              
    1658              
    1659              $C$DW$TU$63     .dwtag  DW_TAG_type_unit
    1660                      .dwmtype  $C$DW$T$63
    1661              $C$DW$T$63      .dwtag  DW_TAG_base_type
    1662                      .dwattr $C$DW$T$63, DW_AT_encoding(DW_ATE_unsigned_char)
    1663                      .dwattr $C$DW$T$63, DW_AT_name("unsigned char")
    1664                      .dwattr $C$DW$T$63, DW_AT_byte_size(0x01)
    1665              
    1666                      .dwendtag $C$DW$TU$63
    1667              

No Assembly Errors, No Assembly Warnings
