TMS320C2000 Assembler PC v22.6.2 Tue Nov 18 13:15:19 2025

Copyright (c) 1996-2018 Texas Instruments Incorporated
mid_library_adc.asm                                                  PAGE    1

       1              ;***************************************************************
       2              ;* TMS320C2000 G3 C/C++ Codegen                               PC v22.6.2.LTS *
       3              ;* Date/Time created: Tue Nov 18 13:15:19 2025                 *
       4              ;***************************************************************
       5                      .compiler_opts --abi=eabi --cla_support=cla2 --diag_wrap=off --float_support=fpu32 --hll_source=on --
       6                      .asg    XAR2, FP
       7              
       8              $C$DW$CU        .dwtag  DW_TAG_compile_unit
       9                      .dwattr $C$DW$CU, DW_AT_name("C:/SIMPLIS simulation/ANPC Final Version/anpc-3layer/Source/mid/library
      10                      .dwattr $C$DW$CU, DW_AT_producer("TI TMS320C2000 G3 C/C++ Codegen PC v22.6.2.LTS Copyright (c) 1996-2
      11                      .dwattr $C$DW$CU, DW_AT_TI_version(0x01)
      12                      .dwattr $C$DW$CU, DW_AT_comp_dir("C:\SIMPLIS simulation\ANPC Final Version\anpc-3layer\TMS320F280049C
      13              ;       C:\ti\ccs2030\ccs\tools\compiler\ti-cgt-c2000_22.6.2.LTS\bin\opt2000.exe C:\\Users\\justs\\AppData\\L
      14              ;       C:\ti\ccs2030\ccs\tools\compiler\ti-cgt-c2000_22.6.2.LTS\bin\acia2000.exe -@C:\\Users\\justs\\AppData
      15 00000000               .sect   ".text"
      16                      .clink
      17                      .global ||adc_UpdateAvg||
      18              
      19              $C$DW$1 .dwtag  DW_TAG_subprogram
      20                      .dwattr $C$DW$1, DW_AT_name("adc_UpdateAvg")
      21                      .dwattr $C$DW$1, DW_AT_low_pc(||adc_UpdateAvg||)
      22                      .dwattr $C$DW$1, DW_AT_high_pc(0x00)
      23                      .dwattr $C$DW$1, DW_AT_linkage_name("adc_UpdateAvg")
      24                      .dwattr $C$DW$1, DW_AT_external
      25                      .dwattr $C$DW$1, DW_AT_type(*$C$DW$T$20)
      26                      .dwattr $C$DW$1, DW_AT_decl_file("C:/SIMPLIS simulation/ANPC Final Version/anpc-3layer/Source/mid/lib
      27                      .dwattr $C$DW$1, DW_AT_decl_line(0x34)
      28                      .dwattr $C$DW$1, DW_AT_decl_column(0x0b)
      29                      .dwattr $C$DW$1, DW_AT_TI_max_frame_size(-2)
      30                      .dwpsn  file "C:/SIMPLIS simulation/ANPC Final Version/anpc-3layer/Source/mid/library/mid_library_adc
      31              
      32                      .dwfde $C$DW$CIE, ||adc_UpdateAvg||
      33              $C$DW$2 .dwtag  DW_TAG_formal_parameter
      34                      .dwattr $C$DW$2, DW_AT_name("tADC")
      35                      .dwattr $C$DW$2, DW_AT_type(*$C$DW$T$28)
      36                      .dwattr $C$DW$2, DW_AT_location[DW_OP_reg12]
      37              
      38              
      39              ;***************************************************************
      40              ;* FNAME: adc_UpdateAvg                 FR SIZE:   0           *
      41              ;*                                                             *
      42              ;* FUNCTION ENVIRONMENT                                        *
      43              ;*                                                             *
      44              ;* FUNCTION PROPERTIES                                         *
      45              ;*                            0 Parameter,  0 Auto,  0 SOE     *
      46              ;***************************************************************
      47              
      48              ||adc_UpdateAvg||:
      49              ;* AL    assigned to $O$v3
      50              ;* AL    assigned to $O$v2
      51              ;* AL    assigned to $O$v1
      52              ;* AR4   assigned to tADC
      53              $C$DW$3 .dwtag  DW_TAG_variable
      54                      .dwattr $C$DW$3, DW_AT_name("tADC")
      55                      .dwattr $C$DW$3, DW_AT_type(*$C$DW$T$46)
TMS320C2000 Assembler PC v22.6.2 Tue Nov 18 13:15:19 2025

Copyright (c) 1996-2018 Texas Instruments Incorporated
mid_library_adc.asm                                                  PAGE    2

      56                      .dwattr $C$DW$3, DW_AT_location[DW_OP_reg12]
      57              
      58                      .dwcfi  cfa_offset, -2
      59                      .dwcfi  save_reg_to_mem, 26, 0
      60                      .dwpsn  file "C:/SIMPLIS simulation/ANPC Final Version/anpc-3layer/Source/mid/library/mid_library_adc
      61 00000000 06E4          MOVL      ACC,*+XAR4[4]         ; [CPU_ALU] |54| 
      62                      .dwpsn  file "C:/SIMPLIS simulation/ANPC Final Version/anpc-3layer/Source/mid/library/mid_library_adc
      63 00000001 83C4          MOVL      XAR5,*+XAR4[0]        ; [CPU_ALU] |55| 
      64                      .dwpsn  file "C:/SIMPLIS simulation/ANPC Final Version/anpc-3layer/Source/mid/library/mid_library_adc
      65 00000002 2DF4          MOV       T,*+XAR4[6]           ; [CPU_ALU] |56| 
      66                      .dwpsn  file "C:/SIMPLIS simulation/ANPC Final Version/anpc-3layer/Source/mid/library/mid_library_adc
      67 00000003 01D4          SUBU      ACC,*+XAR4[2]         ; [CPU_ALU] |54| 
      68 00000004 1EE4          MOVL      *+XAR4[4],ACC         ; [CPU_ALU] |54| 
      69                      .dwpsn  file "C:/SIMPLIS simulation/ANPC Final Version/anpc-3layer/Source/mid/library/mid_library_adc
      70 00000005 0DC5          ADDU      ACC,*+XAR5[0]         ; [CPU_ALU] |55| 
      71 00000006 1EE4          MOVL      *+XAR4[4],ACC         ; [CPU_ALU] |55| 
      72                      .dwpsn  file "C:/SIMPLIS simulation/ANPC Final Version/anpc-3layer/Source/mid/library/mid_library_adc
      73 00000007 5622          LSRL      ACC,T                 ; [CPU_ALU] |56| 
      74 00000008 96D4          MOV       *+XAR4[2],AL          ; [CPU_ALU] |56| 
      75              $C$DW$4 .dwtag  DW_TAG_TI_branch
      76                      .dwattr $C$DW$4, DW_AT_low_pc(0x00)
      77                      .dwattr $C$DW$4, DW_AT_TI_return
      78              
      79 00000009 0006          LRETR     ; [CPU_ALU] 
      80                      ; return occurs ; [] 
      81                      .dwattr $C$DW$1, DW_AT_TI_end_file("C:/SIMPLIS simulation/ANPC Final Version/anpc-3layer/Source/mid/l
      82                      .dwattr $C$DW$1, DW_AT_TI_end_line(0x3b)
      83                      .dwattr $C$DW$1, DW_AT_TI_end_column(0x01)
      84                      .dwendentry
      85                      .dwendtag $C$DW$1
      86              
      87 0000000a               .sect   ".text"
      88                      .clink
      89                      .global ||adc_SetAvg||
      90              
      91              $C$DW$5 .dwtag  DW_TAG_subprogram
      92                      .dwattr $C$DW$5, DW_AT_name("adc_SetAvg")
      93                      .dwattr $C$DW$5, DW_AT_low_pc(||adc_SetAvg||)
      94                      .dwattr $C$DW$5, DW_AT_high_pc(0x00)
      95                      .dwattr $C$DW$5, DW_AT_linkage_name("adc_SetAvg")
      96                      .dwattr $C$DW$5, DW_AT_external
      97                      .dwattr $C$DW$5, DW_AT_decl_file("C:/SIMPLIS simulation/ANPC Final Version/anpc-3layer/Source/mid/lib
      98                      .dwattr $C$DW$5, DW_AT_decl_line(0x1b)
      99                      .dwattr $C$DW$5, DW_AT_decl_column(0x07)
     100                      .dwattr $C$DW$5, DW_AT_TI_max_frame_size(-2)
     101                      .dwpsn  file "C:/SIMPLIS simulation/ANPC Final Version/anpc-3layer/Source/mid/library/mid_library_adc
     102              
     103                      .dwfde $C$DW$CIE, ||adc_SetAvg||
     104              $C$DW$6 .dwtag  DW_TAG_formal_parameter
     105                      .dwattr $C$DW$6, DW_AT_name("tADC")
     106                      .dwattr $C$DW$6, DW_AT_type(*$C$DW$T$28)
     107                      .dwattr $C$DW$6, DW_AT_location[DW_OP_reg12]
     108              
     109              $C$DW$7 .dwtag  DW_TAG_formal_parameter
     110                      .dwattr $C$DW$7, DW_AT_name("u16NewAvg")
TMS320C2000 Assembler PC v22.6.2 Tue Nov 18 13:15:19 2025

Copyright (c) 1996-2018 Texas Instruments Incorporated
mid_library_adc.asm                                                  PAGE    3

     111                      .dwattr $C$DW$7, DW_AT_type(*$C$DW$T$20)
     112                      .dwattr $C$DW$7, DW_AT_location[DW_OP_reg0]
     113              
     114              
     115              ;***************************************************************
     116              ;* FNAME: adc_SetAvg                    FR SIZE:   0           *
     117              ;*                                                             *
     118              ;* FUNCTION ENVIRONMENT                                        *
     119              ;*                                                             *
     120              ;* FUNCTION PROPERTIES                                         *
     121              ;*                            0 Parameter,  0 Auto,  0 SOE     *
     122              ;***************************************************************
     123              
     124              ||adc_SetAvg||:
     125              ;* AR4   assigned to tADC
     126              $C$DW$8 .dwtag  DW_TAG_variable
     127                      .dwattr $C$DW$8, DW_AT_name("tADC")
     128                      .dwattr $C$DW$8, DW_AT_type(*$C$DW$T$46)
     129                      .dwattr $C$DW$8, DW_AT_location[DW_OP_reg12]
     130              
     131              ;* AR6   assigned to u16NewAvg
     132              $C$DW$9 .dwtag  DW_TAG_variable
     133                      .dwattr $C$DW$9, DW_AT_name("u16NewAvg")
     134                      .dwattr $C$DW$9, DW_AT_type(*$C$DW$T$29)
     135                      .dwattr $C$DW$9, DW_AT_location[DW_OP_reg16]
     136              
     137                      .dwcfi  cfa_offset, -2
     138                      .dwcfi  save_reg_to_mem, 26, 0
     139 0000000a 88A9          MOVZ      AR6,AL                ; [CPU_ALU] |28| 
     140                      .dwpsn  file "C:/SIMPLIS simulation/ANPC Final Version/anpc-3layer/Source/mid/library/mid_library_adc
     141 0000000b 96D4          MOV       *+XAR4[2],AL          ; [CPU_ALU] |29| 
     142                      .dwpsn  file "C:/SIMPLIS simulation/ANPC Final Version/anpc-3layer/Source/mid/library/mid_library_adc
     143 0000000c 2DF4          MOV       T,*+XAR4[6]           ; [CPU_ALU] |30| 
     144 0000000d 0EA6          MOVU      ACC,AR6               ; [CPU_ALU] |30| 
     145 0000000e 563B          LSLL      ACC,T                 ; [CPU_ALU] |30| 
     146 0000000f 1EE4          MOVL      *+XAR4[4],ACC         ; [CPU_ALU] |30| 
     147              $C$DW$10        .dwtag  DW_TAG_TI_branch
     148                      .dwattr $C$DW$10, DW_AT_low_pc(0x00)
     149                      .dwattr $C$DW$10, DW_AT_TI_return
     150              
     151 00000010 0006          LRETR     ; [CPU_ALU] 
     152                      ; return occurs ; [] 
     153                      .dwattr $C$DW$5, DW_AT_TI_end_file("C:/SIMPLIS simulation/ANPC Final Version/anpc-3layer/Source/mid/l
     154                      .dwattr $C$DW$5, DW_AT_TI_end_line(0x1f)
     155                      .dwattr $C$DW$5, DW_AT_TI_end_column(0x01)
     156                      .dwendentry
     157                      .dwendtag $C$DW$5
     158              
     159 00000000               .sect   ".text:__signbitl"
     160                      .clink
     161                      .global ||__signbitl||
     162              
     163              $C$DW$11        .dwtag  DW_TAG_subprogram
     164                      .dwattr $C$DW$11, DW_AT_name("__signbitl")
     165                      .dwattr $C$DW$11, DW_AT_low_pc(||__signbitl||)
TMS320C2000 Assembler PC v22.6.2 Tue Nov 18 13:15:19 2025

Copyright (c) 1996-2018 Texas Instruments Incorporated
mid_library_adc.asm                                                  PAGE    4

     166                      .dwattr $C$DW$11, DW_AT_high_pc(0x00)
     167                      .dwattr $C$DW$11, DW_AT_linkage_name("__signbitl")
     168                      .dwattr $C$DW$11, DW_AT_external
     169                      .dwattr $C$DW$11, DW_AT_type(*$C$DW$T$10)
     170                      .dwattr $C$DW$11, DW_AT_decl_file("C:/ti/ccs2030/ccs/tools/compiler/ti-cgt-c2000_22.6.2.LTS/include/_
     171                      .dwattr $C$DW$11, DW_AT_decl_line(0x16f)
     172                      .dwattr $C$DW$11, DW_AT_decl_column(0x18)
     173                      .dwattr $C$DW$11, DW_AT_TI_max_frame_size(-6)
     174                      .dwpsn  file "C:/ti/ccs2030/ccs/tools/compiler/ti-cgt-c2000_22.6.2.LTS/include/_defs.h",line 368,colu
     175              
     176                      .dwfde $C$DW$CIE, ||__signbitl||
     177              $C$DW$12        .dwtag  DW_TAG_formal_parameter
     178                      .dwattr $C$DW$12, DW_AT_name("e")
     179                      .dwattr $C$DW$12, DW_AT_type(*$C$DW$T$44)
     180                      .dwattr $C$DW$12, DW_AT_location[DW_OP_reg12]
     181              
     182              
     183              ;***************************************************************
     184              ;* FNAME: __signbitl                    FR SIZE:   4           *
     185              ;*                                                             *
     186              ;* FUNCTION ENVIRONMENT                                        *
     187              ;*                                                             *
     188              ;* FUNCTION PROPERTIES                                         *
     189              ;*                            4 Parameter,  0 Auto,  0 SOE     *
     190              ;***************************************************************
     191              
     192              ||__signbitl||:
     193              ;* AR4   assigned to e
     194              $C$DW$13        .dwtag  DW_TAG_variable
     195                      .dwattr $C$DW$13, DW_AT_name("e")
     196                      .dwattr $C$DW$13, DW_AT_type(*$C$DW$T$45)
     197                      .dwattr $C$DW$13, DW_AT_location[DW_OP_reg12]
     198              
     199                      .dwcfi  cfa_offset, -2
     200                      .dwcfi  save_reg_to_mem, 26, 0
     201 00000000 FE04          ADDB      SP,#4                 ; [CPU_ARAU] 
     202                      .dwcfi  cfa_offset, -6
     203                      .dwpsn  file "C:/ti/ccs2030/ccs/tools/compiler/ti-cgt-c2000_22.6.2.LTS/include/_defs.h",line 368,colu
     204 00000001 0200          MOVB      ACC,#0                ; [CPU_ALU] |368| 
     205 00000002 1E44          MOVL      *-SP[4],ACC           ; [CPU_ALU] |368| 
     206 00000003 2B42          MOV       *-SP[2],#0            ; [CPU_ALU] |368| 
     207 00000004 2B41          MOV       *-SP[1],#0            ; [CPU_ALU] |368| 
     208 00000005 A3C4          MOVL      P,*+XAR4[0]           ; [CPU_ALU] |368| 
     209 00000006 06D4          MOVL      ACC,*+XAR4[2]         ; [CPU_ALU] |368| 
     210 00000007 18AB          AND       PL,#0                 ; [CPU_ALU] |368| 
         00000008 0000 
     211 00000009 18AA          AND       PH,#0                 ; [CPU_ALU] |368| 
         0000000a 0000 
     212 0000000b 9000          ANDB      AL,#0                 ; [CPU_ALU] |368| 
     213 0000000c 18A8          AND       AH,#32768             ; [CPU_ALU] |368| 
         0000000d 8000 
     214              $C$DW$14        .dwtag  DW_TAG_TI_branch
     215                      .dwattr $C$DW$14, DW_AT_low_pc(0x00)
     216                      .dwattr $C$DW$14, DW_AT_name("__c28xabi_cmpull")
     217                      .dwattr $C$DW$14, DW_AT_TI_call
TMS320C2000 Assembler PC v22.6.2 Tue Nov 18 13:15:19 2025

Copyright (c) 1996-2018 Texas Instruments Incorporated
mid_library_adc.asm                                                  PAGE    5

     218              
     219 0000000e 7640!         LCR       #||__c28xabi_cmpull|| ; [CPU_ALU] |368| 
         0000000f 0000 
     220                      ; call occurs [#||__c28xabi_cmpull||] ; [] |368| 
     221 00000010 9B00          MOVB      AH,#0                 ; [CPU_ALU] |368| 
     222 00000011 5200          CMPB      AL,#0                 ; [CPU_ALU] |368| 
     223 00000012 56B0          MOVB      AH,#1,NEQ             ; [CPU_ALU] |368| 
         00000013 01A8 
     224 00000014 92A8          MOV       AL,AH                 ; [CPU_ALU] |368| 
     225 00000015 FE84          SUBB      SP,#4                 ; [CPU_ARAU] 
     226                      .dwcfi  cfa_offset, -2
     227              $C$DW$15        .dwtag  DW_TAG_TI_branch
     228                      .dwattr $C$DW$15, DW_AT_low_pc(0x00)
     229                      .dwattr $C$DW$15, DW_AT_TI_return
     230              
     231 00000016 0006          LRETR     ; [CPU_ALU] 
     232                      ; return occurs ; [] 
     233                      .dwattr $C$DW$11, DW_AT_TI_end_file("C:/ti/ccs2030/ccs/tools/compiler/ti-cgt-c2000_22.6.2.LTS/include
     234                      .dwattr $C$DW$11, DW_AT_TI_end_line(0x170)
     235                      .dwattr $C$DW$11, DW_AT_TI_end_column(0x2b)
     236                      .dwendentry
     237                      .dwendtag $C$DW$11
     238              
     239 00000000               .sect   ".text:__signbitf"
     240                      .clink
     241                      .global ||__signbitf||
     242              
     243              $C$DW$16        .dwtag  DW_TAG_subprogram
     244                      .dwattr $C$DW$16, DW_AT_name("__signbitf")
     245                      .dwattr $C$DW$16, DW_AT_low_pc(||__signbitf||)
     246                      .dwattr $C$DW$16, DW_AT_high_pc(0x00)
     247                      .dwattr $C$DW$16, DW_AT_linkage_name("__signbitf")
     248                      .dwattr $C$DW$16, DW_AT_external
     249                      .dwattr $C$DW$16, DW_AT_type(*$C$DW$T$10)
     250                      .dwattr $C$DW$16, DW_AT_decl_file("C:/ti/ccs2030/ccs/tools/compiler/ti-cgt-c2000_22.6.2.LTS/include/_
     251                      .dwattr $C$DW$16, DW_AT_decl_line(0x16d)
     252                      .dwattr $C$DW$16, DW_AT_decl_column(0x18)
     253                      .dwattr $C$DW$16, DW_AT_TI_max_frame_size(-2)
     254                      .dwpsn  file "C:/ti/ccs2030/ccs/tools/compiler/ti-cgt-c2000_22.6.2.LTS/include/_defs.h",line 366,colu
     255              
     256                      .dwfde $C$DW$CIE, ||__signbitf||
     257              $C$DW$17        .dwtag  DW_TAG_formal_parameter
     258                      .dwattr $C$DW$17, DW_AT_name("f")
     259                      .dwattr $C$DW$17, DW_AT_type(*$C$DW$T$16)
     260                      .dwattr $C$DW$17, DW_AT_location[DW_OP_regx 0x2b]
     261              
     262              
     263              ;***************************************************************
     264              ;* FNAME: __signbitf                    FR SIZE:   0           *
     265              ;*                                                             *
     266              ;* FUNCTION ENVIRONMENT                                        *
     267              ;*                                                             *
     268              ;* FUNCTION PROPERTIES                                         *
     269              ;*                            0 Parameter,  0 Auto,  0 SOE     *
     270              ;***************************************************************
TMS320C2000 Assembler PC v22.6.2 Tue Nov 18 13:15:19 2025

Copyright (c) 1996-2018 Texas Instruments Incorporated
mid_library_adc.asm                                                  PAGE    6

     271              
     272              ||__signbitf||:
     273              ;* R0    assigned to f
     274              $C$DW$18        .dwtag  DW_TAG_variable
     275                      .dwattr $C$DW$18, DW_AT_name("f")
     276                      .dwattr $C$DW$18, DW_AT_type(*$C$DW$T$41)
     277                      .dwattr $C$DW$18, DW_AT_location[DW_OP_regx 0x2b]
     278              
     279                      .dwcfi  cfa_offset, -2
     280                      .dwcfi  save_reg_to_mem, 26, 0
     281                      .dwpsn  file "C:/ti/ccs2030/ccs/tools/compiler/ti-cgt-c2000_22.6.2.LTS/include/_defs.h",line 366,colu
     282 00000000 BFA9          MOV32     ACC,R0H               ; [CPU_FPU] |366| 
         00000001 0F12 
     283 00000002 BE00          MOVB      XAR6,#0               ; [CPU_ALU] |366| 
     284 00000003 9000          ANDB      AL,#0                 ; [CPU_ALU] |366| 
     285 00000004 18A8          AND       AH,#32768             ; [CPU_ALU] |366| 
         00000005 8000 
     286 00000006 FF58          TEST      ACC                   ; [CPU_ALU] |366| 
     287 00000007 56B0          MOVB      XAR6,#1,NEQ           ; [CPU_ALU] |366| 
         00000008 01A6 
     288 00000009 92A6          MOV       AL,AR6                ; [CPU_ALU] |366| 
     289              $C$DW$19        .dwtag  DW_TAG_TI_branch
     290                      .dwattr $C$DW$19, DW_AT_low_pc(0x00)
     291                      .dwattr $C$DW$19, DW_AT_TI_return
     292              
     293 0000000a 0006          LRETR     ; [CPU_ALU] 
     294                      ; return occurs ; [] 
     295                      .dwattr $C$DW$16, DW_AT_TI_end_file("C:/ti/ccs2030/ccs/tools/compiler/ti-cgt-c2000_22.6.2.LTS/include
     296                      .dwattr $C$DW$16, DW_AT_TI_end_line(0x16e)
     297                      .dwattr $C$DW$16, DW_AT_TI_end_column(0x29)
     298                      .dwendentry
     299                      .dwendtag $C$DW$16
     300              
     301 00000000               .sect   ".text:__signbit"
     302                      .clink
     303                      .global ||__signbit||
     304              
     305              $C$DW$20        .dwtag  DW_TAG_subprogram
     306                      .dwattr $C$DW$20, DW_AT_name("__signbit")
     307                      .dwattr $C$DW$20, DW_AT_low_pc(||__signbit||)
     308                      .dwattr $C$DW$20, DW_AT_high_pc(0x00)
     309                      .dwattr $C$DW$20, DW_AT_linkage_name("__signbit")
     310                      .dwattr $C$DW$20, DW_AT_external
     311                      .dwattr $C$DW$20, DW_AT_type(*$C$DW$T$10)
     312                      .dwattr $C$DW$20, DW_AT_decl_file("C:/ti/ccs2030/ccs/tools/compiler/ti-cgt-c2000_22.6.2.LTS/include/_
     313                      .dwattr $C$DW$20, DW_AT_decl_line(0x16b)
     314                      .dwattr $C$DW$20, DW_AT_decl_column(0x18)
     315                      .dwattr $C$DW$20, DW_AT_TI_max_frame_size(-6)
     316                      .dwpsn  file "C:/ti/ccs2030/ccs/tools/compiler/ti-cgt-c2000_22.6.2.LTS/include/_defs.h",line 364,colu
     317              
     318                      .dwfde $C$DW$CIE, ||__signbit||
     319              $C$DW$21        .dwtag  DW_TAG_formal_parameter
     320                      .dwattr $C$DW$21, DW_AT_name("d")
     321                      .dwattr $C$DW$21, DW_AT_type(*$C$DW$T$42)
     322                      .dwattr $C$DW$21, DW_AT_location[DW_OP_reg12]
TMS320C2000 Assembler PC v22.6.2 Tue Nov 18 13:15:19 2025

Copyright (c) 1996-2018 Texas Instruments Incorporated
mid_library_adc.asm                                                  PAGE    7

     323              
     324              
     325              ;***************************************************************
     326              ;* FNAME: __signbit                     FR SIZE:   4           *
     327              ;*                                                             *
     328              ;* FUNCTION ENVIRONMENT                                        *
     329              ;*                                                             *
     330              ;* FUNCTION PROPERTIES                                         *
     331              ;*                            4 Parameter,  0 Auto,  0 SOE     *
     332              ;***************************************************************
     333              
     334              ||__signbit||:
     335              ;* AR4   assigned to d
     336              $C$DW$22        .dwtag  DW_TAG_variable
     337                      .dwattr $C$DW$22, DW_AT_name("d")
     338                      .dwattr $C$DW$22, DW_AT_type(*$C$DW$T$43)
     339                      .dwattr $C$DW$22, DW_AT_location[DW_OP_reg12]
     340              
     341                      .dwcfi  cfa_offset, -2
     342                      .dwcfi  save_reg_to_mem, 26, 0
     343 00000000 FE04          ADDB      SP,#4                 ; [CPU_ARAU] 
     344                      .dwcfi  cfa_offset, -6
     345                      .dwpsn  file "C:/ti/ccs2030/ccs/tools/compiler/ti-cgt-c2000_22.6.2.LTS/include/_defs.h",line 364,colu
     346 00000001 0200          MOVB      ACC,#0                ; [CPU_ALU] |364| 
     347 00000002 1E44          MOVL      *-SP[4],ACC           ; [CPU_ALU] |364| 
     348 00000003 2B42          MOV       *-SP[2],#0            ; [CPU_ALU] |364| 
     349 00000004 2B41          MOV       *-SP[1],#0            ; [CPU_ALU] |364| 
     350 00000005 A3C4          MOVL      P,*+XAR4[0]           ; [CPU_ALU] |364| 
     351 00000006 06D4          MOVL      ACC,*+XAR4[2]         ; [CPU_ALU] |364| 
     352 00000007 18AB          AND       PL,#0                 ; [CPU_ALU] |364| 
         00000008 0000 
     353 00000009 18AA          AND       PH,#0                 ; [CPU_ALU] |364| 
         0000000a 0000 
     354 0000000b 9000          ANDB      AL,#0                 ; [CPU_ALU] |364| 
     355 0000000c 18A8          AND       AH,#32768             ; [CPU_ALU] |364| 
         0000000d 8000 
     356              $C$DW$23        .dwtag  DW_TAG_TI_branch
     357                      .dwattr $C$DW$23, DW_AT_low_pc(0x00)
     358                      .dwattr $C$DW$23, DW_AT_name("__c28xabi_cmpull")
     359                      .dwattr $C$DW$23, DW_AT_TI_call
     360              
     361 0000000e 7640!         LCR       #||__c28xabi_cmpull|| ; [CPU_ALU] |364| 
         0000000f 0000 
     362                      ; call occurs [#||__c28xabi_cmpull||] ; [] |364| 
     363 00000010 9B00          MOVB      AH,#0                 ; [CPU_ALU] |364| 
     364 00000011 5200          CMPB      AL,#0                 ; [CPU_ALU] |364| 
     365 00000012 56B0          MOVB      AH,#1,NEQ             ; [CPU_ALU] |364| 
         00000013 01A8 
     366 00000014 92A8          MOV       AL,AH                 ; [CPU_ALU] |364| 
     367 00000015 FE84          SUBB      SP,#4                 ; [CPU_ARAU] 
     368                      .dwcfi  cfa_offset, -2
     369              $C$DW$24        .dwtag  DW_TAG_TI_branch
     370                      .dwattr $C$DW$24, DW_AT_low_pc(0x00)
     371                      .dwattr $C$DW$24, DW_AT_TI_return
     372              
TMS320C2000 Assembler PC v22.6.2 Tue Nov 18 13:15:19 2025

Copyright (c) 1996-2018 Texas Instruments Incorporated
mid_library_adc.asm                                                  PAGE    8

     373 00000016 0006          LRETR     ; [CPU_ALU] 
     374                      ; return occurs ; [] 
     375                      .dwattr $C$DW$20, DW_AT_TI_end_file("C:/ti/ccs2030/ccs/tools/compiler/ti-cgt-c2000_22.6.2.LTS/include
     376                      .dwattr $C$DW$20, DW_AT_TI_end_line(0x16c)
     377                      .dwattr $C$DW$20, DW_AT_TI_end_column(0x2a)
     378                      .dwendentry
     379                      .dwendtag $C$DW$20
     380              
     381 00000000               .sect   ".text:__relaxed_sqrtf"
     382                      .clink
     383                      .global ||__relaxed_sqrtf||
     384              
     385              $C$DW$25        .dwtag  DW_TAG_subprogram
     386                      .dwattr $C$DW$25, DW_AT_name("__relaxed_sqrtf")
     387                      .dwattr $C$DW$25, DW_AT_low_pc(||__relaxed_sqrtf||)
     388                      .dwattr $C$DW$25, DW_AT_high_pc(0x00)
     389                      .dwattr $C$DW$25, DW_AT_linkage_name("__relaxed_sqrtf")
     390                      .dwattr $C$DW$25, DW_AT_external
     391                      .dwattr $C$DW$25, DW_AT_type(*$C$DW$T$16)
     392                      .dwattr $C$DW$25, DW_AT_decl_file("C:/ti/ccs2030/ccs/tools/compiler/ti-cgt-c2000_22.6.2.LTS/include/m
     393                      .dwattr $C$DW$25, DW_AT_decl_line(0x103)
     394                      .dwattr $C$DW$25, DW_AT_decl_column(0x10)
     395                      .dwattr $C$DW$25, DW_AT_TI_max_frame_size(-2)
     396                      .dwpsn  file "C:/ti/ccs2030/ccs/tools/compiler/ti-cgt-c2000_22.6.2.LTS/include/math.h",line 260,colum
     397              
     398                      .dwfde $C$DW$CIE, ||__relaxed_sqrtf||
     399              $C$DW$26        .dwtag  DW_TAG_formal_parameter
     400                      .dwattr $C$DW$26, DW_AT_name("x")
     401                      .dwattr $C$DW$26, DW_AT_type(*$C$DW$T$16)
     402                      .dwattr $C$DW$26, DW_AT_location[DW_OP_regx 0x2b]
     403              
     404              
     405              ;***************************************************************
     406              ;* FNAME: __relaxed_sqrtf               FR SIZE:   0           *
     407              ;*                                                             *
     408              ;* FUNCTION ENVIRONMENT                                        *
     409              ;*                                                             *
     410              ;* FUNCTION PROPERTIES                                         *
     411              ;*                            0 Parameter,  0 Auto,  0 SOE     *
     412              ;***************************************************************
     413              
     414              ||__relaxed_sqrtf||:
     415              ;* R0    assigned to x
     416              $C$DW$27        .dwtag  DW_TAG_variable
     417                      .dwattr $C$DW$27, DW_AT_name("x")
     418                      .dwattr $C$DW$27, DW_AT_type(*$C$DW$T$41)
     419                      .dwattr $C$DW$27, DW_AT_location[DW_OP_regx 0x2b]
     420              
     421                      .dwcfi  cfa_offset, -2
     422                      .dwcfi  save_reg_to_mem, 26, 0
     423                      .dwpsn  file "C:/ti/ccs2030/ccs/tools/compiler/ti-cgt-c2000_22.6.2.LTS/include/math.h",line 261,colum
     424 00000000 E277          SQRTF32   R0H,R0H               ; [CPU_FPU] |261| 
         00000001 0000 
     425 00000002 7700          NOP       ; [CPU_ALU] 
     426 00000003 7700          NOP       ; [CPU_ALU] 
TMS320C2000 Assembler PC v22.6.2 Tue Nov 18 13:15:19 2025

Copyright (c) 1996-2018 Texas Instruments Incorporated
mid_library_adc.asm                                                  PAGE    9

     427 00000004 7700          NOP       ; [CPU_ALU] 
     428              $C$DW$28        .dwtag  DW_TAG_TI_branch
     429                      .dwattr $C$DW$28, DW_AT_low_pc(0x00)
     430                      .dwattr $C$DW$28, DW_AT_TI_return
     431              
     432 00000005 0006          LRETR     ; [CPU_ALU] 
     433                      ; return occurs ; [] 
     434                      .dwattr $C$DW$25, DW_AT_TI_end_file("C:/ti/ccs2030/ccs/tools/compiler/ti-cgt-c2000_22.6.2.LTS/include
     435                      .dwattr $C$DW$25, DW_AT_TI_end_line(0x106)
     436                      .dwattr $C$DW$25, DW_AT_TI_end_column(0x01)
     437                      .dwendentry
     438                      .dwendtag $C$DW$25
     439              
     440 00000000               .sect   ".text:__relaxed_sinf"
     441                      .clink
     442                      .global ||__relaxed_sinf||
     443              
     444              $C$DW$29        .dwtag  DW_TAG_subprogram
     445                      .dwattr $C$DW$29, DW_AT_name("__relaxed_sinf")
     446                      .dwattr $C$DW$29, DW_AT_low_pc(||__relaxed_sinf||)
     447                      .dwattr $C$DW$29, DW_AT_high_pc(0x00)
     448                      .dwattr $C$DW$29, DW_AT_linkage_name("__relaxed_sinf")
     449                      .dwattr $C$DW$29, DW_AT_external
     450                      .dwattr $C$DW$29, DW_AT_type(*$C$DW$T$16)
     451                      .dwattr $C$DW$29, DW_AT_decl_file("C:/ti/ccs2030/ccs/tools/compiler/ti-cgt-c2000_22.6.2.LTS/include/m
     452                      .dwattr $C$DW$29, DW_AT_decl_line(0x108)
     453                      .dwattr $C$DW$29, DW_AT_decl_column(0x10)
     454                      .dwattr $C$DW$29, DW_AT_TI_max_frame_size(-2)
     455                      .dwpsn  file "C:/ti/ccs2030/ccs/tools/compiler/ti-cgt-c2000_22.6.2.LTS/include/math.h",line 265,colum
     456              
     457                      .dwfde $C$DW$CIE, ||__relaxed_sinf||
     458              $C$DW$30        .dwtag  DW_TAG_formal_parameter
     459                      .dwattr $C$DW$30, DW_AT_name("x")
     460                      .dwattr $C$DW$30, DW_AT_type(*$C$DW$T$16)
     461                      .dwattr $C$DW$30, DW_AT_location[DW_OP_regx 0x2b]
     462              
     463              
     464              ;***************************************************************
     465              ;* FNAME: __relaxed_sinf                FR SIZE:   0           *
     466              ;*                                                             *
     467              ;* FUNCTION ENVIRONMENT                                        *
     468              ;*                                                             *
     469              ;* FUNCTION PROPERTIES                                         *
     470              ;*                            0 Parameter,  0 Auto,  0 SOE     *
     471              ;***************************************************************
     472              
     473              ||__relaxed_sinf||:
     474              ;* R0    assigned to x
     475              $C$DW$31        .dwtag  DW_TAG_variable
     476                      .dwattr $C$DW$31, DW_AT_name("x")
     477                      .dwattr $C$DW$31, DW_AT_type(*$C$DW$T$41)
     478                      .dwattr $C$DW$31, DW_AT_location[DW_OP_regx 0x2b]
     479              
     480                      .dwcfi  cfa_offset, -2
     481                      .dwcfi  save_reg_to_mem, 26, 0
TMS320C2000 Assembler PC v22.6.2 Tue Nov 18 13:15:19 2025

Copyright (c) 1996-2018 Texas Instruments Incorporated
mid_library_adc.asm                                                  PAGE   10

     482                      .dwpsn  file "C:/ti/ccs2030/ccs/tools/compiler/ti-cgt-c2000_22.6.2.LTS/include/math.h",line 266,colum
     483 00000000 E271          DIV2PIF32 R0H,R0H               ; [CPU_FPU] |266| 
         00000001 0000 
     484 00000002 7700          NOP       ; [CPU_ALU] 
     485 00000003 E278          SINPUF32  R0H,R0H               ; [CPU_FPU] |266| 
         00000004 0000 
     486 00000005 7700          NOP       ; [CPU_ALU] 
     487 00000006 7700          NOP       ; [CPU_ALU] 
     488              $C$DW$32        .dwtag  DW_TAG_TI_branch
     489                      .dwattr $C$DW$32, DW_AT_low_pc(0x00)
     490                      .dwattr $C$DW$32, DW_AT_TI_return
     491              
     492 00000007 0006          LRETR     ; [CPU_ALU] 
     493                      ; return occurs ; [] 
     494                      .dwattr $C$DW$29, DW_AT_TI_end_file("C:/ti/ccs2030/ccs/tools/compiler/ti-cgt-c2000_22.6.2.LTS/include
     495                      .dwattr $C$DW$29, DW_AT_TI_end_line(0x10b)
     496                      .dwattr $C$DW$29, DW_AT_TI_end_column(0x01)
     497                      .dwendentry
     498                      .dwendtag $C$DW$29
     499              
     500 00000000               .sect   ".text:__relaxed_fmodf"
     501                      .clink
     502                      .global ||__relaxed_fmodf||
     503              
     504              $C$DW$33        .dwtag  DW_TAG_subprogram
     505                      .dwattr $C$DW$33, DW_AT_name("__relaxed_fmodf")
     506                      .dwattr $C$DW$33, DW_AT_low_pc(||__relaxed_fmodf||)
     507                      .dwattr $C$DW$33, DW_AT_high_pc(0x00)
     508                      .dwattr $C$DW$33, DW_AT_linkage_name("__relaxed_fmodf")
     509                      .dwattr $C$DW$33, DW_AT_external
     510                      .dwattr $C$DW$33, DW_AT_type(*$C$DW$T$16)
     511                      .dwattr $C$DW$33, DW_AT_decl_file("C:/ti/ccs2030/ccs/tools/compiler/ti-cgt-c2000_22.6.2.LTS/include/m
     512                      .dwattr $C$DW$33, DW_AT_decl_line(0x11c)
     513                      .dwattr $C$DW$33, DW_AT_decl_column(0x10)
     514                      .dwattr $C$DW$33, DW_AT_TI_max_frame_size(-2)
     515                      .dwpsn  file "C:/ti/ccs2030/ccs/tools/compiler/ti-cgt-c2000_22.6.2.LTS/include/math.h",line 285,colum
     516              
     517                      .dwfde $C$DW$CIE, ||__relaxed_fmodf||
     518              $C$DW$34        .dwtag  DW_TAG_formal_parameter
     519                      .dwattr $C$DW$34, DW_AT_name("y")
     520                      .dwattr $C$DW$34, DW_AT_type(*$C$DW$T$16)
     521                      .dwattr $C$DW$34, DW_AT_location[DW_OP_regx 0x2b]
     522              
     523              $C$DW$35        .dwtag  DW_TAG_formal_parameter
     524                      .dwattr $C$DW$35, DW_AT_name("x")
     525                      .dwattr $C$DW$35, DW_AT_type(*$C$DW$T$16)
     526                      .dwattr $C$DW$35, DW_AT_location[DW_OP_regx 0x2f]
     527              
     528              
     529              ;***************************************************************
     530              ;* FNAME: __relaxed_fmodf               FR SIZE:   0           *
     531              ;*                                                             *
     532              ;* FUNCTION ENVIRONMENT                                        *
     533              ;*                                                             *
     534              ;* FUNCTION PROPERTIES                                         *
TMS320C2000 Assembler PC v22.6.2 Tue Nov 18 13:15:19 2025

Copyright (c) 1996-2018 Texas Instruments Incorporated
mid_library_adc.asm                                                  PAGE   11

     535              ;*                            0 Parameter,  0 Auto,  0 SOE     *
     536              ;***************************************************************
     537              
     538              ||__relaxed_fmodf||:
     539              ;* R0    assigned to y
     540              $C$DW$36        .dwtag  DW_TAG_variable
     541                      .dwattr $C$DW$36, DW_AT_name("y")
     542                      .dwattr $C$DW$36, DW_AT_type(*$C$DW$T$41)
     543                      .dwattr $C$DW$36, DW_AT_location[DW_OP_regx 0x2b]
     544              
     545              ;* R1    assigned to x
     546              $C$DW$37        .dwtag  DW_TAG_variable
     547                      .dwattr $C$DW$37, DW_AT_name("x")
     548                      .dwattr $C$DW$37, DW_AT_type(*$C$DW$T$41)
     549                      .dwattr $C$DW$37, DW_AT_location[DW_OP_regx 0x2f]
     550              
     551                      .dwcfi  cfa_offset, -2
     552                      .dwcfi  save_reg_to_mem, 26, 0
     553                      .dwpsn  file "C:/ti/ccs2030/ccs/tools/compiler/ti-cgt-c2000_22.6.2.LTS/include/math.h",line 286,colum
     554 00000000 E274          DIVF32    R2H,R0H,R1H           ; [CPU_FPU] |286| 
         00000001 0042 
     555 00000002 7700          NOP       ; [CPU_ALU] 
     556 00000003 7700          NOP       ; [CPU_ALU] 
     557 00000004 7700          NOP       ; [CPU_ALU] 
     558 00000005 7700          NOP       ; [CPU_ALU] 
     559 00000006 E688          F32TOI32  R2H,R2H               ; [CPU_FPU] |286| 
         00000007 0012 
     560 00000008 7700          NOP       ; [CPU_ALU] 
     561 00000009 E689          I32TOF32  R2H,R2H               ; [CPU_FPU] |286| 
         0000000a 0012 
     562 0000000b 7700          NOP       ; [CPU_ALU] 
     563 0000000c E700          MPYF32    R1H,R1H,R2H           ; [CPU_FPU] |286| 
         0000000d 0089 
     564 0000000e 7700          NOP       ; [CPU_ALU] 
     565 0000000f E720          SUBF32    R0H,R0H,R1H           ; [CPU_FPU] |286| 
         00000010 0040 
     566              $C$DW$38        .dwtag  DW_TAG_TI_branch
     567                      .dwattr $C$DW$38, DW_AT_low_pc(0x00)
     568                      .dwattr $C$DW$38, DW_AT_TI_return
     569              
     570 00000011 0006          LRETR     ; [CPU_ALU] 
     571                      ; return occurs ; [] 
     572                      .dwattr $C$DW$33, DW_AT_TI_end_file("C:/ti/ccs2030/ccs/tools/compiler/ti-cgt-c2000_22.6.2.LTS/include
     573                      .dwattr $C$DW$33, DW_AT_TI_end_line(0x11f)
     574                      .dwattr $C$DW$33, DW_AT_TI_end_column(0x01)
     575                      .dwendentry
     576                      .dwendtag $C$DW$33
     577              
     578 00000000               .sect   ".text:__relaxed_fminf"
     579                      .clink
     580                      .global ||__relaxed_fminf||
     581              
     582              $C$DW$39        .dwtag  DW_TAG_subprogram
     583                      .dwattr $C$DW$39, DW_AT_name("__relaxed_fminf")
     584                      .dwattr $C$DW$39, DW_AT_low_pc(||__relaxed_fminf||)
TMS320C2000 Assembler PC v22.6.2 Tue Nov 18 13:15:19 2025

Copyright (c) 1996-2018 Texas Instruments Incorporated
mid_library_adc.asm                                                  PAGE   12

     585                      .dwattr $C$DW$39, DW_AT_high_pc(0x00)
     586                      .dwattr $C$DW$39, DW_AT_linkage_name("__relaxed_fminf")
     587                      .dwattr $C$DW$39, DW_AT_external
     588                      .dwattr $C$DW$39, DW_AT_type(*$C$DW$T$16)
     589                      .dwattr $C$DW$39, DW_AT_decl_file("C:/ti/ccs2030/ccs/tools/compiler/ti-cgt-c2000_22.6.2.LTS/include/m
     590                      .dwattr $C$DW$39, DW_AT_decl_line(0xee)
     591                      .dwattr $C$DW$39, DW_AT_decl_column(0x10)
     592                      .dwattr $C$DW$39, DW_AT_TI_max_frame_size(-2)
     593                      .dwpsn  file "C:/ti/ccs2030/ccs/tools/compiler/ti-cgt-c2000_22.6.2.LTS/include/math.h",line 239,colum
     594              
     595                      .dwfde $C$DW$CIE, ||__relaxed_fminf||
     596              $C$DW$40        .dwtag  DW_TAG_formal_parameter
     597                      .dwattr $C$DW$40, DW_AT_name("x")
     598                      .dwattr $C$DW$40, DW_AT_type(*$C$DW$T$16)
     599                      .dwattr $C$DW$40, DW_AT_location[DW_OP_regx 0x2b]
     600              
     601              $C$DW$41        .dwtag  DW_TAG_formal_parameter
     602                      .dwattr $C$DW$41, DW_AT_name("y")
     603                      .dwattr $C$DW$41, DW_AT_type(*$C$DW$T$16)
     604                      .dwattr $C$DW$41, DW_AT_location[DW_OP_regx 0x2f]
     605              
     606              
     607              ;***************************************************************
     608              ;* FNAME: __relaxed_fminf               FR SIZE:   0           *
     609              ;*                                                             *
     610              ;* FUNCTION ENVIRONMENT                                        *
     611              ;*                                                             *
     612              ;* FUNCTION PROPERTIES                                         *
     613              ;*                            0 Parameter,  0 Auto,  0 SOE     *
     614              ;***************************************************************
     615              
     616              ||__relaxed_fminf||:
     617              ;* R1    assigned to y
     618              $C$DW$42        .dwtag  DW_TAG_variable
     619                      .dwattr $C$DW$42, DW_AT_name("y")
     620                      .dwattr $C$DW$42, DW_AT_type(*$C$DW$T$41)
     621                      .dwattr $C$DW$42, DW_AT_location[DW_OP_regx 0x2f]
     622              
     623                      .dwcfi  cfa_offset, -2
     624                      .dwcfi  save_reg_to_mem, 26, 0
     625                      .dwpsn  file "C:/ti/ccs2030/ccs/tools/compiler/ti-cgt-c2000_22.6.2.LTS/include/math.h",line 240,colum
     626 00000000 E697          MINF32    R0H,R1H               ; [CPU_FPU] |240| 
         00000001 0008 
     627              $C$DW$43        .dwtag  DW_TAG_TI_branch
     628                      .dwattr $C$DW$43, DW_AT_low_pc(0x00)
     629                      .dwattr $C$DW$43, DW_AT_TI_return
     630              
     631 00000002 0006          LRETR     ; [CPU_ALU] 
     632                      ; return occurs ; [] 
     633                      .dwattr $C$DW$39, DW_AT_TI_end_file("C:/ti/ccs2030/ccs/tools/compiler/ti-cgt-c2000_22.6.2.LTS/include
     634                      .dwattr $C$DW$39, DW_AT_TI_end_line(0xf1)
     635                      .dwattr $C$DW$39, DW_AT_TI_end_column(0x01)
     636                      .dwendentry
     637                      .dwendtag $C$DW$39
     638              
TMS320C2000 Assembler PC v22.6.2 Tue Nov 18 13:15:19 2025

Copyright (c) 1996-2018 Texas Instruments Incorporated
mid_library_adc.asm                                                  PAGE   13

     639 00000000               .sect   ".text:__relaxed_fmaxf"
     640                      .clink
     641                      .global ||__relaxed_fmaxf||
     642              
     643              $C$DW$44        .dwtag  DW_TAG_subprogram
     644                      .dwattr $C$DW$44, DW_AT_name("__relaxed_fmaxf")
     645                      .dwattr $C$DW$44, DW_AT_low_pc(||__relaxed_fmaxf||)
     646                      .dwattr $C$DW$44, DW_AT_high_pc(0x00)
     647                      .dwattr $C$DW$44, DW_AT_linkage_name("__relaxed_fmaxf")
     648                      .dwattr $C$DW$44, DW_AT_external
     649                      .dwattr $C$DW$44, DW_AT_type(*$C$DW$T$16)
     650                      .dwattr $C$DW$44, DW_AT_decl_file("C:/ti/ccs2030/ccs/tools/compiler/ti-cgt-c2000_22.6.2.LTS/include/m
     651                      .dwattr $C$DW$44, DW_AT_decl_line(0xe8)
     652                      .dwattr $C$DW$44, DW_AT_decl_column(0x10)
     653                      .dwattr $C$DW$44, DW_AT_TI_max_frame_size(-2)
     654                      .dwpsn  file "C:/ti/ccs2030/ccs/tools/compiler/ti-cgt-c2000_22.6.2.LTS/include/math.h",line 233,colum
     655              
     656                      .dwfde $C$DW$CIE, ||__relaxed_fmaxf||
     657              $C$DW$45        .dwtag  DW_TAG_formal_parameter
     658                      .dwattr $C$DW$45, DW_AT_name("x")
     659                      .dwattr $C$DW$45, DW_AT_type(*$C$DW$T$16)
     660                      .dwattr $C$DW$45, DW_AT_location[DW_OP_regx 0x2b]
     661              
     662              $C$DW$46        .dwtag  DW_TAG_formal_parameter
     663                      .dwattr $C$DW$46, DW_AT_name("y")
     664                      .dwattr $C$DW$46, DW_AT_type(*$C$DW$T$16)
     665                      .dwattr $C$DW$46, DW_AT_location[DW_OP_regx 0x2f]
     666              
     667              
     668              ;***************************************************************
     669              ;* FNAME: __relaxed_fmaxf               FR SIZE:   0           *
     670              ;*                                                             *
     671              ;* FUNCTION ENVIRONMENT                                        *
     672              ;*                                                             *
     673              ;* FUNCTION PROPERTIES                                         *
     674              ;*                            0 Parameter,  0 Auto,  0 SOE     *
     675              ;***************************************************************
     676              
     677              ||__relaxed_fmaxf||:
     678              ;* R1    assigned to y
     679              $C$DW$47        .dwtag  DW_TAG_variable
     680                      .dwattr $C$DW$47, DW_AT_name("y")
     681                      .dwattr $C$DW$47, DW_AT_type(*$C$DW$T$41)
     682                      .dwattr $C$DW$47, DW_AT_location[DW_OP_regx 0x2f]
     683              
     684                      .dwcfi  cfa_offset, -2
     685                      .dwcfi  save_reg_to_mem, 26, 0
     686                      .dwpsn  file "C:/ti/ccs2030/ccs/tools/compiler/ti-cgt-c2000_22.6.2.LTS/include/math.h",line 234,colum
     687 00000000 E696          MAXF32    R0H,R1H               ; [CPU_FPU] |234| 
         00000001 0008 
     688              $C$DW$48        .dwtag  DW_TAG_TI_branch
     689                      .dwattr $C$DW$48, DW_AT_low_pc(0x00)
     690                      .dwattr $C$DW$48, DW_AT_TI_return
     691              
     692 00000002 0006          LRETR     ; [CPU_ALU] 
TMS320C2000 Assembler PC v22.6.2 Tue Nov 18 13:15:19 2025

Copyright (c) 1996-2018 Texas Instruments Incorporated
mid_library_adc.asm                                                  PAGE   14

     693                      ; return occurs ; [] 
     694                      .dwattr $C$DW$44, DW_AT_TI_end_file("C:/ti/ccs2030/ccs/tools/compiler/ti-cgt-c2000_22.6.2.LTS/include
     695                      .dwattr $C$DW$44, DW_AT_TI_end_line(0xeb)
     696                      .dwattr $C$DW$44, DW_AT_TI_end_column(0x01)
     697                      .dwendentry
     698                      .dwendtag $C$DW$44
     699              
     700 00000000               .sect   ".text:__relaxed_cosf"
     701                      .clink
     702                      .global ||__relaxed_cosf||
     703              
     704              $C$DW$49        .dwtag  DW_TAG_subprogram
     705                      .dwattr $C$DW$49, DW_AT_name("__relaxed_cosf")
     706                      .dwattr $C$DW$49, DW_AT_low_pc(||__relaxed_cosf||)
     707                      .dwattr $C$DW$49, DW_AT_high_pc(0x00)
     708                      .dwattr $C$DW$49, DW_AT_linkage_name("__relaxed_cosf")
     709                      .dwattr $C$DW$49, DW_AT_external
     710                      .dwattr $C$DW$49, DW_AT_type(*$C$DW$T$16)
     711                      .dwattr $C$DW$49, DW_AT_decl_file("C:/ti/ccs2030/ccs/tools/compiler/ti-cgt-c2000_22.6.2.LTS/include/m
     712                      .dwattr $C$DW$49, DW_AT_decl_line(0x10d)
     713                      .dwattr $C$DW$49, DW_AT_decl_column(0x10)
     714                      .dwattr $C$DW$49, DW_AT_TI_max_frame_size(-2)
     715                      .dwpsn  file "C:/ti/ccs2030/ccs/tools/compiler/ti-cgt-c2000_22.6.2.LTS/include/math.h",line 270,colum
     716              
     717                      .dwfde $C$DW$CIE, ||__relaxed_cosf||
     718              $C$DW$50        .dwtag  DW_TAG_formal_parameter
     719                      .dwattr $C$DW$50, DW_AT_name("x")
     720                      .dwattr $C$DW$50, DW_AT_type(*$C$DW$T$16)
     721                      .dwattr $C$DW$50, DW_AT_location[DW_OP_regx 0x2b]
     722              
     723              
     724              ;***************************************************************
     725              ;* FNAME: __relaxed_cosf                FR SIZE:   0           *
     726              ;*                                                             *
     727              ;* FUNCTION ENVIRONMENT                                        *
     728              ;*                                                             *
     729              ;* FUNCTION PROPERTIES                                         *
     730              ;*                            0 Parameter,  0 Auto,  0 SOE     *
     731              ;***************************************************************
     732              
     733              ||__relaxed_cosf||:
     734              ;* R0    assigned to x
     735              $C$DW$51        .dwtag  DW_TAG_variable
     736                      .dwattr $C$DW$51, DW_AT_name("x")
     737                      .dwattr $C$DW$51, DW_AT_type(*$C$DW$T$41)
     738                      .dwattr $C$DW$51, DW_AT_location[DW_OP_regx 0x2b]
     739              
     740                      .dwcfi  cfa_offset, -2
     741                      .dwcfi  save_reg_to_mem, 26, 0
     742                      .dwpsn  file "C:/ti/ccs2030/ccs/tools/compiler/ti-cgt-c2000_22.6.2.LTS/include/math.h",line 271,colum
     743 00000000 E271          DIV2PIF32 R0H,R0H               ; [CPU_FPU] |271| 
         00000001 0000 
     744 00000002 7700          NOP       ; [CPU_ALU] 
     745 00000003 E279          COSPUF32  R0H,R0H               ; [CPU_FPU] |271| 
         00000004 0000 
TMS320C2000 Assembler PC v22.6.2 Tue Nov 18 13:15:19 2025

Copyright (c) 1996-2018 Texas Instruments Incorporated
mid_library_adc.asm                                                  PAGE   15

     746 00000005 7700          NOP       ; [CPU_ALU] 
     747 00000006 7700          NOP       ; [CPU_ALU] 
     748              $C$DW$52        .dwtag  DW_TAG_TI_branch
     749                      .dwattr $C$DW$52, DW_AT_low_pc(0x00)
     750                      .dwattr $C$DW$52, DW_AT_TI_return
     751              
     752 00000007 0006          LRETR     ; [CPU_ALU] 
     753                      ; return occurs ; [] 
     754                      .dwattr $C$DW$49, DW_AT_TI_end_file("C:/ti/ccs2030/ccs/tools/compiler/ti-cgt-c2000_22.6.2.LTS/include
     755                      .dwattr $C$DW$49, DW_AT_TI_end_line(0x110)
     756                      .dwattr $C$DW$49, DW_AT_TI_end_column(0x01)
     757                      .dwendentry
     758                      .dwendtag $C$DW$49
     759              
     760 00000000               .sect   ".text:__relaxed_atanf"
     761                      .clink
     762                      .global ||__relaxed_atanf||
     763              
     764              $C$DW$53        .dwtag  DW_TAG_subprogram
     765                      .dwattr $C$DW$53, DW_AT_name("__relaxed_atanf")
     766                      .dwattr $C$DW$53, DW_AT_low_pc(||__relaxed_atanf||)
     767                      .dwattr $C$DW$53, DW_AT_high_pc(0x00)
     768                      .dwattr $C$DW$53, DW_AT_linkage_name("__relaxed_atanf")
     769                      .dwattr $C$DW$53, DW_AT_external
     770                      .dwattr $C$DW$53, DW_AT_type(*$C$DW$T$16)
     771                      .dwattr $C$DW$53, DW_AT_decl_file("C:/ti/ccs2030/ccs/tools/compiler/ti-cgt-c2000_22.6.2.LTS/include/m
     772                      .dwattr $C$DW$53, DW_AT_decl_line(0x112)
     773                      .dwattr $C$DW$53, DW_AT_decl_column(0x10)
     774                      .dwattr $C$DW$53, DW_AT_TI_max_frame_size(-2)
     775                      .dwpsn  file "C:/ti/ccs2030/ccs/tools/compiler/ti-cgt-c2000_22.6.2.LTS/include/math.h",line 275,colum
     776              
     777                      .dwfde $C$DW$CIE, ||__relaxed_atanf||
     778              $C$DW$54        .dwtag  DW_TAG_formal_parameter
     779                      .dwattr $C$DW$54, DW_AT_name("x")
     780                      .dwattr $C$DW$54, DW_AT_type(*$C$DW$T$16)
     781                      .dwattr $C$DW$54, DW_AT_location[DW_OP_regx 0x2b]
     782              
     783              
     784              ;***************************************************************
     785              ;* FNAME: __relaxed_atanf               FR SIZE:   0           *
     786              ;*                                                             *
     787              ;* FUNCTION ENVIRONMENT                                        *
     788              ;*                                                             *
     789              ;* FUNCTION PROPERTIES                                         *
     790              ;*                            0 Parameter,  0 Auto,  0 SOE     *
     791              ;***************************************************************
     792              
     793              ||__relaxed_atanf||:
     794              ;* R0    assigned to x
     795              $C$DW$55        .dwtag  DW_TAG_variable
     796                      .dwattr $C$DW$55, DW_AT_name("x")
     797                      .dwattr $C$DW$55, DW_AT_type(*$C$DW$T$41)
     798                      .dwattr $C$DW$55, DW_AT_location[DW_OP_regx 0x2b]
     799              
     800                      .dwcfi  cfa_offset, -2
TMS320C2000 Assembler PC v22.6.2 Tue Nov 18 13:15:19 2025

Copyright (c) 1996-2018 Texas Instruments Incorporated
mid_library_adc.asm                                                  PAGE   16

     801                      .dwcfi  save_reg_to_mem, 26, 0
     802                      .dwpsn  file "C:/ti/ccs2030/ccs/tools/compiler/ti-cgt-c2000_22.6.2.LTS/include/math.h",line 276,colum
     803 00000000 E801          MOVIZ     R1H,#16256            ; [CPU_FPU] |276| 
         00000001 FC01 
     804 00000002 E27C          QUADF32   R1H,R0H,R0H,R1H       ; [CPU_FPU] |276| 
         00000003 0201 
     805 00000004 7700          NOP       ; [CPU_ALU] 
     806 00000005 7700          NOP       ; [CPU_ALU] 
     807 00000006 7700          NOP       ; [CPU_ALU] 
     808 00000007 7700          NOP       ; [CPU_ALU] 
     809 00000008 E27A          ATANPUF32 R0H,R0H               ; [CPU_FPU] |276| 
         00000009 0000 
     810 0000000a 7700          NOP       ; [CPU_ALU] 
     811 0000000b 7700          NOP       ; [CPU_ALU] 
     812 0000000c 7700          NOP       ; [CPU_ALU] 
     813 0000000d E710          ADDF32    R0H,R0H,R1H           ; [CPU_FPU] |276| 
         0000000e 0040 
     814 0000000f 7700          NOP       ; [CPU_ALU] 
     815 00000010 7700          NOP       ; [CPU_ALU] 
     816 00000011 E270          MPY2PIF32 R0H,R0H               ; [CPU_FPU] |276| 
         00000012 0000 
     817 00000013 7700          NOP       ; [CPU_ALU] 
     818              $C$DW$56        .dwtag  DW_TAG_TI_branch
     819                      .dwattr $C$DW$56, DW_AT_low_pc(0x00)
     820                      .dwattr $C$DW$56, DW_AT_TI_return
     821              
     822 00000014 0006          LRETR     ; [CPU_ALU] 
     823                      ; return occurs ; [] 
     824                      .dwattr $C$DW$53, DW_AT_TI_end_file("C:/ti/ccs2030/ccs/tools/compiler/ti-cgt-c2000_22.6.2.LTS/include
     825                      .dwattr $C$DW$53, DW_AT_TI_end_line(0x115)
     826                      .dwattr $C$DW$53, DW_AT_TI_end_column(0x01)
     827                      .dwendentry
     828                      .dwendtag $C$DW$53
     829              
     830 00000000               .sect   ".text:__relaxed_atan2f"
     831                      .clink
     832                      .global ||__relaxed_atan2f||
     833              
     834              $C$DW$57        .dwtag  DW_TAG_subprogram
     835                      .dwattr $C$DW$57, DW_AT_name("__relaxed_atan2f")
     836                      .dwattr $C$DW$57, DW_AT_low_pc(||__relaxed_atan2f||)
     837                      .dwattr $C$DW$57, DW_AT_high_pc(0x00)
     838                      .dwattr $C$DW$57, DW_AT_linkage_name("__relaxed_atan2f")
     839                      .dwattr $C$DW$57, DW_AT_external
     840                      .dwattr $C$DW$57, DW_AT_type(*$C$DW$T$16)
     841                      .dwattr $C$DW$57, DW_AT_decl_file("C:/ti/ccs2030/ccs/tools/compiler/ti-cgt-c2000_22.6.2.LTS/include/m
     842                      .dwattr $C$DW$57, DW_AT_decl_line(0x117)
     843                      .dwattr $C$DW$57, DW_AT_decl_column(0x10)
     844                      .dwattr $C$DW$57, DW_AT_TI_max_frame_size(-2)
     845                      .dwpsn  file "C:/ti/ccs2030/ccs/tools/compiler/ti-cgt-c2000_22.6.2.LTS/include/math.h",line 280,colum
     846              
     847                      .dwfde $C$DW$CIE, ||__relaxed_atan2f||
     848              $C$DW$58        .dwtag  DW_TAG_formal_parameter
     849                      .dwattr $C$DW$58, DW_AT_name("y")
     850                      .dwattr $C$DW$58, DW_AT_type(*$C$DW$T$16)
TMS320C2000 Assembler PC v22.6.2 Tue Nov 18 13:15:19 2025

Copyright (c) 1996-2018 Texas Instruments Incorporated
mid_library_adc.asm                                                  PAGE   17

     851                      .dwattr $C$DW$58, DW_AT_location[DW_OP_regx 0x2b]
     852              
     853              $C$DW$59        .dwtag  DW_TAG_formal_parameter
     854                      .dwattr $C$DW$59, DW_AT_name("x")
     855                      .dwattr $C$DW$59, DW_AT_type(*$C$DW$T$16)
     856                      .dwattr $C$DW$59, DW_AT_location[DW_OP_regx 0x2f]
     857              
     858              
     859              ;***************************************************************
     860              ;* FNAME: __relaxed_atan2f              FR SIZE:   0           *
     861              ;*                                                             *
     862              ;* FUNCTION ENVIRONMENT                                        *
     863              ;*                                                             *
     864              ;* FUNCTION PROPERTIES                                         *
     865              ;*                            0 Parameter,  0 Auto,  0 SOE     *
     866              ;***************************************************************
     867              
     868              ||__relaxed_atan2f||:
     869              ;* R0    assigned to y
     870              $C$DW$60        .dwtag  DW_TAG_variable
     871                      .dwattr $C$DW$60, DW_AT_name("y")
     872                      .dwattr $C$DW$60, DW_AT_type(*$C$DW$T$41)
     873                      .dwattr $C$DW$60, DW_AT_location[DW_OP_regx 0x2b]
     874              
     875              ;* R1    assigned to x
     876              $C$DW$61        .dwtag  DW_TAG_variable
     877                      .dwattr $C$DW$61, DW_AT_name("x")
     878                      .dwattr $C$DW$61, DW_AT_type(*$C$DW$T$41)
     879                      .dwattr $C$DW$61, DW_AT_location[DW_OP_regx 0x2f]
     880              
     881                      .dwcfi  cfa_offset, -2
     882                      .dwcfi  save_reg_to_mem, 26, 0
     883                      .dwpsn  file "C:/ti/ccs2030/ccs/tools/compiler/ti-cgt-c2000_22.6.2.LTS/include/math.h",line 281,colum
     884 00000000 E27C          QUADF32   R1H,R0H,R0H,R1H       ; [CPU_FPU] |281| 
         00000001 0201 
     885 00000002 7700          NOP       ; [CPU_ALU] 
     886 00000003 7700          NOP       ; [CPU_ALU] 
     887 00000004 7700          NOP       ; [CPU_ALU] 
     888 00000005 7700          NOP       ; [CPU_ALU] 
     889 00000006 E27A          ATANPUF32 R0H,R0H               ; [CPU_FPU] |281| 
         00000007 0000 
     890 00000008 7700          NOP       ; [CPU_ALU] 
     891 00000009 7700          NOP       ; [CPU_ALU] 
     892 0000000a 7700          NOP       ; [CPU_ALU] 
     893 0000000b E710          ADDF32    R0H,R0H,R1H           ; [CPU_FPU] |281| 
         0000000c 0040 
     894 0000000d 7700          NOP       ; [CPU_ALU] 
     895 0000000e 7700          NOP       ; [CPU_ALU] 
     896 0000000f E270          MPY2PIF32 R0H,R0H               ; [CPU_FPU] |281| 
         00000010 0000 
     897 00000011 7700          NOP       ; [CPU_ALU] 
     898              $C$DW$62        .dwtag  DW_TAG_TI_branch
     899                      .dwattr $C$DW$62, DW_AT_low_pc(0x00)
     900                      .dwattr $C$DW$62, DW_AT_TI_return
     901              
TMS320C2000 Assembler PC v22.6.2 Tue Nov 18 13:15:19 2025

Copyright (c) 1996-2018 Texas Instruments Incorporated
mid_library_adc.asm                                                  PAGE   18

     902 00000012 0006          LRETR     ; [CPU_ALU] 
     903                      ; return occurs ; [] 
     904                      .dwattr $C$DW$57, DW_AT_TI_end_file("C:/ti/ccs2030/ccs/tools/compiler/ti-cgt-c2000_22.6.2.LTS/include
     905                      .dwattr $C$DW$57, DW_AT_TI_end_line(0x11a)
     906                      .dwattr $C$DW$57, DW_AT_TI_end_column(0x01)
     907                      .dwendentry
     908                      .dwendtag $C$DW$57
     909              
     910 00000000               .sect   ".text:__isnormall"
     911                      .clink
     912                      .global ||__isnormall||
     913              
     914              $C$DW$63        .dwtag  DW_TAG_subprogram
     915                      .dwattr $C$DW$63, DW_AT_name("__isnormall")
     916                      .dwattr $C$DW$63, DW_AT_low_pc(||__isnormall||)
     917                      .dwattr $C$DW$63, DW_AT_high_pc(0x00)
     918                      .dwattr $C$DW$63, DW_AT_linkage_name("__isnormall")
     919                      .dwattr $C$DW$63, DW_AT_external
     920                      .dwattr $C$DW$63, DW_AT_type(*$C$DW$T$10)
     921                      .dwattr $C$DW$63, DW_AT_decl_file("C:/ti/ccs2030/ccs/tools/compiler/ti-cgt-c2000_22.6.2.LTS/include/_
     922                      .dwattr $C$DW$63, DW_AT_decl_line(0x167)
     923                      .dwattr $C$DW$63, DW_AT_decl_column(0x18)
     924                      .dwattr $C$DW$63, DW_AT_TI_max_frame_size(-6)
     925                      .dwpsn  file "C:/ti/ccs2030/ccs/tools/compiler/ti-cgt-c2000_22.6.2.LTS/include/_defs.h",line 360,colu
     926              
     927                      .dwfde $C$DW$CIE, ||__isnormall||
     928              $C$DW$64        .dwtag  DW_TAG_formal_parameter
     929                      .dwattr $C$DW$64, DW_AT_name("e")
     930                      .dwattr $C$DW$64, DW_AT_type(*$C$DW$T$44)
     931                      .dwattr $C$DW$64, DW_AT_location[DW_OP_reg12]
     932              
     933              
     934              ;***************************************************************
     935              ;* FNAME: __isnormall                   FR SIZE:   4           *
     936              ;*                                                             *
     937              ;* FUNCTION ENVIRONMENT                                        *
     938              ;*                                                             *
     939              ;* FUNCTION PROPERTIES                                         *
     940              ;*                            4 Parameter,  0 Auto,  0 SOE     *
     941              ;***************************************************************
     942              
     943              ||__isnormall||:
     944              ;* AR5   assigned to $O$C2
     945              ;* AR6   assigned to $O$S1
     946              ;* AR4   assigned to e
     947              $C$DW$65        .dwtag  DW_TAG_variable
     948                      .dwattr $C$DW$65, DW_AT_name("e")
     949                      .dwattr $C$DW$65, DW_AT_type(*$C$DW$T$45)
     950                      .dwattr $C$DW$65, DW_AT_location[DW_OP_reg12]
     951              
     952                      .dwcfi  cfa_offset, -2
     953                      .dwcfi  save_reg_to_mem, 26, 0
     954 00000000 FE04          ADDB      SP,#4                 ; [CPU_ARAU] 
     955                      .dwcfi  cfa_offset, -6
     956                      .dwpsn  file "C:/ti/ccs2030/ccs/tools/compiler/ti-cgt-c2000_22.6.2.LTS/include/_defs.h",line 360,colu
TMS320C2000 Assembler PC v22.6.2 Tue Nov 18 13:15:19 2025

Copyright (c) 1996-2018 Texas Instruments Incorporated
mid_library_adc.asm                                                  PAGE   19

     957 00000001 83C4          MOVL      XAR5,*+XAR4[0]        ; [CPU_ALU] |360| 
     958 00000002 8AD4          MOVL      XAR4,*+XAR4[2]        ; [CPU_ALU] |360| 
     959 00000003 BE00          MOVB      XAR6,#0               ; [CPU_ALU] |360| 
     960 00000004 28AC          MOV       T,#52                 ; [CPU_ALU] |360| 
         00000005 0034 
     961 00000006 A0AB          MOVL      P,XAR5                ; [CPU_ALU] |360| 
     962 00000007 A8A9          MOVL      ACC,XAR4              ; [CPU_ALU] |360| 
     963 00000008 C244          MOVL      *-SP[4],XAR6          ; [CPU_ALU] |360| 
     964 00000009 2B42          MOV       *-SP[2],#0            ; [CPU_ALU] |360| 
     965 0000000a 565B          LSR64     ACC:P,T               ; [CPU_ALU] |360| 
     966 0000000b 2B41          MOV       *-SP[1],#0            ; [CPU_FPU] |360| 
     967 0000000c 9000          ANDB      AL,#0                 ; [CPU_ALU] |360| 
     968 0000000d 9100          ANDB      AH,#0                 ; [CPU_ALU] |360| 
     969 0000000e 18AB          AND       PL,#2047              ; [CPU_ALU] |360| 
         0000000f 07FF 
     970 00000010 18AA          AND       PH,#0                 ; [CPU_ALU] |360| 
         00000011 0000 
     971              $C$DW$66        .dwtag  DW_TAG_TI_branch
     972                      .dwattr $C$DW$66, DW_AT_low_pc(0x00)
     973                      .dwattr $C$DW$66, DW_AT_name("__c28xabi_cmpull")
     974                      .dwattr $C$DW$66, DW_AT_TI_call
     975              
     976 00000012 7640!         LCR       #||__c28xabi_cmpull|| ; [CPU_ALU] |360| 
         00000013 0000 
     977                      ; call occurs [#||__c28xabi_cmpull||] ; [] |360| 
     978 00000014 BE00          MOVB      XAR6,#0               ; [CPU_ALU] |360| 
     979 00000015 5200          CMPB      AL,#0                 ; [CPU_ALU] |360| 
     980 00000016 610E          B         ||$C$L1||,EQ          ; [CPU_ALU] |360| 
     981                      ; branchcc occurs ; [] |360| 
     982 00000017 A0AB          MOVL      P,XAR5                ; [CPU_ALU] |360| 
     983 00000018 A8A9          MOVL      ACC,XAR4              ; [CPU_ALU] |360| 
     984 00000019 28AC          MOV       T,#48                 ; [CPU_ALU] |360| 
         0000001a 0030 
     985 0000001b 565B          LSR64     ACC:P,T               ; [CPU_ALU] |360| 
     986 0000001c 18AB          AND       PL,#0x7ff0            ; [CPU_ALU] |360| 
         0000001d 7FF0 
     987 0000001e 80AB          MOVZ      AR7,PL                ; [CPU_ALU] |360| 
     988 0000001f FF20          MOV       ACC,#32752            ; [CPU_ALU] |360| 
         00000020 7FF0 
     989 00000021 0FA7          CMPL      ACC,XAR7              ; [CPU_ALU] |360| 
     990 00000022 56B0          MOVB      XAR6,#1,NEQ           ; [CPU_ALU] |360| 
         00000023 01A6 
     991 00000024       ||$C$L1||:    
     992 00000024 FE84          SUBB      SP,#4                 ; [CPU_ARAU] 
     993                      .dwcfi  cfa_offset, -2
     994 00000025 92A6          MOV       AL,AR6                ; [CPU_ALU] |360| 
     995              $C$DW$67        .dwtag  DW_TAG_TI_branch
     996                      .dwattr $C$DW$67, DW_AT_low_pc(0x00)
     997                      .dwattr $C$DW$67, DW_AT_TI_return
     998              
     999 00000026 0006          LRETR     ; [CPU_ALU] 
    1000                      ; return occurs ; [] 
    1001                      .dwattr $C$DW$63, DW_AT_TI_end_file("C:/ti/ccs2030/ccs/tools/compiler/ti-cgt-c2000_22.6.2.LTS/include
    1002                      .dwattr $C$DW$63, DW_AT_TI_end_line(0x169)
    1003                      .dwattr $C$DW$63, DW_AT_TI_end_column(0x31)
TMS320C2000 Assembler PC v22.6.2 Tue Nov 18 13:15:19 2025

Copyright (c) 1996-2018 Texas Instruments Incorporated
mid_library_adc.asm                                                  PAGE   20

    1004                      .dwendentry
    1005                      .dwendtag $C$DW$63
    1006              
    1007 00000000               .sect   ".text:__isnormalf"
    1008                      .clink
    1009                      .global ||__isnormalf||
    1010              
    1011              $C$DW$68        .dwtag  DW_TAG_subprogram
    1012                      .dwattr $C$DW$68, DW_AT_name("__isnormalf")
    1013                      .dwattr $C$DW$68, DW_AT_low_pc(||__isnormalf||)
    1014                      .dwattr $C$DW$68, DW_AT_high_pc(0x00)
    1015                      .dwattr $C$DW$68, DW_AT_linkage_name("__isnormalf")
    1016                      .dwattr $C$DW$68, DW_AT_external
    1017                      .dwattr $C$DW$68, DW_AT_type(*$C$DW$T$10)
    1018                      .dwattr $C$DW$68, DW_AT_decl_file("C:/ti/ccs2030/ccs/tools/compiler/ti-cgt-c2000_22.6.2.LTS/include/_
    1019                      .dwattr $C$DW$68, DW_AT_decl_line(0x163)
    1020                      .dwattr $C$DW$68, DW_AT_decl_column(0x18)
    1021                      .dwattr $C$DW$68, DW_AT_TI_max_frame_size(-2)
    1022                      .dwpsn  file "C:/ti/ccs2030/ccs/tools/compiler/ti-cgt-c2000_22.6.2.LTS/include/_defs.h",line 356,colu
    1023              
    1024                      .dwfde $C$DW$CIE, ||__isnormalf||
    1025              $C$DW$69        .dwtag  DW_TAG_formal_parameter
    1026                      .dwattr $C$DW$69, DW_AT_name("f")
    1027                      .dwattr $C$DW$69, DW_AT_type(*$C$DW$T$16)
    1028                      .dwattr $C$DW$69, DW_AT_location[DW_OP_regx 0x2b]
    1029              
    1030              
    1031              ;***************************************************************
    1032              ;* FNAME: __isnormalf                   FR SIZE:   0           *
    1033              ;*                                                             *
    1034              ;* FUNCTION ENVIRONMENT                                        *
    1035              ;*                                                             *
    1036              ;* FUNCTION PROPERTIES                                         *
    1037              ;*                            0 Parameter,  0 Auto,  0 SOE     *
    1038              ;***************************************************************
    1039              
    1040              ||__isnormalf||:
    1041              ;* PL    assigned to $O$K3
    1042              ;* AR6   assigned to $O$S1
    1043              ;* R0    assigned to f
    1044              $C$DW$70        .dwtag  DW_TAG_variable
    1045                      .dwattr $C$DW$70, DW_AT_name("f")
    1046                      .dwattr $C$DW$70, DW_AT_type(*$C$DW$T$41)
    1047                      .dwattr $C$DW$70, DW_AT_location[DW_OP_regx 0x2b]
    1048              
    1049                      .dwcfi  cfa_offset, -2
    1050                      .dwcfi  save_reg_to_mem, 26, 0
    1051                      .dwpsn  file "C:/ti/ccs2030/ccs/tools/compiler/ti-cgt-c2000_22.6.2.LTS/include/_defs.h",line 356,colu
    1052 00000000 BFAB          MOV32     P,R0H                 ; [CPU_FPU] |356| 
         00000001 0F12 
    1053 00000002 28AC          MOV       T,#23                 ; [CPU_ALU] |356| 
         00000003 0017 
    1054 00000004 A9A9          MOVL      ACC,P                 ; [CPU_ALU] |356| 
    1055 00000005 BE00          MOVB      XAR6,#0               ; [CPU_ALU] |356| 
    1056 00000006 5622          LSRL      ACC,T                 ; [CPU_ALU] |356| 
TMS320C2000 Assembler PC v22.6.2 Tue Nov 18 13:15:19 2025

Copyright (c) 1996-2018 Texas Instruments Incorporated
mid_library_adc.asm                                                  PAGE   21

    1057 00000007 90FF          ANDB      AL,#0xff              ; [CPU_ALU] |356| 
    1058 00000008 6109          B         ||$C$L2||,EQ          ; [CPU_ALU] |356| 
    1059                      ; branchcc occurs ; [] |356| 
    1060 00000009 CCAA          AND       AL,PH,#0x7f80         ; [CPU_ALU] |356| 
         0000000a 7F80 
    1061 0000000b 80A9          MOVZ      AR7,AL                ; [CPU_ALU] |356| 
    1062 0000000c FF20          MOV       ACC,#32640            ; [CPU_ALU] |356| 
         0000000d 7F80 
    1063 0000000e 0FA7          CMPL      ACC,XAR7              ; [CPU_ALU] |356| 
    1064 0000000f 56B0          MOVB      XAR6,#1,NEQ           ; [CPU_ALU] |356| 
         00000010 01A6 
    1065 00000011       ||$C$L2||:    
    1066 00000011 92A6          MOV       AL,AR6                ; [CPU_ALU] |356| 
    1067              $C$DW$71        .dwtag  DW_TAG_TI_branch
    1068                      .dwattr $C$DW$71, DW_AT_low_pc(0x00)
    1069                      .dwattr $C$DW$71, DW_AT_TI_return
    1070              
    1071 00000012 0006          LRETR     ; [CPU_ALU] 
    1072                      ; return occurs ; [] 
    1073                      .dwattr $C$DW$68, DW_AT_TI_end_file("C:/ti/ccs2030/ccs/tools/compiler/ti-cgt-c2000_22.6.2.LTS/include
    1074                      .dwattr $C$DW$68, DW_AT_TI_end_line(0x165)
    1075                      .dwattr $C$DW$68, DW_AT_TI_end_column(0x2f)
    1076                      .dwendentry
    1077                      .dwendtag $C$DW$68
    1078              
    1079 00000000               .sect   ".text:__isnormal"
    1080                      .clink
    1081                      .global ||__isnormal||
    1082              
    1083              $C$DW$72        .dwtag  DW_TAG_subprogram
    1084                      .dwattr $C$DW$72, DW_AT_name("__isnormal")
    1085                      .dwattr $C$DW$72, DW_AT_low_pc(||__isnormal||)
    1086                      .dwattr $C$DW$72, DW_AT_high_pc(0x00)
    1087                      .dwattr $C$DW$72, DW_AT_linkage_name("__isnormal")
    1088                      .dwattr $C$DW$72, DW_AT_external
    1089                      .dwattr $C$DW$72, DW_AT_type(*$C$DW$T$10)
    1090                      .dwattr $C$DW$72, DW_AT_decl_file("C:/ti/ccs2030/ccs/tools/compiler/ti-cgt-c2000_22.6.2.LTS/include/_
    1091                      .dwattr $C$DW$72, DW_AT_decl_line(0x15f)
    1092                      .dwattr $C$DW$72, DW_AT_decl_column(0x18)
    1093                      .dwattr $C$DW$72, DW_AT_TI_max_frame_size(-6)
    1094                      .dwpsn  file "C:/ti/ccs2030/ccs/tools/compiler/ti-cgt-c2000_22.6.2.LTS/include/_defs.h",line 352,colu
    1095              
    1096                      .dwfde $C$DW$CIE, ||__isnormal||
    1097              $C$DW$73        .dwtag  DW_TAG_formal_parameter
    1098                      .dwattr $C$DW$73, DW_AT_name("d")
    1099                      .dwattr $C$DW$73, DW_AT_type(*$C$DW$T$42)
    1100                      .dwattr $C$DW$73, DW_AT_location[DW_OP_reg12]
    1101              
    1102              
    1103              ;***************************************************************
    1104              ;* FNAME: __isnormal                    FR SIZE:   4           *
    1105              ;*                                                             *
    1106              ;* FUNCTION ENVIRONMENT                                        *
    1107              ;*                                                             *
    1108              ;* FUNCTION PROPERTIES                                         *
TMS320C2000 Assembler PC v22.6.2 Tue Nov 18 13:15:19 2025

Copyright (c) 1996-2018 Texas Instruments Incorporated
mid_library_adc.asm                                                  PAGE   22

    1109              ;*                            4 Parameter,  0 Auto,  0 SOE     *
    1110              ;***************************************************************
    1111              
    1112              ||__isnormal||:
    1113              ;* AR5   assigned to $O$C2
    1114              ;* AR6   assigned to $O$S1
    1115              ;* AR4   assigned to d
    1116              $C$DW$74        .dwtag  DW_TAG_variable
    1117                      .dwattr $C$DW$74, DW_AT_name("d")
    1118                      .dwattr $C$DW$74, DW_AT_type(*$C$DW$T$43)
    1119                      .dwattr $C$DW$74, DW_AT_location[DW_OP_reg12]
    1120              
    1121                      .dwcfi  cfa_offset, -2
    1122                      .dwcfi  save_reg_to_mem, 26, 0
    1123 00000000 FE04          ADDB      SP,#4                 ; [CPU_ARAU] 
    1124                      .dwcfi  cfa_offset, -6
    1125                      .dwpsn  file "C:/ti/ccs2030/ccs/tools/compiler/ti-cgt-c2000_22.6.2.LTS/include/_defs.h",line 352,colu
    1126 00000001 83C4          MOVL      XAR5,*+XAR4[0]        ; [CPU_ALU] |352| 
    1127 00000002 8AD4          MOVL      XAR4,*+XAR4[2]        ; [CPU_ALU] |352| 
    1128 00000003 BE00          MOVB      XAR6,#0               ; [CPU_ALU] |352| 
    1129 00000004 28AC          MOV       T,#52                 ; [CPU_ALU] |352| 
         00000005 0034 
    1130 00000006 A0AB          MOVL      P,XAR5                ; [CPU_ALU] |352| 
    1131 00000007 A8A9          MOVL      ACC,XAR4              ; [CPU_ALU] |352| 
    1132 00000008 C244          MOVL      *-SP[4],XAR6          ; [CPU_ALU] |352| 
    1133 00000009 2B42          MOV       *-SP[2],#0            ; [CPU_ALU] |352| 
    1134 0000000a 565B          LSR64     ACC:P,T               ; [CPU_ALU] |352| 
    1135 0000000b 2B41          MOV       *-SP[1],#0            ; [CPU_FPU] |352| 
    1136 0000000c 9000          ANDB      AL,#0                 ; [CPU_ALU] |352| 
    1137 0000000d 9100          ANDB      AH,#0                 ; [CPU_ALU] |352| 
    1138 0000000e 18AB          AND       PL,#2047              ; [CPU_ALU] |352| 
         0000000f 07FF 
    1139 00000010 18AA          AND       PH,#0                 ; [CPU_ALU] |352| 
         00000011 0000 
    1140              $C$DW$75        .dwtag  DW_TAG_TI_branch
    1141                      .dwattr $C$DW$75, DW_AT_low_pc(0x00)
    1142                      .dwattr $C$DW$75, DW_AT_name("__c28xabi_cmpull")
    1143                      .dwattr $C$DW$75, DW_AT_TI_call
    1144              
    1145 00000012 7640!         LCR       #||__c28xabi_cmpull|| ; [CPU_ALU] |352| 
         00000013 0000 
    1146                      ; call occurs [#||__c28xabi_cmpull||] ; [] |352| 
    1147 00000014 BE00          MOVB      XAR6,#0               ; [CPU_ALU] |352| 
    1148 00000015 5200          CMPB      AL,#0                 ; [CPU_ALU] |352| 
    1149 00000016 610E          B         ||$C$L3||,EQ          ; [CPU_ALU] |352| 
    1150                      ; branchcc occurs ; [] |352| 
    1151 00000017 A0AB          MOVL      P,XAR5                ; [CPU_ALU] |352| 
    1152 00000018 A8A9          MOVL      ACC,XAR4              ; [CPU_ALU] |352| 
    1153 00000019 28AC          MOV       T,#48                 ; [CPU_ALU] |352| 
         0000001a 0030 
    1154 0000001b 565B          LSR64     ACC:P,T               ; [CPU_ALU] |352| 
    1155 0000001c 18AB          AND       PL,#0x7ff0            ; [CPU_ALU] |352| 
         0000001d 7FF0 
    1156 0000001e 80AB          MOVZ      AR7,PL                ; [CPU_ALU] |352| 
    1157 0000001f FF20          MOV       ACC,#32752            ; [CPU_ALU] |352| 
TMS320C2000 Assembler PC v22.6.2 Tue Nov 18 13:15:19 2025

Copyright (c) 1996-2018 Texas Instruments Incorporated
mid_library_adc.asm                                                  PAGE   23

         00000020 7FF0 
    1158 00000021 0FA7          CMPL      ACC,XAR7              ; [CPU_ALU] |352| 
    1159 00000022 56B0          MOVB      XAR6,#1,NEQ           ; [CPU_ALU] |352| 
         00000023 01A6 
    1160 00000024       ||$C$L3||:    
    1161 00000024 FE84          SUBB      SP,#4                 ; [CPU_ARAU] 
    1162                      .dwcfi  cfa_offset, -2
    1163 00000025 92A6          MOV       AL,AR6                ; [CPU_ALU] |352| 
    1164              $C$DW$76        .dwtag  DW_TAG_TI_branch
    1165                      .dwattr $C$DW$76, DW_AT_low_pc(0x00)
    1166                      .dwattr $C$DW$76, DW_AT_TI_return
    1167              
    1168 00000026 0006          LRETR     ; [CPU_ALU] 
    1169                      ; return occurs ; [] 
    1170                      .dwattr $C$DW$72, DW_AT_TI_end_file("C:/ti/ccs2030/ccs/tools/compiler/ti-cgt-c2000_22.6.2.LTS/include
    1171                      .dwattr $C$DW$72, DW_AT_TI_end_line(0x161)
    1172                      .dwattr $C$DW$72, DW_AT_TI_end_column(0x30)
    1173                      .dwendentry
    1174                      .dwendtag $C$DW$72
    1175              
    1176 00000000               .sect   ".text:__isnanl"
    1177                      .clink
    1178                      .global ||__isnanl||
    1179              
    1180              $C$DW$77        .dwtag  DW_TAG_subprogram
    1181                      .dwattr $C$DW$77, DW_AT_name("__isnanl")
    1182                      .dwattr $C$DW$77, DW_AT_low_pc(||__isnanl||)
    1183                      .dwattr $C$DW$77, DW_AT_high_pc(0x00)
    1184                      .dwattr $C$DW$77, DW_AT_linkage_name("__isnanl")
    1185                      .dwattr $C$DW$77, DW_AT_external
    1186                      .dwattr $C$DW$77, DW_AT_type(*$C$DW$T$10)
    1187                      .dwattr $C$DW$77, DW_AT_decl_file("C:/ti/ccs2030/ccs/tools/compiler/ti-cgt-c2000_22.6.2.LTS/include/_
    1188                      .dwattr $C$DW$77, DW_AT_decl_line(0x15b)
    1189                      .dwattr $C$DW$77, DW_AT_decl_column(0x18)
    1190                      .dwattr $C$DW$77, DW_AT_TI_max_frame_size(-6)
    1191                      .dwpsn  file "C:/ti/ccs2030/ccs/tools/compiler/ti-cgt-c2000_22.6.2.LTS/include/_defs.h",line 348,colu
    1192              
    1193                      .dwfde $C$DW$CIE, ||__isnanl||
    1194              $C$DW$78        .dwtag  DW_TAG_formal_parameter
    1195                      .dwattr $C$DW$78, DW_AT_name("e")
    1196                      .dwattr $C$DW$78, DW_AT_type(*$C$DW$T$44)
    1197                      .dwattr $C$DW$78, DW_AT_location[DW_OP_reg12]
    1198              
    1199              
    1200              ;***************************************************************
    1201              ;* FNAME: __isnanl                      FR SIZE:   4           *
    1202              ;*                                                             *
    1203              ;* FUNCTION ENVIRONMENT                                        *
    1204              ;*                                                             *
    1205              ;* FUNCTION PROPERTIES                                         *
    1206              ;*                            4 Parameter,  0 Auto,  0 SOE     *
    1207              ;***************************************************************
    1208              
    1209              ||__isnanl||:
    1210              ;* AR7   assigned to $O$C2
TMS320C2000 Assembler PC v22.6.2 Tue Nov 18 13:15:19 2025

Copyright (c) 1996-2018 Texas Instruments Incorporated
mid_library_adc.asm                                                  PAGE   24

    1211              ;* AR4   assigned to $O$S1
    1212              ;* AR4   assigned to e
    1213              $C$DW$79        .dwtag  DW_TAG_variable
    1214                      .dwattr $C$DW$79, DW_AT_name("e")
    1215                      .dwattr $C$DW$79, DW_AT_type(*$C$DW$T$45)
    1216                      .dwattr $C$DW$79, DW_AT_location[DW_OP_reg12]
    1217              
    1218                      .dwcfi  cfa_offset, -2
    1219                      .dwcfi  save_reg_to_mem, 26, 0
    1220 00000000 FE04          ADDB      SP,#4                 ; [CPU_ARAU] 
    1221                      .dwcfi  cfa_offset, -6
    1222                      .dwpsn  file "C:/ti/ccs2030/ccs/tools/compiler/ti-cgt-c2000_22.6.2.LTS/include/_defs.h",line 348,colu
    1223 00000001 C5C4          MOVL      XAR7,*+XAR4[0]        ; [CPU_ALU] |348| 
    1224 00000002 06D4          MOVL      ACC,*+XAR4[2]         ; [CPU_ALU] |348| 
    1225 00000003 28AC          MOV       T,#48                 ; [CPU_ALU] |348| 
         00000004 0030 
    1226 00000005 1EA6          MOVL      XAR6,ACC              ; [CPU_ALU] |348| 
    1227 00000006 A3A7          MOVL      P,XAR7                ; [CPU_ALU] |348| 
    1228 00000007 D400          MOVB      XAR4,#0               ; [CPU_ALU] |348| 
    1229 00000008 565B          LSR64     ACC:P,T               ; [CPU_ALU] |348| 
    1230 00000009 2BAA          MOV       PH,#0                 ; [CPU_ALU] |348| 
    1231 0000000a 18AB          AND       PL,#0x7ff0            ; [CPU_ALU] |348| 
         0000000b 7FF0 
    1232 0000000c FF20          MOV       ACC,#32752            ; [CPU_ALU] |348| 
         0000000d 7FF0 
    1233 0000000e 0FAB          CMPL      ACC,P                 ; [CPU_ALU] |348| 
    1234 0000000f 6013          B         ||$C$L4||,NEQ         ; [CPU_ALU] |348| 
    1235                      ; branchcc occurs ; [] |348| 
    1236 00000010 06A6          MOVL      ACC,XAR6              ; [CPU_ALU] |348| 
    1237 00000011 A3A7          MOVL      P,XAR7                ; [CPU_ALU] |348| 
    1238 00000012 BE00          MOVB      XAR6,#0               ; [CPU_ALU] |348| 
    1239 00000013 18A9          AND       AL,#65535             ; [CPU_ALU] |348| 
         00000014 FFFF 
    1240 00000015 910F          ANDB      AH,#15                ; [CPU_ALU] |348| 
    1241 00000016 18AB          AND       PL,#65535             ; [CPU_ALU] |348| 
         00000017 FFFF 
    1242 00000018 18AA          AND       PH,#65535             ; [CPU_ALU] |348| 
         00000019 FFFF 
    1243 0000001a C244          MOVL      *-SP[4],XAR6          ; [CPU_FPU] |348| 
    1244 0000001b 2B42          MOV       *-SP[2],#0            ; [CPU_FPU] |348| 
    1245 0000001c 2B41          MOV       *-SP[1],#0            ; [CPU_FPU] |348| 
    1246              $C$DW$80        .dwtag  DW_TAG_TI_branch
    1247                      .dwattr $C$DW$80, DW_AT_low_pc(0x00)
    1248                      .dwattr $C$DW$80, DW_AT_name("__c28xabi_cmpull")
    1249                      .dwattr $C$DW$80, DW_AT_TI_call
    1250              
    1251 0000001d 7640!         LCR       #||__c28xabi_cmpull|| ; [CPU_ALU] |348| 
         0000001e 0000 
    1252                      ; call occurs [#||__c28xabi_cmpull||] ; [] |348| 
    1253 0000001f 5200          CMPB      AL,#0                 ; [CPU_ALU] |348| 
    1254 00000020 56B0          MOVB      XAR4,#1,NEQ           ; [CPU_ALU] |348| 
         00000021 01A4 
    1255 00000022       ||$C$L4||:    
    1256 00000022 FE84          SUBB      SP,#4                 ; [CPU_ARAU] 
    1257                      .dwcfi  cfa_offset, -2
TMS320C2000 Assembler PC v22.6.2 Tue Nov 18 13:15:19 2025

Copyright (c) 1996-2018 Texas Instruments Incorporated
mid_library_adc.asm                                                  PAGE   25

    1258 00000023 92A4          MOV       AL,AR4                ; [CPU_ALU] |348| 
    1259              $C$DW$81        .dwtag  DW_TAG_TI_branch
    1260                      .dwattr $C$DW$81, DW_AT_low_pc(0x00)
    1261                      .dwattr $C$DW$81, DW_AT_TI_return
    1262              
    1263 00000024 0006          LRETR     ; [CPU_ALU] 
    1264                      ; return occurs ; [] 
    1265                      .dwattr $C$DW$77, DW_AT_TI_end_file("C:/ti/ccs2030/ccs/tools/compiler/ti-cgt-c2000_22.6.2.LTS/include
    1266                      .dwattr $C$DW$77, DW_AT_TI_end_line(0x15d)
    1267                      .dwattr $C$DW$77, DW_AT_TI_end_column(0x30)
    1268                      .dwendentry
    1269                      .dwendtag $C$DW$77
    1270              
    1271 00000000               .sect   ".text:__isnanf"
    1272                      .clink
    1273                      .global ||__isnanf||
    1274              
    1275              $C$DW$82        .dwtag  DW_TAG_subprogram
    1276                      .dwattr $C$DW$82, DW_AT_name("__isnanf")
    1277                      .dwattr $C$DW$82, DW_AT_low_pc(||__isnanf||)
    1278                      .dwattr $C$DW$82, DW_AT_high_pc(0x00)
    1279                      .dwattr $C$DW$82, DW_AT_linkage_name("__isnanf")
    1280                      .dwattr $C$DW$82, DW_AT_external
    1281                      .dwattr $C$DW$82, DW_AT_type(*$C$DW$T$10)
    1282                      .dwattr $C$DW$82, DW_AT_decl_file("C:/ti/ccs2030/ccs/tools/compiler/ti-cgt-c2000_22.6.2.LTS/include/_
    1283                      .dwattr $C$DW$82, DW_AT_decl_line(0x158)
    1284                      .dwattr $C$DW$82, DW_AT_decl_column(0x18)
    1285                      .dwattr $C$DW$82, DW_AT_TI_max_frame_size(-2)
    1286                      .dwpsn  file "C:/ti/ccs2030/ccs/tools/compiler/ti-cgt-c2000_22.6.2.LTS/include/_defs.h",line 345,colu
    1287              
    1288                      .dwfde $C$DW$CIE, ||__isnanf||
    1289              $C$DW$83        .dwtag  DW_TAG_formal_parameter
    1290                      .dwattr $C$DW$83, DW_AT_name("f")
    1291                      .dwattr $C$DW$83, DW_AT_type(*$C$DW$T$16)
    1292                      .dwattr $C$DW$83, DW_AT_location[DW_OP_regx 0x2b]
    1293              
    1294              
    1295              ;***************************************************************
    1296              ;* FNAME: __isnanf                      FR SIZE:   0           *
    1297              ;*                                                             *
    1298              ;* FUNCTION ENVIRONMENT                                        *
    1299              ;*                                                             *
    1300              ;* FUNCTION PROPERTIES                                         *
    1301              ;*                            0 Parameter,  0 Auto,  0 SOE     *
    1302              ;***************************************************************
    1303              
    1304              ||__isnanf||:
    1305              ;* PL    assigned to $O$K3
    1306              ;* AR6   assigned to $O$S1
    1307              ;* R0    assigned to f
    1308              $C$DW$84        .dwtag  DW_TAG_variable
    1309                      .dwattr $C$DW$84, DW_AT_name("f")
    1310                      .dwattr $C$DW$84, DW_AT_type(*$C$DW$T$41)
    1311                      .dwattr $C$DW$84, DW_AT_location[DW_OP_regx 0x2b]
    1312              
TMS320C2000 Assembler PC v22.6.2 Tue Nov 18 13:15:19 2025

Copyright (c) 1996-2018 Texas Instruments Incorporated
mid_library_adc.asm                                                  PAGE   26

    1313                      .dwcfi  cfa_offset, -2
    1314                      .dwcfi  save_reg_to_mem, 26, 0
    1315                      .dwpsn  file "C:/ti/ccs2030/ccs/tools/compiler/ti-cgt-c2000_22.6.2.LTS/include/_defs.h",line 345,colu
    1316 00000000 BFAB          MOV32     P,R0H                 ; [CPU_FPU] |345| 
         00000001 0F12 
    1317 00000002 CCAA          AND       AL,PH,#0x7f80         ; [CPU_ALU] |345| 
         00000003 7F80 
    1318 00000004 80A9          MOVZ      AR7,AL                ; [CPU_ALU] |345| 
    1319 00000005 BE00          MOVB      XAR6,#0               ; [CPU_ALU] |345| 
    1320 00000006 FF20          MOV       ACC,#32640            ; [CPU_ALU] |345| 
         00000007 7F80 
    1321 00000008 0FA7          CMPL      ACC,XAR7              ; [CPU_ALU] |345| 
    1322 00000009 6006          B         ||$C$L5||,NEQ         ; [CPU_ALU] |345| 
    1323                      ; branchcc occurs ; [] |345| 
    1324 0000000a A9A9          MOVL      ACC,P                 ; [CPU_ALU] |345| 
    1325 0000000b 917F          ANDB      AH,#127               ; [CPU_ALU] |345| 
    1326 0000000c FF58          TEST      ACC                   ; [CPU_ALU] |345| 
    1327 0000000d 56B0          MOVB      XAR6,#1,NEQ           ; [CPU_ALU] |345| 
         0000000e 01A6 
    1328 0000000f       ||$C$L5||:    
    1329 0000000f 92A6          MOV       AL,AR6                ; [CPU_ALU] |345| 
    1330              $C$DW$85        .dwtag  DW_TAG_TI_branch
    1331                      .dwattr $C$DW$85, DW_AT_low_pc(0x00)
    1332                      .dwattr $C$DW$85, DW_AT_TI_return
    1333              
    1334 00000010 0006          LRETR     ; [CPU_ALU] 
    1335                      ; return occurs ; [] 
    1336                      .dwattr $C$DW$82, DW_AT_TI_end_file("C:/ti/ccs2030/ccs/tools/compiler/ti-cgt-c2000_22.6.2.LTS/include
    1337                      .dwattr $C$DW$82, DW_AT_TI_end_line(0x15a)
    1338                      .dwattr $C$DW$82, DW_AT_TI_end_column(0x2e)
    1339                      .dwendentry
    1340                      .dwendtag $C$DW$82
    1341              
    1342 00000000               .sect   ".text:__isnan"
    1343                      .clink
    1344                      .global ||__isnan||
    1345              
    1346              $C$DW$86        .dwtag  DW_TAG_subprogram
    1347                      .dwattr $C$DW$86, DW_AT_name("__isnan")
    1348                      .dwattr $C$DW$86, DW_AT_low_pc(||__isnan||)
    1349                      .dwattr $C$DW$86, DW_AT_high_pc(0x00)
    1350                      .dwattr $C$DW$86, DW_AT_linkage_name("__isnan")
    1351                      .dwattr $C$DW$86, DW_AT_external
    1352                      .dwattr $C$DW$86, DW_AT_type(*$C$DW$T$10)
    1353                      .dwattr $C$DW$86, DW_AT_decl_file("C:/ti/ccs2030/ccs/tools/compiler/ti-cgt-c2000_22.6.2.LTS/include/_
    1354                      .dwattr $C$DW$86, DW_AT_decl_line(0x155)
    1355                      .dwattr $C$DW$86, DW_AT_decl_column(0x18)
    1356                      .dwattr $C$DW$86, DW_AT_TI_max_frame_size(-6)
    1357                      .dwpsn  file "C:/ti/ccs2030/ccs/tools/compiler/ti-cgt-c2000_22.6.2.LTS/include/_defs.h",line 342,colu
    1358              
    1359                      .dwfde $C$DW$CIE, ||__isnan||
    1360              $C$DW$87        .dwtag  DW_TAG_formal_parameter
    1361                      .dwattr $C$DW$87, DW_AT_name("d")
    1362                      .dwattr $C$DW$87, DW_AT_type(*$C$DW$T$42)
    1363                      .dwattr $C$DW$87, DW_AT_location[DW_OP_reg12]
TMS320C2000 Assembler PC v22.6.2 Tue Nov 18 13:15:19 2025

Copyright (c) 1996-2018 Texas Instruments Incorporated
mid_library_adc.asm                                                  PAGE   27

    1364              
    1365              
    1366              ;***************************************************************
    1367              ;* FNAME: __isnan                       FR SIZE:   4           *
    1368              ;*                                                             *
    1369              ;* FUNCTION ENVIRONMENT                                        *
    1370              ;*                                                             *
    1371              ;* FUNCTION PROPERTIES                                         *
    1372              ;*                            4 Parameter,  0 Auto,  0 SOE     *
    1373              ;***************************************************************
    1374              
    1375              ||__isnan||:
    1376              ;* AR7   assigned to $O$C2
    1377              ;* AR4   assigned to $O$S1
    1378              ;* AR4   assigned to d
    1379              $C$DW$88        .dwtag  DW_TAG_variable
    1380                      .dwattr $C$DW$88, DW_AT_name("d")
    1381                      .dwattr $C$DW$88, DW_AT_type(*$C$DW$T$43)
    1382                      .dwattr $C$DW$88, DW_AT_location[DW_OP_reg12]
    1383              
    1384                      .dwcfi  cfa_offset, -2
    1385                      .dwcfi  save_reg_to_mem, 26, 0
    1386 00000000 FE04          ADDB      SP,#4                 ; [CPU_ARAU] 
    1387                      .dwcfi  cfa_offset, -6
    1388                      .dwpsn  file "C:/ti/ccs2030/ccs/tools/compiler/ti-cgt-c2000_22.6.2.LTS/include/_defs.h",line 342,colu
    1389 00000001 C5C4          MOVL      XAR7,*+XAR4[0]        ; [CPU_ALU] |342| 
    1390 00000002 06D4          MOVL      ACC,*+XAR4[2]         ; [CPU_ALU] |342| 
    1391 00000003 28AC          MOV       T,#48                 ; [CPU_ALU] |342| 
         00000004 0030 
    1392 00000005 1EA6          MOVL      XAR6,ACC              ; [CPU_ALU] |342| 
    1393 00000006 A3A7          MOVL      P,XAR7                ; [CPU_ALU] |342| 
    1394 00000007 D400          MOVB      XAR4,#0               ; [CPU_ALU] |342| 
    1395 00000008 565B          LSR64     ACC:P,T               ; [CPU_ALU] |342| 
    1396 00000009 2BAA          MOV       PH,#0                 ; [CPU_ALU] |342| 
    1397 0000000a 18AB          AND       PL,#0x7ff0            ; [CPU_ALU] |342| 
         0000000b 7FF0 
    1398 0000000c FF20          MOV       ACC,#32752            ; [CPU_ALU] |342| 
         0000000d 7FF0 
    1399 0000000e 0FAB          CMPL      ACC,P                 ; [CPU_ALU] |342| 
    1400 0000000f 6013          B         ||$C$L6||,NEQ         ; [CPU_ALU] |342| 
    1401                      ; branchcc occurs ; [] |342| 
    1402 00000010 06A6          MOVL      ACC,XAR6              ; [CPU_ALU] |342| 
    1403 00000011 A3A7          MOVL      P,XAR7                ; [CPU_ALU] |342| 
    1404 00000012 BE00          MOVB      XAR6,#0               ; [CPU_ALU] |342| 
    1405 00000013 18A9          AND       AL,#65535             ; [CPU_ALU] |342| 
         00000014 FFFF 
    1406 00000015 910F          ANDB      AH,#15                ; [CPU_ALU] |342| 
    1407 00000016 18AB          AND       PL,#65535             ; [CPU_ALU] |342| 
         00000017 FFFF 
    1408 00000018 18AA          AND       PH,#65535             ; [CPU_ALU] |342| 
         00000019 FFFF 
    1409 0000001a C244          MOVL      *-SP[4],XAR6          ; [CPU_FPU] |342| 
    1410 0000001b 2B42          MOV       *-SP[2],#0            ; [CPU_FPU] |342| 
    1411 0000001c 2B41          MOV       *-SP[1],#0            ; [CPU_FPU] |342| 
    1412              $C$DW$89        .dwtag  DW_TAG_TI_branch
TMS320C2000 Assembler PC v22.6.2 Tue Nov 18 13:15:19 2025

Copyright (c) 1996-2018 Texas Instruments Incorporated
mid_library_adc.asm                                                  PAGE   28

    1413                      .dwattr $C$DW$89, DW_AT_low_pc(0x00)
    1414                      .dwattr $C$DW$89, DW_AT_name("__c28xabi_cmpull")
    1415                      .dwattr $C$DW$89, DW_AT_TI_call
    1416              
    1417 0000001d 7640!         LCR       #||__c28xabi_cmpull|| ; [CPU_ALU] |342| 
         0000001e 0000 
    1418                      ; call occurs [#||__c28xabi_cmpull||] ; [] |342| 
    1419 0000001f 5200          CMPB      AL,#0                 ; [CPU_ALU] |342| 
    1420 00000020 56B0          MOVB      XAR4,#1,NEQ           ; [CPU_ALU] |342| 
         00000021 01A4 
    1421 00000022       ||$C$L6||:    
    1422 00000022 FE84          SUBB      SP,#4                 ; [CPU_ARAU] 
    1423                      .dwcfi  cfa_offset, -2
    1424 00000023 92A4          MOV       AL,AR4                ; [CPU_ALU] |342| 
    1425              $C$DW$90        .dwtag  DW_TAG_TI_branch
    1426                      .dwattr $C$DW$90, DW_AT_low_pc(0x00)
    1427                      .dwattr $C$DW$90, DW_AT_TI_return
    1428              
    1429 00000024 0006          LRETR     ; [CPU_ALU] 
    1430                      ; return occurs ; [] 
    1431                      .dwattr $C$DW$86, DW_AT_TI_end_file("C:/ti/ccs2030/ccs/tools/compiler/ti-cgt-c2000_22.6.2.LTS/include
    1432                      .dwattr $C$DW$86, DW_AT_TI_end_line(0x157)
    1433                      .dwattr $C$DW$86, DW_AT_TI_end_column(0x2f)
    1434                      .dwendentry
    1435                      .dwendtag $C$DW$86
    1436              
    1437 00000000               .sect   ".text:__isinfl"
    1438                      .clink
    1439                      .global ||__isinfl||
    1440              
    1441              $C$DW$91        .dwtag  DW_TAG_subprogram
    1442                      .dwattr $C$DW$91, DW_AT_name("__isinfl")
    1443                      .dwattr $C$DW$91, DW_AT_low_pc(||__isinfl||)
    1444                      .dwattr $C$DW$91, DW_AT_high_pc(0x00)
    1445                      .dwattr $C$DW$91, DW_AT_linkage_name("__isinfl")
    1446                      .dwattr $C$DW$91, DW_AT_external
    1447                      .dwattr $C$DW$91, DW_AT_type(*$C$DW$T$10)
    1448                      .dwattr $C$DW$91, DW_AT_decl_file("C:/ti/ccs2030/ccs/tools/compiler/ti-cgt-c2000_22.6.2.LTS/include/_
    1449                      .dwattr $C$DW$91, DW_AT_decl_line(0x17a)
    1450                      .dwattr $C$DW$91, DW_AT_decl_column(0x18)
    1451                      .dwattr $C$DW$91, DW_AT_TI_max_frame_size(-6)
    1452                      .dwpsn  file "C:/ti/ccs2030/ccs/tools/compiler/ti-cgt-c2000_22.6.2.LTS/include/_defs.h",line 379,colu
    1453              
    1454                      .dwfde $C$DW$CIE, ||__isinfl||
    1455              $C$DW$92        .dwtag  DW_TAG_formal_parameter
    1456                      .dwattr $C$DW$92, DW_AT_name("e")
    1457                      .dwattr $C$DW$92, DW_AT_type(*$C$DW$T$44)
    1458                      .dwattr $C$DW$92, DW_AT_location[DW_OP_reg12]
    1459              
    1460              
    1461              ;***************************************************************
    1462              ;* FNAME: __isinfl                      FR SIZE:   4           *
    1463              ;*                                                             *
    1464              ;* FUNCTION ENVIRONMENT                                        *
    1465              ;*                                                             *
TMS320C2000 Assembler PC v22.6.2 Tue Nov 18 13:15:19 2025

Copyright (c) 1996-2018 Texas Instruments Incorporated
mid_library_adc.asm                                                  PAGE   29

    1466              ;* FUNCTION PROPERTIES                                         *
    1467              ;*                            4 Parameter,  0 Auto,  0 SOE     *
    1468              ;***************************************************************
    1469              
    1470              ||__isinfl||:
    1471              ;* AR7   assigned to $O$C2
    1472              ;* AR4   assigned to $O$S1
    1473              ;* AR4   assigned to e
    1474              $C$DW$93        .dwtag  DW_TAG_variable
    1475                      .dwattr $C$DW$93, DW_AT_name("e")
    1476                      .dwattr $C$DW$93, DW_AT_type(*$C$DW$T$45)
    1477                      .dwattr $C$DW$93, DW_AT_location[DW_OP_reg12]
    1478              
    1479                      .dwcfi  cfa_offset, -2
    1480                      .dwcfi  save_reg_to_mem, 26, 0
    1481 00000000 FE04          ADDB      SP,#4                 ; [CPU_ARAU] 
    1482                      .dwcfi  cfa_offset, -6
    1483                      .dwpsn  file "C:/ti/ccs2030/ccs/tools/compiler/ti-cgt-c2000_22.6.2.LTS/include/_defs.h",line 379,colu
    1484 00000001 C5C4          MOVL      XAR7,*+XAR4[0]        ; [CPU_ALU] |379| 
    1485 00000002 06D4          MOVL      ACC,*+XAR4[2]         ; [CPU_ALU] |379| 
    1486 00000003 28AC          MOV       T,#48                 ; [CPU_ALU] |379| 
         00000004 0030 
    1487 00000005 1EA6          MOVL      XAR6,ACC              ; [CPU_ALU] |379| 
    1488 00000006 A3A7          MOVL      P,XAR7                ; [CPU_ALU] |379| 
    1489 00000007 D400          MOVB      XAR4,#0               ; [CPU_ALU] |379| 
    1490 00000008 565B          LSR64     ACC:P,T               ; [CPU_ALU] |379| 
    1491 00000009 2BAA          MOV       PH,#0                 ; [CPU_ALU] |379| 
    1492 0000000a 18AB          AND       PL,#0x7ff0            ; [CPU_ALU] |379| 
         0000000b 7FF0 
    1493 0000000c FF20          MOV       ACC,#32752            ; [CPU_ALU] |379| 
         0000000d 7FF0 
    1494 0000000e 0FAB          CMPL      ACC,P                 ; [CPU_ALU] |379| 
    1495 0000000f 6013          B         ||$C$L7||,NEQ         ; [CPU_ALU] |379| 
    1496                      ; branchcc occurs ; [] |379| 
    1497 00000010 06A6          MOVL      ACC,XAR6              ; [CPU_ALU] |379| 
    1498 00000011 A3A7          MOVL      P,XAR7                ; [CPU_ALU] |379| 
    1499 00000012 BE00          MOVB      XAR6,#0               ; [CPU_ALU] |379| 
    1500 00000013 18A9          AND       AL,#65535             ; [CPU_ALU] |379| 
         00000014 FFFF 
    1501 00000015 910F          ANDB      AH,#15                ; [CPU_ALU] |379| 
    1502 00000016 18AB          AND       PL,#65535             ; [CPU_ALU] |379| 
         00000017 FFFF 
    1503 00000018 18AA          AND       PH,#65535             ; [CPU_ALU] |379| 
         00000019 FFFF 
    1504 0000001a C244          MOVL      *-SP[4],XAR6          ; [CPU_FPU] |379| 
    1505 0000001b 2B42          MOV       *-SP[2],#0            ; [CPU_FPU] |379| 
    1506 0000001c 2B41          MOV       *-SP[1],#0            ; [CPU_FPU] |379| 
    1507              $C$DW$94        .dwtag  DW_TAG_TI_branch
    1508                      .dwattr $C$DW$94, DW_AT_low_pc(0x00)
    1509                      .dwattr $C$DW$94, DW_AT_name("__c28xabi_cmpull")
    1510                      .dwattr $C$DW$94, DW_AT_TI_call
    1511              
    1512 0000001d 7640!         LCR       #||__c28xabi_cmpull|| ; [CPU_ALU] |379| 
         0000001e 0000 
    1513                      ; call occurs [#||__c28xabi_cmpull||] ; [] |379| 
TMS320C2000 Assembler PC v22.6.2 Tue Nov 18 13:15:19 2025

Copyright (c) 1996-2018 Texas Instruments Incorporated
mid_library_adc.asm                                                  PAGE   30

    1514 0000001f 5200          CMPB      AL,#0                 ; [CPU_ALU] |379| 
    1515 00000020 56B1          MOVB      XAR4,#1,EQ            ; [CPU_ALU] |379| 
         00000021 01A4 
    1516 00000022       ||$C$L7||:    
    1517 00000022 FE84          SUBB      SP,#4                 ; [CPU_ARAU] 
    1518                      .dwcfi  cfa_offset, -2
    1519 00000023 92A4          MOV       AL,AR4                ; [CPU_ALU] |379| 
    1520              $C$DW$95        .dwtag  DW_TAG_TI_branch
    1521                      .dwattr $C$DW$95, DW_AT_low_pc(0x00)
    1522                      .dwattr $C$DW$95, DW_AT_TI_return
    1523              
    1524 00000024 0006          LRETR     ; [CPU_ALU] 
    1525                      ; return occurs ; [] 
    1526                      .dwattr $C$DW$91, DW_AT_TI_end_file("C:/ti/ccs2030/ccs/tools/compiler/ti-cgt-c2000_22.6.2.LTS/include
    1527                      .dwattr $C$DW$91, DW_AT_TI_end_line(0x17b)
    1528                      .dwattr $C$DW$91, DW_AT_TI_end_column(0x4c)
    1529                      .dwendentry
    1530                      .dwendtag $C$DW$91
    1531              
    1532 00000000               .sect   ".text:__isinff"
    1533                      .clink
    1534                      .global ||__isinff||
    1535              
    1536              $C$DW$96        .dwtag  DW_TAG_subprogram
    1537                      .dwattr $C$DW$96, DW_AT_name("__isinff")
    1538                      .dwattr $C$DW$96, DW_AT_low_pc(||__isinff||)
    1539                      .dwattr $C$DW$96, DW_AT_high_pc(0x00)
    1540                      .dwattr $C$DW$96, DW_AT_linkage_name("__isinff")
    1541                      .dwattr $C$DW$96, DW_AT_external
    1542                      .dwattr $C$DW$96, DW_AT_type(*$C$DW$T$10)
    1543                      .dwattr $C$DW$96, DW_AT_decl_file("C:/ti/ccs2030/ccs/tools/compiler/ti-cgt-c2000_22.6.2.LTS/include/_
    1544                      .dwattr $C$DW$96, DW_AT_decl_line(0x176)
    1545                      .dwattr $C$DW$96, DW_AT_decl_column(0x18)
    1546                      .dwattr $C$DW$96, DW_AT_TI_max_frame_size(-2)
    1547                      .dwpsn  file "C:/ti/ccs2030/ccs/tools/compiler/ti-cgt-c2000_22.6.2.LTS/include/_defs.h",line 375,colu
    1548              
    1549                      .dwfde $C$DW$CIE, ||__isinff||
    1550              $C$DW$97        .dwtag  DW_TAG_formal_parameter
    1551                      .dwattr $C$DW$97, DW_AT_name("f")
    1552                      .dwattr $C$DW$97, DW_AT_type(*$C$DW$T$16)
    1553                      .dwattr $C$DW$97, DW_AT_location[DW_OP_regx 0x2b]
    1554              
    1555              
    1556              ;***************************************************************
    1557              ;* FNAME: __isinff                      FR SIZE:   0           *
    1558              ;*                                                             *
    1559              ;* FUNCTION ENVIRONMENT                                        *
    1560              ;*                                                             *
    1561              ;* FUNCTION PROPERTIES                                         *
    1562              ;*                            0 Parameter,  0 Auto,  0 SOE     *
    1563              ;***************************************************************
    1564              
    1565              ||__isinff||:
    1566              ;* PL    assigned to $O$K3
    1567              ;* AR6   assigned to $O$S1
TMS320C2000 Assembler PC v22.6.2 Tue Nov 18 13:15:19 2025

Copyright (c) 1996-2018 Texas Instruments Incorporated
mid_library_adc.asm                                                  PAGE   31

    1568              ;* R0    assigned to f
    1569              $C$DW$98        .dwtag  DW_TAG_variable
    1570                      .dwattr $C$DW$98, DW_AT_name("f")
    1571                      .dwattr $C$DW$98, DW_AT_type(*$C$DW$T$41)
    1572                      .dwattr $C$DW$98, DW_AT_location[DW_OP_regx 0x2b]
    1573              
    1574                      .dwcfi  cfa_offset, -2
    1575                      .dwcfi  save_reg_to_mem, 26, 0
    1576                      .dwpsn  file "C:/ti/ccs2030/ccs/tools/compiler/ti-cgt-c2000_22.6.2.LTS/include/_defs.h",line 375,colu
    1577 00000000 BFAB          MOV32     P,R0H                 ; [CPU_FPU] |375| 
         00000001 0F12 
    1578 00000002 CCAA          AND       AL,PH,#0x7f80         ; [CPU_ALU] |375| 
         00000003 7F80 
    1579 00000004 80A9          MOVZ      AR7,AL                ; [CPU_ALU] |375| 
    1580 00000005 BE00          MOVB      XAR6,#0               ; [CPU_ALU] |375| 
    1581 00000006 FF20          MOV       ACC,#32640            ; [CPU_ALU] |375| 
         00000007 7F80 
    1582 00000008 0FA7          CMPL      ACC,XAR7              ; [CPU_ALU] |375| 
    1583 00000009 6006          B         ||$C$L8||,NEQ         ; [CPU_ALU] |375| 
    1584                      ; branchcc occurs ; [] |375| 
    1585 0000000a A9A9          MOVL      ACC,P                 ; [CPU_ALU] |375| 
    1586 0000000b 917F          ANDB      AH,#127               ; [CPU_ALU] |375| 
    1587 0000000c FF58          TEST      ACC                   ; [CPU_ALU] |375| 
    1588 0000000d 56B1          MOVB      XAR6,#1,EQ            ; [CPU_ALU] |375| 
         0000000e 01A6 
    1589 0000000f       ||$C$L8||:    
    1590 0000000f 92A6          MOV       AL,AR6                ; [CPU_ALU] |375| 
    1591              $C$DW$99        .dwtag  DW_TAG_TI_branch
    1592                      .dwattr $C$DW$99, DW_AT_low_pc(0x00)
    1593                      .dwattr $C$DW$99, DW_AT_TI_return
    1594              
    1595 00000010 0006          LRETR     ; [CPU_ALU] 
    1596                      ; return occurs ; [] 
    1597                      .dwattr $C$DW$96, DW_AT_TI_end_file("C:/ti/ccs2030/ccs/tools/compiler/ti-cgt-c2000_22.6.2.LTS/include
    1598                      .dwattr $C$DW$96, DW_AT_TI_end_line(0x177)
    1599                      .dwattr $C$DW$96, DW_AT_TI_end_column(0x48)
    1600                      .dwendentry
    1601                      .dwendtag $C$DW$96
    1602              
    1603 00000000               .sect   ".text:__isinf"
    1604                      .clink
    1605                      .global ||__isinf||
    1606              
    1607              $C$DW$100       .dwtag  DW_TAG_subprogram
    1608                      .dwattr $C$DW$100, DW_AT_name("__isinf")
    1609                      .dwattr $C$DW$100, DW_AT_low_pc(||__isinf||)
    1610                      .dwattr $C$DW$100, DW_AT_high_pc(0x00)
    1611                      .dwattr $C$DW$100, DW_AT_linkage_name("__isinf")
    1612                      .dwattr $C$DW$100, DW_AT_external
    1613                      .dwattr $C$DW$100, DW_AT_type(*$C$DW$T$10)
    1614                      .dwattr $C$DW$100, DW_AT_decl_file("C:/ti/ccs2030/ccs/tools/compiler/ti-cgt-c2000_22.6.2.LTS/include/
    1615                      .dwattr $C$DW$100, DW_AT_decl_line(0x178)
    1616                      .dwattr $C$DW$100, DW_AT_decl_column(0x18)
    1617                      .dwattr $C$DW$100, DW_AT_TI_max_frame_size(-6)
    1618                      .dwpsn  file "C:/ti/ccs2030/ccs/tools/compiler/ti-cgt-c2000_22.6.2.LTS/include/_defs.h",line 377,colu
TMS320C2000 Assembler PC v22.6.2 Tue Nov 18 13:15:19 2025

Copyright (c) 1996-2018 Texas Instruments Incorporated
mid_library_adc.asm                                                  PAGE   32

    1619              
    1620                      .dwfde $C$DW$CIE, ||__isinf||
    1621              $C$DW$101       .dwtag  DW_TAG_formal_parameter
    1622                      .dwattr $C$DW$101, DW_AT_name("d")
    1623                      .dwattr $C$DW$101, DW_AT_type(*$C$DW$T$42)
    1624                      .dwattr $C$DW$101, DW_AT_location[DW_OP_reg12]
    1625              
    1626              
    1627              ;***************************************************************
    1628              ;* FNAME: __isinf                       FR SIZE:   4           *
    1629              ;*                                                             *
    1630              ;* FUNCTION ENVIRONMENT                                        *
    1631              ;*                                                             *
    1632              ;* FUNCTION PROPERTIES                                         *
    1633              ;*                            4 Parameter,  0 Auto,  0 SOE     *
    1634              ;***************************************************************
    1635              
    1636              ||__isinf||:
    1637              ;* AR7   assigned to $O$C2
    1638              ;* AR4   assigned to $O$S1
    1639              ;* AR4   assigned to d
    1640              $C$DW$102       .dwtag  DW_TAG_variable
    1641                      .dwattr $C$DW$102, DW_AT_name("d")
    1642                      .dwattr $C$DW$102, DW_AT_type(*$C$DW$T$43)
    1643                      .dwattr $C$DW$102, DW_AT_location[DW_OP_reg12]
    1644              
    1645                      .dwcfi  cfa_offset, -2
    1646                      .dwcfi  save_reg_to_mem, 26, 0
    1647 00000000 FE04          ADDB      SP,#4                 ; [CPU_ARAU] 
    1648                      .dwcfi  cfa_offset, -6
    1649                      .dwpsn  file "C:/ti/ccs2030/ccs/tools/compiler/ti-cgt-c2000_22.6.2.LTS/include/_defs.h",line 377,colu
    1650 00000001 C5C4          MOVL      XAR7,*+XAR4[0]        ; [CPU_ALU] |377| 
    1651 00000002 06D4          MOVL      ACC,*+XAR4[2]         ; [CPU_ALU] |377| 
    1652 00000003 28AC          MOV       T,#48                 ; [CPU_ALU] |377| 
         00000004 0030 
    1653 00000005 1EA6          MOVL      XAR6,ACC              ; [CPU_ALU] |377| 
    1654 00000006 A3A7          MOVL      P,XAR7                ; [CPU_ALU] |377| 
    1655 00000007 D400          MOVB      XAR4,#0               ; [CPU_ALU] |377| 
    1656 00000008 565B          LSR64     ACC:P,T               ; [CPU_ALU] |377| 
    1657 00000009 2BAA          MOV       PH,#0                 ; [CPU_ALU] |377| 
    1658 0000000a 18AB          AND       PL,#0x7ff0            ; [CPU_ALU] |377| 
         0000000b 7FF0 
    1659 0000000c FF20          MOV       ACC,#32752            ; [CPU_ALU] |377| 
         0000000d 7FF0 
    1660 0000000e 0FAB          CMPL      ACC,P                 ; [CPU_ALU] |377| 
    1661 0000000f 6013          B         ||$C$L9||,NEQ         ; [CPU_ALU] |377| 
    1662                      ; branchcc occurs ; [] |377| 
    1663 00000010 06A6          MOVL      ACC,XAR6              ; [CPU_ALU] |377| 
    1664 00000011 A3A7          MOVL      P,XAR7                ; [CPU_ALU] |377| 
    1665 00000012 BE00          MOVB      XAR6,#0               ; [CPU_ALU] |377| 
    1666 00000013 18A9          AND       AL,#65535             ; [CPU_ALU] |377| 
         00000014 FFFF 
    1667 00000015 910F          ANDB      AH,#15                ; [CPU_ALU] |377| 
    1668 00000016 18AB          AND       PL,#65535             ; [CPU_ALU] |377| 
         00000017 FFFF 
TMS320C2000 Assembler PC v22.6.2 Tue Nov 18 13:15:19 2025

Copyright (c) 1996-2018 Texas Instruments Incorporated
mid_library_adc.asm                                                  PAGE   33

    1669 00000018 18AA          AND       PH,#65535             ; [CPU_ALU] |377| 
         00000019 FFFF 
    1670 0000001a C244          MOVL      *-SP[4],XAR6          ; [CPU_FPU] |377| 
    1671 0000001b 2B42          MOV       *-SP[2],#0            ; [CPU_FPU] |377| 
    1672 0000001c 2B41          MOV       *-SP[1],#0            ; [CPU_FPU] |377| 
    1673              $C$DW$103       .dwtag  DW_TAG_TI_branch
    1674                      .dwattr $C$DW$103, DW_AT_low_pc(0x00)
    1675                      .dwattr $C$DW$103, DW_AT_name("__c28xabi_cmpull")
    1676                      .dwattr $C$DW$103, DW_AT_TI_call
    1677              
    1678 0000001d 7640!         LCR       #||__c28xabi_cmpull|| ; [CPU_ALU] |377| 
         0000001e 0000 
    1679                      ; call occurs [#||__c28xabi_cmpull||] ; [] |377| 
    1680 0000001f 5200          CMPB      AL,#0                 ; [CPU_ALU] |377| 
    1681 00000020 56B1          MOVB      XAR4,#1,EQ            ; [CPU_ALU] |377| 
         00000021 01A4 
    1682 00000022       ||$C$L9||:    
    1683 00000022 FE84          SUBB      SP,#4                 ; [CPU_ARAU] 
    1684                      .dwcfi  cfa_offset, -2
    1685 00000023 92A4          MOV       AL,AR4                ; [CPU_ALU] |377| 
    1686              $C$DW$104       .dwtag  DW_TAG_TI_branch
    1687                      .dwattr $C$DW$104, DW_AT_low_pc(0x00)
    1688                      .dwattr $C$DW$104, DW_AT_TI_return
    1689              
    1690 00000024 0006          LRETR     ; [CPU_ALU] 
    1691                      ; return occurs ; [] 
    1692                      .dwattr $C$DW$100, DW_AT_TI_end_file("C:/ti/ccs2030/ccs/tools/compiler/ti-cgt-c2000_22.6.2.LTS/includ
    1693                      .dwattr $C$DW$100, DW_AT_TI_end_line(0x179)
    1694                      .dwattr $C$DW$100, DW_AT_TI_end_column(0x4a)
    1695                      .dwendentry
    1696                      .dwendtag $C$DW$100
    1697              
    1698 00000000               .sect   ".text:__isfinitel"
    1699                      .clink
    1700                      .global ||__isfinitel||
    1701              
    1702              $C$DW$105       .dwtag  DW_TAG_subprogram
    1703                      .dwattr $C$DW$105, DW_AT_name("__isfinitel")
    1704                      .dwattr $C$DW$105, DW_AT_low_pc(||__isfinitel||)
    1705                      .dwattr $C$DW$105, DW_AT_high_pc(0x00)
    1706                      .dwattr $C$DW$105, DW_AT_linkage_name("__isfinitel")
    1707                      .dwattr $C$DW$105, DW_AT_external
    1708                      .dwattr $C$DW$105, DW_AT_type(*$C$DW$T$10)
    1709                      .dwattr $C$DW$105, DW_AT_decl_file("C:/ti/ccs2030/ccs/tools/compiler/ti-cgt-c2000_22.6.2.LTS/include/
    1710                      .dwattr $C$DW$105, DW_AT_decl_line(0x152)
    1711                      .dwattr $C$DW$105, DW_AT_decl_column(0x18)
    1712                      .dwattr $C$DW$105, DW_AT_TI_max_frame_size(-2)
    1713                      .dwpsn  file "C:/ti/ccs2030/ccs/tools/compiler/ti-cgt-c2000_22.6.2.LTS/include/_defs.h",line 339,colu
    1714              
    1715                      .dwfde $C$DW$CIE, ||__isfinitel||
    1716              $C$DW$106       .dwtag  DW_TAG_formal_parameter
    1717                      .dwattr $C$DW$106, DW_AT_name("e")
    1718                      .dwattr $C$DW$106, DW_AT_type(*$C$DW$T$44)
    1719                      .dwattr $C$DW$106, DW_AT_location[DW_OP_reg12]
    1720              
TMS320C2000 Assembler PC v22.6.2 Tue Nov 18 13:15:19 2025

Copyright (c) 1996-2018 Texas Instruments Incorporated
mid_library_adc.asm                                                  PAGE   34

    1721              
    1722              ;***************************************************************
    1723              ;* FNAME: __isfinitel                   FR SIZE:   0           *
    1724              ;*                                                             *
    1725              ;* FUNCTION ENVIRONMENT                                        *
    1726              ;*                                                             *
    1727              ;* FUNCTION PROPERTIES                                         *
    1728              ;*                            0 Parameter,  0 Auto,  0 SOE     *
    1729              ;***************************************************************
    1730              
    1731              ||__isfinitel||:
    1732              ;* AR4   assigned to e
    1733              $C$DW$107       .dwtag  DW_TAG_variable
    1734                      .dwattr $C$DW$107, DW_AT_name("e")
    1735                      .dwattr $C$DW$107, DW_AT_type(*$C$DW$T$45)
    1736                      .dwattr $C$DW$107, DW_AT_location[DW_OP_reg12]
    1737              
    1738                      .dwcfi  cfa_offset, -2
    1739                      .dwcfi  save_reg_to_mem, 26, 0
    1740                      .dwpsn  file "C:/ti/ccs2030/ccs/tools/compiler/ti-cgt-c2000_22.6.2.LTS/include/_defs.h",line 339,colu
    1741 00000000 A3C4          MOVL      P,*+XAR4[0]           ; [CPU_ALU] |339| 
    1742 00000001 06D4          MOVL      ACC,*+XAR4[2]         ; [CPU_ALU] |339| 
    1743 00000002 28AC          MOV       T,#48                 ; [CPU_ALU] |339| 
         00000003 0030 
    1744 00000004 565B          LSR64     ACC:P,T               ; [CPU_ALU] |339| 
    1745 00000005 18AB          AND       PL,#0x7ff0            ; [CPU_ALU] |339| 
         00000006 7FF0 
    1746 00000007 80AB          MOVZ      AR7,PL                ; [CPU_ALU] |339| 
    1747 00000008 FF20          MOV       ACC,#32752            ; [CPU_ALU] |339| 
         00000009 7FF0 
    1748 0000000a BE00          MOVB      XAR6,#0               ; [CPU_ALU] |339| 
    1749 0000000b 0FA7          CMPL      ACC,XAR7              ; [CPU_ALU] |339| 
    1750 0000000c 56B0          MOVB      XAR6,#1,NEQ           ; [CPU_ALU] |339| 
         0000000d 01A6 
    1751 0000000e 92A6          MOV       AL,AR6                ; [CPU_ALU] |339| 
    1752              $C$DW$108       .dwtag  DW_TAG_TI_branch
    1753                      .dwattr $C$DW$108, DW_AT_low_pc(0x00)
    1754                      .dwattr $C$DW$108, DW_AT_TI_return
    1755              
    1756 0000000f 0006          LRETR     ; [CPU_ALU] 
    1757                      ; return occurs ; [] 
    1758                      .dwattr $C$DW$105, DW_AT_TI_end_file("C:/ti/ccs2030/ccs/tools/compiler/ti-cgt-c2000_22.6.2.LTS/includ
    1759                      .dwattr $C$DW$105, DW_AT_TI_end_line(0x153)
    1760                      .dwattr $C$DW$105, DW_AT_TI_end_column(0x2f)
    1761                      .dwendentry
    1762                      .dwendtag $C$DW$105
    1763              
    1764 00000000               .sect   ".text:__isfinitef"
    1765                      .clink
    1766                      .global ||__isfinitef||
    1767              
    1768              $C$DW$109       .dwtag  DW_TAG_subprogram
    1769                      .dwattr $C$DW$109, DW_AT_name("__isfinitef")
    1770                      .dwattr $C$DW$109, DW_AT_low_pc(||__isfinitef||)
    1771                      .dwattr $C$DW$109, DW_AT_high_pc(0x00)
TMS320C2000 Assembler PC v22.6.2 Tue Nov 18 13:15:19 2025

Copyright (c) 1996-2018 Texas Instruments Incorporated
mid_library_adc.asm                                                  PAGE   35

    1772                      .dwattr $C$DW$109, DW_AT_linkage_name("__isfinitef")
    1773                      .dwattr $C$DW$109, DW_AT_external
    1774                      .dwattr $C$DW$109, DW_AT_type(*$C$DW$T$10)
    1775                      .dwattr $C$DW$109, DW_AT_decl_file("C:/ti/ccs2030/ccs/tools/compiler/ti-cgt-c2000_22.6.2.LTS/include/
    1776                      .dwattr $C$DW$109, DW_AT_decl_line(0x150)
    1777                      .dwattr $C$DW$109, DW_AT_decl_column(0x18)
    1778                      .dwattr $C$DW$109, DW_AT_TI_max_frame_size(-2)
    1779                      .dwpsn  file "C:/ti/ccs2030/ccs/tools/compiler/ti-cgt-c2000_22.6.2.LTS/include/_defs.h",line 337,colu
    1780              
    1781                      .dwfde $C$DW$CIE, ||__isfinitef||
    1782              $C$DW$110       .dwtag  DW_TAG_formal_parameter
    1783                      .dwattr $C$DW$110, DW_AT_name("f")
    1784                      .dwattr $C$DW$110, DW_AT_type(*$C$DW$T$16)
    1785                      .dwattr $C$DW$110, DW_AT_location[DW_OP_regx 0x2b]
    1786              
    1787              
    1788              ;***************************************************************
    1789              ;* FNAME: __isfinitef                   FR SIZE:   0           *
    1790              ;*                                                             *
    1791              ;* FUNCTION ENVIRONMENT                                        *
    1792              ;*                                                             *
    1793              ;* FUNCTION PROPERTIES                                         *
    1794              ;*                            0 Parameter,  0 Auto,  0 SOE     *
    1795              ;***************************************************************
    1796              
    1797              ||__isfinitef||:
    1798              ;* R0    assigned to f
    1799              $C$DW$111       .dwtag  DW_TAG_variable
    1800                      .dwattr $C$DW$111, DW_AT_name("f")
    1801                      .dwattr $C$DW$111, DW_AT_type(*$C$DW$T$41)
    1802                      .dwattr $C$DW$111, DW_AT_location[DW_OP_regx 0x2b]
    1803              
    1804                      .dwcfi  cfa_offset, -2
    1805                      .dwcfi  save_reg_to_mem, 26, 0
    1806                      .dwpsn  file "C:/ti/ccs2030/ccs/tools/compiler/ti-cgt-c2000_22.6.2.LTS/include/_defs.h",line 337,colu
    1807 00000000 BFAB          MOV32     P,R0H                 ; [CPU_FPU] |337| 
         00000001 0F12 
    1808 00000002 18AA          AND       PH,#0x7f80            ; [CPU_ALU] |337| 
         00000003 7F80 
    1809 00000004 80AA          MOVZ      AR7,PH                ; [CPU_ALU] |337| 
    1810 00000005 FF20          MOV       ACC,#32640            ; [CPU_ALU] |337| 
         00000006 7F80 
    1811 00000007 BE00          MOVB      XAR6,#0               ; [CPU_ALU] |337| 
    1812 00000008 0FA7          CMPL      ACC,XAR7              ; [CPU_ALU] |337| 
    1813 00000009 56B0          MOVB      XAR6,#1,NEQ           ; [CPU_ALU] |337| 
         0000000a 01A6 
    1814 0000000b 92A6          MOV       AL,AR6                ; [CPU_ALU] |337| 
    1815              $C$DW$112       .dwtag  DW_TAG_TI_branch
    1816                      .dwattr $C$DW$112, DW_AT_low_pc(0x00)
    1817                      .dwattr $C$DW$112, DW_AT_TI_return
    1818              
    1819 0000000c 0006          LRETR     ; [CPU_ALU] 
    1820                      ; return occurs ; [] 
    1821                      .dwattr $C$DW$109, DW_AT_TI_end_file("C:/ti/ccs2030/ccs/tools/compiler/ti-cgt-c2000_22.6.2.LTS/includ
    1822                      .dwattr $C$DW$109, DW_AT_TI_end_line(0x151)
TMS320C2000 Assembler PC v22.6.2 Tue Nov 18 13:15:19 2025

Copyright (c) 1996-2018 Texas Instruments Incorporated
mid_library_adc.asm                                                  PAGE   36

    1823                      .dwattr $C$DW$109, DW_AT_TI_end_column(0x2d)
    1824                      .dwendentry
    1825                      .dwendtag $C$DW$109
    1826              
    1827 00000000               .sect   ".text:__isfinite"
    1828                      .clink
    1829                      .global ||__isfinite||
    1830              
    1831              $C$DW$113       .dwtag  DW_TAG_subprogram
    1832                      .dwattr $C$DW$113, DW_AT_name("__isfinite")
    1833                      .dwattr $C$DW$113, DW_AT_low_pc(||__isfinite||)
    1834                      .dwattr $C$DW$113, DW_AT_high_pc(0x00)
    1835                      .dwattr $C$DW$113, DW_AT_linkage_name("__isfinite")
    1836                      .dwattr $C$DW$113, DW_AT_external
    1837                      .dwattr $C$DW$113, DW_AT_type(*$C$DW$T$10)
    1838                      .dwattr $C$DW$113, DW_AT_decl_file("C:/ti/ccs2030/ccs/tools/compiler/ti-cgt-c2000_22.6.2.LTS/include/
    1839                      .dwattr $C$DW$113, DW_AT_decl_line(0x14e)
    1840                      .dwattr $C$DW$113, DW_AT_decl_column(0x18)
    1841                      .dwattr $C$DW$113, DW_AT_TI_max_frame_size(-2)
    1842                      .dwpsn  file "C:/ti/ccs2030/ccs/tools/compiler/ti-cgt-c2000_22.6.2.LTS/include/_defs.h",line 335,colu
    1843              
    1844                      .dwfde $C$DW$CIE, ||__isfinite||
    1845              $C$DW$114       .dwtag  DW_TAG_formal_parameter
    1846                      .dwattr $C$DW$114, DW_AT_name("d")
    1847                      .dwattr $C$DW$114, DW_AT_type(*$C$DW$T$42)
    1848                      .dwattr $C$DW$114, DW_AT_location[DW_OP_reg12]
    1849              
    1850              
    1851              ;***************************************************************
    1852              ;* FNAME: __isfinite                    FR SIZE:   0           *
    1853              ;*                                                             *
    1854              ;* FUNCTION ENVIRONMENT                                        *
    1855              ;*                                                             *
    1856              ;* FUNCTION PROPERTIES                                         *
    1857              ;*                            0 Parameter,  0 Auto,  0 SOE     *
    1858              ;***************************************************************
    1859              
    1860              ||__isfinite||:
    1861              ;* AR4   assigned to d
    1862              $C$DW$115       .dwtag  DW_TAG_variable
    1863                      .dwattr $C$DW$115, DW_AT_name("d")
    1864                      .dwattr $C$DW$115, DW_AT_type(*$C$DW$T$43)
    1865                      .dwattr $C$DW$115, DW_AT_location[DW_OP_reg12]
    1866              
    1867                      .dwcfi  cfa_offset, -2
    1868                      .dwcfi  save_reg_to_mem, 26, 0
    1869                      .dwpsn  file "C:/ti/ccs2030/ccs/tools/compiler/ti-cgt-c2000_22.6.2.LTS/include/_defs.h",line 335,colu
    1870 00000000 A3C4          MOVL      P,*+XAR4[0]           ; [CPU_ALU] |335| 
    1871 00000001 06D4          MOVL      ACC,*+XAR4[2]         ; [CPU_ALU] |335| 
    1872 00000002 28AC          MOV       T,#48                 ; [CPU_ALU] |335| 
         00000003 0030 
    1873 00000004 565B          LSR64     ACC:P,T               ; [CPU_ALU] |335| 
    1874 00000005 18AB          AND       PL,#0x7ff0            ; [CPU_ALU] |335| 
         00000006 7FF0 
    1875 00000007 80AB          MOVZ      AR7,PL                ; [CPU_ALU] |335| 
TMS320C2000 Assembler PC v22.6.2 Tue Nov 18 13:15:19 2025

Copyright (c) 1996-2018 Texas Instruments Incorporated
mid_library_adc.asm                                                  PAGE   37

    1876 00000008 FF20          MOV       ACC,#32752            ; [CPU_ALU] |335| 
         00000009 7FF0 
    1877 0000000a BE00          MOVB      XAR6,#0               ; [CPU_ALU] |335| 
    1878 0000000b 0FA7          CMPL      ACC,XAR7              ; [CPU_ALU] |335| 
    1879 0000000c 56B0          MOVB      XAR6,#1,NEQ           ; [CPU_ALU] |335| 
         0000000d 01A6 
    1880 0000000e 92A6          MOV       AL,AR6                ; [CPU_ALU] |335| 
    1881              $C$DW$116       .dwtag  DW_TAG_TI_branch
    1882                      .dwattr $C$DW$116, DW_AT_low_pc(0x00)
    1883                      .dwattr $C$DW$116, DW_AT_TI_return
    1884              
    1885 0000000f 0006          LRETR     ; [CPU_ALU] 
    1886                      ; return occurs ; [] 
    1887                      .dwattr $C$DW$113, DW_AT_TI_end_file("C:/ti/ccs2030/ccs/tools/compiler/ti-cgt-c2000_22.6.2.LTS/includ
    1888                      .dwattr $C$DW$113, DW_AT_TI_end_line(0x14f)
    1889                      .dwattr $C$DW$113, DW_AT_TI_end_column(0x2e)
    1890                      .dwendentry
    1891                      .dwendtag $C$DW$113
    1892              
    1893 00000000               .sect   ".text:__fpclassifyl"
    1894                      .clink
    1895                      .global ||__fpclassifyl||
    1896              
    1897              $C$DW$117       .dwtag  DW_TAG_subprogram
    1898                      .dwattr $C$DW$117, DW_AT_name("__fpclassifyl")
    1899                      .dwattr $C$DW$117, DW_AT_low_pc(||__fpclassifyl||)
    1900                      .dwattr $C$DW$117, DW_AT_high_pc(0x00)
    1901                      .dwattr $C$DW$117, DW_AT_linkage_name("__fpclassifyl")
    1902                      .dwattr $C$DW$117, DW_AT_external
    1903                      .dwattr $C$DW$117, DW_AT_type(*$C$DW$T$10)
    1904                      .dwattr $C$DW$117, DW_AT_decl_file("C:/ti/ccs2030/ccs/tools/compiler/ti-cgt-c2000_22.6.2.LTS/include/
    1905                      .dwattr $C$DW$117, DW_AT_decl_line(0x1ae)
    1906                      .dwattr $C$DW$117, DW_AT_decl_column(0x18)
    1907                      .dwattr $C$DW$117, DW_AT_TI_max_frame_size(-10)
    1908                      .dwpsn  file "C:/ti/ccs2030/ccs/tools/compiler/ti-cgt-c2000_22.6.2.LTS/include/_defs.h",line 431,colu
    1909              
    1910                      .dwfde $C$DW$CIE, ||__fpclassifyl||
    1911              $C$DW$118       .dwtag  DW_TAG_formal_parameter
    1912                      .dwattr $C$DW$118, DW_AT_name("e")
    1913                      .dwattr $C$DW$118, DW_AT_type(*$C$DW$T$44)
    1914                      .dwattr $C$DW$118, DW_AT_location[DW_OP_reg12]
    1915              
    1916              
    1917              ;***************************************************************
    1918              ;* FNAME: __fpclassifyl                 FR SIZE:   8           *
    1919              ;*                                                             *
    1920              ;* FUNCTION ENVIRONMENT                                        *
    1921              ;*                                                             *
    1922              ;* FUNCTION PROPERTIES                                         *
    1923              ;*                            4 Parameter,  4 Auto,  0 SOE     *
    1924              ;***************************************************************
    1925              
    1926              ||__fpclassifyl||:
    1927              $C$DW$119       .dwtag  DW_TAG_variable
    1928                      .dwattr $C$DW$119, DW_AT_name("e")
TMS320C2000 Assembler PC v22.6.2 Tue Nov 18 13:15:19 2025

Copyright (c) 1996-2018 Texas Instruments Incorporated
mid_library_adc.asm                                                  PAGE   38

    1929                      .dwattr $C$DW$119, DW_AT_type(*$C$DW$T$18)
    1930                      .dwattr $C$DW$119, DW_AT_location[DW_OP_breg20 -8]
    1931              
    1932              ;* AR5   assigned to $O$C1
    1933              ;* AR4   assigned to e
    1934              $C$DW$120       .dwtag  DW_TAG_variable
    1935                      .dwattr $C$DW$120, DW_AT_name("e")
    1936                      .dwattr $C$DW$120, DW_AT_type(*$C$DW$T$45)
    1937                      .dwattr $C$DW$120, DW_AT_location[DW_OP_reg12]
    1938              
    1939                      .dwcfi  cfa_offset, -2
    1940                      .dwcfi  save_reg_to_mem, 26, 0
    1941 00000000 FE08          ADDB      SP,#8                 ; [CPU_ARAU] 
    1942                      .dwcfi  cfa_offset, -10
    1943 00000001 C4D4          MOVL      XAR6,*+XAR4[2]        ; [CPU_ALU] |431| 
    1944 00000002 06C4          MOVL      ACC,*+XAR4[0]         ; [CPU_ALU] |431| 
    1945 00000003 1E48          MOVL      *-SP[8],ACC           ; [CPU_ALU] |431| 
    1946 00000004 C246          MOVL      *-SP[6],XAR6          ; [CPU_ALU] |431| 
    1947                      .dwpsn  file "C:/ti/ccs2030/ccs/tools/compiler/ti-cgt-c2000_22.6.2.LTS/include/_defs.h",line 432,colu
    1948 00000005 8348          MOVL      XAR5,*-SP[8]          ; [CPU_ALU] |432| 
    1949 00000006 8A46          MOVL      XAR4,*-SP[6]          ; [CPU_ALU] |432| 
    1950                      .dwpsn  file "C:/ti/ccs2030/ccs/tools/compiler/ti-cgt-c2000_22.6.2.LTS/include/_defs.h",line 436,colu
    1951 00000007 28AC          MOV       T,#48                 ; [CPU_ALU] |436| 
         00000008 0030 
    1952 00000009 A0AB          MOVL      P,XAR5                ; [CPU_ALU] |436| 
    1953 0000000a A8A9          MOVL      ACC,XAR4              ; [CPU_ALU] |436| 
    1954 0000000b 565B          LSR64     ACC:P,T               ; [CPU_ALU] |436| 
    1955 0000000c 18AB          AND       PL,#0x7ff0            ; [CPU_ALU] |436| 
         0000000d 7FF0 
    1956 0000000e 88AB          MOVZ      AR6,PL                ; [CPU_ALU] |436| 
    1957 0000000f FF20          MOV       ACC,#32752            ; [CPU_ALU] |436| 
         00000010 7FF0 
    1958 00000011 0FA6          CMPL      ACC,XAR6              ; [CPU_ALU] |436| 
    1959 00000012 6016          B         ||$C$L11||,NEQ        ; [CPU_ALU] |436| 
    1960                      ; branchcc occurs ; [] |436| 
    1961 00000013 0200          MOVB      ACC,#0                ; [CPU_ALU] |436| 
    1962 00000014 1E44          MOVL      *-SP[4],ACC           ; [CPU_ALU] |436| 
    1963 00000015 2B42          MOV       *-SP[2],#0            ; [CPU_ALU] |436| 
    1964 00000016 2B41          MOV       *-SP[1],#0            ; [CPU_ALU] |436| 
    1965 00000017 A348          MOVL      P,*-SP[8]             ; [CPU_ALU] |436| 
    1966 00000018 0646          MOVL      ACC,*-SP[6]           ; [CPU_ALU] |436| 
    1967 00000019 18AB          AND       PL,#65535             ; [CPU_ALU] |436| 
         0000001a FFFF 
    1968 0000001b 18AA          AND       PH,#65535             ; [CPU_ALU] |436| 
         0000001c FFFF 
    1969 0000001d 18A9          AND       AL,#65535             ; [CPU_ALU] |436| 
         0000001e FFFF 
    1970 0000001f 910F          ANDB      AH,#15                ; [CPU_ALU] |436| 
    1971              $C$DW$121       .dwtag  DW_TAG_TI_branch
    1972                      .dwattr $C$DW$121, DW_AT_low_pc(0x00)
    1973                      .dwattr $C$DW$121, DW_AT_name("__c28xabi_cmpull")
    1974                      .dwattr $C$DW$121, DW_AT_TI_call
    1975              
    1976 00000020 7640!         LCR       #||__c28xabi_cmpull|| ; [CPU_ALU] |436| 
         00000021 0000 
TMS320C2000 Assembler PC v22.6.2 Tue Nov 18 13:15:19 2025

Copyright (c) 1996-2018 Texas Instruments Incorporated
mid_library_adc.asm                                                  PAGE   39

    1977                      ; call occurs [#||__c28xabi_cmpull||] ; [] |436| 
    1978 00000022 5200          CMPB      AL,#0                 ; [CPU_ALU] |436| 
    1979 00000023 6103          B         ||$C$L10||,EQ         ; [CPU_ALU] |436| 
    1980                      ; branchcc occurs ; [] |436| 
    1981 00000024 9A02          MOVB      AL,#2                 ; [CPU_ALU] |436| 
    1982 00000025 6F2D          B         ||$C$L14||,UNC        ; [CPU_ALU] |436| 
    1983                      ; branch occurs ; [] |436| 
    1984 00000026       ||$C$L10||:    
    1985 00000026 9A01          MOVB      AL,#1                 ; [CPU_ALU] |436| 
    1986 00000027 6F2B          B         ||$C$L14||,UNC        ; [CPU_ALU] |436| 
    1987                      ; branch occurs ; [] |436| 
    1988 00000028       ||$C$L11||:    
    1989 00000028 BE00          MOVB      XAR6,#0               ; [CPU_ALU] |436| 
    1990 00000029 A0AB          MOVL      P,XAR5                ; [CPU_ALU] |436| 
    1991 0000002a A8A9          MOVL      ACC,XAR4              ; [CPU_ALU] |436| 
    1992 0000002b 28AC          MOV       T,#52                 ; [CPU_ALU] |436| 
         0000002c 0034 
    1993 0000002d C244          MOVL      *-SP[4],XAR6          ; [CPU_ALU] |436| 
    1994 0000002e 2B42          MOV       *-SP[2],#0            ; [CPU_ALU] |436| 
    1995 0000002f 565B          LSR64     ACC:P,T               ; [CPU_ALU] |436| 
    1996 00000030 2B41          MOV       *-SP[1],#0            ; [CPU_FPU] |436| 
    1997 00000031 9000          ANDB      AL,#0                 ; [CPU_ALU] |436| 
    1998 00000032 9100          ANDB      AH,#0                 ; [CPU_ALU] |436| 
    1999 00000033 18AB          AND       PL,#2047              ; [CPU_ALU] |436| 
         00000034 07FF 
    2000 00000035 18AA          AND       PH,#0                 ; [CPU_ALU] |436| 
         00000036 0000 
    2001              $C$DW$122       .dwtag  DW_TAG_TI_branch
    2002                      .dwattr $C$DW$122, DW_AT_low_pc(0x00)
    2003                      .dwattr $C$DW$122, DW_AT_name("__c28xabi_cmpull")
    2004                      .dwattr $C$DW$122, DW_AT_TI_call
    2005              
    2006 00000037 7640!         LCR       #||__c28xabi_cmpull|| ; [CPU_ALU] |436| 
         00000038 0000 
    2007                      ; call occurs [#||__c28xabi_cmpull||] ; [] |436| 
    2008 00000039 5200          CMPB      AL,#0                 ; [CPU_ALU] |436| 
    2009 0000003a 6104          B         ||$C$L12||,EQ         ; [CPU_ALU] |436| 
    2010                      ; branchcc occurs ; [] |436| 
    2011 0000003b 28A9          MOV       AL,#-1                ; [CPU_ALU] |436| 
         0000003c FFFF 
    2012 0000003d 6F15          B         ||$C$L14||,UNC        ; [CPU_ALU] |436| 
    2013                      ; branch occurs ; [] |436| 
    2014 0000003e       ||$C$L12||:    
    2015 0000003e C244          MOVL      *-SP[4],XAR6          ; [CPU_ALU] |436| 
    2016 0000003f A8A9          MOVL      ACC,XAR4              ; [CPU_ALU] |436| 
    2017 00000040 A0AB          MOVL      P,XAR5                ; [CPU_ALU] |436| 
    2018 00000041 2B42          MOV       *-SP[2],#0            ; [CPU_ALU] |436| 
    2019 00000042 18A9          AND       AL,#65535             ; [CPU_ALU] |436| 
         00000043 FFFF 
    2020 00000044 910F          ANDB      AH,#15                ; [CPU_ALU] |436| 
    2021 00000045 18AB          AND       PL,#65535             ; [CPU_ALU] |436| 
         00000046 FFFF 
    2022 00000047 18AA          AND       PH,#65535             ; [CPU_ALU] |436| 
         00000048 FFFF 
    2023 00000049 2B41          MOV       *-SP[1],#0            ; [CPU_FPU] |436| 
TMS320C2000 Assembler PC v22.6.2 Tue Nov 18 13:15:19 2025

Copyright (c) 1996-2018 Texas Instruments Incorporated
mid_library_adc.asm                                                  PAGE   40

    2024              $C$DW$123       .dwtag  DW_TAG_TI_branch
    2025                      .dwattr $C$DW$123, DW_AT_low_pc(0x00)
    2026                      .dwattr $C$DW$123, DW_AT_name("__c28xabi_cmpull")
    2027                      .dwattr $C$DW$123, DW_AT_TI_call
    2028              
    2029 0000004a 7640!         LCR       #||__c28xabi_cmpull|| ; [CPU_ALU] |436| 
         0000004b 0000 
    2030                      ; call occurs [#||__c28xabi_cmpull||] ; [] |436| 
    2031 0000004c 5200          CMPB      AL,#0                 ; [CPU_ALU] |436| 
    2032 0000004d 6104          B         ||$C$L13||,EQ         ; [CPU_ALU] |436| 
    2033                      ; branchcc occurs ; [] |436| 
    2034 0000004e 28A9          MOV       AL,#-2                ; [CPU_ALU] |436| 
         0000004f FFFE 
    2035 00000050 6F02          B         ||$C$L14||,UNC        ; [CPU_ALU] |436| 
    2036                      ; branch occurs ; [] |436| 
    2037 00000051       ||$C$L13||:    
    2038 00000051 9A00          MOVB      AL,#0                 ; [CPU_ALU] |436| 
    2039 00000052       ||$C$L14||:    
    2040 00000052 FE88          SUBB      SP,#8                 ; [CPU_ARAU] 
    2041                      .dwcfi  cfa_offset, -2
    2042              $C$DW$124       .dwtag  DW_TAG_TI_branch
    2043                      .dwattr $C$DW$124, DW_AT_low_pc(0x00)
    2044                      .dwattr $C$DW$124, DW_AT_TI_return
    2045              
    2046 00000053 0006          LRETR     ; [CPU_ALU] 
    2047                      ; return occurs ; [] 
    2048                      .dwattr $C$DW$117, DW_AT_TI_end_file("C:/ti/ccs2030/ccs/tools/compiler/ti-cgt-c2000_22.6.2.LTS/includ
    2049                      .dwattr $C$DW$117, DW_AT_TI_end_line(0x1bd)
    2050                      .dwattr $C$DW$117, DW_AT_TI_end_column(0x01)
    2051                      .dwendentry
    2052                      .dwendtag $C$DW$117
    2053              
    2054 00000000               .sect   ".text:__fpclassifyf"
    2055                      .clink
    2056                      .global ||__fpclassifyf||
    2057              
    2058              $C$DW$125       .dwtag  DW_TAG_subprogram
    2059                      .dwattr $C$DW$125, DW_AT_name("__fpclassifyf")
    2060                      .dwattr $C$DW$125, DW_AT_low_pc(||__fpclassifyf||)
    2061                      .dwattr $C$DW$125, DW_AT_high_pc(0x00)
    2062                      .dwattr $C$DW$125, DW_AT_linkage_name("__fpclassifyf")
    2063                      .dwattr $C$DW$125, DW_AT_external
    2064                      .dwattr $C$DW$125, DW_AT_type(*$C$DW$T$10)
    2065                      .dwattr $C$DW$125, DW_AT_decl_file("C:/ti/ccs2030/ccs/tools/compiler/ti-cgt-c2000_22.6.2.LTS/include/
    2066                      .dwattr $C$DW$125, DW_AT_decl_line(0x18c)
    2067                      .dwattr $C$DW$125, DW_AT_decl_column(0x18)
    2068                      .dwattr $C$DW$125, DW_AT_TI_max_frame_size(-2)
    2069                      .dwpsn  file "C:/ti/ccs2030/ccs/tools/compiler/ti-cgt-c2000_22.6.2.LTS/include/_defs.h",line 397,colu
    2070              
    2071                      .dwfde $C$DW$CIE, ||__fpclassifyf||
    2072              $C$DW$126       .dwtag  DW_TAG_formal_parameter
    2073                      .dwattr $C$DW$126, DW_AT_name("f")
    2074                      .dwattr $C$DW$126, DW_AT_type(*$C$DW$T$16)
    2075                      .dwattr $C$DW$126, DW_AT_location[DW_OP_regx 0x2b]
    2076              
TMS320C2000 Assembler PC v22.6.2 Tue Nov 18 13:15:19 2025

Copyright (c) 1996-2018 Texas Instruments Incorporated
mid_library_adc.asm                                                  PAGE   41

    2077              
    2078              ;***************************************************************
    2079              ;* FNAME: __fpclassifyf                 FR SIZE:   0           *
    2080              ;*                                                             *
    2081              ;* FUNCTION ENVIRONMENT                                        *
    2082              ;*                                                             *
    2083              ;* FUNCTION PROPERTIES                                         *
    2084              ;*                            0 Parameter,  0 Auto,  0 SOE     *
    2085              ;***************************************************************
    2086              
    2087              ||__fpclassifyf||:
    2088              ;* PL    assigned to $O$K1
    2089              ;* R0    assigned to f
    2090              $C$DW$127       .dwtag  DW_TAG_variable
    2091                      .dwattr $C$DW$127, DW_AT_name("f")
    2092                      .dwattr $C$DW$127, DW_AT_type(*$C$DW$T$41)
    2093                      .dwattr $C$DW$127, DW_AT_location[DW_OP_regx 0x2b]
    2094              
    2095                      .dwcfi  cfa_offset, -2
    2096                      .dwcfi  save_reg_to_mem, 26, 0
    2097                      .dwpsn  file "C:/ti/ccs2030/ccs/tools/compiler/ti-cgt-c2000_22.6.2.LTS/include/_defs.h",line 398,colu
    2098 00000000 BFAB          MOV32     P,R0H                 ; [CPU_FPU] |398| 
         00000001 0F12 
    2099                      .dwpsn  file "C:/ti/ccs2030/ccs/tools/compiler/ti-cgt-c2000_22.6.2.LTS/include/_defs.h",line 402,colu
    2100 00000002 CCAA          AND       AL,PH,#0x7f80         ; [CPU_ALU] |402| 
         00000003 7F80 
    2101 00000004 88A9          MOVZ      AR6,AL                ; [CPU_ALU] |402| 
    2102 00000005 FF20          MOV       ACC,#32640            ; [CPU_ALU] |402| 
         00000006 7F80 
    2103 00000007 0FA6          CMPL      ACC,XAR6              ; [CPU_ALU] |402| 
    2104 00000008 6009          B         ||$C$L16||,NEQ        ; [CPU_ALU] |402| 
    2105                      ; branchcc occurs ; [] |402| 
    2106 00000009 A9A9          MOVL      ACC,P                 ; [CPU_ALU] |402| 
    2107 0000000a 917F          ANDB      AH,#127               ; [CPU_ALU] |402| 
    2108 0000000b FF58          TEST      ACC                   ; [CPU_ALU] |402| 
    2109 0000000c 6103          B         ||$C$L15||,EQ         ; [CPU_ALU] |402| 
    2110                      ; branchcc occurs ; [] |402| 
    2111                      .dwcfi  remember_state
    2112 0000000d 9A02          MOVB      AL,#2                 ; [CPU_ALU] |402| 
    2113              $C$DW$128       .dwtag  DW_TAG_TI_branch
    2114                      .dwattr $C$DW$128, DW_AT_low_pc(0x00)
    2115                      .dwattr $C$DW$128, DW_AT_TI_return
    2116              
    2117 0000000e 0006          LRETR     ; [CPU_ALU] 
    2118                      ; return occurs ; [] 
    2119                      .dwcfi  restore_state
    2120 0000000f       ||$C$L15||:    
    2121                      .dwcfi  remember_state
    2122 0000000f 9A01          MOVB      AL,#1                 ; [CPU_ALU] |402| 
    2123              $C$DW$129       .dwtag  DW_TAG_TI_branch
    2124                      .dwattr $C$DW$129, DW_AT_low_pc(0x00)
    2125                      .dwattr $C$DW$129, DW_AT_TI_return
    2126              
    2127 00000010 0006          LRETR     ; [CPU_ALU] 
    2128                      ; return occurs ; [] 
TMS320C2000 Assembler PC v22.6.2 Tue Nov 18 13:15:19 2025

Copyright (c) 1996-2018 Texas Instruments Incorporated
mid_library_adc.asm                                                  PAGE   42

    2129                      .dwcfi  restore_state
    2130 00000011       ||$C$L16||:    
    2131 00000011 A9A9          MOVL      ACC,P                 ; [CPU_ALU] |402| 
    2132 00000012 28AC          MOV       T,#23                 ; [CPU_ALU] |402| 
         00000013 0017 
    2133 00000014 5622          LSRL      ACC,T                 ; [CPU_ALU] |402| 
    2134 00000015 90FF          ANDB      AL,#0xff              ; [CPU_ALU] |402| 
    2135 00000016 6104          B         ||$C$L17||,EQ         ; [CPU_ALU] |402| 
    2136                      ; branchcc occurs ; [] |402| 
    2137                      .dwcfi  remember_state
    2138 00000017 28A9          MOV       AL,#-1                ; [CPU_ALU] |402| 
         00000018 FFFF 
    2139              $C$DW$130       .dwtag  DW_TAG_TI_branch
    2140                      .dwattr $C$DW$130, DW_AT_low_pc(0x00)
    2141                      .dwattr $C$DW$130, DW_AT_TI_return
    2142              
    2143 00000019 0006          LRETR     ; [CPU_ALU] 
    2144                      ; return occurs ; [] 
    2145                      .dwcfi  restore_state
    2146 0000001a       ||$C$L17||:    
    2147 0000001a A9A9          MOVL      ACC,P                 ; [CPU_ALU] |402| 
    2148 0000001b 917F          ANDB      AH,#127               ; [CPU_ALU] |402| 
    2149 0000001c FF58          TEST      ACC                   ; [CPU_ALU] |402| 
    2150 0000001d 6104          B         ||$C$L18||,EQ         ; [CPU_ALU] |402| 
    2151                      ; branchcc occurs ; [] |402| 
    2152                      .dwcfi  remember_state
    2153 0000001e 28A9          MOV       AL,#-2                ; [CPU_ALU] |402| 
         0000001f FFFE 
    2154              $C$DW$131       .dwtag  DW_TAG_TI_branch
    2155                      .dwattr $C$DW$131, DW_AT_low_pc(0x00)
    2156                      .dwattr $C$DW$131, DW_AT_TI_return
    2157              
    2158 00000020 0006          LRETR     ; [CPU_ALU] 
    2159                      ; return occurs ; [] 
    2160                      .dwcfi  restore_state
    2161 00000021       ||$C$L18||:    
    2162 00000021 9A00          MOVB      AL,#0                 ; [CPU_ALU] |402| 
    2163              $C$DW$132       .dwtag  DW_TAG_TI_branch
    2164                      .dwattr $C$DW$132, DW_AT_low_pc(0x00)
    2165                      .dwattr $C$DW$132, DW_AT_TI_return
    2166              
    2167 00000022 0006          LRETR     ; [CPU_ALU] 
    2168                      ; return occurs ; [] 
    2169                      .dwattr $C$DW$125, DW_AT_TI_end_file("C:/ti/ccs2030/ccs/tools/compiler/ti-cgt-c2000_22.6.2.LTS/includ
    2170                      .dwattr $C$DW$125, DW_AT_TI_end_line(0x19b)
    2171                      .dwattr $C$DW$125, DW_AT_TI_end_column(0x01)
    2172                      .dwendentry
    2173                      .dwendtag $C$DW$125
    2174              
    2175 00000000               .sect   ".text:__fpclassify"
    2176                      .clink
    2177                      .global ||__fpclassify||
    2178              
    2179              $C$DW$133       .dwtag  DW_TAG_subprogram
    2180                      .dwattr $C$DW$133, DW_AT_name("__fpclassify")
TMS320C2000 Assembler PC v22.6.2 Tue Nov 18 13:15:19 2025

Copyright (c) 1996-2018 Texas Instruments Incorporated
mid_library_adc.asm                                                  PAGE   43

    2181                      .dwattr $C$DW$133, DW_AT_low_pc(||__fpclassify||)
    2182                      .dwattr $C$DW$133, DW_AT_high_pc(0x00)
    2183                      .dwattr $C$DW$133, DW_AT_linkage_name("__fpclassify")
    2184                      .dwattr $C$DW$133, DW_AT_external
    2185                      .dwattr $C$DW$133, DW_AT_type(*$C$DW$T$10)
    2186                      .dwattr $C$DW$133, DW_AT_decl_file("C:/ti/ccs2030/ccs/tools/compiler/ti-cgt-c2000_22.6.2.LTS/include/
    2187                      .dwattr $C$DW$133, DW_AT_decl_line(0x19d)
    2188                      .dwattr $C$DW$133, DW_AT_decl_column(0x18)
    2189                      .dwattr $C$DW$133, DW_AT_TI_max_frame_size(-10)
    2190                      .dwpsn  file "C:/ti/ccs2030/ccs/tools/compiler/ti-cgt-c2000_22.6.2.LTS/include/_defs.h",line 414,colu
    2191              
    2192                      .dwfde $C$DW$CIE, ||__fpclassify||
    2193              $C$DW$134       .dwtag  DW_TAG_formal_parameter
    2194                      .dwattr $C$DW$134, DW_AT_name("d")
    2195                      .dwattr $C$DW$134, DW_AT_type(*$C$DW$T$42)
    2196                      .dwattr $C$DW$134, DW_AT_location[DW_OP_reg12]
    2197              
    2198              
    2199              ;***************************************************************
    2200              ;* FNAME: __fpclassify                  FR SIZE:   8           *
    2201              ;*                                                             *
    2202              ;* FUNCTION ENVIRONMENT                                        *
    2203              ;*                                                             *
    2204              ;* FUNCTION PROPERTIES                                         *
    2205              ;*                            4 Parameter,  4 Auto,  0 SOE     *
    2206              ;***************************************************************
    2207              
    2208              ||__fpclassify||:
    2209              $C$DW$135       .dwtag  DW_TAG_variable
    2210                      .dwattr $C$DW$135, DW_AT_name("d")
    2211                      .dwattr $C$DW$135, DW_AT_type(*$C$DW$T$17)
    2212                      .dwattr $C$DW$135, DW_AT_location[DW_OP_breg20 -8]
    2213              
    2214              ;* AR5   assigned to $O$C1
    2215              ;* AR4   assigned to d
    2216              $C$DW$136       .dwtag  DW_TAG_variable
    2217                      .dwattr $C$DW$136, DW_AT_name("d")
    2218                      .dwattr $C$DW$136, DW_AT_type(*$C$DW$T$43)
    2219                      .dwattr $C$DW$136, DW_AT_location[DW_OP_reg12]
    2220              
    2221                      .dwcfi  cfa_offset, -2
    2222                      .dwcfi  save_reg_to_mem, 26, 0
    2223 00000000 FE08          ADDB      SP,#8                 ; [CPU_ARAU] 
    2224                      .dwcfi  cfa_offset, -10
    2225 00000001 C4D4          MOVL      XAR6,*+XAR4[2]        ; [CPU_ALU] |414| 
    2226 00000002 06C4          MOVL      ACC,*+XAR4[0]         ; [CPU_ALU] |414| 
    2227 00000003 1E48          MOVL      *-SP[8],ACC           ; [CPU_ALU] |414| 
    2228 00000004 C246          MOVL      *-SP[6],XAR6          ; [CPU_ALU] |414| 
    2229                      .dwpsn  file "C:/ti/ccs2030/ccs/tools/compiler/ti-cgt-c2000_22.6.2.LTS/include/_defs.h",line 415,colu
    2230 00000005 8348          MOVL      XAR5,*-SP[8]          ; [CPU_ALU] |415| 
    2231 00000006 8A46          MOVL      XAR4,*-SP[6]          ; [CPU_ALU] |415| 
    2232                      .dwpsn  file "C:/ti/ccs2030/ccs/tools/compiler/ti-cgt-c2000_22.6.2.LTS/include/_defs.h",line 419,colu
    2233 00000007 28AC          MOV       T,#48                 ; [CPU_ALU] |419| 
         00000008 0030 
    2234 00000009 A0AB          MOVL      P,XAR5                ; [CPU_ALU] |419| 
TMS320C2000 Assembler PC v22.6.2 Tue Nov 18 13:15:19 2025

Copyright (c) 1996-2018 Texas Instruments Incorporated
mid_library_adc.asm                                                  PAGE   44

    2235 0000000a A8A9          MOVL      ACC,XAR4              ; [CPU_ALU] |419| 
    2236 0000000b 565B          LSR64     ACC:P,T               ; [CPU_ALU] |419| 
    2237 0000000c 18AB          AND       PL,#0x7ff0            ; [CPU_ALU] |419| 
         0000000d 7FF0 
    2238 0000000e 88AB          MOVZ      AR6,PL                ; [CPU_ALU] |419| 
    2239 0000000f FF20          MOV       ACC,#32752            ; [CPU_ALU] |419| 
         00000010 7FF0 
    2240 00000011 0FA6          CMPL      ACC,XAR6              ; [CPU_ALU] |419| 
    2241 00000012 6016          B         ||$C$L20||,NEQ        ; [CPU_ALU] |419| 
    2242                      ; branchcc occurs ; [] |419| 
    2243 00000013 0200          MOVB      ACC,#0                ; [CPU_ALU] |419| 
    2244 00000014 1E44          MOVL      *-SP[4],ACC           ; [CPU_ALU] |419| 
    2245 00000015 2B42          MOV       *-SP[2],#0            ; [CPU_ALU] |419| 
    2246 00000016 2B41          MOV       *-SP[1],#0            ; [CPU_ALU] |419| 
    2247 00000017 A348          MOVL      P,*-SP[8]             ; [CPU_ALU] |419| 
    2248 00000018 0646          MOVL      ACC,*-SP[6]           ; [CPU_ALU] |419| 
    2249 00000019 18AB          AND       PL,#65535             ; [CPU_ALU] |419| 
         0000001a FFFF 
    2250 0000001b 18AA          AND       PH,#65535             ; [CPU_ALU] |419| 
         0000001c FFFF 
    2251 0000001d 18A9          AND       AL,#65535             ; [CPU_ALU] |419| 
         0000001e FFFF 
    2252 0000001f 910F          ANDB      AH,#15                ; [CPU_ALU] |419| 
    2253              $C$DW$137       .dwtag  DW_TAG_TI_branch
    2254                      .dwattr $C$DW$137, DW_AT_low_pc(0x00)
    2255                      .dwattr $C$DW$137, DW_AT_name("__c28xabi_cmpull")
    2256                      .dwattr $C$DW$137, DW_AT_TI_call
    2257              
    2258 00000020 7640!         LCR       #||__c28xabi_cmpull|| ; [CPU_ALU] |419| 
         00000021 0000 
    2259                      ; call occurs [#||__c28xabi_cmpull||] ; [] |419| 
    2260 00000022 5200          CMPB      AL,#0                 ; [CPU_ALU] |419| 
    2261 00000023 6103          B         ||$C$L19||,EQ         ; [CPU_ALU] |419| 
    2262                      ; branchcc occurs ; [] |419| 
    2263 00000024 9A02          MOVB      AL,#2                 ; [CPU_ALU] |419| 
    2264 00000025 6F2D          B         ||$C$L23||,UNC        ; [CPU_ALU] |419| 
    2265                      ; branch occurs ; [] |419| 
    2266 00000026       ||$C$L19||:    
    2267 00000026 9A01          MOVB      AL,#1                 ; [CPU_ALU] |419| 
    2268 00000027 6F2B          B         ||$C$L23||,UNC        ; [CPU_ALU] |419| 
    2269                      ; branch occurs ; [] |419| 
    2270 00000028       ||$C$L20||:    
    2271 00000028 BE00          MOVB      XAR6,#0               ; [CPU_ALU] |419| 
    2272 00000029 A0AB          MOVL      P,XAR5                ; [CPU_ALU] |419| 
    2273 0000002a A8A9          MOVL      ACC,XAR4              ; [CPU_ALU] |419| 
    2274 0000002b 28AC          MOV       T,#52                 ; [CPU_ALU] |419| 
         0000002c 0034 
    2275 0000002d C244          MOVL      *-SP[4],XAR6          ; [CPU_ALU] |419| 
    2276 0000002e 2B42          MOV       *-SP[2],#0            ; [CPU_ALU] |419| 
    2277 0000002f 565B          LSR64     ACC:P,T               ; [CPU_ALU] |419| 
    2278 00000030 2B41          MOV       *-SP[1],#0            ; [CPU_FPU] |419| 
    2279 00000031 9000          ANDB      AL,#0                 ; [CPU_ALU] |419| 
    2280 00000032 9100          ANDB      AH,#0                 ; [CPU_ALU] |419| 
    2281 00000033 18AB          AND       PL,#2047              ; [CPU_ALU] |419| 
         00000034 07FF 
TMS320C2000 Assembler PC v22.6.2 Tue Nov 18 13:15:19 2025

Copyright (c) 1996-2018 Texas Instruments Incorporated
mid_library_adc.asm                                                  PAGE   45

    2282 00000035 18AA          AND       PH,#0                 ; [CPU_ALU] |419| 
         00000036 0000 
    2283              $C$DW$138       .dwtag  DW_TAG_TI_branch
    2284                      .dwattr $C$DW$138, DW_AT_low_pc(0x00)
    2285                      .dwattr $C$DW$138, DW_AT_name("__c28xabi_cmpull")
    2286                      .dwattr $C$DW$138, DW_AT_TI_call
    2287              
    2288 00000037 7640!         LCR       #||__c28xabi_cmpull|| ; [CPU_ALU] |419| 
         00000038 0000 
    2289                      ; call occurs [#||__c28xabi_cmpull||] ; [] |419| 
    2290 00000039 5200          CMPB      AL,#0                 ; [CPU_ALU] |419| 
    2291 0000003a 6104          B         ||$C$L21||,EQ         ; [CPU_ALU] |419| 
    2292                      ; branchcc occurs ; [] |419| 
    2293 0000003b 28A9          MOV       AL,#-1                ; [CPU_ALU] |419| 
         0000003c FFFF 
    2294 0000003d 6F15          B         ||$C$L23||,UNC        ; [CPU_ALU] |419| 
    2295                      ; branch occurs ; [] |419| 
    2296 0000003e       ||$C$L21||:    
    2297 0000003e C244          MOVL      *-SP[4],XAR6          ; [CPU_ALU] |419| 
    2298 0000003f A8A9          MOVL      ACC,XAR4              ; [CPU_ALU] |419| 
    2299 00000040 A0AB          MOVL      P,XAR5                ; [CPU_ALU] |419| 
    2300 00000041 2B42          MOV       *-SP[2],#0            ; [CPU_ALU] |419| 
    2301 00000042 18A9          AND       AL,#65535             ; [CPU_ALU] |419| 
         00000043 FFFF 
    2302 00000044 910F          ANDB      AH,#15                ; [CPU_ALU] |419| 
    2303 00000045 18AB          AND       PL,#65535             ; [CPU_ALU] |419| 
         00000046 FFFF 
    2304 00000047 18AA          AND       PH,#65535             ; [CPU_ALU] |419| 
         00000048 FFFF 
    2305 00000049 2B41          MOV       *-SP[1],#0            ; [CPU_FPU] |419| 
    2306              $C$DW$139       .dwtag  DW_TAG_TI_branch
    2307                      .dwattr $C$DW$139, DW_AT_low_pc(0x00)
    2308                      .dwattr $C$DW$139, DW_AT_name("__c28xabi_cmpull")
    2309                      .dwattr $C$DW$139, DW_AT_TI_call
    2310              
    2311 0000004a 7640!         LCR       #||__c28xabi_cmpull|| ; [CPU_ALU] |419| 
         0000004b 0000 
    2312                      ; call occurs [#||__c28xabi_cmpull||] ; [] |419| 
    2313 0000004c 5200          CMPB      AL,#0                 ; [CPU_ALU] |419| 
    2314 0000004d 6104          B         ||$C$L22||,EQ         ; [CPU_ALU] |419| 
    2315                      ; branchcc occurs ; [] |419| 
    2316 0000004e 28A9          MOV       AL,#-2                ; [CPU_ALU] |419| 
         0000004f FFFE 
    2317 00000050 6F02          B         ||$C$L23||,UNC        ; [CPU_ALU] |419| 
    2318                      ; branch occurs ; [] |419| 
    2319 00000051       ||$C$L22||:    
    2320 00000051 9A00          MOVB      AL,#0                 ; [CPU_ALU] |419| 
    2321 00000052       ||$C$L23||:    
    2322 00000052 FE88          SUBB      SP,#8                 ; [CPU_ARAU] 
    2323                      .dwcfi  cfa_offset, -2
    2324              $C$DW$140       .dwtag  DW_TAG_TI_branch
    2325                      .dwattr $C$DW$140, DW_AT_low_pc(0x00)
    2326                      .dwattr $C$DW$140, DW_AT_TI_return
    2327              
    2328 00000053 0006          LRETR     ; [CPU_ALU] 
TMS320C2000 Assembler PC v22.6.2 Tue Nov 18 13:15:19 2025

Copyright (c) 1996-2018 Texas Instruments Incorporated
mid_library_adc.asm                                                  PAGE   46

    2329                      ; return occurs ; [] 
    2330                      .dwattr $C$DW$133, DW_AT_TI_end_file("C:/ti/ccs2030/ccs/tools/compiler/ti-cgt-c2000_22.6.2.LTS/includ
    2331                      .dwattr $C$DW$133, DW_AT_TI_end_line(0x1ac)
    2332                      .dwattr $C$DW$133, DW_AT_TI_end_column(0x01)
    2333                      .dwendentry
    2334                      .dwendtag $C$DW$133
    2335              
    2336              ;**************************************************************
    2337              ;* UNDEFINED EXTERNAL REFERENCES                              *
    2338              ;**************************************************************
    2339                      .global ||__c28xabi_cmpull||
    2340              ;**************************************************************
    2341              ;* SECTION GROUPS                                             *
    2342              ;**************************************************************
    2343                      .group    "__fpclassify", 1
    2344                      .gmember  ".text:__fpclassify"
    2345                      .endgroup
    2346                      .group    "__fpclassifyf", 1
    2347                      .gmember  ".text:__fpclassifyf"
    2348                      .endgroup
    2349                      .group    "__fpclassifyl", 1
    2350                      .gmember  ".text:__fpclassifyl"
    2351                      .endgroup
    2352                      .group    "__isfinite", 1
    2353                      .gmember  ".text:__isfinite"
    2354                      .endgroup
    2355                      .group    "__isfinitef", 1
    2356                      .gmember  ".text:__isfinitef"
    2357                      .endgroup
    2358                      .group    "__isfinitel", 1
    2359                      .gmember  ".text:__isfinitel"
    2360                      .endgroup
    2361                      .group    "__isinf", 1
    2362                      .gmember  ".text:__isinf"
    2363                      .endgroup
    2364                      .group    "__isinff", 1
    2365                      .gmember  ".text:__isinff"
    2366                      .endgroup
    2367                      .group    "__isinfl", 1
    2368                      .gmember  ".text:__isinfl"
    2369                      .endgroup
    2370                      .group    "__isnan", 1
    2371                      .gmember  ".text:__isnan"
    2372                      .endgroup
    2373                      .group    "__isnanf", 1
    2374                      .gmember  ".text:__isnanf"
    2375                      .endgroup
    2376                      .group    "__isnanl", 1
    2377                      .gmember  ".text:__isnanl"
    2378                      .endgroup
    2379                      .group    "__isnormal", 1
    2380                      .gmember  ".text:__isnormal"
    2381                      .endgroup
    2382                      .group    "__isnormalf", 1
    2383                      .gmember  ".text:__isnormalf"
TMS320C2000 Assembler PC v22.6.2 Tue Nov 18 13:15:19 2025

Copyright (c) 1996-2018 Texas Instruments Incorporated
mid_library_adc.asm                                                  PAGE   47

    2384                      .endgroup
    2385                      .group    "__isnormall", 1
    2386                      .gmember  ".text:__isnormall"
    2387                      .endgroup
    2388                      .group    "__relaxed_atan2f", 1
    2389                      .gmember  ".text:__relaxed_atan2f"
    2390                      .endgroup
    2391                      .group    "__relaxed_atanf", 1
    2392                      .gmember  ".text:__relaxed_atanf"
    2393                      .endgroup
    2394                      .group    "__relaxed_cosf", 1
    2395                      .gmember  ".text:__relaxed_cosf"
    2396                      .endgroup
    2397                      .group    "__relaxed_fmaxf", 1
    2398                      .gmember  ".text:__relaxed_fmaxf"
    2399                      .endgroup
    2400                      .group    "__relaxed_fminf", 1
    2401                      .gmember  ".text:__relaxed_fminf"
    2402                      .endgroup
    2403                      .group    "__relaxed_fmodf", 1
    2404                      .gmember  ".text:__relaxed_fmodf"
    2405                      .endgroup
    2406                      .group    "__relaxed_sinf", 1
    2407                      .gmember  ".text:__relaxed_sinf"
    2408                      .endgroup
    2409                      .group    "__relaxed_sqrtf", 1
    2410                      .gmember  ".text:__relaxed_sqrtf"
    2411                      .endgroup
    2412                      .group    "__signbit", 1
    2413                      .gmember  ".text:__signbit"
    2414                      .endgroup
    2415                      .group    "__signbitf", 1
    2416                      .gmember  ".text:__signbitf"
    2417                      .endgroup
    2418                      .group    "__signbitl", 1
    2419                      .gmember  ".text:__signbitl"
    2420                      .endgroup
    2421              
    2422              
    2423              ;***************************************************************
    2424              ;* BUILD ATTRIBUTES                                            *
    2425              ;***************************************************************
    2426                      .battr "c28xabi", Tag_File, 1, Tag_float_args(1)
    2427                      .battr "c28xabi", Tag_File, 1, Tag_double_args(1)
    2428                      .dwattr $C$DW$CU, DW_AT_language(DW_LANG_C)
    2429              
    2430              ;***************************************************************
    2431              ;* DWARF CIE ENTRIES                                           *
    2432              ;***************************************************************
    2433              
    2434              $C$DW$CIE       .dwcie 26
    2435                      .dwcfi  cfa_register, 20
    2436                      .dwcfi  cfa_offset, 0
    2437                      .dwcfi  same_value, 28
    2438                      .dwcfi  same_value, 6
TMS320C2000 Assembler PC v22.6.2 Tue Nov 18 13:15:19 2025

Copyright (c) 1996-2018 Texas Instruments Incorporated
mid_library_adc.asm                                                  PAGE   48

    2439                      .dwcfi  same_value, 7
    2440                      .dwcfi  same_value, 8
    2441                      .dwcfi  same_value, 9
    2442                      .dwcfi  same_value, 10
    2443                      .dwcfi  same_value, 11
    2444                      .dwcfi  same_value, 59
    2445                      .dwcfi  same_value, 63
    2446                      .dwcfi  same_value, 67
    2447                      .dwcfi  same_value, 71
    2448                      .dwendentry
    2449                      .dwendtag $C$DW$CU
    2450              
    2451              
    2452              ;***************************************************************
    2453              ;* TYPE INFORMATION                                            *
    2454              ;***************************************************************
    2455              
    2456              $C$DW$TU$2      .dwtag  DW_TAG_type_unit
    2457                      .dwmtype  $C$DW$T$2
    2458              $C$DW$T$2       .dwtag  DW_TAG_unspecified_type
    2459                      .dwattr $C$DW$T$2, DW_AT_name("void")
    2460              
    2461                      .dwendtag $C$DW$TU$2
    2462              
    2463              
    2464              $C$DW$TU$4      .dwtag  DW_TAG_type_unit
    2465                      .dwmtype  $C$DW$T$4
    2466              $C$DW$T$4       .dwtag  DW_TAG_base_type
    2467                      .dwattr $C$DW$T$4, DW_AT_encoding(DW_ATE_boolean)
    2468                      .dwattr $C$DW$T$4, DW_AT_name("bool")
    2469                      .dwattr $C$DW$T$4, DW_AT_byte_size(0x01)
    2470              
    2471                      .dwendtag $C$DW$TU$4
    2472              
    2473              
    2474              $C$DW$TU$5      .dwtag  DW_TAG_type_unit
    2475                      .dwmtype  $C$DW$T$5
    2476              $C$DW$T$5       .dwtag  DW_TAG_base_type
    2477                      .dwattr $C$DW$T$5, DW_AT_encoding(DW_ATE_signed_char)
    2478                      .dwattr $C$DW$T$5, DW_AT_name("signed char")
    2479                      .dwattr $C$DW$T$5, DW_AT_byte_size(0x01)
    2480              
    2481                      .dwendtag $C$DW$TU$5
    2482              
    2483              
    2484              $C$DW$TU$6      .dwtag  DW_TAG_type_unit
    2485                      .dwmtype  $C$DW$T$6
    2486              $C$DW$T$6       .dwtag  DW_TAG_base_type
    2487                      .dwattr $C$DW$T$6, DW_AT_encoding(DW_ATE_unsigned_char)
    2488                      .dwattr $C$DW$T$6, DW_AT_name("unsigned char")
    2489                      .dwattr $C$DW$T$6, DW_AT_byte_size(0x01)
    2490              
    2491                      .dwendtag $C$DW$TU$6
    2492              
    2493              
TMS320C2000 Assembler PC v22.6.2 Tue Nov 18 13:15:19 2025

Copyright (c) 1996-2018 Texas Instruments Incorporated
mid_library_adc.asm                                                  PAGE   49

    2494              $C$DW$TU$7      .dwtag  DW_TAG_type_unit
    2495                      .dwmtype  $C$DW$T$7
    2496              $C$DW$T$7       .dwtag  DW_TAG_base_type
    2497                      .dwattr $C$DW$T$7, DW_AT_encoding(DW_ATE_signed_char)
    2498                      .dwattr $C$DW$T$7, DW_AT_name("wchar_t")
    2499                      .dwattr $C$DW$T$7, DW_AT_byte_size(0x02)
    2500              
    2501                      .dwendtag $C$DW$TU$7
    2502              
    2503              
    2504              $C$DW$TU$8      .dwtag  DW_TAG_type_unit
    2505                      .dwmtype  $C$DW$T$8
    2506              $C$DW$T$8       .dwtag  DW_TAG_base_type
    2507                      .dwattr $C$DW$T$8, DW_AT_encoding(DW_ATE_signed)
    2508                      .dwattr $C$DW$T$8, DW_AT_name("short")
    2509                      .dwattr $C$DW$T$8, DW_AT_byte_size(0x01)
    2510              
    2511                      .dwendtag $C$DW$TU$8
    2512              
    2513              
    2514              $C$DW$TU$9      .dwtag  DW_TAG_type_unit
    2515                      .dwmtype  $C$DW$T$9
    2516              $C$DW$T$9       .dwtag  DW_TAG_base_type
    2517                      .dwattr $C$DW$T$9, DW_AT_encoding(DW_ATE_unsigned)
    2518                      .dwattr $C$DW$T$9, DW_AT_name("unsigned short")
    2519                      .dwattr $C$DW$T$9, DW_AT_byte_size(0x01)
    2520              
    2521                      .dwendtag $C$DW$TU$9
    2522              
    2523              
    2524              $C$DW$TU$10     .dwtag  DW_TAG_type_unit
    2525                      .dwmtype  $C$DW$T$10
    2526              $C$DW$T$10      .dwtag  DW_TAG_base_type
    2527                      .dwattr $C$DW$T$10, DW_AT_encoding(DW_ATE_signed)
    2528                      .dwattr $C$DW$T$10, DW_AT_name("int")
    2529                      .dwattr $C$DW$T$10, DW_AT_byte_size(0x01)
    2530              
    2531                      .dwendtag $C$DW$TU$10
    2532              
    2533              
    2534              $C$DW$TU$11     .dwtag  DW_TAG_type_unit
    2535                      .dwmtype  $C$DW$T$11
    2536              $C$DW$T$11      .dwtag  DW_TAG_base_type
    2537                      .dwattr $C$DW$T$11, DW_AT_encoding(DW_ATE_unsigned)
    2538                      .dwattr $C$DW$T$11, DW_AT_name("unsigned int")
    2539                      .dwattr $C$DW$T$11, DW_AT_byte_size(0x01)
    2540              
    2541                      .dwendtag $C$DW$TU$11
    2542              
    2543              
    2544              $C$DW$TU$19     .dwtag  DW_TAG_type_unit
    2545                      .dwmtype  $C$DW$T$19
    2546              $C$DW$T$19      .dwtag  DW_TAG_typedef
    2547                      .dwattr $C$DW$T$19, DW_AT_name("__uint16_t")
    2548                      .dwattr $C$DW$T$19, DW_AT_type(*$C$DW$T$11)
TMS320C2000 Assembler PC v22.6.2 Tue Nov 18 13:15:19 2025

Copyright (c) 1996-2018 Texas Instruments Incorporated
mid_library_adc.asm                                                  PAGE   50

    2549                      .dwattr $C$DW$T$19, DW_AT_decl_file("C:/ti/ccs2030/ccs/tools/compiler/ti-cgt-c2000_22.6.2.LTS/include
    2550                      .dwattr $C$DW$T$19, DW_AT_decl_line(0x41)
    2551                      .dwattr $C$DW$T$19, DW_AT_decl_column(0x1c)
    2552              
    2553                      .dwendtag $C$DW$TU$19
    2554              
    2555              
    2556              $C$DW$TU$20     .dwtag  DW_TAG_type_unit
    2557                      .dwmtype  $C$DW$T$20
    2558              $C$DW$T$20      .dwtag  DW_TAG_typedef
    2559                      .dwattr $C$DW$T$20, DW_AT_name("uint16_t")
    2560                      .dwattr $C$DW$T$20, DW_AT_type(*$C$DW$T$19)
    2561                      .dwattr $C$DW$T$20, DW_AT_decl_file("C:/ti/ccs2030/ccs/tools/compiler/ti-cgt-c2000_22.6.2.LTS/include
    2562                      .dwattr $C$DW$T$20, DW_AT_decl_line(0x41)
    2563                      .dwattr $C$DW$T$20, DW_AT_decl_column(0x15)
    2564              
    2565                      .dwendtag $C$DW$TU$20
    2566              
    2567              
    2568              $C$DW$TU$21     .dwtag  DW_TAG_type_unit
    2569                      .dwmtype  $C$DW$T$21
    2570              $C$DW$141       .dwtag  DW_TAG_TI_far_type
    2571                      .dwattr $C$DW$141, DW_AT_type(*$C$DW$T$20)
    2572              
    2573              $C$DW$T$21      .dwtag  DW_TAG_volatile_type
    2574                      .dwattr $C$DW$T$21, DW_AT_type(*$C$DW$141)
    2575              
    2576                      .dwendtag $C$DW$TU$21
    2577              
    2578              
    2579              $C$DW$TU$22     .dwtag  DW_TAG_type_unit
    2580                      .dwmtype  $C$DW$T$22
    2581              $C$DW$T$22      .dwtag  DW_TAG_typedef
    2582                      .dwattr $C$DW$T$22, DW_AT_name("adc_value_t")
    2583                      .dwattr $C$DW$T$22, DW_AT_type(*$C$DW$T$21)
    2584                      .dwattr $C$DW$T$22, DW_AT_decl_file("C:\SIMPLIS simulation\ANPC Final Version\anpc-3layer\Source\mid\
    2585                      .dwattr $C$DW$T$22, DW_AT_decl_line(0x19)
    2586                      .dwattr $C$DW$T$22, DW_AT_decl_column(0x1b)
    2587              
    2588                      .dwendtag $C$DW$TU$22
    2589              
    2590              
    2591              $C$DW$TU$23     .dwtag  DW_TAG_type_unit
    2592                      .dwmtype  $C$DW$T$23
    2593              $C$DW$T$23      .dwtag  DW_TAG_pointer_type
    2594                      .dwattr $C$DW$T$23, DW_AT_type(*$C$DW$T$22)
    2595                      .dwattr $C$DW$T$23, DW_AT_address_class(0x20)
    2596              
    2597                      .dwendtag $C$DW$TU$23
    2598              
    2599              
    2600              $C$DW$TU$29     .dwtag  DW_TAG_type_unit
    2601                      .dwmtype  $C$DW$T$29
    2602              $C$DW$142       .dwtag  DW_TAG_TI_far_type
    2603                      .dwattr $C$DW$142, DW_AT_type(*$C$DW$T$20)
TMS320C2000 Assembler PC v22.6.2 Tue Nov 18 13:15:19 2025

Copyright (c) 1996-2018 Texas Instruments Incorporated
mid_library_adc.asm                                                  PAGE   51

    2604              
    2605              $C$DW$T$29      .dwtag  DW_TAG_const_type
    2606                      .dwattr $C$DW$T$29, DW_AT_type(*$C$DW$142)
    2607              
    2608                      .dwendtag $C$DW$TU$29
    2609              
    2610              
    2611              $C$DW$TU$12     .dwtag  DW_TAG_type_unit
    2612                      .dwmtype  $C$DW$T$12
    2613              $C$DW$T$12      .dwtag  DW_TAG_base_type
    2614                      .dwattr $C$DW$T$12, DW_AT_encoding(DW_ATE_signed)
    2615                      .dwattr $C$DW$T$12, DW_AT_name("long")
    2616                      .dwattr $C$DW$T$12, DW_AT_byte_size(0x02)
    2617              
    2618                      .dwendtag $C$DW$TU$12
    2619              
    2620              
    2621              $C$DW$TU$13     .dwtag  DW_TAG_type_unit
    2622                      .dwmtype  $C$DW$T$13
    2623              $C$DW$T$13      .dwtag  DW_TAG_base_type
    2624                      .dwattr $C$DW$T$13, DW_AT_encoding(DW_ATE_unsigned)
    2625                      .dwattr $C$DW$T$13, DW_AT_name("unsigned long")
    2626                      .dwattr $C$DW$T$13, DW_AT_byte_size(0x02)
    2627              
    2628                      .dwendtag $C$DW$TU$13
    2629              
    2630              
    2631              $C$DW$TU$24     .dwtag  DW_TAG_type_unit
    2632                      .dwmtype  $C$DW$T$24
    2633              $C$DW$T$24      .dwtag  DW_TAG_typedef
    2634                      .dwattr $C$DW$T$24, DW_AT_name("__uint32_t")
    2635                      .dwattr $C$DW$T$24, DW_AT_type(*$C$DW$T$13)
    2636                      .dwattr $C$DW$T$24, DW_AT_decl_file("C:/ti/ccs2030/ccs/tools/compiler/ti-cgt-c2000_22.6.2.LTS/include
    2637                      .dwattr $C$DW$T$24, DW_AT_decl_line(0x43)
    2638                      .dwattr $C$DW$T$24, DW_AT_decl_column(0x1c)
    2639              
    2640                      .dwendtag $C$DW$TU$24
    2641              
    2642              
    2643              $C$DW$TU$25     .dwtag  DW_TAG_type_unit
    2644                      .dwmtype  $C$DW$T$25
    2645              $C$DW$T$25      .dwtag  DW_TAG_typedef
    2646                      .dwattr $C$DW$T$25, DW_AT_name("uint32_t")
    2647                      .dwattr $C$DW$T$25, DW_AT_type(*$C$DW$T$24)
    2648                      .dwattr $C$DW$T$25, DW_AT_decl_file("C:/ti/ccs2030/ccs/tools/compiler/ti-cgt-c2000_22.6.2.LTS/include
    2649                      .dwattr $C$DW$T$25, DW_AT_decl_line(0x46)
    2650                      .dwattr $C$DW$T$25, DW_AT_decl_column(0x15)
    2651              
    2652                      .dwendtag $C$DW$TU$25
    2653              
    2654              
    2655              $C$DW$TU$14     .dwtag  DW_TAG_type_unit
    2656                      .dwmtype  $C$DW$T$14
    2657              $C$DW$T$14      .dwtag  DW_TAG_base_type
    2658                      .dwattr $C$DW$T$14, DW_AT_encoding(DW_ATE_signed)
TMS320C2000 Assembler PC v22.6.2 Tue Nov 18 13:15:19 2025

Copyright (c) 1996-2018 Texas Instruments Incorporated
mid_library_adc.asm                                                  PAGE   52

    2659                      .dwattr $C$DW$T$14, DW_AT_name("long long")
    2660                      .dwattr $C$DW$T$14, DW_AT_byte_size(0x04)
    2661              
    2662                      .dwendtag $C$DW$TU$14
    2663              
    2664              
    2665              $C$DW$TU$15     .dwtag  DW_TAG_type_unit
    2666                      .dwmtype  $C$DW$T$15
    2667              $C$DW$T$15      .dwtag  DW_TAG_base_type
    2668                      .dwattr $C$DW$T$15, DW_AT_encoding(DW_ATE_unsigned)
    2669                      .dwattr $C$DW$T$15, DW_AT_name("unsigned long long")
    2670                      .dwattr $C$DW$T$15, DW_AT_byte_size(0x04)
    2671              
    2672                      .dwendtag $C$DW$TU$15
    2673              
    2674              
    2675              $C$DW$TU$16     .dwtag  DW_TAG_type_unit
    2676                      .dwmtype  $C$DW$T$16
    2677              $C$DW$T$16      .dwtag  DW_TAG_base_type
    2678                      .dwattr $C$DW$T$16, DW_AT_encoding(DW_ATE_float)
    2679                      .dwattr $C$DW$T$16, DW_AT_name("float")
    2680                      .dwattr $C$DW$T$16, DW_AT_byte_size(0x02)
    2681              
    2682                      .dwendtag $C$DW$TU$16
    2683              
    2684              
    2685              $C$DW$TU$41     .dwtag  DW_TAG_type_unit
    2686                      .dwmtype  $C$DW$T$41
    2687              $C$DW$143       .dwtag  DW_TAG_TI_far_type
    2688                      .dwattr $C$DW$143, DW_AT_type(*$C$DW$T$16)
    2689              
    2690              $C$DW$T$41      .dwtag  DW_TAG_const_type
    2691                      .dwattr $C$DW$T$41, DW_AT_type(*$C$DW$143)
    2692              
    2693                      .dwendtag $C$DW$TU$41
    2694              
    2695              
    2696              $C$DW$TU$17     .dwtag  DW_TAG_type_unit
    2697                      .dwmtype  $C$DW$T$17
    2698              $C$DW$T$17      .dwtag  DW_TAG_base_type
    2699                      .dwattr $C$DW$T$17, DW_AT_encoding(DW_ATE_float)
    2700                      .dwattr $C$DW$T$17, DW_AT_name("double")
    2701                      .dwattr $C$DW$T$17, DW_AT_byte_size(0x04)
    2702              
    2703                      .dwendtag $C$DW$TU$17
    2704              
    2705              
    2706              $C$DW$TU$42     .dwtag  DW_TAG_type_unit
    2707                      .dwmtype  $C$DW$T$42
    2708              $C$DW$T$42      .dwtag  DW_TAG_pointer_type
    2709                      .dwattr $C$DW$T$42, DW_AT_type(*$C$DW$T$17)
    2710                      .dwattr $C$DW$T$42, DW_AT_address_class(0x20)
    2711              
    2712                      .dwendtag $C$DW$TU$42
    2713              
TMS320C2000 Assembler PC v22.6.2 Tue Nov 18 13:15:19 2025

Copyright (c) 1996-2018 Texas Instruments Incorporated
mid_library_adc.asm                                                  PAGE   53

    2714              
    2715              $C$DW$TU$43     .dwtag  DW_TAG_type_unit
    2716                      .dwmtype  $C$DW$T$43
    2717              $C$DW$144       .dwtag  DW_TAG_TI_far_type
    2718                      .dwattr $C$DW$144, DW_AT_type(*$C$DW$T$42)
    2719              
    2720              $C$DW$T$43      .dwtag  DW_TAG_const_type
    2721                      .dwattr $C$DW$T$43, DW_AT_type(*$C$DW$144)
    2722              
    2723                      .dwendtag $C$DW$TU$43
    2724              
    2725              
    2726              $C$DW$TU$18     .dwtag  DW_TAG_type_unit
    2727                      .dwmtype  $C$DW$T$18
    2728              $C$DW$T$18      .dwtag  DW_TAG_base_type
    2729                      .dwattr $C$DW$T$18, DW_AT_encoding(DW_ATE_float)
    2730                      .dwattr $C$DW$T$18, DW_AT_name("long double")
    2731                      .dwattr $C$DW$T$18, DW_AT_byte_size(0x04)
    2732              
    2733                      .dwendtag $C$DW$TU$18
    2734              
    2735              
    2736              $C$DW$TU$44     .dwtag  DW_TAG_type_unit
    2737                      .dwmtype  $C$DW$T$44
    2738              $C$DW$T$44      .dwtag  DW_TAG_pointer_type
    2739                      .dwattr $C$DW$T$44, DW_AT_type(*$C$DW$T$18)
    2740                      .dwattr $C$DW$T$44, DW_AT_address_class(0x20)
    2741              
    2742                      .dwendtag $C$DW$TU$44
    2743              
    2744              
    2745              $C$DW$TU$45     .dwtag  DW_TAG_type_unit
    2746                      .dwmtype  $C$DW$T$45
    2747              $C$DW$145       .dwtag  DW_TAG_TI_far_type
    2748                      .dwattr $C$DW$145, DW_AT_type(*$C$DW$T$44)
    2749              
    2750              $C$DW$T$45      .dwtag  DW_TAG_const_type
    2751                      .dwattr $C$DW$T$45, DW_AT_type(*$C$DW$145)
    2752              
    2753                      .dwendtag $C$DW$TU$45
    2754              
    2755              
    2756              $C$DW$TU$26     .dwtag  DW_TAG_type_unit
    2757                      .dwmtype  $C$DW$T$26
    2758              
    2759              $C$DW$T$26      .dwtag  DW_TAG_structure_type
    2760                      .dwattr $C$DW$T$26, DW_AT_name("tagT_ADCchannel")
    2761                      .dwattr $C$DW$T$26, DW_AT_byte_size(0x08)
    2762              $C$DW$146       .dwtag  DW_TAG_member
    2763                      .dwattr $C$DW$146, DW_AT_type(*$C$DW$T$23)
    2764                      .dwattr $C$DW$146, DW_AT_name("pu16Raw")
    2765                      .dwattr $C$DW$146, DW_AT_accessibility(DW_ACCESS_public)
    2766                      .dwattr $C$DW$146, DW_AT_decl_file("C:\SIMPLIS simulation\ANPC Final Version\anpc-3layer\Source\mid\l
    2767                      .dwattr $C$DW$146, DW_AT_decl_line(0x1d)
    2768                      .dwattr $C$DW$146, DW_AT_decl_column(0x17)
TMS320C2000 Assembler PC v22.6.2 Tue Nov 18 13:15:19 2025

Copyright (c) 1996-2018 Texas Instruments Incorporated
mid_library_adc.asm                                                  PAGE   54

    2769              
    2770              $C$DW$147       .dwtag  DW_TAG_member
    2771                      .dwattr $C$DW$147, DW_AT_type(*$C$DW$T$20)
    2772                      .dwattr $C$DW$147, DW_AT_name("u16Avg")
    2773                      .dwattr $C$DW$147, DW_AT_data_member_location[DW_OP_plus_uconst 0x2]
    2774                      .dwattr $C$DW$147, DW_AT_accessibility(DW_ACCESS_public)
    2775                      .dwattr $C$DW$147, DW_AT_decl_file("C:\SIMPLIS simulation\ANPC Final Version\anpc-3layer\Source\mid\l
    2776                      .dwattr $C$DW$147, DW_AT_decl_line(0x1e)
    2777                      .dwattr $C$DW$147, DW_AT_decl_column(0x13)
    2778              
    2779              $C$DW$148       .dwtag  DW_TAG_member
    2780                      .dwattr $C$DW$148, DW_AT_type(*$C$DW$T$25)
    2781                      .dwattr $C$DW$148, DW_AT_name("u32Accum")
    2782                      .dwattr $C$DW$148, DW_AT_data_member_location[DW_OP_plus_uconst 0x4]
    2783                      .dwattr $C$DW$148, DW_AT_accessibility(DW_ACCESS_public)
    2784                      .dwattr $C$DW$148, DW_AT_decl_file("C:\SIMPLIS simulation\ANPC Final Version\anpc-3layer\Source\mid\l
    2785                      .dwattr $C$DW$148, DW_AT_decl_line(0x1f)
    2786                      .dwattr $C$DW$148, DW_AT_decl_column(0x13)
    2787              
    2788              $C$DW$149       .dwtag  DW_TAG_member
    2789                      .dwattr $C$DW$149, DW_AT_type(*$C$DW$T$20)
    2790                      .dwattr $C$DW$149, DW_AT_name("u16BuffLen")
    2791                      .dwattr $C$DW$149, DW_AT_data_member_location[DW_OP_plus_uconst 0x6]
    2792                      .dwattr $C$DW$149, DW_AT_accessibility(DW_ACCESS_public)
    2793                      .dwattr $C$DW$149, DW_AT_decl_file("C:\SIMPLIS simulation\ANPC Final Version\anpc-3layer\Source\mid\l
    2794                      .dwattr $C$DW$149, DW_AT_decl_line(0x20)
    2795                      .dwattr $C$DW$149, DW_AT_decl_column(0x13)
    2796              
    2797                      .dwattr $C$DW$T$26, DW_AT_decl_file("C:\SIMPLIS simulation\ANPC Final Version\anpc-3layer\Source\mid\
    2798                      .dwattr $C$DW$T$26, DW_AT_decl_line(0x1b)
    2799                      .dwattr $C$DW$T$26, DW_AT_decl_column(0x10)
    2800                      .dwendtag $C$DW$T$26
    2801              
    2802                      .dwendtag $C$DW$TU$26
    2803              
    2804              
    2805              $C$DW$TU$27     .dwtag  DW_TAG_type_unit
    2806                      .dwmtype  $C$DW$T$27
    2807              $C$DW$T$27      .dwtag  DW_TAG_typedef
    2808                      .dwattr $C$DW$T$27, DW_AT_name("T_ADCchannel")
    2809                      .dwattr $C$DW$T$27, DW_AT_type(*$C$DW$T$26)
    2810                      .dwattr $C$DW$T$27, DW_AT_decl_file("C:\SIMPLIS simulation\ANPC Final Version\anpc-3layer\Source\mid\
    2811                      .dwattr $C$DW$T$27, DW_AT_decl_line(0x21)
    2812                      .dwattr $C$DW$T$27, DW_AT_decl_column(0x02)
    2813              
    2814                      .dwendtag $C$DW$TU$27
    2815              
    2816              
    2817              $C$DW$TU$28     .dwtag  DW_TAG_type_unit
    2818                      .dwmtype  $C$DW$T$28
    2819              $C$DW$T$28      .dwtag  DW_TAG_pointer_type
    2820                      .dwattr $C$DW$T$28, DW_AT_type(*$C$DW$T$27)
    2821                      .dwattr $C$DW$T$28, DW_AT_address_class(0x20)
    2822              
    2823                      .dwendtag $C$DW$TU$28
TMS320C2000 Assembler PC v22.6.2 Tue Nov 18 13:15:19 2025

Copyright (c) 1996-2018 Texas Instruments Incorporated
mid_library_adc.asm                                                  PAGE   55

    2824              
    2825              
    2826              $C$DW$TU$46     .dwtag  DW_TAG_type_unit
    2827                      .dwmtype  $C$DW$T$46
    2828              $C$DW$150       .dwtag  DW_TAG_TI_far_type
    2829                      .dwattr $C$DW$150, DW_AT_type(*$C$DW$T$28)
    2830              
    2831              $C$DW$T$46      .dwtag  DW_TAG_const_type
    2832                      .dwattr $C$DW$T$46, DW_AT_type(*$C$DW$150)
    2833              
    2834                      .dwendtag $C$DW$TU$46
    2835              

No Assembly Errors, No Assembly Warnings
