TMS320C2000 Assembler PC v22.6.0 Mon Apr 21 09:03:30 2025

Copyright (c) 1996-2018 Texas Instruments Incorporated
hal_clb_TMS320F280049C.asm                                           PAGE    1

       1              ;***************************************************************
       2              ;* TMS320C2000 G3 C/C++ Codegen                               PC v22.6.0.LTS *
       3              ;* Date/Time created: Mon Apr 21 09:03:30 2025                 *
       4              ;***************************************************************
       5                      .compiler_opts --abi=eabi --cla_support=cla2 --diag_wrap=off --float_support=fpu32 --hll_source=on --
       6                      .asg    XAR2, FP
       7              
       8              $C$DW$CU        .dwtag  DW_TAG_compile_unit
       9                      .dwattr $C$DW$CU, DW_AT_name("../hal/hal_clb_TMS320F280049C.c")
      10                      .dwattr $C$DW$CU, DW_AT_producer("TI TMS320C2000 G3 C/C++ Codegen PC v22.6.0.LTS Copyright (c) 1996-2
      11                      .dwattr $C$DW$CU, DW_AT_TI_version(0x01)
      12                      .dwattr $C$DW$CU, DW_AT_comp_dir("D:\15_Delta\14. ANPC Converter\ANPC_3Layer\TMS320F280049C\RELEASE")
      13              
      14              $C$DW$1 .dwtag  DW_TAG_subprogram
      15                      .dwattr $C$DW$1, DW_AT_name("CLB_configCounterLoadMatch")
      16                      .dwattr $C$DW$1, DW_AT_linkage_name("CLB_configCounterLoadMatch")
      17                      .dwattr $C$DW$1, DW_AT_declaration
      18                      .dwattr $C$DW$1, DW_AT_external
      19                      .dwattr $C$DW$1, DW_AT_decl_file("D:/15_Delta/14. ANPC Converter/ANPC_3Layer/TMS320F280049C/device/dr
      20                      .dwattr $C$DW$1, DW_AT_decl_line(0x5ff)
      21                      .dwattr $C$DW$1, DW_AT_decl_column(0x0d)
      22              $C$DW$2 .dwtag  DW_TAG_formal_parameter
      23                      .dwattr $C$DW$2, DW_AT_type(*$C$DW$T$41)
      24              
      25              $C$DW$3 .dwtag  DW_TAG_formal_parameter
      26                      .dwattr $C$DW$3, DW_AT_type(*$C$DW$T$32)
      27              
      28              $C$DW$4 .dwtag  DW_TAG_formal_parameter
      29                      .dwattr $C$DW$4, DW_AT_type(*$C$DW$T$41)
      30              
      31              $C$DW$5 .dwtag  DW_TAG_formal_parameter
      32                      .dwattr $C$DW$5, DW_AT_type(*$C$DW$T$41)
      33              
      34              $C$DW$6 .dwtag  DW_TAG_formal_parameter
      35                      .dwattr $C$DW$6, DW_AT_type(*$C$DW$T$41)
      36              
      37                      .dwendtag $C$DW$1
      38              
      39              
      40              $C$DW$7 .dwtag  DW_TAG_subprogram
      41                      .dwattr $C$DW$7, DW_AT_name("XBAR_setCLBMuxConfig")
      42                      .dwattr $C$DW$7, DW_AT_linkage_name("XBAR_setCLBMuxConfig")
      43                      .dwattr $C$DW$7, DW_AT_declaration
      44                      .dwattr $C$DW$7, DW_AT_external
      45                      .dwattr $C$DW$7, DW_AT_decl_file("D:\15_Delta\14. ANPC Converter\ANPC_3Layer\TMS320F280049C\device\dr
      46                      .dwattr $C$DW$7, DW_AT_decl_line(0x4fb)
      47                      .dwattr $C$DW$7, DW_AT_decl_column(0x0d)
      48              $C$DW$8 .dwtag  DW_TAG_formal_parameter
      49                      .dwattr $C$DW$8, DW_AT_type(*$C$DW$T$36)
      50              
      51              $C$DW$9 .dwtag  DW_TAG_formal_parameter
      52                      .dwattr $C$DW$9, DW_AT_type(*$C$DW$T$38)
      53              
      54                      .dwendtag $C$DW$7
      55              
TMS320C2000 Assembler PC v22.6.0 Mon Apr 21 09:03:30 2025

Copyright (c) 1996-2018 Texas Instruments Incorporated
hal_clb_TMS320F280049C.asm                                           PAGE    2

      56              
      57              $C$DW$10        .dwtag  DW_TAG_subprogram
      58                      .dwattr $C$DW$10, DW_AT_name("__eallow")
      59                      .dwattr $C$DW$10, DW_AT_linkage_name("__eallow")
      60                      .dwattr $C$DW$10, DW_AT_declaration
      61                      .dwattr $C$DW$10, DW_AT_external
      62                      .dwendtag $C$DW$10
      63              
      64              
      65              $C$DW$11        .dwtag  DW_TAG_subprogram
      66                      .dwattr $C$DW$11, DW_AT_name("__edis")
      67                      .dwattr $C$DW$11, DW_AT_linkage_name("__edis")
      68                      .dwattr $C$DW$11, DW_AT_declaration
      69                      .dwattr $C$DW$11, DW_AT_external
      70                      .dwendtag $C$DW$11
      71              
      72                      .global ||TILE1HLCInstr||
      73 00000000               .sect   ".data:TILE1HLCInstr", RW
      74                      .align  1
      75                      .elfsym ||TILE1HLCInstr||,SYM_SIZE(32)
      76 00000000       ||TILE1HLCInstr||:
      77 00000000 0800          .bits           0x800,16
      78                                      ; TILE1HLCInstr[0] @ 0
      79 00000001 0800          .bits           0x800,16
      80                                      ; TILE1HLCInstr[1] @ 16
      81 00000002 0800          .bits           0x800,16
      82                                      ; TILE1HLCInstr[2] @ 32
      83 00000003 0800          .bits           0x800,16
      84                                      ; TILE1HLCInstr[3] @ 48
      85 00000004 0800          .bits           0x800,16
      86                                      ; TILE1HLCInstr[4] @ 64
      87 00000005 0800          .bits           0x800,16
      88                                      ; TILE1HLCInstr[5] @ 80
      89 00000006 0800          .bits           0x800,16
      90                                      ; TILE1HLCInstr[6] @ 96
      91 00000007 0800          .bits           0x800,16
      92                                      ; TILE1HLCInstr[7] @ 112
      93 00000008 0800          .bits           0x800,16
      94                                      ; TILE1HLCInstr[8] @ 128
      95 00000009 0800          .bits           0x800,16
      96                                      ; TILE1HLCInstr[9] @ 144
      97 0000000a 0800          .bits           0x800,16
      98                                      ; TILE1HLCInstr[10] @ 160
      99 0000000b 0800          .bits           0x800,16
     100                                      ; TILE1HLCInstr[11] @ 176
     101 0000000c 0800          .bits           0x800,16
     102                                      ; TILE1HLCInstr[12] @ 192
     103 0000000d 0800          .bits           0x800,16
     104                                      ; TILE1HLCInstr[13] @ 208
     105 0000000e 0800          .bits           0x800,16
     106                                      ; TILE1HLCInstr[14] @ 224
     107 0000000f 0800          .bits           0x800,16
     108                                      ; TILE1HLCInstr[15] @ 240
     109 00000010 0800          .bits           0x800,16
     110                                      ; TILE1HLCInstr[16] @ 256
TMS320C2000 Assembler PC v22.6.0 Mon Apr 21 09:03:30 2025

Copyright (c) 1996-2018 Texas Instruments Incorporated
hal_clb_TMS320F280049C.asm                                           PAGE    3

     111 00000011 0800          .bits           0x800,16
     112                                      ; TILE1HLCInstr[17] @ 272
     113 00000012 0800          .bits           0x800,16
     114                                      ; TILE1HLCInstr[18] @ 288
     115 00000013 0800          .bits           0x800,16
     116                                      ; TILE1HLCInstr[19] @ 304
     117 00000014 0800          .bits           0x800,16
     118                                      ; TILE1HLCInstr[20] @ 320
     119 00000015 0800          .bits           0x800,16
     120                                      ; TILE1HLCInstr[21] @ 336
     121 00000016 0800          .bits           0x800,16
     122                                      ; TILE1HLCInstr[22] @ 352
     123 00000017 0800          .bits           0x800,16
     124                                      ; TILE1HLCInstr[23] @ 368
     125 00000018 0800          .bits           0x800,16
     126                                      ; TILE1HLCInstr[24] @ 384
     127 00000019 0800          .bits           0x800,16
     128                                      ; TILE1HLCInstr[25] @ 400
     129 0000001a 0800          .bits           0x800,16
     130                                      ; TILE1HLCInstr[26] @ 416
     131 0000001b 0800          .bits           0x800,16
     132                                      ; TILE1HLCInstr[27] @ 432
     133 0000001c 0800          .bits           0x800,16
     134                                      ; TILE1HLCInstr[28] @ 448
     135 0000001d 0800          .bits           0x800,16
     136                                      ; TILE1HLCInstr[29] @ 464
     137 0000001e 0800          .bits           0x800,16
     138                                      ; TILE1HLCInstr[30] @ 480
     139 0000001f 0800          .bits           0x800,16
     140                                      ; TILE1HLCInstr[31] @ 496
     141              
     142              $C$DW$12        .dwtag  DW_TAG_variable
     143                      .dwattr $C$DW$12, DW_AT_name("TILE1HLCInstr")
     144                      .dwattr $C$DW$12, DW_AT_linkage_name("TILE1HLCInstr")
     145                      .dwattr $C$DW$12, DW_AT_location[DW_OP_addr ||TILE1HLCInstr||]
     146                      .dwattr $C$DW$12, DW_AT_type(*$C$DW$T$71)
     147                      .dwattr $C$DW$12, DW_AT_external
     148                      .dwattr $C$DW$12, DW_AT_decl_file("../hal/hal_clb_TMS320F280049C.c")
     149                      .dwattr $C$DW$12, DW_AT_decl_line(0x14)
     150                      .dwattr $C$DW$12, DW_AT_decl_column(0x0a)
     151              
     152              ;       C:\ti\ccs1210\ccs\tools\compiler\ti-cgt-c2000_22.6.0.LTS\bin\opt2000.exe C:\\Users\\User\\AppData\\Lo
     153              ;       C:\ti\ccs1210\ccs\tools\compiler\ti-cgt-c2000_22.6.0.LTS\bin\acia2000.exe -@C:\\Users\\User\\AppData\
     154 00000000               .sect   ".text"
     155                      .clink
     156                      .global ||clb_hal_InitTile1||
     157              
     158              $C$DW$13        .dwtag  DW_TAG_subprogram
     159                      .dwattr $C$DW$13, DW_AT_name("clb_hal_InitTile1")
     160                      .dwattr $C$DW$13, DW_AT_low_pc(||clb_hal_InitTile1||)
     161                      .dwattr $C$DW$13, DW_AT_high_pc(0x00)
     162                      .dwattr $C$DW$13, DW_AT_linkage_name("clb_hal_InitTile1")
     163                      .dwattr $C$DW$13, DW_AT_external
     164                      .dwattr $C$DW$13, DW_AT_decl_file("../hal/hal_clb_TMS320F280049C.c")
     165                      .dwattr $C$DW$13, DW_AT_decl_line(0x3c)
TMS320C2000 Assembler PC v22.6.0 Mon Apr 21 09:03:30 2025

Copyright (c) 1996-2018 Texas Instruments Incorporated
hal_clb_TMS320F280049C.asm                                           PAGE    4

     166                      .dwattr $C$DW$13, DW_AT_decl_column(0x06)
     167                      .dwattr $C$DW$13, DW_AT_TI_max_frame_size(-12)
     168                      .dwpsn  file "../hal/hal_clb_TMS320F280049C.c",line 61,column 1,is_stmt,address ||clb_hal_InitTile1||
     169              
     170                      .dwfde $C$DW$CIE, ||clb_hal_InitTile1||
     171              $C$DW$14        .dwtag  DW_TAG_formal_parameter
     172                      .dwattr $C$DW$14, DW_AT_name("base")
     173                      .dwattr $C$DW$14, DW_AT_type(*$C$DW$T$41)
     174                      .dwattr $C$DW$14, DW_AT_location[DW_OP_reg0]
     175              
     176              
     177              ;***************************************************************
     178              ;* FNAME: clb_hal_InitTile1             FR SIZE:  10           *
     179              ;*                                                             *
     180              ;* FUNCTION ENVIRONMENT                                        *
     181              ;*                                                             *
     182              ;* FUNCTION PROPERTIES                                         *
     183              ;*                            6 Parameter,  0 Auto,  4 SOE     *
     184              ;***************************************************************
     185              
     186              ||clb_hal_InitTile1||:
     187              ;* AR6   assigned to $O$U85
     188              ;* AR2   assigned to base
     189              $C$DW$15        .dwtag  DW_TAG_variable
     190                      .dwattr $C$DW$15, DW_AT_name("base")
     191                      .dwattr $C$DW$15, DW_AT_type(*$C$DW$T$75)
     192                      .dwattr $C$DW$15, DW_AT_location[DW_OP_reg8]
     193              
     194              ;* AR7   assigned to i
     195              $C$DW$16        .dwtag  DW_TAG_variable
     196                      .dwattr $C$DW$16, DW_AT_name("i")
     197                      .dwattr $C$DW$16, DW_AT_type(*$C$DW$T$58)
     198                      .dwattr $C$DW$16, DW_AT_location[DW_OP_reg18]
     199              
     200              ;* PL    assigned to value
     201              $C$DW$17        .dwtag  DW_TAG_variable
     202                      .dwattr $C$DW$17, DW_AT_name("value")
     203                      .dwattr $C$DW$17, DW_AT_type(*$C$DW$T$41)
     204                      .dwattr $C$DW$17, DW_AT_location[DW_OP_reg2]
     205              
     206                      .dwcfi  cfa_offset, -2
     207                      .dwcfi  save_reg_to_mem, 26, 0
     208 00000000 B2BD          MOVL      *SP++,XAR1            ; [CPU_ALU] 
     209                      .dwcfi  save_reg_to_mem, 7, 2
     210                      .dwcfi  cfa_offset, -4
     211 00000001 AABD          MOVL      *SP++,XAR2            ; [CPU_ALU] 
     212                      .dwcfi  save_reg_to_mem, 9, 4
     213                      .dwcfi  cfa_offset, -6
     214 00000002 FE06          ADDB      SP,#6                 ; [CPU_ARAU] 
     215                      .dwcfi  cfa_offset, -12
     216 00000003 86A9          MOVL      XAR2,ACC              ; [CPU_ALU] |61| 
     217                      .dwpsn  file "D:/15_Delta/14. ANPC Converter/ANPC_3Layer/TMS320F280049C/device/driverlib/clb.h",line 
     218 00000004 7622          EALLOW    ; [CPU_ALU] |1392| 
     219                      .dwpsn  file "D:/15_Delta/14. ANPC Converter/ANPC_3Layer/TMS320F280049C/device/driverlib/clb.h",line 
     220 00000005 D02C          MOVB      XAR0,#44              ; [CPU_ALU] |1393| 
TMS320C2000 Assembler PC v22.6.0 Mon Apr 21 09:03:30 2025

Copyright (c) 1996-2018 Texas Instruments Incorporated
hal_clb_TMS320F280049C.asm                                           PAGE    5

     221 00000006 28A9          MOV       AL,#772               ; [CPU_ALU] |1393| 
         00000007 0304 
     222 00000008 9B77          MOV       AH,#119               ; [CPU_ALU] |1393| 
     223                      .dwpsn  file "D:/15_Delta/14. ANPC Converter/ANPC_3Layer/TMS320F280049C/device/driverlib/clb.h",line 
     224 00000009 8F00          MOVL      XAR4,#824             ; [CPU_ARAU] |1191| 
         0000000a 0338 
     225                      .dwpsn  file "D:/15_Delta/14. ANPC Converter/ANPC_3Layer/TMS320F280049C/device/driverlib/clb.h",line 
     226 0000000b 1E92          MOVL      *+XAR2[AR0],ACC       ; [CPU_ALU] |1393| 
     227                      .dwpsn  file "D:/15_Delta/14. ANPC Converter/ANPC_3Layer/TMS320F280049C/device/driverlib/clb.h",line 
     228 0000000c BE00          MOVB      XAR6,#0               ; [CPU_ALU] |1193| 
     229 0000000d D116          MOVB      XAR1,#22              ; [CPU_ALU] |1193| 
     230                      .dwpsn  file "D:/15_Delta/14. ANPC Converter/ANPC_3Layer/TMS320F280049C/device/driverlib/clb.h",line 
     231 0000000e D02E          MOVB      XAR0,#46              ; [CPU_ALU] |1393| 
     232 0000000f 0200          MOVB      ACC,#0                ; [CPU_ALU] |1393| 
     233 00000010 1E92          MOVL      *+XAR2[AR0],ACC       ; [CPU_ALU] |1393| 
     234                      .dwpsn  file "D:/15_Delta/14. ANPC Converter/ANPC_3Layer/TMS320F280049C/device/driverlib/clb.h",line 
     235 00000011 8F40          MOVL      XAR5,#264             ; [CPU_ARAU] |1342| 
         00000012 0108 
     236                      .dwpsn  file "D:/15_Delta/14. ANPC Converter/ANPC_3Layer/TMS320F280049C/device/driverlib/clb.h",line 
     237 00000013 D030          MOVB      XAR0,#48              ; [CPU_ALU] |1393| 
     238 00000014 28A9          MOV       AL,#812               ; [CPU_ALU] |1393| 
         00000015 032C 
     239 00000016 9B77          MOV       AH,#119               ; [CPU_ALU] |1393| 
     240 00000017 1E92          MOVL      *+XAR2[AR0],ACC       ; [CPU_ALU] |1393| 
     241 00000018 D032          MOVB      XAR0,#50              ; [CPU_ALU] |1393| 
     242 00000019 0200          MOVB      ACC,#0                ; [CPU_ALU] |1393| 
     243 0000001a 1E92          MOVL      *+XAR2[AR0],ACC       ; [CPU_ALU] |1393| 
     244 0000001b D034          MOVB      XAR0,#52              ; [CPU_ALU] |1393| 
     245 0000001c 1E92          MOVL      *+XAR2[AR0],ACC       ; [CPU_ALU] |1393| 
     246 0000001d D036          MOVB      XAR0,#54              ; [CPU_ALU] |1393| 
     247 0000001e 1E92          MOVL      *+XAR2[AR0],ACC       ; [CPU_ALU] |1393| 
     248 0000001f D038          MOVB      XAR0,#56              ; [CPU_ALU] |1393| 
     249 00000020 1E92          MOVL      *+XAR2[AR0],ACC       ; [CPU_ALU] |1393| 
     250 00000021 D03A          MOVB      XAR0,#58              ; [CPU_ALU] |1393| 
     251 00000022 1E92          MOVL      *+XAR2[AR0],ACC       ; [CPU_ALU] |1393| 
     252                      .dwpsn  file "D:/15_Delta/14. ANPC Converter/ANPC_3Layer/TMS320F280049C/device/driverlib/clb.h",line 
     253 00000023 D012          MOVB      XAR0,#18              ; [CPU_ALU] |1191| 
     254 00000024 A892          MOVL      *+XAR2[AR0],XAR4      ; [CPU_ALU] |1191| 
     255                      .dwpsn  file "D:/15_Delta/14. ANPC Converter/ANPC_3Layer/TMS320F280049C/device/driverlib/clb.h",line 
     256 00000025 D014          MOVB      XAR0,#20              ; [CPU_ALU] |1192| 
     257 00000026 8F00          MOVL      XAR4,#924             ; [CPU_ARAU] |1192| 
         00000027 039C 
     258 00000028 A892          MOVL      *+XAR2[AR0],XAR4      ; [CPU_ALU] |1192| 
     259                      .dwpsn  file "D:/15_Delta/14. ANPC Converter/ANPC_3Layer/TMS320F280049C/device/driverlib/clb.h",line 
     260 00000029 D018          MOVB      XAR0,#24              ; [CPU_ALU] |1194| 
     261                      .dwpsn  file "D:/15_Delta/14. ANPC Converter/ANPC_3Layer/TMS320F280049C/device/driverlib/clb.h",line 
     262 0000002a 8F00          MOVL      XAR4,#355             ; [CPU_ARAU] |1251| 
         0000002b 0163 
     263                      .dwpsn  file "D:/15_Delta/14. ANPC Converter/ANPC_3Layer/TMS320F280049C/device/driverlib/clb.h",line 
     264 0000002c C29A          MOVL      *+XAR2[AR1],XAR6      ; [CPU_ALU] |1193| 
     265                      .dwpsn  file "D:/15_Delta/14. ANPC Converter/ANPC_3Layer/TMS320F280049C/device/driverlib/clb.h",line 
     266 0000002d D120          MOVB      XAR1,#32              ; [CPU_ALU] |1219| 
     267                      .dwpsn  file "D:/15_Delta/14. ANPC Converter/ANPC_3Layer/TMS320F280049C/device/driverlib/clb.h",line 
     268 0000002e 1E92          MOVL      *+XAR2[AR0],ACC       ; [CPU_ALU] |1194| 
     269                      .dwpsn  file "D:/15_Delta/14. ANPC Converter/ANPC_3Layer/TMS320F280049C/device/driverlib/clb.h",line 
TMS320C2000 Assembler PC v22.6.0 Mon Apr 21 09:03:30 2025

Copyright (c) 1996-2018 Texas Instruments Incorporated
hal_clb_TMS320F280049C.asm                                           PAGE    6

     270 0000002f D022          MOVB      XAR0,#34              ; [CPU_ALU] |1220| 
     271                      .dwpsn  file "D:/15_Delta/14. ANPC Converter/ANPC_3Layer/TMS320F280049C/device/driverlib/clb.h",line 
     272 00000030 28A9          MOV       AL,#61166             ; [CPU_ALU] |1219| 
         00000031 EEEE 
     273 00000032 28A8          MOV       AH,#61166             ; [CPU_ALU] |1219| 
         00000033 EEEE 
     274 00000034 1E9A          MOVL      *+XAR2[AR1],ACC       ; [CPU_ALU] |1219| 
     275                      .dwpsn  file "D:/15_Delta/14. ANPC Converter/ANPC_3Layer/TMS320F280049C/device/driverlib/clb.h",line 
     276 00000035 D10A          MOVB      XAR1,#10              ; [CPU_ALU] |1253| 
     277                      .dwpsn  file "D:/15_Delta/14. ANPC Converter/ANPC_3Layer/TMS320F280049C/device/driverlib/clb.h",line 
     278 00000036 0200          MOVB      ACC,#0                ; [CPU_ALU] |1254| 
     279                      .dwpsn  file "D:/15_Delta/14. ANPC Converter/ANPC_3Layer/TMS320F280049C/device/driverlib/clb.h",line 
     280 00000037 C292          MOVL      *+XAR2[AR0],XAR6      ; [CPU_ALU] |1220| 
     281                      .dwpsn  file "D:/15_Delta/14. ANPC Converter/ANPC_3Layer/TMS320F280049C/device/driverlib/clb.h",line 
     282 00000038 D00C          MOVB      XAR0,#12              ; [CPU_ALU] |1251| 
     283 00000039 A892          MOVL      *+XAR2[AR0],XAR4      ; [CPU_ALU] |1251| 
     284                      .dwpsn  file "D:/15_Delta/14. ANPC Converter/ANPC_3Layer/TMS320F280049C/device/driverlib/clb.h",line 
     285 0000003a D00E          MOVB      XAR0,#14              ; [CPU_ALU] |1252| 
     286 0000003b 8F00          MOVL      XAR4,#890             ; [CPU_ARAU] |1252| 
         0000003c 037A 
     287 0000003d A892          MOVL      *+XAR2[AR0],XAR4      ; [CPU_ALU] |1252| 
     288                      .dwpsn  file "D:/15_Delta/14. ANPC Converter/ANPC_3Layer/TMS320F280049C/device/driverlib/clb.h",line 
     289 0000003e D010          MOVB      XAR0,#16              ; [CPU_ALU] |1254| 
     290                      .dwpsn  file "D:/15_Delta/14. ANPC Converter/ANPC_3Layer/TMS320F280049C/device/driverlib/clb.h",line 
     291 0000003f 8F00          MOVL      XAR4,#24330           ; [CPU_ARAU] |1308| 
         00000040 5F0A 
     292                      .dwpsn  file "D:/15_Delta/14. ANPC Converter/ANPC_3Layer/TMS320F280049C/device/driverlib/clb.h",line 
     293 00000041 C29A          MOVL      *+XAR2[AR1],XAR6      ; [CPU_ALU] |1253| 
     294                      .dwpsn  file "D:/15_Delta/14. ANPC Converter/ANPC_3Layer/TMS320F280049C/device/driverlib/clb.h",line 
     295 00000042 D126          MOVB      XAR1,#38              ; [CPU_ALU] |1309| 
     296                      .dwpsn  file "D:/15_Delta/14. ANPC Converter/ANPC_3Layer/TMS320F280049C/device/driverlib/clb.h",line 
     297 00000043 1E92          MOVL      *+XAR2[AR0],ACC       ; [CPU_ALU] |1254| 
     298                      .dwpsn  file "D:/15_Delta/14. ANPC Converter/ANPC_3Layer/TMS320F280049C/device/driverlib/clb.h",line 
     299 00000044 D024          MOVB      XAR0,#36              ; [CPU_ALU] |1308| 
     300 00000045 A892          MOVL      *+XAR2[AR0],XAR4      ; [CPU_ALU] |1308| 
     301                      .dwpsn  file "D:/15_Delta/14. ANPC Converter/ANPC_3Layer/TMS320F280049C/device/driverlib/clb.h",line 
     302 00000046 D028          MOVB      XAR0,#40              ; [CPU_ALU] |1310| 
     303                      .dwpsn  file "D:/15_Delta/14. ANPC Converter/ANPC_3Layer/TMS320F280049C/device/driverlib/clb.h",line 
     304 00000047 A89A          MOVL      *+XAR2[AR1],XAR4      ; [CPU_ALU] |1309| 
     305                      .dwpsn  file "D:/15_Delta/14. ANPC Converter/ANPC_3Layer/TMS320F280049C/device/driverlib/clb.h",line 
     306 00000048 D11C          MOVB      XAR1,#28              ; [CPU_ALU] |1279| 
     307                      .dwpsn  file "D:/15_Delta/14. ANPC Converter/ANPC_3Layer/TMS320F280049C/device/driverlib/clb.h",line 
     308 00000049 8F00          MOVL      XAR4,#264             ; [CPU_ARAU] |1343| 
         0000004a 0108 
     309                      .dwpsn  file "D:/15_Delta/14. ANPC Converter/ANPC_3Layer/TMS320F280049C/device/driverlib/clb.h",line 
     310 0000004b 1E92          MOVL      *+XAR2[AR0],ACC       ; [CPU_ALU] |1310| 
     311                      .dwpsn  file "D:/15_Delta/14. ANPC Converter/ANPC_3Layer/TMS320F280049C/device/driverlib/clb.h",line 
     312 0000004c 28A9          MOV       AL,#43690             ; [CPU_ALU] |1279| 
         0000004d AAAA 
     313 0000004e 28A8          MOV       AH,#43690             ; [CPU_ALU] |1279| 
         0000004f AAAA 
     314                      .dwpsn  file "D:/15_Delta/14. ANPC Converter/ANPC_3Layer/TMS320F280049C/device/driverlib/clb.h",line 
     315 00000050 D01E          MOVB      XAR0,#30              ; [CPU_ALU] |1280| 
     316                      .dwpsn  file "D:/15_Delta/14. ANPC Converter/ANPC_3Layer/TMS320F280049C/device/driverlib/clb.h",line 
     317 00000051 1E9A          MOVL      *+XAR2[AR1],ACC       ; [CPU_ALU] |1279| 
TMS320C2000 Assembler PC v22.6.0 Mon Apr 21 09:03:30 2025

Copyright (c) 1996-2018 Texas Instruments Incorporated
hal_clb_TMS320F280049C.asm                                           PAGE    7

     318                      .dwpsn  file "D:/15_Delta/14. ANPC Converter/ANPC_3Layer/TMS320F280049C/device/driverlib/clb.h",line 
     319 00000052 0200          MOVB      ACC,#0                ; [CPU_ALU] |1341| 
     320                      .dwpsn  file "D:/15_Delta/14. ANPC Converter/ANPC_3Layer/TMS320F280049C/device/driverlib/clb.h",line 
     321 00000053 C292          MOVL      *+XAR2[AR0],XAR6      ; [CPU_ALU] |1280| 
     322                      .dwpsn  file "D:/15_Delta/14. ANPC Converter/ANPC_3Layer/TMS320F280049C/device/driverlib/clb.h",line 
     323 00000054 D008          MOVB      XAR0,#8               ; [CPU_ALU] |1341| 
     324                      .dwpsn  file "D:/15_Delta/14. ANPC Converter/ANPC_3Layer/TMS320F280049C/device/driverlib/clb.h",line 
     325 00000055 7680          MOVL      XAR6,#487             ; [CPU_ARAU] |1340| 
         00000056 01E7 
     326 00000057 C2D2          MOVL      *+XAR2[2],XAR6        ; [CPU_ALU] |1340| 
     327                      .dwpsn  file "D:/15_Delta/14. ANPC Converter/ANPC_3Layer/TMS320F280049C/device/driverlib/clb.h",line 
     328 00000058 1E92          MOVL      *+XAR2[AR0],ACC       ; [CPU_ALU] |1341| 
     329                      .dwpsn  file "D:/15_Delta/14. ANPC Converter/ANPC_3Layer/TMS320F280049C/device/driverlib/clb.h",line 
     330 00000059 D02A          MOVB      XAR0,#42              ; [CPU_ALU] |1367| 
     331                      .dwpsn  file "D:/15_Delta/14. ANPC Converter/ANPC_3Layer/TMS320F280049C/device/driverlib/clb.h",line 
     332 0000005a A0F2          MOVL      *+XAR2[6],XAR5        ; [CPU_ALU] |1342| 
     333                      .dwpsn  file "D:/15_Delta/14. ANPC Converter/ANPC_3Layer/TMS320F280049C/device/driverlib/clb.h",line 
     334 0000005b A8E2          MOVL      *+XAR2[4],XAR4        ; [CPU_ALU] |1343| 
     335                      .dwpsn  file "D:/15_Delta/14. ANPC Converter/ANPC_3Layer/TMS320F280049C/device/driverlib/clb.h",line 
     336 0000005c 1E92          MOVL      *+XAR2[AR0],ACC       ; [CPU_ALU] |1367| 
     337                      .dwpsn  file "D:/15_Delta/14. ANPC Converter/ANPC_3Layer/TMS320F280049C/device/driverlib/clb.h",line 
     338 0000005d 761A          EDIS      ; [CPU_ALU] |1368| 
     339                      .dwpsn  file "../hal/hal_clb_TMS320F280049C.c",line 86,column 5,is_stmt,isa 0
     340 0000005e B600          MOVB      XAR7,#0               ; [CPU_ALU] |86| 
     341 0000005f BE00          MOVB      XAR6,#0               ; [CPU_ALU] |86| 
     342 00000060 0214          MOVB      ACC,#20               ; [CPU_ALU] |86| 
     343 00000061 D400          MOVB      XAR4,#0               ; [CPU_ALU] |86| 
     344 00000062 C342          MOVL      *-SP[2],XAR7          ; [CPU_ALU] |86| 
     345 00000063 1E44          MOVL      *-SP[4],ACC           ; [CPU_ALU] |86| 
     346 00000064 AAA9          MOVL      ACC,XAR2              ; [CPU_ALU] |86| 
     347 00000065 C246          MOVL      *-SP[6],XAR6          ; [CPU_ALU] |86| 
     348              $C$DW$18        .dwtag  DW_TAG_TI_branch
     349                      .dwattr $C$DW$18, DW_AT_low_pc(0x00)
     350                      .dwattr $C$DW$18, DW_AT_name("CLB_configCounterLoadMatch")
     351                      .dwattr $C$DW$18, DW_AT_TI_call
     352              
     353 00000066 7640!         LCR       #||CLB_configCounterLoadMatch|| ; [CPU_ALU] |86| 
         00000067 0000 
     354                      ; call occurs [#||CLB_configCounterLoadMatch||] ; [] |86| 
     355                      .dwpsn  file "../hal/hal_clb_TMS320F280049C.c",line 87,column 5,is_stmt,isa 0
     356 00000068 B600          MOVB      XAR7,#0               ; [CPU_ALU] |87| 
     357 00000069 0214          MOVB      ACC,#20               ; [CPU_ALU] |87| 
     358 0000006a BE00          MOVB      XAR6,#0               ; [CPU_ALU] |87| 
     359 0000006b D401          MOVB      XAR4,#1               ; [CPU_ALU] |87| 
     360 0000006c C342          MOVL      *-SP[2],XAR7          ; [CPU_ALU] |87| 
     361 0000006d 1E44          MOVL      *-SP[4],ACC           ; [CPU_ALU] |87| 
     362 0000006e AAA9          MOVL      ACC,XAR2              ; [CPU_ALU] |87| 
     363 0000006f C246          MOVL      *-SP[6],XAR6          ; [CPU_ALU] |87| 
     364              $C$DW$19        .dwtag  DW_TAG_TI_branch
     365                      .dwattr $C$DW$19, DW_AT_low_pc(0x00)
     366                      .dwattr $C$DW$19, DW_AT_name("CLB_configCounterLoadMatch")
     367                      .dwattr $C$DW$19, DW_AT_TI_call
     368              
     369 00000070 7640!         LCR       #||CLB_configCounterLoadMatch|| ; [CPU_ALU] |87| 
         00000071 0000 
TMS320C2000 Assembler PC v22.6.0 Mon Apr 21 09:03:30 2025

Copyright (c) 1996-2018 Texas Instruments Incorporated
hal_clb_TMS320F280049C.asm                                           PAGE    8

     370                      ; call occurs [#||CLB_configCounterLoadMatch||] ; [] |87| 
     371                      .dwpsn  file "../hal/hal_clb_TMS320F280049C.c",line 88,column 5,is_stmt,isa 0
     372 00000072 B600          MOVB      XAR7,#0               ; [CPU_ALU] |88| 
     373 00000073 BE00          MOVB      XAR6,#0               ; [CPU_ALU] |88| 
     374 00000074 0200          MOVB      ACC,#0                ; [CPU_ALU] |88| 
     375 00000075 D402          MOVB      XAR4,#2               ; [CPU_ALU] |88| 
     376 00000076 C342          MOVL      *-SP[2],XAR7          ; [CPU_ALU] |88| 
     377 00000077 C244          MOVL      *-SP[4],XAR6          ; [CPU_ALU] |88| 
     378 00000078 1E46          MOVL      *-SP[6],ACC           ; [CPU_ALU] |88| 
     379 00000079 AAA9          MOVL      ACC,XAR2              ; [CPU_ALU] |88| 
     380              $C$DW$20        .dwtag  DW_TAG_TI_branch
     381                      .dwattr $C$DW$20, DW_AT_low_pc(0x00)
     382                      .dwattr $C$DW$20, DW_AT_name("CLB_configCounterLoadMatch")
     383                      .dwattr $C$DW$20, DW_AT_TI_call
     384              
     385 0000007a 7640!         LCR       #||CLB_configCounterLoadMatch|| ; [CPU_ALU] |88| 
         0000007b 0000 
     386                      ; call occurs [#||CLB_configCounterLoadMatch||] ; [] |88| 
     387                      .dwpsn  file "D:/15_Delta/14. ANPC Converter/ANPC_3Layer/TMS320F280049C/device/driverlib/clb.h",line 
     388 0000007c 7622          EALLOW    ; [CPU_ALU] |1414| 
     389                      .dwpsn  file "D:/15_Delta/14. ANPC Converter/ANPC_3Layer/TMS320F280049C/device/driverlib/clb.h",line 
     390 0000007d D03C          MOVB      XAR0,#60              ; [CPU_ALU] |1415| 
     391 0000007e 0200          MOVB      ACC,#0                ; [CPU_ALU] |1415| 
     392                      .dwpsn  file "D:/15_Delta/14. ANPC Converter/ANPC_3Layer/TMS320F280049C/device/driverlib/clb.h",line 
     393 0000007f 8D40          MOVL      XAR1,#258             ; [CPU_ALU] |818| 
         00000080 0102 
     394 00000081 BE0C          MOVB      XAR6,#12              ; [CPU_ALU] |818| 
     395                      .dwpsn  file "D:/15_Delta/14. ANPC Converter/ANPC_3Layer/TMS320F280049C/device/driverlib/clb.h",line 
     396 00000082 B600          MOVB      XAR7,#0               ; [CPU_ALU] |819| 
     397                      .dwpsn  file "D:/15_Delta/14. ANPC Converter/ANPC_3Layer/TMS320F280049C/device/driverlib/clb.h",line 
     398 00000083 1E92          MOVL      *+XAR2[AR0],ACC       ; [CPU_ALU] |1415| 
     399                      .dwpsn  file "D:/15_Delta/14. ANPC Converter/ANPC_3Layer/TMS320F280049C/device/driverlib/clb.h",line 
     400 00000084 8D00          MOVL      XAR0,#260             ; [CPU_ALU] |819| 
         00000085 0104 
     401                      .dwpsn  file "D:/15_Delta/14. ANPC Converter/ANPC_3Layer/TMS320F280049C/device/driverlib/clb.h",line 
     402 00000086 AAA9          MOVL      ACC,XAR2              ; [CPU_ALU] |820| 
     403 00000087 FF18          ADD       ACC,#1 << 8           ; [CPU_ALU] |820| 
         00000088 0001 
     404                      .dwpsn  file "D:/15_Delta/14. ANPC Converter/ANPC_3Layer/TMS320F280049C/device/driverlib/clb.h",line 
     405 00000089 C29A          MOVL      *+XAR2[AR1],XAR6      ; [CPU_ALU] |818| 
     406                      .dwpsn  file "D:/15_Delta/14. ANPC Converter/ANPC_3Layer/TMS320F280049C/device/driverlib/clb.h",line 
     407 0000008a 8AA9          MOVL      XAR4,ACC              ; [CPU_ALU] |820| 
     408                      .dwpsn  file "D:/15_Delta/14. ANPC Converter/ANPC_3Layer/TMS320F280049C/device/driverlib/clb.h",line 
     409 0000008b BE0D          MOVB      XAR6,#13              ; [CPU_ALU] |818| 
     410                      .dwpsn  file "D:/15_Delta/14. ANPC Converter/ANPC_3Layer/TMS320F280049C/device/driverlib/clb.h",line 
     411 0000008c 0201          MOVB      ACC,#1                ; [CPU_ALU] |820| 
     412                      .dwpsn  file "D:/15_Delta/14. ANPC Converter/ANPC_3Layer/TMS320F280049C/device/driverlib/clb.h",line 
     413 0000008d C392          MOVL      *+XAR2[AR0],XAR7      ; [CPU_ALU] |819| 
     414                      .dwpsn  file "D:/15_Delta/14. ANPC Converter/ANPC_3Layer/TMS320F280049C/device/driverlib/clb.h",line 
     415 0000008e 98C4          OR        *+XAR4[0],AL          ; [CPU_ALU] |820| 
     416 0000008f 99CC          OR        *+XAR4[1],AH          ; [CPU_ALU] |820| 
     417 00000090 AAA9          MOVL      ACC,XAR2              ; [CPU_ALU] |820| 
     418 00000091 FF18          ADD       ACC,#1 << 8           ; [CPU_ALU] |820| 
         00000092 0001 
     419                      .dwpsn  file "D:/15_Delta/14. ANPC Converter/ANPC_3Layer/TMS320F280049C/device/driverlib/clb.h",line 
TMS320C2000 Assembler PC v22.6.0 Mon Apr 21 09:03:30 2025

Copyright (c) 1996-2018 Texas Instruments Incorporated
hal_clb_TMS320F280049C.asm                                           PAGE    9

     420 00000093 C29A          MOVL      *+XAR2[AR1],XAR6      ; [CPU_FPU] |818| 
     421                      .dwpsn  file "D:/15_Delta/14. ANPC Converter/ANPC_3Layer/TMS320F280049C/device/driverlib/clb.h",line 
     422 00000094 8AA9          MOVL      XAR4,ACC              ; [CPU_ALU] |820| 
     423                      .dwpsn  file "D:/15_Delta/14. ANPC Converter/ANPC_3Layer/TMS320F280049C/device/driverlib/clb.h",line 
     424 00000095 BE0E          MOVB      XAR6,#14              ; [CPU_ALU] |818| 
     425                      .dwpsn  file "D:/15_Delta/14. ANPC Converter/ANPC_3Layer/TMS320F280049C/device/driverlib/clb.h",line 
     426 00000096 0201          MOVB      ACC,#1                ; [CPU_ALU] |820| 
     427                      .dwpsn  file "D:/15_Delta/14. ANPC Converter/ANPC_3Layer/TMS320F280049C/device/driverlib/clb.h",line 
     428 00000097 C392          MOVL      *+XAR2[AR0],XAR7      ; [CPU_ALU] |819| 
     429                      .dwpsn  file "D:/15_Delta/14. ANPC Converter/ANPC_3Layer/TMS320F280049C/device/driverlib/clb.h",line 
     430 00000098 98C4          OR        *+XAR4[0],AL          ; [CPU_ALU] |820| 
     431 00000099 99CC          OR        *+XAR4[1],AH          ; [CPU_ALU] |820| 
     432 0000009a AAA9          MOVL      ACC,XAR2              ; [CPU_ALU] |820| 
     433 0000009b FF18          ADD       ACC,#1 << 8           ; [CPU_ALU] |820| 
         0000009c 0001 
     434 0000009d 8AA9          MOVL      XAR4,ACC              ; [CPU_ALU] |820| 
     435                      .dwpsn  file "D:/15_Delta/14. ANPC Converter/ANPC_3Layer/TMS320F280049C/device/driverlib/clb.h",line 
     436 0000009e C29A          MOVL      *+XAR2[AR1],XAR6      ; [CPU_ALU] |818| 
     437                      .dwpsn  file "D:/15_Delta/14. ANPC Converter/ANPC_3Layer/TMS320F280049C/device/driverlib/clb.h",line 
     438 0000009f 0201          MOVB      ACC,#1                ; [CPU_ALU] |820| 
     439                      .dwpsn  file "D:/15_Delta/14. ANPC Converter/ANPC_3Layer/TMS320F280049C/device/driverlib/clb.h",line 
     440 000000a0 BE0F          MOVB      XAR6,#15              ; [CPU_ALU] |818| 
     441                      .dwpsn  file "D:/15_Delta/14. ANPC Converter/ANPC_3Layer/TMS320F280049C/device/driverlib/clb.h",line 
     442 000000a1 C392          MOVL      *+XAR2[AR0],XAR7      ; [CPU_ALU] |819| 
     443                      .dwpsn  file "D:/15_Delta/14. ANPC Converter/ANPC_3Layer/TMS320F280049C/device/driverlib/clb.h",line 
     444 000000a2 98C4          OR        *+XAR4[0],AL          ; [CPU_ALU] |820| 
     445 000000a3 99CC          OR        *+XAR4[1],AH          ; [CPU_ALU] |820| 
     446 000000a4 AAA9          MOVL      ACC,XAR2              ; [CPU_ALU] |820| 
     447 000000a5 FF18          ADD       ACC,#1 << 8           ; [CPU_ALU] |820| 
         000000a6 0001 
     448 000000a7 8AA9          MOVL      XAR4,ACC              ; [CPU_ALU] |820| 
     449 000000a8 0201          MOVB      ACC,#1                ; [CPU_ALU] |820| 
     450                      .dwpsn  file "D:/15_Delta/14. ANPC Converter/ANPC_3Layer/TMS320F280049C/device/driverlib/clb.h",line 
     451 000000a9 C29A          MOVL      *+XAR2[AR1],XAR6      ; [CPU_ALU] |818| 
     452                      .dwpsn  file "D:/15_Delta/14. ANPC Converter/ANPC_3Layer/TMS320F280049C/device/driverlib/clb.h",line 
     453 000000aa C392          MOVL      *+XAR2[AR0],XAR7      ; [CPU_ALU] |819| 
     454                      .dwpsn  file "D:/15_Delta/14. ANPC Converter/ANPC_3Layer/TMS320F280049C/device/driverlib/clb.h",line 
     455 000000ab 98C4          OR        *+XAR4[0],AL          ; [CPU_ALU] |820| 
     456 000000ac 99CC          OR        *+XAR4[1],AH          ; [CPU_ALU] |820| 
     457                      .dwpsn  file "D:/15_Delta/14. ANPC Converter/ANPC_3Layer/TMS320F280049C/device/driverlib/clb.h",line 
     458 000000ad 761A          EDIS      ; [CPU_ALU] |821| 
     459                      .dwpsn  file "../hal/hal_clb_TMS320F280049C.c",line 94,column 9,is_stmt,isa 0
     460 000000ae B600          MOVB      XAR7,#0               ; [CPU_ALU] |94| 
     461 000000af 7680!         MOVL      XAR6,#||TILE1HLCInstr|| ; [CPU_ARAU] 
         000000b0 0000 
     462 000000b1       ||$C$L1||:    
     463                      .dwpsn  file "D:/15_Delta/14. ANPC Converter/ANPC_3Layer/TMS320F280049C/device/driverlib/clb.h",line 
     464 000000b1 2786          MOV       PL,*XAR6++            ; [CPU_ALU] |813| 
     465 000000b2 2BAA          MOV       PH,#0                 ; [CPU_ALU] |813| 
     466                      .dwpsn  file "D:/15_Delta/14. ANPC Converter/ANPC_3Layer/TMS320F280049C/device/driverlib/clb.h",line 
     467 000000b3 7622          EALLOW    ; [CPU_ALU] |817| 
     468                      .dwpsn  file "D:/15_Delta/14. ANPC Converter/ANPC_3Layer/TMS320F280049C/device/driverlib/clb.h",line 
     469 000000b4 5CA7          MOVZ      AR4,AR7               ; [CPU_ALU] |818| 
     470                      .dwpsn  file "D:/15_Delta/14. ANPC Converter/ANPC_3Layer/TMS320F280049C/device/driverlib/clb.h",line 
     471 000000b5 AAA9          MOVL      ACC,XAR2              ; [CPU_ALU] |820| 
TMS320C2000 Assembler PC v22.6.0 Mon Apr 21 09:03:30 2025

Copyright (c) 1996-2018 Texas Instruments Incorporated
hal_clb_TMS320F280049C.asm                                           PAGE   10

     472 000000b6 FF18          ADD       ACC,#1 << 8           ; [CPU_ALU] |820| 
         000000b7 0001 
     473 000000b8 83A9          MOVL      XAR5,ACC              ; [CPU_ALU] |820| 
     474                      .dwpsn  file "D:/15_Delta/14. ANPC Converter/ANPC_3Layer/TMS320F280049C/device/driverlib/clb.h",line 
     475 000000b9 DC20          ADDB      XAR4,#32              ; [CPU_ALU] |818| 
     476                      .dwpsn  file "D:/15_Delta/14. ANPC Converter/ANPC_3Layer/TMS320F280049C/device/driverlib/clb.h",line 
     477 000000ba 0201          MOVB      ACC,#1                ; [CPU_FPU] |820| 
     478                      .dwpsn  file "D:/15_Delta/14. ANPC Converter/ANPC_3Layer/TMS320F280049C/device/driverlib/clb.h",line 
     479 000000bb A89A          MOVL      *+XAR2[AR1],XAR4      ; [CPU_ALU] |818| 
     480                      .dwpsn  file "D:/15_Delta/14. ANPC Converter/ANPC_3Layer/TMS320F280049C/device/driverlib/clb.h",line 
     481 000000bc A992          MOVL      *+XAR2[AR0],P         ; [CPU_ALU] |819| 
     482                      .dwpsn  file "D:/15_Delta/14. ANPC Converter/ANPC_3Layer/TMS320F280049C/device/driverlib/clb.h",line 
     483 000000bd 98C5          OR        *+XAR5[0],AL          ; [CPU_ALU] |820| 
     484 000000be 99CD          OR        *+XAR5[1],AH          ; [CPU_ALU] |820| 
     485                      .dwpsn  file "D:/15_Delta/14. ANPC Converter/ANPC_3Layer/TMS320F280049C/device/driverlib/clb.h",line 
     486 000000bf 761A          EDIS      ; [CPU_ALU] |821| 
     487                      .dwpsn  file "../hal/hal_clb_TMS320F280049C.c",line 94,column 16,is_stmt,isa 0
     488 000000c0 DF01          ADDB      XAR7,#1               ; [CPU_ALU] |94| 
     489 000000c1 92A7          MOV       AL,AR7                ; [CPU_ALU] |94| 
     490 000000c2 521F          CMPB      AL,#31                ; [CPU_ALU] |94| 
     491 000000c3 69EE          B         ||$C$L1||,LOS         ; [CPU_ALU] |94| 
     492                      ; branchcc occurs ; [] |94| 
     493 000000c4 FE86          SUBB      SP,#6                 ; [CPU_ARAU] 
     494                      .dwcfi  cfa_offset, -6
     495 000000c5 86BE          MOVL      XAR2,*--SP            ; [CPU_ALU] 
     496                      .dwcfi  cfa_offset, -4
     497                      .dwcfi  restore_reg, 9
     498 000000c6 8BBE          MOVL      XAR1,*--SP            ; [CPU_ALU] 
     499                      .dwcfi  cfa_offset, -2
     500                      .dwcfi  restore_reg, 7
     501              $C$DW$21        .dwtag  DW_TAG_TI_branch
     502                      .dwattr $C$DW$21, DW_AT_low_pc(0x00)
     503                      .dwattr $C$DW$21, DW_AT_TI_return
     504              
     505 000000c7 0006          LRETR     ; [CPU_ALU] 
     506                      ; return occurs ; [] 
     507                      .dwattr $C$DW$13, DW_AT_TI_end_file("../hal/hal_clb_TMS320F280049C.c")
     508                      .dwattr $C$DW$13, DW_AT_TI_end_line(0x62)
     509                      .dwattr $C$DW$13, DW_AT_TI_end_column(0x01)
     510                      .dwendentry
     511                      .dwendtag $C$DW$13
     512              
     513 000000c8               .sect   ".text"
     514                      .clink
     515                      .global ||clb_hal_SetupCLB||
     516              
     517              $C$DW$22        .dwtag  DW_TAG_subprogram
     518                      .dwattr $C$DW$22, DW_AT_name("clb_hal_SetupCLB")
     519                      .dwattr $C$DW$22, DW_AT_low_pc(||clb_hal_SetupCLB||)
     520                      .dwattr $C$DW$22, DW_AT_high_pc(0x00)
     521                      .dwattr $C$DW$22, DW_AT_linkage_name("clb_hal_SetupCLB")
     522                      .dwattr $C$DW$22, DW_AT_external
     523                      .dwattr $C$DW$22, DW_AT_decl_file("../hal/hal_clb_TMS320F280049C.c")
     524                      .dwattr $C$DW$22, DW_AT_decl_line(0x67)
     525                      .dwattr $C$DW$22, DW_AT_decl_column(0x06)
TMS320C2000 Assembler PC v22.6.0 Mon Apr 21 09:03:30 2025

Copyright (c) 1996-2018 Texas Instruments Incorporated
hal_clb_TMS320F280049C.asm                                           PAGE   11

     526                      .dwattr $C$DW$22, DW_AT_TI_max_frame_size(-2)
     527                      .dwpsn  file "../hal/hal_clb_TMS320F280049C.c",line 104,column 1,is_stmt,address ||clb_hal_SetupCLB||
     528              
     529                      .dwfde $C$DW$CIE, ||clb_hal_SetupCLB||
     530              
     531              ;***************************************************************
     532              ;* FNAME: clb_hal_SetupCLB              FR SIZE:   0           *
     533              ;*                                                             *
     534              ;* FUNCTION ENVIRONMENT                                        *
     535              ;*                                                             *
     536              ;* FUNCTION PROPERTIES                                         *
     537              ;*                            0 Parameter,  0 Auto,  0 SOE     *
     538              ;***************************************************************
     539              
     540 000000c8       ||clb_hal_SetupCLB||:
     541                      .dwcfi  cfa_offset, -2
     542                      .dwcfi  save_reg_to_mem, 26, 0
     543                      .dwpsn  file "D:/15_Delta/14. ANPC Converter/ANPC_3Layer/TMS320F280049C/device/driverlib/clb.h",line 
     544 000000c8 7622          EALLOW    ; [CPU_ALU] |558| 
     545                      .dwpsn  file "D:/15_Delta/14. ANPC Converter/ANPC_3Layer/TMS320F280049C/device/driverlib/clb.h",line 
     546 000000c9 F5A9          MOV       AL,*(0:0x3100)        ; [CPU_ALU] |559| 
         000000ca 3100 
     547 000000cb 5002          ORB       AL,#0x02              ; [CPU_ALU] |559| 
     548 000000cc F4A9          MOV       *(0:0x3100),AL        ; [CPU_ALU] |559| 
         000000cd 3100 
     549 000000ce F5A9          MOV       AL,*(0:0x3500)        ; [CPU_ALU] |559| 
         000000cf 3500 
     550 000000d0 5002          ORB       AL,#0x02              ; [CPU_ALU] |559| 
     551 000000d1 F4A9          MOV       *(0:0x3500),AL        ; [CPU_ALU] |559| 
         000000d2 3500 
     552 000000d3 F5A9          MOV       AL,*(0:0x3900)        ; [CPU_ALU] |559| 
         000000d4 3900 
     553 000000d5 5002          ORB       AL,#0x02              ; [CPU_ALU] |559| 
     554 000000d6 F4A9          MOV       *(0:0x3900),AL        ; [CPU_ALU] |559| 
         000000d7 3900 
     555                      .dwpsn  file "D:/15_Delta/14. ANPC Converter/ANPC_3Layer/TMS320F280049C/device/driverlib/clb.h",line 
     556 000000d8 761A          EDIS      ; [CPU_ALU] |560| 
     557                      .dwpsn  file "../hal/hal_clb_TMS320F280049C.c",line 115,column 5,is_stmt,isa 0
     558 000000d9 FF20          MOV       ACC,#12288            ; [CPU_ALU] |115| 
         000000da 3000 
     559              $C$DW$23        .dwtag  DW_TAG_TI_branch
     560                      .dwattr $C$DW$23, DW_AT_low_pc(0x00)
     561                      .dwattr $C$DW$23, DW_AT_name("clb_hal_InitTile1")
     562                      .dwattr $C$DW$23, DW_AT_TI_call
     563              
     564 000000db 7640!         LCR       #||clb_hal_InitTile1|| ; [CPU_ALU] |115| 
         000000dc 0000 
     565                      ; call occurs [#||clb_hal_InitTile1||] ; [] |115| 
     566                      .dwpsn  file "../hal/hal_clb_TMS320F280049C.c",line 116,column 5,is_stmt,isa 0
     567 000000dd FF20          MOV       ACC,#13312            ; [CPU_ALU] |116| 
         000000de 3400 
     568              $C$DW$24        .dwtag  DW_TAG_TI_branch
     569                      .dwattr $C$DW$24, DW_AT_low_pc(0x00)
     570                      .dwattr $C$DW$24, DW_AT_name("clb_hal_InitTile1")
     571                      .dwattr $C$DW$24, DW_AT_TI_call
TMS320C2000 Assembler PC v22.6.0 Mon Apr 21 09:03:30 2025

Copyright (c) 1996-2018 Texas Instruments Incorporated
hal_clb_TMS320F280049C.asm                                           PAGE   12

     572              
     573 000000df 7640!         LCR       #||clb_hal_InitTile1|| ; [CPU_ALU] |116| 
         000000e0 0000 
     574                      ; call occurs [#||clb_hal_InitTile1||] ; [] |116| 
     575                      .dwpsn  file "../hal/hal_clb_TMS320F280049C.c",line 117,column 5,is_stmt,isa 0
     576 000000e1 FF20          MOV       ACC,#14336            ; [CPU_ALU] |117| 
         000000e2 3800 
     577              $C$DW$25        .dwtag  DW_TAG_TI_branch
     578                      .dwattr $C$DW$25, DW_AT_low_pc(0x00)
     579                      .dwattr $C$DW$25, DW_AT_name("clb_hal_InitTile1")
     580                      .dwattr $C$DW$25, DW_AT_TI_call
     581              
     582 000000e3 7640!         LCR       #||clb_hal_InitTile1|| ; [CPU_ALU] |117| 
         000000e4 0000 
     583                      ; call occurs [#||clb_hal_InitTile1||] ; [] |117| 
     584                      .dwpsn  file "D:/15_Delta/14. ANPC Converter/ANPC_3Layer/TMS320F280049C/device/driverlib/clb.h",line 
     585 000000e5 BFA9          MOV32     ACC,*(0:0x310a)       ; [CPU_FPU] |1017| 
         000000e6 310A 
     586 000000e7 18A9          AND       AL,#65504             ; [CPU_ALU] |1017| 
         000000e8 FFE0 
     587 000000e9 BDA9          MOV32     *(0:0x310a),ACC       ; [CPU_FPU] |1017| 
         000000ea 310A 
     588 000000eb BFA9          MOV32     ACC,*(0:0x310a)       ; [CPU_FPU] |1017| 
         000000ec 310A 
     589 000000ed 18A9          AND       AL,#64543             ; [CPU_ALU] |1017| 
         000000ee FC1F 
     590 000000ef BDA9          MOV32     *(0:0x310a),ACC       ; [CPU_FPU] |1017| 
         000000f0 310A 
     591 000000f1 BFA9          MOV32     ACC,*(0:0x310a)       ; [CPU_FPU] |1017| 
         000000f2 310A 
     592 000000f3 18A9          AND       AL,#33791             ; [CPU_ALU] |1017| 
         000000f4 83FF 
     593 000000f5 BDA9          MOV32     *(0:0x310a),ACC       ; [CPU_FPU] |1017| 
         000000f6 310A 
     594 000000f7 BFA9          MOV32     ACC,*(0:0x310a)       ; [CPU_FPU] |1017| 
         000000f8 310A 
     595 000000f9 18A9          AND       AL,#32767             ; [CPU_ALU] |1017| 
         000000fa 7FFF 
     596 000000fb 18A8          AND       AH,#65520             ; [CPU_ALU] |1017| 
         000000fc FFF0 
     597 000000fd BDA9          MOV32     *(0:0x310a),ACC       ; [CPU_FPU] |1017| 
         000000fe 310A 
     598                      .dwpsn  file "D:/15_Delta/14. ANPC Converter/ANPC_3Layer/TMS320F280049C/device/driverlib/clb.h",line 
     599 000000ff BFA9          MOV32     ACC,*(0:0x310c)       ; [CPU_FPU] |1028| 
         00000100 310C 
     600 00000101 18A9          AND       AL,#65504             ; [CPU_ALU] |1028| 
         00000102 FFE0 
     601 00000103 BDA9          MOV32     *(0:0x310c),ACC       ; [CPU_FPU] |1028| 
         00000104 310C 
     602                      .dwpsn  file "D:/15_Delta/14. ANPC Converter/ANPC_3Layer/TMS320F280049C/device/driverlib/clb.h",line 
     603 00000105 BFA9          MOV32     ACC,*(0:0x3114)       ; [CPU_FPU] |1072| 
         00000106 3114 
     604 00000107 18A9          AND       AL,#65408             ; [CPU_ALU] |1072| 
         00000108 FF80 
     605 00000109 BDA9          MOV32     *(0:0x3114),ACC       ; [CPU_FPU] |1072| 
TMS320C2000 Assembler PC v22.6.0 Mon Apr 21 09:03:30 2025

Copyright (c) 1996-2018 Texas Instruments Incorporated
hal_clb_TMS320F280049C.asm                                           PAGE   13

         0000010a 3114 
     606 0000010b BFA9          MOV32     ACC,*(0:0x3114)       ; [CPU_FPU] |1072| 
         0000010c 3114 
     607 0000010d 18A9          AND       AL,#49279             ; [CPU_ALU] |1072| 
         0000010e C07F 
     608 0000010f 1AA9          OR        AL,#256               ; [CPU_ALU] |1072| 
         00000110 0100 
     609 00000111 BDA9          MOV32     *(0:0x3114),ACC       ; [CPU_FPU] |1072| 
         00000112 3114 
     610 00000113 BFA9          MOV32     ACC,*(0:0x3114)       ; [CPU_FPU] |1072| 
         00000114 3114 
     611 00000115 18A9          AND       AL,#16383             ; [CPU_ALU] |1072| 
         00000116 3FFF 
     612 00000117 18A8          AND       AH,#65504             ; [CPU_ALU] |1072| 
         00000118 FFE0 
     613 00000119 BDA9          MOV32     *(0:0x3114),ACC       ; [CPU_FPU] |1072| 
         0000011a 3114 
     614 0000011b BFA9          MOV32     ACC,*(0:0x3114)       ; [CPU_FPU] |1072| 
         0000011c 3114 
     615 0000011d 18A8          AND       AH,#61471             ; [CPU_ALU] |1072| 
         0000011e F01F 
     616 0000011f 5140          OR        AH,#64                ; [CPU_ALU] |1072| 
     617 00000120 BDA9          MOV32     *(0:0x3114),ACC       ; [CPU_FPU] |1072| 
         00000121 3114 
     618                      .dwpsn  file "D:/15_Delta/14. ANPC Converter/ANPC_3Layer/TMS320F280049C/device/driverlib/clb.h",line 
     619 00000122 BFA9          MOV32     ACC,*(0:0x3116)       ; [CPU_FPU] |1080| 
         00000123 3116 
     620 00000124 18A9          AND       AL,#65408             ; [CPU_ALU] |1080| 
         00000125 FF80 
     621 00000126 5030          ORB       AL,#0x30              ; [CPU_ALU] |1080| 
     622 00000127 BDA9          MOV32     *(0:0x3116),ACC       ; [CPU_FPU] |1080| 
         00000128 3116 
     623                      .dwpsn  file "D:/15_Delta/14. ANPC Converter/ANPC_3Layer/TMS320F280049C/device/driverlib/clb.h",line 
     624 00000129 F5A9          MOV       AL,*(0:0x3108)        ; [CPU_ALU] |925| 
         0000012a 3108 
     625 0000012b 18A9          AND       AL,#0xfffe            ; [CPU_ALU] |925| 
         0000012c FFFE 
     626 0000012d F4A9          MOV       *(0:0x3108),AL        ; [CPU_ALU] |925| 
         0000012e 3108 
     627 0000012f F5A9          MOV       AL,*(0:0x3108)        ; [CPU_ALU] |925| 
         00000130 3108 
     628 00000131 18A9          AND       AL,#0xfffd            ; [CPU_ALU] |925| 
         00000132 FFFD 
     629 00000133 F4A9          MOV       *(0:0x3108),AL        ; [CPU_ALU] |925| 
         00000134 3108 
     630 00000135 F5A9          MOV       AL,*(0:0x3108)        ; [CPU_ALU] |925| 
         00000136 3108 
     631 00000137 18A9          AND       AL,#0xfffb            ; [CPU_ALU] |925| 
         00000138 FFFB 
     632 00000139 F4A9          MOV       *(0:0x3108),AL        ; [CPU_ALU] |925| 
         0000013a 3108 
     633 0000013b F5A9          MOV       AL,*(0:0x3108)        ; [CPU_ALU] |925| 
         0000013c 3108 
     634 0000013d 18A9          AND       AL,#0xfff7            ; [CPU_ALU] |925| 
         0000013e FFF7 
TMS320C2000 Assembler PC v22.6.0 Mon Apr 21 09:03:30 2025

Copyright (c) 1996-2018 Texas Instruments Incorporated
hal_clb_TMS320F280049C.asm                                           PAGE   14

     635 0000013f F4A9          MOV       *(0:0x3108),AL        ; [CPU_ALU] |925| 
         00000140 3108 
     636 00000141 F5A9          MOV       AL,*(0:0x3108)        ; [CPU_ALU] |925| 
         00000142 3108 
     637 00000143 18A9          AND       AL,#0xffef            ; [CPU_ALU] |925| 
         00000144 FFEF 
     638 00000145 F4A9          MOV       *(0:0x3108),AL        ; [CPU_ALU] |925| 
         00000146 3108 
     639                      .dwpsn  file "D:/15_Delta/14. ANPC Converter/ANPC_3Layer/TMS320F280049C/device/driverlib/clb.h",line 
     640 00000147 F5A9          MOV       AL,*(0:0x3106)        ; [CPU_ALU] |853| 
         00000148 3106 
     641 00000149 CCA9          AND       AL,AL,#0xffdf         ; [CPU_ALU] |853| 
         0000014a FFDF 
     642 0000014b 5010          ORB       AL,#0x10              ; [CPU_ALU] |853| 
     643 0000014c F4A9          MOV       *(0:0x3106),AL        ; [CPU_ALU] |853| 
         0000014d 3106 
     644 0000014e F5A9          MOV       AL,*(0:0x3106)        ; [CPU_ALU] |853| 
         0000014f 3106 
     645 00000150 CCA9          AND       AL,AL,#0xff7f         ; [CPU_ALU] |853| 
         00000151 FF7F 
     646 00000152 5040          ORB       AL,#0x40              ; [CPU_ALU] |853| 
     647 00000153 F4A9          MOV       *(0:0x3106),AL        ; [CPU_ALU] |853| 
         00000154 3106 
     648                      .dwpsn  file "D:/15_Delta/14. ANPC Converter/ANPC_3Layer/TMS320F280049C/device/driverlib/clb.h",line 
     649 00000155 BFA9          MOV32     ACC,*(0:0x3112)       ; [CPU_FPU] |1122| 
         00000156 3112 
     650 00000157 5001          ORB       AL,#0x01              ; [CPU_ALU] |1122| 
     651 00000158 BDA9          MOV32     *(0:0x3112),ACC       ; [CPU_FPU] |1122| 
         00000159 3112 
     652 0000015a BFA9          MOV32     ACC,*(0:0x3112)       ; [CPU_FPU] |1122| 
         0000015b 3112 
     653 0000015c 5004          ORB       AL,#0x04              ; [CPU_ALU] |1122| 
     654 0000015d BDA9          MOV32     *(0:0x3112),ACC       ; [CPU_FPU] |1122| 
         0000015e 3112 
     655                      .dwpsn  file "D:/15_Delta/14. ANPC Converter/ANPC_3Layer/TMS320F280049C/device/driverlib/clb.h",line 
     656 0000015f BFA9          MOV32     ACC,*(0:0x350a)       ; [CPU_FPU] |1017| 
         00000160 350A 
     657 00000161 18A9          AND       AL,#65504             ; [CPU_ALU] |1017| 
         00000162 FFE0 
     658 00000163 BDA9          MOV32     *(0:0x350a),ACC       ; [CPU_FPU] |1017| 
         00000164 350A 
     659 00000165 BFA9          MOV32     ACC,*(0:0x350a)       ; [CPU_FPU] |1017| 
         00000166 350A 
     660 00000167 18A9          AND       AL,#64543             ; [CPU_ALU] |1017| 
         00000168 FC1F 
     661 00000169 BDA9          MOV32     *(0:0x350a),ACC       ; [CPU_FPU] |1017| 
         0000016a 350A 
     662 0000016b BFA9          MOV32     ACC,*(0:0x350a)       ; [CPU_FPU] |1017| 
         0000016c 350A 
     663 0000016d 18A9          AND       AL,#33791             ; [CPU_ALU] |1017| 
         0000016e 83FF 
     664 0000016f BDA9          MOV32     *(0:0x350a),ACC       ; [CPU_FPU] |1017| 
         00000170 350A 
     665 00000171 BFA9          MOV32     ACC,*(0:0x350a)       ; [CPU_FPU] |1017| 
         00000172 350A 
TMS320C2000 Assembler PC v22.6.0 Mon Apr 21 09:03:30 2025

Copyright (c) 1996-2018 Texas Instruments Incorporated
hal_clb_TMS320F280049C.asm                                           PAGE   15

     666 00000173 18A9          AND       AL,#32767             ; [CPU_ALU] |1017| 
         00000174 7FFF 
     667 00000175 18A8          AND       AH,#65520             ; [CPU_ALU] |1017| 
         00000176 FFF0 
     668 00000177 BDA9          MOV32     *(0:0x350a),ACC       ; [CPU_FPU] |1017| 
         00000178 350A 
     669                      .dwpsn  file "D:/15_Delta/14. ANPC Converter/ANPC_3Layer/TMS320F280049C/device/driverlib/clb.h",line 
     670 00000179 BFA9          MOV32     ACC,*(0:0x350c)       ; [CPU_FPU] |1028| 
         0000017a 350C 
     671 0000017b 18A9          AND       AL,#65504             ; [CPU_ALU] |1028| 
         0000017c FFE0 
     672 0000017d BDA9          MOV32     *(0:0x350c),ACC       ; [CPU_FPU] |1028| 
         0000017e 350C 
     673                      .dwpsn  file "D:/15_Delta/14. ANPC Converter/ANPC_3Layer/TMS320F280049C/device/driverlib/clb.h",line 
     674 0000017f BFA9          MOV32     ACC,*(0:0x3514)       ; [CPU_FPU] |1072| 
         00000180 3514 
     675 00000181 18A9          AND       AL,#65408             ; [CPU_ALU] |1072| 
         00000182 FF80 
     676 00000183 5010          ORB       AL,#0x10              ; [CPU_ALU] |1072| 
     677 00000184 BDA9          MOV32     *(0:0x3514),ACC       ; [CPU_FPU] |1072| 
         00000185 3514 
     678 00000186 BFA9          MOV32     ACC,*(0:0x3514)       ; [CPU_FPU] |1072| 
         00000187 3514 
     679 00000188 18A9          AND       AL,#49279             ; [CPU_ALU] |1072| 
         00000189 C07F 
     680 0000018a 1AA9          OR        AL,#2304              ; [CPU_ALU] |1072| 
         0000018b 0900 
     681 0000018c BDA9          MOV32     *(0:0x3514),ACC       ; [CPU_FPU] |1072| 
         0000018d 3514 
     682 0000018e BFA9          MOV32     ACC,*(0:0x3514)       ; [CPU_FPU] |1072| 
         0000018f 3514 
     683 00000190 18A8          AND       AH,#65504             ; [CPU_ALU] |1072| 
         00000191 FFE0 
     684 00000192 18A9          AND       AL,#16383             ; [CPU_ALU] |1072| 
         00000193 3FFF 
     685 00000194 5104          OR        AH,#4                 ; [CPU_ALU] |1072| 
     686 00000195 BDA9          MOV32     *(0:0x3514),ACC       ; [CPU_FPU] |1072| 
         00000196 3514 
     687 00000197 BFA9          MOV32     ACC,*(0:0x3514)       ; [CPU_FPU] |1072| 
         00000198 3514 
     688 00000199 18A8          AND       AH,#61471             ; [CPU_ALU] |1072| 
         0000019a F01F 
     689 0000019b 1AA8          OR        AH,#576               ; [CPU_ALU] |1072| 
         0000019c 0240 
     690 0000019d BDA9          MOV32     *(0:0x3514),ACC       ; [CPU_FPU] |1072| 
         0000019e 3514 
     691                      .dwpsn  file "D:/15_Delta/14. ANPC Converter/ANPC_3Layer/TMS320F280049C/device/driverlib/clb.h",line 
     692 0000019f BFA9          MOV32     ACC,*(0:0x3516)       ; [CPU_FPU] |1080| 
         000001a0 3516 
     693 000001a1 18A9          AND       AL,#65472             ; [CPU_ALU] |1080| 
         000001a2 FFC0 
     694 000001a3 5040          ORB       AL,#0x40              ; [CPU_ALU] |1080| 
     695 000001a4 BDA9          MOV32     *(0:0x3516),ACC       ; [CPU_FPU] |1080| 
         000001a5 3516 
     696                      .dwpsn  file "D:\15_Delta\14. ANPC Converter\ANPC_3Layer\TMS320F280049C\device\driverlib\xbar.h",line
TMS320C2000 Assembler PC v22.6.0 Mon Apr 21 09:03:30 2025

Copyright (c) 1996-2018 Texas Instruments Incorporated
hal_clb_TMS320F280049C.asm                                           PAGE   16

     697 000001a6 7622          EALLOW    ; [CPU_ALU] |969| 
     698                      .dwpsn  file "D:\15_Delta\14. ANPC Converter\ANPC_3Layer\TMS320F280049C\device\driverlib\xbar.h",line
     699 000001a7 9A0C          MOVB      AL,#12                ; [CPU_ALU] |971| 
     700 000001a8 F4A9          MOV       *(0:0x7903),AL        ; [CPU_ALU] |971| 
         000001a9 7903 
     701                      .dwpsn  file "D:\15_Delta\14. ANPC Converter\ANPC_3Layer\TMS320F280049C\device\driverlib\xbar.h",line
     702 000001aa 761A          EDIS      ; [CPU_ALU] |973| 
     703                      .dwpsn  file "../hal/hal_clb_TMS320F280049C.c",line 215,column 5,is_stmt,isa 0
     704 000001ab 9A00          MOVB      AL,#0                 ; [CPU_ALU] |215| 
     705 000001ac 28A8          MOV       AH,#3585              ; [CPU_ALU] |215| 
         000001ad 0E01 
     706              $C$DW$26        .dwtag  DW_TAG_TI_branch
     707                      .dwattr $C$DW$26, DW_AT_low_pc(0x00)
     708                      .dwattr $C$DW$26, DW_AT_name("XBAR_setCLBMuxConfig")
     709                      .dwattr $C$DW$26, DW_AT_TI_call
     710              
     711 000001ae 7640!         LCR       #||XBAR_setCLBMuxConfig|| ; [CPU_ALU] |215| 
         000001af 0000 
     712                      ; call occurs [#||XBAR_setCLBMuxConfig||] ; [] |215| 
     713                      .dwpsn  file "D:\15_Delta\14. ANPC Converter\ANPC_3Layer\TMS320F280049C\device\driverlib\xbar.h",line
     714 000001b0 7622          EALLOW    ; [CPU_ALU] |1073| 
     715                      .dwpsn  file "D:\15_Delta\14. ANPC Converter\ANPC_3Layer\TMS320F280049C\device\driverlib\xbar.h",line
     716 000001b1 BFA9          MOV32     ACC,*(0:0x7a60)       ; [CPU_FPU] |1075| 
         000001b2 7A60 
     717 000001b3 5080          ORB       AL,#0x80              ; [CPU_ALU] |1075| 
     718 000001b4 BDA9          MOV32     *(0:0x7a60),ACC       ; [CPU_FPU] |1075| 
         000001b5 7A60 
     719                      .dwpsn  file "D:\15_Delta\14. ANPC Converter\ANPC_3Layer\TMS320F280049C\device\driverlib\xbar.h",line
     720 000001b6 761A          EDIS      ; [CPU_ALU] |1077| 
     721                      .dwpsn  file "D:/15_Delta/14. ANPC Converter/ANPC_3Layer/TMS320F280049C/device/driverlib/clb.h",line 
     722 000001b7 F5A9          MOV       AL,*(0:0x3508)        ; [CPU_ALU] |925| 
         000001b8 3508 
     723 000001b9 18A9          AND       AL,#0xfffe            ; [CPU_ALU] |925| 
         000001ba FFFE 
     724 000001bb F4A9          MOV       *(0:0x3508),AL        ; [CPU_ALU] |925| 
         000001bc 3508 
     725 000001bd F5A9          MOV       AL,*(0:0x3508)        ; [CPU_ALU] |925| 
         000001be 3508 
     726 000001bf 18A9          AND       AL,#0xfffd            ; [CPU_ALU] |925| 
         000001c0 FFFD 
     727 000001c1 F4A9          MOV       *(0:0x3508),AL        ; [CPU_ALU] |925| 
         000001c2 3508 
     728 000001c3 F5A9          MOV       AL,*(0:0x3508)        ; [CPU_ALU] |925| 
         000001c4 3508 
     729 000001c5 18A9          AND       AL,#0xfffb            ; [CPU_ALU] |925| 
         000001c6 FFFB 
     730 000001c7 F4A9          MOV       *(0:0x3508),AL        ; [CPU_ALU] |925| 
         000001c8 3508 
     731 000001c9 F5A9          MOV       AL,*(0:0x3508)        ; [CPU_ALU] |925| 
         000001ca 3508 
     732 000001cb 18A9          AND       AL,#0xfff7            ; [CPU_ALU] |925| 
         000001cc FFF7 
     733 000001cd F4A9          MOV       *(0:0x3508),AL        ; [CPU_ALU] |925| 
         000001ce 3508 
     734 000001cf F5A9          MOV       AL,*(0:0x3508)        ; [CPU_ALU] |925| 
TMS320C2000 Assembler PC v22.6.0 Mon Apr 21 09:03:30 2025

Copyright (c) 1996-2018 Texas Instruments Incorporated
hal_clb_TMS320F280049C.asm                                           PAGE   17

         000001d0 3508 
     735 000001d1 18A9          AND       AL,#0xffef            ; [CPU_ALU] |925| 
         000001d2 FFEF 
     736 000001d3 F4A9          MOV       *(0:0x3508),AL        ; [CPU_ALU] |925| 
         000001d4 3508 
     737                      .dwpsn  file "D:/15_Delta/14. ANPC Converter/ANPC_3Layer/TMS320F280049C/device/driverlib/clb.h",line 
     738 000001d5 F5A9          MOV       AL,*(0:0x3506)        ; [CPU_ALU] |853| 
         000001d6 3506 
     739 000001d7 CCA9          AND       AL,AL,#0xffdf         ; [CPU_ALU] |853| 
         000001d8 FFDF 
     740 000001d9 5010          ORB       AL,#0x10              ; [CPU_ALU] |853| 
     741 000001da F4A9          MOV       *(0:0x3506),AL        ; [CPU_ALU] |853| 
         000001db 3506 
     742 000001dc F5A9          MOV       AL,*(0:0x3506)        ; [CPU_ALU] |853| 
         000001dd 3506 
     743 000001de CCA9          AND       AL,AL,#0xff7f         ; [CPU_ALU] |853| 
         000001df FF7F 
     744 000001e0 5040          ORB       AL,#0x40              ; [CPU_ALU] |853| 
     745 000001e1 F4A9          MOV       *(0:0x3506),AL        ; [CPU_ALU] |853| 
         000001e2 3506 
     746                      .dwpsn  file "D:/15_Delta/14. ANPC Converter/ANPC_3Layer/TMS320F280049C/device/driverlib/clb.h",line 
     747 000001e3 BFA9          MOV32     ACC,*(0:0x3512)       ; [CPU_FPU] |1122| 
         000001e4 3512 
     748 000001e5 5001          ORB       AL,#0x01              ; [CPU_ALU] |1122| 
     749 000001e6 BDA9          MOV32     *(0:0x3512),ACC       ; [CPU_FPU] |1122| 
         000001e7 3512 
     750 000001e8 BFA9          MOV32     ACC,*(0:0x3512)       ; [CPU_FPU] |1122| 
         000001e9 3512 
     751 000001ea 5004          ORB       AL,#0x04              ; [CPU_ALU] |1122| 
     752 000001eb BDA9          MOV32     *(0:0x3512),ACC       ; [CPU_FPU] |1122| 
         000001ec 3512 
     753                      .dwpsn  file "D:/15_Delta/14. ANPC Converter/ANPC_3Layer/TMS320F280049C/device/driverlib/clb.h",line 
     754 000001ed BFA9          MOV32     ACC,*(0:0x390a)       ; [CPU_FPU] |1017| 
         000001ee 390A 
     755 000001ef 18A9          AND       AL,#65504             ; [CPU_ALU] |1017| 
         000001f0 FFE0 
     756 000001f1 BDA9          MOV32     *(0:0x390a),ACC       ; [CPU_FPU] |1017| 
         000001f2 390A 
     757 000001f3 BFA9          MOV32     ACC,*(0:0x390a)       ; [CPU_FPU] |1017| 
         000001f4 390A 
     758 000001f5 18A9          AND       AL,#64543             ; [CPU_ALU] |1017| 
         000001f6 FC1F 
     759 000001f7 BDA9          MOV32     *(0:0x390a),ACC       ; [CPU_FPU] |1017| 
         000001f8 390A 
     760 000001f9 BFA9          MOV32     ACC,*(0:0x390a)       ; [CPU_FPU] |1017| 
         000001fa 390A 
     761 000001fb 18A9          AND       AL,#33791             ; [CPU_ALU] |1017| 
         000001fc 83FF 
     762 000001fd BDA9          MOV32     *(0:0x390a),ACC       ; [CPU_FPU] |1017| 
         000001fe 390A 
     763 000001ff BFA9          MOV32     ACC,*(0:0x390a)       ; [CPU_FPU] |1017| 
         00000200 390A 
     764 00000201 18A9          AND       AL,#32767             ; [CPU_ALU] |1017| 
         00000202 7FFF 
     765 00000203 18A8          AND       AH,#65520             ; [CPU_ALU] |1017| 
TMS320C2000 Assembler PC v22.6.0 Mon Apr 21 09:03:30 2025

Copyright (c) 1996-2018 Texas Instruments Incorporated
hal_clb_TMS320F280049C.asm                                           PAGE   18

         00000204 FFF0 
     766 00000205 BDA9          MOV32     *(0:0x390a),ACC       ; [CPU_FPU] |1017| 
         00000206 390A 
     767                      .dwpsn  file "D:/15_Delta/14. ANPC Converter/ANPC_3Layer/TMS320F280049C/device/driverlib/clb.h",line 
     768 00000207 BFA9          MOV32     ACC,*(0:0x390c)       ; [CPU_FPU] |1028| 
         00000208 390C 
     769 00000209 18A9          AND       AL,#65504             ; [CPU_ALU] |1028| 
         0000020a FFE0 
     770 0000020b BDA9          MOV32     *(0:0x390c),ACC       ; [CPU_FPU] |1028| 
         0000020c 390C 
     771                      .dwpsn  file "D:/15_Delta/14. ANPC Converter/ANPC_3Layer/TMS320F280049C/device/driverlib/clb.h",line 
     772 0000020d BFA9          MOV32     ACC,*(0:0x3914)       ; [CPU_FPU] |1072| 
         0000020e 3914 
     773 0000020f 18A9          AND       AL,#65408             ; [CPU_ALU] |1072| 
         00000210 FF80 
     774 00000211 5020          ORB       AL,#0x20              ; [CPU_ALU] |1072| 
     775 00000212 BDA9          MOV32     *(0:0x3914),ACC       ; [CPU_FPU] |1072| 
         00000213 3914 
     776 00000214 BFA9          MOV32     ACC,*(0:0x3914)       ; [CPU_FPU] |1072| 
         00000215 3914 
     777 00000216 18A9          AND       AL,#49279             ; [CPU_ALU] |1072| 
         00000217 C07F 
     778 00000218 1AA9          OR        AL,#4352              ; [CPU_ALU] |1072| 
         00000219 1100 
     779 0000021a BDA9          MOV32     *(0:0x3914),ACC       ; [CPU_FPU] |1072| 
         0000021b 3914 
     780 0000021c BFA9          MOV32     ACC,*(0:0x3914)       ; [CPU_FPU] |1072| 
         0000021d 3914 
     781 0000021e 18A8          AND       AH,#65504             ; [CPU_ALU] |1072| 
         0000021f FFE0 
     782 00000220 18A9          AND       AL,#16383             ; [CPU_ALU] |1072| 
         00000221 3FFF 
     783 00000222 5108          OR        AH,#8                 ; [CPU_ALU] |1072| 
     784 00000223 BDA9          MOV32     *(0:0x3914),ACC       ; [CPU_FPU] |1072| 
         00000224 3914 
     785 00000225 BFA9          MOV32     ACC,*(0:0x3914)       ; [CPU_FPU] |1072| 
         00000226 3914 
     786 00000227 18A8          AND       AH,#61471             ; [CPU_ALU] |1072| 
         00000228 F01F 
     787 00000229 1AA8          OR        AH,#1088              ; [CPU_ALU] |1072| 
         0000022a 0440 
     788 0000022b BDA9          MOV32     *(0:0x3914),ACC       ; [CPU_FPU] |1072| 
         0000022c 3914 
     789                      .dwpsn  file "D:/15_Delta/14. ANPC Converter/ANPC_3Layer/TMS320F280049C/device/driverlib/clb.h",line 
     790 0000022d BFA9          MOV32     ACC,*(0:0x3916)       ; [CPU_FPU] |1080| 
         0000022e 3916 
     791 0000022f 18A9          AND       AL,#65472             ; [CPU_ALU] |1080| 
         00000230 FFC0 
     792 00000231 5041          ORB       AL,#0x41              ; [CPU_ALU] |1080| 
     793 00000232 BDA9          MOV32     *(0:0x3916),ACC       ; [CPU_FPU] |1080| 
         00000233 3916 
     794                      .dwpsn  file "D:\15_Delta\14. ANPC Converter\ANPC_3Layer\TMS320F280049C\device\driverlib\xbar.h",line
     795 00000234 7622          EALLOW    ; [CPU_ALU] |969| 
     796                      .dwpsn  file "D:\15_Delta\14. ANPC Converter\ANPC_3Layer\TMS320F280049C\device\driverlib\xbar.h",line
     797 00000235 9A0E          MOVB      AL,#14                ; [CPU_ALU] |971| 
TMS320C2000 Assembler PC v22.6.0 Mon Apr 21 09:03:30 2025

Copyright (c) 1996-2018 Texas Instruments Incorporated
hal_clb_TMS320F280049C.asm                                           PAGE   19

     798 00000236 F4A9          MOV       *(0:0x7904),AL        ; [CPU_ALU] |971| 
         00000237 7904 
     799                      .dwpsn  file "D:\15_Delta\14. ANPC Converter\ANPC_3Layer\TMS320F280049C\device\driverlib\xbar.h",line
     800 00000238 761A          EDIS      ; [CPU_ALU] |973| 
     801                      .dwpsn  file "../hal/hal_clb_TMS320F280049C.c",line 282,column 5,is_stmt,isa 0
     802 00000239 9A02          MOVB      AL,#2                 ; [CPU_ALU] |282| 
     803 0000023a 28A8          MOV       AH,#4609              ; [CPU_ALU] |282| 
         0000023b 1201 
     804              $C$DW$27        .dwtag  DW_TAG_TI_branch
     805                      .dwattr $C$DW$27, DW_AT_low_pc(0x00)
     806                      .dwattr $C$DW$27, DW_AT_name("XBAR_setCLBMuxConfig")
     807                      .dwattr $C$DW$27, DW_AT_TI_call
     808              
     809 0000023c 7640!         LCR       #||XBAR_setCLBMuxConfig|| ; [CPU_ALU] |282| 
         0000023d 0000 
     810                      ; call occurs [#||XBAR_setCLBMuxConfig||] ; [] |282| 
     811                      .dwpsn  file "D:\15_Delta\14. ANPC Converter\ANPC_3Layer\TMS320F280049C\device\driverlib\xbar.h",line
     812 0000023e 7622          EALLOW    ; [CPU_ALU] |1073| 
     813                      .dwpsn  file "D:\15_Delta\14. ANPC Converter\ANPC_3Layer\TMS320F280049C\device\driverlib\xbar.h",line
     814 0000023f BFA9          MOV32     ACC,*(0:0x7a62)       ; [CPU_FPU] |1075| 
         00000240 7A62 
     815 00000241 1AA9          OR        AL,#512               ; [CPU_ALU] |1075| 
         00000242 0200 
     816 00000243 BDA9          MOV32     *(0:0x7a62),ACC       ; [CPU_FPU] |1075| 
         00000244 7A62 
     817                      .dwpsn  file "D:\15_Delta\14. ANPC Converter\ANPC_3Layer\TMS320F280049C\device\driverlib\xbar.h",line
     818 00000245 761A          EDIS      ; [CPU_ALU] |1077| 
     819                      .dwpsn  file "D:/15_Delta/14. ANPC Converter/ANPC_3Layer/TMS320F280049C/device/driverlib/clb.h",line 
     820 00000246 F5A9          MOV       AL,*(0:0x3908)        ; [CPU_ALU] |925| 
         00000247 3908 
     821 00000248 18A9          AND       AL,#0xfffe            ; [CPU_ALU] |925| 
         00000249 FFFE 
     822 0000024a F4A9          MOV       *(0:0x3908),AL        ; [CPU_ALU] |925| 
         0000024b 3908 
     823 0000024c F5A9          MOV       AL,*(0:0x3908)        ; [CPU_ALU] |925| 
         0000024d 3908 
     824 0000024e 18A9          AND       AL,#0xfffd            ; [CPU_ALU] |925| 
         0000024f FFFD 
     825 00000250 F4A9          MOV       *(0:0x3908),AL        ; [CPU_ALU] |925| 
         00000251 3908 
     826 00000252 F5A9          MOV       AL,*(0:0x3908)        ; [CPU_ALU] |925| 
         00000253 3908 
     827 00000254 18A9          AND       AL,#0xfffb            ; [CPU_ALU] |925| 
         00000255 FFFB 
     828 00000256 F4A9          MOV       *(0:0x3908),AL        ; [CPU_ALU] |925| 
         00000257 3908 
     829 00000258 F5A9          MOV       AL,*(0:0x3908)        ; [CPU_ALU] |925| 
         00000259 3908 
     830 0000025a 18A9          AND       AL,#0xfff7            ; [CPU_ALU] |925| 
         0000025b FFF7 
     831 0000025c F4A9          MOV       *(0:0x3908),AL        ; [CPU_ALU] |925| 
         0000025d 3908 
     832 0000025e F5A9          MOV       AL,*(0:0x3908)        ; [CPU_ALU] |925| 
         0000025f 3908 
     833 00000260 18A9          AND       AL,#0xffef            ; [CPU_ALU] |925| 
TMS320C2000 Assembler PC v22.6.0 Mon Apr 21 09:03:30 2025

Copyright (c) 1996-2018 Texas Instruments Incorporated
hal_clb_TMS320F280049C.asm                                           PAGE   20

         00000261 FFEF 
     834 00000262 F4A9          MOV       *(0:0x3908),AL        ; [CPU_ALU] |925| 
         00000263 3908 
     835                      .dwpsn  file "D:/15_Delta/14. ANPC Converter/ANPC_3Layer/TMS320F280049C/device/driverlib/clb.h",line 
     836 00000264 F5A9          MOV       AL,*(0:0x3906)        ; [CPU_ALU] |853| 
         00000265 3906 
     837 00000266 CCA9          AND       AL,AL,#0xffdf         ; [CPU_ALU] |853| 
         00000267 FFDF 
     838 00000268 5010          ORB       AL,#0x10              ; [CPU_ALU] |853| 
     839 00000269 F4A9          MOV       *(0:0x3906),AL        ; [CPU_ALU] |853| 
         0000026a 3906 
     840 0000026b F5A9          MOV       AL,*(0:0x3906)        ; [CPU_ALU] |853| 
         0000026c 3906 
     841 0000026d CCA9          AND       AL,AL,#0xff7f         ; [CPU_ALU] |853| 
         0000026e FF7F 
     842 0000026f 5040          ORB       AL,#0x40              ; [CPU_ALU] |853| 
     843 00000270 F4A9          MOV       *(0:0x3906),AL        ; [CPU_ALU] |853| 
         00000271 3906 
     844                      .dwpsn  file "D:/15_Delta/14. ANPC Converter/ANPC_3Layer/TMS320F280049C/device/driverlib/clb.h",line 
     845 00000272 BFA9          MOV32     ACC,*(0:0x3912)       ; [CPU_FPU] |1122| 
         00000273 3912 
     846 00000274 5001          ORB       AL,#0x01              ; [CPU_ALU] |1122| 
     847 00000275 BDA9          MOV32     *(0:0x3912),ACC       ; [CPU_FPU] |1122| 
         00000276 3912 
     848 00000277 BFA9          MOV32     ACC,*(0:0x3912)       ; [CPU_FPU] |1122| 
         00000278 3912 
     849 00000279 5004          ORB       AL,#0x04              ; [CPU_ALU] |1122| 
     850 0000027a BDA9          MOV32     *(0:0x3912),ACC       ; [CPU_FPU] |1122| 
         0000027b 3912 
     851              $C$DW$28        .dwtag  DW_TAG_TI_branch
     852                      .dwattr $C$DW$28, DW_AT_low_pc(0x00)
     853                      .dwattr $C$DW$28, DW_AT_TI_return
     854              
     855 0000027c 0006          LRETR     ; [CPU_ALU] 
     856                      ; return occurs ; [] 
     857                      .dwattr $C$DW$22, DW_AT_TI_end_file("../hal/hal_clb_TMS320F280049C.c")
     858                      .dwattr $C$DW$22, DW_AT_TI_end_line(0x132)
     859                      .dwattr $C$DW$22, DW_AT_TI_end_column(0x01)
     860                      .dwendentry
     861                      .dwendtag $C$DW$22
     862              
     863 00000000               .sect   ".text:__signbitl"
     864                      .clink
     865                      .global ||__signbitl||
     866              
     867              $C$DW$29        .dwtag  DW_TAG_subprogram
     868                      .dwattr $C$DW$29, DW_AT_name("__signbitl")
     869                      .dwattr $C$DW$29, DW_AT_low_pc(||__signbitl||)
     870                      .dwattr $C$DW$29, DW_AT_high_pc(0x00)
     871                      .dwattr $C$DW$29, DW_AT_linkage_name("__signbitl")
     872                      .dwattr $C$DW$29, DW_AT_external
     873                      .dwattr $C$DW$29, DW_AT_type(*$C$DW$T$10)
     874                      .dwattr $C$DW$29, DW_AT_decl_file("C:/ti/ccs1210/ccs/tools/compiler/ti-cgt-c2000_22.6.0.LTS/include/_
     875                      .dwattr $C$DW$29, DW_AT_decl_line(0x16f)
     876                      .dwattr $C$DW$29, DW_AT_decl_column(0x18)
TMS320C2000 Assembler PC v22.6.0 Mon Apr 21 09:03:30 2025

Copyright (c) 1996-2018 Texas Instruments Incorporated
hal_clb_TMS320F280049C.asm                                           PAGE   21

     877                      .dwattr $C$DW$29, DW_AT_TI_max_frame_size(-6)
     878                      .dwpsn  file "C:/ti/ccs1210/ccs/tools/compiler/ti-cgt-c2000_22.6.0.LTS/include/_defs.h",line 368,colu
     879              
     880                      .dwfde $C$DW$CIE, ||__signbitl||
     881              $C$DW$30        .dwtag  DW_TAG_formal_parameter
     882                      .dwattr $C$DW$30, DW_AT_name("e")
     883                      .dwattr $C$DW$30, DW_AT_type(*$C$DW$T$81)
     884                      .dwattr $C$DW$30, DW_AT_location[DW_OP_reg12]
     885              
     886              
     887              ;***************************************************************
     888              ;* FNAME: __signbitl                    FR SIZE:   4           *
     889              ;*                                                             *
     890              ;* FUNCTION ENVIRONMENT                                        *
     891              ;*                                                             *
     892              ;* FUNCTION PROPERTIES                                         *
     893              ;*                            4 Parameter,  0 Auto,  0 SOE     *
     894              ;***************************************************************
     895              
     896              ||__signbitl||:
     897              ;* AR4   assigned to e
     898              $C$DW$31        .dwtag  DW_TAG_variable
     899                      .dwattr $C$DW$31, DW_AT_name("e")
     900                      .dwattr $C$DW$31, DW_AT_type(*$C$DW$T$82)
     901                      .dwattr $C$DW$31, DW_AT_location[DW_OP_reg12]
     902              
     903                      .dwcfi  cfa_offset, -2
     904                      .dwcfi  save_reg_to_mem, 26, 0
     905 00000000 FE04          ADDB      SP,#4                 ; [CPU_ARAU] 
     906                      .dwcfi  cfa_offset, -6
     907                      .dwpsn  file "C:/ti/ccs1210/ccs/tools/compiler/ti-cgt-c2000_22.6.0.LTS/include/_defs.h",line 368,colu
     908 00000001 0200          MOVB      ACC,#0                ; [CPU_ALU] |368| 
     909 00000002 1E44          MOVL      *-SP[4],ACC           ; [CPU_ALU] |368| 
     910 00000003 2B42          MOV       *-SP[2],#0            ; [CPU_ALU] |368| 
     911 00000004 2B41          MOV       *-SP[1],#0            ; [CPU_ALU] |368| 
     912 00000005 A3C4          MOVL      P,*+XAR4[0]           ; [CPU_ALU] |368| 
     913 00000006 06D4          MOVL      ACC,*+XAR4[2]         ; [CPU_ALU] |368| 
     914 00000007 18AB          AND       PL,#0                 ; [CPU_ALU] |368| 
         00000008 0000 
     915 00000009 18AA          AND       PH,#0                 ; [CPU_ALU] |368| 
         0000000a 0000 
     916 0000000b 9000          ANDB      AL,#0                 ; [CPU_ALU] |368| 
     917 0000000c 18A8          AND       AH,#32768             ; [CPU_ALU] |368| 
         0000000d 8000 
     918              $C$DW$32        .dwtag  DW_TAG_TI_branch
     919                      .dwattr $C$DW$32, DW_AT_low_pc(0x00)
     920                      .dwattr $C$DW$32, DW_AT_name("__c28xabi_cmpull")
     921                      .dwattr $C$DW$32, DW_AT_TI_call
     922              
     923 0000000e 7640!         LCR       #||__c28xabi_cmpull|| ; [CPU_ALU] |368| 
         0000000f 0000 
     924                      ; call occurs [#||__c28xabi_cmpull||] ; [] |368| 
     925 00000010 9B00          MOVB      AH,#0                 ; [CPU_ALU] |368| 
     926 00000011 5200          CMPB      AL,#0                 ; [CPU_ALU] |368| 
     927 00000012 56B0          MOVB      AH,#1,NEQ             ; [CPU_ALU] |368| 
TMS320C2000 Assembler PC v22.6.0 Mon Apr 21 09:03:30 2025

Copyright (c) 1996-2018 Texas Instruments Incorporated
hal_clb_TMS320F280049C.asm                                           PAGE   22

         00000013 01A8 
     928 00000014 92A8          MOV       AL,AH                 ; [CPU_ALU] |368| 
     929 00000015 FE84          SUBB      SP,#4                 ; [CPU_ARAU] 
     930                      .dwcfi  cfa_offset, -2
     931              $C$DW$33        .dwtag  DW_TAG_TI_branch
     932                      .dwattr $C$DW$33, DW_AT_low_pc(0x00)
     933                      .dwattr $C$DW$33, DW_AT_TI_return
     934              
     935 00000016 0006          LRETR     ; [CPU_ALU] 
     936                      ; return occurs ; [] 
     937                      .dwattr $C$DW$29, DW_AT_TI_end_file("C:/ti/ccs1210/ccs/tools/compiler/ti-cgt-c2000_22.6.0.LTS/include
     938                      .dwattr $C$DW$29, DW_AT_TI_end_line(0x170)
     939                      .dwattr $C$DW$29, DW_AT_TI_end_column(0x2b)
     940                      .dwendentry
     941                      .dwendtag $C$DW$29
     942              
     943 00000000               .sect   ".text:__signbitf"
     944                      .clink
     945                      .global ||__signbitf||
     946              
     947              $C$DW$34        .dwtag  DW_TAG_subprogram
     948                      .dwattr $C$DW$34, DW_AT_name("__signbitf")
     949                      .dwattr $C$DW$34, DW_AT_low_pc(||__signbitf||)
     950                      .dwattr $C$DW$34, DW_AT_high_pc(0x00)
     951                      .dwattr $C$DW$34, DW_AT_linkage_name("__signbitf")
     952                      .dwattr $C$DW$34, DW_AT_external
     953                      .dwattr $C$DW$34, DW_AT_type(*$C$DW$T$10)
     954                      .dwattr $C$DW$34, DW_AT_decl_file("C:/ti/ccs1210/ccs/tools/compiler/ti-cgt-c2000_22.6.0.LTS/include/_
     955                      .dwattr $C$DW$34, DW_AT_decl_line(0x16d)
     956                      .dwattr $C$DW$34, DW_AT_decl_column(0x18)
     957                      .dwattr $C$DW$34, DW_AT_TI_max_frame_size(-2)
     958                      .dwpsn  file "C:/ti/ccs1210/ccs/tools/compiler/ti-cgt-c2000_22.6.0.LTS/include/_defs.h",line 366,colu
     959              
     960                      .dwfde $C$DW$CIE, ||__signbitf||
     961              $C$DW$35        .dwtag  DW_TAG_formal_parameter
     962                      .dwattr $C$DW$35, DW_AT_name("f")
     963                      .dwattr $C$DW$35, DW_AT_type(*$C$DW$T$16)
     964                      .dwattr $C$DW$35, DW_AT_location[DW_OP_regx 0x2b]
     965              
     966              
     967              ;***************************************************************
     968              ;* FNAME: __signbitf                    FR SIZE:   0           *
     969              ;*                                                             *
     970              ;* FUNCTION ENVIRONMENT                                        *
     971              ;*                                                             *
     972              ;* FUNCTION PROPERTIES                                         *
     973              ;*                            0 Parameter,  0 Auto,  0 SOE     *
     974              ;***************************************************************
     975              
     976              ||__signbitf||:
     977              ;* R0    assigned to f
     978              $C$DW$36        .dwtag  DW_TAG_variable
     979                      .dwattr $C$DW$36, DW_AT_name("f")
     980                      .dwattr $C$DW$36, DW_AT_type(*$C$DW$T$78)
     981                      .dwattr $C$DW$36, DW_AT_location[DW_OP_regx 0x2b]
TMS320C2000 Assembler PC v22.6.0 Mon Apr 21 09:03:30 2025

Copyright (c) 1996-2018 Texas Instruments Incorporated
hal_clb_TMS320F280049C.asm                                           PAGE   23

     982              
     983                      .dwcfi  cfa_offset, -2
     984                      .dwcfi  save_reg_to_mem, 26, 0
     985                      .dwpsn  file "C:/ti/ccs1210/ccs/tools/compiler/ti-cgt-c2000_22.6.0.LTS/include/_defs.h",line 366,colu
     986 00000000 BFA9          MOV32     ACC,R0H               ; [CPU_FPU] |366| 
         00000001 0F12 
     987 00000002 BE00          MOVB      XAR6,#0               ; [CPU_ALU] |366| 
     988 00000003 9000          ANDB      AL,#0                 ; [CPU_ALU] |366| 
     989 00000004 18A8          AND       AH,#32768             ; [CPU_ALU] |366| 
         00000005 8000 
     990 00000006 FF58          TEST      ACC                   ; [CPU_ALU] |366| 
     991 00000007 56B0          MOVB      XAR6,#1,NEQ           ; [CPU_ALU] |366| 
         00000008 01A6 
     992 00000009 92A6          MOV       AL,AR6                ; [CPU_ALU] |366| 
     993              $C$DW$37        .dwtag  DW_TAG_TI_branch
     994                      .dwattr $C$DW$37, DW_AT_low_pc(0x00)
     995                      .dwattr $C$DW$37, DW_AT_TI_return
     996              
     997 0000000a 0006          LRETR     ; [CPU_ALU] 
     998                      ; return occurs ; [] 
     999                      .dwattr $C$DW$34, DW_AT_TI_end_file("C:/ti/ccs1210/ccs/tools/compiler/ti-cgt-c2000_22.6.0.LTS/include
    1000                      .dwattr $C$DW$34, DW_AT_TI_end_line(0x16e)
    1001                      .dwattr $C$DW$34, DW_AT_TI_end_column(0x29)
    1002                      .dwendentry
    1003                      .dwendtag $C$DW$34
    1004              
    1005 00000000               .sect   ".text:__signbit"
    1006                      .clink
    1007                      .global ||__signbit||
    1008              
    1009              $C$DW$38        .dwtag  DW_TAG_subprogram
    1010                      .dwattr $C$DW$38, DW_AT_name("__signbit")
    1011                      .dwattr $C$DW$38, DW_AT_low_pc(||__signbit||)
    1012                      .dwattr $C$DW$38, DW_AT_high_pc(0x00)
    1013                      .dwattr $C$DW$38, DW_AT_linkage_name("__signbit")
    1014                      .dwattr $C$DW$38, DW_AT_external
    1015                      .dwattr $C$DW$38, DW_AT_type(*$C$DW$T$10)
    1016                      .dwattr $C$DW$38, DW_AT_decl_file("C:/ti/ccs1210/ccs/tools/compiler/ti-cgt-c2000_22.6.0.LTS/include/_
    1017                      .dwattr $C$DW$38, DW_AT_decl_line(0x16b)
    1018                      .dwattr $C$DW$38, DW_AT_decl_column(0x18)
    1019                      .dwattr $C$DW$38, DW_AT_TI_max_frame_size(-6)
    1020                      .dwpsn  file "C:/ti/ccs1210/ccs/tools/compiler/ti-cgt-c2000_22.6.0.LTS/include/_defs.h",line 364,colu
    1021              
    1022                      .dwfde $C$DW$CIE, ||__signbit||
    1023              $C$DW$39        .dwtag  DW_TAG_formal_parameter
    1024                      .dwattr $C$DW$39, DW_AT_name("d")
    1025                      .dwattr $C$DW$39, DW_AT_type(*$C$DW$T$79)
    1026                      .dwattr $C$DW$39, DW_AT_location[DW_OP_reg12]
    1027              
    1028              
    1029              ;***************************************************************
    1030              ;* FNAME: __signbit                     FR SIZE:   4           *
    1031              ;*                                                             *
    1032              ;* FUNCTION ENVIRONMENT                                        *
    1033              ;*                                                             *
TMS320C2000 Assembler PC v22.6.0 Mon Apr 21 09:03:30 2025

Copyright (c) 1996-2018 Texas Instruments Incorporated
hal_clb_TMS320F280049C.asm                                           PAGE   24

    1034              ;* FUNCTION PROPERTIES                                         *
    1035              ;*                            4 Parameter,  0 Auto,  0 SOE     *
    1036              ;***************************************************************
    1037              
    1038              ||__signbit||:
    1039              ;* AR4   assigned to d
    1040              $C$DW$40        .dwtag  DW_TAG_variable
    1041                      .dwattr $C$DW$40, DW_AT_name("d")
    1042                      .dwattr $C$DW$40, DW_AT_type(*$C$DW$T$80)
    1043                      .dwattr $C$DW$40, DW_AT_location[DW_OP_reg12]
    1044              
    1045                      .dwcfi  cfa_offset, -2
    1046                      .dwcfi  save_reg_to_mem, 26, 0
    1047 00000000 FE04          ADDB      SP,#4                 ; [CPU_ARAU] 
    1048                      .dwcfi  cfa_offset, -6
    1049                      .dwpsn  file "C:/ti/ccs1210/ccs/tools/compiler/ti-cgt-c2000_22.6.0.LTS/include/_defs.h",line 364,colu
    1050 00000001 0200          MOVB      ACC,#0                ; [CPU_ALU] |364| 
    1051 00000002 1E44          MOVL      *-SP[4],ACC           ; [CPU_ALU] |364| 
    1052 00000003 2B42          MOV       *-SP[2],#0            ; [CPU_ALU] |364| 
    1053 00000004 2B41          MOV       *-SP[1],#0            ; [CPU_ALU] |364| 
    1054 00000005 A3C4          MOVL      P,*+XAR4[0]           ; [CPU_ALU] |364| 
    1055 00000006 06D4          MOVL      ACC,*+XAR4[2]         ; [CPU_ALU] |364| 
    1056 00000007 18AB          AND       PL,#0                 ; [CPU_ALU] |364| 
         00000008 0000 
    1057 00000009 18AA          AND       PH,#0                 ; [CPU_ALU] |364| 
         0000000a 0000 
    1058 0000000b 9000          ANDB      AL,#0                 ; [CPU_ALU] |364| 
    1059 0000000c 18A8          AND       AH,#32768             ; [CPU_ALU] |364| 
         0000000d 8000 
    1060              $C$DW$41        .dwtag  DW_TAG_TI_branch
    1061                      .dwattr $C$DW$41, DW_AT_low_pc(0x00)
    1062                      .dwattr $C$DW$41, DW_AT_name("__c28xabi_cmpull")
    1063                      .dwattr $C$DW$41, DW_AT_TI_call
    1064              
    1065 0000000e 7640!         LCR       #||__c28xabi_cmpull|| ; [CPU_ALU] |364| 
         0000000f 0000 
    1066                      ; call occurs [#||__c28xabi_cmpull||] ; [] |364| 
    1067 00000010 9B00          MOVB      AH,#0                 ; [CPU_ALU] |364| 
    1068 00000011 5200          CMPB      AL,#0                 ; [CPU_ALU] |364| 
    1069 00000012 56B0          MOVB      AH,#1,NEQ             ; [CPU_ALU] |364| 
         00000013 01A8 
    1070 00000014 92A8          MOV       AL,AH                 ; [CPU_ALU] |364| 
    1071 00000015 FE84          SUBB      SP,#4                 ; [CPU_ARAU] 
    1072                      .dwcfi  cfa_offset, -2
    1073              $C$DW$42        .dwtag  DW_TAG_TI_branch
    1074                      .dwattr $C$DW$42, DW_AT_low_pc(0x00)
    1075                      .dwattr $C$DW$42, DW_AT_TI_return
    1076              
    1077 00000016 0006          LRETR     ; [CPU_ALU] 
    1078                      ; return occurs ; [] 
    1079                      .dwattr $C$DW$38, DW_AT_TI_end_file("C:/ti/ccs1210/ccs/tools/compiler/ti-cgt-c2000_22.6.0.LTS/include
    1080                      .dwattr $C$DW$38, DW_AT_TI_end_line(0x16c)
    1081                      .dwattr $C$DW$38, DW_AT_TI_end_column(0x2a)
    1082                      .dwendentry
    1083                      .dwendtag $C$DW$38
TMS320C2000 Assembler PC v22.6.0 Mon Apr 21 09:03:30 2025

Copyright (c) 1996-2018 Texas Instruments Incorporated
hal_clb_TMS320F280049C.asm                                           PAGE   25

    1084              
    1085 00000000               .sect   ".text:__relaxed_sqrtf"
    1086                      .clink
    1087                      .global ||__relaxed_sqrtf||
    1088              
    1089              $C$DW$43        .dwtag  DW_TAG_subprogram
    1090                      .dwattr $C$DW$43, DW_AT_name("__relaxed_sqrtf")
    1091                      .dwattr $C$DW$43, DW_AT_low_pc(||__relaxed_sqrtf||)
    1092                      .dwattr $C$DW$43, DW_AT_high_pc(0x00)
    1093                      .dwattr $C$DW$43, DW_AT_linkage_name("__relaxed_sqrtf")
    1094                      .dwattr $C$DW$43, DW_AT_external
    1095                      .dwattr $C$DW$43, DW_AT_type(*$C$DW$T$16)
    1096                      .dwattr $C$DW$43, DW_AT_decl_file("C:/ti/ccs1210/ccs/tools/compiler/ti-cgt-c2000_22.6.0.LTS/include/m
    1097                      .dwattr $C$DW$43, DW_AT_decl_line(0x103)
    1098                      .dwattr $C$DW$43, DW_AT_decl_column(0x10)
    1099                      .dwattr $C$DW$43, DW_AT_TI_max_frame_size(-2)
    1100                      .dwpsn  file "C:/ti/ccs1210/ccs/tools/compiler/ti-cgt-c2000_22.6.0.LTS/include/math.h",line 260,colum
    1101              
    1102                      .dwfde $C$DW$CIE, ||__relaxed_sqrtf||
    1103              $C$DW$44        .dwtag  DW_TAG_formal_parameter
    1104                      .dwattr $C$DW$44, DW_AT_name("x")
    1105                      .dwattr $C$DW$44, DW_AT_type(*$C$DW$T$16)
    1106                      .dwattr $C$DW$44, DW_AT_location[DW_OP_regx 0x2b]
    1107              
    1108              
    1109              ;***************************************************************
    1110              ;* FNAME: __relaxed_sqrtf               FR SIZE:   0           *
    1111              ;*                                                             *
    1112              ;* FUNCTION ENVIRONMENT                                        *
    1113              ;*                                                             *
    1114              ;* FUNCTION PROPERTIES                                         *
    1115              ;*                            0 Parameter,  0 Auto,  0 SOE     *
    1116              ;***************************************************************
    1117              
    1118              ||__relaxed_sqrtf||:
    1119              ;* R0    assigned to x
    1120              $C$DW$45        .dwtag  DW_TAG_variable
    1121                      .dwattr $C$DW$45, DW_AT_name("x")
    1122                      .dwattr $C$DW$45, DW_AT_type(*$C$DW$T$78)
    1123                      .dwattr $C$DW$45, DW_AT_location[DW_OP_regx 0x2b]
    1124              
    1125                      .dwcfi  cfa_offset, -2
    1126                      .dwcfi  save_reg_to_mem, 26, 0
    1127                      .dwpsn  file "C:/ti/ccs1210/ccs/tools/compiler/ti-cgt-c2000_22.6.0.LTS/include/math.h",line 261,colum
    1128 00000000 E277          SQRTF32   R0H,R0H               ; [CPU_FPU] |261| 
         00000001 0000 
    1129 00000002 7700          NOP       ; [CPU_ALU] 
    1130 00000003 7700          NOP       ; [CPU_ALU] 
    1131 00000004 7700          NOP       ; [CPU_ALU] 
    1132              $C$DW$46        .dwtag  DW_TAG_TI_branch
    1133                      .dwattr $C$DW$46, DW_AT_low_pc(0x00)
    1134                      .dwattr $C$DW$46, DW_AT_TI_return
    1135              
    1136 00000005 0006          LRETR     ; [CPU_ALU] 
    1137                      ; return occurs ; [] 
TMS320C2000 Assembler PC v22.6.0 Mon Apr 21 09:03:30 2025

Copyright (c) 1996-2018 Texas Instruments Incorporated
hal_clb_TMS320F280049C.asm                                           PAGE   26

    1138                      .dwattr $C$DW$43, DW_AT_TI_end_file("C:/ti/ccs1210/ccs/tools/compiler/ti-cgt-c2000_22.6.0.LTS/include
    1139                      .dwattr $C$DW$43, DW_AT_TI_end_line(0x106)
    1140                      .dwattr $C$DW$43, DW_AT_TI_end_column(0x01)
    1141                      .dwendentry
    1142                      .dwendtag $C$DW$43
    1143              
    1144 00000000               .sect   ".text:__relaxed_sinf"
    1145                      .clink
    1146                      .global ||__relaxed_sinf||
    1147              
    1148              $C$DW$47        .dwtag  DW_TAG_subprogram
    1149                      .dwattr $C$DW$47, DW_AT_name("__relaxed_sinf")
    1150                      .dwattr $C$DW$47, DW_AT_low_pc(||__relaxed_sinf||)
    1151                      .dwattr $C$DW$47, DW_AT_high_pc(0x00)
    1152                      .dwattr $C$DW$47, DW_AT_linkage_name("__relaxed_sinf")
    1153                      .dwattr $C$DW$47, DW_AT_external
    1154                      .dwattr $C$DW$47, DW_AT_type(*$C$DW$T$16)
    1155                      .dwattr $C$DW$47, DW_AT_decl_file("C:/ti/ccs1210/ccs/tools/compiler/ti-cgt-c2000_22.6.0.LTS/include/m
    1156                      .dwattr $C$DW$47, DW_AT_decl_line(0x108)
    1157                      .dwattr $C$DW$47, DW_AT_decl_column(0x10)
    1158                      .dwattr $C$DW$47, DW_AT_TI_max_frame_size(-2)
    1159                      .dwpsn  file "C:/ti/ccs1210/ccs/tools/compiler/ti-cgt-c2000_22.6.0.LTS/include/math.h",line 265,colum
    1160              
    1161                      .dwfde $C$DW$CIE, ||__relaxed_sinf||
    1162              $C$DW$48        .dwtag  DW_TAG_formal_parameter
    1163                      .dwattr $C$DW$48, DW_AT_name("x")
    1164                      .dwattr $C$DW$48, DW_AT_type(*$C$DW$T$16)
    1165                      .dwattr $C$DW$48, DW_AT_location[DW_OP_regx 0x2b]
    1166              
    1167              
    1168              ;***************************************************************
    1169              ;* FNAME: __relaxed_sinf                FR SIZE:   0           *
    1170              ;*                                                             *
    1171              ;* FUNCTION ENVIRONMENT                                        *
    1172              ;*                                                             *
    1173              ;* FUNCTION PROPERTIES                                         *
    1174              ;*                            0 Parameter,  0 Auto,  0 SOE     *
    1175              ;***************************************************************
    1176              
    1177              ||__relaxed_sinf||:
    1178              ;* R0    assigned to x
    1179              $C$DW$49        .dwtag  DW_TAG_variable
    1180                      .dwattr $C$DW$49, DW_AT_name("x")
    1181                      .dwattr $C$DW$49, DW_AT_type(*$C$DW$T$78)
    1182                      .dwattr $C$DW$49, DW_AT_location[DW_OP_regx 0x2b]
    1183              
    1184                      .dwcfi  cfa_offset, -2
    1185                      .dwcfi  save_reg_to_mem, 26, 0
    1186                      .dwpsn  file "C:/ti/ccs1210/ccs/tools/compiler/ti-cgt-c2000_22.6.0.LTS/include/math.h",line 266,colum
    1187 00000000 E271          DIV2PIF32 R0H,R0H               ; [CPU_FPU] |266| 
         00000001 0000 
    1188 00000002 7700          NOP       ; [CPU_ALU] 
    1189 00000003 E278          SINPUF32  R0H,R0H               ; [CPU_FPU] |266| 
         00000004 0000 
    1190 00000005 7700          NOP       ; [CPU_ALU] 
TMS320C2000 Assembler PC v22.6.0 Mon Apr 21 09:03:30 2025

Copyright (c) 1996-2018 Texas Instruments Incorporated
hal_clb_TMS320F280049C.asm                                           PAGE   27

    1191 00000006 7700          NOP       ; [CPU_ALU] 
    1192              $C$DW$50        .dwtag  DW_TAG_TI_branch
    1193                      .dwattr $C$DW$50, DW_AT_low_pc(0x00)
    1194                      .dwattr $C$DW$50, DW_AT_TI_return
    1195              
    1196 00000007 0006          LRETR     ; [CPU_ALU] 
    1197                      ; return occurs ; [] 
    1198                      .dwattr $C$DW$47, DW_AT_TI_end_file("C:/ti/ccs1210/ccs/tools/compiler/ti-cgt-c2000_22.6.0.LTS/include
    1199                      .dwattr $C$DW$47, DW_AT_TI_end_line(0x10b)
    1200                      .dwattr $C$DW$47, DW_AT_TI_end_column(0x01)
    1201                      .dwendentry
    1202                      .dwendtag $C$DW$47
    1203              
    1204 00000000               .sect   ".text:__relaxed_fmodf"
    1205                      .clink
    1206                      .global ||__relaxed_fmodf||
    1207              
    1208              $C$DW$51        .dwtag  DW_TAG_subprogram
    1209                      .dwattr $C$DW$51, DW_AT_name("__relaxed_fmodf")
    1210                      .dwattr $C$DW$51, DW_AT_low_pc(||__relaxed_fmodf||)
    1211                      .dwattr $C$DW$51, DW_AT_high_pc(0x00)
    1212                      .dwattr $C$DW$51, DW_AT_linkage_name("__relaxed_fmodf")
    1213                      .dwattr $C$DW$51, DW_AT_external
    1214                      .dwattr $C$DW$51, DW_AT_type(*$C$DW$T$16)
    1215                      .dwattr $C$DW$51, DW_AT_decl_file("C:/ti/ccs1210/ccs/tools/compiler/ti-cgt-c2000_22.6.0.LTS/include/m
    1216                      .dwattr $C$DW$51, DW_AT_decl_line(0x11c)
    1217                      .dwattr $C$DW$51, DW_AT_decl_column(0x10)
    1218                      .dwattr $C$DW$51, DW_AT_TI_max_frame_size(-2)
    1219                      .dwpsn  file "C:/ti/ccs1210/ccs/tools/compiler/ti-cgt-c2000_22.6.0.LTS/include/math.h",line 285,colum
    1220              
    1221                      .dwfde $C$DW$CIE, ||__relaxed_fmodf||
    1222              $C$DW$52        .dwtag  DW_TAG_formal_parameter
    1223                      .dwattr $C$DW$52, DW_AT_name("y")
    1224                      .dwattr $C$DW$52, DW_AT_type(*$C$DW$T$16)
    1225                      .dwattr $C$DW$52, DW_AT_location[DW_OP_regx 0x2b]
    1226              
    1227              $C$DW$53        .dwtag  DW_TAG_formal_parameter
    1228                      .dwattr $C$DW$53, DW_AT_name("x")
    1229                      .dwattr $C$DW$53, DW_AT_type(*$C$DW$T$16)
    1230                      .dwattr $C$DW$53, DW_AT_location[DW_OP_regx 0x2f]
    1231              
    1232              
    1233              ;***************************************************************
    1234              ;* FNAME: __relaxed_fmodf               FR SIZE:   0           *
    1235              ;*                                                             *
    1236              ;* FUNCTION ENVIRONMENT                                        *
    1237              ;*                                                             *
    1238              ;* FUNCTION PROPERTIES                                         *
    1239              ;*                            0 Parameter,  0 Auto,  0 SOE     *
    1240              ;***************************************************************
    1241              
    1242              ||__relaxed_fmodf||:
    1243              ;* R0    assigned to y
    1244              $C$DW$54        .dwtag  DW_TAG_variable
    1245                      .dwattr $C$DW$54, DW_AT_name("y")
TMS320C2000 Assembler PC v22.6.0 Mon Apr 21 09:03:30 2025

Copyright (c) 1996-2018 Texas Instruments Incorporated
hal_clb_TMS320F280049C.asm                                           PAGE   28

    1246                      .dwattr $C$DW$54, DW_AT_type(*$C$DW$T$78)
    1247                      .dwattr $C$DW$54, DW_AT_location[DW_OP_regx 0x2b]
    1248              
    1249              ;* R1    assigned to x
    1250              $C$DW$55        .dwtag  DW_TAG_variable
    1251                      .dwattr $C$DW$55, DW_AT_name("x")
    1252                      .dwattr $C$DW$55, DW_AT_type(*$C$DW$T$78)
    1253                      .dwattr $C$DW$55, DW_AT_location[DW_OP_regx 0x2f]
    1254              
    1255                      .dwcfi  cfa_offset, -2
    1256                      .dwcfi  save_reg_to_mem, 26, 0
    1257                      .dwpsn  file "C:/ti/ccs1210/ccs/tools/compiler/ti-cgt-c2000_22.6.0.LTS/include/math.h",line 286,colum
    1258 00000000 E274          DIVF32    R2H,R0H,R1H           ; [CPU_FPU] |286| 
         00000001 0042 
    1259 00000002 7700          NOP       ; [CPU_ALU] 
    1260 00000003 7700          NOP       ; [CPU_ALU] 
    1261 00000004 7700          NOP       ; [CPU_ALU] 
    1262 00000005 7700          NOP       ; [CPU_ALU] 
    1263 00000006 E688          F32TOI32  R2H,R2H               ; [CPU_FPU] |286| 
         00000007 0012 
    1264 00000008 7700          NOP       ; [CPU_ALU] 
    1265 00000009 E689          I32TOF32  R2H,R2H               ; [CPU_FPU] |286| 
         0000000a 0012 
    1266 0000000b 7700          NOP       ; [CPU_ALU] 
    1267 0000000c E700          MPYF32    R1H,R1H,R2H           ; [CPU_FPU] |286| 
         0000000d 0089 
    1268 0000000e 7700          NOP       ; [CPU_ALU] 
    1269 0000000f E720          SUBF32    R0H,R0H,R1H           ; [CPU_FPU] |286| 
         00000010 0040 
    1270              $C$DW$56        .dwtag  DW_TAG_TI_branch
    1271                      .dwattr $C$DW$56, DW_AT_low_pc(0x00)
    1272                      .dwattr $C$DW$56, DW_AT_TI_return
    1273              
    1274 00000011 0006          LRETR     ; [CPU_ALU] 
    1275                      ; return occurs ; [] 
    1276                      .dwattr $C$DW$51, DW_AT_TI_end_file("C:/ti/ccs1210/ccs/tools/compiler/ti-cgt-c2000_22.6.0.LTS/include
    1277                      .dwattr $C$DW$51, DW_AT_TI_end_line(0x11f)
    1278                      .dwattr $C$DW$51, DW_AT_TI_end_column(0x01)
    1279                      .dwendentry
    1280                      .dwendtag $C$DW$51
    1281              
    1282 00000000               .sect   ".text:__relaxed_fminf"
    1283                      .clink
    1284                      .global ||__relaxed_fminf||
    1285              
    1286              $C$DW$57        .dwtag  DW_TAG_subprogram
    1287                      .dwattr $C$DW$57, DW_AT_name("__relaxed_fminf")
    1288                      .dwattr $C$DW$57, DW_AT_low_pc(||__relaxed_fminf||)
    1289                      .dwattr $C$DW$57, DW_AT_high_pc(0x00)
    1290                      .dwattr $C$DW$57, DW_AT_linkage_name("__relaxed_fminf")
    1291                      .dwattr $C$DW$57, DW_AT_external
    1292                      .dwattr $C$DW$57, DW_AT_type(*$C$DW$T$16)
    1293                      .dwattr $C$DW$57, DW_AT_decl_file("C:/ti/ccs1210/ccs/tools/compiler/ti-cgt-c2000_22.6.0.LTS/include/m
    1294                      .dwattr $C$DW$57, DW_AT_decl_line(0xee)
    1295                      .dwattr $C$DW$57, DW_AT_decl_column(0x10)
TMS320C2000 Assembler PC v22.6.0 Mon Apr 21 09:03:30 2025

Copyright (c) 1996-2018 Texas Instruments Incorporated
hal_clb_TMS320F280049C.asm                                           PAGE   29

    1296                      .dwattr $C$DW$57, DW_AT_TI_max_frame_size(-2)
    1297                      .dwpsn  file "C:/ti/ccs1210/ccs/tools/compiler/ti-cgt-c2000_22.6.0.LTS/include/math.h",line 239,colum
    1298              
    1299                      .dwfde $C$DW$CIE, ||__relaxed_fminf||
    1300              $C$DW$58        .dwtag  DW_TAG_formal_parameter
    1301                      .dwattr $C$DW$58, DW_AT_name("x")
    1302                      .dwattr $C$DW$58, DW_AT_type(*$C$DW$T$16)
    1303                      .dwattr $C$DW$58, DW_AT_location[DW_OP_regx 0x2b]
    1304              
    1305              $C$DW$59        .dwtag  DW_TAG_formal_parameter
    1306                      .dwattr $C$DW$59, DW_AT_name("y")
    1307                      .dwattr $C$DW$59, DW_AT_type(*$C$DW$T$16)
    1308                      .dwattr $C$DW$59, DW_AT_location[DW_OP_regx 0x2f]
    1309              
    1310              
    1311              ;***************************************************************
    1312              ;* FNAME: __relaxed_fminf               FR SIZE:   0           *
    1313              ;*                                                             *
    1314              ;* FUNCTION ENVIRONMENT                                        *
    1315              ;*                                                             *
    1316              ;* FUNCTION PROPERTIES                                         *
    1317              ;*                            0 Parameter,  0 Auto,  0 SOE     *
    1318              ;***************************************************************
    1319              
    1320              ||__relaxed_fminf||:
    1321              ;* R1    assigned to y
    1322              $C$DW$60        .dwtag  DW_TAG_variable
    1323                      .dwattr $C$DW$60, DW_AT_name("y")
    1324                      .dwattr $C$DW$60, DW_AT_type(*$C$DW$T$78)
    1325                      .dwattr $C$DW$60, DW_AT_location[DW_OP_regx 0x2f]
    1326              
    1327                      .dwcfi  cfa_offset, -2
    1328                      .dwcfi  save_reg_to_mem, 26, 0
    1329                      .dwpsn  file "C:/ti/ccs1210/ccs/tools/compiler/ti-cgt-c2000_22.6.0.LTS/include/math.h",line 240,colum
    1330 00000000 E697          MINF32    R0H,R1H               ; [CPU_FPU] |240| 
         00000001 0008 
    1331              $C$DW$61        .dwtag  DW_TAG_TI_branch
    1332                      .dwattr $C$DW$61, DW_AT_low_pc(0x00)
    1333                      .dwattr $C$DW$61, DW_AT_TI_return
    1334              
    1335 00000002 0006          LRETR     ; [CPU_ALU] 
    1336                      ; return occurs ; [] 
    1337                      .dwattr $C$DW$57, DW_AT_TI_end_file("C:/ti/ccs1210/ccs/tools/compiler/ti-cgt-c2000_22.6.0.LTS/include
    1338                      .dwattr $C$DW$57, DW_AT_TI_end_line(0xf1)
    1339                      .dwattr $C$DW$57, DW_AT_TI_end_column(0x01)
    1340                      .dwendentry
    1341                      .dwendtag $C$DW$57
    1342              
    1343 00000000               .sect   ".text:__relaxed_fmaxf"
    1344                      .clink
    1345                      .global ||__relaxed_fmaxf||
    1346              
    1347              $C$DW$62        .dwtag  DW_TAG_subprogram
    1348                      .dwattr $C$DW$62, DW_AT_name("__relaxed_fmaxf")
    1349                      .dwattr $C$DW$62, DW_AT_low_pc(||__relaxed_fmaxf||)
TMS320C2000 Assembler PC v22.6.0 Mon Apr 21 09:03:30 2025

Copyright (c) 1996-2018 Texas Instruments Incorporated
hal_clb_TMS320F280049C.asm                                           PAGE   30

    1350                      .dwattr $C$DW$62, DW_AT_high_pc(0x00)
    1351                      .dwattr $C$DW$62, DW_AT_linkage_name("__relaxed_fmaxf")
    1352                      .dwattr $C$DW$62, DW_AT_external
    1353                      .dwattr $C$DW$62, DW_AT_type(*$C$DW$T$16)
    1354                      .dwattr $C$DW$62, DW_AT_decl_file("C:/ti/ccs1210/ccs/tools/compiler/ti-cgt-c2000_22.6.0.LTS/include/m
    1355                      .dwattr $C$DW$62, DW_AT_decl_line(0xe8)
    1356                      .dwattr $C$DW$62, DW_AT_decl_column(0x10)
    1357                      .dwattr $C$DW$62, DW_AT_TI_max_frame_size(-2)
    1358                      .dwpsn  file "C:/ti/ccs1210/ccs/tools/compiler/ti-cgt-c2000_22.6.0.LTS/include/math.h",line 233,colum
    1359              
    1360                      .dwfde $C$DW$CIE, ||__relaxed_fmaxf||
    1361              $C$DW$63        .dwtag  DW_TAG_formal_parameter
    1362                      .dwattr $C$DW$63, DW_AT_name("x")
    1363                      .dwattr $C$DW$63, DW_AT_type(*$C$DW$T$16)
    1364                      .dwattr $C$DW$63, DW_AT_location[DW_OP_regx 0x2b]
    1365              
    1366              $C$DW$64        .dwtag  DW_TAG_formal_parameter
    1367                      .dwattr $C$DW$64, DW_AT_name("y")
    1368                      .dwattr $C$DW$64, DW_AT_type(*$C$DW$T$16)
    1369                      .dwattr $C$DW$64, DW_AT_location[DW_OP_regx 0x2f]
    1370              
    1371              
    1372              ;***************************************************************
    1373              ;* FNAME: __relaxed_fmaxf               FR SIZE:   0           *
    1374              ;*                                                             *
    1375              ;* FUNCTION ENVIRONMENT                                        *
    1376              ;*                                                             *
    1377              ;* FUNCTION PROPERTIES                                         *
    1378              ;*                            0 Parameter,  0 Auto,  0 SOE     *
    1379              ;***************************************************************
    1380              
    1381              ||__relaxed_fmaxf||:
    1382              ;* R1    assigned to y
    1383              $C$DW$65        .dwtag  DW_TAG_variable
    1384                      .dwattr $C$DW$65, DW_AT_name("y")
    1385                      .dwattr $C$DW$65, DW_AT_type(*$C$DW$T$78)
    1386                      .dwattr $C$DW$65, DW_AT_location[DW_OP_regx 0x2f]
    1387              
    1388                      .dwcfi  cfa_offset, -2
    1389                      .dwcfi  save_reg_to_mem, 26, 0
    1390                      .dwpsn  file "C:/ti/ccs1210/ccs/tools/compiler/ti-cgt-c2000_22.6.0.LTS/include/math.h",line 234,colum
    1391 00000000 E696          MAXF32    R0H,R1H               ; [CPU_FPU] |234| 
         00000001 0008 
    1392              $C$DW$66        .dwtag  DW_TAG_TI_branch
    1393                      .dwattr $C$DW$66, DW_AT_low_pc(0x00)
    1394                      .dwattr $C$DW$66, DW_AT_TI_return
    1395              
    1396 00000002 0006          LRETR     ; [CPU_ALU] 
    1397                      ; return occurs ; [] 
    1398                      .dwattr $C$DW$62, DW_AT_TI_end_file("C:/ti/ccs1210/ccs/tools/compiler/ti-cgt-c2000_22.6.0.LTS/include
    1399                      .dwattr $C$DW$62, DW_AT_TI_end_line(0xeb)
    1400                      .dwattr $C$DW$62, DW_AT_TI_end_column(0x01)
    1401                      .dwendentry
    1402                      .dwendtag $C$DW$62
    1403              
TMS320C2000 Assembler PC v22.6.0 Mon Apr 21 09:03:30 2025

Copyright (c) 1996-2018 Texas Instruments Incorporated
hal_clb_TMS320F280049C.asm                                           PAGE   31

    1404 00000000               .sect   ".text:__relaxed_cosf"
    1405                      .clink
    1406                      .global ||__relaxed_cosf||
    1407              
    1408              $C$DW$67        .dwtag  DW_TAG_subprogram
    1409                      .dwattr $C$DW$67, DW_AT_name("__relaxed_cosf")
    1410                      .dwattr $C$DW$67, DW_AT_low_pc(||__relaxed_cosf||)
    1411                      .dwattr $C$DW$67, DW_AT_high_pc(0x00)
    1412                      .dwattr $C$DW$67, DW_AT_linkage_name("__relaxed_cosf")
    1413                      .dwattr $C$DW$67, DW_AT_external
    1414                      .dwattr $C$DW$67, DW_AT_type(*$C$DW$T$16)
    1415                      .dwattr $C$DW$67, DW_AT_decl_file("C:/ti/ccs1210/ccs/tools/compiler/ti-cgt-c2000_22.6.0.LTS/include/m
    1416                      .dwattr $C$DW$67, DW_AT_decl_line(0x10d)
    1417                      .dwattr $C$DW$67, DW_AT_decl_column(0x10)
    1418                      .dwattr $C$DW$67, DW_AT_TI_max_frame_size(-2)
    1419                      .dwpsn  file "C:/ti/ccs1210/ccs/tools/compiler/ti-cgt-c2000_22.6.0.LTS/include/math.h",line 270,colum
    1420              
    1421                      .dwfde $C$DW$CIE, ||__relaxed_cosf||
    1422              $C$DW$68        .dwtag  DW_TAG_formal_parameter
    1423                      .dwattr $C$DW$68, DW_AT_name("x")
    1424                      .dwattr $C$DW$68, DW_AT_type(*$C$DW$T$16)
    1425                      .dwattr $C$DW$68, DW_AT_location[DW_OP_regx 0x2b]
    1426              
    1427              
    1428              ;***************************************************************
    1429              ;* FNAME: __relaxed_cosf                FR SIZE:   0           *
    1430              ;*                                                             *
    1431              ;* FUNCTION ENVIRONMENT                                        *
    1432              ;*                                                             *
    1433              ;* FUNCTION PROPERTIES                                         *
    1434              ;*                            0 Parameter,  0 Auto,  0 SOE     *
    1435              ;***************************************************************
    1436              
    1437              ||__relaxed_cosf||:
    1438              ;* R0    assigned to x
    1439              $C$DW$69        .dwtag  DW_TAG_variable
    1440                      .dwattr $C$DW$69, DW_AT_name("x")
    1441                      .dwattr $C$DW$69, DW_AT_type(*$C$DW$T$78)
    1442                      .dwattr $C$DW$69, DW_AT_location[DW_OP_regx 0x2b]
    1443              
    1444                      .dwcfi  cfa_offset, -2
    1445                      .dwcfi  save_reg_to_mem, 26, 0
    1446                      .dwpsn  file "C:/ti/ccs1210/ccs/tools/compiler/ti-cgt-c2000_22.6.0.LTS/include/math.h",line 271,colum
    1447 00000000 E271          DIV2PIF32 R0H,R0H               ; [CPU_FPU] |271| 
         00000001 0000 
    1448 00000002 7700          NOP       ; [CPU_ALU] 
    1449 00000003 E279          COSPUF32  R0H,R0H               ; [CPU_FPU] |271| 
         00000004 0000 
    1450 00000005 7700          NOP       ; [CPU_ALU] 
    1451 00000006 7700          NOP       ; [CPU_ALU] 
    1452              $C$DW$70        .dwtag  DW_TAG_TI_branch
    1453                      .dwattr $C$DW$70, DW_AT_low_pc(0x00)
    1454                      .dwattr $C$DW$70, DW_AT_TI_return
    1455              
    1456 00000007 0006          LRETR     ; [CPU_ALU] 
TMS320C2000 Assembler PC v22.6.0 Mon Apr 21 09:03:30 2025

Copyright (c) 1996-2018 Texas Instruments Incorporated
hal_clb_TMS320F280049C.asm                                           PAGE   32

    1457                      ; return occurs ; [] 
    1458                      .dwattr $C$DW$67, DW_AT_TI_end_file("C:/ti/ccs1210/ccs/tools/compiler/ti-cgt-c2000_22.6.0.LTS/include
    1459                      .dwattr $C$DW$67, DW_AT_TI_end_line(0x110)
    1460                      .dwattr $C$DW$67, DW_AT_TI_end_column(0x01)
    1461                      .dwendentry
    1462                      .dwendtag $C$DW$67
    1463              
    1464 00000000               .sect   ".text:__relaxed_atanf"
    1465                      .clink
    1466                      .global ||__relaxed_atanf||
    1467              
    1468              $C$DW$71        .dwtag  DW_TAG_subprogram
    1469                      .dwattr $C$DW$71, DW_AT_name("__relaxed_atanf")
    1470                      .dwattr $C$DW$71, DW_AT_low_pc(||__relaxed_atanf||)
    1471                      .dwattr $C$DW$71, DW_AT_high_pc(0x00)
    1472                      .dwattr $C$DW$71, DW_AT_linkage_name("__relaxed_atanf")
    1473                      .dwattr $C$DW$71, DW_AT_external
    1474                      .dwattr $C$DW$71, DW_AT_type(*$C$DW$T$16)
    1475                      .dwattr $C$DW$71, DW_AT_decl_file("C:/ti/ccs1210/ccs/tools/compiler/ti-cgt-c2000_22.6.0.LTS/include/m
    1476                      .dwattr $C$DW$71, DW_AT_decl_line(0x112)
    1477                      .dwattr $C$DW$71, DW_AT_decl_column(0x10)
    1478                      .dwattr $C$DW$71, DW_AT_TI_max_frame_size(-2)
    1479                      .dwpsn  file "C:/ti/ccs1210/ccs/tools/compiler/ti-cgt-c2000_22.6.0.LTS/include/math.h",line 275,colum
    1480              
    1481                      .dwfde $C$DW$CIE, ||__relaxed_atanf||
    1482              $C$DW$72        .dwtag  DW_TAG_formal_parameter
    1483                      .dwattr $C$DW$72, DW_AT_name("x")
    1484                      .dwattr $C$DW$72, DW_AT_type(*$C$DW$T$16)
    1485                      .dwattr $C$DW$72, DW_AT_location[DW_OP_regx 0x2b]
    1486              
    1487              
    1488              ;***************************************************************
    1489              ;* FNAME: __relaxed_atanf               FR SIZE:   0           *
    1490              ;*                                                             *
    1491              ;* FUNCTION ENVIRONMENT                                        *
    1492              ;*                                                             *
    1493              ;* FUNCTION PROPERTIES                                         *
    1494              ;*                            0 Parameter,  0 Auto,  0 SOE     *
    1495              ;***************************************************************
    1496              
    1497              ||__relaxed_atanf||:
    1498              ;* R0    assigned to x
    1499              $C$DW$73        .dwtag  DW_TAG_variable
    1500                      .dwattr $C$DW$73, DW_AT_name("x")
    1501                      .dwattr $C$DW$73, DW_AT_type(*$C$DW$T$78)
    1502                      .dwattr $C$DW$73, DW_AT_location[DW_OP_regx 0x2b]
    1503              
    1504                      .dwcfi  cfa_offset, -2
    1505                      .dwcfi  save_reg_to_mem, 26, 0
    1506                      .dwpsn  file "C:/ti/ccs1210/ccs/tools/compiler/ti-cgt-c2000_22.6.0.LTS/include/math.h",line 276,colum
    1507 00000000 E801          MOVIZ     R1H,#16256            ; [CPU_FPU] |276| 
         00000001 FC01 
    1508 00000002 E27C          QUADF32   R1H,R0H,R0H,R1H       ; [CPU_FPU] |276| 
         00000003 0201 
    1509 00000004 7700          NOP       ; [CPU_ALU] 
TMS320C2000 Assembler PC v22.6.0 Mon Apr 21 09:03:30 2025

Copyright (c) 1996-2018 Texas Instruments Incorporated
hal_clb_TMS320F280049C.asm                                           PAGE   33

    1510 00000005 7700          NOP       ; [CPU_ALU] 
    1511 00000006 7700          NOP       ; [CPU_ALU] 
    1512 00000007 7700          NOP       ; [CPU_ALU] 
    1513 00000008 E27A          ATANPUF32 R0H,R0H               ; [CPU_FPU] |276| 
         00000009 0000 
    1514 0000000a 7700          NOP       ; [CPU_ALU] 
    1515 0000000b 7700          NOP       ; [CPU_ALU] 
    1516 0000000c 7700          NOP       ; [CPU_ALU] 
    1517 0000000d E710          ADDF32    R0H,R0H,R1H           ; [CPU_FPU] |276| 
         0000000e 0040 
    1518 0000000f 7700          NOP       ; [CPU_ALU] 
    1519 00000010 7700          NOP       ; [CPU_ALU] 
    1520 00000011 E270          MPY2PIF32 R0H,R0H               ; [CPU_FPU] |276| 
         00000012 0000 
    1521 00000013 7700          NOP       ; [CPU_ALU] 
    1522              $C$DW$74        .dwtag  DW_TAG_TI_branch
    1523                      .dwattr $C$DW$74, DW_AT_low_pc(0x00)
    1524                      .dwattr $C$DW$74, DW_AT_TI_return
    1525              
    1526 00000014 0006          LRETR     ; [CPU_ALU] 
    1527                      ; return occurs ; [] 
    1528                      .dwattr $C$DW$71, DW_AT_TI_end_file("C:/ti/ccs1210/ccs/tools/compiler/ti-cgt-c2000_22.6.0.LTS/include
    1529                      .dwattr $C$DW$71, DW_AT_TI_end_line(0x115)
    1530                      .dwattr $C$DW$71, DW_AT_TI_end_column(0x01)
    1531                      .dwendentry
    1532                      .dwendtag $C$DW$71
    1533              
    1534 00000000               .sect   ".text:__relaxed_atan2f"
    1535                      .clink
    1536                      .global ||__relaxed_atan2f||
    1537              
    1538              $C$DW$75        .dwtag  DW_TAG_subprogram
    1539                      .dwattr $C$DW$75, DW_AT_name("__relaxed_atan2f")
    1540                      .dwattr $C$DW$75, DW_AT_low_pc(||__relaxed_atan2f||)
    1541                      .dwattr $C$DW$75, DW_AT_high_pc(0x00)
    1542                      .dwattr $C$DW$75, DW_AT_linkage_name("__relaxed_atan2f")
    1543                      .dwattr $C$DW$75, DW_AT_external
    1544                      .dwattr $C$DW$75, DW_AT_type(*$C$DW$T$16)
    1545                      .dwattr $C$DW$75, DW_AT_decl_file("C:/ti/ccs1210/ccs/tools/compiler/ti-cgt-c2000_22.6.0.LTS/include/m
    1546                      .dwattr $C$DW$75, DW_AT_decl_line(0x117)
    1547                      .dwattr $C$DW$75, DW_AT_decl_column(0x10)
    1548                      .dwattr $C$DW$75, DW_AT_TI_max_frame_size(-2)
    1549                      .dwpsn  file "C:/ti/ccs1210/ccs/tools/compiler/ti-cgt-c2000_22.6.0.LTS/include/math.h",line 280,colum
    1550              
    1551                      .dwfde $C$DW$CIE, ||__relaxed_atan2f||
    1552              $C$DW$76        .dwtag  DW_TAG_formal_parameter
    1553                      .dwattr $C$DW$76, DW_AT_name("y")
    1554                      .dwattr $C$DW$76, DW_AT_type(*$C$DW$T$16)
    1555                      .dwattr $C$DW$76, DW_AT_location[DW_OP_regx 0x2b]
    1556              
    1557              $C$DW$77        .dwtag  DW_TAG_formal_parameter
    1558                      .dwattr $C$DW$77, DW_AT_name("x")
    1559                      .dwattr $C$DW$77, DW_AT_type(*$C$DW$T$16)
    1560                      .dwattr $C$DW$77, DW_AT_location[DW_OP_regx 0x2f]
    1561              
TMS320C2000 Assembler PC v22.6.0 Mon Apr 21 09:03:30 2025

Copyright (c) 1996-2018 Texas Instruments Incorporated
hal_clb_TMS320F280049C.asm                                           PAGE   34

    1562              
    1563              ;***************************************************************
    1564              ;* FNAME: __relaxed_atan2f              FR SIZE:   0           *
    1565              ;*                                                             *
    1566              ;* FUNCTION ENVIRONMENT                                        *
    1567              ;*                                                             *
    1568              ;* FUNCTION PROPERTIES                                         *
    1569              ;*                            0 Parameter,  0 Auto,  0 SOE     *
    1570              ;***************************************************************
    1571              
    1572              ||__relaxed_atan2f||:
    1573              ;* R0    assigned to y
    1574              $C$DW$78        .dwtag  DW_TAG_variable
    1575                      .dwattr $C$DW$78, DW_AT_name("y")
    1576                      .dwattr $C$DW$78, DW_AT_type(*$C$DW$T$78)
    1577                      .dwattr $C$DW$78, DW_AT_location[DW_OP_regx 0x2b]
    1578              
    1579              ;* R1    assigned to x
    1580              $C$DW$79        .dwtag  DW_TAG_variable
    1581                      .dwattr $C$DW$79, DW_AT_name("x")
    1582                      .dwattr $C$DW$79, DW_AT_type(*$C$DW$T$78)
    1583                      .dwattr $C$DW$79, DW_AT_location[DW_OP_regx 0x2f]
    1584              
    1585                      .dwcfi  cfa_offset, -2
    1586                      .dwcfi  save_reg_to_mem, 26, 0
    1587                      .dwpsn  file "C:/ti/ccs1210/ccs/tools/compiler/ti-cgt-c2000_22.6.0.LTS/include/math.h",line 281,colum
    1588 00000000 E27C          QUADF32   R1H,R0H,R0H,R1H       ; [CPU_FPU] |281| 
         00000001 0201 
    1589 00000002 7700          NOP       ; [CPU_ALU] 
    1590 00000003 7700          NOP       ; [CPU_ALU] 
    1591 00000004 7700          NOP       ; [CPU_ALU] 
    1592 00000005 7700          NOP       ; [CPU_ALU] 
    1593 00000006 E27A          ATANPUF32 R0H,R0H               ; [CPU_FPU] |281| 
         00000007 0000 
    1594 00000008 7700          NOP       ; [CPU_ALU] 
    1595 00000009 7700          NOP       ; [CPU_ALU] 
    1596 0000000a 7700          NOP       ; [CPU_ALU] 
    1597 0000000b E710          ADDF32    R0H,R0H,R1H           ; [CPU_FPU] |281| 
         0000000c 0040 
    1598 0000000d 7700          NOP       ; [CPU_ALU] 
    1599 0000000e 7700          NOP       ; [CPU_ALU] 
    1600 0000000f E270          MPY2PIF32 R0H,R0H               ; [CPU_FPU] |281| 
         00000010 0000 
    1601 00000011 7700          NOP       ; [CPU_ALU] 
    1602              $C$DW$80        .dwtag  DW_TAG_TI_branch
    1603                      .dwattr $C$DW$80, DW_AT_low_pc(0x00)
    1604                      .dwattr $C$DW$80, DW_AT_TI_return
    1605              
    1606 00000012 0006          LRETR     ; [CPU_ALU] 
    1607                      ; return occurs ; [] 
    1608                      .dwattr $C$DW$75, DW_AT_TI_end_file("C:/ti/ccs1210/ccs/tools/compiler/ti-cgt-c2000_22.6.0.LTS/include
    1609                      .dwattr $C$DW$75, DW_AT_TI_end_line(0x11a)
    1610                      .dwattr $C$DW$75, DW_AT_TI_end_column(0x01)
    1611                      .dwendentry
    1612                      .dwendtag $C$DW$75
TMS320C2000 Assembler PC v22.6.0 Mon Apr 21 09:03:30 2025

Copyright (c) 1996-2018 Texas Instruments Incorporated
hal_clb_TMS320F280049C.asm                                           PAGE   35

    1613              
    1614 00000000               .sect   ".text:__isnormall"
    1615                      .clink
    1616                      .global ||__isnormall||
    1617              
    1618              $C$DW$81        .dwtag  DW_TAG_subprogram
    1619                      .dwattr $C$DW$81, DW_AT_name("__isnormall")
    1620                      .dwattr $C$DW$81, DW_AT_low_pc(||__isnormall||)
    1621                      .dwattr $C$DW$81, DW_AT_high_pc(0x00)
    1622                      .dwattr $C$DW$81, DW_AT_linkage_name("__isnormall")
    1623                      .dwattr $C$DW$81, DW_AT_external
    1624                      .dwattr $C$DW$81, DW_AT_type(*$C$DW$T$10)
    1625                      .dwattr $C$DW$81, DW_AT_decl_file("C:/ti/ccs1210/ccs/tools/compiler/ti-cgt-c2000_22.6.0.LTS/include/_
    1626                      .dwattr $C$DW$81, DW_AT_decl_line(0x167)
    1627                      .dwattr $C$DW$81, DW_AT_decl_column(0x18)
    1628                      .dwattr $C$DW$81, DW_AT_TI_max_frame_size(-6)
    1629                      .dwpsn  file "C:/ti/ccs1210/ccs/tools/compiler/ti-cgt-c2000_22.6.0.LTS/include/_defs.h",line 360,colu
    1630              
    1631                      .dwfde $C$DW$CIE, ||__isnormall||
    1632              $C$DW$82        .dwtag  DW_TAG_formal_parameter
    1633                      .dwattr $C$DW$82, DW_AT_name("e")
    1634                      .dwattr $C$DW$82, DW_AT_type(*$C$DW$T$81)
    1635                      .dwattr $C$DW$82, DW_AT_location[DW_OP_reg12]
    1636              
    1637              
    1638              ;***************************************************************
    1639              ;* FNAME: __isnormall                   FR SIZE:   4           *
    1640              ;*                                                             *
    1641              ;* FUNCTION ENVIRONMENT                                        *
    1642              ;*                                                             *
    1643              ;* FUNCTION PROPERTIES                                         *
    1644              ;*                            4 Parameter,  0 Auto,  0 SOE     *
    1645              ;***************************************************************
    1646              
    1647              ||__isnormall||:
    1648              ;* AR5   assigned to $O$C2
    1649              ;* AR6   assigned to $O$S1
    1650              ;* AR4   assigned to e
    1651              $C$DW$83        .dwtag  DW_TAG_variable
    1652                      .dwattr $C$DW$83, DW_AT_name("e")
    1653                      .dwattr $C$DW$83, DW_AT_type(*$C$DW$T$82)
    1654                      .dwattr $C$DW$83, DW_AT_location[DW_OP_reg12]
    1655              
    1656                      .dwcfi  cfa_offset, -2
    1657                      .dwcfi  save_reg_to_mem, 26, 0
    1658 00000000 FE04          ADDB      SP,#4                 ; [CPU_ARAU] 
    1659                      .dwcfi  cfa_offset, -6
    1660                      .dwpsn  file "C:/ti/ccs1210/ccs/tools/compiler/ti-cgt-c2000_22.6.0.LTS/include/_defs.h",line 360,colu
    1661 00000001 83C4          MOVL      XAR5,*+XAR4[0]        ; [CPU_ALU] |360| 
    1662 00000002 8AD4          MOVL      XAR4,*+XAR4[2]        ; [CPU_ALU] |360| 
    1663 00000003 BE00          MOVB      XAR6,#0               ; [CPU_ALU] |360| 
    1664 00000004 28AC          MOV       T,#52                 ; [CPU_ALU] |360| 
         00000005 0034 
    1665 00000006 A0AB          MOVL      P,XAR5                ; [CPU_ALU] |360| 
    1666 00000007 A8A9          MOVL      ACC,XAR4              ; [CPU_ALU] |360| 
TMS320C2000 Assembler PC v22.6.0 Mon Apr 21 09:03:30 2025

Copyright (c) 1996-2018 Texas Instruments Incorporated
hal_clb_TMS320F280049C.asm                                           PAGE   36

    1667 00000008 C244          MOVL      *-SP[4],XAR6          ; [CPU_ALU] |360| 
    1668 00000009 2B42          MOV       *-SP[2],#0            ; [CPU_ALU] |360| 
    1669 0000000a 565B          LSR64     ACC:P,T               ; [CPU_ALU] |360| 
    1670 0000000b 2B41          MOV       *-SP[1],#0            ; [CPU_FPU] |360| 
    1671 0000000c 9000          ANDB      AL,#0                 ; [CPU_ALU] |360| 
    1672 0000000d 9100          ANDB      AH,#0                 ; [CPU_ALU] |360| 
    1673 0000000e 18AB          AND       PL,#2047              ; [CPU_ALU] |360| 
         0000000f 07FF 
    1674 00000010 18AA          AND       PH,#0                 ; [CPU_ALU] |360| 
         00000011 0000 
    1675              $C$DW$84        .dwtag  DW_TAG_TI_branch
    1676                      .dwattr $C$DW$84, DW_AT_low_pc(0x00)
    1677                      .dwattr $C$DW$84, DW_AT_name("__c28xabi_cmpull")
    1678                      .dwattr $C$DW$84, DW_AT_TI_call
    1679              
    1680 00000012 7640!         LCR       #||__c28xabi_cmpull|| ; [CPU_ALU] |360| 
         00000013 0000 
    1681                      ; call occurs [#||__c28xabi_cmpull||] ; [] |360| 
    1682 00000014 BE00          MOVB      XAR6,#0               ; [CPU_ALU] |360| 
    1683 00000015 5200          CMPB      AL,#0                 ; [CPU_ALU] |360| 
    1684 00000016 610E          B         ||$C$L2||,EQ          ; [CPU_ALU] |360| 
    1685                      ; branchcc occurs ; [] |360| 
    1686 00000017 A0AB          MOVL      P,XAR5                ; [CPU_ALU] |360| 
    1687 00000018 A8A9          MOVL      ACC,XAR4              ; [CPU_ALU] |360| 
    1688 00000019 28AC          MOV       T,#48                 ; [CPU_ALU] |360| 
         0000001a 0030 
    1689 0000001b 565B          LSR64     ACC:P,T               ; [CPU_ALU] |360| 
    1690 0000001c 18AB          AND       PL,#0x7ff0            ; [CPU_ALU] |360| 
         0000001d 7FF0 
    1691 0000001e 80AB          MOVZ      AR7,PL                ; [CPU_ALU] |360| 
    1692 0000001f FF20          MOV       ACC,#32752            ; [CPU_ALU] |360| 
         00000020 7FF0 
    1693 00000021 0FA7          CMPL      ACC,XAR7              ; [CPU_ALU] |360| 
    1694 00000022 56B0          MOVB      XAR6,#1,NEQ           ; [CPU_ALU] |360| 
         00000023 01A6 
    1695 00000024       ||$C$L2||:    
    1696 00000024 FE84          SUBB      SP,#4                 ; [CPU_ARAU] 
    1697                      .dwcfi  cfa_offset, -2
    1698 00000025 92A6          MOV       AL,AR6                ; [CPU_ALU] |360| 
    1699              $C$DW$85        .dwtag  DW_TAG_TI_branch
    1700                      .dwattr $C$DW$85, DW_AT_low_pc(0x00)
    1701                      .dwattr $C$DW$85, DW_AT_TI_return
    1702              
    1703 00000026 0006          LRETR     ; [CPU_ALU] 
    1704                      ; return occurs ; [] 
    1705                      .dwattr $C$DW$81, DW_AT_TI_end_file("C:/ti/ccs1210/ccs/tools/compiler/ti-cgt-c2000_22.6.0.LTS/include
    1706                      .dwattr $C$DW$81, DW_AT_TI_end_line(0x169)
    1707                      .dwattr $C$DW$81, DW_AT_TI_end_column(0x31)
    1708                      .dwendentry
    1709                      .dwendtag $C$DW$81
    1710              
    1711 00000000               .sect   ".text:__isnormalf"
    1712                      .clink
    1713                      .global ||__isnormalf||
    1714              
TMS320C2000 Assembler PC v22.6.0 Mon Apr 21 09:03:30 2025

Copyright (c) 1996-2018 Texas Instruments Incorporated
hal_clb_TMS320F280049C.asm                                           PAGE   37

    1715              $C$DW$86        .dwtag  DW_TAG_subprogram
    1716                      .dwattr $C$DW$86, DW_AT_name("__isnormalf")
    1717                      .dwattr $C$DW$86, DW_AT_low_pc(||__isnormalf||)
    1718                      .dwattr $C$DW$86, DW_AT_high_pc(0x00)
    1719                      .dwattr $C$DW$86, DW_AT_linkage_name("__isnormalf")
    1720                      .dwattr $C$DW$86, DW_AT_external
    1721                      .dwattr $C$DW$86, DW_AT_type(*$C$DW$T$10)
    1722                      .dwattr $C$DW$86, DW_AT_decl_file("C:/ti/ccs1210/ccs/tools/compiler/ti-cgt-c2000_22.6.0.LTS/include/_
    1723                      .dwattr $C$DW$86, DW_AT_decl_line(0x163)
    1724                      .dwattr $C$DW$86, DW_AT_decl_column(0x18)
    1725                      .dwattr $C$DW$86, DW_AT_TI_max_frame_size(-2)
    1726                      .dwpsn  file "C:/ti/ccs1210/ccs/tools/compiler/ti-cgt-c2000_22.6.0.LTS/include/_defs.h",line 356,colu
    1727              
    1728                      .dwfde $C$DW$CIE, ||__isnormalf||
    1729              $C$DW$87        .dwtag  DW_TAG_formal_parameter
    1730                      .dwattr $C$DW$87, DW_AT_name("f")
    1731                      .dwattr $C$DW$87, DW_AT_type(*$C$DW$T$16)
    1732                      .dwattr $C$DW$87, DW_AT_location[DW_OP_regx 0x2b]
    1733              
    1734              
    1735              ;***************************************************************
    1736              ;* FNAME: __isnormalf                   FR SIZE:   0           *
    1737              ;*                                                             *
    1738              ;* FUNCTION ENVIRONMENT                                        *
    1739              ;*                                                             *
    1740              ;* FUNCTION PROPERTIES                                         *
    1741              ;*                            0 Parameter,  0 Auto,  0 SOE     *
    1742              ;***************************************************************
    1743              
    1744              ||__isnormalf||:
    1745              ;* PL    assigned to $O$K3
    1746              ;* AR6   assigned to $O$S1
    1747              ;* R0    assigned to f
    1748              $C$DW$88        .dwtag  DW_TAG_variable
    1749                      .dwattr $C$DW$88, DW_AT_name("f")
    1750                      .dwattr $C$DW$88, DW_AT_type(*$C$DW$T$78)
    1751                      .dwattr $C$DW$88, DW_AT_location[DW_OP_regx 0x2b]
    1752              
    1753                      .dwcfi  cfa_offset, -2
    1754                      .dwcfi  save_reg_to_mem, 26, 0
    1755                      .dwpsn  file "C:/ti/ccs1210/ccs/tools/compiler/ti-cgt-c2000_22.6.0.LTS/include/_defs.h",line 356,colu
    1756 00000000 BFAB          MOV32     P,R0H                 ; [CPU_FPU] |356| 
         00000001 0F12 
    1757 00000002 28AC          MOV       T,#23                 ; [CPU_ALU] |356| 
         00000003 0017 
    1758 00000004 A9A9          MOVL      ACC,P                 ; [CPU_ALU] |356| 
    1759 00000005 BE00          MOVB      XAR6,#0               ; [CPU_ALU] |356| 
    1760 00000006 5622          LSRL      ACC,T                 ; [CPU_ALU] |356| 
    1761 00000007 90FF          ANDB      AL,#0xff              ; [CPU_ALU] |356| 
    1762 00000008 6109          B         ||$C$L3||,EQ          ; [CPU_ALU] |356| 
    1763                      ; branchcc occurs ; [] |356| 
    1764 00000009 CCAA          AND       AL,PH,#0x7f80         ; [CPU_ALU] |356| 
         0000000a 7F80 
    1765 0000000b 80A9          MOVZ      AR7,AL                ; [CPU_ALU] |356| 
    1766 0000000c FF20          MOV       ACC,#32640            ; [CPU_ALU] |356| 
TMS320C2000 Assembler PC v22.6.0 Mon Apr 21 09:03:30 2025

Copyright (c) 1996-2018 Texas Instruments Incorporated
hal_clb_TMS320F280049C.asm                                           PAGE   38

         0000000d 7F80 
    1767 0000000e 0FA7          CMPL      ACC,XAR7              ; [CPU_ALU] |356| 
    1768 0000000f 56B0          MOVB      XAR6,#1,NEQ           ; [CPU_ALU] |356| 
         00000010 01A6 
    1769 00000011       ||$C$L3||:    
    1770 00000011 92A6          MOV       AL,AR6                ; [CPU_ALU] |356| 
    1771              $C$DW$89        .dwtag  DW_TAG_TI_branch
    1772                      .dwattr $C$DW$89, DW_AT_low_pc(0x00)
    1773                      .dwattr $C$DW$89, DW_AT_TI_return
    1774              
    1775 00000012 0006          LRETR     ; [CPU_ALU] 
    1776                      ; return occurs ; [] 
    1777                      .dwattr $C$DW$86, DW_AT_TI_end_file("C:/ti/ccs1210/ccs/tools/compiler/ti-cgt-c2000_22.6.0.LTS/include
    1778                      .dwattr $C$DW$86, DW_AT_TI_end_line(0x165)
    1779                      .dwattr $C$DW$86, DW_AT_TI_end_column(0x2f)
    1780                      .dwendentry
    1781                      .dwendtag $C$DW$86
    1782              
    1783 00000000               .sect   ".text:__isnormal"
    1784                      .clink
    1785                      .global ||__isnormal||
    1786              
    1787              $C$DW$90        .dwtag  DW_TAG_subprogram
    1788                      .dwattr $C$DW$90, DW_AT_name("__isnormal")
    1789                      .dwattr $C$DW$90, DW_AT_low_pc(||__isnormal||)
    1790                      .dwattr $C$DW$90, DW_AT_high_pc(0x00)
    1791                      .dwattr $C$DW$90, DW_AT_linkage_name("__isnormal")
    1792                      .dwattr $C$DW$90, DW_AT_external
    1793                      .dwattr $C$DW$90, DW_AT_type(*$C$DW$T$10)
    1794                      .dwattr $C$DW$90, DW_AT_decl_file("C:/ti/ccs1210/ccs/tools/compiler/ti-cgt-c2000_22.6.0.LTS/include/_
    1795                      .dwattr $C$DW$90, DW_AT_decl_line(0x15f)
    1796                      .dwattr $C$DW$90, DW_AT_decl_column(0x18)
    1797                      .dwattr $C$DW$90, DW_AT_TI_max_frame_size(-6)
    1798                      .dwpsn  file "C:/ti/ccs1210/ccs/tools/compiler/ti-cgt-c2000_22.6.0.LTS/include/_defs.h",line 352,colu
    1799              
    1800                      .dwfde $C$DW$CIE, ||__isnormal||
    1801              $C$DW$91        .dwtag  DW_TAG_formal_parameter
    1802                      .dwattr $C$DW$91, DW_AT_name("d")
    1803                      .dwattr $C$DW$91, DW_AT_type(*$C$DW$T$79)
    1804                      .dwattr $C$DW$91, DW_AT_location[DW_OP_reg12]
    1805              
    1806              
    1807              ;***************************************************************
    1808              ;* FNAME: __isnormal                    FR SIZE:   4           *
    1809              ;*                                                             *
    1810              ;* FUNCTION ENVIRONMENT                                        *
    1811              ;*                                                             *
    1812              ;* FUNCTION PROPERTIES                                         *
    1813              ;*                            4 Parameter,  0 Auto,  0 SOE     *
    1814              ;***************************************************************
    1815              
    1816              ||__isnormal||:
    1817              ;* AR5   assigned to $O$C2
    1818              ;* AR6   assigned to $O$S1
    1819              ;* AR4   assigned to d
TMS320C2000 Assembler PC v22.6.0 Mon Apr 21 09:03:30 2025

Copyright (c) 1996-2018 Texas Instruments Incorporated
hal_clb_TMS320F280049C.asm                                           PAGE   39

    1820              $C$DW$92        .dwtag  DW_TAG_variable
    1821                      .dwattr $C$DW$92, DW_AT_name("d")
    1822                      .dwattr $C$DW$92, DW_AT_type(*$C$DW$T$80)
    1823                      .dwattr $C$DW$92, DW_AT_location[DW_OP_reg12]
    1824              
    1825                      .dwcfi  cfa_offset, -2
    1826                      .dwcfi  save_reg_to_mem, 26, 0
    1827 00000000 FE04          ADDB      SP,#4                 ; [CPU_ARAU] 
    1828                      .dwcfi  cfa_offset, -6
    1829                      .dwpsn  file "C:/ti/ccs1210/ccs/tools/compiler/ti-cgt-c2000_22.6.0.LTS/include/_defs.h",line 352,colu
    1830 00000001 83C4          MOVL      XAR5,*+XAR4[0]        ; [CPU_ALU] |352| 
    1831 00000002 8AD4          MOVL      XAR4,*+XAR4[2]        ; [CPU_ALU] |352| 
    1832 00000003 BE00          MOVB      XAR6,#0               ; [CPU_ALU] |352| 
    1833 00000004 28AC          MOV       T,#52                 ; [CPU_ALU] |352| 
         00000005 0034 
    1834 00000006 A0AB          MOVL      P,XAR5                ; [CPU_ALU] |352| 
    1835 00000007 A8A9          MOVL      ACC,XAR4              ; [CPU_ALU] |352| 
    1836 00000008 C244          MOVL      *-SP[4],XAR6          ; [CPU_ALU] |352| 
    1837 00000009 2B42          MOV       *-SP[2],#0            ; [CPU_ALU] |352| 
    1838 0000000a 565B          LSR64     ACC:P,T               ; [CPU_ALU] |352| 
    1839 0000000b 2B41          MOV       *-SP[1],#0            ; [CPU_FPU] |352| 
    1840 0000000c 9000          ANDB      AL,#0                 ; [CPU_ALU] |352| 
    1841 0000000d 9100          ANDB      AH,#0                 ; [CPU_ALU] |352| 
    1842 0000000e 18AB          AND       PL,#2047              ; [CPU_ALU] |352| 
         0000000f 07FF 
    1843 00000010 18AA          AND       PH,#0                 ; [CPU_ALU] |352| 
         00000011 0000 
    1844              $C$DW$93        .dwtag  DW_TAG_TI_branch
    1845                      .dwattr $C$DW$93, DW_AT_low_pc(0x00)
    1846                      .dwattr $C$DW$93, DW_AT_name("__c28xabi_cmpull")
    1847                      .dwattr $C$DW$93, DW_AT_TI_call
    1848              
    1849 00000012 7640!         LCR       #||__c28xabi_cmpull|| ; [CPU_ALU] |352| 
         00000013 0000 
    1850                      ; call occurs [#||__c28xabi_cmpull||] ; [] |352| 
    1851 00000014 BE00          MOVB      XAR6,#0               ; [CPU_ALU] |352| 
    1852 00000015 5200          CMPB      AL,#0                 ; [CPU_ALU] |352| 
    1853 00000016 610E          B         ||$C$L4||,EQ          ; [CPU_ALU] |352| 
    1854                      ; branchcc occurs ; [] |352| 
    1855 00000017 A0AB          MOVL      P,XAR5                ; [CPU_ALU] |352| 
    1856 00000018 A8A9          MOVL      ACC,XAR4              ; [CPU_ALU] |352| 
    1857 00000019 28AC          MOV       T,#48                 ; [CPU_ALU] |352| 
         0000001a 0030 
    1858 0000001b 565B          LSR64     ACC:P,T               ; [CPU_ALU] |352| 
    1859 0000001c 18AB          AND       PL,#0x7ff0            ; [CPU_ALU] |352| 
         0000001d 7FF0 
    1860 0000001e 80AB          MOVZ      AR7,PL                ; [CPU_ALU] |352| 
    1861 0000001f FF20          MOV       ACC,#32752            ; [CPU_ALU] |352| 
         00000020 7FF0 
    1862 00000021 0FA7          CMPL      ACC,XAR7              ; [CPU_ALU] |352| 
    1863 00000022 56B0          MOVB      XAR6,#1,NEQ           ; [CPU_ALU] |352| 
         00000023 01A6 
    1864 00000024       ||$C$L4||:    
    1865 00000024 FE84          SUBB      SP,#4                 ; [CPU_ARAU] 
    1866                      .dwcfi  cfa_offset, -2
TMS320C2000 Assembler PC v22.6.0 Mon Apr 21 09:03:30 2025

Copyright (c) 1996-2018 Texas Instruments Incorporated
hal_clb_TMS320F280049C.asm                                           PAGE   40

    1867 00000025 92A6          MOV       AL,AR6                ; [CPU_ALU] |352| 
    1868              $C$DW$94        .dwtag  DW_TAG_TI_branch
    1869                      .dwattr $C$DW$94, DW_AT_low_pc(0x00)
    1870                      .dwattr $C$DW$94, DW_AT_TI_return
    1871              
    1872 00000026 0006          LRETR     ; [CPU_ALU] 
    1873                      ; return occurs ; [] 
    1874                      .dwattr $C$DW$90, DW_AT_TI_end_file("C:/ti/ccs1210/ccs/tools/compiler/ti-cgt-c2000_22.6.0.LTS/include
    1875                      .dwattr $C$DW$90, DW_AT_TI_end_line(0x161)
    1876                      .dwattr $C$DW$90, DW_AT_TI_end_column(0x30)
    1877                      .dwendentry
    1878                      .dwendtag $C$DW$90
    1879              
    1880 00000000               .sect   ".text:__isnanl"
    1881                      .clink
    1882                      .global ||__isnanl||
    1883              
    1884              $C$DW$95        .dwtag  DW_TAG_subprogram
    1885                      .dwattr $C$DW$95, DW_AT_name("__isnanl")
    1886                      .dwattr $C$DW$95, DW_AT_low_pc(||__isnanl||)
    1887                      .dwattr $C$DW$95, DW_AT_high_pc(0x00)
    1888                      .dwattr $C$DW$95, DW_AT_linkage_name("__isnanl")
    1889                      .dwattr $C$DW$95, DW_AT_external
    1890                      .dwattr $C$DW$95, DW_AT_type(*$C$DW$T$10)
    1891                      .dwattr $C$DW$95, DW_AT_decl_file("C:/ti/ccs1210/ccs/tools/compiler/ti-cgt-c2000_22.6.0.LTS/include/_
    1892                      .dwattr $C$DW$95, DW_AT_decl_line(0x15b)
    1893                      .dwattr $C$DW$95, DW_AT_decl_column(0x18)
    1894                      .dwattr $C$DW$95, DW_AT_TI_max_frame_size(-6)
    1895                      .dwpsn  file "C:/ti/ccs1210/ccs/tools/compiler/ti-cgt-c2000_22.6.0.LTS/include/_defs.h",line 348,colu
    1896              
    1897                      .dwfde $C$DW$CIE, ||__isnanl||
    1898              $C$DW$96        .dwtag  DW_TAG_formal_parameter
    1899                      .dwattr $C$DW$96, DW_AT_name("e")
    1900                      .dwattr $C$DW$96, DW_AT_type(*$C$DW$T$81)
    1901                      .dwattr $C$DW$96, DW_AT_location[DW_OP_reg12]
    1902              
    1903              
    1904              ;***************************************************************
    1905              ;* FNAME: __isnanl                      FR SIZE:   4           *
    1906              ;*                                                             *
    1907              ;* FUNCTION ENVIRONMENT                                        *
    1908              ;*                                                             *
    1909              ;* FUNCTION PROPERTIES                                         *
    1910              ;*                            4 Parameter,  0 Auto,  0 SOE     *
    1911              ;***************************************************************
    1912              
    1913              ||__isnanl||:
    1914              ;* AR7   assigned to $O$C2
    1915              ;* AR4   assigned to $O$S1
    1916              ;* AR4   assigned to e
    1917              $C$DW$97        .dwtag  DW_TAG_variable
    1918                      .dwattr $C$DW$97, DW_AT_name("e")
    1919                      .dwattr $C$DW$97, DW_AT_type(*$C$DW$T$82)
    1920                      .dwattr $C$DW$97, DW_AT_location[DW_OP_reg12]
    1921              
TMS320C2000 Assembler PC v22.6.0 Mon Apr 21 09:03:30 2025

Copyright (c) 1996-2018 Texas Instruments Incorporated
hal_clb_TMS320F280049C.asm                                           PAGE   41

    1922                      .dwcfi  cfa_offset, -2
    1923                      .dwcfi  save_reg_to_mem, 26, 0
    1924 00000000 FE04          ADDB      SP,#4                 ; [CPU_ARAU] 
    1925                      .dwcfi  cfa_offset, -6
    1926                      .dwpsn  file "C:/ti/ccs1210/ccs/tools/compiler/ti-cgt-c2000_22.6.0.LTS/include/_defs.h",line 348,colu
    1927 00000001 C5C4          MOVL      XAR7,*+XAR4[0]        ; [CPU_ALU] |348| 
    1928 00000002 06D4          MOVL      ACC,*+XAR4[2]         ; [CPU_ALU] |348| 
    1929 00000003 28AC          MOV       T,#48                 ; [CPU_ALU] |348| 
         00000004 0030 
    1930 00000005 1EA6          MOVL      XAR6,ACC              ; [CPU_ALU] |348| 
    1931 00000006 A3A7          MOVL      P,XAR7                ; [CPU_ALU] |348| 
    1932 00000007 D400          MOVB      XAR4,#0               ; [CPU_ALU] |348| 
    1933 00000008 565B          LSR64     ACC:P,T               ; [CPU_ALU] |348| 
    1934 00000009 2BAA          MOV       PH,#0                 ; [CPU_ALU] |348| 
    1935 0000000a 18AB          AND       PL,#0x7ff0            ; [CPU_ALU] |348| 
         0000000b 7FF0 
    1936 0000000c FF20          MOV       ACC,#32752            ; [CPU_ALU] |348| 
         0000000d 7FF0 
    1937 0000000e 0FAB          CMPL      ACC,P                 ; [CPU_ALU] |348| 
    1938 0000000f 6013          B         ||$C$L5||,NEQ         ; [CPU_ALU] |348| 
    1939                      ; branchcc occurs ; [] |348| 
    1940 00000010 06A6          MOVL      ACC,XAR6              ; [CPU_ALU] |348| 
    1941 00000011 A3A7          MOVL      P,XAR7                ; [CPU_ALU] |348| 
    1942 00000012 BE00          MOVB      XAR6,#0               ; [CPU_ALU] |348| 
    1943 00000013 18A9          AND       AL,#65535             ; [CPU_ALU] |348| 
         00000014 FFFF 
    1944 00000015 910F          ANDB      AH,#15                ; [CPU_ALU] |348| 
    1945 00000016 18AB          AND       PL,#65535             ; [CPU_ALU] |348| 
         00000017 FFFF 
    1946 00000018 18AA          AND       PH,#65535             ; [CPU_ALU] |348| 
         00000019 FFFF 
    1947 0000001a C244          MOVL      *-SP[4],XAR6          ; [CPU_FPU] |348| 
    1948 0000001b 2B42          MOV       *-SP[2],#0            ; [CPU_FPU] |348| 
    1949 0000001c 2B41          MOV       *-SP[1],#0            ; [CPU_FPU] |348| 
    1950              $C$DW$98        .dwtag  DW_TAG_TI_branch
    1951                      .dwattr $C$DW$98, DW_AT_low_pc(0x00)
    1952                      .dwattr $C$DW$98, DW_AT_name("__c28xabi_cmpull")
    1953                      .dwattr $C$DW$98, DW_AT_TI_call
    1954              
    1955 0000001d 7640!         LCR       #||__c28xabi_cmpull|| ; [CPU_ALU] |348| 
         0000001e 0000 
    1956                      ; call occurs [#||__c28xabi_cmpull||] ; [] |348| 
    1957 0000001f 5200          CMPB      AL,#0                 ; [CPU_ALU] |348| 
    1958 00000020 56B0          MOVB      XAR4,#1,NEQ           ; [CPU_ALU] |348| 
         00000021 01A4 
    1959 00000022       ||$C$L5||:    
    1960 00000022 FE84          SUBB      SP,#4                 ; [CPU_ARAU] 
    1961                      .dwcfi  cfa_offset, -2
    1962 00000023 92A4          MOV       AL,AR4                ; [CPU_ALU] |348| 
    1963              $C$DW$99        .dwtag  DW_TAG_TI_branch
    1964                      .dwattr $C$DW$99, DW_AT_low_pc(0x00)
    1965                      .dwattr $C$DW$99, DW_AT_TI_return
    1966              
    1967 00000024 0006          LRETR     ; [CPU_ALU] 
    1968                      ; return occurs ; [] 
TMS320C2000 Assembler PC v22.6.0 Mon Apr 21 09:03:30 2025

Copyright (c) 1996-2018 Texas Instruments Incorporated
hal_clb_TMS320F280049C.asm                                           PAGE   42

    1969                      .dwattr $C$DW$95, DW_AT_TI_end_file("C:/ti/ccs1210/ccs/tools/compiler/ti-cgt-c2000_22.6.0.LTS/include
    1970                      .dwattr $C$DW$95, DW_AT_TI_end_line(0x15d)
    1971                      .dwattr $C$DW$95, DW_AT_TI_end_column(0x30)
    1972                      .dwendentry
    1973                      .dwendtag $C$DW$95
    1974              
    1975 00000000               .sect   ".text:__isnanf"
    1976                      .clink
    1977                      .global ||__isnanf||
    1978              
    1979              $C$DW$100       .dwtag  DW_TAG_subprogram
    1980                      .dwattr $C$DW$100, DW_AT_name("__isnanf")
    1981                      .dwattr $C$DW$100, DW_AT_low_pc(||__isnanf||)
    1982                      .dwattr $C$DW$100, DW_AT_high_pc(0x00)
    1983                      .dwattr $C$DW$100, DW_AT_linkage_name("__isnanf")
    1984                      .dwattr $C$DW$100, DW_AT_external
    1985                      .dwattr $C$DW$100, DW_AT_type(*$C$DW$T$10)
    1986                      .dwattr $C$DW$100, DW_AT_decl_file("C:/ti/ccs1210/ccs/tools/compiler/ti-cgt-c2000_22.6.0.LTS/include/
    1987                      .dwattr $C$DW$100, DW_AT_decl_line(0x158)
    1988                      .dwattr $C$DW$100, DW_AT_decl_column(0x18)
    1989                      .dwattr $C$DW$100, DW_AT_TI_max_frame_size(-2)
    1990                      .dwpsn  file "C:/ti/ccs1210/ccs/tools/compiler/ti-cgt-c2000_22.6.0.LTS/include/_defs.h",line 345,colu
    1991              
    1992                      .dwfde $C$DW$CIE, ||__isnanf||
    1993              $C$DW$101       .dwtag  DW_TAG_formal_parameter
    1994                      .dwattr $C$DW$101, DW_AT_name("f")
    1995                      .dwattr $C$DW$101, DW_AT_type(*$C$DW$T$16)
    1996                      .dwattr $C$DW$101, DW_AT_location[DW_OP_regx 0x2b]
    1997              
    1998              
    1999              ;***************************************************************
    2000              ;* FNAME: __isnanf                      FR SIZE:   0           *
    2001              ;*                                                             *
    2002              ;* FUNCTION ENVIRONMENT                                        *
    2003              ;*                                                             *
    2004              ;* FUNCTION PROPERTIES                                         *
    2005              ;*                            0 Parameter,  0 Auto,  0 SOE     *
    2006              ;***************************************************************
    2007              
    2008              ||__isnanf||:
    2009              ;* PL    assigned to $O$K3
    2010              ;* AR6   assigned to $O$S1
    2011              ;* R0    assigned to f
    2012              $C$DW$102       .dwtag  DW_TAG_variable
    2013                      .dwattr $C$DW$102, DW_AT_name("f")
    2014                      .dwattr $C$DW$102, DW_AT_type(*$C$DW$T$78)
    2015                      .dwattr $C$DW$102, DW_AT_location[DW_OP_regx 0x2b]
    2016              
    2017                      .dwcfi  cfa_offset, -2
    2018                      .dwcfi  save_reg_to_mem, 26, 0
    2019                      .dwpsn  file "C:/ti/ccs1210/ccs/tools/compiler/ti-cgt-c2000_22.6.0.LTS/include/_defs.h",line 345,colu
    2020 00000000 BFAB          MOV32     P,R0H                 ; [CPU_FPU] |345| 
         00000001 0F12 
    2021 00000002 CCAA          AND       AL,PH,#0x7f80         ; [CPU_ALU] |345| 
         00000003 7F80 
TMS320C2000 Assembler PC v22.6.0 Mon Apr 21 09:03:30 2025

Copyright (c) 1996-2018 Texas Instruments Incorporated
hal_clb_TMS320F280049C.asm                                           PAGE   43

    2022 00000004 80A9          MOVZ      AR7,AL                ; [CPU_ALU] |345| 
    2023 00000005 BE00          MOVB      XAR6,#0               ; [CPU_ALU] |345| 
    2024 00000006 FF20          MOV       ACC,#32640            ; [CPU_ALU] |345| 
         00000007 7F80 
    2025 00000008 0FA7          CMPL      ACC,XAR7              ; [CPU_ALU] |345| 
    2026 00000009 6006          B         ||$C$L6||,NEQ         ; [CPU_ALU] |345| 
    2027                      ; branchcc occurs ; [] |345| 
    2028 0000000a A9A9          MOVL      ACC,P                 ; [CPU_ALU] |345| 
    2029 0000000b 917F          ANDB      AH,#127               ; [CPU_ALU] |345| 
    2030 0000000c FF58          TEST      ACC                   ; [CPU_ALU] |345| 
    2031 0000000d 56B0          MOVB      XAR6,#1,NEQ           ; [CPU_ALU] |345| 
         0000000e 01A6 
    2032 0000000f       ||$C$L6||:    
    2033 0000000f 92A6          MOV       AL,AR6                ; [CPU_ALU] |345| 
    2034              $C$DW$103       .dwtag  DW_TAG_TI_branch
    2035                      .dwattr $C$DW$103, DW_AT_low_pc(0x00)
    2036                      .dwattr $C$DW$103, DW_AT_TI_return
    2037              
    2038 00000010 0006          LRETR     ; [CPU_ALU] 
    2039                      ; return occurs ; [] 
    2040                      .dwattr $C$DW$100, DW_AT_TI_end_file("C:/ti/ccs1210/ccs/tools/compiler/ti-cgt-c2000_22.6.0.LTS/includ
    2041                      .dwattr $C$DW$100, DW_AT_TI_end_line(0x15a)
    2042                      .dwattr $C$DW$100, DW_AT_TI_end_column(0x2e)
    2043                      .dwendentry
    2044                      .dwendtag $C$DW$100
    2045              
    2046 00000000               .sect   ".text:__isnan"
    2047                      .clink
    2048                      .global ||__isnan||
    2049              
    2050              $C$DW$104       .dwtag  DW_TAG_subprogram
    2051                      .dwattr $C$DW$104, DW_AT_name("__isnan")
    2052                      .dwattr $C$DW$104, DW_AT_low_pc(||__isnan||)
    2053                      .dwattr $C$DW$104, DW_AT_high_pc(0x00)
    2054                      .dwattr $C$DW$104, DW_AT_linkage_name("__isnan")
    2055                      .dwattr $C$DW$104, DW_AT_external
    2056                      .dwattr $C$DW$104, DW_AT_type(*$C$DW$T$10)
    2057                      .dwattr $C$DW$104, DW_AT_decl_file("C:/ti/ccs1210/ccs/tools/compiler/ti-cgt-c2000_22.6.0.LTS/include/
    2058                      .dwattr $C$DW$104, DW_AT_decl_line(0x155)
    2059                      .dwattr $C$DW$104, DW_AT_decl_column(0x18)
    2060                      .dwattr $C$DW$104, DW_AT_TI_max_frame_size(-6)
    2061                      .dwpsn  file "C:/ti/ccs1210/ccs/tools/compiler/ti-cgt-c2000_22.6.0.LTS/include/_defs.h",line 342,colu
    2062              
    2063                      .dwfde $C$DW$CIE, ||__isnan||
    2064              $C$DW$105       .dwtag  DW_TAG_formal_parameter
    2065                      .dwattr $C$DW$105, DW_AT_name("d")
    2066                      .dwattr $C$DW$105, DW_AT_type(*$C$DW$T$79)
    2067                      .dwattr $C$DW$105, DW_AT_location[DW_OP_reg12]
    2068              
    2069              
    2070              ;***************************************************************
    2071              ;* FNAME: __isnan                       FR SIZE:   4           *
    2072              ;*                                                             *
    2073              ;* FUNCTION ENVIRONMENT                                        *
    2074              ;*                                                             *
TMS320C2000 Assembler PC v22.6.0 Mon Apr 21 09:03:30 2025

Copyright (c) 1996-2018 Texas Instruments Incorporated
hal_clb_TMS320F280049C.asm                                           PAGE   44

    2075              ;* FUNCTION PROPERTIES                                         *
    2076              ;*                            4 Parameter,  0 Auto,  0 SOE     *
    2077              ;***************************************************************
    2078              
    2079              ||__isnan||:
    2080              ;* AR7   assigned to $O$C2
    2081              ;* AR4   assigned to $O$S1
    2082              ;* AR4   assigned to d
    2083              $C$DW$106       .dwtag  DW_TAG_variable
    2084                      .dwattr $C$DW$106, DW_AT_name("d")
    2085                      .dwattr $C$DW$106, DW_AT_type(*$C$DW$T$80)
    2086                      .dwattr $C$DW$106, DW_AT_location[DW_OP_reg12]
    2087              
    2088                      .dwcfi  cfa_offset, -2
    2089                      .dwcfi  save_reg_to_mem, 26, 0
    2090 00000000 FE04          ADDB      SP,#4                 ; [CPU_ARAU] 
    2091                      .dwcfi  cfa_offset, -6
    2092                      .dwpsn  file "C:/ti/ccs1210/ccs/tools/compiler/ti-cgt-c2000_22.6.0.LTS/include/_defs.h",line 342,colu
    2093 00000001 C5C4          MOVL      XAR7,*+XAR4[0]        ; [CPU_ALU] |342| 
    2094 00000002 06D4          MOVL      ACC,*+XAR4[2]         ; [CPU_ALU] |342| 
    2095 00000003 28AC          MOV       T,#48                 ; [CPU_ALU] |342| 
         00000004 0030 
    2096 00000005 1EA6          MOVL      XAR6,ACC              ; [CPU_ALU] |342| 
    2097 00000006 A3A7          MOVL      P,XAR7                ; [CPU_ALU] |342| 
    2098 00000007 D400          MOVB      XAR4,#0               ; [CPU_ALU] |342| 
    2099 00000008 565B          LSR64     ACC:P,T               ; [CPU_ALU] |342| 
    2100 00000009 2BAA          MOV       PH,#0                 ; [CPU_ALU] |342| 
    2101 0000000a 18AB          AND       PL,#0x7ff0            ; [CPU_ALU] |342| 
         0000000b 7FF0 
    2102 0000000c FF20          MOV       ACC,#32752            ; [CPU_ALU] |342| 
         0000000d 7FF0 
    2103 0000000e 0FAB          CMPL      ACC,P                 ; [CPU_ALU] |342| 
    2104 0000000f 6013          B         ||$C$L7||,NEQ         ; [CPU_ALU] |342| 
    2105                      ; branchcc occurs ; [] |342| 
    2106 00000010 06A6          MOVL      ACC,XAR6              ; [CPU_ALU] |342| 
    2107 00000011 A3A7          MOVL      P,XAR7                ; [CPU_ALU] |342| 
    2108 00000012 BE00          MOVB      XAR6,#0               ; [CPU_ALU] |342| 
    2109 00000013 18A9          AND       AL,#65535             ; [CPU_ALU] |342| 
         00000014 FFFF 
    2110 00000015 910F          ANDB      AH,#15                ; [CPU_ALU] |342| 
    2111 00000016 18AB          AND       PL,#65535             ; [CPU_ALU] |342| 
         00000017 FFFF 
    2112 00000018 18AA          AND       PH,#65535             ; [CPU_ALU] |342| 
         00000019 FFFF 
    2113 0000001a C244          MOVL      *-SP[4],XAR6          ; [CPU_FPU] |342| 
    2114 0000001b 2B42          MOV       *-SP[2],#0            ; [CPU_FPU] |342| 
    2115 0000001c 2B41          MOV       *-SP[1],#0            ; [CPU_FPU] |342| 
    2116              $C$DW$107       .dwtag  DW_TAG_TI_branch
    2117                      .dwattr $C$DW$107, DW_AT_low_pc(0x00)
    2118                      .dwattr $C$DW$107, DW_AT_name("__c28xabi_cmpull")
    2119                      .dwattr $C$DW$107, DW_AT_TI_call
    2120              
    2121 0000001d 7640!         LCR       #||__c28xabi_cmpull|| ; [CPU_ALU] |342| 
         0000001e 0000 
    2122                      ; call occurs [#||__c28xabi_cmpull||] ; [] |342| 
TMS320C2000 Assembler PC v22.6.0 Mon Apr 21 09:03:30 2025

Copyright (c) 1996-2018 Texas Instruments Incorporated
hal_clb_TMS320F280049C.asm                                           PAGE   45

    2123 0000001f 5200          CMPB      AL,#0                 ; [CPU_ALU] |342| 
    2124 00000020 56B0          MOVB      XAR4,#1,NEQ           ; [CPU_ALU] |342| 
         00000021 01A4 
    2125 00000022       ||$C$L7||:    
    2126 00000022 FE84          SUBB      SP,#4                 ; [CPU_ARAU] 
    2127                      .dwcfi  cfa_offset, -2
    2128 00000023 92A4          MOV       AL,AR4                ; [CPU_ALU] |342| 
    2129              $C$DW$108       .dwtag  DW_TAG_TI_branch
    2130                      .dwattr $C$DW$108, DW_AT_low_pc(0x00)
    2131                      .dwattr $C$DW$108, DW_AT_TI_return
    2132              
    2133 00000024 0006          LRETR     ; [CPU_ALU] 
    2134                      ; return occurs ; [] 
    2135                      .dwattr $C$DW$104, DW_AT_TI_end_file("C:/ti/ccs1210/ccs/tools/compiler/ti-cgt-c2000_22.6.0.LTS/includ
    2136                      .dwattr $C$DW$104, DW_AT_TI_end_line(0x157)
    2137                      .dwattr $C$DW$104, DW_AT_TI_end_column(0x2f)
    2138                      .dwendentry
    2139                      .dwendtag $C$DW$104
    2140              
    2141 00000000               .sect   ".text:__isinfl"
    2142                      .clink
    2143                      .global ||__isinfl||
    2144              
    2145              $C$DW$109       .dwtag  DW_TAG_subprogram
    2146                      .dwattr $C$DW$109, DW_AT_name("__isinfl")
    2147                      .dwattr $C$DW$109, DW_AT_low_pc(||__isinfl||)
    2148                      .dwattr $C$DW$109, DW_AT_high_pc(0x00)
    2149                      .dwattr $C$DW$109, DW_AT_linkage_name("__isinfl")
    2150                      .dwattr $C$DW$109, DW_AT_external
    2151                      .dwattr $C$DW$109, DW_AT_type(*$C$DW$T$10)
    2152                      .dwattr $C$DW$109, DW_AT_decl_file("C:/ti/ccs1210/ccs/tools/compiler/ti-cgt-c2000_22.6.0.LTS/include/
    2153                      .dwattr $C$DW$109, DW_AT_decl_line(0x17a)
    2154                      .dwattr $C$DW$109, DW_AT_decl_column(0x18)
    2155                      .dwattr $C$DW$109, DW_AT_TI_max_frame_size(-6)
    2156                      .dwpsn  file "C:/ti/ccs1210/ccs/tools/compiler/ti-cgt-c2000_22.6.0.LTS/include/_defs.h",line 379,colu
    2157              
    2158                      .dwfde $C$DW$CIE, ||__isinfl||
    2159              $C$DW$110       .dwtag  DW_TAG_formal_parameter
    2160                      .dwattr $C$DW$110, DW_AT_name("e")
    2161                      .dwattr $C$DW$110, DW_AT_type(*$C$DW$T$81)
    2162                      .dwattr $C$DW$110, DW_AT_location[DW_OP_reg12]
    2163              
    2164              
    2165              ;***************************************************************
    2166              ;* FNAME: __isinfl                      FR SIZE:   4           *
    2167              ;*                                                             *
    2168              ;* FUNCTION ENVIRONMENT                                        *
    2169              ;*                                                             *
    2170              ;* FUNCTION PROPERTIES                                         *
    2171              ;*                            4 Parameter,  0 Auto,  0 SOE     *
    2172              ;***************************************************************
    2173              
    2174              ||__isinfl||:
    2175              ;* AR7   assigned to $O$C2
    2176              ;* AR4   assigned to $O$S1
TMS320C2000 Assembler PC v22.6.0 Mon Apr 21 09:03:30 2025

Copyright (c) 1996-2018 Texas Instruments Incorporated
hal_clb_TMS320F280049C.asm                                           PAGE   46

    2177              ;* AR4   assigned to e
    2178              $C$DW$111       .dwtag  DW_TAG_variable
    2179                      .dwattr $C$DW$111, DW_AT_name("e")
    2180                      .dwattr $C$DW$111, DW_AT_type(*$C$DW$T$82)
    2181                      .dwattr $C$DW$111, DW_AT_location[DW_OP_reg12]
    2182              
    2183                      .dwcfi  cfa_offset, -2
    2184                      .dwcfi  save_reg_to_mem, 26, 0
    2185 00000000 FE04          ADDB      SP,#4                 ; [CPU_ARAU] 
    2186                      .dwcfi  cfa_offset, -6
    2187                      .dwpsn  file "C:/ti/ccs1210/ccs/tools/compiler/ti-cgt-c2000_22.6.0.LTS/include/_defs.h",line 379,colu
    2188 00000001 C5C4          MOVL      XAR7,*+XAR4[0]        ; [CPU_ALU] |379| 
    2189 00000002 06D4          MOVL      ACC,*+XAR4[2]         ; [CPU_ALU] |379| 
    2190 00000003 28AC          MOV       T,#48                 ; [CPU_ALU] |379| 
         00000004 0030 
    2191 00000005 1EA6          MOVL      XAR6,ACC              ; [CPU_ALU] |379| 
    2192 00000006 A3A7          MOVL      P,XAR7                ; [CPU_ALU] |379| 
    2193 00000007 D400          MOVB      XAR4,#0               ; [CPU_ALU] |379| 
    2194 00000008 565B          LSR64     ACC:P,T               ; [CPU_ALU] |379| 
    2195 00000009 2BAA          MOV       PH,#0                 ; [CPU_ALU] |379| 
    2196 0000000a 18AB          AND       PL,#0x7ff0            ; [CPU_ALU] |379| 
         0000000b 7FF0 
    2197 0000000c FF20          MOV       ACC,#32752            ; [CPU_ALU] |379| 
         0000000d 7FF0 
    2198 0000000e 0FAB          CMPL      ACC,P                 ; [CPU_ALU] |379| 
    2199 0000000f 6013          B         ||$C$L8||,NEQ         ; [CPU_ALU] |379| 
    2200                      ; branchcc occurs ; [] |379| 
    2201 00000010 06A6          MOVL      ACC,XAR6              ; [CPU_ALU] |379| 
    2202 00000011 A3A7          MOVL      P,XAR7                ; [CPU_ALU] |379| 
    2203 00000012 BE00          MOVB      XAR6,#0               ; [CPU_ALU] |379| 
    2204 00000013 18A9          AND       AL,#65535             ; [CPU_ALU] |379| 
         00000014 FFFF 
    2205 00000015 910F          ANDB      AH,#15                ; [CPU_ALU] |379| 
    2206 00000016 18AB          AND       PL,#65535             ; [CPU_ALU] |379| 
         00000017 FFFF 
    2207 00000018 18AA          AND       PH,#65535             ; [CPU_ALU] |379| 
         00000019 FFFF 
    2208 0000001a C244          MOVL      *-SP[4],XAR6          ; [CPU_FPU] |379| 
    2209 0000001b 2B42          MOV       *-SP[2],#0            ; [CPU_FPU] |379| 
    2210 0000001c 2B41          MOV       *-SP[1],#0            ; [CPU_FPU] |379| 
    2211              $C$DW$112       .dwtag  DW_TAG_TI_branch
    2212                      .dwattr $C$DW$112, DW_AT_low_pc(0x00)
    2213                      .dwattr $C$DW$112, DW_AT_name("__c28xabi_cmpull")
    2214                      .dwattr $C$DW$112, DW_AT_TI_call
    2215              
    2216 0000001d 7640!         LCR       #||__c28xabi_cmpull|| ; [CPU_ALU] |379| 
         0000001e 0000 
    2217                      ; call occurs [#||__c28xabi_cmpull||] ; [] |379| 
    2218 0000001f 5200          CMPB      AL,#0                 ; [CPU_ALU] |379| 
    2219 00000020 56B1          MOVB      XAR4,#1,EQ            ; [CPU_ALU] |379| 
         00000021 01A4 
    2220 00000022       ||$C$L8||:    
    2221 00000022 FE84          SUBB      SP,#4                 ; [CPU_ARAU] 
    2222                      .dwcfi  cfa_offset, -2
    2223 00000023 92A4          MOV       AL,AR4                ; [CPU_ALU] |379| 
TMS320C2000 Assembler PC v22.6.0 Mon Apr 21 09:03:30 2025

Copyright (c) 1996-2018 Texas Instruments Incorporated
hal_clb_TMS320F280049C.asm                                           PAGE   47

    2224              $C$DW$113       .dwtag  DW_TAG_TI_branch
    2225                      .dwattr $C$DW$113, DW_AT_low_pc(0x00)
    2226                      .dwattr $C$DW$113, DW_AT_TI_return
    2227              
    2228 00000024 0006          LRETR     ; [CPU_ALU] 
    2229                      ; return occurs ; [] 
    2230                      .dwattr $C$DW$109, DW_AT_TI_end_file("C:/ti/ccs1210/ccs/tools/compiler/ti-cgt-c2000_22.6.0.LTS/includ
    2231                      .dwattr $C$DW$109, DW_AT_TI_end_line(0x17b)
    2232                      .dwattr $C$DW$109, DW_AT_TI_end_column(0x4c)
    2233                      .dwendentry
    2234                      .dwendtag $C$DW$109
    2235              
    2236 00000000               .sect   ".text:__isinff"
    2237                      .clink
    2238                      .global ||__isinff||
    2239              
    2240              $C$DW$114       .dwtag  DW_TAG_subprogram
    2241                      .dwattr $C$DW$114, DW_AT_name("__isinff")
    2242                      .dwattr $C$DW$114, DW_AT_low_pc(||__isinff||)
    2243                      .dwattr $C$DW$114, DW_AT_high_pc(0x00)
    2244                      .dwattr $C$DW$114, DW_AT_linkage_name("__isinff")
    2245                      .dwattr $C$DW$114, DW_AT_external
    2246                      .dwattr $C$DW$114, DW_AT_type(*$C$DW$T$10)
    2247                      .dwattr $C$DW$114, DW_AT_decl_file("C:/ti/ccs1210/ccs/tools/compiler/ti-cgt-c2000_22.6.0.LTS/include/
    2248                      .dwattr $C$DW$114, DW_AT_decl_line(0x176)
    2249                      .dwattr $C$DW$114, DW_AT_decl_column(0x18)
    2250                      .dwattr $C$DW$114, DW_AT_TI_max_frame_size(-2)
    2251                      .dwpsn  file "C:/ti/ccs1210/ccs/tools/compiler/ti-cgt-c2000_22.6.0.LTS/include/_defs.h",line 375,colu
    2252              
    2253                      .dwfde $C$DW$CIE, ||__isinff||
    2254              $C$DW$115       .dwtag  DW_TAG_formal_parameter
    2255                      .dwattr $C$DW$115, DW_AT_name("f")
    2256                      .dwattr $C$DW$115, DW_AT_type(*$C$DW$T$16)
    2257                      .dwattr $C$DW$115, DW_AT_location[DW_OP_regx 0x2b]
    2258              
    2259              
    2260              ;***************************************************************
    2261              ;* FNAME: __isinff                      FR SIZE:   0           *
    2262              ;*                                                             *
    2263              ;* FUNCTION ENVIRONMENT                                        *
    2264              ;*                                                             *
    2265              ;* FUNCTION PROPERTIES                                         *
    2266              ;*                            0 Parameter,  0 Auto,  0 SOE     *
    2267              ;***************************************************************
    2268              
    2269              ||__isinff||:
    2270              ;* PL    assigned to $O$K3
    2271              ;* AR6   assigned to $O$S1
    2272              ;* R0    assigned to f
    2273              $C$DW$116       .dwtag  DW_TAG_variable
    2274                      .dwattr $C$DW$116, DW_AT_name("f")
    2275                      .dwattr $C$DW$116, DW_AT_type(*$C$DW$T$78)
    2276                      .dwattr $C$DW$116, DW_AT_location[DW_OP_regx 0x2b]
    2277              
    2278                      .dwcfi  cfa_offset, -2
TMS320C2000 Assembler PC v22.6.0 Mon Apr 21 09:03:30 2025

Copyright (c) 1996-2018 Texas Instruments Incorporated
hal_clb_TMS320F280049C.asm                                           PAGE   48

    2279                      .dwcfi  save_reg_to_mem, 26, 0
    2280                      .dwpsn  file "C:/ti/ccs1210/ccs/tools/compiler/ti-cgt-c2000_22.6.0.LTS/include/_defs.h",line 375,colu
    2281 00000000 BFAB          MOV32     P,R0H                 ; [CPU_FPU] |375| 
         00000001 0F12 
    2282 00000002 CCAA          AND       AL,PH,#0x7f80         ; [CPU_ALU] |375| 
         00000003 7F80 
    2283 00000004 80A9          MOVZ      AR7,AL                ; [CPU_ALU] |375| 
    2284 00000005 BE00          MOVB      XAR6,#0               ; [CPU_ALU] |375| 
    2285 00000006 FF20          MOV       ACC,#32640            ; [CPU_ALU] |375| 
         00000007 7F80 
    2286 00000008 0FA7          CMPL      ACC,XAR7              ; [CPU_ALU] |375| 
    2287 00000009 6006          B         ||$C$L9||,NEQ         ; [CPU_ALU] |375| 
    2288                      ; branchcc occurs ; [] |375| 
    2289 0000000a A9A9          MOVL      ACC,P                 ; [CPU_ALU] |375| 
    2290 0000000b 917F          ANDB      AH,#127               ; [CPU_ALU] |375| 
    2291 0000000c FF58          TEST      ACC                   ; [CPU_ALU] |375| 
    2292 0000000d 56B1          MOVB      XAR6,#1,EQ            ; [CPU_ALU] |375| 
         0000000e 01A6 
    2293 0000000f       ||$C$L9||:    
    2294 0000000f 92A6          MOV       AL,AR6                ; [CPU_ALU] |375| 
    2295              $C$DW$117       .dwtag  DW_TAG_TI_branch
    2296                      .dwattr $C$DW$117, DW_AT_low_pc(0x00)
    2297                      .dwattr $C$DW$117, DW_AT_TI_return
    2298              
    2299 00000010 0006          LRETR     ; [CPU_ALU] 
    2300                      ; return occurs ; [] 
    2301                      .dwattr $C$DW$114, DW_AT_TI_end_file("C:/ti/ccs1210/ccs/tools/compiler/ti-cgt-c2000_22.6.0.LTS/includ
    2302                      .dwattr $C$DW$114, DW_AT_TI_end_line(0x177)
    2303                      .dwattr $C$DW$114, DW_AT_TI_end_column(0x48)
    2304                      .dwendentry
    2305                      .dwendtag $C$DW$114
    2306              
    2307 00000000               .sect   ".text:__isinf"
    2308                      .clink
    2309                      .global ||__isinf||
    2310              
    2311              $C$DW$118       .dwtag  DW_TAG_subprogram
    2312                      .dwattr $C$DW$118, DW_AT_name("__isinf")
    2313                      .dwattr $C$DW$118, DW_AT_low_pc(||__isinf||)
    2314                      .dwattr $C$DW$118, DW_AT_high_pc(0x00)
    2315                      .dwattr $C$DW$118, DW_AT_linkage_name("__isinf")
    2316                      .dwattr $C$DW$118, DW_AT_external
    2317                      .dwattr $C$DW$118, DW_AT_type(*$C$DW$T$10)
    2318                      .dwattr $C$DW$118, DW_AT_decl_file("C:/ti/ccs1210/ccs/tools/compiler/ti-cgt-c2000_22.6.0.LTS/include/
    2319                      .dwattr $C$DW$118, DW_AT_decl_line(0x178)
    2320                      .dwattr $C$DW$118, DW_AT_decl_column(0x18)
    2321                      .dwattr $C$DW$118, DW_AT_TI_max_frame_size(-6)
    2322                      .dwpsn  file "C:/ti/ccs1210/ccs/tools/compiler/ti-cgt-c2000_22.6.0.LTS/include/_defs.h",line 377,colu
    2323              
    2324                      .dwfde $C$DW$CIE, ||__isinf||
    2325              $C$DW$119       .dwtag  DW_TAG_formal_parameter
    2326                      .dwattr $C$DW$119, DW_AT_name("d")
    2327                      .dwattr $C$DW$119, DW_AT_type(*$C$DW$T$79)
    2328                      .dwattr $C$DW$119, DW_AT_location[DW_OP_reg12]
    2329              
TMS320C2000 Assembler PC v22.6.0 Mon Apr 21 09:03:30 2025

Copyright (c) 1996-2018 Texas Instruments Incorporated
hal_clb_TMS320F280049C.asm                                           PAGE   49

    2330              
    2331              ;***************************************************************
    2332              ;* FNAME: __isinf                       FR SIZE:   4           *
    2333              ;*                                                             *
    2334              ;* FUNCTION ENVIRONMENT                                        *
    2335              ;*                                                             *
    2336              ;* FUNCTION PROPERTIES                                         *
    2337              ;*                            4 Parameter,  0 Auto,  0 SOE     *
    2338              ;***************************************************************
    2339              
    2340              ||__isinf||:
    2341              ;* AR7   assigned to $O$C2
    2342              ;* AR4   assigned to $O$S1
    2343              ;* AR4   assigned to d
    2344              $C$DW$120       .dwtag  DW_TAG_variable
    2345                      .dwattr $C$DW$120, DW_AT_name("d")
    2346                      .dwattr $C$DW$120, DW_AT_type(*$C$DW$T$80)
    2347                      .dwattr $C$DW$120, DW_AT_location[DW_OP_reg12]
    2348              
    2349                      .dwcfi  cfa_offset, -2
    2350                      .dwcfi  save_reg_to_mem, 26, 0
    2351 00000000 FE04          ADDB      SP,#4                 ; [CPU_ARAU] 
    2352                      .dwcfi  cfa_offset, -6
    2353                      .dwpsn  file "C:/ti/ccs1210/ccs/tools/compiler/ti-cgt-c2000_22.6.0.LTS/include/_defs.h",line 377,colu
    2354 00000001 C5C4          MOVL      XAR7,*+XAR4[0]        ; [CPU_ALU] |377| 
    2355 00000002 06D4          MOVL      ACC,*+XAR4[2]         ; [CPU_ALU] |377| 
    2356 00000003 28AC          MOV       T,#48                 ; [CPU_ALU] |377| 
         00000004 0030 
    2357 00000005 1EA6          MOVL      XAR6,ACC              ; [CPU_ALU] |377| 
    2358 00000006 A3A7          MOVL      P,XAR7                ; [CPU_ALU] |377| 
    2359 00000007 D400          MOVB      XAR4,#0               ; [CPU_ALU] |377| 
    2360 00000008 565B          LSR64     ACC:P,T               ; [CPU_ALU] |377| 
    2361 00000009 2BAA          MOV       PH,#0                 ; [CPU_ALU] |377| 
    2362 0000000a 18AB          AND       PL,#0x7ff0            ; [CPU_ALU] |377| 
         0000000b 7FF0 
    2363 0000000c FF20          MOV       ACC,#32752            ; [CPU_ALU] |377| 
         0000000d 7FF0 
    2364 0000000e 0FAB          CMPL      ACC,P                 ; [CPU_ALU] |377| 
    2365 0000000f 6013          B         ||$C$L10||,NEQ        ; [CPU_ALU] |377| 
    2366                      ; branchcc occurs ; [] |377| 
    2367 00000010 06A6          MOVL      ACC,XAR6              ; [CPU_ALU] |377| 
    2368 00000011 A3A7          MOVL      P,XAR7                ; [CPU_ALU] |377| 
    2369 00000012 BE00          MOVB      XAR6,#0               ; [CPU_ALU] |377| 
    2370 00000013 18A9          AND       AL,#65535             ; [CPU_ALU] |377| 
         00000014 FFFF 
    2371 00000015 910F          ANDB      AH,#15                ; [CPU_ALU] |377| 
    2372 00000016 18AB          AND       PL,#65535             ; [CPU_ALU] |377| 
         00000017 FFFF 
    2373 00000018 18AA          AND       PH,#65535             ; [CPU_ALU] |377| 
         00000019 FFFF 
    2374 0000001a C244          MOVL      *-SP[4],XAR6          ; [CPU_FPU] |377| 
    2375 0000001b 2B42          MOV       *-SP[2],#0            ; [CPU_FPU] |377| 
    2376 0000001c 2B41          MOV       *-SP[1],#0            ; [CPU_FPU] |377| 
    2377              $C$DW$121       .dwtag  DW_TAG_TI_branch
    2378                      .dwattr $C$DW$121, DW_AT_low_pc(0x00)
TMS320C2000 Assembler PC v22.6.0 Mon Apr 21 09:03:30 2025

Copyright (c) 1996-2018 Texas Instruments Incorporated
hal_clb_TMS320F280049C.asm                                           PAGE   50

    2379                      .dwattr $C$DW$121, DW_AT_name("__c28xabi_cmpull")
    2380                      .dwattr $C$DW$121, DW_AT_TI_call
    2381              
    2382 0000001d 7640!         LCR       #||__c28xabi_cmpull|| ; [CPU_ALU] |377| 
         0000001e 0000 
    2383                      ; call occurs [#||__c28xabi_cmpull||] ; [] |377| 
    2384 0000001f 5200          CMPB      AL,#0                 ; [CPU_ALU] |377| 
    2385 00000020 56B1          MOVB      XAR4,#1,EQ            ; [CPU_ALU] |377| 
         00000021 01A4 
    2386 00000022       ||$C$L10||:    
    2387 00000022 FE84          SUBB      SP,#4                 ; [CPU_ARAU] 
    2388                      .dwcfi  cfa_offset, -2
    2389 00000023 92A4          MOV       AL,AR4                ; [CPU_ALU] |377| 
    2390              $C$DW$122       .dwtag  DW_TAG_TI_branch
    2391                      .dwattr $C$DW$122, DW_AT_low_pc(0x00)
    2392                      .dwattr $C$DW$122, DW_AT_TI_return
    2393              
    2394 00000024 0006          LRETR     ; [CPU_ALU] 
    2395                      ; return occurs ; [] 
    2396                      .dwattr $C$DW$118, DW_AT_TI_end_file("C:/ti/ccs1210/ccs/tools/compiler/ti-cgt-c2000_22.6.0.LTS/includ
    2397                      .dwattr $C$DW$118, DW_AT_TI_end_line(0x179)
    2398                      .dwattr $C$DW$118, DW_AT_TI_end_column(0x4a)
    2399                      .dwendentry
    2400                      .dwendtag $C$DW$118
    2401              
    2402 00000000               .sect   ".text:__isfinitel"
    2403                      .clink
    2404                      .global ||__isfinitel||
    2405              
    2406              $C$DW$123       .dwtag  DW_TAG_subprogram
    2407                      .dwattr $C$DW$123, DW_AT_name("__isfinitel")
    2408                      .dwattr $C$DW$123, DW_AT_low_pc(||__isfinitel||)
    2409                      .dwattr $C$DW$123, DW_AT_high_pc(0x00)
    2410                      .dwattr $C$DW$123, DW_AT_linkage_name("__isfinitel")
    2411                      .dwattr $C$DW$123, DW_AT_external
    2412                      .dwattr $C$DW$123, DW_AT_type(*$C$DW$T$10)
    2413                      .dwattr $C$DW$123, DW_AT_decl_file("C:/ti/ccs1210/ccs/tools/compiler/ti-cgt-c2000_22.6.0.LTS/include/
    2414                      .dwattr $C$DW$123, DW_AT_decl_line(0x152)
    2415                      .dwattr $C$DW$123, DW_AT_decl_column(0x18)
    2416                      .dwattr $C$DW$123, DW_AT_TI_max_frame_size(-2)
    2417                      .dwpsn  file "C:/ti/ccs1210/ccs/tools/compiler/ti-cgt-c2000_22.6.0.LTS/include/_defs.h",line 339,colu
    2418              
    2419                      .dwfde $C$DW$CIE, ||__isfinitel||
    2420              $C$DW$124       .dwtag  DW_TAG_formal_parameter
    2421                      .dwattr $C$DW$124, DW_AT_name("e")
    2422                      .dwattr $C$DW$124, DW_AT_type(*$C$DW$T$81)
    2423                      .dwattr $C$DW$124, DW_AT_location[DW_OP_reg12]
    2424              
    2425              
    2426              ;***************************************************************
    2427              ;* FNAME: __isfinitel                   FR SIZE:   0           *
    2428              ;*                                                             *
    2429              ;* FUNCTION ENVIRONMENT                                        *
    2430              ;*                                                             *
    2431              ;* FUNCTION PROPERTIES                                         *
TMS320C2000 Assembler PC v22.6.0 Mon Apr 21 09:03:30 2025

Copyright (c) 1996-2018 Texas Instruments Incorporated
hal_clb_TMS320F280049C.asm                                           PAGE   51

    2432              ;*                            0 Parameter,  0 Auto,  0 SOE     *
    2433              ;***************************************************************
    2434              
    2435              ||__isfinitel||:
    2436              ;* AR4   assigned to e
    2437              $C$DW$125       .dwtag  DW_TAG_variable
    2438                      .dwattr $C$DW$125, DW_AT_name("e")
    2439                      .dwattr $C$DW$125, DW_AT_type(*$C$DW$T$82)
    2440                      .dwattr $C$DW$125, DW_AT_location[DW_OP_reg12]
    2441              
    2442                      .dwcfi  cfa_offset, -2
    2443                      .dwcfi  save_reg_to_mem, 26, 0
    2444                      .dwpsn  file "C:/ti/ccs1210/ccs/tools/compiler/ti-cgt-c2000_22.6.0.LTS/include/_defs.h",line 339,colu
    2445 00000000 A3C4          MOVL      P,*+XAR4[0]           ; [CPU_ALU] |339| 
    2446 00000001 06D4          MOVL      ACC,*+XAR4[2]         ; [CPU_ALU] |339| 
    2447 00000002 28AC          MOV       T,#48                 ; [CPU_ALU] |339| 
         00000003 0030 
    2448 00000004 565B          LSR64     ACC:P,T               ; [CPU_ALU] |339| 
    2449 00000005 18AB          AND       PL,#0x7ff0            ; [CPU_ALU] |339| 
         00000006 7FF0 
    2450 00000007 80AB          MOVZ      AR7,PL                ; [CPU_ALU] |339| 
    2451 00000008 FF20          MOV       ACC,#32752            ; [CPU_ALU] |339| 
         00000009 7FF0 
    2452 0000000a BE00          MOVB      XAR6,#0               ; [CPU_ALU] |339| 
    2453 0000000b 0FA7          CMPL      ACC,XAR7              ; [CPU_ALU] |339| 
    2454 0000000c 56B0          MOVB      XAR6,#1,NEQ           ; [CPU_ALU] |339| 
         0000000d 01A6 
    2455 0000000e 92A6          MOV       AL,AR6                ; [CPU_ALU] |339| 
    2456              $C$DW$126       .dwtag  DW_TAG_TI_branch
    2457                      .dwattr $C$DW$126, DW_AT_low_pc(0x00)
    2458                      .dwattr $C$DW$126, DW_AT_TI_return
    2459              
    2460 0000000f 0006          LRETR     ; [CPU_ALU] 
    2461                      ; return occurs ; [] 
    2462                      .dwattr $C$DW$123, DW_AT_TI_end_file("C:/ti/ccs1210/ccs/tools/compiler/ti-cgt-c2000_22.6.0.LTS/includ
    2463                      .dwattr $C$DW$123, DW_AT_TI_end_line(0x153)
    2464                      .dwattr $C$DW$123, DW_AT_TI_end_column(0x2f)
    2465                      .dwendentry
    2466                      .dwendtag $C$DW$123
    2467              
    2468 00000000               .sect   ".text:__isfinitef"
    2469                      .clink
    2470                      .global ||__isfinitef||
    2471              
    2472              $C$DW$127       .dwtag  DW_TAG_subprogram
    2473                      .dwattr $C$DW$127, DW_AT_name("__isfinitef")
    2474                      .dwattr $C$DW$127, DW_AT_low_pc(||__isfinitef||)
    2475                      .dwattr $C$DW$127, DW_AT_high_pc(0x00)
    2476                      .dwattr $C$DW$127, DW_AT_linkage_name("__isfinitef")
    2477                      .dwattr $C$DW$127, DW_AT_external
    2478                      .dwattr $C$DW$127, DW_AT_type(*$C$DW$T$10)
    2479                      .dwattr $C$DW$127, DW_AT_decl_file("C:/ti/ccs1210/ccs/tools/compiler/ti-cgt-c2000_22.6.0.LTS/include/
    2480                      .dwattr $C$DW$127, DW_AT_decl_line(0x150)
    2481                      .dwattr $C$DW$127, DW_AT_decl_column(0x18)
    2482                      .dwattr $C$DW$127, DW_AT_TI_max_frame_size(-2)
TMS320C2000 Assembler PC v22.6.0 Mon Apr 21 09:03:30 2025

Copyright (c) 1996-2018 Texas Instruments Incorporated
hal_clb_TMS320F280049C.asm                                           PAGE   52

    2483                      .dwpsn  file "C:/ti/ccs1210/ccs/tools/compiler/ti-cgt-c2000_22.6.0.LTS/include/_defs.h",line 337,colu
    2484              
    2485                      .dwfde $C$DW$CIE, ||__isfinitef||
    2486              $C$DW$128       .dwtag  DW_TAG_formal_parameter
    2487                      .dwattr $C$DW$128, DW_AT_name("f")
    2488                      .dwattr $C$DW$128, DW_AT_type(*$C$DW$T$16)
    2489                      .dwattr $C$DW$128, DW_AT_location[DW_OP_regx 0x2b]
    2490              
    2491              
    2492              ;***************************************************************
    2493              ;* FNAME: __isfinitef                   FR SIZE:   0           *
    2494              ;*                                                             *
    2495              ;* FUNCTION ENVIRONMENT                                        *
    2496              ;*                                                             *
    2497              ;* FUNCTION PROPERTIES                                         *
    2498              ;*                            0 Parameter,  0 Auto,  0 SOE     *
    2499              ;***************************************************************
    2500              
    2501              ||__isfinitef||:
    2502              ;* R0    assigned to f
    2503              $C$DW$129       .dwtag  DW_TAG_variable
    2504                      .dwattr $C$DW$129, DW_AT_name("f")
    2505                      .dwattr $C$DW$129, DW_AT_type(*$C$DW$T$78)
    2506                      .dwattr $C$DW$129, DW_AT_location[DW_OP_regx 0x2b]
    2507              
    2508                      .dwcfi  cfa_offset, -2
    2509                      .dwcfi  save_reg_to_mem, 26, 0
    2510                      .dwpsn  file "C:/ti/ccs1210/ccs/tools/compiler/ti-cgt-c2000_22.6.0.LTS/include/_defs.h",line 337,colu
    2511 00000000 BFAB          MOV32     P,R0H                 ; [CPU_FPU] |337| 
         00000001 0F12 
    2512 00000002 18AA          AND       PH,#0x7f80            ; [CPU_ALU] |337| 
         00000003 7F80 
    2513 00000004 80AA          MOVZ      AR7,PH                ; [CPU_ALU] |337| 
    2514 00000005 FF20          MOV       ACC,#32640            ; [CPU_ALU] |337| 
         00000006 7F80 
    2515 00000007 BE00          MOVB      XAR6,#0               ; [CPU_ALU] |337| 
    2516 00000008 0FA7          CMPL      ACC,XAR7              ; [CPU_ALU] |337| 
    2517 00000009 56B0          MOVB      XAR6,#1,NEQ           ; [CPU_ALU] |337| 
         0000000a 01A6 
    2518 0000000b 92A6          MOV       AL,AR6                ; [CPU_ALU] |337| 
    2519              $C$DW$130       .dwtag  DW_TAG_TI_branch
    2520                      .dwattr $C$DW$130, DW_AT_low_pc(0x00)
    2521                      .dwattr $C$DW$130, DW_AT_TI_return
    2522              
    2523 0000000c 0006          LRETR     ; [CPU_ALU] 
    2524                      ; return occurs ; [] 
    2525                      .dwattr $C$DW$127, DW_AT_TI_end_file("C:/ti/ccs1210/ccs/tools/compiler/ti-cgt-c2000_22.6.0.LTS/includ
    2526                      .dwattr $C$DW$127, DW_AT_TI_end_line(0x151)
    2527                      .dwattr $C$DW$127, DW_AT_TI_end_column(0x2d)
    2528                      .dwendentry
    2529                      .dwendtag $C$DW$127
    2530              
    2531 00000000               .sect   ".text:__isfinite"
    2532                      .clink
    2533                      .global ||__isfinite||
TMS320C2000 Assembler PC v22.6.0 Mon Apr 21 09:03:30 2025

Copyright (c) 1996-2018 Texas Instruments Incorporated
hal_clb_TMS320F280049C.asm                                           PAGE   53

    2534              
    2535              $C$DW$131       .dwtag  DW_TAG_subprogram
    2536                      .dwattr $C$DW$131, DW_AT_name("__isfinite")
    2537                      .dwattr $C$DW$131, DW_AT_low_pc(||__isfinite||)
    2538                      .dwattr $C$DW$131, DW_AT_high_pc(0x00)
    2539                      .dwattr $C$DW$131, DW_AT_linkage_name("__isfinite")
    2540                      .dwattr $C$DW$131, DW_AT_external
    2541                      .dwattr $C$DW$131, DW_AT_type(*$C$DW$T$10)
    2542                      .dwattr $C$DW$131, DW_AT_decl_file("C:/ti/ccs1210/ccs/tools/compiler/ti-cgt-c2000_22.6.0.LTS/include/
    2543                      .dwattr $C$DW$131, DW_AT_decl_line(0x14e)
    2544                      .dwattr $C$DW$131, DW_AT_decl_column(0x18)
    2545                      .dwattr $C$DW$131, DW_AT_TI_max_frame_size(-2)
    2546                      .dwpsn  file "C:/ti/ccs1210/ccs/tools/compiler/ti-cgt-c2000_22.6.0.LTS/include/_defs.h",line 335,colu
    2547              
    2548                      .dwfde $C$DW$CIE, ||__isfinite||
    2549              $C$DW$132       .dwtag  DW_TAG_formal_parameter
    2550                      .dwattr $C$DW$132, DW_AT_name("d")
    2551                      .dwattr $C$DW$132, DW_AT_type(*$C$DW$T$79)
    2552                      .dwattr $C$DW$132, DW_AT_location[DW_OP_reg12]
    2553              
    2554              
    2555              ;***************************************************************
    2556              ;* FNAME: __isfinite                    FR SIZE:   0           *
    2557              ;*                                                             *
    2558              ;* FUNCTION ENVIRONMENT                                        *
    2559              ;*                                                             *
    2560              ;* FUNCTION PROPERTIES                                         *
    2561              ;*                            0 Parameter,  0 Auto,  0 SOE     *
    2562              ;***************************************************************
    2563              
    2564              ||__isfinite||:
    2565              ;* AR4   assigned to d
    2566              $C$DW$133       .dwtag  DW_TAG_variable
    2567                      .dwattr $C$DW$133, DW_AT_name("d")
    2568                      .dwattr $C$DW$133, DW_AT_type(*$C$DW$T$80)
    2569                      .dwattr $C$DW$133, DW_AT_location[DW_OP_reg12]
    2570              
    2571                      .dwcfi  cfa_offset, -2
    2572                      .dwcfi  save_reg_to_mem, 26, 0
    2573                      .dwpsn  file "C:/ti/ccs1210/ccs/tools/compiler/ti-cgt-c2000_22.6.0.LTS/include/_defs.h",line 335,colu
    2574 00000000 A3C4          MOVL      P,*+XAR4[0]           ; [CPU_ALU] |335| 
    2575 00000001 06D4          MOVL      ACC,*+XAR4[2]         ; [CPU_ALU] |335| 
    2576 00000002 28AC          MOV       T,#48                 ; [CPU_ALU] |335| 
         00000003 0030 
    2577 00000004 565B          LSR64     ACC:P,T               ; [CPU_ALU] |335| 
    2578 00000005 18AB          AND       PL,#0x7ff0            ; [CPU_ALU] |335| 
         00000006 7FF0 
    2579 00000007 80AB          MOVZ      AR7,PL                ; [CPU_ALU] |335| 
    2580 00000008 FF20          MOV       ACC,#32752            ; [CPU_ALU] |335| 
         00000009 7FF0 
    2581 0000000a BE00          MOVB      XAR6,#0               ; [CPU_ALU] |335| 
    2582 0000000b 0FA7          CMPL      ACC,XAR7              ; [CPU_ALU] |335| 
    2583 0000000c 56B0          MOVB      XAR6,#1,NEQ           ; [CPU_ALU] |335| 
         0000000d 01A6 
    2584 0000000e 92A6          MOV       AL,AR6                ; [CPU_ALU] |335| 
TMS320C2000 Assembler PC v22.6.0 Mon Apr 21 09:03:30 2025

Copyright (c) 1996-2018 Texas Instruments Incorporated
hal_clb_TMS320F280049C.asm                                           PAGE   54

    2585              $C$DW$134       .dwtag  DW_TAG_TI_branch
    2586                      .dwattr $C$DW$134, DW_AT_low_pc(0x00)
    2587                      .dwattr $C$DW$134, DW_AT_TI_return
    2588              
    2589 0000000f 0006          LRETR     ; [CPU_ALU] 
    2590                      ; return occurs ; [] 
    2591                      .dwattr $C$DW$131, DW_AT_TI_end_file("C:/ti/ccs1210/ccs/tools/compiler/ti-cgt-c2000_22.6.0.LTS/includ
    2592                      .dwattr $C$DW$131, DW_AT_TI_end_line(0x14f)
    2593                      .dwattr $C$DW$131, DW_AT_TI_end_column(0x2e)
    2594                      .dwendentry
    2595                      .dwendtag $C$DW$131
    2596              
    2597 00000000               .sect   ".text:__fpclassifyl"
    2598                      .clink
    2599                      .global ||__fpclassifyl||
    2600              
    2601              $C$DW$135       .dwtag  DW_TAG_subprogram
    2602                      .dwattr $C$DW$135, DW_AT_name("__fpclassifyl")
    2603                      .dwattr $C$DW$135, DW_AT_low_pc(||__fpclassifyl||)
    2604                      .dwattr $C$DW$135, DW_AT_high_pc(0x00)
    2605                      .dwattr $C$DW$135, DW_AT_linkage_name("__fpclassifyl")
    2606                      .dwattr $C$DW$135, DW_AT_external
    2607                      .dwattr $C$DW$135, DW_AT_type(*$C$DW$T$10)
    2608                      .dwattr $C$DW$135, DW_AT_decl_file("C:/ti/ccs1210/ccs/tools/compiler/ti-cgt-c2000_22.6.0.LTS/include/
    2609                      .dwattr $C$DW$135, DW_AT_decl_line(0x1ae)
    2610                      .dwattr $C$DW$135, DW_AT_decl_column(0x18)
    2611                      .dwattr $C$DW$135, DW_AT_TI_max_frame_size(-10)
    2612                      .dwpsn  file "C:/ti/ccs1210/ccs/tools/compiler/ti-cgt-c2000_22.6.0.LTS/include/_defs.h",line 431,colu
    2613              
    2614                      .dwfde $C$DW$CIE, ||__fpclassifyl||
    2615              $C$DW$136       .dwtag  DW_TAG_formal_parameter
    2616                      .dwattr $C$DW$136, DW_AT_name("e")
    2617                      .dwattr $C$DW$136, DW_AT_type(*$C$DW$T$81)
    2618                      .dwattr $C$DW$136, DW_AT_location[DW_OP_reg12]
    2619              
    2620              
    2621              ;***************************************************************
    2622              ;* FNAME: __fpclassifyl                 FR SIZE:   8           *
    2623              ;*                                                             *
    2624              ;* FUNCTION ENVIRONMENT                                        *
    2625              ;*                                                             *
    2626              ;* FUNCTION PROPERTIES                                         *
    2627              ;*                            4 Parameter,  4 Auto,  0 SOE     *
    2628              ;***************************************************************
    2629              
    2630              ||__fpclassifyl||:
    2631              $C$DW$137       .dwtag  DW_TAG_variable
    2632                      .dwattr $C$DW$137, DW_AT_name("e")
    2633                      .dwattr $C$DW$137, DW_AT_type(*$C$DW$T$18)
    2634                      .dwattr $C$DW$137, DW_AT_location[DW_OP_breg20 -8]
    2635              
    2636              ;* AR5   assigned to $O$C1
    2637              ;* AR4   assigned to e
    2638              $C$DW$138       .dwtag  DW_TAG_variable
    2639                      .dwattr $C$DW$138, DW_AT_name("e")
TMS320C2000 Assembler PC v22.6.0 Mon Apr 21 09:03:30 2025

Copyright (c) 1996-2018 Texas Instruments Incorporated
hal_clb_TMS320F280049C.asm                                           PAGE   55

    2640                      .dwattr $C$DW$138, DW_AT_type(*$C$DW$T$82)
    2641                      .dwattr $C$DW$138, DW_AT_location[DW_OP_reg12]
    2642              
    2643                      .dwcfi  cfa_offset, -2
    2644                      .dwcfi  save_reg_to_mem, 26, 0
    2645 00000000 FE08          ADDB      SP,#8                 ; [CPU_ARAU] 
    2646                      .dwcfi  cfa_offset, -10
    2647 00000001 C4D4          MOVL      XAR6,*+XAR4[2]        ; [CPU_ALU] |431| 
    2648 00000002 06C4          MOVL      ACC,*+XAR4[0]         ; [CPU_ALU] |431| 
    2649 00000003 1E48          MOVL      *-SP[8],ACC           ; [CPU_ALU] |431| 
    2650 00000004 C246          MOVL      *-SP[6],XAR6          ; [CPU_ALU] |431| 
    2651                      .dwpsn  file "C:/ti/ccs1210/ccs/tools/compiler/ti-cgt-c2000_22.6.0.LTS/include/_defs.h",line 432,colu
    2652 00000005 8348          MOVL      XAR5,*-SP[8]          ; [CPU_ALU] |432| 
    2653 00000006 8A46          MOVL      XAR4,*-SP[6]          ; [CPU_ALU] |432| 
    2654                      .dwpsn  file "C:/ti/ccs1210/ccs/tools/compiler/ti-cgt-c2000_22.6.0.LTS/include/_defs.h",line 436,colu
    2655 00000007 28AC          MOV       T,#48                 ; [CPU_ALU] |436| 
         00000008 0030 
    2656 00000009 A0AB          MOVL      P,XAR5                ; [CPU_ALU] |436| 
    2657 0000000a A8A9          MOVL      ACC,XAR4              ; [CPU_ALU] |436| 
    2658 0000000b 565B          LSR64     ACC:P,T               ; [CPU_ALU] |436| 
    2659 0000000c 18AB          AND       PL,#0x7ff0            ; [CPU_ALU] |436| 
         0000000d 7FF0 
    2660 0000000e 88AB          MOVZ      AR6,PL                ; [CPU_ALU] |436| 
    2661 0000000f FF20          MOV       ACC,#32752            ; [CPU_ALU] |436| 
         00000010 7FF0 
    2662 00000011 0FA6          CMPL      ACC,XAR6              ; [CPU_ALU] |436| 
    2663 00000012 6016          B         ||$C$L12||,NEQ        ; [CPU_ALU] |436| 
    2664                      ; branchcc occurs ; [] |436| 
    2665 00000013 0200          MOVB      ACC,#0                ; [CPU_ALU] |436| 
    2666 00000014 1E44          MOVL      *-SP[4],ACC           ; [CPU_ALU] |436| 
    2667 00000015 2B42          MOV       *-SP[2],#0            ; [CPU_ALU] |436| 
    2668 00000016 2B41          MOV       *-SP[1],#0            ; [CPU_ALU] |436| 
    2669 00000017 A348          MOVL      P,*-SP[8]             ; [CPU_ALU] |436| 
    2670 00000018 0646          MOVL      ACC,*-SP[6]           ; [CPU_ALU] |436| 
    2671 00000019 18AB          AND       PL,#65535             ; [CPU_ALU] |436| 
         0000001a FFFF 
    2672 0000001b 18AA          AND       PH,#65535             ; [CPU_ALU] |436| 
         0000001c FFFF 
    2673 0000001d 18A9          AND       AL,#65535             ; [CPU_ALU] |436| 
         0000001e FFFF 
    2674 0000001f 910F          ANDB      AH,#15                ; [CPU_ALU] |436| 
    2675              $C$DW$139       .dwtag  DW_TAG_TI_branch
    2676                      .dwattr $C$DW$139, DW_AT_low_pc(0x00)
    2677                      .dwattr $C$DW$139, DW_AT_name("__c28xabi_cmpull")
    2678                      .dwattr $C$DW$139, DW_AT_TI_call
    2679              
    2680 00000020 7640!         LCR       #||__c28xabi_cmpull|| ; [CPU_ALU] |436| 
         00000021 0000 
    2681                      ; call occurs [#||__c28xabi_cmpull||] ; [] |436| 
    2682 00000022 5200          CMPB      AL,#0                 ; [CPU_ALU] |436| 
    2683 00000023 6103          B         ||$C$L11||,EQ         ; [CPU_ALU] |436| 
    2684                      ; branchcc occurs ; [] |436| 
    2685 00000024 9A02          MOVB      AL,#2                 ; [CPU_ALU] |436| 
    2686 00000025 6F2D          B         ||$C$L15||,UNC        ; [CPU_ALU] |436| 
    2687                      ; branch occurs ; [] |436| 
TMS320C2000 Assembler PC v22.6.0 Mon Apr 21 09:03:30 2025

Copyright (c) 1996-2018 Texas Instruments Incorporated
hal_clb_TMS320F280049C.asm                                           PAGE   56

    2688 00000026       ||$C$L11||:    
    2689 00000026 9A01          MOVB      AL,#1                 ; [CPU_ALU] |436| 
    2690 00000027 6F2B          B         ||$C$L15||,UNC        ; [CPU_ALU] |436| 
    2691                      ; branch occurs ; [] |436| 
    2692 00000028       ||$C$L12||:    
    2693 00000028 BE00          MOVB      XAR6,#0               ; [CPU_ALU] |436| 
    2694 00000029 A0AB          MOVL      P,XAR5                ; [CPU_ALU] |436| 
    2695 0000002a A8A9          MOVL      ACC,XAR4              ; [CPU_ALU] |436| 
    2696 0000002b 28AC          MOV       T,#52                 ; [CPU_ALU] |436| 
         0000002c 0034 
    2697 0000002d C244          MOVL      *-SP[4],XAR6          ; [CPU_ALU] |436| 
    2698 0000002e 2B42          MOV       *-SP[2],#0            ; [CPU_ALU] |436| 
    2699 0000002f 565B          LSR64     ACC:P,T               ; [CPU_ALU] |436| 
    2700 00000030 2B41          MOV       *-SP[1],#0            ; [CPU_FPU] |436| 
    2701 00000031 9000          ANDB      AL,#0                 ; [CPU_ALU] |436| 
    2702 00000032 9100          ANDB      AH,#0                 ; [CPU_ALU] |436| 
    2703 00000033 18AB          AND       PL,#2047              ; [CPU_ALU] |436| 
         00000034 07FF 
    2704 00000035 18AA          AND       PH,#0                 ; [CPU_ALU] |436| 
         00000036 0000 
    2705              $C$DW$140       .dwtag  DW_TAG_TI_branch
    2706                      .dwattr $C$DW$140, DW_AT_low_pc(0x00)
    2707                      .dwattr $C$DW$140, DW_AT_name("__c28xabi_cmpull")
    2708                      .dwattr $C$DW$140, DW_AT_TI_call
    2709              
    2710 00000037 7640!         LCR       #||__c28xabi_cmpull|| ; [CPU_ALU] |436| 
         00000038 0000 
    2711                      ; call occurs [#||__c28xabi_cmpull||] ; [] |436| 
    2712 00000039 5200          CMPB      AL,#0                 ; [CPU_ALU] |436| 
    2713 0000003a 6104          B         ||$C$L13||,EQ         ; [CPU_ALU] |436| 
    2714                      ; branchcc occurs ; [] |436| 
    2715 0000003b 28A9          MOV       AL,#-1                ; [CPU_ALU] |436| 
         0000003c FFFF 
    2716 0000003d 6F15          B         ||$C$L15||,UNC        ; [CPU_ALU] |436| 
    2717                      ; branch occurs ; [] |436| 
    2718 0000003e       ||$C$L13||:    
    2719 0000003e C244          MOVL      *-SP[4],XAR6          ; [CPU_ALU] |436| 
    2720 0000003f A8A9          MOVL      ACC,XAR4              ; [CPU_ALU] |436| 
    2721 00000040 A0AB          MOVL      P,XAR5                ; [CPU_ALU] |436| 
    2722 00000041 2B42          MOV       *-SP[2],#0            ; [CPU_ALU] |436| 
    2723 00000042 18A9          AND       AL,#65535             ; [CPU_ALU] |436| 
         00000043 FFFF 
    2724 00000044 910F          ANDB      AH,#15                ; [CPU_ALU] |436| 
    2725 00000045 18AB          AND       PL,#65535             ; [CPU_ALU] |436| 
         00000046 FFFF 
    2726 00000047 18AA          AND       PH,#65535             ; [CPU_ALU] |436| 
         00000048 FFFF 
    2727 00000049 2B41          MOV       *-SP[1],#0            ; [CPU_FPU] |436| 
    2728              $C$DW$141       .dwtag  DW_TAG_TI_branch
    2729                      .dwattr $C$DW$141, DW_AT_low_pc(0x00)
    2730                      .dwattr $C$DW$141, DW_AT_name("__c28xabi_cmpull")
    2731                      .dwattr $C$DW$141, DW_AT_TI_call
    2732              
    2733 0000004a 7640!         LCR       #||__c28xabi_cmpull|| ; [CPU_ALU] |436| 
         0000004b 0000 
TMS320C2000 Assembler PC v22.6.0 Mon Apr 21 09:03:30 2025

Copyright (c) 1996-2018 Texas Instruments Incorporated
hal_clb_TMS320F280049C.asm                                           PAGE   57

    2734                      ; call occurs [#||__c28xabi_cmpull||] ; [] |436| 
    2735 0000004c 5200          CMPB      AL,#0                 ; [CPU_ALU] |436| 
    2736 0000004d 6104          B         ||$C$L14||,EQ         ; [CPU_ALU] |436| 
    2737                      ; branchcc occurs ; [] |436| 
    2738 0000004e 28A9          MOV       AL,#-2                ; [CPU_ALU] |436| 
         0000004f FFFE 
    2739 00000050 6F02          B         ||$C$L15||,UNC        ; [CPU_ALU] |436| 
    2740                      ; branch occurs ; [] |436| 
    2741 00000051       ||$C$L14||:    
    2742 00000051 9A00          MOVB      AL,#0                 ; [CPU_ALU] |436| 
    2743 00000052       ||$C$L15||:    
    2744 00000052 FE88          SUBB      SP,#8                 ; [CPU_ARAU] 
    2745                      .dwcfi  cfa_offset, -2
    2746              $C$DW$142       .dwtag  DW_TAG_TI_branch
    2747                      .dwattr $C$DW$142, DW_AT_low_pc(0x00)
    2748                      .dwattr $C$DW$142, DW_AT_TI_return
    2749              
    2750 00000053 0006          LRETR     ; [CPU_ALU] 
    2751                      ; return occurs ; [] 
    2752                      .dwattr $C$DW$135, DW_AT_TI_end_file("C:/ti/ccs1210/ccs/tools/compiler/ti-cgt-c2000_22.6.0.LTS/includ
    2753                      .dwattr $C$DW$135, DW_AT_TI_end_line(0x1bd)
    2754                      .dwattr $C$DW$135, DW_AT_TI_end_column(0x01)
    2755                      .dwendentry
    2756                      .dwendtag $C$DW$135
    2757              
    2758 00000000               .sect   ".text:__fpclassifyf"
    2759                      .clink
    2760                      .global ||__fpclassifyf||
    2761              
    2762              $C$DW$143       .dwtag  DW_TAG_subprogram
    2763                      .dwattr $C$DW$143, DW_AT_name("__fpclassifyf")
    2764                      .dwattr $C$DW$143, DW_AT_low_pc(||__fpclassifyf||)
    2765                      .dwattr $C$DW$143, DW_AT_high_pc(0x00)
    2766                      .dwattr $C$DW$143, DW_AT_linkage_name("__fpclassifyf")
    2767                      .dwattr $C$DW$143, DW_AT_external
    2768                      .dwattr $C$DW$143, DW_AT_type(*$C$DW$T$10)
    2769                      .dwattr $C$DW$143, DW_AT_decl_file("C:/ti/ccs1210/ccs/tools/compiler/ti-cgt-c2000_22.6.0.LTS/include/
    2770                      .dwattr $C$DW$143, DW_AT_decl_line(0x18c)
    2771                      .dwattr $C$DW$143, DW_AT_decl_column(0x18)
    2772                      .dwattr $C$DW$143, DW_AT_TI_max_frame_size(-2)
    2773                      .dwpsn  file "C:/ti/ccs1210/ccs/tools/compiler/ti-cgt-c2000_22.6.0.LTS/include/_defs.h",line 397,colu
    2774              
    2775                      .dwfde $C$DW$CIE, ||__fpclassifyf||
    2776              $C$DW$144       .dwtag  DW_TAG_formal_parameter
    2777                      .dwattr $C$DW$144, DW_AT_name("f")
    2778                      .dwattr $C$DW$144, DW_AT_type(*$C$DW$T$16)
    2779                      .dwattr $C$DW$144, DW_AT_location[DW_OP_regx 0x2b]
    2780              
    2781              
    2782              ;***************************************************************
    2783              ;* FNAME: __fpclassifyf                 FR SIZE:   0           *
    2784              ;*                                                             *
    2785              ;* FUNCTION ENVIRONMENT                                        *
    2786              ;*                                                             *
    2787              ;* FUNCTION PROPERTIES                                         *
TMS320C2000 Assembler PC v22.6.0 Mon Apr 21 09:03:30 2025

Copyright (c) 1996-2018 Texas Instruments Incorporated
hal_clb_TMS320F280049C.asm                                           PAGE   58

    2788              ;*                            0 Parameter,  0 Auto,  0 SOE     *
    2789              ;***************************************************************
    2790              
    2791              ||__fpclassifyf||:
    2792              ;* PL    assigned to $O$K1
    2793              ;* R0    assigned to f
    2794              $C$DW$145       .dwtag  DW_TAG_variable
    2795                      .dwattr $C$DW$145, DW_AT_name("f")
    2796                      .dwattr $C$DW$145, DW_AT_type(*$C$DW$T$78)
    2797                      .dwattr $C$DW$145, DW_AT_location[DW_OP_regx 0x2b]
    2798              
    2799                      .dwcfi  cfa_offset, -2
    2800                      .dwcfi  save_reg_to_mem, 26, 0
    2801                      .dwpsn  file "C:/ti/ccs1210/ccs/tools/compiler/ti-cgt-c2000_22.6.0.LTS/include/_defs.h",line 398,colu
    2802 00000000 BFAB          MOV32     P,R0H                 ; [CPU_FPU] |398| 
         00000001 0F12 
    2803                      .dwpsn  file "C:/ti/ccs1210/ccs/tools/compiler/ti-cgt-c2000_22.6.0.LTS/include/_defs.h",line 402,colu
    2804 00000002 CCAA          AND       AL,PH,#0x7f80         ; [CPU_ALU] |402| 
         00000003 7F80 
    2805 00000004 88A9          MOVZ      AR6,AL                ; [CPU_ALU] |402| 
    2806 00000005 FF20          MOV       ACC,#32640            ; [CPU_ALU] |402| 
         00000006 7F80 
    2807 00000007 0FA6          CMPL      ACC,XAR6              ; [CPU_ALU] |402| 
    2808 00000008 6009          B         ||$C$L17||,NEQ        ; [CPU_ALU] |402| 
    2809                      ; branchcc occurs ; [] |402| 
    2810 00000009 A9A9          MOVL      ACC,P                 ; [CPU_ALU] |402| 
    2811 0000000a 917F          ANDB      AH,#127               ; [CPU_ALU] |402| 
    2812 0000000b FF58          TEST      ACC                   ; [CPU_ALU] |402| 
    2813 0000000c 6103          B         ||$C$L16||,EQ         ; [CPU_ALU] |402| 
    2814                      ; branchcc occurs ; [] |402| 
    2815                      .dwcfi  remember_state
    2816 0000000d 9A02          MOVB      AL,#2                 ; [CPU_ALU] |402| 
    2817              $C$DW$146       .dwtag  DW_TAG_TI_branch
    2818                      .dwattr $C$DW$146, DW_AT_low_pc(0x00)
    2819                      .dwattr $C$DW$146, DW_AT_TI_return
    2820              
    2821 0000000e 0006          LRETR     ; [CPU_ALU] 
    2822                      ; return occurs ; [] 
    2823                      .dwcfi  restore_state
    2824 0000000f       ||$C$L16||:    
    2825                      .dwcfi  remember_state
    2826 0000000f 9A01          MOVB      AL,#1                 ; [CPU_ALU] |402| 
    2827              $C$DW$147       .dwtag  DW_TAG_TI_branch
    2828                      .dwattr $C$DW$147, DW_AT_low_pc(0x00)
    2829                      .dwattr $C$DW$147, DW_AT_TI_return
    2830              
    2831 00000010 0006          LRETR     ; [CPU_ALU] 
    2832                      ; return occurs ; [] 
    2833                      .dwcfi  restore_state
    2834 00000011       ||$C$L17||:    
    2835 00000011 A9A9          MOVL      ACC,P                 ; [CPU_ALU] |402| 
    2836 00000012 28AC          MOV       T,#23                 ; [CPU_ALU] |402| 
         00000013 0017 
    2837 00000014 5622          LSRL      ACC,T                 ; [CPU_ALU] |402| 
    2838 00000015 90FF          ANDB      AL,#0xff              ; [CPU_ALU] |402| 
TMS320C2000 Assembler PC v22.6.0 Mon Apr 21 09:03:30 2025

Copyright (c) 1996-2018 Texas Instruments Incorporated
hal_clb_TMS320F280049C.asm                                           PAGE   59

    2839 00000016 6104          B         ||$C$L18||,EQ         ; [CPU_ALU] |402| 
    2840                      ; branchcc occurs ; [] |402| 
    2841                      .dwcfi  remember_state
    2842 00000017 28A9          MOV       AL,#-1                ; [CPU_ALU] |402| 
         00000018 FFFF 
    2843              $C$DW$148       .dwtag  DW_TAG_TI_branch
    2844                      .dwattr $C$DW$148, DW_AT_low_pc(0x00)
    2845                      .dwattr $C$DW$148, DW_AT_TI_return
    2846              
    2847 00000019 0006          LRETR     ; [CPU_ALU] 
    2848                      ; return occurs ; [] 
    2849                      .dwcfi  restore_state
    2850 0000001a       ||$C$L18||:    
    2851 0000001a A9A9          MOVL      ACC,P                 ; [CPU_ALU] |402| 
    2852 0000001b 917F          ANDB      AH,#127               ; [CPU_ALU] |402| 
    2853 0000001c FF58          TEST      ACC                   ; [CPU_ALU] |402| 
    2854 0000001d 6104          B         ||$C$L19||,EQ         ; [CPU_ALU] |402| 
    2855                      ; branchcc occurs ; [] |402| 
    2856                      .dwcfi  remember_state
    2857 0000001e 28A9          MOV       AL,#-2                ; [CPU_ALU] |402| 
         0000001f FFFE 
    2858              $C$DW$149       .dwtag  DW_TAG_TI_branch
    2859                      .dwattr $C$DW$149, DW_AT_low_pc(0x00)
    2860                      .dwattr $C$DW$149, DW_AT_TI_return
    2861              
    2862 00000020 0006          LRETR     ; [CPU_ALU] 
    2863                      ; return occurs ; [] 
    2864                      .dwcfi  restore_state
    2865 00000021       ||$C$L19||:    
    2866 00000021 9A00          MOVB      AL,#0                 ; [CPU_ALU] |402| 
    2867              $C$DW$150       .dwtag  DW_TAG_TI_branch
    2868                      .dwattr $C$DW$150, DW_AT_low_pc(0x00)
    2869                      .dwattr $C$DW$150, DW_AT_TI_return
    2870              
    2871 00000022 0006          LRETR     ; [CPU_ALU] 
    2872                      ; return occurs ; [] 
    2873                      .dwattr $C$DW$143, DW_AT_TI_end_file("C:/ti/ccs1210/ccs/tools/compiler/ti-cgt-c2000_22.6.0.LTS/includ
    2874                      .dwattr $C$DW$143, DW_AT_TI_end_line(0x19b)
    2875                      .dwattr $C$DW$143, DW_AT_TI_end_column(0x01)
    2876                      .dwendentry
    2877                      .dwendtag $C$DW$143
    2878              
    2879 00000000               .sect   ".text:__fpclassify"
    2880                      .clink
    2881                      .global ||__fpclassify||
    2882              
    2883              $C$DW$151       .dwtag  DW_TAG_subprogram
    2884                      .dwattr $C$DW$151, DW_AT_name("__fpclassify")
    2885                      .dwattr $C$DW$151, DW_AT_low_pc(||__fpclassify||)
    2886                      .dwattr $C$DW$151, DW_AT_high_pc(0x00)
    2887                      .dwattr $C$DW$151, DW_AT_linkage_name("__fpclassify")
    2888                      .dwattr $C$DW$151, DW_AT_external
    2889                      .dwattr $C$DW$151, DW_AT_type(*$C$DW$T$10)
    2890                      .dwattr $C$DW$151, DW_AT_decl_file("C:/ti/ccs1210/ccs/tools/compiler/ti-cgt-c2000_22.6.0.LTS/include/
    2891                      .dwattr $C$DW$151, DW_AT_decl_line(0x19d)
TMS320C2000 Assembler PC v22.6.0 Mon Apr 21 09:03:30 2025

Copyright (c) 1996-2018 Texas Instruments Incorporated
hal_clb_TMS320F280049C.asm                                           PAGE   60

    2892                      .dwattr $C$DW$151, DW_AT_decl_column(0x18)
    2893                      .dwattr $C$DW$151, DW_AT_TI_max_frame_size(-10)
    2894                      .dwpsn  file "C:/ti/ccs1210/ccs/tools/compiler/ti-cgt-c2000_22.6.0.LTS/include/_defs.h",line 414,colu
    2895              
    2896                      .dwfde $C$DW$CIE, ||__fpclassify||
    2897              $C$DW$152       .dwtag  DW_TAG_formal_parameter
    2898                      .dwattr $C$DW$152, DW_AT_name("d")
    2899                      .dwattr $C$DW$152, DW_AT_type(*$C$DW$T$79)
    2900                      .dwattr $C$DW$152, DW_AT_location[DW_OP_reg12]
    2901              
    2902              
    2903              ;***************************************************************
    2904              ;* FNAME: __fpclassify                  FR SIZE:   8           *
    2905              ;*                                                             *
    2906              ;* FUNCTION ENVIRONMENT                                        *
    2907              ;*                                                             *
    2908              ;* FUNCTION PROPERTIES                                         *
    2909              ;*                            4 Parameter,  4 Auto,  0 SOE     *
    2910              ;***************************************************************
    2911              
    2912              ||__fpclassify||:
    2913              $C$DW$153       .dwtag  DW_TAG_variable
    2914                      .dwattr $C$DW$153, DW_AT_name("d")
    2915                      .dwattr $C$DW$153, DW_AT_type(*$C$DW$T$17)
    2916                      .dwattr $C$DW$153, DW_AT_location[DW_OP_breg20 -8]
    2917              
    2918              ;* AR5   assigned to $O$C1
    2919              ;* AR4   assigned to d
    2920              $C$DW$154       .dwtag  DW_TAG_variable
    2921                      .dwattr $C$DW$154, DW_AT_name("d")
    2922                      .dwattr $C$DW$154, DW_AT_type(*$C$DW$T$80)
    2923                      .dwattr $C$DW$154, DW_AT_location[DW_OP_reg12]
    2924              
    2925                      .dwcfi  cfa_offset, -2
    2926                      .dwcfi  save_reg_to_mem, 26, 0
    2927 00000000 FE08          ADDB      SP,#8                 ; [CPU_ARAU] 
    2928                      .dwcfi  cfa_offset, -10
    2929 00000001 C4D4          MOVL      XAR6,*+XAR4[2]        ; [CPU_ALU] |414| 
    2930 00000002 06C4          MOVL      ACC,*+XAR4[0]         ; [CPU_ALU] |414| 
    2931 00000003 1E48          MOVL      *-SP[8],ACC           ; [CPU_ALU] |414| 
    2932 00000004 C246          MOVL      *-SP[6],XAR6          ; [CPU_ALU] |414| 
    2933                      .dwpsn  file "C:/ti/ccs1210/ccs/tools/compiler/ti-cgt-c2000_22.6.0.LTS/include/_defs.h",line 415,colu
    2934 00000005 8348          MOVL      XAR5,*-SP[8]          ; [CPU_ALU] |415| 
    2935 00000006 8A46          MOVL      XAR4,*-SP[6]          ; [CPU_ALU] |415| 
    2936                      .dwpsn  file "C:/ti/ccs1210/ccs/tools/compiler/ti-cgt-c2000_22.6.0.LTS/include/_defs.h",line 419,colu
    2937 00000007 28AC          MOV       T,#48                 ; [CPU_ALU] |419| 
         00000008 0030 
    2938 00000009 A0AB          MOVL      P,XAR5                ; [CPU_ALU] |419| 
    2939 0000000a A8A9          MOVL      ACC,XAR4              ; [CPU_ALU] |419| 
    2940 0000000b 565B          LSR64     ACC:P,T               ; [CPU_ALU] |419| 
    2941 0000000c 18AB          AND       PL,#0x7ff0            ; [CPU_ALU] |419| 
         0000000d 7FF0 
    2942 0000000e 88AB          MOVZ      AR6,PL                ; [CPU_ALU] |419| 
    2943 0000000f FF20          MOV       ACC,#32752            ; [CPU_ALU] |419| 
         00000010 7FF0 
TMS320C2000 Assembler PC v22.6.0 Mon Apr 21 09:03:30 2025

Copyright (c) 1996-2018 Texas Instruments Incorporated
hal_clb_TMS320F280049C.asm                                           PAGE   61

    2944 00000011 0FA6          CMPL      ACC,XAR6              ; [CPU_ALU] |419| 
    2945 00000012 6016          B         ||$C$L21||,NEQ        ; [CPU_ALU] |419| 
    2946                      ; branchcc occurs ; [] |419| 
    2947 00000013 0200          MOVB      ACC,#0                ; [CPU_ALU] |419| 
    2948 00000014 1E44          MOVL      *-SP[4],ACC           ; [CPU_ALU] |419| 
    2949 00000015 2B42          MOV       *-SP[2],#0            ; [CPU_ALU] |419| 
    2950 00000016 2B41          MOV       *-SP[1],#0            ; [CPU_ALU] |419| 
    2951 00000017 A348          MOVL      P,*-SP[8]             ; [CPU_ALU] |419| 
    2952 00000018 0646          MOVL      ACC,*-SP[6]           ; [CPU_ALU] |419| 
    2953 00000019 18AB          AND       PL,#65535             ; [CPU_ALU] |419| 
         0000001a FFFF 
    2954 0000001b 18AA          AND       PH,#65535             ; [CPU_ALU] |419| 
         0000001c FFFF 
    2955 0000001d 18A9          AND       AL,#65535             ; [CPU_ALU] |419| 
         0000001e FFFF 
    2956 0000001f 910F          ANDB      AH,#15                ; [CPU_ALU] |419| 
    2957              $C$DW$155       .dwtag  DW_TAG_TI_branch
    2958                      .dwattr $C$DW$155, DW_AT_low_pc(0x00)
    2959                      .dwattr $C$DW$155, DW_AT_name("__c28xabi_cmpull")
    2960                      .dwattr $C$DW$155, DW_AT_TI_call
    2961              
    2962 00000020 7640!         LCR       #||__c28xabi_cmpull|| ; [CPU_ALU] |419| 
         00000021 0000 
    2963                      ; call occurs [#||__c28xabi_cmpull||] ; [] |419| 
    2964 00000022 5200          CMPB      AL,#0                 ; [CPU_ALU] |419| 
    2965 00000023 6103          B         ||$C$L20||,EQ         ; [CPU_ALU] |419| 
    2966                      ; branchcc occurs ; [] |419| 
    2967 00000024 9A02          MOVB      AL,#2                 ; [CPU_ALU] |419| 
    2968 00000025 6F2D          B         ||$C$L24||,UNC        ; [CPU_ALU] |419| 
    2969                      ; branch occurs ; [] |419| 
    2970 00000026       ||$C$L20||:    
    2971 00000026 9A01          MOVB      AL,#1                 ; [CPU_ALU] |419| 
    2972 00000027 6F2B          B         ||$C$L24||,UNC        ; [CPU_ALU] |419| 
    2973                      ; branch occurs ; [] |419| 
    2974 00000028       ||$C$L21||:    
    2975 00000028 BE00          MOVB      XAR6,#0               ; [CPU_ALU] |419| 
    2976 00000029 A0AB          MOVL      P,XAR5                ; [CPU_ALU] |419| 
    2977 0000002a A8A9          MOVL      ACC,XAR4              ; [CPU_ALU] |419| 
    2978 0000002b 28AC          MOV       T,#52                 ; [CPU_ALU] |419| 
         0000002c 0034 
    2979 0000002d C244          MOVL      *-SP[4],XAR6          ; [CPU_ALU] |419| 
    2980 0000002e 2B42          MOV       *-SP[2],#0            ; [CPU_ALU] |419| 
    2981 0000002f 565B          LSR64     ACC:P,T               ; [CPU_ALU] |419| 
    2982 00000030 2B41          MOV       *-SP[1],#0            ; [CPU_FPU] |419| 
    2983 00000031 9000          ANDB      AL,#0                 ; [CPU_ALU] |419| 
    2984 00000032 9100          ANDB      AH,#0                 ; [CPU_ALU] |419| 
    2985 00000033 18AB          AND       PL,#2047              ; [CPU_ALU] |419| 
         00000034 07FF 
    2986 00000035 18AA          AND       PH,#0                 ; [CPU_ALU] |419| 
         00000036 0000 
    2987              $C$DW$156       .dwtag  DW_TAG_TI_branch
    2988                      .dwattr $C$DW$156, DW_AT_low_pc(0x00)
    2989                      .dwattr $C$DW$156, DW_AT_name("__c28xabi_cmpull")
    2990                      .dwattr $C$DW$156, DW_AT_TI_call
    2991              
TMS320C2000 Assembler PC v22.6.0 Mon Apr 21 09:03:30 2025

Copyright (c) 1996-2018 Texas Instruments Incorporated
hal_clb_TMS320F280049C.asm                                           PAGE   62

    2992 00000037 7640!         LCR       #||__c28xabi_cmpull|| ; [CPU_ALU] |419| 
         00000038 0000 
    2993                      ; call occurs [#||__c28xabi_cmpull||] ; [] |419| 
    2994 00000039 5200          CMPB      AL,#0                 ; [CPU_ALU] |419| 
    2995 0000003a 6104          B         ||$C$L22||,EQ         ; [CPU_ALU] |419| 
    2996                      ; branchcc occurs ; [] |419| 
    2997 0000003b 28A9          MOV       AL,#-1                ; [CPU_ALU] |419| 
         0000003c FFFF 
    2998 0000003d 6F15          B         ||$C$L24||,UNC        ; [CPU_ALU] |419| 
    2999                      ; branch occurs ; [] |419| 
    3000 0000003e       ||$C$L22||:    
    3001 0000003e C244          MOVL      *-SP[4],XAR6          ; [CPU_ALU] |419| 
    3002 0000003f A8A9          MOVL      ACC,XAR4              ; [CPU_ALU] |419| 
    3003 00000040 A0AB          MOVL      P,XAR5                ; [CPU_ALU] |419| 
    3004 00000041 2B42          MOV       *-SP[2],#0            ; [CPU_ALU] |419| 
    3005 00000042 18A9          AND       AL,#65535             ; [CPU_ALU] |419| 
         00000043 FFFF 
    3006 00000044 910F          ANDB      AH,#15                ; [CPU_ALU] |419| 
    3007 00000045 18AB          AND       PL,#65535             ; [CPU_ALU] |419| 
         00000046 FFFF 
    3008 00000047 18AA          AND       PH,#65535             ; [CPU_ALU] |419| 
         00000048 FFFF 
    3009 00000049 2B41          MOV       *-SP[1],#0            ; [CPU_FPU] |419| 
    3010              $C$DW$157       .dwtag  DW_TAG_TI_branch
    3011                      .dwattr $C$DW$157, DW_AT_low_pc(0x00)
    3012                      .dwattr $C$DW$157, DW_AT_name("__c28xabi_cmpull")
    3013                      .dwattr $C$DW$157, DW_AT_TI_call
    3014              
    3015 0000004a 7640!         LCR       #||__c28xabi_cmpull|| ; [CPU_ALU] |419| 
         0000004b 0000 
    3016                      ; call occurs [#||__c28xabi_cmpull||] ; [] |419| 
    3017 0000004c 5200          CMPB      AL,#0                 ; [CPU_ALU] |419| 
    3018 0000004d 6104          B         ||$C$L23||,EQ         ; [CPU_ALU] |419| 
    3019                      ; branchcc occurs ; [] |419| 
    3020 0000004e 28A9          MOV       AL,#-2                ; [CPU_ALU] |419| 
         0000004f FFFE 
    3021 00000050 6F02          B         ||$C$L24||,UNC        ; [CPU_ALU] |419| 
    3022                      ; branch occurs ; [] |419| 
    3023 00000051       ||$C$L23||:    
    3024 00000051 9A00          MOVB      AL,#0                 ; [CPU_ALU] |419| 
    3025 00000052       ||$C$L24||:    
    3026 00000052 FE88          SUBB      SP,#8                 ; [CPU_ARAU] 
    3027                      .dwcfi  cfa_offset, -2
    3028              $C$DW$158       .dwtag  DW_TAG_TI_branch
    3029                      .dwattr $C$DW$158, DW_AT_low_pc(0x00)
    3030                      .dwattr $C$DW$158, DW_AT_TI_return
    3031              
    3032 00000053 0006          LRETR     ; [CPU_ALU] 
    3033                      ; return occurs ; [] 
    3034                      .dwattr $C$DW$151, DW_AT_TI_end_file("C:/ti/ccs1210/ccs/tools/compiler/ti-cgt-c2000_22.6.0.LTS/includ
    3035                      .dwattr $C$DW$151, DW_AT_TI_end_line(0x1ac)
    3036                      .dwattr $C$DW$151, DW_AT_TI_end_column(0x01)
    3037                      .dwendentry
    3038                      .dwendtag $C$DW$151
    3039              
TMS320C2000 Assembler PC v22.6.0 Mon Apr 21 09:03:30 2025

Copyright (c) 1996-2018 Texas Instruments Incorporated
hal_clb_TMS320F280049C.asm                                           PAGE   63

    3040              ;**************************************************************
    3041              ;* UNDEFINED EXTERNAL REFERENCES                              *
    3042              ;**************************************************************
    3043                      .global ||CLB_configCounterLoadMatch||
    3044                      .global ||XBAR_setCLBMuxConfig||
    3045                      .global ||__c28xabi_cmpull||
    3046              ;**************************************************************
    3047              ;* SECTION GROUPS                                             *
    3048              ;**************************************************************
    3049                      .group    "__fpclassify", 1
    3050                      .gmember  ".text:__fpclassify"
    3051                      .endgroup
    3052                      .group    "__fpclassifyf", 1
    3053                      .gmember  ".text:__fpclassifyf"
    3054                      .endgroup
    3055                      .group    "__fpclassifyl", 1
    3056                      .gmember  ".text:__fpclassifyl"
    3057                      .endgroup
    3058                      .group    "__isfinite", 1
    3059                      .gmember  ".text:__isfinite"
    3060                      .endgroup
    3061                      .group    "__isfinitef", 1
    3062                      .gmember  ".text:__isfinitef"
    3063                      .endgroup
    3064                      .group    "__isfinitel", 1
    3065                      .gmember  ".text:__isfinitel"
    3066                      .endgroup
    3067                      .group    "__isinf", 1
    3068                      .gmember  ".text:__isinf"
    3069                      .endgroup
    3070                      .group    "__isinff", 1
    3071                      .gmember  ".text:__isinff"
    3072                      .endgroup
    3073                      .group    "__isinfl", 1
    3074                      .gmember  ".text:__isinfl"
    3075                      .endgroup
    3076                      .group    "__isnan", 1
    3077                      .gmember  ".text:__isnan"
    3078                      .endgroup
    3079                      .group    "__isnanf", 1
    3080                      .gmember  ".text:__isnanf"
    3081                      .endgroup
    3082                      .group    "__isnanl", 1
    3083                      .gmember  ".text:__isnanl"
    3084                      .endgroup
    3085                      .group    "__isnormal", 1
    3086                      .gmember  ".text:__isnormal"
    3087                      .endgroup
    3088                      .group    "__isnormalf", 1
    3089                      .gmember  ".text:__isnormalf"
    3090                      .endgroup
    3091                      .group    "__isnormall", 1
    3092                      .gmember  ".text:__isnormall"
    3093                      .endgroup
    3094                      .group    "__relaxed_atan2f", 1
TMS320C2000 Assembler PC v22.6.0 Mon Apr 21 09:03:30 2025

Copyright (c) 1996-2018 Texas Instruments Incorporated
hal_clb_TMS320F280049C.asm                                           PAGE   64

    3095                      .gmember  ".text:__relaxed_atan2f"
    3096                      .endgroup
    3097                      .group    "__relaxed_atanf", 1
    3098                      .gmember  ".text:__relaxed_atanf"
    3099                      .endgroup
    3100                      .group    "__relaxed_cosf", 1
    3101                      .gmember  ".text:__relaxed_cosf"
    3102                      .endgroup
    3103                      .group    "__relaxed_fmaxf", 1
    3104                      .gmember  ".text:__relaxed_fmaxf"
    3105                      .endgroup
    3106                      .group    "__relaxed_fminf", 1
    3107                      .gmember  ".text:__relaxed_fminf"
    3108                      .endgroup
    3109                      .group    "__relaxed_fmodf", 1
    3110                      .gmember  ".text:__relaxed_fmodf"
    3111                      .endgroup
    3112                      .group    "__relaxed_sinf", 1
    3113                      .gmember  ".text:__relaxed_sinf"
    3114                      .endgroup
    3115                      .group    "__relaxed_sqrtf", 1
    3116                      .gmember  ".text:__relaxed_sqrtf"
    3117                      .endgroup
    3118                      .group    "__signbit", 1
    3119                      .gmember  ".text:__signbit"
    3120                      .endgroup
    3121                      .group    "__signbitf", 1
    3122                      .gmember  ".text:__signbitf"
    3123                      .endgroup
    3124                      .group    "__signbitl", 1
    3125                      .gmember  ".text:__signbitl"
    3126                      .endgroup
    3127              
    3128              
    3129              ;***************************************************************
    3130              ;* BUILD ATTRIBUTES                                            *
    3131              ;***************************************************************
    3132                      .battr "c28xabi", Tag_File, 1, Tag_float_args(1)
    3133                      .battr "c28xabi", Tag_File, 1, Tag_double_args(1)
    3134                      .dwattr $C$DW$CU, DW_AT_language(DW_LANG_C)
    3135              
    3136              ;***************************************************************
    3137              ;* DWARF CIE ENTRIES                                           *
    3138              ;***************************************************************
    3139              
    3140              $C$DW$CIE       .dwcie 26
    3141                      .dwcfi  cfa_register, 20
    3142                      .dwcfi  cfa_offset, 0
    3143                      .dwcfi  same_value, 28
    3144                      .dwcfi  same_value, 6
    3145                      .dwcfi  same_value, 7
    3146                      .dwcfi  same_value, 8
    3147                      .dwcfi  same_value, 9
    3148                      .dwcfi  same_value, 10
    3149                      .dwcfi  same_value, 11
TMS320C2000 Assembler PC v22.6.0 Mon Apr 21 09:03:30 2025

Copyright (c) 1996-2018 Texas Instruments Incorporated
hal_clb_TMS320F280049C.asm                                           PAGE   65

    3150                      .dwcfi  same_value, 59
    3151                      .dwcfi  same_value, 63
    3152                      .dwcfi  same_value, 67
    3153                      .dwcfi  same_value, 71
    3154                      .dwendentry
    3155                      .dwendtag $C$DW$CU
    3156              
    3157              
    3158              ;***************************************************************
    3159              ;* TYPE INFORMATION                                            *
    3160              ;***************************************************************
    3161              
    3162              $C$DW$TU$19     .dwtag  DW_TAG_type_unit
    3163                      .dwmtype  $C$DW$T$19
    3164              
    3165              $C$DW$T$19      .dwtag  DW_TAG_enumeration_type
    3166                      .dwattr $C$DW$T$19, DW_AT_byte_size(0x01)
    3167              $C$DW$159       .dwtag  DW_TAG_enumerator
    3168                      .dwattr $C$DW$159, DW_AT_name("CLB_IN0")
    3169                      .dwattr $C$DW$159, DW_AT_const_value(0x00)
    3170                      .dwattr $C$DW$159, DW_AT_decl_file("D:/15_Delta/14. ANPC Converter/ANPC_3Layer/TMS320F280049C/device/
    3171                      .dwattr $C$DW$159, DW_AT_decl_line(0xac)
    3172                      .dwattr $C$DW$159, DW_AT_decl_column(0x05)
    3173              
    3174              $C$DW$160       .dwtag  DW_TAG_enumerator
    3175                      .dwattr $C$DW$160, DW_AT_name("CLB_IN1")
    3176                      .dwattr $C$DW$160, DW_AT_const_value(0x01)
    3177                      .dwattr $C$DW$160, DW_AT_decl_file("D:/15_Delta/14. ANPC Converter/ANPC_3Layer/TMS320F280049C/device/
    3178                      .dwattr $C$DW$160, DW_AT_decl_line(0xad)
    3179                      .dwattr $C$DW$160, DW_AT_decl_column(0x05)
    3180              
    3181              $C$DW$161       .dwtag  DW_TAG_enumerator
    3182                      .dwattr $C$DW$161, DW_AT_name("CLB_IN2")
    3183                      .dwattr $C$DW$161, DW_AT_const_value(0x02)
    3184                      .dwattr $C$DW$161, DW_AT_decl_file("D:/15_Delta/14. ANPC Converter/ANPC_3Layer/TMS320F280049C/device/
    3185                      .dwattr $C$DW$161, DW_AT_decl_line(0xae)
    3186                      .dwattr $C$DW$161, DW_AT_decl_column(0x05)
    3187              
    3188              $C$DW$162       .dwtag  DW_TAG_enumerator
    3189                      .dwattr $C$DW$162, DW_AT_name("CLB_IN3")
    3190                      .dwattr $C$DW$162, DW_AT_const_value(0x03)
    3191                      .dwattr $C$DW$162, DW_AT_decl_file("D:/15_Delta/14. ANPC Converter/ANPC_3Layer/TMS320F280049C/device/
    3192                      .dwattr $C$DW$162, DW_AT_decl_line(0xaf)
    3193                      .dwattr $C$DW$162, DW_AT_decl_column(0x05)
    3194              
    3195              $C$DW$163       .dwtag  DW_TAG_enumerator
    3196                      .dwattr $C$DW$163, DW_AT_name("CLB_IN4")
    3197                      .dwattr $C$DW$163, DW_AT_const_value(0x04)
    3198                      .dwattr $C$DW$163, DW_AT_decl_file("D:/15_Delta/14. ANPC Converter/ANPC_3Layer/TMS320F280049C/device/
    3199                      .dwattr $C$DW$163, DW_AT_decl_line(0xb0)
    3200                      .dwattr $C$DW$163, DW_AT_decl_column(0x05)
    3201              
    3202              $C$DW$164       .dwtag  DW_TAG_enumerator
    3203                      .dwattr $C$DW$164, DW_AT_name("CLB_IN5")
    3204                      .dwattr $C$DW$164, DW_AT_const_value(0x05)
TMS320C2000 Assembler PC v22.6.0 Mon Apr 21 09:03:30 2025

Copyright (c) 1996-2018 Texas Instruments Incorporated
hal_clb_TMS320F280049C.asm                                           PAGE   66

    3205                      .dwattr $C$DW$164, DW_AT_decl_file("D:/15_Delta/14. ANPC Converter/ANPC_3Layer/TMS320F280049C/device/
    3206                      .dwattr $C$DW$164, DW_AT_decl_line(0xb1)
    3207                      .dwattr $C$DW$164, DW_AT_decl_column(0x05)
    3208              
    3209              $C$DW$165       .dwtag  DW_TAG_enumerator
    3210                      .dwattr $C$DW$165, DW_AT_name("CLB_IN6")
    3211                      .dwattr $C$DW$165, DW_AT_const_value(0x06)
    3212                      .dwattr $C$DW$165, DW_AT_decl_file("D:/15_Delta/14. ANPC Converter/ANPC_3Layer/TMS320F280049C/device/
    3213                      .dwattr $C$DW$165, DW_AT_decl_line(0xb2)
    3214                      .dwattr $C$DW$165, DW_AT_decl_column(0x05)
    3215              
    3216              $C$DW$166       .dwtag  DW_TAG_enumerator
    3217                      .dwattr $C$DW$166, DW_AT_name("CLB_IN7")
    3218                      .dwattr $C$DW$166, DW_AT_const_value(0x07)
    3219                      .dwattr $C$DW$166, DW_AT_decl_file("D:/15_Delta/14. ANPC Converter/ANPC_3Layer/TMS320F280049C/device/
    3220                      .dwattr $C$DW$166, DW_AT_decl_line(0xb3)
    3221                      .dwattr $C$DW$166, DW_AT_decl_column(0x05)
    3222              
    3223                      .dwattr $C$DW$T$19, DW_AT_decl_file("D:/15_Delta/14. ANPC Converter/ANPC_3Layer/TMS320F280049C/device
    3224                      .dwattr $C$DW$T$19, DW_AT_decl_line(0xab)
    3225                      .dwattr $C$DW$T$19, DW_AT_decl_column(0x01)
    3226                      .dwendtag $C$DW$T$19
    3227              
    3228                      .dwendtag $C$DW$TU$19
    3229              
    3230              
    3231              $C$DW$TU$20     .dwtag  DW_TAG_type_unit
    3232                      .dwmtype  $C$DW$T$20
    3233              $C$DW$T$20      .dwtag  DW_TAG_typedef
    3234                      .dwattr $C$DW$T$20, DW_AT_name("CLB_Inputs")
    3235                      .dwattr $C$DW$T$20, DW_AT_type(*$C$DW$T$19)
    3236                      .dwattr $C$DW$T$20, DW_AT_decl_file("D:/15_Delta/14. ANPC Converter/ANPC_3Layer/TMS320F280049C/device
    3237                      .dwattr $C$DW$T$20, DW_AT_decl_line(0xb4)
    3238                      .dwattr $C$DW$T$20, DW_AT_decl_column(0x03)
    3239              
    3240                      .dwendtag $C$DW$TU$20
    3241              
    3242              
    3243              $C$DW$TU$21     .dwtag  DW_TAG_type_unit
    3244                      .dwmtype  $C$DW$T$21
    3245              
    3246              $C$DW$T$21      .dwtag  DW_TAG_enumeration_type
    3247                      .dwattr $C$DW$T$21, DW_AT_byte_size(0x01)
    3248              $C$DW$167       .dwtag  DW_TAG_enumerator
    3249                      .dwattr $C$DW$167, DW_AT_name("CLB_FILTER_NONE")
    3250                      .dwattr $C$DW$167, DW_AT_const_value(0x00)
    3251                      .dwattr $C$DW$167, DW_AT_decl_file("D:/15_Delta/14. ANPC Converter/ANPC_3Layer/TMS320F280049C/device/
    3252                      .dwattr $C$DW$167, DW_AT_decl_line(0x125)
    3253                      .dwattr $C$DW$167, DW_AT_decl_column(0x05)
    3254              
    3255              $C$DW$168       .dwtag  DW_TAG_enumerator
    3256                      .dwattr $C$DW$168, DW_AT_name("CLB_FILTER_RISING_EDGE")
    3257                      .dwattr $C$DW$168, DW_AT_const_value(0x01)
    3258                      .dwattr $C$DW$168, DW_AT_decl_file("D:/15_Delta/14. ANPC Converter/ANPC_3Layer/TMS320F280049C/device/
    3259                      .dwattr $C$DW$168, DW_AT_decl_line(0x126)
TMS320C2000 Assembler PC v22.6.0 Mon Apr 21 09:03:30 2025

Copyright (c) 1996-2018 Texas Instruments Incorporated
hal_clb_TMS320F280049C.asm                                           PAGE   67

    3260                      .dwattr $C$DW$168, DW_AT_decl_column(0x05)
    3261              
    3262              $C$DW$169       .dwtag  DW_TAG_enumerator
    3263                      .dwattr $C$DW$169, DW_AT_name("CLB_FILTER_FALLING_EDGE")
    3264                      .dwattr $C$DW$169, DW_AT_const_value(0x02)
    3265                      .dwattr $C$DW$169, DW_AT_decl_file("D:/15_Delta/14. ANPC Converter/ANPC_3Layer/TMS320F280049C/device/
    3266                      .dwattr $C$DW$169, DW_AT_decl_line(0x127)
    3267                      .dwattr $C$DW$169, DW_AT_decl_column(0x05)
    3268              
    3269              $C$DW$170       .dwtag  DW_TAG_enumerator
    3270                      .dwattr $C$DW$170, DW_AT_name("CLB_FILTER_ANY_EDGE")
    3271                      .dwattr $C$DW$170, DW_AT_const_value(0x03)
    3272                      .dwattr $C$DW$170, DW_AT_decl_file("D:/15_Delta/14. ANPC Converter/ANPC_3Layer/TMS320F280049C/device/
    3273                      .dwattr $C$DW$170, DW_AT_decl_line(0x128)
    3274                      .dwattr $C$DW$170, DW_AT_decl_column(0x05)
    3275              
    3276                      .dwattr $C$DW$T$21, DW_AT_decl_file("D:/15_Delta/14. ANPC Converter/ANPC_3Layer/TMS320F280049C/device
    3277                      .dwattr $C$DW$T$21, DW_AT_decl_line(0x124)
    3278                      .dwattr $C$DW$T$21, DW_AT_decl_column(0x01)
    3279                      .dwendtag $C$DW$T$21
    3280              
    3281                      .dwendtag $C$DW$TU$21
    3282              
    3283              
    3284              $C$DW$TU$22     .dwtag  DW_TAG_type_unit
    3285                      .dwmtype  $C$DW$T$22
    3286              $C$DW$T$22      .dwtag  DW_TAG_typedef
    3287                      .dwattr $C$DW$T$22, DW_AT_name("CLB_FilterType")
    3288                      .dwattr $C$DW$T$22, DW_AT_type(*$C$DW$T$21)
    3289                      .dwattr $C$DW$T$22, DW_AT_decl_file("D:/15_Delta/14. ANPC Converter/ANPC_3Layer/TMS320F280049C/device
    3290                      .dwattr $C$DW$T$22, DW_AT_decl_line(0x129)
    3291                      .dwattr $C$DW$T$22, DW_AT_decl_column(0x03)
    3292              
    3293                      .dwendtag $C$DW$TU$22
    3294              
    3295              
    3296              $C$DW$TU$23     .dwtag  DW_TAG_type_unit
    3297                      .dwmtype  $C$DW$T$23
    3298              
    3299              $C$DW$T$23      .dwtag  DW_TAG_enumeration_type
    3300                      .dwattr $C$DW$T$23, DW_AT_byte_size(0x01)
    3301              $C$DW$171       .dwtag  DW_TAG_enumerator
    3302                      .dwattr $C$DW$171, DW_AT_name("CLB_GP_IN_MUX_EXTERNAL")
    3303                      .dwattr $C$DW$171, DW_AT_const_value(0x00)
    3304                      .dwattr $C$DW$171, DW_AT_decl_file("D:/15_Delta/14. ANPC Converter/ANPC_3Layer/TMS320F280049C/device/
    3305                      .dwattr $C$DW$171, DW_AT_decl_line(0x133)
    3306                      .dwattr $C$DW$171, DW_AT_decl_column(0x05)
    3307              
    3308              $C$DW$172       .dwtag  DW_TAG_enumerator
    3309                      .dwattr $C$DW$172, DW_AT_name("CLB_GP_IN_MUX_GP_REG")
    3310                      .dwattr $C$DW$172, DW_AT_const_value(0x01)
    3311                      .dwattr $C$DW$172, DW_AT_decl_file("D:/15_Delta/14. ANPC Converter/ANPC_3Layer/TMS320F280049C/device/
    3312                      .dwattr $C$DW$172, DW_AT_decl_line(0x134)
    3313                      .dwattr $C$DW$172, DW_AT_decl_column(0x05)
    3314              
TMS320C2000 Assembler PC v22.6.0 Mon Apr 21 09:03:30 2025

Copyright (c) 1996-2018 Texas Instruments Incorporated
hal_clb_TMS320F280049C.asm                                           PAGE   68

    3315                      .dwattr $C$DW$T$23, DW_AT_decl_file("D:/15_Delta/14. ANPC Converter/ANPC_3Layer/TMS320F280049C/device
    3316                      .dwattr $C$DW$T$23, DW_AT_decl_line(0x132)
    3317                      .dwattr $C$DW$T$23, DW_AT_decl_column(0x01)
    3318                      .dwendtag $C$DW$T$23
    3319              
    3320                      .dwendtag $C$DW$TU$23
    3321              
    3322              
    3323              $C$DW$TU$24     .dwtag  DW_TAG_type_unit
    3324                      .dwmtype  $C$DW$T$24
    3325              $C$DW$T$24      .dwtag  DW_TAG_typedef
    3326                      .dwattr $C$DW$T$24, DW_AT_name("CLB_GPInputMux")
    3327                      .dwattr $C$DW$T$24, DW_AT_type(*$C$DW$T$23)
    3328                      .dwattr $C$DW$T$24, DW_AT_decl_file("D:/15_Delta/14. ANPC Converter/ANPC_3Layer/TMS320F280049C/device
    3329                      .dwattr $C$DW$T$24, DW_AT_decl_line(0x135)
    3330                      .dwattr $C$DW$T$24, DW_AT_decl_column(0x03)
    3331              
    3332                      .dwendtag $C$DW$TU$24
    3333              
    3334              
    3335              $C$DW$TU$25     .dwtag  DW_TAG_type_unit
    3336                      .dwmtype  $C$DW$T$25
    3337              
    3338              $C$DW$T$25      .dwtag  DW_TAG_enumeration_type
    3339                      .dwattr $C$DW$T$25, DW_AT_byte_size(0x01)
    3340              $C$DW$173       .dwtag  DW_TAG_enumerator
    3341                      .dwattr $C$DW$173, DW_AT_name("CLB_LOCAL_IN_MUX_GLOBAL_IN")
    3342                      .dwattr $C$DW$173, DW_AT_const_value(0x00)
    3343                      .dwattr $C$DW$173, DW_AT_decl_file("D:/15_Delta/14. ANPC Converter/ANPC_3Layer/TMS320F280049C/device/
    3344                      .dwattr $C$DW$173, DW_AT_decl_line(0x13f)
    3345                      .dwattr $C$DW$173, DW_AT_decl_column(0x05)
    3346              
    3347              $C$DW$174       .dwtag  DW_TAG_enumerator
    3348                      .dwattr $C$DW$174, DW_AT_name("CLB_LOCAL_IN_MUX_EPWM_DCAEVT1")
    3349                      .dwattr $C$DW$174, DW_AT_const_value(0x01)
    3350                      .dwattr $C$DW$174, DW_AT_decl_file("D:/15_Delta/14. ANPC Converter/ANPC_3Layer/TMS320F280049C/device/
    3351                      .dwattr $C$DW$174, DW_AT_decl_line(0x140)
    3352                      .dwattr $C$DW$174, DW_AT_decl_column(0x05)
    3353              
    3354              $C$DW$175       .dwtag  DW_TAG_enumerator
    3355                      .dwattr $C$DW$175, DW_AT_name("CLB_LOCAL_IN_MUX_EPWM_DCAEVT2")
    3356                      .dwattr $C$DW$175, DW_AT_const_value(0x02)
    3357                      .dwattr $C$DW$175, DW_AT_decl_file("D:/15_Delta/14. ANPC Converter/ANPC_3Layer/TMS320F280049C/device/
    3358                      .dwattr $C$DW$175, DW_AT_decl_line(0x141)
    3359                      .dwattr $C$DW$175, DW_AT_decl_column(0x05)
    3360              
    3361              $C$DW$176       .dwtag  DW_TAG_enumerator
    3362                      .dwattr $C$DW$176, DW_AT_name("CLB_LOCAL_IN_MUX_EPWM_DCBEVT1")
    3363                      .dwattr $C$DW$176, DW_AT_const_value(0x03)
    3364                      .dwattr $C$DW$176, DW_AT_decl_file("D:/15_Delta/14. ANPC Converter/ANPC_3Layer/TMS320F280049C/device/
    3365                      .dwattr $C$DW$176, DW_AT_decl_line(0x142)
    3366                      .dwattr $C$DW$176, DW_AT_decl_column(0x05)
    3367              
    3368              $C$DW$177       .dwtag  DW_TAG_enumerator
    3369                      .dwattr $C$DW$177, DW_AT_name("CLB_LOCAL_IN_MUX_EPWM_DCBEVT2")
TMS320C2000 Assembler PC v22.6.0 Mon Apr 21 09:03:30 2025

Copyright (c) 1996-2018 Texas Instruments Incorporated
hal_clb_TMS320F280049C.asm                                           PAGE   69

    3370                      .dwattr $C$DW$177, DW_AT_const_value(0x04)
    3371                      .dwattr $C$DW$177, DW_AT_decl_file("D:/15_Delta/14. ANPC Converter/ANPC_3Layer/TMS320F280049C/device/
    3372                      .dwattr $C$DW$177, DW_AT_decl_line(0x143)
    3373                      .dwattr $C$DW$177, DW_AT_decl_column(0x05)
    3374              
    3375              $C$DW$178       .dwtag  DW_TAG_enumerator
    3376                      .dwattr $C$DW$178, DW_AT_name("CLB_LOCAL_IN_MUX_EPWM_DCAH")
    3377                      .dwattr $C$DW$178, DW_AT_const_value(0x05)
    3378                      .dwattr $C$DW$178, DW_AT_decl_file("D:/15_Delta/14. ANPC Converter/ANPC_3Layer/TMS320F280049C/device/
    3379                      .dwattr $C$DW$178, DW_AT_decl_line(0x144)
    3380                      .dwattr $C$DW$178, DW_AT_decl_column(0x05)
    3381              
    3382              $C$DW$179       .dwtag  DW_TAG_enumerator
    3383                      .dwattr $C$DW$179, DW_AT_name("CLB_LOCAL_IN_MUX_EPWM_DCAL")
    3384                      .dwattr $C$DW$179, DW_AT_const_value(0x06)
    3385                      .dwattr $C$DW$179, DW_AT_decl_file("D:/15_Delta/14. ANPC Converter/ANPC_3Layer/TMS320F280049C/device/
    3386                      .dwattr $C$DW$179, DW_AT_decl_line(0x145)
    3387                      .dwattr $C$DW$179, DW_AT_decl_column(0x05)
    3388              
    3389              $C$DW$180       .dwtag  DW_TAG_enumerator
    3390                      .dwattr $C$DW$180, DW_AT_name("CLB_LOCAL_IN_MUX_EPWM_DCBH")
    3391                      .dwattr $C$DW$180, DW_AT_const_value(0x07)
    3392                      .dwattr $C$DW$180, DW_AT_decl_file("D:/15_Delta/14. ANPC Converter/ANPC_3Layer/TMS320F280049C/device/
    3393                      .dwattr $C$DW$180, DW_AT_decl_line(0x146)
    3394                      .dwattr $C$DW$180, DW_AT_decl_column(0x05)
    3395              
    3396              $C$DW$181       .dwtag  DW_TAG_enumerator
    3397                      .dwattr $C$DW$181, DW_AT_name("CLB_LOCAL_IN_MUX_EPWM_DCBL")
    3398                      .dwattr $C$DW$181, DW_AT_const_value(0x08)
    3399                      .dwattr $C$DW$181, DW_AT_decl_file("D:/15_Delta/14. ANPC Converter/ANPC_3Layer/TMS320F280049C/device/
    3400                      .dwattr $C$DW$181, DW_AT_decl_line(0x147)
    3401                      .dwattr $C$DW$181, DW_AT_decl_column(0x05)
    3402              
    3403              $C$DW$182       .dwtag  DW_TAG_enumerator
    3404                      .dwattr $C$DW$182, DW_AT_name("CLB_LOCAL_IN_MUX_EPWM_OST")
    3405                      .dwattr $C$DW$182, DW_AT_const_value(0x09)
    3406                      .dwattr $C$DW$182, DW_AT_decl_file("D:/15_Delta/14. ANPC Converter/ANPC_3Layer/TMS320F280049C/device/
    3407                      .dwattr $C$DW$182, DW_AT_decl_line(0x148)
    3408                      .dwattr $C$DW$182, DW_AT_decl_column(0x05)
    3409              
    3410              $C$DW$183       .dwtag  DW_TAG_enumerator
    3411                      .dwattr $C$DW$183, DW_AT_name("CLB_LOCAL_IN_MUX_EPWM_CBC")
    3412                      .dwattr $C$DW$183, DW_AT_const_value(0x0a)
    3413                      .dwattr $C$DW$183, DW_AT_decl_file("D:/15_Delta/14. ANPC Converter/ANPC_3Layer/TMS320F280049C/device/
    3414                      .dwattr $C$DW$183, DW_AT_decl_line(0x149)
    3415                      .dwattr $C$DW$183, DW_AT_decl_column(0x05)
    3416              
    3417              $C$DW$184       .dwtag  DW_TAG_enumerator
    3418                      .dwattr $C$DW$184, DW_AT_name("CLB_LOCAL_IN_MUX_ECAP_ECAPIN")
    3419                      .dwattr $C$DW$184, DW_AT_const_value(0x0b)
    3420                      .dwattr $C$DW$184, DW_AT_decl_file("D:/15_Delta/14. ANPC Converter/ANPC_3Layer/TMS320F280049C/device/
    3421                      .dwattr $C$DW$184, DW_AT_decl_line(0x14a)
    3422                      .dwattr $C$DW$184, DW_AT_decl_column(0x05)
    3423              
    3424              $C$DW$185       .dwtag  DW_TAG_enumerator
TMS320C2000 Assembler PC v22.6.0 Mon Apr 21 09:03:30 2025

Copyright (c) 1996-2018 Texas Instruments Incorporated
hal_clb_TMS320F280049C.asm                                           PAGE   70

    3425                      .dwattr $C$DW$185, DW_AT_name("CLB_LOCAL_IN_MUX_ECAP_ECAP_OUT")
    3426                      .dwattr $C$DW$185, DW_AT_const_value(0x0c)
    3427                      .dwattr $C$DW$185, DW_AT_decl_file("D:/15_Delta/14. ANPC Converter/ANPC_3Layer/TMS320F280049C/device/
    3428                      .dwattr $C$DW$185, DW_AT_decl_line(0x14b)
    3429                      .dwattr $C$DW$185, DW_AT_decl_column(0x05)
    3430              
    3431              $C$DW$186       .dwtag  DW_TAG_enumerator
    3432                      .dwattr $C$DW$186, DW_AT_name("CLB_LOCAL_IN_MUX_ECAP_ECAP_OUT_EN")
    3433                      .dwattr $C$DW$186, DW_AT_const_value(0x0d)
    3434                      .dwattr $C$DW$186, DW_AT_decl_file("D:/15_Delta/14. ANPC Converter/ANPC_3Layer/TMS320F280049C/device/
    3435                      .dwattr $C$DW$186, DW_AT_decl_line(0x14c)
    3436                      .dwattr $C$DW$186, DW_AT_decl_column(0x05)
    3437              
    3438              $C$DW$187       .dwtag  DW_TAG_enumerator
    3439                      .dwattr $C$DW$187, DW_AT_name("CLB_LOCAL_IN_MUX_ECAP_CEVT1")
    3440                      .dwattr $C$DW$187, DW_AT_const_value(0x0e)
    3441                      .dwattr $C$DW$187, DW_AT_decl_file("D:/15_Delta/14. ANPC Converter/ANPC_3Layer/TMS320F280049C/device/
    3442                      .dwattr $C$DW$187, DW_AT_decl_line(0x14d)
    3443                      .dwattr $C$DW$187, DW_AT_decl_column(0x05)
    3444              
    3445              $C$DW$188       .dwtag  DW_TAG_enumerator
    3446                      .dwattr $C$DW$188, DW_AT_name("CLB_LOCAL_IN_MUX_ECAP_CEVT2")
    3447                      .dwattr $C$DW$188, DW_AT_const_value(0x0f)
    3448                      .dwattr $C$DW$188, DW_AT_decl_file("D:/15_Delta/14. ANPC Converter/ANPC_3Layer/TMS320F280049C/device/
    3449                      .dwattr $C$DW$188, DW_AT_decl_line(0x14e)
    3450                      .dwattr $C$DW$188, DW_AT_decl_column(0x05)
    3451              
    3452              $C$DW$189       .dwtag  DW_TAG_enumerator
    3453                      .dwattr $C$DW$189, DW_AT_name("CLB_LOCAL_IN_MUX_ECAP_CEVT3")
    3454                      .dwattr $C$DW$189, DW_AT_const_value(0x10)
    3455                      .dwattr $C$DW$189, DW_AT_decl_file("D:/15_Delta/14. ANPC Converter/ANPC_3Layer/TMS320F280049C/device/
    3456                      .dwattr $C$DW$189, DW_AT_decl_line(0x14f)
    3457                      .dwattr $C$DW$189, DW_AT_decl_column(0x05)
    3458              
    3459              $C$DW$190       .dwtag  DW_TAG_enumerator
    3460                      .dwattr $C$DW$190, DW_AT_name("CLB_LOCAL_IN_MUX_ECAP_CEVT4")
    3461                      .dwattr $C$DW$190, DW_AT_const_value(0x11)
    3462                      .dwattr $C$DW$190, DW_AT_decl_file("D:/15_Delta/14. ANPC Converter/ANPC_3Layer/TMS320F280049C/device/
    3463                      .dwattr $C$DW$190, DW_AT_decl_line(0x150)
    3464                      .dwattr $C$DW$190, DW_AT_decl_column(0x05)
    3465              
    3466              $C$DW$191       .dwtag  DW_TAG_enumerator
    3467                      .dwattr $C$DW$191, DW_AT_name("CLB_LOCAL_IN_MUX_EQEP_EQEPA")
    3468                      .dwattr $C$DW$191, DW_AT_const_value(0x12)
    3469                      .dwattr $C$DW$191, DW_AT_decl_file("D:/15_Delta/14. ANPC Converter/ANPC_3Layer/TMS320F280049C/device/
    3470                      .dwattr $C$DW$191, DW_AT_decl_line(0x151)
    3471                      .dwattr $C$DW$191, DW_AT_decl_column(0x05)
    3472              
    3473              $C$DW$192       .dwtag  DW_TAG_enumerator
    3474                      .dwattr $C$DW$192, DW_AT_name("CLB_LOCAL_IN_MUX_EQEP_EQEPB")
    3475                      .dwattr $C$DW$192, DW_AT_const_value(0x13)
    3476                      .dwattr $C$DW$192, DW_AT_decl_file("D:/15_Delta/14. ANPC Converter/ANPC_3Layer/TMS320F280049C/device/
    3477                      .dwattr $C$DW$192, DW_AT_decl_line(0x152)
    3478                      .dwattr $C$DW$192, DW_AT_decl_column(0x05)
    3479              
TMS320C2000 Assembler PC v22.6.0 Mon Apr 21 09:03:30 2025

Copyright (c) 1996-2018 Texas Instruments Incorporated
hal_clb_TMS320F280049C.asm                                           PAGE   71

    3480              $C$DW$193       .dwtag  DW_TAG_enumerator
    3481                      .dwattr $C$DW$193, DW_AT_name("CLB_LOCAL_IN_MUX_EQEP_EQEPI")
    3482                      .dwattr $C$DW$193, DW_AT_const_value(0x14)
    3483                      .dwattr $C$DW$193, DW_AT_decl_file("D:/15_Delta/14. ANPC Converter/ANPC_3Layer/TMS320F280049C/device/
    3484                      .dwattr $C$DW$193, DW_AT_decl_line(0x153)
    3485                      .dwattr $C$DW$193, DW_AT_decl_column(0x05)
    3486              
    3487              $C$DW$194       .dwtag  DW_TAG_enumerator
    3488                      .dwattr $C$DW$194, DW_AT_name("CLB_LOCAL_IN_MUX_EQEP_EQEPS")
    3489                      .dwattr $C$DW$194, DW_AT_const_value(0x15)
    3490                      .dwattr $C$DW$194, DW_AT_decl_file("D:/15_Delta/14. ANPC Converter/ANPC_3Layer/TMS320F280049C/device/
    3491                      .dwattr $C$DW$194, DW_AT_decl_line(0x154)
    3492                      .dwattr $C$DW$194, DW_AT_decl_column(0x05)
    3493              
    3494              $C$DW$195       .dwtag  DW_TAG_enumerator
    3495                      .dwattr $C$DW$195, DW_AT_name("CLB_LOCAL_IN_MUX_CPU1_TBCLKSYNC")
    3496                      .dwattr $C$DW$195, DW_AT_const_value(0x16)
    3497                      .dwattr $C$DW$195, DW_AT_decl_file("D:/15_Delta/14. ANPC Converter/ANPC_3Layer/TMS320F280049C/device/
    3498                      .dwattr $C$DW$195, DW_AT_decl_line(0x155)
    3499                      .dwattr $C$DW$195, DW_AT_decl_column(0x05)
    3500              
    3501              $C$DW$196       .dwtag  DW_TAG_enumerator
    3502                      .dwattr $C$DW$196, DW_AT_name("CLB_LOCAL_IN_MUX_CPU1_HALT")
    3503                      .dwattr $C$DW$196, DW_AT_const_value(0x18)
    3504                      .dwattr $C$DW$196, DW_AT_decl_file("D:/15_Delta/14. ANPC Converter/ANPC_3Layer/TMS320F280049C/device/
    3505                      .dwattr $C$DW$196, DW_AT_decl_line(0x156)
    3506                      .dwattr $C$DW$196, DW_AT_decl_column(0x05)
    3507              
    3508              $C$DW$197       .dwtag  DW_TAG_enumerator
    3509                      .dwattr $C$DW$197, DW_AT_name("CLB_LOCAL_IN_MUX_SPICLK")
    3510                      .dwattr $C$DW$197, DW_AT_const_value(0x1a)
    3511                      .dwattr $C$DW$197, DW_AT_decl_file("D:/15_Delta/14. ANPC Converter/ANPC_3Layer/TMS320F280049C/device/
    3512                      .dwattr $C$DW$197, DW_AT_decl_line(0x157)
    3513                      .dwattr $C$DW$197, DW_AT_decl_column(0x05)
    3514              
    3515              $C$DW$198       .dwtag  DW_TAG_enumerator
    3516                      .dwattr $C$DW$198, DW_AT_name("CLB_LOCAL_IN_MUX_SPIPICO_PERIPHERAL")
    3517                      .dwattr $C$DW$198, DW_AT_const_value(0x1b)
    3518                      .dwattr $C$DW$198, DW_AT_decl_file("D:/15_Delta/14. ANPC Converter/ANPC_3Layer/TMS320F280049C/device/
    3519                      .dwattr $C$DW$198, DW_AT_decl_line(0x158)
    3520                      .dwattr $C$DW$198, DW_AT_decl_column(0x05)
    3521              
    3522              $C$DW$199       .dwtag  DW_TAG_enumerator
    3523                      .dwattr $C$DW$199, DW_AT_name("CLB_LOCAL_IN_MUX_SPIPTE")
    3524                      .dwattr $C$DW$199, DW_AT_const_value(0x1c)
    3525                      .dwattr $C$DW$199, DW_AT_decl_file("D:/15_Delta/14. ANPC Converter/ANPC_3Layer/TMS320F280049C/device/
    3526                      .dwattr $C$DW$199, DW_AT_decl_line(0x159)
    3527                      .dwattr $C$DW$199, DW_AT_decl_column(0x05)
    3528              
    3529              $C$DW$200       .dwtag  DW_TAG_enumerator
    3530                      .dwattr $C$DW$200, DW_AT_name("CLB_LOCAL_IN_MUX_SCI_TX")
    3531                      .dwattr $C$DW$200, DW_AT_const_value(0x1d)
    3532                      .dwattr $C$DW$200, DW_AT_decl_file("D:/15_Delta/14. ANPC Converter/ANPC_3Layer/TMS320F280049C/device/
    3533                      .dwattr $C$DW$200, DW_AT_decl_line(0x15a)
    3534                      .dwattr $C$DW$200, DW_AT_decl_column(0x05)
TMS320C2000 Assembler PC v22.6.0 Mon Apr 21 09:03:30 2025

Copyright (c) 1996-2018 Texas Instruments Incorporated
hal_clb_TMS320F280049C.asm                                           PAGE   72

    3535              
    3536              $C$DW$201       .dwtag  DW_TAG_enumerator
    3537                      .dwattr $C$DW$201, DW_AT_name("CLB_LOCAL_IN_MUX_CLB_PSCLK")
    3538                      .dwattr $C$DW$201, DW_AT_const_value(0x1f)
    3539                      .dwattr $C$DW$201, DW_AT_decl_file("D:/15_Delta/14. ANPC Converter/ANPC_3Layer/TMS320F280049C/device/
    3540                      .dwattr $C$DW$201, DW_AT_decl_line(0x15b)
    3541                      .dwattr $C$DW$201, DW_AT_decl_column(0x05)
    3542              
    3543                      .dwattr $C$DW$T$25, DW_AT_decl_file("D:/15_Delta/14. ANPC Converter/ANPC_3Layer/TMS320F280049C/device
    3544                      .dwattr $C$DW$T$25, DW_AT_decl_line(0x13e)
    3545                      .dwattr $C$DW$T$25, DW_AT_decl_column(0x01)
    3546                      .dwendtag $C$DW$T$25
    3547              
    3548                      .dwendtag $C$DW$TU$25
    3549              
    3550              
    3551              $C$DW$TU$26     .dwtag  DW_TAG_type_unit
    3552                      .dwmtype  $C$DW$T$26
    3553              $C$DW$T$26      .dwtag  DW_TAG_typedef
    3554                      .dwattr $C$DW$T$26, DW_AT_name("CLB_LocalInputMux")
    3555                      .dwattr $C$DW$T$26, DW_AT_type(*$C$DW$T$25)
    3556                      .dwattr $C$DW$T$26, DW_AT_decl_file("D:/15_Delta/14. ANPC Converter/ANPC_3Layer/TMS320F280049C/device
    3557                      .dwattr $C$DW$T$26, DW_AT_decl_line(0x15c)
    3558                      .dwattr $C$DW$T$26, DW_AT_decl_column(0x03)
    3559              
    3560                      .dwendtag $C$DW$TU$26
    3561              
    3562              
    3563              $C$DW$TU$27     .dwtag  DW_TAG_type_unit
    3564                      .dwmtype  $C$DW$T$27
    3565              
    3566              $C$DW$T$27      .dwtag  DW_TAG_enumeration_type
    3567                      .dwattr $C$DW$T$27, DW_AT_byte_size(0x01)
    3568              $C$DW$202       .dwtag  DW_TAG_enumerator
    3569                      .dwattr $C$DW$202, DW_AT_name("CLB_GLOBAL_IN_MUX_EPWM1A")
    3570                      .dwattr $C$DW$202, DW_AT_const_value(0x00)
    3571                      .dwattr $C$DW$202, DW_AT_decl_file("D:/15_Delta/14. ANPC Converter/ANPC_3Layer/TMS320F280049C/device/
    3572                      .dwattr $C$DW$202, DW_AT_decl_line(0x166)
    3573                      .dwattr $C$DW$202, DW_AT_decl_column(0x05)
    3574              
    3575              $C$DW$203       .dwtag  DW_TAG_enumerator
    3576                      .dwattr $C$DW$203, DW_AT_name("CLB_GLOBAL_IN_MUX_EPWM1A_OE")
    3577                      .dwattr $C$DW$203, DW_AT_const_value(0x01)
    3578                      .dwattr $C$DW$203, DW_AT_decl_file("D:/15_Delta/14. ANPC Converter/ANPC_3Layer/TMS320F280049C/device/
    3579                      .dwattr $C$DW$203, DW_AT_decl_line(0x167)
    3580                      .dwattr $C$DW$203, DW_AT_decl_column(0x05)
    3581              
    3582              $C$DW$204       .dwtag  DW_TAG_enumerator
    3583                      .dwattr $C$DW$204, DW_AT_name("CLB_GLOBAL_IN_MUX_EPWM1B")
    3584                      .dwattr $C$DW$204, DW_AT_const_value(0x02)
    3585                      .dwattr $C$DW$204, DW_AT_decl_file("D:/15_Delta/14. ANPC Converter/ANPC_3Layer/TMS320F280049C/device/
    3586                      .dwattr $C$DW$204, DW_AT_decl_line(0x168)
    3587                      .dwattr $C$DW$204, DW_AT_decl_column(0x05)
    3588              
    3589              $C$DW$205       .dwtag  DW_TAG_enumerator
TMS320C2000 Assembler PC v22.6.0 Mon Apr 21 09:03:30 2025

Copyright (c) 1996-2018 Texas Instruments Incorporated
hal_clb_TMS320F280049C.asm                                           PAGE   73

    3590                      .dwattr $C$DW$205, DW_AT_name("CLB_GLOBAL_IN_MUX_EPWM1B_OE")
    3591                      .dwattr $C$DW$205, DW_AT_const_value(0x03)
    3592                      .dwattr $C$DW$205, DW_AT_decl_file("D:/15_Delta/14. ANPC Converter/ANPC_3Layer/TMS320F280049C/device/
    3593                      .dwattr $C$DW$205, DW_AT_decl_line(0x169)
    3594                      .dwattr $C$DW$205, DW_AT_decl_column(0x05)
    3595              
    3596              $C$DW$206       .dwtag  DW_TAG_enumerator
    3597                      .dwattr $C$DW$206, DW_AT_name("CLB_GLOBAL_IN_MUX_EPWM1_CTR_ZERO")
    3598                      .dwattr $C$DW$206, DW_AT_const_value(0x04)
    3599                      .dwattr $C$DW$206, DW_AT_decl_file("D:/15_Delta/14. ANPC Converter/ANPC_3Layer/TMS320F280049C/device/
    3600                      .dwattr $C$DW$206, DW_AT_decl_line(0x16a)
    3601                      .dwattr $C$DW$206, DW_AT_decl_column(0x05)
    3602              
    3603              $C$DW$207       .dwtag  DW_TAG_enumerator
    3604                      .dwattr $C$DW$207, DW_AT_name("CLB_GLOBAL_IN_MUX_EPWM1_CTR_PRD")
    3605                      .dwattr $C$DW$207, DW_AT_const_value(0x05)
    3606                      .dwattr $C$DW$207, DW_AT_decl_file("D:/15_Delta/14. ANPC Converter/ANPC_3Layer/TMS320F280049C/device/
    3607                      .dwattr $C$DW$207, DW_AT_decl_line(0x16b)
    3608                      .dwattr $C$DW$207, DW_AT_decl_column(0x05)
    3609              
    3610              $C$DW$208       .dwtag  DW_TAG_enumerator
    3611                      .dwattr $C$DW$208, DW_AT_name("CLB_GLOBAL_IN_MUX_EPWM1_CTRDIR")
    3612                      .dwattr $C$DW$208, DW_AT_const_value(0x06)
    3613                      .dwattr $C$DW$208, DW_AT_decl_file("D:/15_Delta/14. ANPC Converter/ANPC_3Layer/TMS320F280049C/device/
    3614                      .dwattr $C$DW$208, DW_AT_decl_line(0x16c)
    3615                      .dwattr $C$DW$208, DW_AT_decl_column(0x05)
    3616              
    3617              $C$DW$209       .dwtag  DW_TAG_enumerator
    3618                      .dwattr $C$DW$209, DW_AT_name("CLB_GLOBAL_IN_MUX_EPWM1_TBCLK")
    3619                      .dwattr $C$DW$209, DW_AT_const_value(0x07)
    3620                      .dwattr $C$DW$209, DW_AT_decl_file("D:/15_Delta/14. ANPC Converter/ANPC_3Layer/TMS320F280049C/device/
    3621                      .dwattr $C$DW$209, DW_AT_decl_line(0x16d)
    3622                      .dwattr $C$DW$209, DW_AT_decl_column(0x05)
    3623              
    3624              $C$DW$210       .dwtag  DW_TAG_enumerator
    3625                      .dwattr $C$DW$210, DW_AT_name("CLB_GLOBAL_IN_MUX_EPWM1_CTR_CMPA")
    3626                      .dwattr $C$DW$210, DW_AT_const_value(0x08)
    3627                      .dwattr $C$DW$210, DW_AT_decl_file("D:/15_Delta/14. ANPC Converter/ANPC_3Layer/TMS320F280049C/device/
    3628                      .dwattr $C$DW$210, DW_AT_decl_line(0x16e)
    3629                      .dwattr $C$DW$210, DW_AT_decl_column(0x05)
    3630              
    3631              $C$DW$211       .dwtag  DW_TAG_enumerator
    3632                      .dwattr $C$DW$211, DW_AT_name("CLB_GLOBAL_IN_MUX_EPWM1_CTR_CMPB")
    3633                      .dwattr $C$DW$211, DW_AT_const_value(0x09)
    3634                      .dwattr $C$DW$211, DW_AT_decl_file("D:/15_Delta/14. ANPC Converter/ANPC_3Layer/TMS320F280049C/device/
    3635                      .dwattr $C$DW$211, DW_AT_decl_line(0x16f)
    3636                      .dwattr $C$DW$211, DW_AT_decl_column(0x05)
    3637              
    3638              $C$DW$212       .dwtag  DW_TAG_enumerator
    3639                      .dwattr $C$DW$212, DW_AT_name("CLB_GLOBAL_IN_MUX_EPWM1_CTR_CMPC")
    3640                      .dwattr $C$DW$212, DW_AT_const_value(0x0a)
    3641                      .dwattr $C$DW$212, DW_AT_decl_file("D:/15_Delta/14. ANPC Converter/ANPC_3Layer/TMS320F280049C/device/
    3642                      .dwattr $C$DW$212, DW_AT_decl_line(0x170)
    3643                      .dwattr $C$DW$212, DW_AT_decl_column(0x05)
    3644              
TMS320C2000 Assembler PC v22.6.0 Mon Apr 21 09:03:30 2025

Copyright (c) 1996-2018 Texas Instruments Incorporated
hal_clb_TMS320F280049C.asm                                           PAGE   74

    3645              $C$DW$213       .dwtag  DW_TAG_enumerator
    3646                      .dwattr $C$DW$213, DW_AT_name("CLB_GLOBAL_IN_MUX_EPWM1_CTR_CMPD")
    3647                      .dwattr $C$DW$213, DW_AT_const_value(0x0b)
    3648                      .dwattr $C$DW$213, DW_AT_decl_file("D:/15_Delta/14. ANPC Converter/ANPC_3Layer/TMS320F280049C/device/
    3649                      .dwattr $C$DW$213, DW_AT_decl_line(0x171)
    3650                      .dwattr $C$DW$213, DW_AT_decl_column(0x05)
    3651              
    3652              $C$DW$214       .dwtag  DW_TAG_enumerator
    3653                      .dwattr $C$DW$214, DW_AT_name("CLB_GLOBAL_IN_MUX_EPWM1A_AQ")
    3654                      .dwattr $C$DW$214, DW_AT_const_value(0x0c)
    3655                      .dwattr $C$DW$214, DW_AT_decl_file("D:/15_Delta/14. ANPC Converter/ANPC_3Layer/TMS320F280049C/device/
    3656                      .dwattr $C$DW$214, DW_AT_decl_line(0x172)
    3657                      .dwattr $C$DW$214, DW_AT_decl_column(0x05)
    3658              
    3659              $C$DW$215       .dwtag  DW_TAG_enumerator
    3660                      .dwattr $C$DW$215, DW_AT_name("CLB_GLOBAL_IN_MUX_EPWM1B_AQ")
    3661                      .dwattr $C$DW$215, DW_AT_const_value(0x0d)
    3662                      .dwattr $C$DW$215, DW_AT_decl_file("D:/15_Delta/14. ANPC Converter/ANPC_3Layer/TMS320F280049C/device/
    3663                      .dwattr $C$DW$215, DW_AT_decl_line(0x173)
    3664                      .dwattr $C$DW$215, DW_AT_decl_column(0x05)
    3665              
    3666              $C$DW$216       .dwtag  DW_TAG_enumerator
    3667                      .dwattr $C$DW$216, DW_AT_name("CLB_GLOBAL_IN_MUX_EPWM1A_DB")
    3668                      .dwattr $C$DW$216, DW_AT_const_value(0x0e)
    3669                      .dwattr $C$DW$216, DW_AT_decl_file("D:/15_Delta/14. ANPC Converter/ANPC_3Layer/TMS320F280049C/device/
    3670                      .dwattr $C$DW$216, DW_AT_decl_line(0x174)
    3671                      .dwattr $C$DW$216, DW_AT_decl_column(0x05)
    3672              
    3673              $C$DW$217       .dwtag  DW_TAG_enumerator
    3674                      .dwattr $C$DW$217, DW_AT_name("CLB_GLOBAL_IN_MUX_EPWM1B_DB")
    3675                      .dwattr $C$DW$217, DW_AT_const_value(0x0f)
    3676                      .dwattr $C$DW$217, DW_AT_decl_file("D:/15_Delta/14. ANPC Converter/ANPC_3Layer/TMS320F280049C/device/
    3677                      .dwattr $C$DW$217, DW_AT_decl_line(0x175)
    3678                      .dwattr $C$DW$217, DW_AT_decl_column(0x05)
    3679              
    3680              $C$DW$218       .dwtag  DW_TAG_enumerator
    3681                      .dwattr $C$DW$218, DW_AT_name("CLB_GLOBAL_IN_MUX_EPWM2A")
    3682                      .dwattr $C$DW$218, DW_AT_const_value(0x10)
    3683                      .dwattr $C$DW$218, DW_AT_decl_file("D:/15_Delta/14. ANPC Converter/ANPC_3Layer/TMS320F280049C/device/
    3684                      .dwattr $C$DW$218, DW_AT_decl_line(0x177)
    3685                      .dwattr $C$DW$218, DW_AT_decl_column(0x05)
    3686              
    3687              $C$DW$219       .dwtag  DW_TAG_enumerator
    3688                      .dwattr $C$DW$219, DW_AT_name("CLB_GLOBAL_IN_MUX_EPWM2A_OE")
    3689                      .dwattr $C$DW$219, DW_AT_const_value(0x11)
    3690                      .dwattr $C$DW$219, DW_AT_decl_file("D:/15_Delta/14. ANPC Converter/ANPC_3Layer/TMS320F280049C/device/
    3691                      .dwattr $C$DW$219, DW_AT_decl_line(0x178)
    3692                      .dwattr $C$DW$219, DW_AT_decl_column(0x05)
    3693              
    3694              $C$DW$220       .dwtag  DW_TAG_enumerator
    3695                      .dwattr $C$DW$220, DW_AT_name("CLB_GLOBAL_IN_MUX_EPWM2B")
    3696                      .dwattr $C$DW$220, DW_AT_const_value(0x12)
    3697                      .dwattr $C$DW$220, DW_AT_decl_file("D:/15_Delta/14. ANPC Converter/ANPC_3Layer/TMS320F280049C/device/
    3698                      .dwattr $C$DW$220, DW_AT_decl_line(0x179)
    3699                      .dwattr $C$DW$220, DW_AT_decl_column(0x05)
TMS320C2000 Assembler PC v22.6.0 Mon Apr 21 09:03:30 2025

Copyright (c) 1996-2018 Texas Instruments Incorporated
hal_clb_TMS320F280049C.asm                                           PAGE   75

    3700              
    3701              $C$DW$221       .dwtag  DW_TAG_enumerator
    3702                      .dwattr $C$DW$221, DW_AT_name("CLB_GLOBAL_IN_MUX_EPWM2B_OE")
    3703                      .dwattr $C$DW$221, DW_AT_const_value(0x13)
    3704                      .dwattr $C$DW$221, DW_AT_decl_file("D:/15_Delta/14. ANPC Converter/ANPC_3Layer/TMS320F280049C/device/
    3705                      .dwattr $C$DW$221, DW_AT_decl_line(0x17a)
    3706                      .dwattr $C$DW$221, DW_AT_decl_column(0x05)
    3707              
    3708              $C$DW$222       .dwtag  DW_TAG_enumerator
    3709                      .dwattr $C$DW$222, DW_AT_name("CLB_GLOBAL_IN_MUX_EPWM2_CTR_ZERO")
    3710                      .dwattr $C$DW$222, DW_AT_const_value(0x14)
    3711                      .dwattr $C$DW$222, DW_AT_decl_file("D:/15_Delta/14. ANPC Converter/ANPC_3Layer/TMS320F280049C/device/
    3712                      .dwattr $C$DW$222, DW_AT_decl_line(0x17b)
    3713                      .dwattr $C$DW$222, DW_AT_decl_column(0x05)
    3714              
    3715              $C$DW$223       .dwtag  DW_TAG_enumerator
    3716                      .dwattr $C$DW$223, DW_AT_name("CLB_GLOBAL_IN_MUX_EPWM2_CTR_PRD")
    3717                      .dwattr $C$DW$223, DW_AT_const_value(0x15)
    3718                      .dwattr $C$DW$223, DW_AT_decl_file("D:/15_Delta/14. ANPC Converter/ANPC_3Layer/TMS320F280049C/device/
    3719                      .dwattr $C$DW$223, DW_AT_decl_line(0x17c)
    3720                      .dwattr $C$DW$223, DW_AT_decl_column(0x05)
    3721              
    3722              $C$DW$224       .dwtag  DW_TAG_enumerator
    3723                      .dwattr $C$DW$224, DW_AT_name("CLB_GLOBAL_IN_MUX_EPWM2_CTRDIR")
    3724                      .dwattr $C$DW$224, DW_AT_const_value(0x16)
    3725                      .dwattr $C$DW$224, DW_AT_decl_file("D:/15_Delta/14. ANPC Converter/ANPC_3Layer/TMS320F280049C/device/
    3726                      .dwattr $C$DW$224, DW_AT_decl_line(0x17d)
    3727                      .dwattr $C$DW$224, DW_AT_decl_column(0x05)
    3728              
    3729              $C$DW$225       .dwtag  DW_TAG_enumerator
    3730                      .dwattr $C$DW$225, DW_AT_name("CLB_GLOBAL_IN_MUX_EPWM2_TBCLK")
    3731                      .dwattr $C$DW$225, DW_AT_const_value(0x17)
    3732                      .dwattr $C$DW$225, DW_AT_decl_file("D:/15_Delta/14. ANPC Converter/ANPC_3Layer/TMS320F280049C/device/
    3733                      .dwattr $C$DW$225, DW_AT_decl_line(0x17e)
    3734                      .dwattr $C$DW$225, DW_AT_decl_column(0x05)
    3735              
    3736              $C$DW$226       .dwtag  DW_TAG_enumerator
    3737                      .dwattr $C$DW$226, DW_AT_name("CLB_GLOBAL_IN_MUX_EPWM2_CTR_CMPA")
    3738                      .dwattr $C$DW$226, DW_AT_const_value(0x18)
    3739                      .dwattr $C$DW$226, DW_AT_decl_file("D:/15_Delta/14. ANPC Converter/ANPC_3Layer/TMS320F280049C/device/
    3740                      .dwattr $C$DW$226, DW_AT_decl_line(0x17f)
    3741                      .dwattr $C$DW$226, DW_AT_decl_column(0x05)
    3742              
    3743              $C$DW$227       .dwtag  DW_TAG_enumerator
    3744                      .dwattr $C$DW$227, DW_AT_name("CLB_GLOBAL_IN_MUX_EPWM2_CTR_CMPB")
    3745                      .dwattr $C$DW$227, DW_AT_const_value(0x19)
    3746                      .dwattr $C$DW$227, DW_AT_decl_file("D:/15_Delta/14. ANPC Converter/ANPC_3Layer/TMS320F280049C/device/
    3747                      .dwattr $C$DW$227, DW_AT_decl_line(0x180)
    3748                      .dwattr $C$DW$227, DW_AT_decl_column(0x05)
    3749              
    3750              $C$DW$228       .dwtag  DW_TAG_enumerator
    3751                      .dwattr $C$DW$228, DW_AT_name("CLB_GLOBAL_IN_MUX_EPWM2_CTR_CMPC")
    3752                      .dwattr $C$DW$228, DW_AT_const_value(0x1a)
    3753                      .dwattr $C$DW$228, DW_AT_decl_file("D:/15_Delta/14. ANPC Converter/ANPC_3Layer/TMS320F280049C/device/
    3754                      .dwattr $C$DW$228, DW_AT_decl_line(0x181)
TMS320C2000 Assembler PC v22.6.0 Mon Apr 21 09:03:30 2025

Copyright (c) 1996-2018 Texas Instruments Incorporated
hal_clb_TMS320F280049C.asm                                           PAGE   76

    3755                      .dwattr $C$DW$228, DW_AT_decl_column(0x05)
    3756              
    3757              $C$DW$229       .dwtag  DW_TAG_enumerator
    3758                      .dwattr $C$DW$229, DW_AT_name("CLB_GLOBAL_IN_MUX_EPWM2_CTR_CMPD")
    3759                      .dwattr $C$DW$229, DW_AT_const_value(0x1b)
    3760                      .dwattr $C$DW$229, DW_AT_decl_file("D:/15_Delta/14. ANPC Converter/ANPC_3Layer/TMS320F280049C/device/
    3761                      .dwattr $C$DW$229, DW_AT_decl_line(0x182)
    3762                      .dwattr $C$DW$229, DW_AT_decl_column(0x05)
    3763              
    3764              $C$DW$230       .dwtag  DW_TAG_enumerator
    3765                      .dwattr $C$DW$230, DW_AT_name("CLB_GLOBAL_IN_MUX_EPWM2A_AQ")
    3766                      .dwattr $C$DW$230, DW_AT_const_value(0x1c)
    3767                      .dwattr $C$DW$230, DW_AT_decl_file("D:/15_Delta/14. ANPC Converter/ANPC_3Layer/TMS320F280049C/device/
    3768                      .dwattr $C$DW$230, DW_AT_decl_line(0x183)
    3769                      .dwattr $C$DW$230, DW_AT_decl_column(0x05)
    3770              
    3771              $C$DW$231       .dwtag  DW_TAG_enumerator
    3772                      .dwattr $C$DW$231, DW_AT_name("CLB_GLOBAL_IN_MUX_EPWM2B_AQ")
    3773                      .dwattr $C$DW$231, DW_AT_const_value(0x1d)
    3774                      .dwattr $C$DW$231, DW_AT_decl_file("D:/15_Delta/14. ANPC Converter/ANPC_3Layer/TMS320F280049C/device/
    3775                      .dwattr $C$DW$231, DW_AT_decl_line(0x184)
    3776                      .dwattr $C$DW$231, DW_AT_decl_column(0x05)
    3777              
    3778              $C$DW$232       .dwtag  DW_TAG_enumerator
    3779                      .dwattr $C$DW$232, DW_AT_name("CLB_GLOBAL_IN_MUX_EPWM2A_DB")
    3780                      .dwattr $C$DW$232, DW_AT_const_value(0x1e)
    3781                      .dwattr $C$DW$232, DW_AT_decl_file("D:/15_Delta/14. ANPC Converter/ANPC_3Layer/TMS320F280049C/device/
    3782                      .dwattr $C$DW$232, DW_AT_decl_line(0x185)
    3783                      .dwattr $C$DW$232, DW_AT_decl_column(0x05)
    3784              
    3785              $C$DW$233       .dwtag  DW_TAG_enumerator
    3786                      .dwattr $C$DW$233, DW_AT_name("CLB_GLOBAL_IN_MUX_EPWM2B_DB")
    3787                      .dwattr $C$DW$233, DW_AT_const_value(0x1f)
    3788                      .dwattr $C$DW$233, DW_AT_decl_file("D:/15_Delta/14. ANPC Converter/ANPC_3Layer/TMS320F280049C/device/
    3789                      .dwattr $C$DW$233, DW_AT_decl_line(0x186)
    3790                      .dwattr $C$DW$233, DW_AT_decl_column(0x05)
    3791              
    3792              $C$DW$234       .dwtag  DW_TAG_enumerator
    3793                      .dwattr $C$DW$234, DW_AT_name("CLB_GLOBAL_IN_MUX_EPWM3A")
    3794                      .dwattr $C$DW$234, DW_AT_const_value(0x20)
    3795                      .dwattr $C$DW$234, DW_AT_decl_file("D:/15_Delta/14. ANPC Converter/ANPC_3Layer/TMS320F280049C/device/
    3796                      .dwattr $C$DW$234, DW_AT_decl_line(0x188)
    3797                      .dwattr $C$DW$234, DW_AT_decl_column(0x05)
    3798              
    3799              $C$DW$235       .dwtag  DW_TAG_enumerator
    3800                      .dwattr $C$DW$235, DW_AT_name("CLB_GLOBAL_IN_MUX_EPWM3A_OE")
    3801                      .dwattr $C$DW$235, DW_AT_const_value(0x21)
    3802                      .dwattr $C$DW$235, DW_AT_decl_file("D:/15_Delta/14. ANPC Converter/ANPC_3Layer/TMS320F280049C/device/
    3803                      .dwattr $C$DW$235, DW_AT_decl_line(0x189)
    3804                      .dwattr $C$DW$235, DW_AT_decl_column(0x05)
    3805              
    3806              $C$DW$236       .dwtag  DW_TAG_enumerator
    3807                      .dwattr $C$DW$236, DW_AT_name("CLB_GLOBAL_IN_MUX_EPWM3B")
    3808                      .dwattr $C$DW$236, DW_AT_const_value(0x22)
    3809                      .dwattr $C$DW$236, DW_AT_decl_file("D:/15_Delta/14. ANPC Converter/ANPC_3Layer/TMS320F280049C/device/
TMS320C2000 Assembler PC v22.6.0 Mon Apr 21 09:03:30 2025

Copyright (c) 1996-2018 Texas Instruments Incorporated
hal_clb_TMS320F280049C.asm                                           PAGE   77

    3810                      .dwattr $C$DW$236, DW_AT_decl_line(0x18a)
    3811                      .dwattr $C$DW$236, DW_AT_decl_column(0x05)
    3812              
    3813              $C$DW$237       .dwtag  DW_TAG_enumerator
    3814                      .dwattr $C$DW$237, DW_AT_name("CLB_GLOBAL_IN_MUX_EPWM3B_OE")
    3815                      .dwattr $C$DW$237, DW_AT_const_value(0x23)
    3816                      .dwattr $C$DW$237, DW_AT_decl_file("D:/15_Delta/14. ANPC Converter/ANPC_3Layer/TMS320F280049C/device/
    3817                      .dwattr $C$DW$237, DW_AT_decl_line(0x18b)
    3818                      .dwattr $C$DW$237, DW_AT_decl_column(0x05)
    3819              
    3820              $C$DW$238       .dwtag  DW_TAG_enumerator
    3821                      .dwattr $C$DW$238, DW_AT_name("CLB_GLOBAL_IN_MUX_EPWM3_CTR_ZERO")
    3822                      .dwattr $C$DW$238, DW_AT_const_value(0x24)
    3823                      .dwattr $C$DW$238, DW_AT_decl_file("D:/15_Delta/14. ANPC Converter/ANPC_3Layer/TMS320F280049C/device/
    3824                      .dwattr $C$DW$238, DW_AT_decl_line(0x18c)
    3825                      .dwattr $C$DW$238, DW_AT_decl_column(0x05)
    3826              
    3827              $C$DW$239       .dwtag  DW_TAG_enumerator
    3828                      .dwattr $C$DW$239, DW_AT_name("CLB_GLOBAL_IN_MUX_EPWM3_CTR_PRD")
    3829                      .dwattr $C$DW$239, DW_AT_const_value(0x25)
    3830                      .dwattr $C$DW$239, DW_AT_decl_file("D:/15_Delta/14. ANPC Converter/ANPC_3Layer/TMS320F280049C/device/
    3831                      .dwattr $C$DW$239, DW_AT_decl_line(0x18d)
    3832                      .dwattr $C$DW$239, DW_AT_decl_column(0x05)
    3833              
    3834              $C$DW$240       .dwtag  DW_TAG_enumerator
    3835                      .dwattr $C$DW$240, DW_AT_name("CLB_GLOBAL_IN_MUX_EPWM3_CTRDIR")
    3836                      .dwattr $C$DW$240, DW_AT_const_value(0x26)
    3837                      .dwattr $C$DW$240, DW_AT_decl_file("D:/15_Delta/14. ANPC Converter/ANPC_3Layer/TMS320F280049C/device/
    3838                      .dwattr $C$DW$240, DW_AT_decl_line(0x18e)
    3839                      .dwattr $C$DW$240, DW_AT_decl_column(0x05)
    3840              
    3841              $C$DW$241       .dwtag  DW_TAG_enumerator
    3842                      .dwattr $C$DW$241, DW_AT_name("CLB_GLOBAL_IN_MUX_EPWM3_TBCLK")
    3843                      .dwattr $C$DW$241, DW_AT_const_value(0x27)
    3844                      .dwattr $C$DW$241, DW_AT_decl_file("D:/15_Delta/14. ANPC Converter/ANPC_3Layer/TMS320F280049C/device/
    3845                      .dwattr $C$DW$241, DW_AT_decl_line(0x18f)
    3846                      .dwattr $C$DW$241, DW_AT_decl_column(0x05)
    3847              
    3848              $C$DW$242       .dwtag  DW_TAG_enumerator
    3849                      .dwattr $C$DW$242, DW_AT_name("CLB_GLOBAL_IN_MUX_EPWM3_CTR_CMPA")
    3850                      .dwattr $C$DW$242, DW_AT_const_value(0x28)
    3851                      .dwattr $C$DW$242, DW_AT_decl_file("D:/15_Delta/14. ANPC Converter/ANPC_3Layer/TMS320F280049C/device/
    3852                      .dwattr $C$DW$242, DW_AT_decl_line(0x190)
    3853                      .dwattr $C$DW$242, DW_AT_decl_column(0x05)
    3854              
    3855              $C$DW$243       .dwtag  DW_TAG_enumerator
    3856                      .dwattr $C$DW$243, DW_AT_name("CLB_GLOBAL_IN_MUX_EPWM3_CTR_CMPB")
    3857                      .dwattr $C$DW$243, DW_AT_const_value(0x29)
    3858                      .dwattr $C$DW$243, DW_AT_decl_file("D:/15_Delta/14. ANPC Converter/ANPC_3Layer/TMS320F280049C/device/
    3859                      .dwattr $C$DW$243, DW_AT_decl_line(0x191)
    3860                      .dwattr $C$DW$243, DW_AT_decl_column(0x05)
    3861              
    3862              $C$DW$244       .dwtag  DW_TAG_enumerator
    3863                      .dwattr $C$DW$244, DW_AT_name("CLB_GLOBAL_IN_MUX_EPWM3_CTR_CMPC")
    3864                      .dwattr $C$DW$244, DW_AT_const_value(0x2a)
TMS320C2000 Assembler PC v22.6.0 Mon Apr 21 09:03:30 2025

Copyright (c) 1996-2018 Texas Instruments Incorporated
hal_clb_TMS320F280049C.asm                                           PAGE   78

    3865                      .dwattr $C$DW$244, DW_AT_decl_file("D:/15_Delta/14. ANPC Converter/ANPC_3Layer/TMS320F280049C/device/
    3866                      .dwattr $C$DW$244, DW_AT_decl_line(0x192)
    3867                      .dwattr $C$DW$244, DW_AT_decl_column(0x05)
    3868              
    3869              $C$DW$245       .dwtag  DW_TAG_enumerator
    3870                      .dwattr $C$DW$245, DW_AT_name("CLB_GLOBAL_IN_MUX_EPWM3_CTR_CMPD")
    3871                      .dwattr $C$DW$245, DW_AT_const_value(0x2b)
    3872                      .dwattr $C$DW$245, DW_AT_decl_file("D:/15_Delta/14. ANPC Converter/ANPC_3Layer/TMS320F280049C/device/
    3873                      .dwattr $C$DW$245, DW_AT_decl_line(0x193)
    3874                      .dwattr $C$DW$245, DW_AT_decl_column(0x05)
    3875              
    3876              $C$DW$246       .dwtag  DW_TAG_enumerator
    3877                      .dwattr $C$DW$246, DW_AT_name("CLB_GLOBAL_IN_MUX_EPWM3A_AQ")
    3878                      .dwattr $C$DW$246, DW_AT_const_value(0x2c)
    3879                      .dwattr $C$DW$246, DW_AT_decl_file("D:/15_Delta/14. ANPC Converter/ANPC_3Layer/TMS320F280049C/device/
    3880                      .dwattr $C$DW$246, DW_AT_decl_line(0x194)
    3881                      .dwattr $C$DW$246, DW_AT_decl_column(0x05)
    3882              
    3883              $C$DW$247       .dwtag  DW_TAG_enumerator
    3884                      .dwattr $C$DW$247, DW_AT_name("CLB_GLOBAL_IN_MUX_EPWM3B_AQ")
    3885                      .dwattr $C$DW$247, DW_AT_const_value(0x2d)
    3886                      .dwattr $C$DW$247, DW_AT_decl_file("D:/15_Delta/14. ANPC Converter/ANPC_3Layer/TMS320F280049C/device/
    3887                      .dwattr $C$DW$247, DW_AT_decl_line(0x195)
    3888                      .dwattr $C$DW$247, DW_AT_decl_column(0x05)
    3889              
    3890              $C$DW$248       .dwtag  DW_TAG_enumerator
    3891                      .dwattr $C$DW$248, DW_AT_name("CLB_GLOBAL_IN_MUX_EPWM3A_DB")
    3892                      .dwattr $C$DW$248, DW_AT_const_value(0x2e)
    3893                      .dwattr $C$DW$248, DW_AT_decl_file("D:/15_Delta/14. ANPC Converter/ANPC_3Layer/TMS320F280049C/device/
    3894                      .dwattr $C$DW$248, DW_AT_decl_line(0x196)
    3895                      .dwattr $C$DW$248, DW_AT_decl_column(0x05)
    3896              
    3897              $C$DW$249       .dwtag  DW_TAG_enumerator
    3898                      .dwattr $C$DW$249, DW_AT_name("CLB_GLOBAL_IN_MUX_EPWM3B_DB")
    3899                      .dwattr $C$DW$249, DW_AT_const_value(0x2f)
    3900                      .dwattr $C$DW$249, DW_AT_decl_file("D:/15_Delta/14. ANPC Converter/ANPC_3Layer/TMS320F280049C/device/
    3901                      .dwattr $C$DW$249, DW_AT_decl_line(0x197)
    3902                      .dwattr $C$DW$249, DW_AT_decl_column(0x05)
    3903              
    3904              $C$DW$250       .dwtag  DW_TAG_enumerator
    3905                      .dwattr $C$DW$250, DW_AT_name("CLB_GLOBAL_IN_MUX_EPWM4A")
    3906                      .dwattr $C$DW$250, DW_AT_const_value(0x30)
    3907                      .dwattr $C$DW$250, DW_AT_decl_file("D:/15_Delta/14. ANPC Converter/ANPC_3Layer/TMS320F280049C/device/
    3908                      .dwattr $C$DW$250, DW_AT_decl_line(0x199)
    3909                      .dwattr $C$DW$250, DW_AT_decl_column(0x05)
    3910              
    3911              $C$DW$251       .dwtag  DW_TAG_enumerator
    3912                      .dwattr $C$DW$251, DW_AT_name("CLB_GLOBAL_IN_MUX_EPWM4A_OE")
    3913                      .dwattr $C$DW$251, DW_AT_const_value(0x31)
    3914                      .dwattr $C$DW$251, DW_AT_decl_file("D:/15_Delta/14. ANPC Converter/ANPC_3Layer/TMS320F280049C/device/
    3915                      .dwattr $C$DW$251, DW_AT_decl_line(0x19a)
    3916                      .dwattr $C$DW$251, DW_AT_decl_column(0x05)
    3917              
    3918              $C$DW$252       .dwtag  DW_TAG_enumerator
    3919                      .dwattr $C$DW$252, DW_AT_name("CLB_GLOBAL_IN_MUX_EPWM4B")
TMS320C2000 Assembler PC v22.6.0 Mon Apr 21 09:03:30 2025

Copyright (c) 1996-2018 Texas Instruments Incorporated
hal_clb_TMS320F280049C.asm                                           PAGE   79

    3920                      .dwattr $C$DW$252, DW_AT_const_value(0x32)
    3921                      .dwattr $C$DW$252, DW_AT_decl_file("D:/15_Delta/14. ANPC Converter/ANPC_3Layer/TMS320F280049C/device/
    3922                      .dwattr $C$DW$252, DW_AT_decl_line(0x19b)
    3923                      .dwattr $C$DW$252, DW_AT_decl_column(0x05)
    3924              
    3925              $C$DW$253       .dwtag  DW_TAG_enumerator
    3926                      .dwattr $C$DW$253, DW_AT_name("CLB_GLOBAL_IN_MUX_EPWM4B_OE")
    3927                      .dwattr $C$DW$253, DW_AT_const_value(0x33)
    3928                      .dwattr $C$DW$253, DW_AT_decl_file("D:/15_Delta/14. ANPC Converter/ANPC_3Layer/TMS320F280049C/device/
    3929                      .dwattr $C$DW$253, DW_AT_decl_line(0x19c)
    3930                      .dwattr $C$DW$253, DW_AT_decl_column(0x05)
    3931              
    3932              $C$DW$254       .dwtag  DW_TAG_enumerator
    3933                      .dwattr $C$DW$254, DW_AT_name("CLB_GLOBAL_IN_MUX_EPWM4_CTR_ZERO")
    3934                      .dwattr $C$DW$254, DW_AT_const_value(0x34)
    3935                      .dwattr $C$DW$254, DW_AT_decl_file("D:/15_Delta/14. ANPC Converter/ANPC_3Layer/TMS320F280049C/device/
    3936                      .dwattr $C$DW$254, DW_AT_decl_line(0x19d)
    3937                      .dwattr $C$DW$254, DW_AT_decl_column(0x05)
    3938              
    3939              $C$DW$255       .dwtag  DW_TAG_enumerator
    3940                      .dwattr $C$DW$255, DW_AT_name("CLB_GLOBAL_IN_MUX_EPWM4_CTR_PRD")
    3941                      .dwattr $C$DW$255, DW_AT_const_value(0x35)
    3942                      .dwattr $C$DW$255, DW_AT_decl_file("D:/15_Delta/14. ANPC Converter/ANPC_3Layer/TMS320F280049C/device/
    3943                      .dwattr $C$DW$255, DW_AT_decl_line(0x19e)
    3944                      .dwattr $C$DW$255, DW_AT_decl_column(0x05)
    3945              
    3946              $C$DW$256       .dwtag  DW_TAG_enumerator
    3947                      .dwattr $C$DW$256, DW_AT_name("CLB_GLOBAL_IN_MUX_EPWM4_CTRDIR")
    3948                      .dwattr $C$DW$256, DW_AT_const_value(0x36)
    3949                      .dwattr $C$DW$256, DW_AT_decl_file("D:/15_Delta/14. ANPC Converter/ANPC_3Layer/TMS320F280049C/device/
    3950                      .dwattr $C$DW$256, DW_AT_decl_line(0x19f)
    3951                      .dwattr $C$DW$256, DW_AT_decl_column(0x05)
    3952              
    3953              $C$DW$257       .dwtag  DW_TAG_enumerator
    3954                      .dwattr $C$DW$257, DW_AT_name("CLB_GLOBAL_IN_MUX_EPWM4_TBCLK")
    3955                      .dwattr $C$DW$257, DW_AT_const_value(0x37)
    3956                      .dwattr $C$DW$257, DW_AT_decl_file("D:/15_Delta/14. ANPC Converter/ANPC_3Layer/TMS320F280049C/device/
    3957                      .dwattr $C$DW$257, DW_AT_decl_line(0x1a0)
    3958                      .dwattr $C$DW$257, DW_AT_decl_column(0x05)
    3959              
    3960              $C$DW$258       .dwtag  DW_TAG_enumerator
    3961                      .dwattr $C$DW$258, DW_AT_name("CLB_GLOBAL_IN_MUX_EPWM4_CTR_CMPA")
    3962                      .dwattr $C$DW$258, DW_AT_const_value(0x38)
    3963                      .dwattr $C$DW$258, DW_AT_decl_file("D:/15_Delta/14. ANPC Converter/ANPC_3Layer/TMS320F280049C/device/
    3964                      .dwattr $C$DW$258, DW_AT_decl_line(0x1a1)
    3965                      .dwattr $C$DW$258, DW_AT_decl_column(0x05)
    3966              
    3967              $C$DW$259       .dwtag  DW_TAG_enumerator
    3968                      .dwattr $C$DW$259, DW_AT_name("CLB_GLOBAL_IN_MUX_EPWM4_CTR_CMPB")
    3969                      .dwattr $C$DW$259, DW_AT_const_value(0x39)
    3970                      .dwattr $C$DW$259, DW_AT_decl_file("D:/15_Delta/14. ANPC Converter/ANPC_3Layer/TMS320F280049C/device/
    3971                      .dwattr $C$DW$259, DW_AT_decl_line(0x1a2)
    3972                      .dwattr $C$DW$259, DW_AT_decl_column(0x05)
    3973              
    3974              $C$DW$260       .dwtag  DW_TAG_enumerator
TMS320C2000 Assembler PC v22.6.0 Mon Apr 21 09:03:30 2025

Copyright (c) 1996-2018 Texas Instruments Incorporated
hal_clb_TMS320F280049C.asm                                           PAGE   80

    3975                      .dwattr $C$DW$260, DW_AT_name("CLB_GLOBAL_IN_MUX_EPWM4_CTR_CMPC")
    3976                      .dwattr $C$DW$260, DW_AT_const_value(0x3a)
    3977                      .dwattr $C$DW$260, DW_AT_decl_file("D:/15_Delta/14. ANPC Converter/ANPC_3Layer/TMS320F280049C/device/
    3978                      .dwattr $C$DW$260, DW_AT_decl_line(0x1a3)
    3979                      .dwattr $C$DW$260, DW_AT_decl_column(0x05)
    3980              
    3981              $C$DW$261       .dwtag  DW_TAG_enumerator
    3982                      .dwattr $C$DW$261, DW_AT_name("CLB_GLOBAL_IN_MUX_EPWM4_CTR_CMPD")
    3983                      .dwattr $C$DW$261, DW_AT_const_value(0x3b)
    3984                      .dwattr $C$DW$261, DW_AT_decl_file("D:/15_Delta/14. ANPC Converter/ANPC_3Layer/TMS320F280049C/device/
    3985                      .dwattr $C$DW$261, DW_AT_decl_line(0x1a4)
    3986                      .dwattr $C$DW$261, DW_AT_decl_column(0x05)
    3987              
    3988              $C$DW$262       .dwtag  DW_TAG_enumerator
    3989                      .dwattr $C$DW$262, DW_AT_name("CLB_GLOBAL_IN_MUX_EPWM4A_AQ")
    3990                      .dwattr $C$DW$262, DW_AT_const_value(0x3c)
    3991                      .dwattr $C$DW$262, DW_AT_decl_file("D:/15_Delta/14. ANPC Converter/ANPC_3Layer/TMS320F280049C/device/
    3992                      .dwattr $C$DW$262, DW_AT_decl_line(0x1a5)
    3993                      .dwattr $C$DW$262, DW_AT_decl_column(0x05)
    3994              
    3995              $C$DW$263       .dwtag  DW_TAG_enumerator
    3996                      .dwattr $C$DW$263, DW_AT_name("CLB_GLOBAL_IN_MUX_EPWM4B_AQ")
    3997                      .dwattr $C$DW$263, DW_AT_const_value(0x3d)
    3998                      .dwattr $C$DW$263, DW_AT_decl_file("D:/15_Delta/14. ANPC Converter/ANPC_3Layer/TMS320F280049C/device/
    3999                      .dwattr $C$DW$263, DW_AT_decl_line(0x1a6)
    4000                      .dwattr $C$DW$263, DW_AT_decl_column(0x05)
    4001              
    4002              $C$DW$264       .dwtag  DW_TAG_enumerator
    4003                      .dwattr $C$DW$264, DW_AT_name("CLB_GLOBAL_IN_MUX_EPWM4A_DB")
    4004                      .dwattr $C$DW$264, DW_AT_const_value(0x3e)
    4005                      .dwattr $C$DW$264, DW_AT_decl_file("D:/15_Delta/14. ANPC Converter/ANPC_3Layer/TMS320F280049C/device/
    4006                      .dwattr $C$DW$264, DW_AT_decl_line(0x1a7)
    4007                      .dwattr $C$DW$264, DW_AT_decl_column(0x05)
    4008              
    4009              $C$DW$265       .dwtag  DW_TAG_enumerator
    4010                      .dwattr $C$DW$265, DW_AT_name("CLB_GLOBAL_IN_MUX_EPWM4B_DB")
    4011                      .dwattr $C$DW$265, DW_AT_const_value(0x3f)
    4012                      .dwattr $C$DW$265, DW_AT_decl_file("D:/15_Delta/14. ANPC Converter/ANPC_3Layer/TMS320F280049C/device/
    4013                      .dwattr $C$DW$265, DW_AT_decl_line(0x1a8)
    4014                      .dwattr $C$DW$265, DW_AT_decl_column(0x05)
    4015              
    4016              $C$DW$266       .dwtag  DW_TAG_enumerator
    4017                      .dwattr $C$DW$266, DW_AT_name("CLB_GLOBAL_IN_MUX_CLB_AUXSIG0")
    4018                      .dwattr $C$DW$266, DW_AT_const_value(0x40)
    4019                      .dwattr $C$DW$266, DW_AT_decl_file("D:/15_Delta/14. ANPC Converter/ANPC_3Layer/TMS320F280049C/device/
    4020                      .dwattr $C$DW$266, DW_AT_decl_line(0x1aa)
    4021                      .dwattr $C$DW$266, DW_AT_decl_column(0x05)
    4022              
    4023              $C$DW$267       .dwtag  DW_TAG_enumerator
    4024                      .dwattr $C$DW$267, DW_AT_name("CLB_GLOBAL_IN_MUX_CLB_AUXSIG1")
    4025                      .dwattr $C$DW$267, DW_AT_const_value(0x41)
    4026                      .dwattr $C$DW$267, DW_AT_decl_file("D:/15_Delta/14. ANPC Converter/ANPC_3Layer/TMS320F280049C/device/
    4027                      .dwattr $C$DW$267, DW_AT_decl_line(0x1ab)
    4028                      .dwattr $C$DW$267, DW_AT_decl_column(0x05)
    4029              
TMS320C2000 Assembler PC v22.6.0 Mon Apr 21 09:03:30 2025

Copyright (c) 1996-2018 Texas Instruments Incorporated
hal_clb_TMS320F280049C.asm                                           PAGE   81

    4030              $C$DW$268       .dwtag  DW_TAG_enumerator
    4031                      .dwattr $C$DW$268, DW_AT_name("CLB_GLOBAL_IN_MUX_CLB_AUXSIG2")
    4032                      .dwattr $C$DW$268, DW_AT_const_value(0x42)
    4033                      .dwattr $C$DW$268, DW_AT_decl_file("D:/15_Delta/14. ANPC Converter/ANPC_3Layer/TMS320F280049C/device/
    4034                      .dwattr $C$DW$268, DW_AT_decl_line(0x1ac)
    4035                      .dwattr $C$DW$268, DW_AT_decl_column(0x05)
    4036              
    4037              $C$DW$269       .dwtag  DW_TAG_enumerator
    4038                      .dwattr $C$DW$269, DW_AT_name("CLB_GLOBAL_IN_MUX_CLB_AUXSIG3")
    4039                      .dwattr $C$DW$269, DW_AT_const_value(0x43)
    4040                      .dwattr $C$DW$269, DW_AT_decl_file("D:/15_Delta/14. ANPC Converter/ANPC_3Layer/TMS320F280049C/device/
    4041                      .dwattr $C$DW$269, DW_AT_decl_line(0x1ad)
    4042                      .dwattr $C$DW$269, DW_AT_decl_column(0x05)
    4043              
    4044              $C$DW$270       .dwtag  DW_TAG_enumerator
    4045                      .dwattr $C$DW$270, DW_AT_name("CLB_GLOBAL_IN_MUX_CLB_AUXSIG4")
    4046                      .dwattr $C$DW$270, DW_AT_const_value(0x44)
    4047                      .dwattr $C$DW$270, DW_AT_decl_file("D:/15_Delta/14. ANPC Converter/ANPC_3Layer/TMS320F280049C/device/
    4048                      .dwattr $C$DW$270, DW_AT_decl_line(0x1ae)
    4049                      .dwattr $C$DW$270, DW_AT_decl_column(0x05)
    4050              
    4051              $C$DW$271       .dwtag  DW_TAG_enumerator
    4052                      .dwattr $C$DW$271, DW_AT_name("CLB_GLOBAL_IN_MUX_CLB_AUXSIG5")
    4053                      .dwattr $C$DW$271, DW_AT_const_value(0x45)
    4054                      .dwattr $C$DW$271, DW_AT_decl_file("D:/15_Delta/14. ANPC Converter/ANPC_3Layer/TMS320F280049C/device/
    4055                      .dwattr $C$DW$271, DW_AT_decl_line(0x1af)
    4056                      .dwattr $C$DW$271, DW_AT_decl_column(0x05)
    4057              
    4058              $C$DW$272       .dwtag  DW_TAG_enumerator
    4059                      .dwattr $C$DW$272, DW_AT_name("CLB_GLOBAL_IN_MUX_CLB_AUXSIG6")
    4060                      .dwattr $C$DW$272, DW_AT_const_value(0x46)
    4061                      .dwattr $C$DW$272, DW_AT_decl_file("D:/15_Delta/14. ANPC Converter/ANPC_3Layer/TMS320F280049C/device/
    4062                      .dwattr $C$DW$272, DW_AT_decl_line(0x1b0)
    4063                      .dwattr $C$DW$272, DW_AT_decl_column(0x05)
    4064              
    4065              $C$DW$273       .dwtag  DW_TAG_enumerator
    4066                      .dwattr $C$DW$273, DW_AT_name("CLB_GLOBAL_IN_MUX_CLB_AUXSIG7")
    4067                      .dwattr $C$DW$273, DW_AT_const_value(0x47)
    4068                      .dwattr $C$DW$273, DW_AT_decl_file("D:/15_Delta/14. ANPC Converter/ANPC_3Layer/TMS320F280049C/device/
    4069                      .dwattr $C$DW$273, DW_AT_decl_line(0x1b1)
    4070                      .dwattr $C$DW$273, DW_AT_decl_column(0x05)
    4071              
    4072              $C$DW$274       .dwtag  DW_TAG_enumerator
    4073                      .dwattr $C$DW$274, DW_AT_name("CLB_GLOBAL_IN_MUX_CLB1_OUT16")
    4074                      .dwattr $C$DW$274, DW_AT_const_value(0x48)
    4075                      .dwattr $C$DW$274, DW_AT_decl_file("D:/15_Delta/14. ANPC Converter/ANPC_3Layer/TMS320F280049C/device/
    4076                      .dwattr $C$DW$274, DW_AT_decl_line(0x1b3)
    4077                      .dwattr $C$DW$274, DW_AT_decl_column(0x05)
    4078              
    4079              $C$DW$275       .dwtag  DW_TAG_enumerator
    4080                      .dwattr $C$DW$275, DW_AT_name("CLB_GLOBAL_IN_MUX_CLB1_OUT17")
    4081                      .dwattr $C$DW$275, DW_AT_const_value(0x49)
    4082                      .dwattr $C$DW$275, DW_AT_decl_file("D:/15_Delta/14. ANPC Converter/ANPC_3Layer/TMS320F280049C/device/
    4083                      .dwattr $C$DW$275, DW_AT_decl_line(0x1b4)
    4084                      .dwattr $C$DW$275, DW_AT_decl_column(0x05)
TMS320C2000 Assembler PC v22.6.0 Mon Apr 21 09:03:30 2025

Copyright (c) 1996-2018 Texas Instruments Incorporated
hal_clb_TMS320F280049C.asm                                           PAGE   82

    4085              
    4086              $C$DW$276       .dwtag  DW_TAG_enumerator
    4087                      .dwattr $C$DW$276, DW_AT_name("CLB_GLOBAL_IN_MUX_CLB1_OUT18")
    4088                      .dwattr $C$DW$276, DW_AT_const_value(0x4a)
    4089                      .dwattr $C$DW$276, DW_AT_decl_file("D:/15_Delta/14. ANPC Converter/ANPC_3Layer/TMS320F280049C/device/
    4090                      .dwattr $C$DW$276, DW_AT_decl_line(0x1b5)
    4091                      .dwattr $C$DW$276, DW_AT_decl_column(0x05)
    4092              
    4093              $C$DW$277       .dwtag  DW_TAG_enumerator
    4094                      .dwattr $C$DW$277, DW_AT_name("CLB_GLOBAL_IN_MUX_CLB1_OUT19")
    4095                      .dwattr $C$DW$277, DW_AT_const_value(0x4b)
    4096                      .dwattr $C$DW$277, DW_AT_decl_file("D:/15_Delta/14. ANPC Converter/ANPC_3Layer/TMS320F280049C/device/
    4097                      .dwattr $C$DW$277, DW_AT_decl_line(0x1b6)
    4098                      .dwattr $C$DW$277, DW_AT_decl_column(0x05)
    4099              
    4100              $C$DW$278       .dwtag  DW_TAG_enumerator
    4101                      .dwattr $C$DW$278, DW_AT_name("CLB_GLOBAL_IN_MUX_CLB1_OUT20")
    4102                      .dwattr $C$DW$278, DW_AT_const_value(0x4c)
    4103                      .dwattr $C$DW$278, DW_AT_decl_file("D:/15_Delta/14. ANPC Converter/ANPC_3Layer/TMS320F280049C/device/
    4104                      .dwattr $C$DW$278, DW_AT_decl_line(0x1b7)
    4105                      .dwattr $C$DW$278, DW_AT_decl_column(0x05)
    4106              
    4107              $C$DW$279       .dwtag  DW_TAG_enumerator
    4108                      .dwattr $C$DW$279, DW_AT_name("CLB_GLOBAL_IN_MUX_CLB1_OUT21")
    4109                      .dwattr $C$DW$279, DW_AT_const_value(0x4d)
    4110                      .dwattr $C$DW$279, DW_AT_decl_file("D:/15_Delta/14. ANPC Converter/ANPC_3Layer/TMS320F280049C/device/
    4111                      .dwattr $C$DW$279, DW_AT_decl_line(0x1b8)
    4112                      .dwattr $C$DW$279, DW_AT_decl_column(0x05)
    4113              
    4114              $C$DW$280       .dwtag  DW_TAG_enumerator
    4115                      .dwattr $C$DW$280, DW_AT_name("CLB_GLOBAL_IN_MUX_CLB1_OUT22")
    4116                      .dwattr $C$DW$280, DW_AT_const_value(0x4e)
    4117                      .dwattr $C$DW$280, DW_AT_decl_file("D:/15_Delta/14. ANPC Converter/ANPC_3Layer/TMS320F280049C/device/
    4118                      .dwattr $C$DW$280, DW_AT_decl_line(0x1b9)
    4119                      .dwattr $C$DW$280, DW_AT_decl_column(0x05)
    4120              
    4121              $C$DW$281       .dwtag  DW_TAG_enumerator
    4122                      .dwattr $C$DW$281, DW_AT_name("CLB_GLOBAL_IN_MUX_CLB1_OUT23")
    4123                      .dwattr $C$DW$281, DW_AT_const_value(0x4f)
    4124                      .dwattr $C$DW$281, DW_AT_decl_file("D:/15_Delta/14. ANPC Converter/ANPC_3Layer/TMS320F280049C/device/
    4125                      .dwattr $C$DW$281, DW_AT_decl_line(0x1ba)
    4126                      .dwattr $C$DW$281, DW_AT_decl_column(0x05)
    4127              
    4128              $C$DW$282       .dwtag  DW_TAG_enumerator
    4129                      .dwattr $C$DW$282, DW_AT_name("CLB_GLOBAL_IN_MUX_CLB2_OUT16")
    4130                      .dwattr $C$DW$282, DW_AT_const_value(0x50)
    4131                      .dwattr $C$DW$282, DW_AT_decl_file("D:/15_Delta/14. ANPC Converter/ANPC_3Layer/TMS320F280049C/device/
    4132                      .dwattr $C$DW$282, DW_AT_decl_line(0x1bc)
    4133                      .dwattr $C$DW$282, DW_AT_decl_column(0x05)
    4134              
    4135              $C$DW$283       .dwtag  DW_TAG_enumerator
    4136                      .dwattr $C$DW$283, DW_AT_name("CLB_GLOBAL_IN_MUX_CLB2_OUT17")
    4137                      .dwattr $C$DW$283, DW_AT_const_value(0x51)
    4138                      .dwattr $C$DW$283, DW_AT_decl_file("D:/15_Delta/14. ANPC Converter/ANPC_3Layer/TMS320F280049C/device/
    4139                      .dwattr $C$DW$283, DW_AT_decl_line(0x1bd)
TMS320C2000 Assembler PC v22.6.0 Mon Apr 21 09:03:30 2025

Copyright (c) 1996-2018 Texas Instruments Incorporated
hal_clb_TMS320F280049C.asm                                           PAGE   83

    4140                      .dwattr $C$DW$283, DW_AT_decl_column(0x05)
    4141              
    4142              $C$DW$284       .dwtag  DW_TAG_enumerator
    4143                      .dwattr $C$DW$284, DW_AT_name("CLB_GLOBAL_IN_MUX_CLB2_OUT18")
    4144                      .dwattr $C$DW$284, DW_AT_const_value(0x52)
    4145                      .dwattr $C$DW$284, DW_AT_decl_file("D:/15_Delta/14. ANPC Converter/ANPC_3Layer/TMS320F280049C/device/
    4146                      .dwattr $C$DW$284, DW_AT_decl_line(0x1be)
    4147                      .dwattr $C$DW$284, DW_AT_decl_column(0x05)
    4148              
    4149              $C$DW$285       .dwtag  DW_TAG_enumerator
    4150                      .dwattr $C$DW$285, DW_AT_name("CLB_GLOBAL_IN_MUX_CLB2_OUT19")
    4151                      .dwattr $C$DW$285, DW_AT_const_value(0x53)
    4152                      .dwattr $C$DW$285, DW_AT_decl_file("D:/15_Delta/14. ANPC Converter/ANPC_3Layer/TMS320F280049C/device/
    4153                      .dwattr $C$DW$285, DW_AT_decl_line(0x1bf)
    4154                      .dwattr $C$DW$285, DW_AT_decl_column(0x05)
    4155              
    4156              $C$DW$286       .dwtag  DW_TAG_enumerator
    4157                      .dwattr $C$DW$286, DW_AT_name("CLB_GLOBAL_IN_MUX_CLB2_OUT20")
    4158                      .dwattr $C$DW$286, DW_AT_const_value(0x54)
    4159                      .dwattr $C$DW$286, DW_AT_decl_file("D:/15_Delta/14. ANPC Converter/ANPC_3Layer/TMS320F280049C/device/
    4160                      .dwattr $C$DW$286, DW_AT_decl_line(0x1c0)
    4161                      .dwattr $C$DW$286, DW_AT_decl_column(0x05)
    4162              
    4163              $C$DW$287       .dwtag  DW_TAG_enumerator
    4164                      .dwattr $C$DW$287, DW_AT_name("CLB_GLOBAL_IN_MUX_CLB2_OUT21")
    4165                      .dwattr $C$DW$287, DW_AT_const_value(0x55)
    4166                      .dwattr $C$DW$287, DW_AT_decl_file("D:/15_Delta/14. ANPC Converter/ANPC_3Layer/TMS320F280049C/device/
    4167                      .dwattr $C$DW$287, DW_AT_decl_line(0x1c1)
    4168                      .dwattr $C$DW$287, DW_AT_decl_column(0x05)
    4169              
    4170              $C$DW$288       .dwtag  DW_TAG_enumerator
    4171                      .dwattr $C$DW$288, DW_AT_name("CLB_GLOBAL_IN_MUX_CLB2_OUT22")
    4172                      .dwattr $C$DW$288, DW_AT_const_value(0x56)
    4173                      .dwattr $C$DW$288, DW_AT_decl_file("D:/15_Delta/14. ANPC Converter/ANPC_3Layer/TMS320F280049C/device/
    4174                      .dwattr $C$DW$288, DW_AT_decl_line(0x1c2)
    4175                      .dwattr $C$DW$288, DW_AT_decl_column(0x05)
    4176              
    4177              $C$DW$289       .dwtag  DW_TAG_enumerator
    4178                      .dwattr $C$DW$289, DW_AT_name("CLB_GLOBAL_IN_MUX_CLB2_OUT23")
    4179                      .dwattr $C$DW$289, DW_AT_const_value(0x57)
    4180                      .dwattr $C$DW$289, DW_AT_decl_file("D:/15_Delta/14. ANPC Converter/ANPC_3Layer/TMS320F280049C/device/
    4181                      .dwattr $C$DW$289, DW_AT_decl_line(0x1c3)
    4182                      .dwattr $C$DW$289, DW_AT_decl_column(0x05)
    4183              
    4184              $C$DW$290       .dwtag  DW_TAG_enumerator
    4185                      .dwattr $C$DW$290, DW_AT_name("CLB_GLOBAL_IN_MUX_CLB3_OUT16")
    4186                      .dwattr $C$DW$290, DW_AT_const_value(0x58)
    4187                      .dwattr $C$DW$290, DW_AT_decl_file("D:/15_Delta/14. ANPC Converter/ANPC_3Layer/TMS320F280049C/device/
    4188                      .dwattr $C$DW$290, DW_AT_decl_line(0x1c5)
    4189                      .dwattr $C$DW$290, DW_AT_decl_column(0x05)
    4190              
    4191              $C$DW$291       .dwtag  DW_TAG_enumerator
    4192                      .dwattr $C$DW$291, DW_AT_name("CLB_GLOBAL_IN_MUX_CLB3_OUT17")
    4193                      .dwattr $C$DW$291, DW_AT_const_value(0x59)
    4194                      .dwattr $C$DW$291, DW_AT_decl_file("D:/15_Delta/14. ANPC Converter/ANPC_3Layer/TMS320F280049C/device/
TMS320C2000 Assembler PC v22.6.0 Mon Apr 21 09:03:30 2025

Copyright (c) 1996-2018 Texas Instruments Incorporated
hal_clb_TMS320F280049C.asm                                           PAGE   84

    4195                      .dwattr $C$DW$291, DW_AT_decl_line(0x1c6)
    4196                      .dwattr $C$DW$291, DW_AT_decl_column(0x05)
    4197              
    4198              $C$DW$292       .dwtag  DW_TAG_enumerator
    4199                      .dwattr $C$DW$292, DW_AT_name("CLB_GLOBAL_IN_MUX_CLB3_OUT18")
    4200                      .dwattr $C$DW$292, DW_AT_const_value(0x5a)
    4201                      .dwattr $C$DW$292, DW_AT_decl_file("D:/15_Delta/14. ANPC Converter/ANPC_3Layer/TMS320F280049C/device/
    4202                      .dwattr $C$DW$292, DW_AT_decl_line(0x1c7)
    4203                      .dwattr $C$DW$292, DW_AT_decl_column(0x05)
    4204              
    4205              $C$DW$293       .dwtag  DW_TAG_enumerator
    4206                      .dwattr $C$DW$293, DW_AT_name("CLB_GLOBAL_IN_MUX_CLB3_OUT19")
    4207                      .dwattr $C$DW$293, DW_AT_const_value(0x5b)
    4208                      .dwattr $C$DW$293, DW_AT_decl_file("D:/15_Delta/14. ANPC Converter/ANPC_3Layer/TMS320F280049C/device/
    4209                      .dwattr $C$DW$293, DW_AT_decl_line(0x1c8)
    4210                      .dwattr $C$DW$293, DW_AT_decl_column(0x05)
    4211              
    4212              $C$DW$294       .dwtag  DW_TAG_enumerator
    4213                      .dwattr $C$DW$294, DW_AT_name("CLB_GLOBAL_IN_MUX_CLB3_OUT20")
    4214                      .dwattr $C$DW$294, DW_AT_const_value(0x5c)
    4215                      .dwattr $C$DW$294, DW_AT_decl_file("D:/15_Delta/14. ANPC Converter/ANPC_3Layer/TMS320F280049C/device/
    4216                      .dwattr $C$DW$294, DW_AT_decl_line(0x1c9)
    4217                      .dwattr $C$DW$294, DW_AT_decl_column(0x05)
    4218              
    4219              $C$DW$295       .dwtag  DW_TAG_enumerator
    4220                      .dwattr $C$DW$295, DW_AT_name("CLB_GLOBAL_IN_MUX_CLB3_OUT21")
    4221                      .dwattr $C$DW$295, DW_AT_const_value(0x5d)
    4222                      .dwattr $C$DW$295, DW_AT_decl_file("D:/15_Delta/14. ANPC Converter/ANPC_3Layer/TMS320F280049C/device/
    4223                      .dwattr $C$DW$295, DW_AT_decl_line(0x1ca)
    4224                      .dwattr $C$DW$295, DW_AT_decl_column(0x05)
    4225              
    4226              $C$DW$296       .dwtag  DW_TAG_enumerator
    4227                      .dwattr $C$DW$296, DW_AT_name("CLB_GLOBAL_IN_MUX_CLB3_OUT22")
    4228                      .dwattr $C$DW$296, DW_AT_const_value(0x5e)
    4229                      .dwattr $C$DW$296, DW_AT_decl_file("D:/15_Delta/14. ANPC Converter/ANPC_3Layer/TMS320F280049C/device/
    4230                      .dwattr $C$DW$296, DW_AT_decl_line(0x1cb)
    4231                      .dwattr $C$DW$296, DW_AT_decl_column(0x05)
    4232              
    4233              $C$DW$297       .dwtag  DW_TAG_enumerator
    4234                      .dwattr $C$DW$297, DW_AT_name("CLB_GLOBAL_IN_MUX_CLB3_OUT23")
    4235                      .dwattr $C$DW$297, DW_AT_const_value(0x5f)
    4236                      .dwattr $C$DW$297, DW_AT_decl_file("D:/15_Delta/14. ANPC Converter/ANPC_3Layer/TMS320F280049C/device/
    4237                      .dwattr $C$DW$297, DW_AT_decl_line(0x1cc)
    4238                      .dwattr $C$DW$297, DW_AT_decl_column(0x05)
    4239              
    4240              $C$DW$298       .dwtag  DW_TAG_enumerator
    4241                      .dwattr $C$DW$298, DW_AT_name("CLB_GLOBAL_IN_MUX_CLB4_OUT16")
    4242                      .dwattr $C$DW$298, DW_AT_const_value(0x60)
    4243                      .dwattr $C$DW$298, DW_AT_decl_file("D:/15_Delta/14. ANPC Converter/ANPC_3Layer/TMS320F280049C/device/
    4244                      .dwattr $C$DW$298, DW_AT_decl_line(0x1ce)
    4245                      .dwattr $C$DW$298, DW_AT_decl_column(0x05)
    4246              
    4247              $C$DW$299       .dwtag  DW_TAG_enumerator
    4248                      .dwattr $C$DW$299, DW_AT_name("CLB_GLOBAL_IN_MUX_CLB4_OUT17")
    4249                      .dwattr $C$DW$299, DW_AT_const_value(0x61)
TMS320C2000 Assembler PC v22.6.0 Mon Apr 21 09:03:30 2025

Copyright (c) 1996-2018 Texas Instruments Incorporated
hal_clb_TMS320F280049C.asm                                           PAGE   85

    4250                      .dwattr $C$DW$299, DW_AT_decl_file("D:/15_Delta/14. ANPC Converter/ANPC_3Layer/TMS320F280049C/device/
    4251                      .dwattr $C$DW$299, DW_AT_decl_line(0x1cf)
    4252                      .dwattr $C$DW$299, DW_AT_decl_column(0x05)
    4253              
    4254              $C$DW$300       .dwtag  DW_TAG_enumerator
    4255                      .dwattr $C$DW$300, DW_AT_name("CLB_GLOBAL_IN_MUX_CLB4_OUT18")
    4256                      .dwattr $C$DW$300, DW_AT_const_value(0x62)
    4257                      .dwattr $C$DW$300, DW_AT_decl_file("D:/15_Delta/14. ANPC Converter/ANPC_3Layer/TMS320F280049C/device/
    4258                      .dwattr $C$DW$300, DW_AT_decl_line(0x1d0)
    4259                      .dwattr $C$DW$300, DW_AT_decl_column(0x05)
    4260              
    4261              $C$DW$301       .dwtag  DW_TAG_enumerator
    4262                      .dwattr $C$DW$301, DW_AT_name("CLB_GLOBAL_IN_MUX_CLB4_OUT19")
    4263                      .dwattr $C$DW$301, DW_AT_const_value(0x63)
    4264                      .dwattr $C$DW$301, DW_AT_decl_file("D:/15_Delta/14. ANPC Converter/ANPC_3Layer/TMS320F280049C/device/
    4265                      .dwattr $C$DW$301, DW_AT_decl_line(0x1d1)
    4266                      .dwattr $C$DW$301, DW_AT_decl_column(0x05)
    4267              
    4268              $C$DW$302       .dwtag  DW_TAG_enumerator
    4269                      .dwattr $C$DW$302, DW_AT_name("CLB_GLOBAL_IN_MUX_CLB4_OUT20")
    4270                      .dwattr $C$DW$302, DW_AT_const_value(0x64)
    4271                      .dwattr $C$DW$302, DW_AT_decl_file("D:/15_Delta/14. ANPC Converter/ANPC_3Layer/TMS320F280049C/device/
    4272                      .dwattr $C$DW$302, DW_AT_decl_line(0x1d2)
    4273                      .dwattr $C$DW$302, DW_AT_decl_column(0x05)
    4274              
    4275              $C$DW$303       .dwtag  DW_TAG_enumerator
    4276                      .dwattr $C$DW$303, DW_AT_name("CLB_GLOBAL_IN_MUX_CLB4_OUT21")
    4277                      .dwattr $C$DW$303, DW_AT_const_value(0x65)
    4278                      .dwattr $C$DW$303, DW_AT_decl_file("D:/15_Delta/14. ANPC Converter/ANPC_3Layer/TMS320F280049C/device/
    4279                      .dwattr $C$DW$303, DW_AT_decl_line(0x1d3)
    4280                      .dwattr $C$DW$303, DW_AT_decl_column(0x05)
    4281              
    4282              $C$DW$304       .dwtag  DW_TAG_enumerator
    4283                      .dwattr $C$DW$304, DW_AT_name("CLB_GLOBAL_IN_MUX_CLB4_OUT22")
    4284                      .dwattr $C$DW$304, DW_AT_const_value(0x66)
    4285                      .dwattr $C$DW$304, DW_AT_decl_file("D:/15_Delta/14. ANPC Converter/ANPC_3Layer/TMS320F280049C/device/
    4286                      .dwattr $C$DW$304, DW_AT_decl_line(0x1d4)
    4287                      .dwattr $C$DW$304, DW_AT_decl_column(0x05)
    4288              
    4289              $C$DW$305       .dwtag  DW_TAG_enumerator
    4290                      .dwattr $C$DW$305, DW_AT_name("CLB_GLOBAL_IN_MUX_CLB4_OUT23")
    4291                      .dwattr $C$DW$305, DW_AT_const_value(0x67)
    4292                      .dwattr $C$DW$305, DW_AT_decl_file("D:/15_Delta/14. ANPC Converter/ANPC_3Layer/TMS320F280049C/device/
    4293                      .dwattr $C$DW$305, DW_AT_decl_line(0x1d5)
    4294                      .dwattr $C$DW$305, DW_AT_decl_column(0x05)
    4295              
    4296              $C$DW$306       .dwtag  DW_TAG_enumerator
    4297                      .dwattr $C$DW$306, DW_AT_name("CLB_GLOBAL_IN_MUX_ERAD_EVENT0")
    4298                      .dwattr $C$DW$306, DW_AT_const_value(0x68)
    4299                      .dwattr $C$DW$306, DW_AT_decl_file("D:/15_Delta/14. ANPC Converter/ANPC_3Layer/TMS320F280049C/device/
    4300                      .dwattr $C$DW$306, DW_AT_decl_line(0x1d7)
    4301                      .dwattr $C$DW$306, DW_AT_decl_column(0x05)
    4302              
    4303              $C$DW$307       .dwtag  DW_TAG_enumerator
    4304                      .dwattr $C$DW$307, DW_AT_name("CLB_GLOBAL_IN_MUX_ERAD_EVENT1")
TMS320C2000 Assembler PC v22.6.0 Mon Apr 21 09:03:30 2025

Copyright (c) 1996-2018 Texas Instruments Incorporated
hal_clb_TMS320F280049C.asm                                           PAGE   86

    4305                      .dwattr $C$DW$307, DW_AT_const_value(0x69)
    4306                      .dwattr $C$DW$307, DW_AT_decl_file("D:/15_Delta/14. ANPC Converter/ANPC_3Layer/TMS320F280049C/device/
    4307                      .dwattr $C$DW$307, DW_AT_decl_line(0x1d8)
    4308                      .dwattr $C$DW$307, DW_AT_decl_column(0x05)
    4309              
    4310              $C$DW$308       .dwtag  DW_TAG_enumerator
    4311                      .dwattr $C$DW$308, DW_AT_name("CLB_GLOBAL_IN_MUX_ERAD_EVENT2")
    4312                      .dwattr $C$DW$308, DW_AT_const_value(0x6a)
    4313                      .dwattr $C$DW$308, DW_AT_decl_file("D:/15_Delta/14. ANPC Converter/ANPC_3Layer/TMS320F280049C/device/
    4314                      .dwattr $C$DW$308, DW_AT_decl_line(0x1d9)
    4315                      .dwattr $C$DW$308, DW_AT_decl_column(0x05)
    4316              
    4317              $C$DW$309       .dwtag  DW_TAG_enumerator
    4318                      .dwattr $C$DW$309, DW_AT_name("CLB_GLOBAL_IN_MUX_ERAD_EVENT3")
    4319                      .dwattr $C$DW$309, DW_AT_const_value(0x6b)
    4320                      .dwattr $C$DW$309, DW_AT_decl_file("D:/15_Delta/14. ANPC Converter/ANPC_3Layer/TMS320F280049C/device/
    4321                      .dwattr $C$DW$309, DW_AT_decl_line(0x1da)
    4322                      .dwattr $C$DW$309, DW_AT_decl_column(0x05)
    4323              
    4324              $C$DW$310       .dwtag  DW_TAG_enumerator
    4325                      .dwattr $C$DW$310, DW_AT_name("CLB_GLOBAL_IN_MUX_ERAD_EVENT4")
    4326                      .dwattr $C$DW$310, DW_AT_const_value(0x6c)
    4327                      .dwattr $C$DW$310, DW_AT_decl_file("D:/15_Delta/14. ANPC Converter/ANPC_3Layer/TMS320F280049C/device/
    4328                      .dwattr $C$DW$310, DW_AT_decl_line(0x1db)
    4329                      .dwattr $C$DW$310, DW_AT_decl_column(0x05)
    4330              
    4331              $C$DW$311       .dwtag  DW_TAG_enumerator
    4332                      .dwattr $C$DW$311, DW_AT_name("CLB_GLOBAL_IN_MUX_ERAD_EVENT5")
    4333                      .dwattr $C$DW$311, DW_AT_const_value(0x6d)
    4334                      .dwattr $C$DW$311, DW_AT_decl_file("D:/15_Delta/14. ANPC Converter/ANPC_3Layer/TMS320F280049C/device/
    4335                      .dwattr $C$DW$311, DW_AT_decl_line(0x1dc)
    4336                      .dwattr $C$DW$311, DW_AT_decl_column(0x05)
    4337              
    4338              $C$DW$312       .dwtag  DW_TAG_enumerator
    4339                      .dwattr $C$DW$312, DW_AT_name("CLB_GLOBAL_IN_MUX_ERAD_EVENT6")
    4340                      .dwattr $C$DW$312, DW_AT_const_value(0x6e)
    4341                      .dwattr $C$DW$312, DW_AT_decl_file("D:/15_Delta/14. ANPC Converter/ANPC_3Layer/TMS320F280049C/device/
    4342                      .dwattr $C$DW$312, DW_AT_decl_line(0x1dd)
    4343                      .dwattr $C$DW$312, DW_AT_decl_column(0x05)
    4344              
    4345              $C$DW$313       .dwtag  DW_TAG_enumerator
    4346                      .dwattr $C$DW$313, DW_AT_name("CLB_GLOBAL_IN_MUX_ERAD_EVENT7")
    4347                      .dwattr $C$DW$313, DW_AT_const_value(0x6f)
    4348                      .dwattr $C$DW$313, DW_AT_decl_file("D:/15_Delta/14. ANPC Converter/ANPC_3Layer/TMS320F280049C/device/
    4349                      .dwattr $C$DW$313, DW_AT_decl_line(0x1de)
    4350                      .dwattr $C$DW$313, DW_AT_decl_column(0x05)
    4351              
    4352              $C$DW$314       .dwtag  DW_TAG_enumerator
    4353                      .dwattr $C$DW$314, DW_AT_name("CLB_GLOBAL_IN_MUX_FSIRXA_DATA_PACKET_RCVD")
    4354                      .dwattr $C$DW$314, DW_AT_const_value(0x70)
    4355                      .dwattr $C$DW$314, DW_AT_decl_file("D:/15_Delta/14. ANPC Converter/ANPC_3Layer/TMS320F280049C/device/
    4356                      .dwattr $C$DW$314, DW_AT_decl_line(0x1e0)
    4357                      .dwattr $C$DW$314, DW_AT_decl_column(0x05)
    4358              
    4359              $C$DW$315       .dwtag  DW_TAG_enumerator
TMS320C2000 Assembler PC v22.6.0 Mon Apr 21 09:03:30 2025

Copyright (c) 1996-2018 Texas Instruments Incorporated
hal_clb_TMS320F280049C.asm                                           PAGE   87

    4360                      .dwattr $C$DW$315, DW_AT_name("CLB_GLOBAL_IN_MUX_FSIRXA_ERROR_PACKET_RCVD")
    4361                      .dwattr $C$DW$315, DW_AT_const_value(0x71)
    4362                      .dwattr $C$DW$315, DW_AT_decl_file("D:/15_Delta/14. ANPC Converter/ANPC_3Layer/TMS320F280049C/device/
    4363                      .dwattr $C$DW$315, DW_AT_decl_line(0x1e1)
    4364                      .dwattr $C$DW$315, DW_AT_decl_column(0x05)
    4365              
    4366              $C$DW$316       .dwtag  DW_TAG_enumerator
    4367                      .dwattr $C$DW$316, DW_AT_name("CLB_GLOBAL_IN_MUX_FSIRXA_PING_PACKET_RCVD")
    4368                      .dwattr $C$DW$316, DW_AT_const_value(0x72)
    4369                      .dwattr $C$DW$316, DW_AT_decl_file("D:/15_Delta/14. ANPC Converter/ANPC_3Layer/TMS320F280049C/device/
    4370                      .dwattr $C$DW$316, DW_AT_decl_line(0x1e2)
    4371                      .dwattr $C$DW$316, DW_AT_decl_column(0x05)
    4372              
    4373              $C$DW$317       .dwtag  DW_TAG_enumerator
    4374                      .dwattr $C$DW$317, DW_AT_name("CLB_GLOBAL_IN_MUX_FSIRXA_OUTPUT_FRAME_DONE")
    4375                      .dwattr $C$DW$317, DW_AT_const_value(0x73)
    4376                      .dwattr $C$DW$317, DW_AT_decl_file("D:/15_Delta/14. ANPC Converter/ANPC_3Layer/TMS320F280049C/device/
    4377                      .dwattr $C$DW$317, DW_AT_decl_line(0x1e3)
    4378                      .dwattr $C$DW$317, DW_AT_decl_column(0x05)
    4379              
    4380              $C$DW$318       .dwtag  DW_TAG_enumerator
    4381                      .dwattr $C$DW$318, DW_AT_name("CLB_GLOBAL_IN_MUX_FSIRXA_PACKET_TAG0")
    4382                      .dwattr $C$DW$318, DW_AT_const_value(0x74)
    4383                      .dwattr $C$DW$318, DW_AT_decl_file("D:/15_Delta/14. ANPC Converter/ANPC_3Layer/TMS320F280049C/device/
    4384                      .dwattr $C$DW$318, DW_AT_decl_line(0x1e4)
    4385                      .dwattr $C$DW$318, DW_AT_decl_column(0x05)
    4386              
    4387              $C$DW$319       .dwtag  DW_TAG_enumerator
    4388                      .dwattr $C$DW$319, DW_AT_name("CLB_GLOBAL_IN_MUX_FSIRXA_PACKET_TAG1")
    4389                      .dwattr $C$DW$319, DW_AT_const_value(0x75)
    4390                      .dwattr $C$DW$319, DW_AT_decl_file("D:/15_Delta/14. ANPC Converter/ANPC_3Layer/TMS320F280049C/device/
    4391                      .dwattr $C$DW$319, DW_AT_decl_line(0x1e5)
    4392                      .dwattr $C$DW$319, DW_AT_decl_column(0x05)
    4393              
    4394              $C$DW$320       .dwtag  DW_TAG_enumerator
    4395                      .dwattr $C$DW$320, DW_AT_name("CLB_GLOBAL_IN_MUX_FSIRXA_PACKET_TAG2")
    4396                      .dwattr $C$DW$320, DW_AT_const_value(0x76)
    4397                      .dwattr $C$DW$320, DW_AT_decl_file("D:/15_Delta/14. ANPC Converter/ANPC_3Layer/TMS320F280049C/device/
    4398                      .dwattr $C$DW$320, DW_AT_decl_line(0x1e6)
    4399                      .dwattr $C$DW$320, DW_AT_decl_column(0x05)
    4400              
    4401              $C$DW$321       .dwtag  DW_TAG_enumerator
    4402                      .dwattr $C$DW$321, DW_AT_name("CLB_GLOBAL_IN_MUX_FSIRXA_PACKET_TAG3")
    4403                      .dwattr $C$DW$321, DW_AT_const_value(0x77)
    4404                      .dwattr $C$DW$321, DW_AT_decl_file("D:/15_Delta/14. ANPC Converter/ANPC_3Layer/TMS320F280049C/device/
    4405                      .dwattr $C$DW$321, DW_AT_decl_line(0x1e7)
    4406                      .dwattr $C$DW$321, DW_AT_decl_column(0x05)
    4407              
    4408              $C$DW$322       .dwtag  DW_TAG_enumerator
    4409                      .dwattr $C$DW$322, DW_AT_name("CLB_GLOBAL_IN_MUX_SPI1_SPICLK")
    4410                      .dwattr $C$DW$322, DW_AT_const_value(0x78)
    4411                      .dwattr $C$DW$322, DW_AT_decl_file("D:/15_Delta/14. ANPC Converter/ANPC_3Layer/TMS320F280049C/device/
    4412                      .dwattr $C$DW$322, DW_AT_decl_line(0x1e9)
    4413                      .dwattr $C$DW$322, DW_AT_decl_column(0x05)
    4414              
TMS320C2000 Assembler PC v22.6.0 Mon Apr 21 09:03:30 2025

Copyright (c) 1996-2018 Texas Instruments Incorporated
hal_clb_TMS320F280049C.asm                                           PAGE   88

    4415              $C$DW$323       .dwtag  DW_TAG_enumerator
    4416                      .dwattr $C$DW$323, DW_AT_name("CLB_GLOBAL_IN_MUX_SPI1_SPIPOCI_CONTROLLER")
    4417                      .dwattr $C$DW$323, DW_AT_const_value(0x79)
    4418                      .dwattr $C$DW$323, DW_AT_decl_file("D:/15_Delta/14. ANPC Converter/ANPC_3Layer/TMS320F280049C/device/
    4419                      .dwattr $C$DW$323, DW_AT_decl_line(0x1ea)
    4420                      .dwattr $C$DW$323, DW_AT_decl_column(0x05)
    4421              
    4422              $C$DW$324       .dwtag  DW_TAG_enumerator
    4423                      .dwattr $C$DW$324, DW_AT_name("CLB_GLOBAL_IN_MUX_SPI1_SPIPTE")
    4424                      .dwattr $C$DW$324, DW_AT_const_value(0x7a)
    4425                      .dwattr $C$DW$324, DW_AT_decl_file("D:/15_Delta/14. ANPC Converter/ANPC_3Layer/TMS320F280049C/device/
    4426                      .dwattr $C$DW$324, DW_AT_decl_line(0x1eb)
    4427                      .dwattr $C$DW$324, DW_AT_decl_column(0x05)
    4428              
    4429              $C$DW$325       .dwtag  DW_TAG_enumerator
    4430                      .dwattr $C$DW$325, DW_AT_name("CLB_GLOBAL_IN_MUX_SPI2_SPICLK")
    4431                      .dwattr $C$DW$325, DW_AT_const_value(0x7b)
    4432                      .dwattr $C$DW$325, DW_AT_decl_file("D:/15_Delta/14. ANPC Converter/ANPC_3Layer/TMS320F280049C/device/
    4433                      .dwattr $C$DW$325, DW_AT_decl_line(0x1ec)
    4434                      .dwattr $C$DW$325, DW_AT_decl_column(0x05)
    4435              
    4436              $C$DW$326       .dwtag  DW_TAG_enumerator
    4437                      .dwattr $C$DW$326, DW_AT_name("CLB_GLOBAL_IN_MUX_SPI2_SPIPOCI_CONTROLLER")
    4438                      .dwattr $C$DW$326, DW_AT_const_value(0x7c)
    4439                      .dwattr $C$DW$326, DW_AT_decl_file("D:/15_Delta/14. ANPC Converter/ANPC_3Layer/TMS320F280049C/device/
    4440                      .dwattr $C$DW$326, DW_AT_decl_line(0x1ed)
    4441                      .dwattr $C$DW$326, DW_AT_decl_column(0x05)
    4442              
    4443              $C$DW$327       .dwtag  DW_TAG_enumerator
    4444                      .dwattr $C$DW$327, DW_AT_name("CLB_GLOBAL_IN_MUX_SPI2_SPIPTE")
    4445                      .dwattr $C$DW$327, DW_AT_const_value(0x7d)
    4446                      .dwattr $C$DW$327, DW_AT_decl_file("D:/15_Delta/14. ANPC Converter/ANPC_3Layer/TMS320F280049C/device/
    4447                      .dwattr $C$DW$327, DW_AT_decl_line(0x1ee)
    4448                      .dwattr $C$DW$327, DW_AT_decl_column(0x05)
    4449              
    4450                      .dwattr $C$DW$T$27, DW_AT_decl_file("D:/15_Delta/14. ANPC Converter/ANPC_3Layer/TMS320F280049C/device
    4451                      .dwattr $C$DW$T$27, DW_AT_decl_line(0x165)
    4452                      .dwattr $C$DW$T$27, DW_AT_decl_column(0x01)
    4453                      .dwendtag $C$DW$T$27
    4454              
    4455                      .dwendtag $C$DW$TU$27
    4456              
    4457              
    4458              $C$DW$TU$28     .dwtag  DW_TAG_type_unit
    4459                      .dwmtype  $C$DW$T$28
    4460              $C$DW$T$28      .dwtag  DW_TAG_typedef
    4461                      .dwattr $C$DW$T$28, DW_AT_name("CLB_GlobalInputMux")
    4462                      .dwattr $C$DW$T$28, DW_AT_type(*$C$DW$T$27)
    4463                      .dwattr $C$DW$T$28, DW_AT_decl_file("D:/15_Delta/14. ANPC Converter/ANPC_3Layer/TMS320F280049C/device
    4464                      .dwattr $C$DW$T$28, DW_AT_decl_line(0x1ef)
    4465                      .dwattr $C$DW$T$28, DW_AT_decl_column(0x03)
    4466              
    4467                      .dwendtag $C$DW$TU$28
    4468              
    4469              
TMS320C2000 Assembler PC v22.6.0 Mon Apr 21 09:03:30 2025

Copyright (c) 1996-2018 Texas Instruments Incorporated
hal_clb_TMS320F280049C.asm                                           PAGE   89

    4470              $C$DW$TU$29     .dwtag  DW_TAG_type_unit
    4471                      .dwmtype  $C$DW$T$29
    4472              
    4473              $C$DW$T$29      .dwtag  DW_TAG_enumeration_type
    4474                      .dwattr $C$DW$T$29, DW_AT_byte_size(0x01)
    4475              $C$DW$328       .dwtag  DW_TAG_enumerator
    4476                      .dwattr $C$DW$328, DW_AT_name("CLB_OUT0")
    4477                      .dwattr $C$DW$328, DW_AT_const_value(0x00)
    4478                      .dwattr $C$DW$328, DW_AT_decl_file("D:/15_Delta/14. ANPC Converter/ANPC_3Layer/TMS320F280049C/device/
    4479                      .dwattr $C$DW$328, DW_AT_decl_line(0xbe)
    4480                      .dwattr $C$DW$328, DW_AT_decl_column(0x05)
    4481              
    4482              $C$DW$329       .dwtag  DW_TAG_enumerator
    4483                      .dwattr $C$DW$329, DW_AT_name("CLB_OUT1")
    4484                      .dwattr $C$DW$329, DW_AT_const_value(0x01)
    4485                      .dwattr $C$DW$329, DW_AT_decl_file("D:/15_Delta/14. ANPC Converter/ANPC_3Layer/TMS320F280049C/device/
    4486                      .dwattr $C$DW$329, DW_AT_decl_line(0xbf)
    4487                      .dwattr $C$DW$329, DW_AT_decl_column(0x05)
    4488              
    4489              $C$DW$330       .dwtag  DW_TAG_enumerator
    4490                      .dwattr $C$DW$330, DW_AT_name("CLB_OUT2")
    4491                      .dwattr $C$DW$330, DW_AT_const_value(0x02)
    4492                      .dwattr $C$DW$330, DW_AT_decl_file("D:/15_Delta/14. ANPC Converter/ANPC_3Layer/TMS320F280049C/device/
    4493                      .dwattr $C$DW$330, DW_AT_decl_line(0xc0)
    4494                      .dwattr $C$DW$330, DW_AT_decl_column(0x05)
    4495              
    4496              $C$DW$331       .dwtag  DW_TAG_enumerator
    4497                      .dwattr $C$DW$331, DW_AT_name("CLB_OUT3")
    4498                      .dwattr $C$DW$331, DW_AT_const_value(0x03)
    4499                      .dwattr $C$DW$331, DW_AT_decl_file("D:/15_Delta/14. ANPC Converter/ANPC_3Layer/TMS320F280049C/device/
    4500                      .dwattr $C$DW$331, DW_AT_decl_line(0xc1)
    4501                      .dwattr $C$DW$331, DW_AT_decl_column(0x05)
    4502              
    4503              $C$DW$332       .dwtag  DW_TAG_enumerator
    4504                      .dwattr $C$DW$332, DW_AT_name("CLB_OUT4")
    4505                      .dwattr $C$DW$332, DW_AT_const_value(0x04)
    4506                      .dwattr $C$DW$332, DW_AT_decl_file("D:/15_Delta/14. ANPC Converter/ANPC_3Layer/TMS320F280049C/device/
    4507                      .dwattr $C$DW$332, DW_AT_decl_line(0xc2)
    4508                      .dwattr $C$DW$332, DW_AT_decl_column(0x05)
    4509              
    4510              $C$DW$333       .dwtag  DW_TAG_enumerator
    4511                      .dwattr $C$DW$333, DW_AT_name("CLB_OUT5")
    4512                      .dwattr $C$DW$333, DW_AT_const_value(0x05)
    4513                      .dwattr $C$DW$333, DW_AT_decl_file("D:/15_Delta/14. ANPC Converter/ANPC_3Layer/TMS320F280049C/device/
    4514                      .dwattr $C$DW$333, DW_AT_decl_line(0xc3)
    4515                      .dwattr $C$DW$333, DW_AT_decl_column(0x05)
    4516              
    4517              $C$DW$334       .dwtag  DW_TAG_enumerator
    4518                      .dwattr $C$DW$334, DW_AT_name("CLB_OUT6")
    4519                      .dwattr $C$DW$334, DW_AT_const_value(0x06)
    4520                      .dwattr $C$DW$334, DW_AT_decl_file("D:/15_Delta/14. ANPC Converter/ANPC_3Layer/TMS320F280049C/device/
    4521                      .dwattr $C$DW$334, DW_AT_decl_line(0xc4)
    4522                      .dwattr $C$DW$334, DW_AT_decl_column(0x05)
    4523              
    4524              $C$DW$335       .dwtag  DW_TAG_enumerator
TMS320C2000 Assembler PC v22.6.0 Mon Apr 21 09:03:30 2025

Copyright (c) 1996-2018 Texas Instruments Incorporated
hal_clb_TMS320F280049C.asm                                           PAGE   90

    4525                      .dwattr $C$DW$335, DW_AT_name("CLB_OUT7")
    4526                      .dwattr $C$DW$335, DW_AT_const_value(0x07)
    4527                      .dwattr $C$DW$335, DW_AT_decl_file("D:/15_Delta/14. ANPC Converter/ANPC_3Layer/TMS320F280049C/device/
    4528                      .dwattr $C$DW$335, DW_AT_decl_line(0xc5)
    4529                      .dwattr $C$DW$335, DW_AT_decl_column(0x05)
    4530              
    4531                      .dwattr $C$DW$T$29, DW_AT_decl_file("D:/15_Delta/14. ANPC Converter/ANPC_3Layer/TMS320F280049C/device
    4532                      .dwattr $C$DW$T$29, DW_AT_decl_line(0xbd)
    4533                      .dwattr $C$DW$T$29, DW_AT_decl_column(0x01)
    4534                      .dwendtag $C$DW$T$29
    4535              
    4536                      .dwendtag $C$DW$TU$29
    4537              
    4538              
    4539              $C$DW$TU$30     .dwtag  DW_TAG_type_unit
    4540                      .dwmtype  $C$DW$T$30
    4541              $C$DW$T$30      .dwtag  DW_TAG_typedef
    4542                      .dwattr $C$DW$T$30, DW_AT_name("CLB_Outputs")
    4543                      .dwattr $C$DW$T$30, DW_AT_type(*$C$DW$T$29)
    4544                      .dwattr $C$DW$T$30, DW_AT_decl_file("D:/15_Delta/14. ANPC Converter/ANPC_3Layer/TMS320F280049C/device
    4545                      .dwattr $C$DW$T$30, DW_AT_decl_line(0xc6)
    4546                      .dwattr $C$DW$T$30, DW_AT_decl_column(0x03)
    4547              
    4548                      .dwendtag $C$DW$TU$30
    4549              
    4550              
    4551              $C$DW$TU$31     .dwtag  DW_TAG_type_unit
    4552                      .dwmtype  $C$DW$T$31
    4553              
    4554              $C$DW$T$31      .dwtag  DW_TAG_enumeration_type
    4555                      .dwattr $C$DW$T$31, DW_AT_byte_size(0x01)
    4556              $C$DW$336       .dwtag  DW_TAG_enumerator
    4557                      .dwattr $C$DW$336, DW_AT_name("CLB_CTR0")
    4558                      .dwattr $C$DW$336, DW_AT_const_value(0x00)
    4559                      .dwattr $C$DW$336, DW_AT_decl_file("D:/15_Delta/14. ANPC Converter/ANPC_3Layer/TMS320F280049C/device/
    4560                      .dwattr $C$DW$336, DW_AT_decl_line(0x107)
    4561                      .dwattr $C$DW$336, DW_AT_decl_column(0x05)
    4562              
    4563              $C$DW$337       .dwtag  DW_TAG_enumerator
    4564                      .dwattr $C$DW$337, DW_AT_name("CLB_CTR1")
    4565                      .dwattr $C$DW$337, DW_AT_const_value(0x01)
    4566                      .dwattr $C$DW$337, DW_AT_decl_file("D:/15_Delta/14. ANPC Converter/ANPC_3Layer/TMS320F280049C/device/
    4567                      .dwattr $C$DW$337, DW_AT_decl_line(0x108)
    4568                      .dwattr $C$DW$337, DW_AT_decl_column(0x05)
    4569              
    4570              $C$DW$338       .dwtag  DW_TAG_enumerator
    4571                      .dwattr $C$DW$338, DW_AT_name("CLB_CTR2")
    4572                      .dwattr $C$DW$338, DW_AT_const_value(0x02)
    4573                      .dwattr $C$DW$338, DW_AT_decl_file("D:/15_Delta/14. ANPC Converter/ANPC_3Layer/TMS320F280049C/device/
    4574                      .dwattr $C$DW$338, DW_AT_decl_line(0x109)
    4575                      .dwattr $C$DW$338, DW_AT_decl_column(0x05)
    4576              
    4577                      .dwattr $C$DW$T$31, DW_AT_decl_file("D:/15_Delta/14. ANPC Converter/ANPC_3Layer/TMS320F280049C/device
    4578                      .dwattr $C$DW$T$31, DW_AT_decl_line(0x106)
    4579                      .dwattr $C$DW$T$31, DW_AT_decl_column(0x01)
TMS320C2000 Assembler PC v22.6.0 Mon Apr 21 09:03:30 2025

Copyright (c) 1996-2018 Texas Instruments Incorporated
hal_clb_TMS320F280049C.asm                                           PAGE   91

    4580                      .dwendtag $C$DW$T$31
    4581              
    4582                      .dwendtag $C$DW$TU$31
    4583              
    4584              
    4585              $C$DW$TU$32     .dwtag  DW_TAG_type_unit
    4586                      .dwmtype  $C$DW$T$32
    4587              $C$DW$T$32      .dwtag  DW_TAG_typedef
    4588                      .dwattr $C$DW$T$32, DW_AT_name("CLB_Counters")
    4589                      .dwattr $C$DW$T$32, DW_AT_type(*$C$DW$T$31)
    4590                      .dwattr $C$DW$T$32, DW_AT_decl_file("D:/15_Delta/14. ANPC Converter/ANPC_3Layer/TMS320F280049C/device
    4591                      .dwattr $C$DW$T$32, DW_AT_decl_line(0x10a)
    4592                      .dwattr $C$DW$T$32, DW_AT_decl_column(0x03)
    4593              
    4594                      .dwendtag $C$DW$TU$32
    4595              
    4596              
    4597              $C$DW$TU$33     .dwtag  DW_TAG_type_unit
    4598                      .dwmtype  $C$DW$T$33
    4599              
    4600              $C$DW$T$33      .dwtag  DW_TAG_enumeration_type
    4601                      .dwattr $C$DW$T$33, DW_AT_byte_size(0x01)
    4602              $C$DW$339       .dwtag  DW_TAG_enumerator
    4603                      .dwattr $C$DW$339, DW_AT_name("XBAR_INPUT1")
    4604                      .dwattr $C$DW$339, DW_AT_const_value(0x00)
    4605                      .dwattr $C$DW$339, DW_AT_decl_file("D:\15_Delta\14. ANPC Converter\ANPC_3Layer\TMS320F280049C\device\
    4606                      .dwattr $C$DW$339, DW_AT_decl_line(0xce)
    4607                      .dwattr $C$DW$339, DW_AT_decl_column(0x05)
    4608              
    4609              $C$DW$340       .dwtag  DW_TAG_enumerator
    4610                      .dwattr $C$DW$340, DW_AT_name("XBAR_INPUT2")
    4611                      .dwattr $C$DW$340, DW_AT_const_value(0x01)
    4612                      .dwattr $C$DW$340, DW_AT_decl_file("D:\15_Delta\14. ANPC Converter\ANPC_3Layer\TMS320F280049C\device\
    4613                      .dwattr $C$DW$340, DW_AT_decl_line(0xcf)
    4614                      .dwattr $C$DW$340, DW_AT_decl_column(0x05)
    4615              
    4616              $C$DW$341       .dwtag  DW_TAG_enumerator
    4617                      .dwattr $C$DW$341, DW_AT_name("XBAR_INPUT3")
    4618                      .dwattr $C$DW$341, DW_AT_const_value(0x02)
    4619                      .dwattr $C$DW$341, DW_AT_decl_file("D:\15_Delta\14. ANPC Converter\ANPC_3Layer\TMS320F280049C\device\
    4620                      .dwattr $C$DW$341, DW_AT_decl_line(0xd0)
    4621                      .dwattr $C$DW$341, DW_AT_decl_column(0x05)
    4622              
    4623              $C$DW$342       .dwtag  DW_TAG_enumerator
    4624                      .dwattr $C$DW$342, DW_AT_name("XBAR_INPUT4")
    4625                      .dwattr $C$DW$342, DW_AT_const_value(0x03)
    4626                      .dwattr $C$DW$342, DW_AT_decl_file("D:\15_Delta\14. ANPC Converter\ANPC_3Layer\TMS320F280049C\device\
    4627                      .dwattr $C$DW$342, DW_AT_decl_line(0xd1)
    4628                      .dwattr $C$DW$342, DW_AT_decl_column(0x05)
    4629              
    4630              $C$DW$343       .dwtag  DW_TAG_enumerator
    4631                      .dwattr $C$DW$343, DW_AT_name("XBAR_INPUT5")
    4632                      .dwattr $C$DW$343, DW_AT_const_value(0x04)
    4633                      .dwattr $C$DW$343, DW_AT_decl_file("D:\15_Delta\14. ANPC Converter\ANPC_3Layer\TMS320F280049C\device\
    4634                      .dwattr $C$DW$343, DW_AT_decl_line(0xd2)
TMS320C2000 Assembler PC v22.6.0 Mon Apr 21 09:03:30 2025

Copyright (c) 1996-2018 Texas Instruments Incorporated
hal_clb_TMS320F280049C.asm                                           PAGE   92

    4635                      .dwattr $C$DW$343, DW_AT_decl_column(0x05)
    4636              
    4637              $C$DW$344       .dwtag  DW_TAG_enumerator
    4638                      .dwattr $C$DW$344, DW_AT_name("XBAR_INPUT6")
    4639                      .dwattr $C$DW$344, DW_AT_const_value(0x05)
    4640                      .dwattr $C$DW$344, DW_AT_decl_file("D:\15_Delta\14. ANPC Converter\ANPC_3Layer\TMS320F280049C\device\
    4641                      .dwattr $C$DW$344, DW_AT_decl_line(0xd3)
    4642                      .dwattr $C$DW$344, DW_AT_decl_column(0x05)
    4643              
    4644              $C$DW$345       .dwtag  DW_TAG_enumerator
    4645                      .dwattr $C$DW$345, DW_AT_name("XBAR_INPUT7")
    4646                      .dwattr $C$DW$345, DW_AT_const_value(0x06)
    4647                      .dwattr $C$DW$345, DW_AT_decl_file("D:\15_Delta\14. ANPC Converter\ANPC_3Layer\TMS320F280049C\device\
    4648                      .dwattr $C$DW$345, DW_AT_decl_line(0xd4)
    4649                      .dwattr $C$DW$345, DW_AT_decl_column(0x05)
    4650              
    4651              $C$DW$346       .dwtag  DW_TAG_enumerator
    4652                      .dwattr $C$DW$346, DW_AT_name("XBAR_INPUT8")
    4653                      .dwattr $C$DW$346, DW_AT_const_value(0x07)
    4654                      .dwattr $C$DW$346, DW_AT_decl_file("D:\15_Delta\14. ANPC Converter\ANPC_3Layer\TMS320F280049C\device\
    4655                      .dwattr $C$DW$346, DW_AT_decl_line(0xd5)
    4656                      .dwattr $C$DW$346, DW_AT_decl_column(0x05)
    4657              
    4658              $C$DW$347       .dwtag  DW_TAG_enumerator
    4659                      .dwattr $C$DW$347, DW_AT_name("XBAR_INPUT9")
    4660                      .dwattr $C$DW$347, DW_AT_const_value(0x08)
    4661                      .dwattr $C$DW$347, DW_AT_decl_file("D:\15_Delta\14. ANPC Converter\ANPC_3Layer\TMS320F280049C\device\
    4662                      .dwattr $C$DW$347, DW_AT_decl_line(0xd6)
    4663                      .dwattr $C$DW$347, DW_AT_decl_column(0x05)
    4664              
    4665              $C$DW$348       .dwtag  DW_TAG_enumerator
    4666                      .dwattr $C$DW$348, DW_AT_name("XBAR_INPUT10")
    4667                      .dwattr $C$DW$348, DW_AT_const_value(0x09)
    4668                      .dwattr $C$DW$348, DW_AT_decl_file("D:\15_Delta\14. ANPC Converter\ANPC_3Layer\TMS320F280049C\device\
    4669                      .dwattr $C$DW$348, DW_AT_decl_line(0xd7)
    4670                      .dwattr $C$DW$348, DW_AT_decl_column(0x05)
    4671              
    4672              $C$DW$349       .dwtag  DW_TAG_enumerator
    4673                      .dwattr $C$DW$349, DW_AT_name("XBAR_INPUT11")
    4674                      .dwattr $C$DW$349, DW_AT_const_value(0x0a)
    4675                      .dwattr $C$DW$349, DW_AT_decl_file("D:\15_Delta\14. ANPC Converter\ANPC_3Layer\TMS320F280049C\device\
    4676                      .dwattr $C$DW$349, DW_AT_decl_line(0xd8)
    4677                      .dwattr $C$DW$349, DW_AT_decl_column(0x05)
    4678              
    4679              $C$DW$350       .dwtag  DW_TAG_enumerator
    4680                      .dwattr $C$DW$350, DW_AT_name("XBAR_INPUT12")
    4681                      .dwattr $C$DW$350, DW_AT_const_value(0x0b)
    4682                      .dwattr $C$DW$350, DW_AT_decl_file("D:\15_Delta\14. ANPC Converter\ANPC_3Layer\TMS320F280049C\device\
    4683                      .dwattr $C$DW$350, DW_AT_decl_line(0xd9)
    4684                      .dwattr $C$DW$350, DW_AT_decl_column(0x05)
    4685              
    4686              $C$DW$351       .dwtag  DW_TAG_enumerator
    4687                      .dwattr $C$DW$351, DW_AT_name("XBAR_INPUT13")
    4688                      .dwattr $C$DW$351, DW_AT_const_value(0x0c)
    4689                      .dwattr $C$DW$351, DW_AT_decl_file("D:\15_Delta\14. ANPC Converter\ANPC_3Layer\TMS320F280049C\device\
TMS320C2000 Assembler PC v22.6.0 Mon Apr 21 09:03:30 2025

Copyright (c) 1996-2018 Texas Instruments Incorporated
hal_clb_TMS320F280049C.asm                                           PAGE   93

    4690                      .dwattr $C$DW$351, DW_AT_decl_line(0xda)
    4691                      .dwattr $C$DW$351, DW_AT_decl_column(0x05)
    4692              
    4693              $C$DW$352       .dwtag  DW_TAG_enumerator
    4694                      .dwattr $C$DW$352, DW_AT_name("XBAR_INPUT14")
    4695                      .dwattr $C$DW$352, DW_AT_const_value(0x0d)
    4696                      .dwattr $C$DW$352, DW_AT_decl_file("D:\15_Delta\14. ANPC Converter\ANPC_3Layer\TMS320F280049C\device\
    4697                      .dwattr $C$DW$352, DW_AT_decl_line(0xdb)
    4698                      .dwattr $C$DW$352, DW_AT_decl_column(0x05)
    4699              
    4700              $C$DW$353       .dwtag  DW_TAG_enumerator
    4701                      .dwattr $C$DW$353, DW_AT_name("XBAR_INPUT15")
    4702                      .dwattr $C$DW$353, DW_AT_const_value(0x0e)
    4703                      .dwattr $C$DW$353, DW_AT_decl_file("D:\15_Delta\14. ANPC Converter\ANPC_3Layer\TMS320F280049C\device\
    4704                      .dwattr $C$DW$353, DW_AT_decl_line(0xdc)
    4705                      .dwattr $C$DW$353, DW_AT_decl_column(0x05)
    4706              
    4707              $C$DW$354       .dwtag  DW_TAG_enumerator
    4708                      .dwattr $C$DW$354, DW_AT_name("XBAR_INPUT16")
    4709                      .dwattr $C$DW$354, DW_AT_const_value(0x0f)
    4710                      .dwattr $C$DW$354, DW_AT_decl_file("D:\15_Delta\14. ANPC Converter\ANPC_3Layer\TMS320F280049C\device\
    4711                      .dwattr $C$DW$354, DW_AT_decl_line(0xdd)
    4712                      .dwattr $C$DW$354, DW_AT_decl_column(0x05)
    4713              
    4714                      .dwattr $C$DW$T$33, DW_AT_decl_file("D:\15_Delta\14. ANPC Converter\ANPC_3Layer\TMS320F280049C\device
    4715                      .dwattr $C$DW$T$33, DW_AT_decl_line(0xcd)
    4716                      .dwattr $C$DW$T$33, DW_AT_decl_column(0x01)
    4717                      .dwendtag $C$DW$T$33
    4718              
    4719                      .dwendtag $C$DW$TU$33
    4720              
    4721              
    4722              $C$DW$TU$34     .dwtag  DW_TAG_type_unit
    4723                      .dwmtype  $C$DW$T$34
    4724              $C$DW$T$34      .dwtag  DW_TAG_typedef
    4725                      .dwattr $C$DW$T$34, DW_AT_name("XBAR_InputNum")
    4726                      .dwattr $C$DW$T$34, DW_AT_type(*$C$DW$T$33)
    4727                      .dwattr $C$DW$T$34, DW_AT_decl_file("D:\15_Delta\14. ANPC Converter\ANPC_3Layer\TMS320F280049C\device
    4728                      .dwattr $C$DW$T$34, DW_AT_decl_line(0xde)
    4729                      .dwattr $C$DW$T$34, DW_AT_decl_column(0x03)
    4730              
    4731                      .dwendtag $C$DW$TU$34
    4732              
    4733              
    4734              $C$DW$TU$35     .dwtag  DW_TAG_type_unit
    4735                      .dwmtype  $C$DW$T$35
    4736              
    4737              $C$DW$T$35      .dwtag  DW_TAG_enumeration_type
    4738                      .dwattr $C$DW$T$35, DW_AT_byte_size(0x01)
    4739              $C$DW$355       .dwtag  DW_TAG_enumerator
    4740                      .dwattr $C$DW$355, DW_AT_name("XBAR_AUXSIG0")
    4741                      .dwattr $C$DW$355, DW_AT_const_value(0x00)
    4742                      .dwattr $C$DW$355, DW_AT_decl_file("D:\15_Delta\14. ANPC Converter\ANPC_3Layer\TMS320F280049C\device\
    4743                      .dwattr $C$DW$355, DW_AT_decl_line(0xbd)
    4744                      .dwattr $C$DW$355, DW_AT_decl_column(0x05)
TMS320C2000 Assembler PC v22.6.0 Mon Apr 21 09:03:30 2025

Copyright (c) 1996-2018 Texas Instruments Incorporated
hal_clb_TMS320F280049C.asm                                           PAGE   94

    4745              
    4746              $C$DW$356       .dwtag  DW_TAG_enumerator
    4747                      .dwattr $C$DW$356, DW_AT_name("XBAR_AUXSIG1")
    4748                      .dwattr $C$DW$356, DW_AT_const_value(0x02)
    4749                      .dwattr $C$DW$356, DW_AT_decl_file("D:\15_Delta\14. ANPC Converter\ANPC_3Layer\TMS320F280049C\device\
    4750                      .dwattr $C$DW$356, DW_AT_decl_line(0xbe)
    4751                      .dwattr $C$DW$356, DW_AT_decl_column(0x05)
    4752              
    4753              $C$DW$357       .dwtag  DW_TAG_enumerator
    4754                      .dwattr $C$DW$357, DW_AT_name("XBAR_AUXSIG2")
    4755                      .dwattr $C$DW$357, DW_AT_const_value(0x04)
    4756                      .dwattr $C$DW$357, DW_AT_decl_file("D:\15_Delta\14. ANPC Converter\ANPC_3Layer\TMS320F280049C\device\
    4757                      .dwattr $C$DW$357, DW_AT_decl_line(0xbf)
    4758                      .dwattr $C$DW$357, DW_AT_decl_column(0x05)
    4759              
    4760              $C$DW$358       .dwtag  DW_TAG_enumerator
    4761                      .dwattr $C$DW$358, DW_AT_name("XBAR_AUXSIG3")
    4762                      .dwattr $C$DW$358, DW_AT_const_value(0x06)
    4763                      .dwattr $C$DW$358, DW_AT_decl_file("D:\15_Delta\14. ANPC Converter\ANPC_3Layer\TMS320F280049C\device\
    4764                      .dwattr $C$DW$358, DW_AT_decl_line(0xc0)
    4765                      .dwattr $C$DW$358, DW_AT_decl_column(0x05)
    4766              
    4767              $C$DW$359       .dwtag  DW_TAG_enumerator
    4768                      .dwattr $C$DW$359, DW_AT_name("XBAR_AUXSIG4")
    4769                      .dwattr $C$DW$359, DW_AT_const_value(0x08)
    4770                      .dwattr $C$DW$359, DW_AT_decl_file("D:\15_Delta\14. ANPC Converter\ANPC_3Layer\TMS320F280049C\device\
    4771                      .dwattr $C$DW$359, DW_AT_decl_line(0xc1)
    4772                      .dwattr $C$DW$359, DW_AT_decl_column(0x05)
    4773              
    4774              $C$DW$360       .dwtag  DW_TAG_enumerator
    4775                      .dwattr $C$DW$360, DW_AT_name("XBAR_AUXSIG5")
    4776                      .dwattr $C$DW$360, DW_AT_const_value(0x0a)
    4777                      .dwattr $C$DW$360, DW_AT_decl_file("D:\15_Delta\14. ANPC Converter\ANPC_3Layer\TMS320F280049C\device\
    4778                      .dwattr $C$DW$360, DW_AT_decl_line(0xc2)
    4779                      .dwattr $C$DW$360, DW_AT_decl_column(0x05)
    4780              
    4781              $C$DW$361       .dwtag  DW_TAG_enumerator
    4782                      .dwattr $C$DW$361, DW_AT_name("XBAR_AUXSIG6")
    4783                      .dwattr $C$DW$361, DW_AT_const_value(0x0c)
    4784                      .dwattr $C$DW$361, DW_AT_decl_file("D:\15_Delta\14. ANPC Converter\ANPC_3Layer\TMS320F280049C\device\
    4785                      .dwattr $C$DW$361, DW_AT_decl_line(0xc3)
    4786                      .dwattr $C$DW$361, DW_AT_decl_column(0x05)
    4787              
    4788              $C$DW$362       .dwtag  DW_TAG_enumerator
    4789                      .dwattr $C$DW$362, DW_AT_name("XBAR_AUXSIG7")
    4790                      .dwattr $C$DW$362, DW_AT_const_value(0x0e)
    4791                      .dwattr $C$DW$362, DW_AT_decl_file("D:\15_Delta\14. ANPC Converter\ANPC_3Layer\TMS320F280049C\device\
    4792                      .dwattr $C$DW$362, DW_AT_decl_line(0xc4)
    4793                      .dwattr $C$DW$362, DW_AT_decl_column(0x05)
    4794              
    4795                      .dwattr $C$DW$T$35, DW_AT_decl_file("D:\15_Delta\14. ANPC Converter\ANPC_3Layer\TMS320F280049C\device
    4796                      .dwattr $C$DW$T$35, DW_AT_decl_line(0xbc)
    4797                      .dwattr $C$DW$T$35, DW_AT_decl_column(0x01)
    4798                      .dwendtag $C$DW$T$35
    4799              
TMS320C2000 Assembler PC v22.6.0 Mon Apr 21 09:03:30 2025

Copyright (c) 1996-2018 Texas Instruments Incorporated
hal_clb_TMS320F280049C.asm                                           PAGE   95

    4800                      .dwendtag $C$DW$TU$35
    4801              
    4802              
    4803              $C$DW$TU$36     .dwtag  DW_TAG_type_unit
    4804                      .dwmtype  $C$DW$T$36
    4805              $C$DW$T$36      .dwtag  DW_TAG_typedef
    4806                      .dwattr $C$DW$T$36, DW_AT_name("XBAR_AuxSigNum")
    4807                      .dwattr $C$DW$T$36, DW_AT_type(*$C$DW$T$35)
    4808                      .dwattr $C$DW$T$36, DW_AT_decl_file("D:\15_Delta\14. ANPC Converter\ANPC_3Layer\TMS320F280049C\device
    4809                      .dwattr $C$DW$T$36, DW_AT_decl_line(0xc5)
    4810                      .dwattr $C$DW$T$36, DW_AT_decl_column(0x03)
    4811              
    4812                      .dwendtag $C$DW$TU$36
    4813              
    4814              
    4815              $C$DW$TU$37     .dwtag  DW_TAG_type_unit
    4816                      .dwmtype  $C$DW$T$37
    4817              
    4818              $C$DW$T$37      .dwtag  DW_TAG_enumeration_type
    4819                      .dwattr $C$DW$T$37, DW_AT_byte_size(0x01)
    4820              $C$DW$363       .dwtag  DW_TAG_enumerator
    4821                      .dwattr $C$DW$363, DW_AT_name("XBAR_CLB_MUX00_CMPSS1_CTRIPH")
    4822                      .dwattr $C$DW$363, DW_AT_const_value(0x00)
    4823                      .dwattr $C$DW$363, DW_AT_decl_file("D:\15_Delta\14. ANPC Converter\ANPC_3Layer\TMS320F280049C\device\
    4824                      .dwattr $C$DW$363, DW_AT_decl_line(0x195)
    4825                      .dwattr $C$DW$363, DW_AT_decl_column(0x05)
    4826              
    4827              $C$DW$364       .dwtag  DW_TAG_enumerator
    4828                      .dwattr $C$DW$364, DW_AT_name("XBAR_CLB_MUX00_CMPSS1_CTRIPH_OR_L")
    4829                      .dwattr $C$DW$364, DW_AT_const_value(0x01)
    4830                      .dwattr $C$DW$364, DW_AT_decl_file("D:\15_Delta\14. ANPC Converter\ANPC_3Layer\TMS320F280049C\device\
    4831                      .dwattr $C$DW$364, DW_AT_decl_line(0x196)
    4832                      .dwattr $C$DW$364, DW_AT_decl_column(0x05)
    4833              
    4834              $C$DW$365       .dwtag  DW_TAG_enumerator
    4835                      .dwattr $C$DW$365, DW_AT_name("XBAR_CLB_MUX00_ADCAEVT1")
    4836                      .dwattr $C$DW$365, DW_AT_const_value(0x02)
    4837                      .dwattr $C$DW$365, DW_AT_decl_file("D:\15_Delta\14. ANPC Converter\ANPC_3Layer\TMS320F280049C\device\
    4838                      .dwattr $C$DW$365, DW_AT_decl_line(0x197)
    4839                      .dwattr $C$DW$365, DW_AT_decl_column(0x05)
    4840              
    4841              $C$DW$366       .dwtag  DW_TAG_enumerator
    4842                      .dwattr $C$DW$366, DW_AT_name("XBAR_CLB_MUX00_ECAP1_OUT")
    4843                      .dwattr $C$DW$366, DW_AT_const_value(0x03)
    4844                      .dwattr $C$DW$366, DW_AT_decl_file("D:\15_Delta\14. ANPC Converter\ANPC_3Layer\TMS320F280049C\device\
    4845                      .dwattr $C$DW$366, DW_AT_decl_line(0x198)
    4846                      .dwattr $C$DW$366, DW_AT_decl_column(0x05)
    4847              
    4848              $C$DW$367       .dwtag  DW_TAG_enumerator
    4849                      .dwattr $C$DW$367, DW_AT_name("XBAR_CLB_MUX01_CMPSS1_CTRIPL")
    4850                      .dwattr $C$DW$367, DW_AT_const_value(0x200)
    4851                      .dwattr $C$DW$367, DW_AT_decl_file("D:\15_Delta\14. ANPC Converter\ANPC_3Layer\TMS320F280049C\device\
    4852                      .dwattr $C$DW$367, DW_AT_decl_line(0x199)
    4853                      .dwattr $C$DW$367, DW_AT_decl_column(0x05)
    4854              
TMS320C2000 Assembler PC v22.6.0 Mon Apr 21 09:03:30 2025

Copyright (c) 1996-2018 Texas Instruments Incorporated
hal_clb_TMS320F280049C.asm                                           PAGE   96

    4855              $C$DW$368       .dwtag  DW_TAG_enumerator
    4856                      .dwattr $C$DW$368, DW_AT_name("XBAR_CLB_MUX01_INPUTXBAR1")
    4857                      .dwattr $C$DW$368, DW_AT_const_value(0x201)
    4858                      .dwattr $C$DW$368, DW_AT_decl_file("D:\15_Delta\14. ANPC Converter\ANPC_3Layer\TMS320F280049C\device\
    4859                      .dwattr $C$DW$368, DW_AT_decl_line(0x19a)
    4860                      .dwattr $C$DW$368, DW_AT_decl_column(0x05)
    4861              
    4862              $C$DW$369       .dwtag  DW_TAG_enumerator
    4863                      .dwattr $C$DW$369, DW_AT_name("XBAR_CLB_MUX01_CLB1_OUT4")
    4864                      .dwattr $C$DW$369, DW_AT_const_value(0x202)
    4865                      .dwattr $C$DW$369, DW_AT_decl_file("D:\15_Delta\14. ANPC Converter\ANPC_3Layer\TMS320F280049C\device\
    4866                      .dwattr $C$DW$369, DW_AT_decl_line(0x19b)
    4867                      .dwattr $C$DW$369, DW_AT_decl_column(0x05)
    4868              
    4869              $C$DW$370       .dwtag  DW_TAG_enumerator
    4870                      .dwattr $C$DW$370, DW_AT_name("XBAR_CLB_MUX01_ADCCEVT1")
    4871                      .dwattr $C$DW$370, DW_AT_const_value(0x203)
    4872                      .dwattr $C$DW$370, DW_AT_decl_file("D:\15_Delta\14. ANPC Converter\ANPC_3Layer\TMS320F280049C\device\
    4873                      .dwattr $C$DW$370, DW_AT_decl_line(0x19c)
    4874                      .dwattr $C$DW$370, DW_AT_decl_column(0x05)
    4875              
    4876              $C$DW$371       .dwtag  DW_TAG_enumerator
    4877                      .dwattr $C$DW$371, DW_AT_name("XBAR_CLB_MUX02_CMPSS2_CTRIPH")
    4878                      .dwattr $C$DW$371, DW_AT_const_value(0x400)
    4879                      .dwattr $C$DW$371, DW_AT_decl_file("D:\15_Delta\14. ANPC Converter\ANPC_3Layer\TMS320F280049C\device\
    4880                      .dwattr $C$DW$371, DW_AT_decl_line(0x19d)
    4881                      .dwattr $C$DW$371, DW_AT_decl_column(0x05)
    4882              
    4883              $C$DW$372       .dwtag  DW_TAG_enumerator
    4884                      .dwattr $C$DW$372, DW_AT_name("XBAR_CLB_MUX02_CMPSS2_CTRIPH_OR_L")
    4885                      .dwattr $C$DW$372, DW_AT_const_value(0x401)
    4886                      .dwattr $C$DW$372, DW_AT_decl_file("D:\15_Delta\14. ANPC Converter\ANPC_3Layer\TMS320F280049C\device\
    4887                      .dwattr $C$DW$372, DW_AT_decl_line(0x19e)
    4888                      .dwattr $C$DW$372, DW_AT_decl_column(0x05)
    4889              
    4890              $C$DW$373       .dwtag  DW_TAG_enumerator
    4891                      .dwattr $C$DW$373, DW_AT_name("XBAR_CLB_MUX02_ADCAEVT2")
    4892                      .dwattr $C$DW$373, DW_AT_const_value(0x402)
    4893                      .dwattr $C$DW$373, DW_AT_decl_file("D:\15_Delta\14. ANPC Converter\ANPC_3Layer\TMS320F280049C\device\
    4894                      .dwattr $C$DW$373, DW_AT_decl_line(0x19f)
    4895                      .dwattr $C$DW$373, DW_AT_decl_column(0x05)
    4896              
    4897              $C$DW$374       .dwtag  DW_TAG_enumerator
    4898                      .dwattr $C$DW$374, DW_AT_name("XBAR_CLB_MUX02_ECAP2_OUT")
    4899                      .dwattr $C$DW$374, DW_AT_const_value(0x403)
    4900                      .dwattr $C$DW$374, DW_AT_decl_file("D:\15_Delta\14. ANPC Converter\ANPC_3Layer\TMS320F280049C\device\
    4901                      .dwattr $C$DW$374, DW_AT_decl_line(0x1a0)
    4902                      .dwattr $C$DW$374, DW_AT_decl_column(0x05)
    4903              
    4904              $C$DW$375       .dwtag  DW_TAG_enumerator
    4905                      .dwattr $C$DW$375, DW_AT_name("XBAR_CLB_MUX03_CMPSS2_CTRIPL")
    4906                      .dwattr $C$DW$375, DW_AT_const_value(0x600)
    4907                      .dwattr $C$DW$375, DW_AT_decl_file("D:\15_Delta\14. ANPC Converter\ANPC_3Layer\TMS320F280049C\device\
    4908                      .dwattr $C$DW$375, DW_AT_decl_line(0x1a1)
    4909                      .dwattr $C$DW$375, DW_AT_decl_column(0x05)
TMS320C2000 Assembler PC v22.6.0 Mon Apr 21 09:03:30 2025

Copyright (c) 1996-2018 Texas Instruments Incorporated
hal_clb_TMS320F280049C.asm                                           PAGE   97

    4910              
    4911              $C$DW$376       .dwtag  DW_TAG_enumerator
    4912                      .dwattr $C$DW$376, DW_AT_name("XBAR_CLB_MUX03_INPUTXBAR2")
    4913                      .dwattr $C$DW$376, DW_AT_const_value(0x601)
    4914                      .dwattr $C$DW$376, DW_AT_decl_file("D:\15_Delta\14. ANPC Converter\ANPC_3Layer\TMS320F280049C\device\
    4915                      .dwattr $C$DW$376, DW_AT_decl_line(0x1a2)
    4916                      .dwattr $C$DW$376, DW_AT_decl_column(0x05)
    4917              
    4918              $C$DW$377       .dwtag  DW_TAG_enumerator
    4919                      .dwattr $C$DW$377, DW_AT_name("XBAR_CLB_MUX03_CLB1_OUT5")
    4920                      .dwattr $C$DW$377, DW_AT_const_value(0x602)
    4921                      .dwattr $C$DW$377, DW_AT_decl_file("D:\15_Delta\14. ANPC Converter\ANPC_3Layer\TMS320F280049C\device\
    4922                      .dwattr $C$DW$377, DW_AT_decl_line(0x1a3)
    4923                      .dwattr $C$DW$377, DW_AT_decl_column(0x05)
    4924              
    4925              $C$DW$378       .dwtag  DW_TAG_enumerator
    4926                      .dwattr $C$DW$378, DW_AT_name("XBAR_CLB_MUX03_ADCCEVT2")
    4927                      .dwattr $C$DW$378, DW_AT_const_value(0x603)
    4928                      .dwattr $C$DW$378, DW_AT_decl_file("D:\15_Delta\14. ANPC Converter\ANPC_3Layer\TMS320F280049C\device\
    4929                      .dwattr $C$DW$378, DW_AT_decl_line(0x1a4)
    4930                      .dwattr $C$DW$378, DW_AT_decl_column(0x05)
    4931              
    4932              $C$DW$379       .dwtag  DW_TAG_enumerator
    4933                      .dwattr $C$DW$379, DW_AT_name("XBAR_CLB_MUX04_CMPSS3_CTRIPH")
    4934                      .dwattr $C$DW$379, DW_AT_const_value(0x800)
    4935                      .dwattr $C$DW$379, DW_AT_decl_file("D:\15_Delta\14. ANPC Converter\ANPC_3Layer\TMS320F280049C\device\
    4936                      .dwattr $C$DW$379, DW_AT_decl_line(0x1a5)
    4937                      .dwattr $C$DW$379, DW_AT_decl_column(0x05)
    4938              
    4939              $C$DW$380       .dwtag  DW_TAG_enumerator
    4940                      .dwattr $C$DW$380, DW_AT_name("XBAR_CLB_MUX04_CMPSS3_CTRIPH_OR_L")
    4941                      .dwattr $C$DW$380, DW_AT_const_value(0x801)
    4942                      .dwattr $C$DW$380, DW_AT_decl_file("D:\15_Delta\14. ANPC Converter\ANPC_3Layer\TMS320F280049C\device\
    4943                      .dwattr $C$DW$380, DW_AT_decl_line(0x1a6)
    4944                      .dwattr $C$DW$380, DW_AT_decl_column(0x05)
    4945              
    4946              $C$DW$381       .dwtag  DW_TAG_enumerator
    4947                      .dwattr $C$DW$381, DW_AT_name("XBAR_CLB_MUX04_ADCAEVT3")
    4948                      .dwattr $C$DW$381, DW_AT_const_value(0x802)
    4949                      .dwattr $C$DW$381, DW_AT_decl_file("D:\15_Delta\14. ANPC Converter\ANPC_3Layer\TMS320F280049C\device\
    4950                      .dwattr $C$DW$381, DW_AT_decl_line(0x1a7)
    4951                      .dwattr $C$DW$381, DW_AT_decl_column(0x05)
    4952              
    4953              $C$DW$382       .dwtag  DW_TAG_enumerator
    4954                      .dwattr $C$DW$382, DW_AT_name("XBAR_CLB_MUX04_ECAP3_OUT")
    4955                      .dwattr $C$DW$382, DW_AT_const_value(0x803)
    4956                      .dwattr $C$DW$382, DW_AT_decl_file("D:\15_Delta\14. ANPC Converter\ANPC_3Layer\TMS320F280049C\device\
    4957                      .dwattr $C$DW$382, DW_AT_decl_line(0x1a8)
    4958                      .dwattr $C$DW$382, DW_AT_decl_column(0x05)
    4959              
    4960              $C$DW$383       .dwtag  DW_TAG_enumerator
    4961                      .dwattr $C$DW$383, DW_AT_name("XBAR_CLB_MUX05_CMPSS3_CTRIPL")
    4962                      .dwattr $C$DW$383, DW_AT_const_value(0xa00)
    4963                      .dwattr $C$DW$383, DW_AT_decl_file("D:\15_Delta\14. ANPC Converter\ANPC_3Layer\TMS320F280049C\device\
    4964                      .dwattr $C$DW$383, DW_AT_decl_line(0x1a9)
TMS320C2000 Assembler PC v22.6.0 Mon Apr 21 09:03:30 2025

Copyright (c) 1996-2018 Texas Instruments Incorporated
hal_clb_TMS320F280049C.asm                                           PAGE   98

    4965                      .dwattr $C$DW$383, DW_AT_decl_column(0x05)
    4966              
    4967              $C$DW$384       .dwtag  DW_TAG_enumerator
    4968                      .dwattr $C$DW$384, DW_AT_name("XBAR_CLB_MUX05_INPUTXBAR3")
    4969                      .dwattr $C$DW$384, DW_AT_const_value(0xa01)
    4970                      .dwattr $C$DW$384, DW_AT_decl_file("D:\15_Delta\14. ANPC Converter\ANPC_3Layer\TMS320F280049C\device\
    4971                      .dwattr $C$DW$384, DW_AT_decl_line(0x1aa)
    4972                      .dwattr $C$DW$384, DW_AT_decl_column(0x05)
    4973              
    4974              $C$DW$385       .dwtag  DW_TAG_enumerator
    4975                      .dwattr $C$DW$385, DW_AT_name("XBAR_CLB_MUX05_CLB2_OUT4")
    4976                      .dwattr $C$DW$385, DW_AT_const_value(0xa02)
    4977                      .dwattr $C$DW$385, DW_AT_decl_file("D:\15_Delta\14. ANPC Converter\ANPC_3Layer\TMS320F280049C\device\
    4978                      .dwattr $C$DW$385, DW_AT_decl_line(0x1ab)
    4979                      .dwattr $C$DW$385, DW_AT_decl_column(0x05)
    4980              
    4981              $C$DW$386       .dwtag  DW_TAG_enumerator
    4982                      .dwattr $C$DW$386, DW_AT_name("XBAR_CLB_MUX05_ADCCEVT3")
    4983                      .dwattr $C$DW$386, DW_AT_const_value(0xa03)
    4984                      .dwattr $C$DW$386, DW_AT_decl_file("D:\15_Delta\14. ANPC Converter\ANPC_3Layer\TMS320F280049C\device\
    4985                      .dwattr $C$DW$386, DW_AT_decl_line(0x1ac)
    4986                      .dwattr $C$DW$386, DW_AT_decl_column(0x05)
    4987              
    4988              $C$DW$387       .dwtag  DW_TAG_enumerator
    4989                      .dwattr $C$DW$387, DW_AT_name("XBAR_CLB_MUX06_CMPSS4_CTRIPH")
    4990                      .dwattr $C$DW$387, DW_AT_const_value(0xc00)
    4991                      .dwattr $C$DW$387, DW_AT_decl_file("D:\15_Delta\14. ANPC Converter\ANPC_3Layer\TMS320F280049C\device\
    4992                      .dwattr $C$DW$387, DW_AT_decl_line(0x1ad)
    4993                      .dwattr $C$DW$387, DW_AT_decl_column(0x05)
    4994              
    4995              $C$DW$388       .dwtag  DW_TAG_enumerator
    4996                      .dwattr $C$DW$388, DW_AT_name("XBAR_CLB_MUX06_CMPSS4_CTRIPH_OR_L")
    4997                      .dwattr $C$DW$388, DW_AT_const_value(0xc01)
    4998                      .dwattr $C$DW$388, DW_AT_decl_file("D:\15_Delta\14. ANPC Converter\ANPC_3Layer\TMS320F280049C\device\
    4999                      .dwattr $C$DW$388, DW_AT_decl_line(0x1ae)
    5000                      .dwattr $C$DW$388, DW_AT_decl_column(0x05)
    5001              
    5002              $C$DW$389       .dwtag  DW_TAG_enumerator
    5003                      .dwattr $C$DW$389, DW_AT_name("XBAR_CLB_MUX06_ADCAEVT4")
    5004                      .dwattr $C$DW$389, DW_AT_const_value(0xc02)
    5005                      .dwattr $C$DW$389, DW_AT_decl_file("D:\15_Delta\14. ANPC Converter\ANPC_3Layer\TMS320F280049C\device\
    5006                      .dwattr $C$DW$389, DW_AT_decl_line(0x1af)
    5007                      .dwattr $C$DW$389, DW_AT_decl_column(0x05)
    5008              
    5009              $C$DW$390       .dwtag  DW_TAG_enumerator
    5010                      .dwattr $C$DW$390, DW_AT_name("XBAR_CLB_MUX06_ECAP4_OUT")
    5011                      .dwattr $C$DW$390, DW_AT_const_value(0xc03)
    5012                      .dwattr $C$DW$390, DW_AT_decl_file("D:\15_Delta\14. ANPC Converter\ANPC_3Layer\TMS320F280049C\device\
    5013                      .dwattr $C$DW$390, DW_AT_decl_line(0x1b0)
    5014                      .dwattr $C$DW$390, DW_AT_decl_column(0x05)
    5015              
    5016              $C$DW$391       .dwtag  DW_TAG_enumerator
    5017                      .dwattr $C$DW$391, DW_AT_name("XBAR_CLB_MUX07_CMPSS4_CTRIPL")
    5018                      .dwattr $C$DW$391, DW_AT_const_value(0xe00)
    5019                      .dwattr $C$DW$391, DW_AT_decl_file("D:\15_Delta\14. ANPC Converter\ANPC_3Layer\TMS320F280049C\device\
TMS320C2000 Assembler PC v22.6.0 Mon Apr 21 09:03:30 2025

Copyright (c) 1996-2018 Texas Instruments Incorporated
hal_clb_TMS320F280049C.asm                                           PAGE   99

    5020                      .dwattr $C$DW$391, DW_AT_decl_line(0x1b1)
    5021                      .dwattr $C$DW$391, DW_AT_decl_column(0x05)
    5022              
    5023              $C$DW$392       .dwtag  DW_TAG_enumerator
    5024                      .dwattr $C$DW$392, DW_AT_name("XBAR_CLB_MUX07_INPUTXBAR4")
    5025                      .dwattr $C$DW$392, DW_AT_const_value(0xe01)
    5026                      .dwattr $C$DW$392, DW_AT_decl_file("D:\15_Delta\14. ANPC Converter\ANPC_3Layer\TMS320F280049C\device\
    5027                      .dwattr $C$DW$392, DW_AT_decl_line(0x1b2)
    5028                      .dwattr $C$DW$392, DW_AT_decl_column(0x05)
    5029              
    5030              $C$DW$393       .dwtag  DW_TAG_enumerator
    5031                      .dwattr $C$DW$393, DW_AT_name("XBAR_CLB_MUX07_CLB2_OUT5")
    5032                      .dwattr $C$DW$393, DW_AT_const_value(0xe02)
    5033                      .dwattr $C$DW$393, DW_AT_decl_file("D:\15_Delta\14. ANPC Converter\ANPC_3Layer\TMS320F280049C\device\
    5034                      .dwattr $C$DW$393, DW_AT_decl_line(0x1b3)
    5035                      .dwattr $C$DW$393, DW_AT_decl_column(0x05)
    5036              
    5037              $C$DW$394       .dwtag  DW_TAG_enumerator
    5038                      .dwattr $C$DW$394, DW_AT_name("XBAR_CLB_MUX07_ADCCEVT4")
    5039                      .dwattr $C$DW$394, DW_AT_const_value(0xe03)
    5040                      .dwattr $C$DW$394, DW_AT_decl_file("D:\15_Delta\14. ANPC Converter\ANPC_3Layer\TMS320F280049C\device\
    5041                      .dwattr $C$DW$394, DW_AT_decl_line(0x1b4)
    5042                      .dwattr $C$DW$394, DW_AT_decl_column(0x05)
    5043              
    5044              $C$DW$395       .dwtag  DW_TAG_enumerator
    5045                      .dwattr $C$DW$395, DW_AT_name("XBAR_CLB_MUX08_CMPSS5_CTRIPH")
    5046                      .dwattr $C$DW$395, DW_AT_const_value(0x1000)
    5047                      .dwattr $C$DW$395, DW_AT_decl_file("D:\15_Delta\14. ANPC Converter\ANPC_3Layer\TMS320F280049C\device\
    5048                      .dwattr $C$DW$395, DW_AT_decl_line(0x1b5)
    5049                      .dwattr $C$DW$395, DW_AT_decl_column(0x05)
    5050              
    5051              $C$DW$396       .dwtag  DW_TAG_enumerator
    5052                      .dwattr $C$DW$396, DW_AT_name("XBAR_CLB_MUX08_CMPSS5_CTRIPH_OR_L")
    5053                      .dwattr $C$DW$396, DW_AT_const_value(0x1001)
    5054                      .dwattr $C$DW$396, DW_AT_decl_file("D:\15_Delta\14. ANPC Converter\ANPC_3Layer\TMS320F280049C\device\
    5055                      .dwattr $C$DW$396, DW_AT_decl_line(0x1b6)
    5056                      .dwattr $C$DW$396, DW_AT_decl_column(0x05)
    5057              
    5058              $C$DW$397       .dwtag  DW_TAG_enumerator
    5059                      .dwattr $C$DW$397, DW_AT_name("XBAR_CLB_MUX08_ADCBEVT1")
    5060                      .dwattr $C$DW$397, DW_AT_const_value(0x1002)
    5061                      .dwattr $C$DW$397, DW_AT_decl_file("D:\15_Delta\14. ANPC Converter\ANPC_3Layer\TMS320F280049C\device\
    5062                      .dwattr $C$DW$397, DW_AT_decl_line(0x1b7)
    5063                      .dwattr $C$DW$397, DW_AT_decl_column(0x05)
    5064              
    5065              $C$DW$398       .dwtag  DW_TAG_enumerator
    5066                      .dwattr $C$DW$398, DW_AT_name("XBAR_CLB_MUX08_ECAP5_OUT")
    5067                      .dwattr $C$DW$398, DW_AT_const_value(0x1003)
    5068                      .dwattr $C$DW$398, DW_AT_decl_file("D:\15_Delta\14. ANPC Converter\ANPC_3Layer\TMS320F280049C\device\
    5069                      .dwattr $C$DW$398, DW_AT_decl_line(0x1b8)
    5070                      .dwattr $C$DW$398, DW_AT_decl_column(0x05)
    5071              
    5072              $C$DW$399       .dwtag  DW_TAG_enumerator
    5073                      .dwattr $C$DW$399, DW_AT_name("XBAR_CLB_MUX09_CMPSS5_CTRIPL")
    5074                      .dwattr $C$DW$399, DW_AT_const_value(0x1200)
TMS320C2000 Assembler PC v22.6.0 Mon Apr 21 09:03:30 2025

Copyright (c) 1996-2018 Texas Instruments Incorporated
hal_clb_TMS320F280049C.asm                                           PAGE  100

    5075                      .dwattr $C$DW$399, DW_AT_decl_file("D:\15_Delta\14. ANPC Converter\ANPC_3Layer\TMS320F280049C\device\
    5076                      .dwattr $C$DW$399, DW_AT_decl_line(0x1b9)
    5077                      .dwattr $C$DW$399, DW_AT_decl_column(0x05)
    5078              
    5079              $C$DW$400       .dwtag  DW_TAG_enumerator
    5080                      .dwattr $C$DW$400, DW_AT_name("XBAR_CLB_MUX09_INPUTXBAR5")
    5081                      .dwattr $C$DW$400, DW_AT_const_value(0x1201)
    5082                      .dwattr $C$DW$400, DW_AT_decl_file("D:\15_Delta\14. ANPC Converter\ANPC_3Layer\TMS320F280049C\device\
    5083                      .dwattr $C$DW$400, DW_AT_decl_line(0x1ba)
    5084                      .dwattr $C$DW$400, DW_AT_decl_column(0x05)
    5085              
    5086              $C$DW$401       .dwtag  DW_TAG_enumerator
    5087                      .dwattr $C$DW$401, DW_AT_name("XBAR_CLB_MUX09_CLB3_OUT4")
    5088                      .dwattr $C$DW$401, DW_AT_const_value(0x1202)
    5089                      .dwattr $C$DW$401, DW_AT_decl_file("D:\15_Delta\14. ANPC Converter\ANPC_3Layer\TMS320F280049C\device\
    5090                      .dwattr $C$DW$401, DW_AT_decl_line(0x1bb)
    5091                      .dwattr $C$DW$401, DW_AT_decl_column(0x05)
    5092              
    5093              $C$DW$402       .dwtag  DW_TAG_enumerator
    5094                      .dwattr $C$DW$402, DW_AT_name("XBAR_CLB_MUX10_CMPSS6_CTRIPH")
    5095                      .dwattr $C$DW$402, DW_AT_const_value(0x1400)
    5096                      .dwattr $C$DW$402, DW_AT_decl_file("D:\15_Delta\14. ANPC Converter\ANPC_3Layer\TMS320F280049C\device\
    5097                      .dwattr $C$DW$402, DW_AT_decl_line(0x1bc)
    5098                      .dwattr $C$DW$402, DW_AT_decl_column(0x05)
    5099              
    5100              $C$DW$403       .dwtag  DW_TAG_enumerator
    5101                      .dwattr $C$DW$403, DW_AT_name("XBAR_CLB_MUX10_CMPSS6_CTRIPH_OR_L")
    5102                      .dwattr $C$DW$403, DW_AT_const_value(0x1401)
    5103                      .dwattr $C$DW$403, DW_AT_decl_file("D:\15_Delta\14. ANPC Converter\ANPC_3Layer\TMS320F280049C\device\
    5104                      .dwattr $C$DW$403, DW_AT_decl_line(0x1bd)
    5105                      .dwattr $C$DW$403, DW_AT_decl_column(0x05)
    5106              
    5107              $C$DW$404       .dwtag  DW_TAG_enumerator
    5108                      .dwattr $C$DW$404, DW_AT_name("XBAR_CLB_MUX10_ADCBEVT2")
    5109                      .dwattr $C$DW$404, DW_AT_const_value(0x1402)
    5110                      .dwattr $C$DW$404, DW_AT_decl_file("D:\15_Delta\14. ANPC Converter\ANPC_3Layer\TMS320F280049C\device\
    5111                      .dwattr $C$DW$404, DW_AT_decl_line(0x1be)
    5112                      .dwattr $C$DW$404, DW_AT_decl_column(0x05)
    5113              
    5114              $C$DW$405       .dwtag  DW_TAG_enumerator
    5115                      .dwattr $C$DW$405, DW_AT_name("XBAR_CLB_MUX10_ECAP6_OUT")
    5116                      .dwattr $C$DW$405, DW_AT_const_value(0x1403)
    5117                      .dwattr $C$DW$405, DW_AT_decl_file("D:\15_Delta\14. ANPC Converter\ANPC_3Layer\TMS320F280049C\device\
    5118                      .dwattr $C$DW$405, DW_AT_decl_line(0x1bf)
    5119                      .dwattr $C$DW$405, DW_AT_decl_column(0x05)
    5120              
    5121              $C$DW$406       .dwtag  DW_TAG_enumerator
    5122                      .dwattr $C$DW$406, DW_AT_name("XBAR_CLB_MUX11_CMPSS6_CTRIPL")
    5123                      .dwattr $C$DW$406, DW_AT_const_value(0x1600)
    5124                      .dwattr $C$DW$406, DW_AT_decl_file("D:\15_Delta\14. ANPC Converter\ANPC_3Layer\TMS320F280049C\device\
    5125                      .dwattr $C$DW$406, DW_AT_decl_line(0x1c0)
    5126                      .dwattr $C$DW$406, DW_AT_decl_column(0x05)
    5127              
    5128              $C$DW$407       .dwtag  DW_TAG_enumerator
    5129                      .dwattr $C$DW$407, DW_AT_name("XBAR_CLB_MUX11_INPUTXBAR6")
TMS320C2000 Assembler PC v22.6.0 Mon Apr 21 09:03:30 2025

Copyright (c) 1996-2018 Texas Instruments Incorporated
hal_clb_TMS320F280049C.asm                                           PAGE  101

    5130                      .dwattr $C$DW$407, DW_AT_const_value(0x1601)
    5131                      .dwattr $C$DW$407, DW_AT_decl_file("D:\15_Delta\14. ANPC Converter\ANPC_3Layer\TMS320F280049C\device\
    5132                      .dwattr $C$DW$407, DW_AT_decl_line(0x1c1)
    5133                      .dwattr $C$DW$407, DW_AT_decl_column(0x05)
    5134              
    5135              $C$DW$408       .dwtag  DW_TAG_enumerator
    5136                      .dwattr $C$DW$408, DW_AT_name("XBAR_CLB_MUX11_CLB3_OUT5")
    5137                      .dwattr $C$DW$408, DW_AT_const_value(0x1602)
    5138                      .dwattr $C$DW$408, DW_AT_decl_file("D:\15_Delta\14. ANPC Converter\ANPC_3Layer\TMS320F280049C\device\
    5139                      .dwattr $C$DW$408, DW_AT_decl_line(0x1c2)
    5140                      .dwattr $C$DW$408, DW_AT_decl_column(0x05)
    5141              
    5142              $C$DW$409       .dwtag  DW_TAG_enumerator
    5143                      .dwattr $C$DW$409, DW_AT_name("XBAR_CLB_MUX12_CMPSS7_CTRIPH")
    5144                      .dwattr $C$DW$409, DW_AT_const_value(0x1800)
    5145                      .dwattr $C$DW$409, DW_AT_decl_file("D:\15_Delta\14. ANPC Converter\ANPC_3Layer\TMS320F280049C\device\
    5146                      .dwattr $C$DW$409, DW_AT_decl_line(0x1c3)
    5147                      .dwattr $C$DW$409, DW_AT_decl_column(0x05)
    5148              
    5149              $C$DW$410       .dwtag  DW_TAG_enumerator
    5150                      .dwattr $C$DW$410, DW_AT_name("XBAR_CLB_MUX12_CMPSS7_CTRIPH_OR_L")
    5151                      .dwattr $C$DW$410, DW_AT_const_value(0x1801)
    5152                      .dwattr $C$DW$410, DW_AT_decl_file("D:\15_Delta\14. ANPC Converter\ANPC_3Layer\TMS320F280049C\device\
    5153                      .dwattr $C$DW$410, DW_AT_decl_line(0x1c4)
    5154                      .dwattr $C$DW$410, DW_AT_decl_column(0x05)
    5155              
    5156              $C$DW$411       .dwtag  DW_TAG_enumerator
    5157                      .dwattr $C$DW$411, DW_AT_name("XBAR_CLB_MUX12_ADCBEVT3")
    5158                      .dwattr $C$DW$411, DW_AT_const_value(0x1802)
    5159                      .dwattr $C$DW$411, DW_AT_decl_file("D:\15_Delta\14. ANPC Converter\ANPC_3Layer\TMS320F280049C\device\
    5160                      .dwattr $C$DW$411, DW_AT_decl_line(0x1c5)
    5161                      .dwattr $C$DW$411, DW_AT_decl_column(0x05)
    5162              
    5163              $C$DW$412       .dwtag  DW_TAG_enumerator
    5164                      .dwattr $C$DW$412, DW_AT_name("XBAR_CLB_MUX12_ECAP7_OUT")
    5165                      .dwattr $C$DW$412, DW_AT_const_value(0x1803)
    5166                      .dwattr $C$DW$412, DW_AT_decl_file("D:\15_Delta\14. ANPC Converter\ANPC_3Layer\TMS320F280049C\device\
    5167                      .dwattr $C$DW$412, DW_AT_decl_line(0x1c6)
    5168                      .dwattr $C$DW$412, DW_AT_decl_column(0x05)
    5169              
    5170              $C$DW$413       .dwtag  DW_TAG_enumerator
    5171                      .dwattr $C$DW$413, DW_AT_name("XBAR_CLB_MUX13_CMPSS7_CTRIPL")
    5172                      .dwattr $C$DW$413, DW_AT_const_value(0x1a00)
    5173                      .dwattr $C$DW$413, DW_AT_decl_file("D:\15_Delta\14. ANPC Converter\ANPC_3Layer\TMS320F280049C\device\
    5174                      .dwattr $C$DW$413, DW_AT_decl_line(0x1c7)
    5175                      .dwattr $C$DW$413, DW_AT_decl_column(0x05)
    5176              
    5177              $C$DW$414       .dwtag  DW_TAG_enumerator
    5178                      .dwattr $C$DW$414, DW_AT_name("XBAR_CLB_MUX13_ADCSOCA")
    5179                      .dwattr $C$DW$414, DW_AT_const_value(0x1a01)
    5180                      .dwattr $C$DW$414, DW_AT_decl_file("D:\15_Delta\14. ANPC Converter\ANPC_3Layer\TMS320F280049C\device\
    5181                      .dwattr $C$DW$414, DW_AT_decl_line(0x1c8)
    5182                      .dwattr $C$DW$414, DW_AT_decl_column(0x05)
    5183              
    5184              $C$DW$415       .dwtag  DW_TAG_enumerator
TMS320C2000 Assembler PC v22.6.0 Mon Apr 21 09:03:30 2025

Copyright (c) 1996-2018 Texas Instruments Incorporated
hal_clb_TMS320F280049C.asm                                           PAGE  102

    5185                      .dwattr $C$DW$415, DW_AT_name("XBAR_CLB_MUX13_CLB4_OUT4")
    5186                      .dwattr $C$DW$415, DW_AT_const_value(0x1a02)
    5187                      .dwattr $C$DW$415, DW_AT_decl_file("D:\15_Delta\14. ANPC Converter\ANPC_3Layer\TMS320F280049C\device\
    5188                      .dwattr $C$DW$415, DW_AT_decl_line(0x1c9)
    5189                      .dwattr $C$DW$415, DW_AT_decl_column(0x05)
    5190              
    5191              $C$DW$416       .dwtag  DW_TAG_enumerator
    5192                      .dwattr $C$DW$416, DW_AT_name("XBAR_CLB_MUX14_ADCBEVT4")
    5193                      .dwattr $C$DW$416, DW_AT_const_value(0x1c02)
    5194                      .dwattr $C$DW$416, DW_AT_decl_file("D:\15_Delta\14. ANPC Converter\ANPC_3Layer\TMS320F280049C\device\
    5195                      .dwattr $C$DW$416, DW_AT_decl_line(0x1ca)
    5196                      .dwattr $C$DW$416, DW_AT_decl_column(0x05)
    5197              
    5198              $C$DW$417       .dwtag  DW_TAG_enumerator
    5199                      .dwattr $C$DW$417, DW_AT_name("XBAR_CLB_MUX14_EXTSYNCOUT")
    5200                      .dwattr $C$DW$417, DW_AT_const_value(0x1c03)
    5201                      .dwattr $C$DW$417, DW_AT_decl_file("D:\15_Delta\14. ANPC Converter\ANPC_3Layer\TMS320F280049C\device\
    5202                      .dwattr $C$DW$417, DW_AT_decl_line(0x1cb)
    5203                      .dwattr $C$DW$417, DW_AT_decl_column(0x05)
    5204              
    5205              $C$DW$418       .dwtag  DW_TAG_enumerator
    5206                      .dwattr $C$DW$418, DW_AT_name("XBAR_CLB_MUX15_ADCSOCB")
    5207                      .dwattr $C$DW$418, DW_AT_const_value(0x1e01)
    5208                      .dwattr $C$DW$418, DW_AT_decl_file("D:\15_Delta\14. ANPC Converter\ANPC_3Layer\TMS320F280049C\device\
    5209                      .dwattr $C$DW$418, DW_AT_decl_line(0x1cc)
    5210                      .dwattr $C$DW$418, DW_AT_decl_column(0x05)
    5211              
    5212              $C$DW$419       .dwtag  DW_TAG_enumerator
    5213                      .dwattr $C$DW$419, DW_AT_name("XBAR_CLB_MUX15_CLB4_OUT5")
    5214                      .dwattr $C$DW$419, DW_AT_const_value(0x1e02)
    5215                      .dwattr $C$DW$419, DW_AT_decl_file("D:\15_Delta\14. ANPC Converter\ANPC_3Layer\TMS320F280049C\device\
    5216                      .dwattr $C$DW$419, DW_AT_decl_line(0x1cd)
    5217                      .dwattr $C$DW$419, DW_AT_decl_column(0x05)
    5218              
    5219              $C$DW$420       .dwtag  DW_TAG_enumerator
    5220                      .dwattr $C$DW$420, DW_AT_name("XBAR_CLB_MUX16_SD1FLT1_COMPH")
    5221                      .dwattr $C$DW$420, DW_AT_const_value(0x2000)
    5222                      .dwattr $C$DW$420, DW_AT_decl_file("D:\15_Delta\14. ANPC Converter\ANPC_3Layer\TMS320F280049C\device\
    5223                      .dwattr $C$DW$420, DW_AT_decl_line(0x1ce)
    5224                      .dwattr $C$DW$420, DW_AT_decl_column(0x05)
    5225              
    5226              $C$DW$421       .dwtag  DW_TAG_enumerator
    5227                      .dwattr $C$DW$421, DW_AT_name("XBAR_CLB_MUX16_SD1FLT1_COMPH_OR_COMPL")
    5228                      .dwattr $C$DW$421, DW_AT_const_value(0x2001)
    5229                      .dwattr $C$DW$421, DW_AT_decl_file("D:\15_Delta\14. ANPC Converter\ANPC_3Layer\TMS320F280049C\device\
    5230                      .dwattr $C$DW$421, DW_AT_decl_line(0x1cf)
    5231                      .dwattr $C$DW$421, DW_AT_decl_column(0x05)
    5232              
    5233              $C$DW$422       .dwtag  DW_TAG_enumerator
    5234                      .dwattr $C$DW$422, DW_AT_name("XBAR_CLB_MUX16_SD1FLT1_COMPZ")
    5235                      .dwattr $C$DW$422, DW_AT_const_value(0x2002)
    5236                      .dwattr $C$DW$422, DW_AT_decl_file("D:\15_Delta\14. ANPC Converter\ANPC_3Layer\TMS320F280049C\device\
    5237                      .dwattr $C$DW$422, DW_AT_decl_line(0x1d0)
    5238                      .dwattr $C$DW$422, DW_AT_decl_column(0x05)
    5239              
TMS320C2000 Assembler PC v22.6.0 Mon Apr 21 09:03:30 2025

Copyright (c) 1996-2018 Texas Instruments Incorporated
hal_clb_TMS320F280049C.asm                                           PAGE  103

    5240              $C$DW$423       .dwtag  DW_TAG_enumerator
    5241                      .dwattr $C$DW$423, DW_AT_name("XBAR_CLB_MUX16_SD1FLT1_DRINT")
    5242                      .dwattr $C$DW$423, DW_AT_const_value(0x2003)
    5243                      .dwattr $C$DW$423, DW_AT_decl_file("D:\15_Delta\14. ANPC Converter\ANPC_3Layer\TMS320F280049C\device\
    5244                      .dwattr $C$DW$423, DW_AT_decl_line(0x1d1)
    5245                      .dwattr $C$DW$423, DW_AT_decl_column(0x05)
    5246              
    5247              $C$DW$424       .dwtag  DW_TAG_enumerator
    5248                      .dwattr $C$DW$424, DW_AT_name("XBAR_CLB_MUX17_SD1FLT1_COMPL")
    5249                      .dwattr $C$DW$424, DW_AT_const_value(0x2200)
    5250                      .dwattr $C$DW$424, DW_AT_decl_file("D:\15_Delta\14. ANPC Converter\ANPC_3Layer\TMS320F280049C\device\
    5251                      .dwattr $C$DW$424, DW_AT_decl_line(0x1d2)
    5252                      .dwattr $C$DW$424, DW_AT_decl_column(0x05)
    5253              
    5254              $C$DW$425       .dwtag  DW_TAG_enumerator
    5255                      .dwattr $C$DW$425, DW_AT_name("XBAR_CLB_MUX17_INPUTXBAR7")
    5256                      .dwattr $C$DW$425, DW_AT_const_value(0x2201)
    5257                      .dwattr $C$DW$425, DW_AT_decl_file("D:\15_Delta\14. ANPC Converter\ANPC_3Layer\TMS320F280049C\device\
    5258                      .dwattr $C$DW$425, DW_AT_decl_line(0x1d3)
    5259                      .dwattr $C$DW$425, DW_AT_decl_column(0x05)
    5260              
    5261              $C$DW$426       .dwtag  DW_TAG_enumerator
    5262                      .dwattr $C$DW$426, DW_AT_name("XBAR_CLB_MUX17_CLAHALT")
    5263                      .dwattr $C$DW$426, DW_AT_const_value(0x2203)
    5264                      .dwattr $C$DW$426, DW_AT_decl_file("D:\15_Delta\14. ANPC Converter\ANPC_3Layer\TMS320F280049C\device\
    5265                      .dwattr $C$DW$426, DW_AT_decl_line(0x1d4)
    5266                      .dwattr $C$DW$426, DW_AT_decl_column(0x05)
    5267              
    5268              $C$DW$427       .dwtag  DW_TAG_enumerator
    5269                      .dwattr $C$DW$427, DW_AT_name("XBAR_CLB_MUX18_SD1FLT2_COMPH")
    5270                      .dwattr $C$DW$427, DW_AT_const_value(0x2400)
    5271                      .dwattr $C$DW$427, DW_AT_decl_file("D:\15_Delta\14. ANPC Converter\ANPC_3Layer\TMS320F280049C\device\
    5272                      .dwattr $C$DW$427, DW_AT_decl_line(0x1d5)
    5273                      .dwattr $C$DW$427, DW_AT_decl_column(0x05)
    5274              
    5275              $C$DW$428       .dwtag  DW_TAG_enumerator
    5276                      .dwattr $C$DW$428, DW_AT_name("XBAR_CLB_MUX18_SD1FLT2_COMPH_OR_COMPL")
    5277                      .dwattr $C$DW$428, DW_AT_const_value(0x2401)
    5278                      .dwattr $C$DW$428, DW_AT_decl_file("D:\15_Delta\14. ANPC Converter\ANPC_3Layer\TMS320F280049C\device\
    5279                      .dwattr $C$DW$428, DW_AT_decl_line(0x1d6)
    5280                      .dwattr $C$DW$428, DW_AT_decl_column(0x05)
    5281              
    5282              $C$DW$429       .dwtag  DW_TAG_enumerator
    5283                      .dwattr $C$DW$429, DW_AT_name("XBAR_CLB_MUX18_SD1FLT2_COMPZ")
    5284                      .dwattr $C$DW$429, DW_AT_const_value(0x2402)
    5285                      .dwattr $C$DW$429, DW_AT_decl_file("D:\15_Delta\14. ANPC Converter\ANPC_3Layer\TMS320F280049C\device\
    5286                      .dwattr $C$DW$429, DW_AT_decl_line(0x1d7)
    5287                      .dwattr $C$DW$429, DW_AT_decl_column(0x05)
    5288              
    5289              $C$DW$430       .dwtag  DW_TAG_enumerator
    5290                      .dwattr $C$DW$430, DW_AT_name("XBAR_CLB_MUX18_SD1FLT2_DRINT")
    5291                      .dwattr $C$DW$430, DW_AT_const_value(0x2403)
    5292                      .dwattr $C$DW$430, DW_AT_decl_file("D:\15_Delta\14. ANPC Converter\ANPC_3Layer\TMS320F280049C\device\
    5293                      .dwattr $C$DW$430, DW_AT_decl_line(0x1d8)
    5294                      .dwattr $C$DW$430, DW_AT_decl_column(0x05)
TMS320C2000 Assembler PC v22.6.0 Mon Apr 21 09:03:30 2025

Copyright (c) 1996-2018 Texas Instruments Incorporated
hal_clb_TMS320F280049C.asm                                           PAGE  104

    5295              
    5296              $C$DW$431       .dwtag  DW_TAG_enumerator
    5297                      .dwattr $C$DW$431, DW_AT_name("XBAR_CLB_MUX19_SD1FLT2_COMPL")
    5298                      .dwattr $C$DW$431, DW_AT_const_value(0x2600)
    5299                      .dwattr $C$DW$431, DW_AT_decl_file("D:\15_Delta\14. ANPC Converter\ANPC_3Layer\TMS320F280049C\device\
    5300                      .dwattr $C$DW$431, DW_AT_decl_line(0x1d9)
    5301                      .dwattr $C$DW$431, DW_AT_decl_column(0x05)
    5302              
    5303              $C$DW$432       .dwtag  DW_TAG_enumerator
    5304                      .dwattr $C$DW$432, DW_AT_name("XBAR_CLB_MUX19_INPUTXBAR8")
    5305                      .dwattr $C$DW$432, DW_AT_const_value(0x2601)
    5306                      .dwattr $C$DW$432, DW_AT_decl_file("D:\15_Delta\14. ANPC Converter\ANPC_3Layer\TMS320F280049C\device\
    5307                      .dwattr $C$DW$432, DW_AT_decl_line(0x1da)
    5308                      .dwattr $C$DW$432, DW_AT_decl_column(0x05)
    5309              
    5310              $C$DW$433       .dwtag  DW_TAG_enumerator
    5311                      .dwattr $C$DW$433, DW_AT_name("XBAR_CLB_MUX20_SD1FLT3_COMPH")
    5312                      .dwattr $C$DW$433, DW_AT_const_value(0x2800)
    5313                      .dwattr $C$DW$433, DW_AT_decl_file("D:\15_Delta\14. ANPC Converter\ANPC_3Layer\TMS320F280049C\device\
    5314                      .dwattr $C$DW$433, DW_AT_decl_line(0x1db)
    5315                      .dwattr $C$DW$433, DW_AT_decl_column(0x05)
    5316              
    5317              $C$DW$434       .dwtag  DW_TAG_enumerator
    5318                      .dwattr $C$DW$434, DW_AT_name("XBAR_CLB_MUX20_SD1FLT3_COMPH_OR_COMPL")
    5319                      .dwattr $C$DW$434, DW_AT_const_value(0x2801)
    5320                      .dwattr $C$DW$434, DW_AT_decl_file("D:\15_Delta\14. ANPC Converter\ANPC_3Layer\TMS320F280049C\device\
    5321                      .dwattr $C$DW$434, DW_AT_decl_line(0x1dc)
    5322                      .dwattr $C$DW$434, DW_AT_decl_column(0x05)
    5323              
    5324              $C$DW$435       .dwtag  DW_TAG_enumerator
    5325                      .dwattr $C$DW$435, DW_AT_name("XBAR_CLB_MUX20_SD1FLT3_COMPZ")
    5326                      .dwattr $C$DW$435, DW_AT_const_value(0x2802)
    5327                      .dwattr $C$DW$435, DW_AT_decl_file("D:\15_Delta\14. ANPC Converter\ANPC_3Layer\TMS320F280049C\device\
    5328                      .dwattr $C$DW$435, DW_AT_decl_line(0x1dd)
    5329                      .dwattr $C$DW$435, DW_AT_decl_column(0x05)
    5330              
    5331              $C$DW$436       .dwtag  DW_TAG_enumerator
    5332                      .dwattr $C$DW$436, DW_AT_name("XBAR_CLB_MUX20_SD1FLT3_DRINT")
    5333                      .dwattr $C$DW$436, DW_AT_const_value(0x2803)
    5334                      .dwattr $C$DW$436, DW_AT_decl_file("D:\15_Delta\14. ANPC Converter\ANPC_3Layer\TMS320F280049C\device\
    5335                      .dwattr $C$DW$436, DW_AT_decl_line(0x1de)
    5336                      .dwattr $C$DW$436, DW_AT_decl_column(0x05)
    5337              
    5338              $C$DW$437       .dwtag  DW_TAG_enumerator
    5339                      .dwattr $C$DW$437, DW_AT_name("XBAR_CLB_MUX21_SD1FLT3_COMPL")
    5340                      .dwattr $C$DW$437, DW_AT_const_value(0x2a00)
    5341                      .dwattr $C$DW$437, DW_AT_decl_file("D:\15_Delta\14. ANPC Converter\ANPC_3Layer\TMS320F280049C\device\
    5342                      .dwattr $C$DW$437, DW_AT_decl_line(0x1df)
    5343                      .dwattr $C$DW$437, DW_AT_decl_column(0x05)
    5344              
    5345              $C$DW$438       .dwtag  DW_TAG_enumerator
    5346                      .dwattr $C$DW$438, DW_AT_name("XBAR_CLB_MUX21_INPUTXBAR9")
    5347                      .dwattr $C$DW$438, DW_AT_const_value(0x2a01)
    5348                      .dwattr $C$DW$438, DW_AT_decl_file("D:\15_Delta\14. ANPC Converter\ANPC_3Layer\TMS320F280049C\device\
    5349                      .dwattr $C$DW$438, DW_AT_decl_line(0x1e0)
TMS320C2000 Assembler PC v22.6.0 Mon Apr 21 09:03:30 2025

Copyright (c) 1996-2018 Texas Instruments Incorporated
hal_clb_TMS320F280049C.asm                                           PAGE  105

    5350                      .dwattr $C$DW$438, DW_AT_decl_column(0x05)
    5351              
    5352              $C$DW$439       .dwtag  DW_TAG_enumerator
    5353                      .dwattr $C$DW$439, DW_AT_name("XBAR_CLB_MUX22_SD1FLT4_COMPH")
    5354                      .dwattr $C$DW$439, DW_AT_const_value(0x2c00)
    5355                      .dwattr $C$DW$439, DW_AT_decl_file("D:\15_Delta\14. ANPC Converter\ANPC_3Layer\TMS320F280049C\device\
    5356                      .dwattr $C$DW$439, DW_AT_decl_line(0x1e1)
    5357                      .dwattr $C$DW$439, DW_AT_decl_column(0x05)
    5358              
    5359              $C$DW$440       .dwtag  DW_TAG_enumerator
    5360                      .dwattr $C$DW$440, DW_AT_name("XBAR_CLB_MUX22_SD1FLT4_COMPH_OR_COMPL")
    5361                      .dwattr $C$DW$440, DW_AT_const_value(0x2c01)
    5362                      .dwattr $C$DW$440, DW_AT_decl_file("D:\15_Delta\14. ANPC Converter\ANPC_3Layer\TMS320F280049C\device\
    5363                      .dwattr $C$DW$440, DW_AT_decl_line(0x1e2)
    5364                      .dwattr $C$DW$440, DW_AT_decl_column(0x05)
    5365              
    5366              $C$DW$441       .dwtag  DW_TAG_enumerator
    5367                      .dwattr $C$DW$441, DW_AT_name("XBAR_CLB_MUX22_SD1FLT4_COMPZ")
    5368                      .dwattr $C$DW$441, DW_AT_const_value(0x2c02)
    5369                      .dwattr $C$DW$441, DW_AT_decl_file("D:\15_Delta\14. ANPC Converter\ANPC_3Layer\TMS320F280049C\device\
    5370                      .dwattr $C$DW$441, DW_AT_decl_line(0x1e3)
    5371                      .dwattr $C$DW$441, DW_AT_decl_column(0x05)
    5372              
    5373              $C$DW$442       .dwtag  DW_TAG_enumerator
    5374                      .dwattr $C$DW$442, DW_AT_name("XBAR_CLB_MUX22_SD1FLT4_DRINT")
    5375                      .dwattr $C$DW$442, DW_AT_const_value(0x2c03)
    5376                      .dwattr $C$DW$442, DW_AT_decl_file("D:\15_Delta\14. ANPC Converter\ANPC_3Layer\TMS320F280049C\device\
    5377                      .dwattr $C$DW$442, DW_AT_decl_line(0x1e4)
    5378                      .dwattr $C$DW$442, DW_AT_decl_column(0x05)
    5379              
    5380              $C$DW$443       .dwtag  DW_TAG_enumerator
    5381                      .dwattr $C$DW$443, DW_AT_name("XBAR_CLB_MUX23_SD1FLT4_COMPL")
    5382                      .dwattr $C$DW$443, DW_AT_const_value(0x2e00)
    5383                      .dwattr $C$DW$443, DW_AT_decl_file("D:\15_Delta\14. ANPC Converter\ANPC_3Layer\TMS320F280049C\device\
    5384                      .dwattr $C$DW$443, DW_AT_decl_line(0x1e5)
    5385                      .dwattr $C$DW$443, DW_AT_decl_column(0x05)
    5386              
    5387              $C$DW$444       .dwtag  DW_TAG_enumerator
    5388                      .dwattr $C$DW$444, DW_AT_name("XBAR_CLB_MUX23_INPUTXBAR10")
    5389                      .dwattr $C$DW$444, DW_AT_const_value(0x2e01)
    5390                      .dwattr $C$DW$444, DW_AT_decl_file("D:\15_Delta\14. ANPC Converter\ANPC_3Layer\TMS320F280049C\device\
    5391                      .dwattr $C$DW$444, DW_AT_decl_line(0x1e6)
    5392                      .dwattr $C$DW$444, DW_AT_decl_column(0x05)
    5393              
    5394              $C$DW$445       .dwtag  DW_TAG_enumerator
    5395                      .dwattr $C$DW$445, DW_AT_name("XBAR_CLB_MUX25_INPUTXBAR11")
    5396                      .dwattr $C$DW$445, DW_AT_const_value(0x3201)
    5397                      .dwattr $C$DW$445, DW_AT_decl_file("D:\15_Delta\14. ANPC Converter\ANPC_3Layer\TMS320F280049C\device\
    5398                      .dwattr $C$DW$445, DW_AT_decl_line(0x1e7)
    5399                      .dwattr $C$DW$445, DW_AT_decl_column(0x05)
    5400              
    5401              $C$DW$446       .dwtag  DW_TAG_enumerator
    5402                      .dwattr $C$DW$446, DW_AT_name("XBAR_CLB_MUX27_INPUTXBAR12")
    5403                      .dwattr $C$DW$446, DW_AT_const_value(0x3601)
    5404                      .dwattr $C$DW$446, DW_AT_decl_file("D:\15_Delta\14. ANPC Converter\ANPC_3Layer\TMS320F280049C\device\
TMS320C2000 Assembler PC v22.6.0 Mon Apr 21 09:03:30 2025

Copyright (c) 1996-2018 Texas Instruments Incorporated
hal_clb_TMS320F280049C.asm                                           PAGE  106

    5405                      .dwattr $C$DW$446, DW_AT_decl_line(0x1e8)
    5406                      .dwattr $C$DW$446, DW_AT_decl_column(0x05)
    5407              
    5408              $C$DW$447       .dwtag  DW_TAG_enumerator
    5409                      .dwattr $C$DW$447, DW_AT_name("XBAR_CLB_MUX29_INPUTXBAR13")
    5410                      .dwattr $C$DW$447, DW_AT_const_value(0x3a01)
    5411                      .dwattr $C$DW$447, DW_AT_decl_file("D:\15_Delta\14. ANPC Converter\ANPC_3Layer\TMS320F280049C\device\
    5412                      .dwattr $C$DW$447, DW_AT_decl_line(0x1e9)
    5413                      .dwattr $C$DW$447, DW_AT_decl_column(0x05)
    5414              
    5415              $C$DW$448       .dwtag  DW_TAG_enumerator
    5416                      .dwattr $C$DW$448, DW_AT_name("XBAR_CLB_MUX31_INPUTXBAR14")
    5417                      .dwattr $C$DW$448, DW_AT_const_value(0x3e01)
    5418                      .dwattr $C$DW$448, DW_AT_decl_file("D:\15_Delta\14. ANPC Converter\ANPC_3Layer\TMS320F280049C\device\
    5419                      .dwattr $C$DW$448, DW_AT_decl_line(0x1ea)
    5420                      .dwattr $C$DW$448, DW_AT_decl_column(0x05)
    5421              
    5422                      .dwattr $C$DW$T$37, DW_AT_decl_file("D:\15_Delta\14. ANPC Converter\ANPC_3Layer\TMS320F280049C\device
    5423                      .dwattr $C$DW$T$37, DW_AT_decl_line(0x194)
    5424                      .dwattr $C$DW$T$37, DW_AT_decl_column(0x01)
    5425                      .dwendtag $C$DW$T$37
    5426              
    5427                      .dwendtag $C$DW$TU$37
    5428              
    5429              
    5430              $C$DW$TU$38     .dwtag  DW_TAG_type_unit
    5431                      .dwmtype  $C$DW$T$38
    5432              $C$DW$T$38      .dwtag  DW_TAG_typedef
    5433                      .dwattr $C$DW$T$38, DW_AT_name("XBAR_CLBMuxConfig")
    5434                      .dwattr $C$DW$T$38, DW_AT_type(*$C$DW$T$37)
    5435                      .dwattr $C$DW$T$38, DW_AT_decl_file("D:\15_Delta\14. ANPC Converter\ANPC_3Layer\TMS320F280049C\device
    5436                      .dwattr $C$DW$T$38, DW_AT_decl_line(0x1eb)
    5437                      .dwattr $C$DW$T$38, DW_AT_decl_column(0x03)
    5438              
    5439                      .dwendtag $C$DW$TU$38
    5440              
    5441              
    5442              $C$DW$TU$2      .dwtag  DW_TAG_type_unit
    5443                      .dwmtype  $C$DW$T$2
    5444              $C$DW$T$2       .dwtag  DW_TAG_unspecified_type
    5445                      .dwattr $C$DW$T$2, DW_AT_name("void")
    5446              
    5447                      .dwendtag $C$DW$TU$2
    5448              
    5449              
    5450              $C$DW$TU$4      .dwtag  DW_TAG_type_unit
    5451                      .dwmtype  $C$DW$T$4
    5452              $C$DW$T$4       .dwtag  DW_TAG_base_type
    5453                      .dwattr $C$DW$T$4, DW_AT_encoding(DW_ATE_boolean)
    5454                      .dwattr $C$DW$T$4, DW_AT_name("bool")
    5455                      .dwattr $C$DW$T$4, DW_AT_byte_size(0x01)
    5456              
    5457                      .dwendtag $C$DW$TU$4
    5458              
    5459              
TMS320C2000 Assembler PC v22.6.0 Mon Apr 21 09:03:30 2025

Copyright (c) 1996-2018 Texas Instruments Incorporated
hal_clb_TMS320F280049C.asm                                           PAGE  107

    5460              $C$DW$TU$5      .dwtag  DW_TAG_type_unit
    5461                      .dwmtype  $C$DW$T$5
    5462              $C$DW$T$5       .dwtag  DW_TAG_base_type
    5463                      .dwattr $C$DW$T$5, DW_AT_encoding(DW_ATE_signed_char)
    5464                      .dwattr $C$DW$T$5, DW_AT_name("signed char")
    5465                      .dwattr $C$DW$T$5, DW_AT_byte_size(0x01)
    5466              
    5467                      .dwendtag $C$DW$TU$5
    5468              
    5469              
    5470              $C$DW$TU$6      .dwtag  DW_TAG_type_unit
    5471                      .dwmtype  $C$DW$T$6
    5472              $C$DW$T$6       .dwtag  DW_TAG_base_type
    5473                      .dwattr $C$DW$T$6, DW_AT_encoding(DW_ATE_unsigned_char)
    5474                      .dwattr $C$DW$T$6, DW_AT_name("unsigned char")
    5475                      .dwattr $C$DW$T$6, DW_AT_byte_size(0x01)
    5476              
    5477                      .dwendtag $C$DW$TU$6
    5478              
    5479              
    5480              $C$DW$TU$7      .dwtag  DW_TAG_type_unit
    5481                      .dwmtype  $C$DW$T$7
    5482              $C$DW$T$7       .dwtag  DW_TAG_base_type
    5483                      .dwattr $C$DW$T$7, DW_AT_encoding(DW_ATE_signed_char)
    5484                      .dwattr $C$DW$T$7, DW_AT_name("wchar_t")
    5485                      .dwattr $C$DW$T$7, DW_AT_byte_size(0x02)
    5486              
    5487                      .dwendtag $C$DW$TU$7
    5488              
    5489              
    5490              $C$DW$TU$8      .dwtag  DW_TAG_type_unit
    5491                      .dwmtype  $C$DW$T$8
    5492              $C$DW$T$8       .dwtag  DW_TAG_base_type
    5493                      .dwattr $C$DW$T$8, DW_AT_encoding(DW_ATE_signed)
    5494                      .dwattr $C$DW$T$8, DW_AT_name("short")
    5495                      .dwattr $C$DW$T$8, DW_AT_byte_size(0x01)
    5496              
    5497                      .dwendtag $C$DW$TU$8
    5498              
    5499              
    5500              $C$DW$TU$9      .dwtag  DW_TAG_type_unit
    5501                      .dwmtype  $C$DW$T$9
    5502              $C$DW$T$9       .dwtag  DW_TAG_base_type
    5503                      .dwattr $C$DW$T$9, DW_AT_encoding(DW_ATE_unsigned)
    5504                      .dwattr $C$DW$T$9, DW_AT_name("unsigned short")
    5505                      .dwattr $C$DW$T$9, DW_AT_byte_size(0x01)
    5506              
    5507                      .dwendtag $C$DW$TU$9
    5508              
    5509              
    5510              $C$DW$TU$10     .dwtag  DW_TAG_type_unit
    5511                      .dwmtype  $C$DW$T$10
    5512              $C$DW$T$10      .dwtag  DW_TAG_base_type
    5513                      .dwattr $C$DW$T$10, DW_AT_encoding(DW_ATE_signed)
    5514                      .dwattr $C$DW$T$10, DW_AT_name("int")
TMS320C2000 Assembler PC v22.6.0 Mon Apr 21 09:03:30 2025

Copyright (c) 1996-2018 Texas Instruments Incorporated
hal_clb_TMS320F280049C.asm                                           PAGE  108

    5515                      .dwattr $C$DW$T$10, DW_AT_byte_size(0x01)
    5516              
    5517                      .dwendtag $C$DW$TU$10
    5518              
    5519              
    5520              $C$DW$TU$11     .dwtag  DW_TAG_type_unit
    5521                      .dwmtype  $C$DW$T$11
    5522              $C$DW$T$11      .dwtag  DW_TAG_base_type
    5523                      .dwattr $C$DW$T$11, DW_AT_encoding(DW_ATE_unsigned)
    5524                      .dwattr $C$DW$T$11, DW_AT_name("unsigned int")
    5525                      .dwattr $C$DW$T$11, DW_AT_byte_size(0x01)
    5526              
    5527                      .dwendtag $C$DW$TU$11
    5528              
    5529              
    5530              $C$DW$TU$57     .dwtag  DW_TAG_type_unit
    5531                      .dwmtype  $C$DW$T$57
    5532              $C$DW$T$57      .dwtag  DW_TAG_typedef
    5533                      .dwattr $C$DW$T$57, DW_AT_name("__uint16_t")
    5534                      .dwattr $C$DW$T$57, DW_AT_type(*$C$DW$T$11)
    5535                      .dwattr $C$DW$T$57, DW_AT_decl_file("C:/ti/ccs1210/ccs/tools/compiler/ti-cgt-c2000_22.6.0.LTS/include
    5536                      .dwattr $C$DW$T$57, DW_AT_decl_line(0x41)
    5537                      .dwattr $C$DW$T$57, DW_AT_decl_column(0x1c)
    5538              
    5539                      .dwendtag $C$DW$TU$57
    5540              
    5541              
    5542              $C$DW$TU$58     .dwtag  DW_TAG_type_unit
    5543                      .dwmtype  $C$DW$T$58
    5544              $C$DW$T$58      .dwtag  DW_TAG_typedef
    5545                      .dwattr $C$DW$T$58, DW_AT_name("uint16_t")
    5546                      .dwattr $C$DW$T$58, DW_AT_type(*$C$DW$T$57)
    5547                      .dwattr $C$DW$T$58, DW_AT_decl_file("C:/ti/ccs1210/ccs/tools/compiler/ti-cgt-c2000_22.6.0.LTS/include
    5548                      .dwattr $C$DW$T$58, DW_AT_decl_line(0x41)
    5549                      .dwattr $C$DW$T$58, DW_AT_decl_column(0x15)
    5550              
    5551                      .dwendtag $C$DW$TU$58
    5552              
    5553              
    5554              $C$DW$TU$71     .dwtag  DW_TAG_type_unit
    5555                      .dwmtype  $C$DW$T$71
    5556              
    5557              $C$DW$T$71      .dwtag  DW_TAG_array_type
    5558                      .dwattr $C$DW$T$71, DW_AT_type(*$C$DW$T$58)
    5559                      .dwattr $C$DW$T$71, DW_AT_byte_size(0x20)
    5560              $C$DW$449       .dwtag  DW_TAG_subrange_type
    5561                      .dwattr $C$DW$449, DW_AT_upper_bound(0x1f)
    5562              
    5563                      .dwendtag $C$DW$T$71
    5564              
    5565                      .dwendtag $C$DW$TU$71
    5566              
    5567              
    5568              $C$DW$TU$12     .dwtag  DW_TAG_type_unit
    5569                      .dwmtype  $C$DW$T$12
TMS320C2000 Assembler PC v22.6.0 Mon Apr 21 09:03:30 2025

Copyright (c) 1996-2018 Texas Instruments Incorporated
hal_clb_TMS320F280049C.asm                                           PAGE  109

    5570              $C$DW$T$12      .dwtag  DW_TAG_base_type
    5571                      .dwattr $C$DW$T$12, DW_AT_encoding(DW_ATE_signed)
    5572                      .dwattr $C$DW$T$12, DW_AT_name("long")
    5573                      .dwattr $C$DW$T$12, DW_AT_byte_size(0x02)
    5574              
    5575                      .dwendtag $C$DW$TU$12
    5576              
    5577              
    5578              $C$DW$TU$13     .dwtag  DW_TAG_type_unit
    5579                      .dwmtype  $C$DW$T$13
    5580              $C$DW$T$13      .dwtag  DW_TAG_base_type
    5581                      .dwattr $C$DW$T$13, DW_AT_encoding(DW_ATE_unsigned)
    5582                      .dwattr $C$DW$T$13, DW_AT_name("unsigned long")
    5583                      .dwattr $C$DW$T$13, DW_AT_byte_size(0x02)
    5584              
    5585                      .dwendtag $C$DW$TU$13
    5586              
    5587              
    5588              $C$DW$TU$40     .dwtag  DW_TAG_type_unit
    5589                      .dwmtype  $C$DW$T$40
    5590              $C$DW$T$40      .dwtag  DW_TAG_typedef
    5591                      .dwattr $C$DW$T$40, DW_AT_name("__uint32_t")
    5592                      .dwattr $C$DW$T$40, DW_AT_type(*$C$DW$T$13)
    5593                      .dwattr $C$DW$T$40, DW_AT_decl_file("C:/ti/ccs1210/ccs/tools/compiler/ti-cgt-c2000_22.6.0.LTS/include
    5594                      .dwattr $C$DW$T$40, DW_AT_decl_line(0x43)
    5595                      .dwattr $C$DW$T$40, DW_AT_decl_column(0x1c)
    5596              
    5597                      .dwendtag $C$DW$TU$40
    5598              
    5599              
    5600              $C$DW$TU$41     .dwtag  DW_TAG_type_unit
    5601                      .dwmtype  $C$DW$T$41
    5602              $C$DW$T$41      .dwtag  DW_TAG_typedef
    5603                      .dwattr $C$DW$T$41, DW_AT_name("uint32_t")
    5604                      .dwattr $C$DW$T$41, DW_AT_type(*$C$DW$T$40)
    5605                      .dwattr $C$DW$T$41, DW_AT_decl_file("C:/ti/ccs1210/ccs/tools/compiler/ti-cgt-c2000_22.6.0.LTS/include
    5606                      .dwattr $C$DW$T$41, DW_AT_decl_line(0x46)
    5607                      .dwattr $C$DW$T$41, DW_AT_decl_column(0x15)
    5608              
    5609                      .dwendtag $C$DW$TU$41
    5610              
    5611              
    5612              $C$DW$TU$75     .dwtag  DW_TAG_type_unit
    5613                      .dwmtype  $C$DW$T$75
    5614              $C$DW$450       .dwtag  DW_TAG_TI_far_type
    5615                      .dwattr $C$DW$450, DW_AT_type(*$C$DW$T$41)
    5616              
    5617              $C$DW$T$75      .dwtag  DW_TAG_const_type
    5618                      .dwattr $C$DW$T$75, DW_AT_type(*$C$DW$450)
    5619              
    5620                      .dwendtag $C$DW$TU$75
    5621              
    5622              
    5623              $C$DW$TU$14     .dwtag  DW_TAG_type_unit
    5624                      .dwmtype  $C$DW$T$14
TMS320C2000 Assembler PC v22.6.0 Mon Apr 21 09:03:30 2025

Copyright (c) 1996-2018 Texas Instruments Incorporated
hal_clb_TMS320F280049C.asm                                           PAGE  110

    5625              $C$DW$T$14      .dwtag  DW_TAG_base_type
    5626                      .dwattr $C$DW$T$14, DW_AT_encoding(DW_ATE_signed)
    5627                      .dwattr $C$DW$T$14, DW_AT_name("long long")
    5628                      .dwattr $C$DW$T$14, DW_AT_byte_size(0x04)
    5629              
    5630                      .dwendtag $C$DW$TU$14
    5631              
    5632              
    5633              $C$DW$TU$15     .dwtag  DW_TAG_type_unit
    5634                      .dwmtype  $C$DW$T$15
    5635              $C$DW$T$15      .dwtag  DW_TAG_base_type
    5636                      .dwattr $C$DW$T$15, DW_AT_encoding(DW_ATE_unsigned)
    5637                      .dwattr $C$DW$T$15, DW_AT_name("unsigned long long")
    5638                      .dwattr $C$DW$T$15, DW_AT_byte_size(0x04)
    5639              
    5640                      .dwendtag $C$DW$TU$15
    5641              
    5642              
    5643              $C$DW$TU$16     .dwtag  DW_TAG_type_unit
    5644                      .dwmtype  $C$DW$T$16
    5645              $C$DW$T$16      .dwtag  DW_TAG_base_type
    5646                      .dwattr $C$DW$T$16, DW_AT_encoding(DW_ATE_float)
    5647                      .dwattr $C$DW$T$16, DW_AT_name("float")
    5648                      .dwattr $C$DW$T$16, DW_AT_byte_size(0x02)
    5649              
    5650                      .dwendtag $C$DW$TU$16
    5651              
    5652              
    5653              $C$DW$TU$78     .dwtag  DW_TAG_type_unit
    5654                      .dwmtype  $C$DW$T$78
    5655              $C$DW$451       .dwtag  DW_TAG_TI_far_type
    5656                      .dwattr $C$DW$451, DW_AT_type(*$C$DW$T$16)
    5657              
    5658              $C$DW$T$78      .dwtag  DW_TAG_const_type
    5659                      .dwattr $C$DW$T$78, DW_AT_type(*$C$DW$451)
    5660              
    5661                      .dwendtag $C$DW$TU$78
    5662              
    5663              
    5664              $C$DW$TU$17     .dwtag  DW_TAG_type_unit
    5665                      .dwmtype  $C$DW$T$17
    5666              $C$DW$T$17      .dwtag  DW_TAG_base_type
    5667                      .dwattr $C$DW$T$17, DW_AT_encoding(DW_ATE_float)
    5668                      .dwattr $C$DW$T$17, DW_AT_name("double")
    5669                      .dwattr $C$DW$T$17, DW_AT_byte_size(0x04)
    5670              
    5671                      .dwendtag $C$DW$TU$17
    5672              
    5673              
    5674              $C$DW$TU$79     .dwtag  DW_TAG_type_unit
    5675                      .dwmtype  $C$DW$T$79
    5676              $C$DW$T$79      .dwtag  DW_TAG_pointer_type
    5677                      .dwattr $C$DW$T$79, DW_AT_type(*$C$DW$T$17)
    5678                      .dwattr $C$DW$T$79, DW_AT_address_class(0x20)
    5679              
TMS320C2000 Assembler PC v22.6.0 Mon Apr 21 09:03:30 2025

Copyright (c) 1996-2018 Texas Instruments Incorporated
hal_clb_TMS320F280049C.asm                                           PAGE  111

    5680                      .dwendtag $C$DW$TU$79
    5681              
    5682              
    5683              $C$DW$TU$80     .dwtag  DW_TAG_type_unit
    5684                      .dwmtype  $C$DW$T$80
    5685              $C$DW$452       .dwtag  DW_TAG_TI_far_type
    5686                      .dwattr $C$DW$452, DW_AT_type(*$C$DW$T$79)
    5687              
    5688              $C$DW$T$80      .dwtag  DW_TAG_const_type
    5689                      .dwattr $C$DW$T$80, DW_AT_type(*$C$DW$452)
    5690              
    5691                      .dwendtag $C$DW$TU$80
    5692              
    5693              
    5694              $C$DW$TU$18     .dwtag  DW_TAG_type_unit
    5695                      .dwmtype  $C$DW$T$18
    5696              $C$DW$T$18      .dwtag  DW_TAG_base_type
    5697                      .dwattr $C$DW$T$18, DW_AT_encoding(DW_ATE_float)
    5698                      .dwattr $C$DW$T$18, DW_AT_name("long double")
    5699                      .dwattr $C$DW$T$18, DW_AT_byte_size(0x04)
    5700              
    5701                      .dwendtag $C$DW$TU$18
    5702              
    5703              
    5704              $C$DW$TU$81     .dwtag  DW_TAG_type_unit
    5705                      .dwmtype  $C$DW$T$81
    5706              $C$DW$T$81      .dwtag  DW_TAG_pointer_type
    5707                      .dwattr $C$DW$T$81, DW_AT_type(*$C$DW$T$18)
    5708                      .dwattr $C$DW$T$81, DW_AT_address_class(0x20)
    5709              
    5710                      .dwendtag $C$DW$TU$81
    5711              
    5712              
    5713              $C$DW$TU$82     .dwtag  DW_TAG_type_unit
    5714                      .dwmtype  $C$DW$T$82
    5715              $C$DW$453       .dwtag  DW_TAG_TI_far_type
    5716                      .dwattr $C$DW$453, DW_AT_type(*$C$DW$T$81)
    5717              
    5718              $C$DW$T$82      .dwtag  DW_TAG_const_type
    5719                      .dwattr $C$DW$T$82, DW_AT_type(*$C$DW$453)
    5720              
    5721                      .dwendtag $C$DW$TU$82
    5722              
    5723              
    5724              $C$DW$TU$49     .dwtag  DW_TAG_type_unit
    5725                      .dwmtype  $C$DW$T$49
    5726              $C$DW$T$49      .dwtag  DW_TAG_base_type
    5727                      .dwattr $C$DW$T$49, DW_AT_encoding(DW_ATE_unsigned_char)
    5728                      .dwattr $C$DW$T$49, DW_AT_name("unsigned char")
    5729                      .dwattr $C$DW$T$49, DW_AT_byte_size(0x01)
    5730              
    5731                      .dwendtag $C$DW$TU$49
    5732              

No Assembly Errors, No Assembly Warnings
