TMS320C2000 Assembler PC v22.6.2 Tue Nov 18 13:15:21 2025

Copyright (c) 1996-2018 Texas Instruments Incorporated
hal_uart_TMS320F280049C.asm                                          PAGE    1

       1              ;***************************************************************
       2              ;* TMS320C2000 G3 C/C++ Codegen                               PC v22.6.2.LTS *
       3              ;* Date/Time created: Tue Nov 18 13:15:21 2025                 *
       4              ;***************************************************************
       5                      .compiler_opts --abi=eabi --cla_support=cla2 --diag_wrap=off --float_support=fpu32 --hll_source=on --
       6                      .asg    XAR2, FP
       7              
       8              $C$DW$CU        .dwtag  DW_TAG_compile_unit
       9                      .dwattr $C$DW$CU, DW_AT_name("../hal/hal_uart_TMS320F280049C.c")
      10                      .dwattr $C$DW$CU, DW_AT_producer("TI TMS320C2000 G3 C/C++ Codegen PC v22.6.2.LTS Copyright (c) 1996-2
      11                      .dwattr $C$DW$CU, DW_AT_TI_version(0x01)
      12                      .dwattr $C$DW$CU, DW_AT_comp_dir("C:\SIMPLIS simulation\ANPC Final Version\anpc-3layer\TMS320F280049C
      13              
      14              $C$DW$1 .dwtag  DW_TAG_subprogram
      15                      .dwattr $C$DW$1, DW_AT_name("SCI_clearInterruptStatus")
      16                      .dwattr $C$DW$1, DW_AT_linkage_name("SCI_clearInterruptStatus")
      17                      .dwattr $C$DW$1, DW_AT_declaration
      18                      .dwattr $C$DW$1, DW_AT_external
      19                      .dwattr $C$DW$1, DW_AT_decl_file("C:/SIMPLIS simulation/ANPC Final Version/anpc-3layer/TMS320F280049C
      20                      .dwattr $C$DW$1, DW_AT_decl_line(0x63a)
      21                      .dwattr $C$DW$1, DW_AT_decl_column(0x01)
      22              $C$DW$2 .dwtag  DW_TAG_formal_parameter
      23                      .dwattr $C$DW$2, DW_AT_type(*$C$DW$T$26)
      24              
      25              $C$DW$3 .dwtag  DW_TAG_formal_parameter
      26                      .dwattr $C$DW$3, DW_AT_type(*$C$DW$T$26)
      27              
      28                      .dwendtag $C$DW$1
      29              
      30              
      31              $C$DW$4 .dwtag  DW_TAG_subprogram
      32                      .dwattr $C$DW$4, DW_AT_name("SCI_setConfig")
      33                      .dwattr $C$DW$4, DW_AT_linkage_name("SCI_setConfig")
      34                      .dwattr $C$DW$4, DW_AT_declaration
      35                      .dwattr $C$DW$4, DW_AT_external
      36                      .dwattr $C$DW$4, DW_AT_decl_file("C:/SIMPLIS simulation/ANPC Final Version/anpc-3layer/TMS320F280049C
      37                      .dwattr $C$DW$4, DW_AT_decl_line(0x5ba)
      38                      .dwattr $C$DW$4, DW_AT_decl_column(0x01)
      39              $C$DW$5 .dwtag  DW_TAG_formal_parameter
      40                      .dwattr $C$DW$5, DW_AT_type(*$C$DW$T$26)
      41              
      42              $C$DW$6 .dwtag  DW_TAG_formal_parameter
      43                      .dwattr $C$DW$6, DW_AT_type(*$C$DW$T$26)
      44              
      45              $C$DW$7 .dwtag  DW_TAG_formal_parameter
      46                      .dwattr $C$DW$7, DW_AT_type(*$C$DW$T$26)
      47              
      48              $C$DW$8 .dwtag  DW_TAG_formal_parameter
      49                      .dwattr $C$DW$8, DW_AT_type(*$C$DW$T$26)
      50              
      51                      .dwendtag $C$DW$4
      52              
      53              
      54              $C$DW$9 .dwtag  DW_TAG_subprogram
      55                      .dwattr $C$DW$9, DW_AT_name("GPIO_setPinConfig")
TMS320C2000 Assembler PC v22.6.2 Tue Nov 18 13:15:21 2025

Copyright (c) 1996-2018 Texas Instruments Incorporated
hal_uart_TMS320F280049C.asm                                          PAGE    2

      56                      .dwattr $C$DW$9, DW_AT_linkage_name("GPIO_setPinConfig")
      57                      .dwattr $C$DW$9, DW_AT_declaration
      58                      .dwattr $C$DW$9, DW_AT_external
      59                      .dwattr $C$DW$9, DW_AT_decl_file("C:/SIMPLIS simulation/ANPC Final Version/anpc-3layer/TMS320F280049C
      60                      .dwattr $C$DW$9, DW_AT_decl_line(0x3fe)
      61                      .dwattr $C$DW$9, DW_AT_decl_column(0x01)
      62              $C$DW$10        .dwtag  DW_TAG_formal_parameter
      63                      .dwattr $C$DW$10, DW_AT_type(*$C$DW$T$26)
      64              
      65                      .dwendtag $C$DW$9
      66              
      67              
      68              $C$DW$11        .dwtag  DW_TAG_subprogram
      69                      .dwattr $C$DW$11, DW_AT_name("GPIO_setPadConfig")
      70                      .dwattr $C$DW$11, DW_AT_linkage_name("GPIO_setPadConfig")
      71                      .dwattr $C$DW$11, DW_AT_declaration
      72                      .dwattr $C$DW$11, DW_AT_external
      73                      .dwattr $C$DW$11, DW_AT_decl_file("C:/SIMPLIS simulation/ANPC Final Version/anpc-3layer/TMS320F280049
      74                      .dwattr $C$DW$11, DW_AT_decl_line(0x368)
      75                      .dwattr $C$DW$11, DW_AT_decl_column(0x01)
      76              $C$DW$12        .dwtag  DW_TAG_formal_parameter
      77                      .dwattr $C$DW$12, DW_AT_type(*$C$DW$T$26)
      78              
      79              $C$DW$13        .dwtag  DW_TAG_formal_parameter
      80                      .dwattr $C$DW$13, DW_AT_type(*$C$DW$T$26)
      81              
      82                      .dwendtag $C$DW$11
      83              
      84              
      85              $C$DW$14        .dwtag  DW_TAG_subprogram
      86                      .dwattr $C$DW$14, DW_AT_name("GPIO_setQualificationMode")
      87                      .dwattr $C$DW$14, DW_AT_linkage_name("GPIO_setQualificationMode")
      88                      .dwattr $C$DW$14, DW_AT_declaration
      89                      .dwattr $C$DW$14, DW_AT_external
      90                      .dwattr $C$DW$14, DW_AT_decl_file("C:/SIMPLIS simulation/ANPC Final Version/anpc-3layer/TMS320F280049
      91                      .dwattr $C$DW$14, DW_AT_decl_line(0x38f)
      92                      .dwattr $C$DW$14, DW_AT_decl_column(0x01)
      93              $C$DW$15        .dwtag  DW_TAG_formal_parameter
      94                      .dwattr $C$DW$15, DW_AT_type(*$C$DW$T$26)
      95              
      96              $C$DW$16        .dwtag  DW_TAG_formal_parameter
      97                      .dwattr $C$DW$16, DW_AT_type(*$C$DW$T$20)
      98              
      99                      .dwendtag $C$DW$14
     100              
     101              ;       C:\ti\ccs2030\ccs\tools\compiler\ti-cgt-c2000_22.6.2.LTS\bin\opt2000.exe C:\\Users\\justs\\AppData\\L
     102              ;       C:\ti\ccs2030\ccs\tools\compiler\ti-cgt-c2000_22.6.2.LTS\bin\acia2000.exe -@C:\\Users\\justs\\AppData
     103 00000000               .sect   ".text"
     104                      .clink
     105                      .global ||uart_hal_SetupGPIO||
     106              
     107              $C$DW$17        .dwtag  DW_TAG_subprogram
     108                      .dwattr $C$DW$17, DW_AT_name("uart_hal_SetupGPIO")
     109                      .dwattr $C$DW$17, DW_AT_low_pc(||uart_hal_SetupGPIO||)
     110                      .dwattr $C$DW$17, DW_AT_high_pc(0x00)
TMS320C2000 Assembler PC v22.6.2 Tue Nov 18 13:15:21 2025

Copyright (c) 1996-2018 Texas Instruments Incorporated
hal_uart_TMS320F280049C.asm                                          PAGE    3

     111                      .dwattr $C$DW$17, DW_AT_linkage_name("uart_hal_SetupGPIO")
     112                      .dwattr $C$DW$17, DW_AT_external
     113                      .dwattr $C$DW$17, DW_AT_decl_file("../hal/hal_uart_TMS320F280049C.c")
     114                      .dwattr $C$DW$17, DW_AT_decl_line(0x29)
     115                      .dwattr $C$DW$17, DW_AT_decl_column(0x06)
     116                      .dwattr $C$DW$17, DW_AT_TI_max_frame_size(-4)
     117                      .dwpsn  file "../hal/hal_uart_TMS320F280049C.c",line 42,column 1,is_stmt,address ||uart_hal_SetupGPIO
     118              
     119                      .dwfde $C$DW$CIE, ||uart_hal_SetupGPIO||
     120              
     121              ;***************************************************************
     122              ;* FNAME: uart_hal_SetupGPIO            FR SIZE:   2           *
     123              ;*                                                             *
     124              ;* FUNCTION ENVIRONMENT                                        *
     125              ;*                                                             *
     126              ;* FUNCTION PROPERTIES                                         *
     127              ;*                            2 Parameter,  0 Auto,  0 SOE     *
     128              ;***************************************************************
     129              
     130 00000000       ||uart_hal_SetupGPIO||:
     131                      .dwcfi  cfa_offset, -2
     132                      .dwcfi  save_reg_to_mem, 26, 0
     133 00000000 FE02          ADDB      SP,#2                 ; [CPU_ARAU] 
     134                      .dwcfi  cfa_offset, -4
     135                      .dwpsn  file "../hal/hal_uart_TMS320F280049C.c",line 44,column 5,is_stmt,isa 0
     136 00000001 8F08          MOVL      XAR4,#524806          ; [CPU_ARAU] |44| 
         00000002 0206 
     137 00000003 A8A9          MOVL      ACC,XAR4              ; [CPU_ALU] |44| 
     138              $C$DW$18        .dwtag  DW_TAG_TI_branch
     139                      .dwattr $C$DW$18, DW_AT_low_pc(0x00)
     140                      .dwattr $C$DW$18, DW_AT_name("GPIO_setPinConfig")
     141                      .dwattr $C$DW$18, DW_AT_TI_call
     142              
     143 00000004 7640!         LCR       #||GPIO_setPinConfig|| ; [CPU_ALU] |44| 
         00000005 0000 
     144                      ; call occurs [#||GPIO_setPinConfig||] ; [] |44| 
     145                      .dwpsn  file "../hal/hal_uart_TMS320F280049C.c",line 45,column 5,is_stmt,isa 0
     146 00000006 0201          MOVB      ACC,#1                ; [CPU_ALU] |45| 
     147 00000007 1E42          MOVL      *-SP[2],ACC           ; [CPU_ALU] |45| 
     148 00000008 0211          MOVB      ACC,#17               ; [CPU_ALU] |45| 
     149              $C$DW$19        .dwtag  DW_TAG_TI_branch
     150                      .dwattr $C$DW$19, DW_AT_low_pc(0x00)
     151                      .dwattr $C$DW$19, DW_AT_name("GPIO_setPadConfig")
     152                      .dwattr $C$DW$19, DW_AT_TI_call
     153              
     154 00000009 7640!         LCR       #||GPIO_setPadConfig|| ; [CPU_ALU] |45| 
         0000000a 0000 
     155                      ; call occurs [#||GPIO_setPadConfig||] ; [] |45| 
     156                      .dwpsn  file "../hal/hal_uart_TMS320F280049C.c",line 46,column 5,is_stmt,isa 0
     157 0000000b D403          MOVB      XAR4,#3               ; [CPU_ALU] |46| 
     158 0000000c 0211          MOVB      ACC,#17               ; [CPU_ALU] |46| 
     159              $C$DW$20        .dwtag  DW_TAG_TI_branch
     160                      .dwattr $C$DW$20, DW_AT_low_pc(0x00)
     161                      .dwattr $C$DW$20, DW_AT_name("GPIO_setQualificationMode")
     162                      .dwattr $C$DW$20, DW_AT_TI_call
TMS320C2000 Assembler PC v22.6.2 Tue Nov 18 13:15:21 2025

Copyright (c) 1996-2018 Texas Instruments Incorporated
hal_uart_TMS320F280049C.asm                                          PAGE    4

     163              
     164 0000000d 7640!         LCR       #||GPIO_setQualificationMode|| ; [CPU_ALU] |46| 
         0000000e 0000 
     165                      ; call occurs [#||GPIO_setQualificationMode||] ; [] |46| 
     166                      .dwpsn  file "../hal/hal_uart_TMS320F280049C.c",line 48,column 5,is_stmt,isa 0
     167 0000000f 8F08          MOVL      XAR4,#524294          ; [CPU_ARAU] |48| 
         00000010 0006 
     168 00000011 A8A9          MOVL      ACC,XAR4              ; [CPU_ALU] |48| 
     169              $C$DW$21        .dwtag  DW_TAG_TI_branch
     170                      .dwattr $C$DW$21, DW_AT_low_pc(0x00)
     171                      .dwattr $C$DW$21, DW_AT_name("GPIO_setPinConfig")
     172                      .dwattr $C$DW$21, DW_AT_TI_call
     173              
     174 00000012 7640!         LCR       #||GPIO_setPinConfig|| ; [CPU_ALU] |48| 
         00000013 0000 
     175                      ; call occurs [#||GPIO_setPinConfig||] ; [] |48| 
     176                      .dwpsn  file "../hal/hal_uart_TMS320F280049C.c",line 49,column 5,is_stmt,isa 0
     177 00000014 0201          MOVB      ACC,#1                ; [CPU_ALU] |49| 
     178 00000015 1E42          MOVL      *-SP[2],ACC           ; [CPU_ALU] |49| 
     179 00000016 0210          MOVB      ACC,#16               ; [CPU_ALU] |49| 
     180              $C$DW$22        .dwtag  DW_TAG_TI_branch
     181                      .dwattr $C$DW$22, DW_AT_low_pc(0x00)
     182                      .dwattr $C$DW$22, DW_AT_name("GPIO_setPadConfig")
     183                      .dwattr $C$DW$22, DW_AT_TI_call
     184              
     185 00000017 7640!         LCR       #||GPIO_setPadConfig|| ; [CPU_ALU] |49| 
         00000018 0000 
     186                      ; call occurs [#||GPIO_setPadConfig||] ; [] |49| 
     187                      .dwpsn  file "../hal/hal_uart_TMS320F280049C.c",line 50,column 5,is_stmt,isa 0
     188 00000019 D403          MOVB      XAR4,#3               ; [CPU_ALU] |50| 
     189 0000001a 0210          MOVB      ACC,#16               ; [CPU_ALU] |50| 
     190              $C$DW$23        .dwtag  DW_TAG_TI_branch
     191                      .dwattr $C$DW$23, DW_AT_low_pc(0x00)
     192                      .dwattr $C$DW$23, DW_AT_name("GPIO_setQualificationMode")
     193                      .dwattr $C$DW$23, DW_AT_TI_call
     194              
     195 0000001b 7640!         LCR       #||GPIO_setQualificationMode|| ; [CPU_ALU] |50| 
         0000001c 0000 
     196                      ; call occurs [#||GPIO_setQualificationMode||] ; [] |50| 
     197 0000001d FE82          SUBB      SP,#2                 ; [CPU_ARAU] 
     198                      .dwcfi  cfa_offset, -2
     199              $C$DW$24        .dwtag  DW_TAG_TI_branch
     200                      .dwattr $C$DW$24, DW_AT_low_pc(0x00)
     201                      .dwattr $C$DW$24, DW_AT_TI_return
     202              
     203 0000001e 0006          LRETR     ; [CPU_ALU] 
     204                      ; return occurs ; [] 
     205                      .dwattr $C$DW$17, DW_AT_TI_end_file("../hal/hal_uart_TMS320F280049C.c")
     206                      .dwattr $C$DW$17, DW_AT_TI_end_line(0x33)
     207                      .dwattr $C$DW$17, DW_AT_TI_end_column(0x01)
     208                      .dwendentry
     209                      .dwendtag $C$DW$17
     210              
     211 0000001f               .sect   ".text"
     212                      .clink
TMS320C2000 Assembler PC v22.6.2 Tue Nov 18 13:15:21 2025

Copyright (c) 1996-2018 Texas Instruments Incorporated
hal_uart_TMS320F280049C.asm                                          PAGE    5

     213                      .global ||uart_hal_Setup||
     214              
     215              $C$DW$25        .dwtag  DW_TAG_subprogram
     216                      .dwattr $C$DW$25, DW_AT_name("uart_hal_Setup")
     217                      .dwattr $C$DW$25, DW_AT_low_pc(||uart_hal_Setup||)
     218                      .dwattr $C$DW$25, DW_AT_high_pc(0x00)
     219                      .dwattr $C$DW$25, DW_AT_linkage_name("uart_hal_Setup")
     220                      .dwattr $C$DW$25, DW_AT_external
     221                      .dwattr $C$DW$25, DW_AT_decl_file("../hal/hal_uart_TMS320F280049C.c")
     222                      .dwattr $C$DW$25, DW_AT_decl_line(0x14)
     223                      .dwattr $C$DW$25, DW_AT_decl_column(0x06)
     224                      .dwattr $C$DW$25, DW_AT_TI_max_frame_size(-8)
     225                      .dwpsn  file "../hal/hal_uart_TMS320F280049C.c",line 21,column 1,is_stmt,address ||uart_hal_Setup||,i
     226              
     227                      .dwfde $C$DW$CIE, ||uart_hal_Setup||
     228              
     229              ;***************************************************************
     230              ;* FNAME: uart_hal_Setup                FR SIZE:   6           *
     231              ;*                                                             *
     232              ;* FUNCTION ENVIRONMENT                                        *
     233              ;*                                                             *
     234              ;* FUNCTION PROPERTIES                                         *
     235              ;*                            6 Parameter,  0 Auto,  0 SOE     *
     236              ;***************************************************************
     237              
     238 0000001f       ||uart_hal_Setup||:
     239                      .dwcfi  cfa_offset, -2
     240                      .dwcfi  save_reg_to_mem, 26, 0
     241 0000001f FE06          ADDB      SP,#6                 ; [CPU_ARAU] 
     242                      .dwcfi  cfa_offset, -8
     243                      .dwpsn  file "../hal/hal_uart_TMS320F280049C.c",line 23,column 5,is_stmt,isa 0
     244 00000020 02FF          MOVB      ACC,#255              ; [CPU_ALU] |23| 
     245 00000021 1E42          MOVL      *-SP[2],ACC           ; [CPU_ALU] |23| 
     246 00000022 FF20          MOV       ACC,#29184            ; [CPU_ALU] |23| 
         00000023 7200 
     247              $C$DW$26        .dwtag  DW_TAG_TI_branch
     248                      .dwattr $C$DW$26, DW_AT_low_pc(0x00)
     249                      .dwattr $C$DW$26, DW_AT_name("SCI_clearInterruptStatus")
     250                      .dwattr $C$DW$26, DW_AT_TI_call
     251              
     252 00000024 7640!         LCR       #||SCI_clearInterruptStatus|| ; [CPU_ALU] |23| 
         00000025 0000 
     253                      ; call occurs [#||SCI_clearInterruptStatus||] ; [] |23| 
     254                      .dwpsn  file "C:/SIMPLIS simulation/ANPC Final Version/anpc-3layer/TMS320F280049C/device/driverlib/sc
     255 00000026 F5A9          MOV       AL,*(0:0x720b)        ; [CPU_ALU] |1421| 
         00000027 720B 
     256 00000028 1AA9          OR        AL,#0x4000            ; [CPU_ALU] |1421| 
         00000029 4000 
     257 0000002a F4A9          MOV       *(0:0x720b),AL        ; [CPU_ALU] |1421| 
         0000002b 720B 
     258                      .dwpsn  file "C:/SIMPLIS simulation/ANPC Final Version/anpc-3layer/TMS320F280049C/device/driverlib/sc
     259 0000002c F5A9          MOV       AL,*(0:0x720a)        ; [CPU_ALU] |840| 
         0000002d 720A 
     260 0000002e 18A9          AND       AL,#0xdfff            ; [CPU_ALU] |840| 
         0000002f DFFF 
TMS320C2000 Assembler PC v22.6.2 Tue Nov 18 13:15:21 2025

Copyright (c) 1996-2018 Texas Instruments Incorporated
hal_uart_TMS320F280049C.asm                                          PAGE    6

     261 00000030 F4A9          MOV       *(0:0x720a),AL        ; [CPU_ALU] |840| 
         00000031 720A 
     262                      .dwpsn  file "C:/SIMPLIS simulation/ANPC Final Version/anpc-3layer/TMS320F280049C/device/driverlib/sc
     263 00000032 F5A9          MOV       AL,*(0:0x720a)        ; [CPU_ALU] |841| 
         00000033 720A 
     264 00000034 1AA9          OR        AL,#0x2000            ; [CPU_ALU] |841| 
         00000035 2000 
     265 00000036 F4A9          MOV       *(0:0x720a),AL        ; [CPU_ALU] |841| 
         00000037 720A 
     266                      .dwpsn  file "C:/SIMPLIS simulation/ANPC Final Version/anpc-3layer/TMS320F280049C/device/driverlib/sc
     267 00000038 F5A9          MOV       AL,*(0:0x720b)        ; [CPU_ALU] |814| 
         00000039 720B 
     268 0000003a 18A9          AND       AL,#0xdfff            ; [CPU_ALU] |814| 
         0000003b DFFF 
     269 0000003c F4A9          MOV       *(0:0x720b),AL        ; [CPU_ALU] |814| 
         0000003d 720B 
     270                      .dwpsn  file "C:/SIMPLIS simulation/ANPC Final Version/anpc-3layer/TMS320F280049C/device/driverlib/sc
     271 0000003e F5A9          MOV       AL,*(0:0x720b)        ; [CPU_ALU] |815| 
         0000003f 720B 
     272 00000040 1AA9          OR        AL,#0x2000            ; [CPU_ALU] |815| 
         00000041 2000 
     273 00000042 F4A9          MOV       *(0:0x720b),AL        ; [CPU_ALU] |815| 
         00000043 720B 
     274                      .dwpsn  file "C:/SIMPLIS simulation/ANPC Final Version/anpc-3layer/TMS320F280049C/device/driverlib/sc
     275 00000044 F5A6          MOV       AR6,*(0:0x720a)       ; [CPU_ALU] |866| 
         00000045 720A 
     276 00000046 18A6          AND       AR6,#0x7fff           ; [CPU_ALU] |866| 
         00000047 7FFF 
     277                      .dwpsn  file "../hal/hal_uart_TMS320F280049C.c",line 31,column 5,is_stmt,isa 0
     278 00000048 28A8          MOV       AH,#381               ; [CPU_ALU] |31| 
         00000049 017D 
     279 0000004a 28A9          MOV       AL,#30784             ; [CPU_ALU] |31| 
         0000004b 7840 
     280                      .dwpsn  file "C:/SIMPLIS simulation/ANPC Final Version/anpc-3layer/TMS320F280049C/device/driverlib/sc
     281 0000004c F4A6          MOV       *(0:0x720a),AR6       ; [CPU_ALU] |866| 
         0000004d 720A 
     282                      .dwpsn  file "C:/SIMPLIS simulation/ANPC Final Version/anpc-3layer/TMS320F280049C/device/driverlib/sc
     283 0000004e F5A7          MOV       AR7,*(0:0x720a)       ; [CPU_ALU] |867| 
         0000004f 720A 
     284                      .dwpsn  file "../hal/hal_uart_TMS320F280049C.c",line 31,column 5,is_stmt,isa 0
     285 00000050 BE07          MOVB      XAR6,#7               ; [CPU_ALU] |31| 
     286 00000051 8F00          MOVL      XAR4,#4800            ; [CPU_ARAU] |31| 
         00000052 12C0 
     287 00000053 1E42          MOVL      *-SP[2],ACC           ; [CPU_ALU] |31| 
     288                      .dwpsn  file "C:/SIMPLIS simulation/ANPC Final Version/anpc-3layer/TMS320F280049C/device/driverlib/sc
     289 00000054 1AA7          OR        AR7,#0x8000           ; [CPU_ALU] |867| 
         00000055 8000 
     290                      .dwpsn  file "../hal/hal_uart_TMS320F280049C.c",line 31,column 5,is_stmt,isa 0
     291 00000056 A844          MOVL      *-SP[4],XAR4          ; [CPU_ALU] |31| 
     292 00000057 FF20          MOV       ACC,#29184            ; [CPU_ALU] |31| 
         00000058 7200 
     293 00000059 C246          MOVL      *-SP[6],XAR6          ; [CPU_ALU] |31| 
     294                      .dwpsn  file "C:/SIMPLIS simulation/ANPC Final Version/anpc-3layer/TMS320F280049C/device/driverlib/sc
     295 0000005a F4A7          MOV       *(0:0x720a),AR7       ; [CPU_ALU] |867| 
         0000005b 720A 
TMS320C2000 Assembler PC v22.6.2 Tue Nov 18 13:15:21 2025

Copyright (c) 1996-2018 Texas Instruments Incorporated
hal_uart_TMS320F280049C.asm                                          PAGE    7

     296                      .dwpsn  file "../hal/hal_uart_TMS320F280049C.c",line 31,column 5,is_stmt,isa 0
     297              $C$DW$27        .dwtag  DW_TAG_TI_branch
     298                      .dwattr $C$DW$27, DW_AT_low_pc(0x00)
     299                      .dwattr $C$DW$27, DW_AT_name("SCI_setConfig")
     300                      .dwattr $C$DW$27, DW_AT_TI_call
     301              
     302 0000005c 7640!         LCR       #||SCI_setConfig||    ; [CPU_ALU] |31| 
         0000005d 0000 
     303                      ; call occurs [#||SCI_setConfig||] ; [] |31| 
     304                      .dwpsn  file "C:/SIMPLIS simulation/ANPC Final Version/anpc-3layer/TMS320F280049C/device/driverlib/sc
     305 0000005e F5A9          MOV       AL,*(0:0x7200)        ; [CPU_ALU] |1370| 
         0000005f 7200 
     306 00000060 18A9          AND       AL,#0xffef            ; [CPU_ALU] |1370| 
         00000061 FFEF 
     307 00000062 F4A9          MOV       *(0:0x7200),AL        ; [CPU_ALU] |1370| 
         00000063 7200 
     308                      .dwpsn  file "C:/SIMPLIS simulation/ANPC Final Version/anpc-3layer/TMS320F280049C/device/driverlib/sc
     309 00000064 F5A9          MOV       AL,*(0:0x7201)        ; [CPU_ALU] |1317| 
         00000065 7201 
     310 00000066 18A9          AND       AL,#0xffdf            ; [CPU_ALU] |1317| 
         00000067 FFDF 
     311 00000068 F4A9          MOV       *(0:0x7201),AL        ; [CPU_ALU] |1317| 
         00000069 7201 
     312                      .dwpsn  file "C:/SIMPLIS simulation/ANPC Final Version/anpc-3layer/TMS320F280049C/device/driverlib/sc
     313 0000006a F5A9          MOV       AL,*(0:0x7201)        ; [CPU_ALU] |1318| 
         0000006b 7201 
     314 0000006c 5020          ORB       AL,#0x20              ; [CPU_ALU] |1318| 
     315 0000006d F4A9          MOV       *(0:0x7201),AL        ; [CPU_ALU] |1318| 
         0000006e 7201 
     316                      .dwpsn  file "C:/SIMPLIS simulation/ANPC Final Version/anpc-3layer/TMS320F280049C/device/driverlib/sc
     317 0000006f F5A9          MOV       AL,*(0:0x720a)        ; [CPU_ALU] |408| 
         00000070 720A 
     318 00000071 CCA9          AND       AL,AL,#0xffe0         ; [CPU_ALU] |408| 
         00000072 FFE0 
     319 00000073 5001          ORB       AL,#0x01              ; [CPU_ALU] |408| 
     320 00000074 F4A9          MOV       *(0:0x720a),AL        ; [CPU_ALU] |408| 
         00000075 720A 
     321                      .dwpsn  file "C:/SIMPLIS simulation/ANPC Final Version/anpc-3layer/TMS320F280049C/device/driverlib/sc
     322 00000076 F5A9          MOV       AL,*(0:0x720b)        ; [CPU_ALU] |410| 
         00000077 720B 
     323 00000078 CCA9          AND       AL,AL,#0xffe0         ; [CPU_ALU] |410| 
         00000079 FFE0 
     324 0000007a 5001          ORB       AL,#0x01              ; [CPU_ALU] |410| 
     325 0000007b F4A9          MOV       *(0:0x720b),AL        ; [CPU_ALU] |410| 
         0000007c 720B 
     326                      .dwpsn  file "C:/SIMPLIS simulation/ANPC Final Version/anpc-3layer/TMS320F280049C/device/driverlib/sc
     327 0000007d F5A9          MOV       AL,*(0:0x720a)        ; [CPU_ALU] |734| 
         0000007e 720A 
     328 0000007f 1AA9          OR        AL,#0x8000            ; [CPU_ALU] |734| 
         00000080 8000 
     329 00000081 F4A9          MOV       *(0:0x720a),AL        ; [CPU_ALU] |734| 
         00000082 720A 
     330                      .dwpsn  file "C:/SIMPLIS simulation/ANPC Final Version/anpc-3layer/TMS320F280049C/device/driverlib/sc
     331 00000083 F5A9          MOV       AL,*(0:0x720a)        ; [CPU_ALU] |735| 
         00000084 720A 
TMS320C2000 Assembler PC v22.6.2 Tue Nov 18 13:15:21 2025

Copyright (c) 1996-2018 Texas Instruments Incorporated
hal_uart_TMS320F280049C.asm                                          PAGE    8

     332 00000085 1AA9          OR        AL,#0x6000            ; [CPU_ALU] |735| 
         00000086 6000 
     333 00000087 F4A9          MOV       *(0:0x720a),AL        ; [CPU_ALU] |735| 
         00000088 720A 
     334                      .dwpsn  file "C:/SIMPLIS simulation/ANPC Final Version/anpc-3layer/TMS320F280049C/device/driverlib/sc
     335 00000089 F5A9          MOV       AL,*(0:0x720b)        ; [CPU_ALU] |736| 
         0000008a 720B 
     336 0000008b 1AA9          OR        AL,#0x2000            ; [CPU_ALU] |736| 
         0000008c 2000 
     337 0000008d F4A9          MOV       *(0:0x720b),AL        ; [CPU_ALU] |736| 
         0000008e 720B 
     338                      .dwpsn  file "C:/SIMPLIS simulation/ANPC Final Version/anpc-3layer/TMS320F280049C/device/driverlib/sc
     339 0000008f F5A9          MOV       AL,*(0:0x7201)        ; [CPU_ALU] |523| 
         00000090 7201 
     340 00000091 5023          ORB       AL,#0x23              ; [CPU_ALU] |523| 
     341 00000092 F4A9          MOV       *(0:0x7201),AL        ; [CPU_ALU] |523| 
         00000093 7201 
     342 00000094 FE86          SUBB      SP,#6                 ; [CPU_ARAU] 
     343                      .dwcfi  cfa_offset, -2
     344              $C$DW$28        .dwtag  DW_TAG_TI_branch
     345                      .dwattr $C$DW$28, DW_AT_low_pc(0x00)
     346                      .dwattr $C$DW$28, DW_AT_TI_return
     347              
     348 00000095 0006          LRETR     ; [CPU_ALU] 
     349                      ; return occurs ; [] 
     350                      .dwattr $C$DW$25, DW_AT_TI_end_file("../hal/hal_uart_TMS320F280049C.c")
     351                      .dwattr $C$DW$25, DW_AT_TI_end_line(0x27)
     352                      .dwattr $C$DW$25, DW_AT_TI_end_column(0x01)
     353                      .dwendentry
     354                      .dwendtag $C$DW$25
     355              
     356 00000000               .sect   ".text:__signbitl"
     357                      .clink
     358                      .global ||__signbitl||
     359              
     360              $C$DW$29        .dwtag  DW_TAG_subprogram
     361                      .dwattr $C$DW$29, DW_AT_name("__signbitl")
     362                      .dwattr $C$DW$29, DW_AT_low_pc(||__signbitl||)
     363                      .dwattr $C$DW$29, DW_AT_high_pc(0x00)
     364                      .dwattr $C$DW$29, DW_AT_linkage_name("__signbitl")
     365                      .dwattr $C$DW$29, DW_AT_external
     366                      .dwattr $C$DW$29, DW_AT_type(*$C$DW$T$10)
     367                      .dwattr $C$DW$29, DW_AT_decl_file("C:/ti/ccs2030/ccs/tools/compiler/ti-cgt-c2000_22.6.2.LTS/include/_
     368                      .dwattr $C$DW$29, DW_AT_decl_line(0x16f)
     369                      .dwattr $C$DW$29, DW_AT_decl_column(0x18)
     370                      .dwattr $C$DW$29, DW_AT_TI_max_frame_size(-6)
     371                      .dwpsn  file "C:/ti/ccs2030/ccs/tools/compiler/ti-cgt-c2000_22.6.2.LTS/include/_defs.h",line 368,colu
     372              
     373                      .dwfde $C$DW$CIE, ||__signbitl||
     374              $C$DW$30        .dwtag  DW_TAG_formal_parameter
     375                      .dwattr $C$DW$30, DW_AT_name("e")
     376                      .dwattr $C$DW$30, DW_AT_type(*$C$DW$T$49)
     377                      .dwattr $C$DW$30, DW_AT_location[DW_OP_reg12]
     378              
     379              
TMS320C2000 Assembler PC v22.6.2 Tue Nov 18 13:15:21 2025

Copyright (c) 1996-2018 Texas Instruments Incorporated
hal_uart_TMS320F280049C.asm                                          PAGE    9

     380              ;***************************************************************
     381              ;* FNAME: __signbitl                    FR SIZE:   4           *
     382              ;*                                                             *
     383              ;* FUNCTION ENVIRONMENT                                        *
     384              ;*                                                             *
     385              ;* FUNCTION PROPERTIES                                         *
     386              ;*                            4 Parameter,  0 Auto,  0 SOE     *
     387              ;***************************************************************
     388              
     389              ||__signbitl||:
     390              ;* AR4   assigned to e
     391              $C$DW$31        .dwtag  DW_TAG_variable
     392                      .dwattr $C$DW$31, DW_AT_name("e")
     393                      .dwattr $C$DW$31, DW_AT_type(*$C$DW$T$50)
     394                      .dwattr $C$DW$31, DW_AT_location[DW_OP_reg12]
     395              
     396                      .dwcfi  cfa_offset, -2
     397                      .dwcfi  save_reg_to_mem, 26, 0
     398 00000000 FE04          ADDB      SP,#4                 ; [CPU_ARAU] 
     399                      .dwcfi  cfa_offset, -6
     400                      .dwpsn  file "C:/ti/ccs2030/ccs/tools/compiler/ti-cgt-c2000_22.6.2.LTS/include/_defs.h",line 368,colu
     401 00000001 0200          MOVB      ACC,#0                ; [CPU_ALU] |368| 
     402 00000002 1E44          MOVL      *-SP[4],ACC           ; [CPU_ALU] |368| 
     403 00000003 2B42          MOV       *-SP[2],#0            ; [CPU_ALU] |368| 
     404 00000004 2B41          MOV       *-SP[1],#0            ; [CPU_ALU] |368| 
     405 00000005 A3C4          MOVL      P,*+XAR4[0]           ; [CPU_ALU] |368| 
     406 00000006 06D4          MOVL      ACC,*+XAR4[2]         ; [CPU_ALU] |368| 
     407 00000007 18AB          AND       PL,#0                 ; [CPU_ALU] |368| 
         00000008 0000 
     408 00000009 18AA          AND       PH,#0                 ; [CPU_ALU] |368| 
         0000000a 0000 
     409 0000000b 9000          ANDB      AL,#0                 ; [CPU_ALU] |368| 
     410 0000000c 18A8          AND       AH,#32768             ; [CPU_ALU] |368| 
         0000000d 8000 
     411              $C$DW$32        .dwtag  DW_TAG_TI_branch
     412                      .dwattr $C$DW$32, DW_AT_low_pc(0x00)
     413                      .dwattr $C$DW$32, DW_AT_name("__c28xabi_cmpull")
     414                      .dwattr $C$DW$32, DW_AT_TI_call
     415              
     416 0000000e 7640!         LCR       #||__c28xabi_cmpull|| ; [CPU_ALU] |368| 
         0000000f 0000 
     417                      ; call occurs [#||__c28xabi_cmpull||] ; [] |368| 
     418 00000010 9B00          MOVB      AH,#0                 ; [CPU_ALU] |368| 
     419 00000011 5200          CMPB      AL,#0                 ; [CPU_ALU] |368| 
     420 00000012 56B0          MOVB      AH,#1,NEQ             ; [CPU_ALU] |368| 
         00000013 01A8 
     421 00000014 92A8          MOV       AL,AH                 ; [CPU_ALU] |368| 
     422 00000015 FE84          SUBB      SP,#4                 ; [CPU_ARAU] 
     423                      .dwcfi  cfa_offset, -2
     424              $C$DW$33        .dwtag  DW_TAG_TI_branch
     425                      .dwattr $C$DW$33, DW_AT_low_pc(0x00)
     426                      .dwattr $C$DW$33, DW_AT_TI_return
     427              
     428 00000016 0006          LRETR     ; [CPU_ALU] 
     429                      ; return occurs ; [] 
TMS320C2000 Assembler PC v22.6.2 Tue Nov 18 13:15:21 2025

Copyright (c) 1996-2018 Texas Instruments Incorporated
hal_uart_TMS320F280049C.asm                                          PAGE   10

     430                      .dwattr $C$DW$29, DW_AT_TI_end_file("C:/ti/ccs2030/ccs/tools/compiler/ti-cgt-c2000_22.6.2.LTS/include
     431                      .dwattr $C$DW$29, DW_AT_TI_end_line(0x170)
     432                      .dwattr $C$DW$29, DW_AT_TI_end_column(0x2b)
     433                      .dwendentry
     434                      .dwendtag $C$DW$29
     435              
     436 00000000               .sect   ".text:__signbitf"
     437                      .clink
     438                      .global ||__signbitf||
     439              
     440              $C$DW$34        .dwtag  DW_TAG_subprogram
     441                      .dwattr $C$DW$34, DW_AT_name("__signbitf")
     442                      .dwattr $C$DW$34, DW_AT_low_pc(||__signbitf||)
     443                      .dwattr $C$DW$34, DW_AT_high_pc(0x00)
     444                      .dwattr $C$DW$34, DW_AT_linkage_name("__signbitf")
     445                      .dwattr $C$DW$34, DW_AT_external
     446                      .dwattr $C$DW$34, DW_AT_type(*$C$DW$T$10)
     447                      .dwattr $C$DW$34, DW_AT_decl_file("C:/ti/ccs2030/ccs/tools/compiler/ti-cgt-c2000_22.6.2.LTS/include/_
     448                      .dwattr $C$DW$34, DW_AT_decl_line(0x16d)
     449                      .dwattr $C$DW$34, DW_AT_decl_column(0x18)
     450                      .dwattr $C$DW$34, DW_AT_TI_max_frame_size(-2)
     451                      .dwpsn  file "C:/ti/ccs2030/ccs/tools/compiler/ti-cgt-c2000_22.6.2.LTS/include/_defs.h",line 366,colu
     452              
     453                      .dwfde $C$DW$CIE, ||__signbitf||
     454              $C$DW$35        .dwtag  DW_TAG_formal_parameter
     455                      .dwattr $C$DW$35, DW_AT_name("f")
     456                      .dwattr $C$DW$35, DW_AT_type(*$C$DW$T$16)
     457                      .dwattr $C$DW$35, DW_AT_location[DW_OP_regx 0x2b]
     458              
     459              
     460              ;***************************************************************
     461              ;* FNAME: __signbitf                    FR SIZE:   0           *
     462              ;*                                                             *
     463              ;* FUNCTION ENVIRONMENT                                        *
     464              ;*                                                             *
     465              ;* FUNCTION PROPERTIES                                         *
     466              ;*                            0 Parameter,  0 Auto,  0 SOE     *
     467              ;***************************************************************
     468              
     469              ||__signbitf||:
     470              ;* R0    assigned to f
     471              $C$DW$36        .dwtag  DW_TAG_variable
     472                      .dwattr $C$DW$36, DW_AT_name("f")
     473                      .dwattr $C$DW$36, DW_AT_type(*$C$DW$T$46)
     474                      .dwattr $C$DW$36, DW_AT_location[DW_OP_regx 0x2b]
     475              
     476                      .dwcfi  cfa_offset, -2
     477                      .dwcfi  save_reg_to_mem, 26, 0
     478                      .dwpsn  file "C:/ti/ccs2030/ccs/tools/compiler/ti-cgt-c2000_22.6.2.LTS/include/_defs.h",line 366,colu
     479 00000000 BFA9          MOV32     ACC,R0H               ; [CPU_FPU] |366| 
         00000001 0F12 
     480 00000002 BE00          MOVB      XAR6,#0               ; [CPU_ALU] |366| 
     481 00000003 9000          ANDB      AL,#0                 ; [CPU_ALU] |366| 
     482 00000004 18A8          AND       AH,#32768             ; [CPU_ALU] |366| 
         00000005 8000 
TMS320C2000 Assembler PC v22.6.2 Tue Nov 18 13:15:21 2025

Copyright (c) 1996-2018 Texas Instruments Incorporated
hal_uart_TMS320F280049C.asm                                          PAGE   11

     483 00000006 FF58          TEST      ACC                   ; [CPU_ALU] |366| 
     484 00000007 56B0          MOVB      XAR6,#1,NEQ           ; [CPU_ALU] |366| 
         00000008 01A6 
     485 00000009 92A6          MOV       AL,AR6                ; [CPU_ALU] |366| 
     486              $C$DW$37        .dwtag  DW_TAG_TI_branch
     487                      .dwattr $C$DW$37, DW_AT_low_pc(0x00)
     488                      .dwattr $C$DW$37, DW_AT_TI_return
     489              
     490 0000000a 0006          LRETR     ; [CPU_ALU] 
     491                      ; return occurs ; [] 
     492                      .dwattr $C$DW$34, DW_AT_TI_end_file("C:/ti/ccs2030/ccs/tools/compiler/ti-cgt-c2000_22.6.2.LTS/include
     493                      .dwattr $C$DW$34, DW_AT_TI_end_line(0x16e)
     494                      .dwattr $C$DW$34, DW_AT_TI_end_column(0x29)
     495                      .dwendentry
     496                      .dwendtag $C$DW$34
     497              
     498 00000000               .sect   ".text:__signbit"
     499                      .clink
     500                      .global ||__signbit||
     501              
     502              $C$DW$38        .dwtag  DW_TAG_subprogram
     503                      .dwattr $C$DW$38, DW_AT_name("__signbit")
     504                      .dwattr $C$DW$38, DW_AT_low_pc(||__signbit||)
     505                      .dwattr $C$DW$38, DW_AT_high_pc(0x00)
     506                      .dwattr $C$DW$38, DW_AT_linkage_name("__signbit")
     507                      .dwattr $C$DW$38, DW_AT_external
     508                      .dwattr $C$DW$38, DW_AT_type(*$C$DW$T$10)
     509                      .dwattr $C$DW$38, DW_AT_decl_file("C:/ti/ccs2030/ccs/tools/compiler/ti-cgt-c2000_22.6.2.LTS/include/_
     510                      .dwattr $C$DW$38, DW_AT_decl_line(0x16b)
     511                      .dwattr $C$DW$38, DW_AT_decl_column(0x18)
     512                      .dwattr $C$DW$38, DW_AT_TI_max_frame_size(-6)
     513                      .dwpsn  file "C:/ti/ccs2030/ccs/tools/compiler/ti-cgt-c2000_22.6.2.LTS/include/_defs.h",line 364,colu
     514              
     515                      .dwfde $C$DW$CIE, ||__signbit||
     516              $C$DW$39        .dwtag  DW_TAG_formal_parameter
     517                      .dwattr $C$DW$39, DW_AT_name("d")
     518                      .dwattr $C$DW$39, DW_AT_type(*$C$DW$T$47)
     519                      .dwattr $C$DW$39, DW_AT_location[DW_OP_reg12]
     520              
     521              
     522              ;***************************************************************
     523              ;* FNAME: __signbit                     FR SIZE:   4           *
     524              ;*                                                             *
     525              ;* FUNCTION ENVIRONMENT                                        *
     526              ;*                                                             *
     527              ;* FUNCTION PROPERTIES                                         *
     528              ;*                            4 Parameter,  0 Auto,  0 SOE     *
     529              ;***************************************************************
     530              
     531              ||__signbit||:
     532              ;* AR4   assigned to d
     533              $C$DW$40        .dwtag  DW_TAG_variable
     534                      .dwattr $C$DW$40, DW_AT_name("d")
     535                      .dwattr $C$DW$40, DW_AT_type(*$C$DW$T$48)
     536                      .dwattr $C$DW$40, DW_AT_location[DW_OP_reg12]
TMS320C2000 Assembler PC v22.6.2 Tue Nov 18 13:15:21 2025

Copyright (c) 1996-2018 Texas Instruments Incorporated
hal_uart_TMS320F280049C.asm                                          PAGE   12

     537              
     538                      .dwcfi  cfa_offset, -2
     539                      .dwcfi  save_reg_to_mem, 26, 0
     540 00000000 FE04          ADDB      SP,#4                 ; [CPU_ARAU] 
     541                      .dwcfi  cfa_offset, -6
     542                      .dwpsn  file "C:/ti/ccs2030/ccs/tools/compiler/ti-cgt-c2000_22.6.2.LTS/include/_defs.h",line 364,colu
     543 00000001 0200          MOVB      ACC,#0                ; [CPU_ALU] |364| 
     544 00000002 1E44          MOVL      *-SP[4],ACC           ; [CPU_ALU] |364| 
     545 00000003 2B42          MOV       *-SP[2],#0            ; [CPU_ALU] |364| 
     546 00000004 2B41          MOV       *-SP[1],#0            ; [CPU_ALU] |364| 
     547 00000005 A3C4          MOVL      P,*+XAR4[0]           ; [CPU_ALU] |364| 
     548 00000006 06D4          MOVL      ACC,*+XAR4[2]         ; [CPU_ALU] |364| 
     549 00000007 18AB          AND       PL,#0                 ; [CPU_ALU] |364| 
         00000008 0000 
     550 00000009 18AA          AND       PH,#0                 ; [CPU_ALU] |364| 
         0000000a 0000 
     551 0000000b 9000          ANDB      AL,#0                 ; [CPU_ALU] |364| 
     552 0000000c 18A8          AND       AH,#32768             ; [CPU_ALU] |364| 
         0000000d 8000 
     553              $C$DW$41        .dwtag  DW_TAG_TI_branch
     554                      .dwattr $C$DW$41, DW_AT_low_pc(0x00)
     555                      .dwattr $C$DW$41, DW_AT_name("__c28xabi_cmpull")
     556                      .dwattr $C$DW$41, DW_AT_TI_call
     557              
     558 0000000e 7640!         LCR       #||__c28xabi_cmpull|| ; [CPU_ALU] |364| 
         0000000f 0000 
     559                      ; call occurs [#||__c28xabi_cmpull||] ; [] |364| 
     560 00000010 9B00          MOVB      AH,#0                 ; [CPU_ALU] |364| 
     561 00000011 5200          CMPB      AL,#0                 ; [CPU_ALU] |364| 
     562 00000012 56B0          MOVB      AH,#1,NEQ             ; [CPU_ALU] |364| 
         00000013 01A8 
     563 00000014 92A8          MOV       AL,AH                 ; [CPU_ALU] |364| 
     564 00000015 FE84          SUBB      SP,#4                 ; [CPU_ARAU] 
     565                      .dwcfi  cfa_offset, -2
     566              $C$DW$42        .dwtag  DW_TAG_TI_branch
     567                      .dwattr $C$DW$42, DW_AT_low_pc(0x00)
     568                      .dwattr $C$DW$42, DW_AT_TI_return
     569              
     570 00000016 0006          LRETR     ; [CPU_ALU] 
     571                      ; return occurs ; [] 
     572                      .dwattr $C$DW$38, DW_AT_TI_end_file("C:/ti/ccs2030/ccs/tools/compiler/ti-cgt-c2000_22.6.2.LTS/include
     573                      .dwattr $C$DW$38, DW_AT_TI_end_line(0x16c)
     574                      .dwattr $C$DW$38, DW_AT_TI_end_column(0x2a)
     575                      .dwendentry
     576                      .dwendtag $C$DW$38
     577              
     578 00000000               .sect   ".text:__relaxed_sqrtf"
     579                      .clink
     580                      .global ||__relaxed_sqrtf||
     581              
     582              $C$DW$43        .dwtag  DW_TAG_subprogram
     583                      .dwattr $C$DW$43, DW_AT_name("__relaxed_sqrtf")
     584                      .dwattr $C$DW$43, DW_AT_low_pc(||__relaxed_sqrtf||)
     585                      .dwattr $C$DW$43, DW_AT_high_pc(0x00)
     586                      .dwattr $C$DW$43, DW_AT_linkage_name("__relaxed_sqrtf")
TMS320C2000 Assembler PC v22.6.2 Tue Nov 18 13:15:21 2025

Copyright (c) 1996-2018 Texas Instruments Incorporated
hal_uart_TMS320F280049C.asm                                          PAGE   13

     587                      .dwattr $C$DW$43, DW_AT_external
     588                      .dwattr $C$DW$43, DW_AT_type(*$C$DW$T$16)
     589                      .dwattr $C$DW$43, DW_AT_decl_file("C:/ti/ccs2030/ccs/tools/compiler/ti-cgt-c2000_22.6.2.LTS/include/m
     590                      .dwattr $C$DW$43, DW_AT_decl_line(0x103)
     591                      .dwattr $C$DW$43, DW_AT_decl_column(0x10)
     592                      .dwattr $C$DW$43, DW_AT_TI_max_frame_size(-2)
     593                      .dwpsn  file "C:/ti/ccs2030/ccs/tools/compiler/ti-cgt-c2000_22.6.2.LTS/include/math.h",line 260,colum
     594              
     595                      .dwfde $C$DW$CIE, ||__relaxed_sqrtf||
     596              $C$DW$44        .dwtag  DW_TAG_formal_parameter
     597                      .dwattr $C$DW$44, DW_AT_name("x")
     598                      .dwattr $C$DW$44, DW_AT_type(*$C$DW$T$16)
     599                      .dwattr $C$DW$44, DW_AT_location[DW_OP_regx 0x2b]
     600              
     601              
     602              ;***************************************************************
     603              ;* FNAME: __relaxed_sqrtf               FR SIZE:   0           *
     604              ;*                                                             *
     605              ;* FUNCTION ENVIRONMENT                                        *
     606              ;*                                                             *
     607              ;* FUNCTION PROPERTIES                                         *
     608              ;*                            0 Parameter,  0 Auto,  0 SOE     *
     609              ;***************************************************************
     610              
     611              ||__relaxed_sqrtf||:
     612              ;* R0    assigned to x
     613              $C$DW$45        .dwtag  DW_TAG_variable
     614                      .dwattr $C$DW$45, DW_AT_name("x")
     615                      .dwattr $C$DW$45, DW_AT_type(*$C$DW$T$46)
     616                      .dwattr $C$DW$45, DW_AT_location[DW_OP_regx 0x2b]
     617              
     618                      .dwcfi  cfa_offset, -2
     619                      .dwcfi  save_reg_to_mem, 26, 0
     620                      .dwpsn  file "C:/ti/ccs2030/ccs/tools/compiler/ti-cgt-c2000_22.6.2.LTS/include/math.h",line 261,colum
     621 00000000 E277          SQRTF32   R0H,R0H               ; [CPU_FPU] |261| 
         00000001 0000 
     622 00000002 7700          NOP       ; [CPU_ALU] 
     623 00000003 7700          NOP       ; [CPU_ALU] 
     624 00000004 7700          NOP       ; [CPU_ALU] 
     625              $C$DW$46        .dwtag  DW_TAG_TI_branch
     626                      .dwattr $C$DW$46, DW_AT_low_pc(0x00)
     627                      .dwattr $C$DW$46, DW_AT_TI_return
     628              
     629 00000005 0006          LRETR     ; [CPU_ALU] 
     630                      ; return occurs ; [] 
     631                      .dwattr $C$DW$43, DW_AT_TI_end_file("C:/ti/ccs2030/ccs/tools/compiler/ti-cgt-c2000_22.6.2.LTS/include
     632                      .dwattr $C$DW$43, DW_AT_TI_end_line(0x106)
     633                      .dwattr $C$DW$43, DW_AT_TI_end_column(0x01)
     634                      .dwendentry
     635                      .dwendtag $C$DW$43
     636              
     637 00000000               .sect   ".text:__relaxed_sinf"
     638                      .clink
     639                      .global ||__relaxed_sinf||
     640              
TMS320C2000 Assembler PC v22.6.2 Tue Nov 18 13:15:21 2025

Copyright (c) 1996-2018 Texas Instruments Incorporated
hal_uart_TMS320F280049C.asm                                          PAGE   14

     641              $C$DW$47        .dwtag  DW_TAG_subprogram
     642                      .dwattr $C$DW$47, DW_AT_name("__relaxed_sinf")
     643                      .dwattr $C$DW$47, DW_AT_low_pc(||__relaxed_sinf||)
     644                      .dwattr $C$DW$47, DW_AT_high_pc(0x00)
     645                      .dwattr $C$DW$47, DW_AT_linkage_name("__relaxed_sinf")
     646                      .dwattr $C$DW$47, DW_AT_external
     647                      .dwattr $C$DW$47, DW_AT_type(*$C$DW$T$16)
     648                      .dwattr $C$DW$47, DW_AT_decl_file("C:/ti/ccs2030/ccs/tools/compiler/ti-cgt-c2000_22.6.2.LTS/include/m
     649                      .dwattr $C$DW$47, DW_AT_decl_line(0x108)
     650                      .dwattr $C$DW$47, DW_AT_decl_column(0x10)
     651                      .dwattr $C$DW$47, DW_AT_TI_max_frame_size(-2)
     652                      .dwpsn  file "C:/ti/ccs2030/ccs/tools/compiler/ti-cgt-c2000_22.6.2.LTS/include/math.h",line 265,colum
     653              
     654                      .dwfde $C$DW$CIE, ||__relaxed_sinf||
     655              $C$DW$48        .dwtag  DW_TAG_formal_parameter
     656                      .dwattr $C$DW$48, DW_AT_name("x")
     657                      .dwattr $C$DW$48, DW_AT_type(*$C$DW$T$16)
     658                      .dwattr $C$DW$48, DW_AT_location[DW_OP_regx 0x2b]
     659              
     660              
     661              ;***************************************************************
     662              ;* FNAME: __relaxed_sinf                FR SIZE:   0           *
     663              ;*                                                             *
     664              ;* FUNCTION ENVIRONMENT                                        *
     665              ;*                                                             *
     666              ;* FUNCTION PROPERTIES                                         *
     667              ;*                            0 Parameter,  0 Auto,  0 SOE     *
     668              ;***************************************************************
     669              
     670              ||__relaxed_sinf||:
     671              ;* R0    assigned to x
     672              $C$DW$49        .dwtag  DW_TAG_variable
     673                      .dwattr $C$DW$49, DW_AT_name("x")
     674                      .dwattr $C$DW$49, DW_AT_type(*$C$DW$T$46)
     675                      .dwattr $C$DW$49, DW_AT_location[DW_OP_regx 0x2b]
     676              
     677                      .dwcfi  cfa_offset, -2
     678                      .dwcfi  save_reg_to_mem, 26, 0
     679                      .dwpsn  file "C:/ti/ccs2030/ccs/tools/compiler/ti-cgt-c2000_22.6.2.LTS/include/math.h",line 266,colum
     680 00000000 E271          DIV2PIF32 R0H,R0H               ; [CPU_FPU] |266| 
         00000001 0000 
     681 00000002 7700          NOP       ; [CPU_ALU] 
     682 00000003 E278          SINPUF32  R0H,R0H               ; [CPU_FPU] |266| 
         00000004 0000 
     683 00000005 7700          NOP       ; [CPU_ALU] 
     684 00000006 7700          NOP       ; [CPU_ALU] 
     685              $C$DW$50        .dwtag  DW_TAG_TI_branch
     686                      .dwattr $C$DW$50, DW_AT_low_pc(0x00)
     687                      .dwattr $C$DW$50, DW_AT_TI_return
     688              
     689 00000007 0006          LRETR     ; [CPU_ALU] 
     690                      ; return occurs ; [] 
     691                      .dwattr $C$DW$47, DW_AT_TI_end_file("C:/ti/ccs2030/ccs/tools/compiler/ti-cgt-c2000_22.6.2.LTS/include
     692                      .dwattr $C$DW$47, DW_AT_TI_end_line(0x10b)
     693                      .dwattr $C$DW$47, DW_AT_TI_end_column(0x01)
TMS320C2000 Assembler PC v22.6.2 Tue Nov 18 13:15:21 2025

Copyright (c) 1996-2018 Texas Instruments Incorporated
hal_uart_TMS320F280049C.asm                                          PAGE   15

     694                      .dwendentry
     695                      .dwendtag $C$DW$47
     696              
     697 00000000               .sect   ".text:__relaxed_fmodf"
     698                      .clink
     699                      .global ||__relaxed_fmodf||
     700              
     701              $C$DW$51        .dwtag  DW_TAG_subprogram
     702                      .dwattr $C$DW$51, DW_AT_name("__relaxed_fmodf")
     703                      .dwattr $C$DW$51, DW_AT_low_pc(||__relaxed_fmodf||)
     704                      .dwattr $C$DW$51, DW_AT_high_pc(0x00)
     705                      .dwattr $C$DW$51, DW_AT_linkage_name("__relaxed_fmodf")
     706                      .dwattr $C$DW$51, DW_AT_external
     707                      .dwattr $C$DW$51, DW_AT_type(*$C$DW$T$16)
     708                      .dwattr $C$DW$51, DW_AT_decl_file("C:/ti/ccs2030/ccs/tools/compiler/ti-cgt-c2000_22.6.2.LTS/include/m
     709                      .dwattr $C$DW$51, DW_AT_decl_line(0x11c)
     710                      .dwattr $C$DW$51, DW_AT_decl_column(0x10)
     711                      .dwattr $C$DW$51, DW_AT_TI_max_frame_size(-2)
     712                      .dwpsn  file "C:/ti/ccs2030/ccs/tools/compiler/ti-cgt-c2000_22.6.2.LTS/include/math.h",line 285,colum
     713              
     714                      .dwfde $C$DW$CIE, ||__relaxed_fmodf||
     715              $C$DW$52        .dwtag  DW_TAG_formal_parameter
     716                      .dwattr $C$DW$52, DW_AT_name("y")
     717                      .dwattr $C$DW$52, DW_AT_type(*$C$DW$T$16)
     718                      .dwattr $C$DW$52, DW_AT_location[DW_OP_regx 0x2b]
     719              
     720              $C$DW$53        .dwtag  DW_TAG_formal_parameter
     721                      .dwattr $C$DW$53, DW_AT_name("x")
     722                      .dwattr $C$DW$53, DW_AT_type(*$C$DW$T$16)
     723                      .dwattr $C$DW$53, DW_AT_location[DW_OP_regx 0x2f]
     724              
     725              
     726              ;***************************************************************
     727              ;* FNAME: __relaxed_fmodf               FR SIZE:   0           *
     728              ;*                                                             *
     729              ;* FUNCTION ENVIRONMENT                                        *
     730              ;*                                                             *
     731              ;* FUNCTION PROPERTIES                                         *
     732              ;*                            0 Parameter,  0 Auto,  0 SOE     *
     733              ;***************************************************************
     734              
     735              ||__relaxed_fmodf||:
     736              ;* R0    assigned to y
     737              $C$DW$54        .dwtag  DW_TAG_variable
     738                      .dwattr $C$DW$54, DW_AT_name("y")
     739                      .dwattr $C$DW$54, DW_AT_type(*$C$DW$T$46)
     740                      .dwattr $C$DW$54, DW_AT_location[DW_OP_regx 0x2b]
     741              
     742              ;* R1    assigned to x
     743              $C$DW$55        .dwtag  DW_TAG_variable
     744                      .dwattr $C$DW$55, DW_AT_name("x")
     745                      .dwattr $C$DW$55, DW_AT_type(*$C$DW$T$46)
     746                      .dwattr $C$DW$55, DW_AT_location[DW_OP_regx 0x2f]
     747              
     748                      .dwcfi  cfa_offset, -2
TMS320C2000 Assembler PC v22.6.2 Tue Nov 18 13:15:21 2025

Copyright (c) 1996-2018 Texas Instruments Incorporated
hal_uart_TMS320F280049C.asm                                          PAGE   16

     749                      .dwcfi  save_reg_to_mem, 26, 0
     750                      .dwpsn  file "C:/ti/ccs2030/ccs/tools/compiler/ti-cgt-c2000_22.6.2.LTS/include/math.h",line 286,colum
     751 00000000 E274          DIVF32    R2H,R0H,R1H           ; [CPU_FPU] |286| 
         00000001 0042 
     752 00000002 7700          NOP       ; [CPU_ALU] 
     753 00000003 7700          NOP       ; [CPU_ALU] 
     754 00000004 7700          NOP       ; [CPU_ALU] 
     755 00000005 7700          NOP       ; [CPU_ALU] 
     756 00000006 E688          F32TOI32  R2H,R2H               ; [CPU_FPU] |286| 
         00000007 0012 
     757 00000008 7700          NOP       ; [CPU_ALU] 
     758 00000009 E689          I32TOF32  R2H,R2H               ; [CPU_FPU] |286| 
         0000000a 0012 
     759 0000000b 7700          NOP       ; [CPU_ALU] 
     760 0000000c E700          MPYF32    R1H,R1H,R2H           ; [CPU_FPU] |286| 
         0000000d 0089 
     761 0000000e 7700          NOP       ; [CPU_ALU] 
     762 0000000f E720          SUBF32    R0H,R0H,R1H           ; [CPU_FPU] |286| 
         00000010 0040 
     763              $C$DW$56        .dwtag  DW_TAG_TI_branch
     764                      .dwattr $C$DW$56, DW_AT_low_pc(0x00)
     765                      .dwattr $C$DW$56, DW_AT_TI_return
     766              
     767 00000011 0006          LRETR     ; [CPU_ALU] 
     768                      ; return occurs ; [] 
     769                      .dwattr $C$DW$51, DW_AT_TI_end_file("C:/ti/ccs2030/ccs/tools/compiler/ti-cgt-c2000_22.6.2.LTS/include
     770                      .dwattr $C$DW$51, DW_AT_TI_end_line(0x11f)
     771                      .dwattr $C$DW$51, DW_AT_TI_end_column(0x01)
     772                      .dwendentry
     773                      .dwendtag $C$DW$51
     774              
     775 00000000               .sect   ".text:__relaxed_fminf"
     776                      .clink
     777                      .global ||__relaxed_fminf||
     778              
     779              $C$DW$57        .dwtag  DW_TAG_subprogram
     780                      .dwattr $C$DW$57, DW_AT_name("__relaxed_fminf")
     781                      .dwattr $C$DW$57, DW_AT_low_pc(||__relaxed_fminf||)
     782                      .dwattr $C$DW$57, DW_AT_high_pc(0x00)
     783                      .dwattr $C$DW$57, DW_AT_linkage_name("__relaxed_fminf")
     784                      .dwattr $C$DW$57, DW_AT_external
     785                      .dwattr $C$DW$57, DW_AT_type(*$C$DW$T$16)
     786                      .dwattr $C$DW$57, DW_AT_decl_file("C:/ti/ccs2030/ccs/tools/compiler/ti-cgt-c2000_22.6.2.LTS/include/m
     787                      .dwattr $C$DW$57, DW_AT_decl_line(0xee)
     788                      .dwattr $C$DW$57, DW_AT_decl_column(0x10)
     789                      .dwattr $C$DW$57, DW_AT_TI_max_frame_size(-2)
     790                      .dwpsn  file "C:/ti/ccs2030/ccs/tools/compiler/ti-cgt-c2000_22.6.2.LTS/include/math.h",line 239,colum
     791              
     792                      .dwfde $C$DW$CIE, ||__relaxed_fminf||
     793              $C$DW$58        .dwtag  DW_TAG_formal_parameter
     794                      .dwattr $C$DW$58, DW_AT_name("x")
     795                      .dwattr $C$DW$58, DW_AT_type(*$C$DW$T$16)
     796                      .dwattr $C$DW$58, DW_AT_location[DW_OP_regx 0x2b]
     797              
     798              $C$DW$59        .dwtag  DW_TAG_formal_parameter
TMS320C2000 Assembler PC v22.6.2 Tue Nov 18 13:15:21 2025

Copyright (c) 1996-2018 Texas Instruments Incorporated
hal_uart_TMS320F280049C.asm                                          PAGE   17

     799                      .dwattr $C$DW$59, DW_AT_name("y")
     800                      .dwattr $C$DW$59, DW_AT_type(*$C$DW$T$16)
     801                      .dwattr $C$DW$59, DW_AT_location[DW_OP_regx 0x2f]
     802              
     803              
     804              ;***************************************************************
     805              ;* FNAME: __relaxed_fminf               FR SIZE:   0           *
     806              ;*                                                             *
     807              ;* FUNCTION ENVIRONMENT                                        *
     808              ;*                                                             *
     809              ;* FUNCTION PROPERTIES                                         *
     810              ;*                            0 Parameter,  0 Auto,  0 SOE     *
     811              ;***************************************************************
     812              
     813              ||__relaxed_fminf||:
     814              ;* R1    assigned to y
     815              $C$DW$60        .dwtag  DW_TAG_variable
     816                      .dwattr $C$DW$60, DW_AT_name("y")
     817                      .dwattr $C$DW$60, DW_AT_type(*$C$DW$T$46)
     818                      .dwattr $C$DW$60, DW_AT_location[DW_OP_regx 0x2f]
     819              
     820                      .dwcfi  cfa_offset, -2
     821                      .dwcfi  save_reg_to_mem, 26, 0
     822                      .dwpsn  file "C:/ti/ccs2030/ccs/tools/compiler/ti-cgt-c2000_22.6.2.LTS/include/math.h",line 240,colum
     823 00000000 E697          MINF32    R0H,R1H               ; [CPU_FPU] |240| 
         00000001 0008 
     824              $C$DW$61        .dwtag  DW_TAG_TI_branch
     825                      .dwattr $C$DW$61, DW_AT_low_pc(0x00)
     826                      .dwattr $C$DW$61, DW_AT_TI_return
     827              
     828 00000002 0006          LRETR     ; [CPU_ALU] 
     829                      ; return occurs ; [] 
     830                      .dwattr $C$DW$57, DW_AT_TI_end_file("C:/ti/ccs2030/ccs/tools/compiler/ti-cgt-c2000_22.6.2.LTS/include
     831                      .dwattr $C$DW$57, DW_AT_TI_end_line(0xf1)
     832                      .dwattr $C$DW$57, DW_AT_TI_end_column(0x01)
     833                      .dwendentry
     834                      .dwendtag $C$DW$57
     835              
     836 00000000               .sect   ".text:__relaxed_fmaxf"
     837                      .clink
     838                      .global ||__relaxed_fmaxf||
     839              
     840              $C$DW$62        .dwtag  DW_TAG_subprogram
     841                      .dwattr $C$DW$62, DW_AT_name("__relaxed_fmaxf")
     842                      .dwattr $C$DW$62, DW_AT_low_pc(||__relaxed_fmaxf||)
     843                      .dwattr $C$DW$62, DW_AT_high_pc(0x00)
     844                      .dwattr $C$DW$62, DW_AT_linkage_name("__relaxed_fmaxf")
     845                      .dwattr $C$DW$62, DW_AT_external
     846                      .dwattr $C$DW$62, DW_AT_type(*$C$DW$T$16)
     847                      .dwattr $C$DW$62, DW_AT_decl_file("C:/ti/ccs2030/ccs/tools/compiler/ti-cgt-c2000_22.6.2.LTS/include/m
     848                      .dwattr $C$DW$62, DW_AT_decl_line(0xe8)
     849                      .dwattr $C$DW$62, DW_AT_decl_column(0x10)
     850                      .dwattr $C$DW$62, DW_AT_TI_max_frame_size(-2)
     851                      .dwpsn  file "C:/ti/ccs2030/ccs/tools/compiler/ti-cgt-c2000_22.6.2.LTS/include/math.h",line 233,colum
     852              
TMS320C2000 Assembler PC v22.6.2 Tue Nov 18 13:15:21 2025

Copyright (c) 1996-2018 Texas Instruments Incorporated
hal_uart_TMS320F280049C.asm                                          PAGE   18

     853                      .dwfde $C$DW$CIE, ||__relaxed_fmaxf||
     854              $C$DW$63        .dwtag  DW_TAG_formal_parameter
     855                      .dwattr $C$DW$63, DW_AT_name("x")
     856                      .dwattr $C$DW$63, DW_AT_type(*$C$DW$T$16)
     857                      .dwattr $C$DW$63, DW_AT_location[DW_OP_regx 0x2b]
     858              
     859              $C$DW$64        .dwtag  DW_TAG_formal_parameter
     860                      .dwattr $C$DW$64, DW_AT_name("y")
     861                      .dwattr $C$DW$64, DW_AT_type(*$C$DW$T$16)
     862                      .dwattr $C$DW$64, DW_AT_location[DW_OP_regx 0x2f]
     863              
     864              
     865              ;***************************************************************
     866              ;* FNAME: __relaxed_fmaxf               FR SIZE:   0           *
     867              ;*                                                             *
     868              ;* FUNCTION ENVIRONMENT                                        *
     869              ;*                                                             *
     870              ;* FUNCTION PROPERTIES                                         *
     871              ;*                            0 Parameter,  0 Auto,  0 SOE     *
     872              ;***************************************************************
     873              
     874              ||__relaxed_fmaxf||:
     875              ;* R1    assigned to y
     876              $C$DW$65        .dwtag  DW_TAG_variable
     877                      .dwattr $C$DW$65, DW_AT_name("y")
     878                      .dwattr $C$DW$65, DW_AT_type(*$C$DW$T$46)
     879                      .dwattr $C$DW$65, DW_AT_location[DW_OP_regx 0x2f]
     880              
     881                      .dwcfi  cfa_offset, -2
     882                      .dwcfi  save_reg_to_mem, 26, 0
     883                      .dwpsn  file "C:/ti/ccs2030/ccs/tools/compiler/ti-cgt-c2000_22.6.2.LTS/include/math.h",line 234,colum
     884 00000000 E696          MAXF32    R0H,R1H               ; [CPU_FPU] |234| 
         00000001 0008 
     885              $C$DW$66        .dwtag  DW_TAG_TI_branch
     886                      .dwattr $C$DW$66, DW_AT_low_pc(0x00)
     887                      .dwattr $C$DW$66, DW_AT_TI_return
     888              
     889 00000002 0006          LRETR     ; [CPU_ALU] 
     890                      ; return occurs ; [] 
     891                      .dwattr $C$DW$62, DW_AT_TI_end_file("C:/ti/ccs2030/ccs/tools/compiler/ti-cgt-c2000_22.6.2.LTS/include
     892                      .dwattr $C$DW$62, DW_AT_TI_end_line(0xeb)
     893                      .dwattr $C$DW$62, DW_AT_TI_end_column(0x01)
     894                      .dwendentry
     895                      .dwendtag $C$DW$62
     896              
     897 00000000               .sect   ".text:__relaxed_cosf"
     898                      .clink
     899                      .global ||__relaxed_cosf||
     900              
     901              $C$DW$67        .dwtag  DW_TAG_subprogram
     902                      .dwattr $C$DW$67, DW_AT_name("__relaxed_cosf")
     903                      .dwattr $C$DW$67, DW_AT_low_pc(||__relaxed_cosf||)
     904                      .dwattr $C$DW$67, DW_AT_high_pc(0x00)
     905                      .dwattr $C$DW$67, DW_AT_linkage_name("__relaxed_cosf")
     906                      .dwattr $C$DW$67, DW_AT_external
TMS320C2000 Assembler PC v22.6.2 Tue Nov 18 13:15:21 2025

Copyright (c) 1996-2018 Texas Instruments Incorporated
hal_uart_TMS320F280049C.asm                                          PAGE   19

     907                      .dwattr $C$DW$67, DW_AT_type(*$C$DW$T$16)
     908                      .dwattr $C$DW$67, DW_AT_decl_file("C:/ti/ccs2030/ccs/tools/compiler/ti-cgt-c2000_22.6.2.LTS/include/m
     909                      .dwattr $C$DW$67, DW_AT_decl_line(0x10d)
     910                      .dwattr $C$DW$67, DW_AT_decl_column(0x10)
     911                      .dwattr $C$DW$67, DW_AT_TI_max_frame_size(-2)
     912                      .dwpsn  file "C:/ti/ccs2030/ccs/tools/compiler/ti-cgt-c2000_22.6.2.LTS/include/math.h",line 270,colum
     913              
     914                      .dwfde $C$DW$CIE, ||__relaxed_cosf||
     915              $C$DW$68        .dwtag  DW_TAG_formal_parameter
     916                      .dwattr $C$DW$68, DW_AT_name("x")
     917                      .dwattr $C$DW$68, DW_AT_type(*$C$DW$T$16)
     918                      .dwattr $C$DW$68, DW_AT_location[DW_OP_regx 0x2b]
     919              
     920              
     921              ;***************************************************************
     922              ;* FNAME: __relaxed_cosf                FR SIZE:   0           *
     923              ;*                                                             *
     924              ;* FUNCTION ENVIRONMENT                                        *
     925              ;*                                                             *
     926              ;* FUNCTION PROPERTIES                                         *
     927              ;*                            0 Parameter,  0 Auto,  0 SOE     *
     928              ;***************************************************************
     929              
     930              ||__relaxed_cosf||:
     931              ;* R0    assigned to x
     932              $C$DW$69        .dwtag  DW_TAG_variable
     933                      .dwattr $C$DW$69, DW_AT_name("x")
     934                      .dwattr $C$DW$69, DW_AT_type(*$C$DW$T$46)
     935                      .dwattr $C$DW$69, DW_AT_location[DW_OP_regx 0x2b]
     936              
     937                      .dwcfi  cfa_offset, -2
     938                      .dwcfi  save_reg_to_mem, 26, 0
     939                      .dwpsn  file "C:/ti/ccs2030/ccs/tools/compiler/ti-cgt-c2000_22.6.2.LTS/include/math.h",line 271,colum
     940 00000000 E271          DIV2PIF32 R0H,R0H               ; [CPU_FPU] |271| 
         00000001 0000 
     941 00000002 7700          NOP       ; [CPU_ALU] 
     942 00000003 E279          COSPUF32  R0H,R0H               ; [CPU_FPU] |271| 
         00000004 0000 
     943 00000005 7700          NOP       ; [CPU_ALU] 
     944 00000006 7700          NOP       ; [CPU_ALU] 
     945              $C$DW$70        .dwtag  DW_TAG_TI_branch
     946                      .dwattr $C$DW$70, DW_AT_low_pc(0x00)
     947                      .dwattr $C$DW$70, DW_AT_TI_return
     948              
     949 00000007 0006          LRETR     ; [CPU_ALU] 
     950                      ; return occurs ; [] 
     951                      .dwattr $C$DW$67, DW_AT_TI_end_file("C:/ti/ccs2030/ccs/tools/compiler/ti-cgt-c2000_22.6.2.LTS/include
     952                      .dwattr $C$DW$67, DW_AT_TI_end_line(0x110)
     953                      .dwattr $C$DW$67, DW_AT_TI_end_column(0x01)
     954                      .dwendentry
     955                      .dwendtag $C$DW$67
     956              
     957 00000000               .sect   ".text:__relaxed_atanf"
     958                      .clink
     959                      .global ||__relaxed_atanf||
TMS320C2000 Assembler PC v22.6.2 Tue Nov 18 13:15:21 2025

Copyright (c) 1996-2018 Texas Instruments Incorporated
hal_uart_TMS320F280049C.asm                                          PAGE   20

     960              
     961              $C$DW$71        .dwtag  DW_TAG_subprogram
     962                      .dwattr $C$DW$71, DW_AT_name("__relaxed_atanf")
     963                      .dwattr $C$DW$71, DW_AT_low_pc(||__relaxed_atanf||)
     964                      .dwattr $C$DW$71, DW_AT_high_pc(0x00)
     965                      .dwattr $C$DW$71, DW_AT_linkage_name("__relaxed_atanf")
     966                      .dwattr $C$DW$71, DW_AT_external
     967                      .dwattr $C$DW$71, DW_AT_type(*$C$DW$T$16)
     968                      .dwattr $C$DW$71, DW_AT_decl_file("C:/ti/ccs2030/ccs/tools/compiler/ti-cgt-c2000_22.6.2.LTS/include/m
     969                      .dwattr $C$DW$71, DW_AT_decl_line(0x112)
     970                      .dwattr $C$DW$71, DW_AT_decl_column(0x10)
     971                      .dwattr $C$DW$71, DW_AT_TI_max_frame_size(-2)
     972                      .dwpsn  file "C:/ti/ccs2030/ccs/tools/compiler/ti-cgt-c2000_22.6.2.LTS/include/math.h",line 275,colum
     973              
     974                      .dwfde $C$DW$CIE, ||__relaxed_atanf||
     975              $C$DW$72        .dwtag  DW_TAG_formal_parameter
     976                      .dwattr $C$DW$72, DW_AT_name("x")
     977                      .dwattr $C$DW$72, DW_AT_type(*$C$DW$T$16)
     978                      .dwattr $C$DW$72, DW_AT_location[DW_OP_regx 0x2b]
     979              
     980              
     981              ;***************************************************************
     982              ;* FNAME: __relaxed_atanf               FR SIZE:   0           *
     983              ;*                                                             *
     984              ;* FUNCTION ENVIRONMENT                                        *
     985              ;*                                                             *
     986              ;* FUNCTION PROPERTIES                                         *
     987              ;*                            0 Parameter,  0 Auto,  0 SOE     *
     988              ;***************************************************************
     989              
     990              ||__relaxed_atanf||:
     991              ;* R0    assigned to x
     992              $C$DW$73        .dwtag  DW_TAG_variable
     993                      .dwattr $C$DW$73, DW_AT_name("x")
     994                      .dwattr $C$DW$73, DW_AT_type(*$C$DW$T$46)
     995                      .dwattr $C$DW$73, DW_AT_location[DW_OP_regx 0x2b]
     996              
     997                      .dwcfi  cfa_offset, -2
     998                      .dwcfi  save_reg_to_mem, 26, 0
     999                      .dwpsn  file "C:/ti/ccs2030/ccs/tools/compiler/ti-cgt-c2000_22.6.2.LTS/include/math.h",line 276,colum
    1000 00000000 E801          MOVIZ     R1H,#16256            ; [CPU_FPU] |276| 
         00000001 FC01 
    1001 00000002 E27C          QUADF32   R1H,R0H,R0H,R1H       ; [CPU_FPU] |276| 
         00000003 0201 
    1002 00000004 7700          NOP       ; [CPU_ALU] 
    1003 00000005 7700          NOP       ; [CPU_ALU] 
    1004 00000006 7700          NOP       ; [CPU_ALU] 
    1005 00000007 7700          NOP       ; [CPU_ALU] 
    1006 00000008 E27A          ATANPUF32 R0H,R0H               ; [CPU_FPU] |276| 
         00000009 0000 
    1007 0000000a 7700          NOP       ; [CPU_ALU] 
    1008 0000000b 7700          NOP       ; [CPU_ALU] 
    1009 0000000c 7700          NOP       ; [CPU_ALU] 
    1010 0000000d E710          ADDF32    R0H,R0H,R1H           ; [CPU_FPU] |276| 
         0000000e 0040 
TMS320C2000 Assembler PC v22.6.2 Tue Nov 18 13:15:21 2025

Copyright (c) 1996-2018 Texas Instruments Incorporated
hal_uart_TMS320F280049C.asm                                          PAGE   21

    1011 0000000f 7700          NOP       ; [CPU_ALU] 
    1012 00000010 7700          NOP       ; [CPU_ALU] 
    1013 00000011 E270          MPY2PIF32 R0H,R0H               ; [CPU_FPU] |276| 
         00000012 0000 
    1014 00000013 7700          NOP       ; [CPU_ALU] 
    1015              $C$DW$74        .dwtag  DW_TAG_TI_branch
    1016                      .dwattr $C$DW$74, DW_AT_low_pc(0x00)
    1017                      .dwattr $C$DW$74, DW_AT_TI_return
    1018              
    1019 00000014 0006          LRETR     ; [CPU_ALU] 
    1020                      ; return occurs ; [] 
    1021                      .dwattr $C$DW$71, DW_AT_TI_end_file("C:/ti/ccs2030/ccs/tools/compiler/ti-cgt-c2000_22.6.2.LTS/include
    1022                      .dwattr $C$DW$71, DW_AT_TI_end_line(0x115)
    1023                      .dwattr $C$DW$71, DW_AT_TI_end_column(0x01)
    1024                      .dwendentry
    1025                      .dwendtag $C$DW$71
    1026              
    1027 00000000               .sect   ".text:__relaxed_atan2f"
    1028                      .clink
    1029                      .global ||__relaxed_atan2f||
    1030              
    1031              $C$DW$75        .dwtag  DW_TAG_subprogram
    1032                      .dwattr $C$DW$75, DW_AT_name("__relaxed_atan2f")
    1033                      .dwattr $C$DW$75, DW_AT_low_pc(||__relaxed_atan2f||)
    1034                      .dwattr $C$DW$75, DW_AT_high_pc(0x00)
    1035                      .dwattr $C$DW$75, DW_AT_linkage_name("__relaxed_atan2f")
    1036                      .dwattr $C$DW$75, DW_AT_external
    1037                      .dwattr $C$DW$75, DW_AT_type(*$C$DW$T$16)
    1038                      .dwattr $C$DW$75, DW_AT_decl_file("C:/ti/ccs2030/ccs/tools/compiler/ti-cgt-c2000_22.6.2.LTS/include/m
    1039                      .dwattr $C$DW$75, DW_AT_decl_line(0x117)
    1040                      .dwattr $C$DW$75, DW_AT_decl_column(0x10)
    1041                      .dwattr $C$DW$75, DW_AT_TI_max_frame_size(-2)
    1042                      .dwpsn  file "C:/ti/ccs2030/ccs/tools/compiler/ti-cgt-c2000_22.6.2.LTS/include/math.h",line 280,colum
    1043              
    1044                      .dwfde $C$DW$CIE, ||__relaxed_atan2f||
    1045              $C$DW$76        .dwtag  DW_TAG_formal_parameter
    1046                      .dwattr $C$DW$76, DW_AT_name("y")
    1047                      .dwattr $C$DW$76, DW_AT_type(*$C$DW$T$16)
    1048                      .dwattr $C$DW$76, DW_AT_location[DW_OP_regx 0x2b]
    1049              
    1050              $C$DW$77        .dwtag  DW_TAG_formal_parameter
    1051                      .dwattr $C$DW$77, DW_AT_name("x")
    1052                      .dwattr $C$DW$77, DW_AT_type(*$C$DW$T$16)
    1053                      .dwattr $C$DW$77, DW_AT_location[DW_OP_regx 0x2f]
    1054              
    1055              
    1056              ;***************************************************************
    1057              ;* FNAME: __relaxed_atan2f              FR SIZE:   0           *
    1058              ;*                                                             *
    1059              ;* FUNCTION ENVIRONMENT                                        *
    1060              ;*                                                             *
    1061              ;* FUNCTION PROPERTIES                                         *
    1062              ;*                            0 Parameter,  0 Auto,  0 SOE     *
    1063              ;***************************************************************
    1064              
TMS320C2000 Assembler PC v22.6.2 Tue Nov 18 13:15:21 2025

Copyright (c) 1996-2018 Texas Instruments Incorporated
hal_uart_TMS320F280049C.asm                                          PAGE   22

    1065              ||__relaxed_atan2f||:
    1066              ;* R0    assigned to y
    1067              $C$DW$78        .dwtag  DW_TAG_variable
    1068                      .dwattr $C$DW$78, DW_AT_name("y")
    1069                      .dwattr $C$DW$78, DW_AT_type(*$C$DW$T$46)
    1070                      .dwattr $C$DW$78, DW_AT_location[DW_OP_regx 0x2b]
    1071              
    1072              ;* R1    assigned to x
    1073              $C$DW$79        .dwtag  DW_TAG_variable
    1074                      .dwattr $C$DW$79, DW_AT_name("x")
    1075                      .dwattr $C$DW$79, DW_AT_type(*$C$DW$T$46)
    1076                      .dwattr $C$DW$79, DW_AT_location[DW_OP_regx 0x2f]
    1077              
    1078                      .dwcfi  cfa_offset, -2
    1079                      .dwcfi  save_reg_to_mem, 26, 0
    1080                      .dwpsn  file "C:/ti/ccs2030/ccs/tools/compiler/ti-cgt-c2000_22.6.2.LTS/include/math.h",line 281,colum
    1081 00000000 E27C          QUADF32   R1H,R0H,R0H,R1H       ; [CPU_FPU] |281| 
         00000001 0201 
    1082 00000002 7700          NOP       ; [CPU_ALU] 
    1083 00000003 7700          NOP       ; [CPU_ALU] 
    1084 00000004 7700          NOP       ; [CPU_ALU] 
    1085 00000005 7700          NOP       ; [CPU_ALU] 
    1086 00000006 E27A          ATANPUF32 R0H,R0H               ; [CPU_FPU] |281| 
         00000007 0000 
    1087 00000008 7700          NOP       ; [CPU_ALU] 
    1088 00000009 7700          NOP       ; [CPU_ALU] 
    1089 0000000a 7700          NOP       ; [CPU_ALU] 
    1090 0000000b E710          ADDF32    R0H,R0H,R1H           ; [CPU_FPU] |281| 
         0000000c 0040 
    1091 0000000d 7700          NOP       ; [CPU_ALU] 
    1092 0000000e 7700          NOP       ; [CPU_ALU] 
    1093 0000000f E270          MPY2PIF32 R0H,R0H               ; [CPU_FPU] |281| 
         00000010 0000 
    1094 00000011 7700          NOP       ; [CPU_ALU] 
    1095              $C$DW$80        .dwtag  DW_TAG_TI_branch
    1096                      .dwattr $C$DW$80, DW_AT_low_pc(0x00)
    1097                      .dwattr $C$DW$80, DW_AT_TI_return
    1098              
    1099 00000012 0006          LRETR     ; [CPU_ALU] 
    1100                      ; return occurs ; [] 
    1101                      .dwattr $C$DW$75, DW_AT_TI_end_file("C:/ti/ccs2030/ccs/tools/compiler/ti-cgt-c2000_22.6.2.LTS/include
    1102                      .dwattr $C$DW$75, DW_AT_TI_end_line(0x11a)
    1103                      .dwattr $C$DW$75, DW_AT_TI_end_column(0x01)
    1104                      .dwendentry
    1105                      .dwendtag $C$DW$75
    1106              
    1107 00000000               .sect   ".text:__isnormall"
    1108                      .clink
    1109                      .global ||__isnormall||
    1110              
    1111              $C$DW$81        .dwtag  DW_TAG_subprogram
    1112                      .dwattr $C$DW$81, DW_AT_name("__isnormall")
    1113                      .dwattr $C$DW$81, DW_AT_low_pc(||__isnormall||)
    1114                      .dwattr $C$DW$81, DW_AT_high_pc(0x00)
    1115                      .dwattr $C$DW$81, DW_AT_linkage_name("__isnormall")
TMS320C2000 Assembler PC v22.6.2 Tue Nov 18 13:15:21 2025

Copyright (c) 1996-2018 Texas Instruments Incorporated
hal_uart_TMS320F280049C.asm                                          PAGE   23

    1116                      .dwattr $C$DW$81, DW_AT_external
    1117                      .dwattr $C$DW$81, DW_AT_type(*$C$DW$T$10)
    1118                      .dwattr $C$DW$81, DW_AT_decl_file("C:/ti/ccs2030/ccs/tools/compiler/ti-cgt-c2000_22.6.2.LTS/include/_
    1119                      .dwattr $C$DW$81, DW_AT_decl_line(0x167)
    1120                      .dwattr $C$DW$81, DW_AT_decl_column(0x18)
    1121                      .dwattr $C$DW$81, DW_AT_TI_max_frame_size(-6)
    1122                      .dwpsn  file "C:/ti/ccs2030/ccs/tools/compiler/ti-cgt-c2000_22.6.2.LTS/include/_defs.h",line 360,colu
    1123              
    1124                      .dwfde $C$DW$CIE, ||__isnormall||
    1125              $C$DW$82        .dwtag  DW_TAG_formal_parameter
    1126                      .dwattr $C$DW$82, DW_AT_name("e")
    1127                      .dwattr $C$DW$82, DW_AT_type(*$C$DW$T$49)
    1128                      .dwattr $C$DW$82, DW_AT_location[DW_OP_reg12]
    1129              
    1130              
    1131              ;***************************************************************
    1132              ;* FNAME: __isnormall                   FR SIZE:   4           *
    1133              ;*                                                             *
    1134              ;* FUNCTION ENVIRONMENT                                        *
    1135              ;*                                                             *
    1136              ;* FUNCTION PROPERTIES                                         *
    1137              ;*                            4 Parameter,  0 Auto,  0 SOE     *
    1138              ;***************************************************************
    1139              
    1140              ||__isnormall||:
    1141              ;* AR5   assigned to $O$C2
    1142              ;* AR6   assigned to $O$S1
    1143              ;* AR4   assigned to e
    1144              $C$DW$83        .dwtag  DW_TAG_variable
    1145                      .dwattr $C$DW$83, DW_AT_name("e")
    1146                      .dwattr $C$DW$83, DW_AT_type(*$C$DW$T$50)
    1147                      .dwattr $C$DW$83, DW_AT_location[DW_OP_reg12]
    1148              
    1149                      .dwcfi  cfa_offset, -2
    1150                      .dwcfi  save_reg_to_mem, 26, 0
    1151 00000000 FE04          ADDB      SP,#4                 ; [CPU_ARAU] 
    1152                      .dwcfi  cfa_offset, -6
    1153                      .dwpsn  file "C:/ti/ccs2030/ccs/tools/compiler/ti-cgt-c2000_22.6.2.LTS/include/_defs.h",line 360,colu
    1154 00000001 83C4          MOVL      XAR5,*+XAR4[0]        ; [CPU_ALU] |360| 
    1155 00000002 8AD4          MOVL      XAR4,*+XAR4[2]        ; [CPU_ALU] |360| 
    1156 00000003 BE00          MOVB      XAR6,#0               ; [CPU_ALU] |360| 
    1157 00000004 28AC          MOV       T,#52                 ; [CPU_ALU] |360| 
         00000005 0034 
    1158 00000006 A0AB          MOVL      P,XAR5                ; [CPU_ALU] |360| 
    1159 00000007 A8A9          MOVL      ACC,XAR4              ; [CPU_ALU] |360| 
    1160 00000008 C244          MOVL      *-SP[4],XAR6          ; [CPU_ALU] |360| 
    1161 00000009 2B42          MOV       *-SP[2],#0            ; [CPU_ALU] |360| 
    1162 0000000a 565B          LSR64     ACC:P,T               ; [CPU_ALU] |360| 
    1163 0000000b 2B41          MOV       *-SP[1],#0            ; [CPU_FPU] |360| 
    1164 0000000c 9000          ANDB      AL,#0                 ; [CPU_ALU] |360| 
    1165 0000000d 9100          ANDB      AH,#0                 ; [CPU_ALU] |360| 
    1166 0000000e 18AB          AND       PL,#2047              ; [CPU_ALU] |360| 
         0000000f 07FF 
    1167 00000010 18AA          AND       PH,#0                 ; [CPU_ALU] |360| 
         00000011 0000 
TMS320C2000 Assembler PC v22.6.2 Tue Nov 18 13:15:21 2025

Copyright (c) 1996-2018 Texas Instruments Incorporated
hal_uart_TMS320F280049C.asm                                          PAGE   24

    1168              $C$DW$84        .dwtag  DW_TAG_TI_branch
    1169                      .dwattr $C$DW$84, DW_AT_low_pc(0x00)
    1170                      .dwattr $C$DW$84, DW_AT_name("__c28xabi_cmpull")
    1171                      .dwattr $C$DW$84, DW_AT_TI_call
    1172              
    1173 00000012 7640!         LCR       #||__c28xabi_cmpull|| ; [CPU_ALU] |360| 
         00000013 0000 
    1174                      ; call occurs [#||__c28xabi_cmpull||] ; [] |360| 
    1175 00000014 BE00          MOVB      XAR6,#0               ; [CPU_ALU] |360| 
    1176 00000015 5200          CMPB      AL,#0                 ; [CPU_ALU] |360| 
    1177 00000016 610E          B         ||$C$L1||,EQ          ; [CPU_ALU] |360| 
    1178                      ; branchcc occurs ; [] |360| 
    1179 00000017 A0AB          MOVL      P,XAR5                ; [CPU_ALU] |360| 
    1180 00000018 A8A9          MOVL      ACC,XAR4              ; [CPU_ALU] |360| 
    1181 00000019 28AC          MOV       T,#48                 ; [CPU_ALU] |360| 
         0000001a 0030 
    1182 0000001b 565B          LSR64     ACC:P,T               ; [CPU_ALU] |360| 
    1183 0000001c 18AB          AND       PL,#0x7ff0            ; [CPU_ALU] |360| 
         0000001d 7FF0 
    1184 0000001e 80AB          MOVZ      AR7,PL                ; [CPU_ALU] |360| 
    1185 0000001f FF20          MOV       ACC,#32752            ; [CPU_ALU] |360| 
         00000020 7FF0 
    1186 00000021 0FA7          CMPL      ACC,XAR7              ; [CPU_ALU] |360| 
    1187 00000022 56B0          MOVB      XAR6,#1,NEQ           ; [CPU_ALU] |360| 
         00000023 01A6 
    1188 00000024       ||$C$L1||:    
    1189 00000024 FE84          SUBB      SP,#4                 ; [CPU_ARAU] 
    1190                      .dwcfi  cfa_offset, -2
    1191 00000025 92A6          MOV       AL,AR6                ; [CPU_ALU] |360| 
    1192              $C$DW$85        .dwtag  DW_TAG_TI_branch
    1193                      .dwattr $C$DW$85, DW_AT_low_pc(0x00)
    1194                      .dwattr $C$DW$85, DW_AT_TI_return
    1195              
    1196 00000026 0006          LRETR     ; [CPU_ALU] 
    1197                      ; return occurs ; [] 
    1198                      .dwattr $C$DW$81, DW_AT_TI_end_file("C:/ti/ccs2030/ccs/tools/compiler/ti-cgt-c2000_22.6.2.LTS/include
    1199                      .dwattr $C$DW$81, DW_AT_TI_end_line(0x169)
    1200                      .dwattr $C$DW$81, DW_AT_TI_end_column(0x31)
    1201                      .dwendentry
    1202                      .dwendtag $C$DW$81
    1203              
    1204 00000000               .sect   ".text:__isnormalf"
    1205                      .clink
    1206                      .global ||__isnormalf||
    1207              
    1208              $C$DW$86        .dwtag  DW_TAG_subprogram
    1209                      .dwattr $C$DW$86, DW_AT_name("__isnormalf")
    1210                      .dwattr $C$DW$86, DW_AT_low_pc(||__isnormalf||)
    1211                      .dwattr $C$DW$86, DW_AT_high_pc(0x00)
    1212                      .dwattr $C$DW$86, DW_AT_linkage_name("__isnormalf")
    1213                      .dwattr $C$DW$86, DW_AT_external
    1214                      .dwattr $C$DW$86, DW_AT_type(*$C$DW$T$10)
    1215                      .dwattr $C$DW$86, DW_AT_decl_file("C:/ti/ccs2030/ccs/tools/compiler/ti-cgt-c2000_22.6.2.LTS/include/_
    1216                      .dwattr $C$DW$86, DW_AT_decl_line(0x163)
    1217                      .dwattr $C$DW$86, DW_AT_decl_column(0x18)
TMS320C2000 Assembler PC v22.6.2 Tue Nov 18 13:15:21 2025

Copyright (c) 1996-2018 Texas Instruments Incorporated
hal_uart_TMS320F280049C.asm                                          PAGE   25

    1218                      .dwattr $C$DW$86, DW_AT_TI_max_frame_size(-2)
    1219                      .dwpsn  file "C:/ti/ccs2030/ccs/tools/compiler/ti-cgt-c2000_22.6.2.LTS/include/_defs.h",line 356,colu
    1220              
    1221                      .dwfde $C$DW$CIE, ||__isnormalf||
    1222              $C$DW$87        .dwtag  DW_TAG_formal_parameter
    1223                      .dwattr $C$DW$87, DW_AT_name("f")
    1224                      .dwattr $C$DW$87, DW_AT_type(*$C$DW$T$16)
    1225                      .dwattr $C$DW$87, DW_AT_location[DW_OP_regx 0x2b]
    1226              
    1227              
    1228              ;***************************************************************
    1229              ;* FNAME: __isnormalf                   FR SIZE:   0           *
    1230              ;*                                                             *
    1231              ;* FUNCTION ENVIRONMENT                                        *
    1232              ;*                                                             *
    1233              ;* FUNCTION PROPERTIES                                         *
    1234              ;*                            0 Parameter,  0 Auto,  0 SOE     *
    1235              ;***************************************************************
    1236              
    1237              ||__isnormalf||:
    1238              ;* PL    assigned to $O$K3
    1239              ;* AR6   assigned to $O$S1
    1240              ;* R0    assigned to f
    1241              $C$DW$88        .dwtag  DW_TAG_variable
    1242                      .dwattr $C$DW$88, DW_AT_name("f")
    1243                      .dwattr $C$DW$88, DW_AT_type(*$C$DW$T$46)
    1244                      .dwattr $C$DW$88, DW_AT_location[DW_OP_regx 0x2b]
    1245              
    1246                      .dwcfi  cfa_offset, -2
    1247                      .dwcfi  save_reg_to_mem, 26, 0
    1248                      .dwpsn  file "C:/ti/ccs2030/ccs/tools/compiler/ti-cgt-c2000_22.6.2.LTS/include/_defs.h",line 356,colu
    1249 00000000 BFAB          MOV32     P,R0H                 ; [CPU_FPU] |356| 
         00000001 0F12 
    1250 00000002 28AC          MOV       T,#23                 ; [CPU_ALU] |356| 
         00000003 0017 
    1251 00000004 A9A9          MOVL      ACC,P                 ; [CPU_ALU] |356| 
    1252 00000005 BE00          MOVB      XAR6,#0               ; [CPU_ALU] |356| 
    1253 00000006 5622          LSRL      ACC,T                 ; [CPU_ALU] |356| 
    1254 00000007 90FF          ANDB      AL,#0xff              ; [CPU_ALU] |356| 
    1255 00000008 6109          B         ||$C$L2||,EQ          ; [CPU_ALU] |356| 
    1256                      ; branchcc occurs ; [] |356| 
    1257 00000009 CCAA          AND       AL,PH,#0x7f80         ; [CPU_ALU] |356| 
         0000000a 7F80 
    1258 0000000b 80A9          MOVZ      AR7,AL                ; [CPU_ALU] |356| 
    1259 0000000c FF20          MOV       ACC,#32640            ; [CPU_ALU] |356| 
         0000000d 7F80 
    1260 0000000e 0FA7          CMPL      ACC,XAR7              ; [CPU_ALU] |356| 
    1261 0000000f 56B0          MOVB      XAR6,#1,NEQ           ; [CPU_ALU] |356| 
         00000010 01A6 
    1262 00000011       ||$C$L2||:    
    1263 00000011 92A6          MOV       AL,AR6                ; [CPU_ALU] |356| 
    1264              $C$DW$89        .dwtag  DW_TAG_TI_branch
    1265                      .dwattr $C$DW$89, DW_AT_low_pc(0x00)
    1266                      .dwattr $C$DW$89, DW_AT_TI_return
    1267              
TMS320C2000 Assembler PC v22.6.2 Tue Nov 18 13:15:21 2025

Copyright (c) 1996-2018 Texas Instruments Incorporated
hal_uart_TMS320F280049C.asm                                          PAGE   26

    1268 00000012 0006          LRETR     ; [CPU_ALU] 
    1269                      ; return occurs ; [] 
    1270                      .dwattr $C$DW$86, DW_AT_TI_end_file("C:/ti/ccs2030/ccs/tools/compiler/ti-cgt-c2000_22.6.2.LTS/include
    1271                      .dwattr $C$DW$86, DW_AT_TI_end_line(0x165)
    1272                      .dwattr $C$DW$86, DW_AT_TI_end_column(0x2f)
    1273                      .dwendentry
    1274                      .dwendtag $C$DW$86
    1275              
    1276 00000000               .sect   ".text:__isnormal"
    1277                      .clink
    1278                      .global ||__isnormal||
    1279              
    1280              $C$DW$90        .dwtag  DW_TAG_subprogram
    1281                      .dwattr $C$DW$90, DW_AT_name("__isnormal")
    1282                      .dwattr $C$DW$90, DW_AT_low_pc(||__isnormal||)
    1283                      .dwattr $C$DW$90, DW_AT_high_pc(0x00)
    1284                      .dwattr $C$DW$90, DW_AT_linkage_name("__isnormal")
    1285                      .dwattr $C$DW$90, DW_AT_external
    1286                      .dwattr $C$DW$90, DW_AT_type(*$C$DW$T$10)
    1287                      .dwattr $C$DW$90, DW_AT_decl_file("C:/ti/ccs2030/ccs/tools/compiler/ti-cgt-c2000_22.6.2.LTS/include/_
    1288                      .dwattr $C$DW$90, DW_AT_decl_line(0x15f)
    1289                      .dwattr $C$DW$90, DW_AT_decl_column(0x18)
    1290                      .dwattr $C$DW$90, DW_AT_TI_max_frame_size(-6)
    1291                      .dwpsn  file "C:/ti/ccs2030/ccs/tools/compiler/ti-cgt-c2000_22.6.2.LTS/include/_defs.h",line 352,colu
    1292              
    1293                      .dwfde $C$DW$CIE, ||__isnormal||
    1294              $C$DW$91        .dwtag  DW_TAG_formal_parameter
    1295                      .dwattr $C$DW$91, DW_AT_name("d")
    1296                      .dwattr $C$DW$91, DW_AT_type(*$C$DW$T$47)
    1297                      .dwattr $C$DW$91, DW_AT_location[DW_OP_reg12]
    1298              
    1299              
    1300              ;***************************************************************
    1301              ;* FNAME: __isnormal                    FR SIZE:   4           *
    1302              ;*                                                             *
    1303              ;* FUNCTION ENVIRONMENT                                        *
    1304              ;*                                                             *
    1305              ;* FUNCTION PROPERTIES                                         *
    1306              ;*                            4 Parameter,  0 Auto,  0 SOE     *
    1307              ;***************************************************************
    1308              
    1309              ||__isnormal||:
    1310              ;* AR5   assigned to $O$C2
    1311              ;* AR6   assigned to $O$S1
    1312              ;* AR4   assigned to d
    1313              $C$DW$92        .dwtag  DW_TAG_variable
    1314                      .dwattr $C$DW$92, DW_AT_name("d")
    1315                      .dwattr $C$DW$92, DW_AT_type(*$C$DW$T$48)
    1316                      .dwattr $C$DW$92, DW_AT_location[DW_OP_reg12]
    1317              
    1318                      .dwcfi  cfa_offset, -2
    1319                      .dwcfi  save_reg_to_mem, 26, 0
    1320 00000000 FE04          ADDB      SP,#4                 ; [CPU_ARAU] 
    1321                      .dwcfi  cfa_offset, -6
    1322                      .dwpsn  file "C:/ti/ccs2030/ccs/tools/compiler/ti-cgt-c2000_22.6.2.LTS/include/_defs.h",line 352,colu
TMS320C2000 Assembler PC v22.6.2 Tue Nov 18 13:15:21 2025

Copyright (c) 1996-2018 Texas Instruments Incorporated
hal_uart_TMS320F280049C.asm                                          PAGE   27

    1323 00000001 83C4          MOVL      XAR5,*+XAR4[0]        ; [CPU_ALU] |352| 
    1324 00000002 8AD4          MOVL      XAR4,*+XAR4[2]        ; [CPU_ALU] |352| 
    1325 00000003 BE00          MOVB      XAR6,#0               ; [CPU_ALU] |352| 
    1326 00000004 28AC          MOV       T,#52                 ; [CPU_ALU] |352| 
         00000005 0034 
    1327 00000006 A0AB          MOVL      P,XAR5                ; [CPU_ALU] |352| 
    1328 00000007 A8A9          MOVL      ACC,XAR4              ; [CPU_ALU] |352| 
    1329 00000008 C244          MOVL      *-SP[4],XAR6          ; [CPU_ALU] |352| 
    1330 00000009 2B42          MOV       *-SP[2],#0            ; [CPU_ALU] |352| 
    1331 0000000a 565B          LSR64     ACC:P,T               ; [CPU_ALU] |352| 
    1332 0000000b 2B41          MOV       *-SP[1],#0            ; [CPU_FPU] |352| 
    1333 0000000c 9000          ANDB      AL,#0                 ; [CPU_ALU] |352| 
    1334 0000000d 9100          ANDB      AH,#0                 ; [CPU_ALU] |352| 
    1335 0000000e 18AB          AND       PL,#2047              ; [CPU_ALU] |352| 
         0000000f 07FF 
    1336 00000010 18AA          AND       PH,#0                 ; [CPU_ALU] |352| 
         00000011 0000 
    1337              $C$DW$93        .dwtag  DW_TAG_TI_branch
    1338                      .dwattr $C$DW$93, DW_AT_low_pc(0x00)
    1339                      .dwattr $C$DW$93, DW_AT_name("__c28xabi_cmpull")
    1340                      .dwattr $C$DW$93, DW_AT_TI_call
    1341              
    1342 00000012 7640!         LCR       #||__c28xabi_cmpull|| ; [CPU_ALU] |352| 
         00000013 0000 
    1343                      ; call occurs [#||__c28xabi_cmpull||] ; [] |352| 
    1344 00000014 BE00          MOVB      XAR6,#0               ; [CPU_ALU] |352| 
    1345 00000015 5200          CMPB      AL,#0                 ; [CPU_ALU] |352| 
    1346 00000016 610E          B         ||$C$L3||,EQ          ; [CPU_ALU] |352| 
    1347                      ; branchcc occurs ; [] |352| 
    1348 00000017 A0AB          MOVL      P,XAR5                ; [CPU_ALU] |352| 
    1349 00000018 A8A9          MOVL      ACC,XAR4              ; [CPU_ALU] |352| 
    1350 00000019 28AC          MOV       T,#48                 ; [CPU_ALU] |352| 
         0000001a 0030 
    1351 0000001b 565B          LSR64     ACC:P,T               ; [CPU_ALU] |352| 
    1352 0000001c 18AB          AND       PL,#0x7ff0            ; [CPU_ALU] |352| 
         0000001d 7FF0 
    1353 0000001e 80AB          MOVZ      AR7,PL                ; [CPU_ALU] |352| 
    1354 0000001f FF20          MOV       ACC,#32752            ; [CPU_ALU] |352| 
         00000020 7FF0 
    1355 00000021 0FA7          CMPL      ACC,XAR7              ; [CPU_ALU] |352| 
    1356 00000022 56B0          MOVB      XAR6,#1,NEQ           ; [CPU_ALU] |352| 
         00000023 01A6 
    1357 00000024       ||$C$L3||:    
    1358 00000024 FE84          SUBB      SP,#4                 ; [CPU_ARAU] 
    1359                      .dwcfi  cfa_offset, -2
    1360 00000025 92A6          MOV       AL,AR6                ; [CPU_ALU] |352| 
    1361              $C$DW$94        .dwtag  DW_TAG_TI_branch
    1362                      .dwattr $C$DW$94, DW_AT_low_pc(0x00)
    1363                      .dwattr $C$DW$94, DW_AT_TI_return
    1364              
    1365 00000026 0006          LRETR     ; [CPU_ALU] 
    1366                      ; return occurs ; [] 
    1367                      .dwattr $C$DW$90, DW_AT_TI_end_file("C:/ti/ccs2030/ccs/tools/compiler/ti-cgt-c2000_22.6.2.LTS/include
    1368                      .dwattr $C$DW$90, DW_AT_TI_end_line(0x161)
    1369                      .dwattr $C$DW$90, DW_AT_TI_end_column(0x30)
TMS320C2000 Assembler PC v22.6.2 Tue Nov 18 13:15:21 2025

Copyright (c) 1996-2018 Texas Instruments Incorporated
hal_uart_TMS320F280049C.asm                                          PAGE   28

    1370                      .dwendentry
    1371                      .dwendtag $C$DW$90
    1372              
    1373 00000000               .sect   ".text:__isnanl"
    1374                      .clink
    1375                      .global ||__isnanl||
    1376              
    1377              $C$DW$95        .dwtag  DW_TAG_subprogram
    1378                      .dwattr $C$DW$95, DW_AT_name("__isnanl")
    1379                      .dwattr $C$DW$95, DW_AT_low_pc(||__isnanl||)
    1380                      .dwattr $C$DW$95, DW_AT_high_pc(0x00)
    1381                      .dwattr $C$DW$95, DW_AT_linkage_name("__isnanl")
    1382                      .dwattr $C$DW$95, DW_AT_external
    1383                      .dwattr $C$DW$95, DW_AT_type(*$C$DW$T$10)
    1384                      .dwattr $C$DW$95, DW_AT_decl_file("C:/ti/ccs2030/ccs/tools/compiler/ti-cgt-c2000_22.6.2.LTS/include/_
    1385                      .dwattr $C$DW$95, DW_AT_decl_line(0x15b)
    1386                      .dwattr $C$DW$95, DW_AT_decl_column(0x18)
    1387                      .dwattr $C$DW$95, DW_AT_TI_max_frame_size(-6)
    1388                      .dwpsn  file "C:/ti/ccs2030/ccs/tools/compiler/ti-cgt-c2000_22.6.2.LTS/include/_defs.h",line 348,colu
    1389              
    1390                      .dwfde $C$DW$CIE, ||__isnanl||
    1391              $C$DW$96        .dwtag  DW_TAG_formal_parameter
    1392                      .dwattr $C$DW$96, DW_AT_name("e")
    1393                      .dwattr $C$DW$96, DW_AT_type(*$C$DW$T$49)
    1394                      .dwattr $C$DW$96, DW_AT_location[DW_OP_reg12]
    1395              
    1396              
    1397              ;***************************************************************
    1398              ;* FNAME: __isnanl                      FR SIZE:   4           *
    1399              ;*                                                             *
    1400              ;* FUNCTION ENVIRONMENT                                        *
    1401              ;*                                                             *
    1402              ;* FUNCTION PROPERTIES                                         *
    1403              ;*                            4 Parameter,  0 Auto,  0 SOE     *
    1404              ;***************************************************************
    1405              
    1406              ||__isnanl||:
    1407              ;* AR7   assigned to $O$C2
    1408              ;* AR4   assigned to $O$S1
    1409              ;* AR4   assigned to e
    1410              $C$DW$97        .dwtag  DW_TAG_variable
    1411                      .dwattr $C$DW$97, DW_AT_name("e")
    1412                      .dwattr $C$DW$97, DW_AT_type(*$C$DW$T$50)
    1413                      .dwattr $C$DW$97, DW_AT_location[DW_OP_reg12]
    1414              
    1415                      .dwcfi  cfa_offset, -2
    1416                      .dwcfi  save_reg_to_mem, 26, 0
    1417 00000000 FE04          ADDB      SP,#4                 ; [CPU_ARAU] 
    1418                      .dwcfi  cfa_offset, -6
    1419                      .dwpsn  file "C:/ti/ccs2030/ccs/tools/compiler/ti-cgt-c2000_22.6.2.LTS/include/_defs.h",line 348,colu
    1420 00000001 C5C4          MOVL      XAR7,*+XAR4[0]        ; [CPU_ALU] |348| 
    1421 00000002 06D4          MOVL      ACC,*+XAR4[2]         ; [CPU_ALU] |348| 
    1422 00000003 28AC          MOV       T,#48                 ; [CPU_ALU] |348| 
         00000004 0030 
    1423 00000005 1EA6          MOVL      XAR6,ACC              ; [CPU_ALU] |348| 
TMS320C2000 Assembler PC v22.6.2 Tue Nov 18 13:15:21 2025

Copyright (c) 1996-2018 Texas Instruments Incorporated
hal_uart_TMS320F280049C.asm                                          PAGE   29

    1424 00000006 A3A7          MOVL      P,XAR7                ; [CPU_ALU] |348| 
    1425 00000007 D400          MOVB      XAR4,#0               ; [CPU_ALU] |348| 
    1426 00000008 565B          LSR64     ACC:P,T               ; [CPU_ALU] |348| 
    1427 00000009 2BAA          MOV       PH,#0                 ; [CPU_ALU] |348| 
    1428 0000000a 18AB          AND       PL,#0x7ff0            ; [CPU_ALU] |348| 
         0000000b 7FF0 
    1429 0000000c FF20          MOV       ACC,#32752            ; [CPU_ALU] |348| 
         0000000d 7FF0 
    1430 0000000e 0FAB          CMPL      ACC,P                 ; [CPU_ALU] |348| 
    1431 0000000f 6013          B         ||$C$L4||,NEQ         ; [CPU_ALU] |348| 
    1432                      ; branchcc occurs ; [] |348| 
    1433 00000010 06A6          MOVL      ACC,XAR6              ; [CPU_ALU] |348| 
    1434 00000011 A3A7          MOVL      P,XAR7                ; [CPU_ALU] |348| 
    1435 00000012 BE00          MOVB      XAR6,#0               ; [CPU_ALU] |348| 
    1436 00000013 18A9          AND       AL,#65535             ; [CPU_ALU] |348| 
         00000014 FFFF 
    1437 00000015 910F          ANDB      AH,#15                ; [CPU_ALU] |348| 
    1438 00000016 18AB          AND       PL,#65535             ; [CPU_ALU] |348| 
         00000017 FFFF 
    1439 00000018 18AA          AND       PH,#65535             ; [CPU_ALU] |348| 
         00000019 FFFF 
    1440 0000001a C244          MOVL      *-SP[4],XAR6          ; [CPU_FPU] |348| 
    1441 0000001b 2B42          MOV       *-SP[2],#0            ; [CPU_FPU] |348| 
    1442 0000001c 2B41          MOV       *-SP[1],#0            ; [CPU_FPU] |348| 
    1443              $C$DW$98        .dwtag  DW_TAG_TI_branch
    1444                      .dwattr $C$DW$98, DW_AT_low_pc(0x00)
    1445                      .dwattr $C$DW$98, DW_AT_name("__c28xabi_cmpull")
    1446                      .dwattr $C$DW$98, DW_AT_TI_call
    1447              
    1448 0000001d 7640!         LCR       #||__c28xabi_cmpull|| ; [CPU_ALU] |348| 
         0000001e 0000 
    1449                      ; call occurs [#||__c28xabi_cmpull||] ; [] |348| 
    1450 0000001f 5200          CMPB      AL,#0                 ; [CPU_ALU] |348| 
    1451 00000020 56B0          MOVB      XAR4,#1,NEQ           ; [CPU_ALU] |348| 
         00000021 01A4 
    1452 00000022       ||$C$L4||:    
    1453 00000022 FE84          SUBB      SP,#4                 ; [CPU_ARAU] 
    1454                      .dwcfi  cfa_offset, -2
    1455 00000023 92A4          MOV       AL,AR4                ; [CPU_ALU] |348| 
    1456              $C$DW$99        .dwtag  DW_TAG_TI_branch
    1457                      .dwattr $C$DW$99, DW_AT_low_pc(0x00)
    1458                      .dwattr $C$DW$99, DW_AT_TI_return
    1459              
    1460 00000024 0006          LRETR     ; [CPU_ALU] 
    1461                      ; return occurs ; [] 
    1462                      .dwattr $C$DW$95, DW_AT_TI_end_file("C:/ti/ccs2030/ccs/tools/compiler/ti-cgt-c2000_22.6.2.LTS/include
    1463                      .dwattr $C$DW$95, DW_AT_TI_end_line(0x15d)
    1464                      .dwattr $C$DW$95, DW_AT_TI_end_column(0x30)
    1465                      .dwendentry
    1466                      .dwendtag $C$DW$95
    1467              
    1468 00000000               .sect   ".text:__isnanf"
    1469                      .clink
    1470                      .global ||__isnanf||
    1471              
TMS320C2000 Assembler PC v22.6.2 Tue Nov 18 13:15:21 2025

Copyright (c) 1996-2018 Texas Instruments Incorporated
hal_uart_TMS320F280049C.asm                                          PAGE   30

    1472              $C$DW$100       .dwtag  DW_TAG_subprogram
    1473                      .dwattr $C$DW$100, DW_AT_name("__isnanf")
    1474                      .dwattr $C$DW$100, DW_AT_low_pc(||__isnanf||)
    1475                      .dwattr $C$DW$100, DW_AT_high_pc(0x00)
    1476                      .dwattr $C$DW$100, DW_AT_linkage_name("__isnanf")
    1477                      .dwattr $C$DW$100, DW_AT_external
    1478                      .dwattr $C$DW$100, DW_AT_type(*$C$DW$T$10)
    1479                      .dwattr $C$DW$100, DW_AT_decl_file("C:/ti/ccs2030/ccs/tools/compiler/ti-cgt-c2000_22.6.2.LTS/include/
    1480                      .dwattr $C$DW$100, DW_AT_decl_line(0x158)
    1481                      .dwattr $C$DW$100, DW_AT_decl_column(0x18)
    1482                      .dwattr $C$DW$100, DW_AT_TI_max_frame_size(-2)
    1483                      .dwpsn  file "C:/ti/ccs2030/ccs/tools/compiler/ti-cgt-c2000_22.6.2.LTS/include/_defs.h",line 345,colu
    1484              
    1485                      .dwfde $C$DW$CIE, ||__isnanf||
    1486              $C$DW$101       .dwtag  DW_TAG_formal_parameter
    1487                      .dwattr $C$DW$101, DW_AT_name("f")
    1488                      .dwattr $C$DW$101, DW_AT_type(*$C$DW$T$16)
    1489                      .dwattr $C$DW$101, DW_AT_location[DW_OP_regx 0x2b]
    1490              
    1491              
    1492              ;***************************************************************
    1493              ;* FNAME: __isnanf                      FR SIZE:   0           *
    1494              ;*                                                             *
    1495              ;* FUNCTION ENVIRONMENT                                        *
    1496              ;*                                                             *
    1497              ;* FUNCTION PROPERTIES                                         *
    1498              ;*                            0 Parameter,  0 Auto,  0 SOE     *
    1499              ;***************************************************************
    1500              
    1501              ||__isnanf||:
    1502              ;* PL    assigned to $O$K3
    1503              ;* AR6   assigned to $O$S1
    1504              ;* R0    assigned to f
    1505              $C$DW$102       .dwtag  DW_TAG_variable
    1506                      .dwattr $C$DW$102, DW_AT_name("f")
    1507                      .dwattr $C$DW$102, DW_AT_type(*$C$DW$T$46)
    1508                      .dwattr $C$DW$102, DW_AT_location[DW_OP_regx 0x2b]
    1509              
    1510                      .dwcfi  cfa_offset, -2
    1511                      .dwcfi  save_reg_to_mem, 26, 0
    1512                      .dwpsn  file "C:/ti/ccs2030/ccs/tools/compiler/ti-cgt-c2000_22.6.2.LTS/include/_defs.h",line 345,colu
    1513 00000000 BFAB          MOV32     P,R0H                 ; [CPU_FPU] |345| 
         00000001 0F12 
    1514 00000002 CCAA          AND       AL,PH,#0x7f80         ; [CPU_ALU] |345| 
         00000003 7F80 
    1515 00000004 80A9          MOVZ      AR7,AL                ; [CPU_ALU] |345| 
    1516 00000005 BE00          MOVB      XAR6,#0               ; [CPU_ALU] |345| 
    1517 00000006 FF20          MOV       ACC,#32640            ; [CPU_ALU] |345| 
         00000007 7F80 
    1518 00000008 0FA7          CMPL      ACC,XAR7              ; [CPU_ALU] |345| 
    1519 00000009 6006          B         ||$C$L5||,NEQ         ; [CPU_ALU] |345| 
    1520                      ; branchcc occurs ; [] |345| 
    1521 0000000a A9A9          MOVL      ACC,P                 ; [CPU_ALU] |345| 
    1522 0000000b 917F          ANDB      AH,#127               ; [CPU_ALU] |345| 
    1523 0000000c FF58          TEST      ACC                   ; [CPU_ALU] |345| 
TMS320C2000 Assembler PC v22.6.2 Tue Nov 18 13:15:21 2025

Copyright (c) 1996-2018 Texas Instruments Incorporated
hal_uart_TMS320F280049C.asm                                          PAGE   31

    1524 0000000d 56B0          MOVB      XAR6,#1,NEQ           ; [CPU_ALU] |345| 
         0000000e 01A6 
    1525 0000000f       ||$C$L5||:    
    1526 0000000f 92A6          MOV       AL,AR6                ; [CPU_ALU] |345| 
    1527              $C$DW$103       .dwtag  DW_TAG_TI_branch
    1528                      .dwattr $C$DW$103, DW_AT_low_pc(0x00)
    1529                      .dwattr $C$DW$103, DW_AT_TI_return
    1530              
    1531 00000010 0006          LRETR     ; [CPU_ALU] 
    1532                      ; return occurs ; [] 
    1533                      .dwattr $C$DW$100, DW_AT_TI_end_file("C:/ti/ccs2030/ccs/tools/compiler/ti-cgt-c2000_22.6.2.LTS/includ
    1534                      .dwattr $C$DW$100, DW_AT_TI_end_line(0x15a)
    1535                      .dwattr $C$DW$100, DW_AT_TI_end_column(0x2e)
    1536                      .dwendentry
    1537                      .dwendtag $C$DW$100
    1538              
    1539 00000000               .sect   ".text:__isnan"
    1540                      .clink
    1541                      .global ||__isnan||
    1542              
    1543              $C$DW$104       .dwtag  DW_TAG_subprogram
    1544                      .dwattr $C$DW$104, DW_AT_name("__isnan")
    1545                      .dwattr $C$DW$104, DW_AT_low_pc(||__isnan||)
    1546                      .dwattr $C$DW$104, DW_AT_high_pc(0x00)
    1547                      .dwattr $C$DW$104, DW_AT_linkage_name("__isnan")
    1548                      .dwattr $C$DW$104, DW_AT_external
    1549                      .dwattr $C$DW$104, DW_AT_type(*$C$DW$T$10)
    1550                      .dwattr $C$DW$104, DW_AT_decl_file("C:/ti/ccs2030/ccs/tools/compiler/ti-cgt-c2000_22.6.2.LTS/include/
    1551                      .dwattr $C$DW$104, DW_AT_decl_line(0x155)
    1552                      .dwattr $C$DW$104, DW_AT_decl_column(0x18)
    1553                      .dwattr $C$DW$104, DW_AT_TI_max_frame_size(-6)
    1554                      .dwpsn  file "C:/ti/ccs2030/ccs/tools/compiler/ti-cgt-c2000_22.6.2.LTS/include/_defs.h",line 342,colu
    1555              
    1556                      .dwfde $C$DW$CIE, ||__isnan||
    1557              $C$DW$105       .dwtag  DW_TAG_formal_parameter
    1558                      .dwattr $C$DW$105, DW_AT_name("d")
    1559                      .dwattr $C$DW$105, DW_AT_type(*$C$DW$T$47)
    1560                      .dwattr $C$DW$105, DW_AT_location[DW_OP_reg12]
    1561              
    1562              
    1563              ;***************************************************************
    1564              ;* FNAME: __isnan                       FR SIZE:   4           *
    1565              ;*                                                             *
    1566              ;* FUNCTION ENVIRONMENT                                        *
    1567              ;*                                                             *
    1568              ;* FUNCTION PROPERTIES                                         *
    1569              ;*                            4 Parameter,  0 Auto,  0 SOE     *
    1570              ;***************************************************************
    1571              
    1572              ||__isnan||:
    1573              ;* AR7   assigned to $O$C2
    1574              ;* AR4   assigned to $O$S1
    1575              ;* AR4   assigned to d
    1576              $C$DW$106       .dwtag  DW_TAG_variable
    1577                      .dwattr $C$DW$106, DW_AT_name("d")
TMS320C2000 Assembler PC v22.6.2 Tue Nov 18 13:15:21 2025

Copyright (c) 1996-2018 Texas Instruments Incorporated
hal_uart_TMS320F280049C.asm                                          PAGE   32

    1578                      .dwattr $C$DW$106, DW_AT_type(*$C$DW$T$48)
    1579                      .dwattr $C$DW$106, DW_AT_location[DW_OP_reg12]
    1580              
    1581                      .dwcfi  cfa_offset, -2
    1582                      .dwcfi  save_reg_to_mem, 26, 0
    1583 00000000 FE04          ADDB      SP,#4                 ; [CPU_ARAU] 
    1584                      .dwcfi  cfa_offset, -6
    1585                      .dwpsn  file "C:/ti/ccs2030/ccs/tools/compiler/ti-cgt-c2000_22.6.2.LTS/include/_defs.h",line 342,colu
    1586 00000001 C5C4          MOVL      XAR7,*+XAR4[0]        ; [CPU_ALU] |342| 
    1587 00000002 06D4          MOVL      ACC,*+XAR4[2]         ; [CPU_ALU] |342| 
    1588 00000003 28AC          MOV       T,#48                 ; [CPU_ALU] |342| 
         00000004 0030 
    1589 00000005 1EA6          MOVL      XAR6,ACC              ; [CPU_ALU] |342| 
    1590 00000006 A3A7          MOVL      P,XAR7                ; [CPU_ALU] |342| 
    1591 00000007 D400          MOVB      XAR4,#0               ; [CPU_ALU] |342| 
    1592 00000008 565B          LSR64     ACC:P,T               ; [CPU_ALU] |342| 
    1593 00000009 2BAA          MOV       PH,#0                 ; [CPU_ALU] |342| 
    1594 0000000a 18AB          AND       PL,#0x7ff0            ; [CPU_ALU] |342| 
         0000000b 7FF0 
    1595 0000000c FF20          MOV       ACC,#32752            ; [CPU_ALU] |342| 
         0000000d 7FF0 
    1596 0000000e 0FAB          CMPL      ACC,P                 ; [CPU_ALU] |342| 
    1597 0000000f 6013          B         ||$C$L6||,NEQ         ; [CPU_ALU] |342| 
    1598                      ; branchcc occurs ; [] |342| 
    1599 00000010 06A6          MOVL      ACC,XAR6              ; [CPU_ALU] |342| 
    1600 00000011 A3A7          MOVL      P,XAR7                ; [CPU_ALU] |342| 
    1601 00000012 BE00          MOVB      XAR6,#0               ; [CPU_ALU] |342| 
    1602 00000013 18A9          AND       AL,#65535             ; [CPU_ALU] |342| 
         00000014 FFFF 
    1603 00000015 910F          ANDB      AH,#15                ; [CPU_ALU] |342| 
    1604 00000016 18AB          AND       PL,#65535             ; [CPU_ALU] |342| 
         00000017 FFFF 
    1605 00000018 18AA          AND       PH,#65535             ; [CPU_ALU] |342| 
         00000019 FFFF 
    1606 0000001a C244          MOVL      *-SP[4],XAR6          ; [CPU_FPU] |342| 
    1607 0000001b 2B42          MOV       *-SP[2],#0            ; [CPU_FPU] |342| 
    1608 0000001c 2B41          MOV       *-SP[1],#0            ; [CPU_FPU] |342| 
    1609              $C$DW$107       .dwtag  DW_TAG_TI_branch
    1610                      .dwattr $C$DW$107, DW_AT_low_pc(0x00)
    1611                      .dwattr $C$DW$107, DW_AT_name("__c28xabi_cmpull")
    1612                      .dwattr $C$DW$107, DW_AT_TI_call
    1613              
    1614 0000001d 7640!         LCR       #||__c28xabi_cmpull|| ; [CPU_ALU] |342| 
         0000001e 0000 
    1615                      ; call occurs [#||__c28xabi_cmpull||] ; [] |342| 
    1616 0000001f 5200          CMPB      AL,#0                 ; [CPU_ALU] |342| 
    1617 00000020 56B0          MOVB      XAR4,#1,NEQ           ; [CPU_ALU] |342| 
         00000021 01A4 
    1618 00000022       ||$C$L6||:    
    1619 00000022 FE84          SUBB      SP,#4                 ; [CPU_ARAU] 
    1620                      .dwcfi  cfa_offset, -2
    1621 00000023 92A4          MOV       AL,AR4                ; [CPU_ALU] |342| 
    1622              $C$DW$108       .dwtag  DW_TAG_TI_branch
    1623                      .dwattr $C$DW$108, DW_AT_low_pc(0x00)
    1624                      .dwattr $C$DW$108, DW_AT_TI_return
TMS320C2000 Assembler PC v22.6.2 Tue Nov 18 13:15:21 2025

Copyright (c) 1996-2018 Texas Instruments Incorporated
hal_uart_TMS320F280049C.asm                                          PAGE   33

    1625              
    1626 00000024 0006          LRETR     ; [CPU_ALU] 
    1627                      ; return occurs ; [] 
    1628                      .dwattr $C$DW$104, DW_AT_TI_end_file("C:/ti/ccs2030/ccs/tools/compiler/ti-cgt-c2000_22.6.2.LTS/includ
    1629                      .dwattr $C$DW$104, DW_AT_TI_end_line(0x157)
    1630                      .dwattr $C$DW$104, DW_AT_TI_end_column(0x2f)
    1631                      .dwendentry
    1632                      .dwendtag $C$DW$104
    1633              
    1634 00000000               .sect   ".text:__isinfl"
    1635                      .clink
    1636                      .global ||__isinfl||
    1637              
    1638              $C$DW$109       .dwtag  DW_TAG_subprogram
    1639                      .dwattr $C$DW$109, DW_AT_name("__isinfl")
    1640                      .dwattr $C$DW$109, DW_AT_low_pc(||__isinfl||)
    1641                      .dwattr $C$DW$109, DW_AT_high_pc(0x00)
    1642                      .dwattr $C$DW$109, DW_AT_linkage_name("__isinfl")
    1643                      .dwattr $C$DW$109, DW_AT_external
    1644                      .dwattr $C$DW$109, DW_AT_type(*$C$DW$T$10)
    1645                      .dwattr $C$DW$109, DW_AT_decl_file("C:/ti/ccs2030/ccs/tools/compiler/ti-cgt-c2000_22.6.2.LTS/include/
    1646                      .dwattr $C$DW$109, DW_AT_decl_line(0x17a)
    1647                      .dwattr $C$DW$109, DW_AT_decl_column(0x18)
    1648                      .dwattr $C$DW$109, DW_AT_TI_max_frame_size(-6)
    1649                      .dwpsn  file "C:/ti/ccs2030/ccs/tools/compiler/ti-cgt-c2000_22.6.2.LTS/include/_defs.h",line 379,colu
    1650              
    1651                      .dwfde $C$DW$CIE, ||__isinfl||
    1652              $C$DW$110       .dwtag  DW_TAG_formal_parameter
    1653                      .dwattr $C$DW$110, DW_AT_name("e")
    1654                      .dwattr $C$DW$110, DW_AT_type(*$C$DW$T$49)
    1655                      .dwattr $C$DW$110, DW_AT_location[DW_OP_reg12]
    1656              
    1657              
    1658              ;***************************************************************
    1659              ;* FNAME: __isinfl                      FR SIZE:   4           *
    1660              ;*                                                             *
    1661              ;* FUNCTION ENVIRONMENT                                        *
    1662              ;*                                                             *
    1663              ;* FUNCTION PROPERTIES                                         *
    1664              ;*                            4 Parameter,  0 Auto,  0 SOE     *
    1665              ;***************************************************************
    1666              
    1667              ||__isinfl||:
    1668              ;* AR7   assigned to $O$C2
    1669              ;* AR4   assigned to $O$S1
    1670              ;* AR4   assigned to e
    1671              $C$DW$111       .dwtag  DW_TAG_variable
    1672                      .dwattr $C$DW$111, DW_AT_name("e")
    1673                      .dwattr $C$DW$111, DW_AT_type(*$C$DW$T$50)
    1674                      .dwattr $C$DW$111, DW_AT_location[DW_OP_reg12]
    1675              
    1676                      .dwcfi  cfa_offset, -2
    1677                      .dwcfi  save_reg_to_mem, 26, 0
    1678 00000000 FE04          ADDB      SP,#4                 ; [CPU_ARAU] 
    1679                      .dwcfi  cfa_offset, -6
TMS320C2000 Assembler PC v22.6.2 Tue Nov 18 13:15:21 2025

Copyright (c) 1996-2018 Texas Instruments Incorporated
hal_uart_TMS320F280049C.asm                                          PAGE   34

    1680                      .dwpsn  file "C:/ti/ccs2030/ccs/tools/compiler/ti-cgt-c2000_22.6.2.LTS/include/_defs.h",line 379,colu
    1681 00000001 C5C4          MOVL      XAR7,*+XAR4[0]        ; [CPU_ALU] |379| 
    1682 00000002 06D4          MOVL      ACC,*+XAR4[2]         ; [CPU_ALU] |379| 
    1683 00000003 28AC          MOV       T,#48                 ; [CPU_ALU] |379| 
         00000004 0030 
    1684 00000005 1EA6          MOVL      XAR6,ACC              ; [CPU_ALU] |379| 
    1685 00000006 A3A7          MOVL      P,XAR7                ; [CPU_ALU] |379| 
    1686 00000007 D400          MOVB      XAR4,#0               ; [CPU_ALU] |379| 
    1687 00000008 565B          LSR64     ACC:P,T               ; [CPU_ALU] |379| 
    1688 00000009 2BAA          MOV       PH,#0                 ; [CPU_ALU] |379| 
    1689 0000000a 18AB          AND       PL,#0x7ff0            ; [CPU_ALU] |379| 
         0000000b 7FF0 
    1690 0000000c FF20          MOV       ACC,#32752            ; [CPU_ALU] |379| 
         0000000d 7FF0 
    1691 0000000e 0FAB          CMPL      ACC,P                 ; [CPU_ALU] |379| 
    1692 0000000f 6013          B         ||$C$L7||,NEQ         ; [CPU_ALU] |379| 
    1693                      ; branchcc occurs ; [] |379| 
    1694 00000010 06A6          MOVL      ACC,XAR6              ; [CPU_ALU] |379| 
    1695 00000011 A3A7          MOVL      P,XAR7                ; [CPU_ALU] |379| 
    1696 00000012 BE00          MOVB      XAR6,#0               ; [CPU_ALU] |379| 
    1697 00000013 18A9          AND       AL,#65535             ; [CPU_ALU] |379| 
         00000014 FFFF 
    1698 00000015 910F          ANDB      AH,#15                ; [CPU_ALU] |379| 
    1699 00000016 18AB          AND       PL,#65535             ; [CPU_ALU] |379| 
         00000017 FFFF 
    1700 00000018 18AA          AND       PH,#65535             ; [CPU_ALU] |379| 
         00000019 FFFF 
    1701 0000001a C244          MOVL      *-SP[4],XAR6          ; [CPU_FPU] |379| 
    1702 0000001b 2B42          MOV       *-SP[2],#0            ; [CPU_FPU] |379| 
    1703 0000001c 2B41          MOV       *-SP[1],#0            ; [CPU_FPU] |379| 
    1704              $C$DW$112       .dwtag  DW_TAG_TI_branch
    1705                      .dwattr $C$DW$112, DW_AT_low_pc(0x00)
    1706                      .dwattr $C$DW$112, DW_AT_name("__c28xabi_cmpull")
    1707                      .dwattr $C$DW$112, DW_AT_TI_call
    1708              
    1709 0000001d 7640!         LCR       #||__c28xabi_cmpull|| ; [CPU_ALU] |379| 
         0000001e 0000 
    1710                      ; call occurs [#||__c28xabi_cmpull||] ; [] |379| 
    1711 0000001f 5200          CMPB      AL,#0                 ; [CPU_ALU] |379| 
    1712 00000020 56B1          MOVB      XAR4,#1,EQ            ; [CPU_ALU] |379| 
         00000021 01A4 
    1713 00000022       ||$C$L7||:    
    1714 00000022 FE84          SUBB      SP,#4                 ; [CPU_ARAU] 
    1715                      .dwcfi  cfa_offset, -2
    1716 00000023 92A4          MOV       AL,AR4                ; [CPU_ALU] |379| 
    1717              $C$DW$113       .dwtag  DW_TAG_TI_branch
    1718                      .dwattr $C$DW$113, DW_AT_low_pc(0x00)
    1719                      .dwattr $C$DW$113, DW_AT_TI_return
    1720              
    1721 00000024 0006          LRETR     ; [CPU_ALU] 
    1722                      ; return occurs ; [] 
    1723                      .dwattr $C$DW$109, DW_AT_TI_end_file("C:/ti/ccs2030/ccs/tools/compiler/ti-cgt-c2000_22.6.2.LTS/includ
    1724                      .dwattr $C$DW$109, DW_AT_TI_end_line(0x17b)
    1725                      .dwattr $C$DW$109, DW_AT_TI_end_column(0x4c)
    1726                      .dwendentry
TMS320C2000 Assembler PC v22.6.2 Tue Nov 18 13:15:21 2025

Copyright (c) 1996-2018 Texas Instruments Incorporated
hal_uart_TMS320F280049C.asm                                          PAGE   35

    1727                      .dwendtag $C$DW$109
    1728              
    1729 00000000               .sect   ".text:__isinff"
    1730                      .clink
    1731                      .global ||__isinff||
    1732              
    1733              $C$DW$114       .dwtag  DW_TAG_subprogram
    1734                      .dwattr $C$DW$114, DW_AT_name("__isinff")
    1735                      .dwattr $C$DW$114, DW_AT_low_pc(||__isinff||)
    1736                      .dwattr $C$DW$114, DW_AT_high_pc(0x00)
    1737                      .dwattr $C$DW$114, DW_AT_linkage_name("__isinff")
    1738                      .dwattr $C$DW$114, DW_AT_external
    1739                      .dwattr $C$DW$114, DW_AT_type(*$C$DW$T$10)
    1740                      .dwattr $C$DW$114, DW_AT_decl_file("C:/ti/ccs2030/ccs/tools/compiler/ti-cgt-c2000_22.6.2.LTS/include/
    1741                      .dwattr $C$DW$114, DW_AT_decl_line(0x176)
    1742                      .dwattr $C$DW$114, DW_AT_decl_column(0x18)
    1743                      .dwattr $C$DW$114, DW_AT_TI_max_frame_size(-2)
    1744                      .dwpsn  file "C:/ti/ccs2030/ccs/tools/compiler/ti-cgt-c2000_22.6.2.LTS/include/_defs.h",line 375,colu
    1745              
    1746                      .dwfde $C$DW$CIE, ||__isinff||
    1747              $C$DW$115       .dwtag  DW_TAG_formal_parameter
    1748                      .dwattr $C$DW$115, DW_AT_name("f")
    1749                      .dwattr $C$DW$115, DW_AT_type(*$C$DW$T$16)
    1750                      .dwattr $C$DW$115, DW_AT_location[DW_OP_regx 0x2b]
    1751              
    1752              
    1753              ;***************************************************************
    1754              ;* FNAME: __isinff                      FR SIZE:   0           *
    1755              ;*                                                             *
    1756              ;* FUNCTION ENVIRONMENT                                        *
    1757              ;*                                                             *
    1758              ;* FUNCTION PROPERTIES                                         *
    1759              ;*                            0 Parameter,  0 Auto,  0 SOE     *
    1760              ;***************************************************************
    1761              
    1762              ||__isinff||:
    1763              ;* PL    assigned to $O$K3
    1764              ;* AR6   assigned to $O$S1
    1765              ;* R0    assigned to f
    1766              $C$DW$116       .dwtag  DW_TAG_variable
    1767                      .dwattr $C$DW$116, DW_AT_name("f")
    1768                      .dwattr $C$DW$116, DW_AT_type(*$C$DW$T$46)
    1769                      .dwattr $C$DW$116, DW_AT_location[DW_OP_regx 0x2b]
    1770              
    1771                      .dwcfi  cfa_offset, -2
    1772                      .dwcfi  save_reg_to_mem, 26, 0
    1773                      .dwpsn  file "C:/ti/ccs2030/ccs/tools/compiler/ti-cgt-c2000_22.6.2.LTS/include/_defs.h",line 375,colu
    1774 00000000 BFAB          MOV32     P,R0H                 ; [CPU_FPU] |375| 
         00000001 0F12 
    1775 00000002 CCAA          AND       AL,PH,#0x7f80         ; [CPU_ALU] |375| 
         00000003 7F80 
    1776 00000004 80A9          MOVZ      AR7,AL                ; [CPU_ALU] |375| 
    1777 00000005 BE00          MOVB      XAR6,#0               ; [CPU_ALU] |375| 
    1778 00000006 FF20          MOV       ACC,#32640            ; [CPU_ALU] |375| 
         00000007 7F80 
TMS320C2000 Assembler PC v22.6.2 Tue Nov 18 13:15:21 2025

Copyright (c) 1996-2018 Texas Instruments Incorporated
hal_uart_TMS320F280049C.asm                                          PAGE   36

    1779 00000008 0FA7          CMPL      ACC,XAR7              ; [CPU_ALU] |375| 
    1780 00000009 6006          B         ||$C$L8||,NEQ         ; [CPU_ALU] |375| 
    1781                      ; branchcc occurs ; [] |375| 
    1782 0000000a A9A9          MOVL      ACC,P                 ; [CPU_ALU] |375| 
    1783 0000000b 917F          ANDB      AH,#127               ; [CPU_ALU] |375| 
    1784 0000000c FF58          TEST      ACC                   ; [CPU_ALU] |375| 
    1785 0000000d 56B1          MOVB      XAR6,#1,EQ            ; [CPU_ALU] |375| 
         0000000e 01A6 
    1786 0000000f       ||$C$L8||:    
    1787 0000000f 92A6          MOV       AL,AR6                ; [CPU_ALU] |375| 
    1788              $C$DW$117       .dwtag  DW_TAG_TI_branch
    1789                      .dwattr $C$DW$117, DW_AT_low_pc(0x00)
    1790                      .dwattr $C$DW$117, DW_AT_TI_return
    1791              
    1792 00000010 0006          LRETR     ; [CPU_ALU] 
    1793                      ; return occurs ; [] 
    1794                      .dwattr $C$DW$114, DW_AT_TI_end_file("C:/ti/ccs2030/ccs/tools/compiler/ti-cgt-c2000_22.6.2.LTS/includ
    1795                      .dwattr $C$DW$114, DW_AT_TI_end_line(0x177)
    1796                      .dwattr $C$DW$114, DW_AT_TI_end_column(0x48)
    1797                      .dwendentry
    1798                      .dwendtag $C$DW$114
    1799              
    1800 00000000               .sect   ".text:__isinf"
    1801                      .clink
    1802                      .global ||__isinf||
    1803              
    1804              $C$DW$118       .dwtag  DW_TAG_subprogram
    1805                      .dwattr $C$DW$118, DW_AT_name("__isinf")
    1806                      .dwattr $C$DW$118, DW_AT_low_pc(||__isinf||)
    1807                      .dwattr $C$DW$118, DW_AT_high_pc(0x00)
    1808                      .dwattr $C$DW$118, DW_AT_linkage_name("__isinf")
    1809                      .dwattr $C$DW$118, DW_AT_external
    1810                      .dwattr $C$DW$118, DW_AT_type(*$C$DW$T$10)
    1811                      .dwattr $C$DW$118, DW_AT_decl_file("C:/ti/ccs2030/ccs/tools/compiler/ti-cgt-c2000_22.6.2.LTS/include/
    1812                      .dwattr $C$DW$118, DW_AT_decl_line(0x178)
    1813                      .dwattr $C$DW$118, DW_AT_decl_column(0x18)
    1814                      .dwattr $C$DW$118, DW_AT_TI_max_frame_size(-6)
    1815                      .dwpsn  file "C:/ti/ccs2030/ccs/tools/compiler/ti-cgt-c2000_22.6.2.LTS/include/_defs.h",line 377,colu
    1816              
    1817                      .dwfde $C$DW$CIE, ||__isinf||
    1818              $C$DW$119       .dwtag  DW_TAG_formal_parameter
    1819                      .dwattr $C$DW$119, DW_AT_name("d")
    1820                      .dwattr $C$DW$119, DW_AT_type(*$C$DW$T$47)
    1821                      .dwattr $C$DW$119, DW_AT_location[DW_OP_reg12]
    1822              
    1823              
    1824              ;***************************************************************
    1825              ;* FNAME: __isinf                       FR SIZE:   4           *
    1826              ;*                                                             *
    1827              ;* FUNCTION ENVIRONMENT                                        *
    1828              ;*                                                             *
    1829              ;* FUNCTION PROPERTIES                                         *
    1830              ;*                            4 Parameter,  0 Auto,  0 SOE     *
    1831              ;***************************************************************
    1832              
TMS320C2000 Assembler PC v22.6.2 Tue Nov 18 13:15:21 2025

Copyright (c) 1996-2018 Texas Instruments Incorporated
hal_uart_TMS320F280049C.asm                                          PAGE   37

    1833              ||__isinf||:
    1834              ;* AR7   assigned to $O$C2
    1835              ;* AR4   assigned to $O$S1
    1836              ;* AR4   assigned to d
    1837              $C$DW$120       .dwtag  DW_TAG_variable
    1838                      .dwattr $C$DW$120, DW_AT_name("d")
    1839                      .dwattr $C$DW$120, DW_AT_type(*$C$DW$T$48)
    1840                      .dwattr $C$DW$120, DW_AT_location[DW_OP_reg12]
    1841              
    1842                      .dwcfi  cfa_offset, -2
    1843                      .dwcfi  save_reg_to_mem, 26, 0
    1844 00000000 FE04          ADDB      SP,#4                 ; [CPU_ARAU] 
    1845                      .dwcfi  cfa_offset, -6
    1846                      .dwpsn  file "C:/ti/ccs2030/ccs/tools/compiler/ti-cgt-c2000_22.6.2.LTS/include/_defs.h",line 377,colu
    1847 00000001 C5C4          MOVL      XAR7,*+XAR4[0]        ; [CPU_ALU] |377| 
    1848 00000002 06D4          MOVL      ACC,*+XAR4[2]         ; [CPU_ALU] |377| 
    1849 00000003 28AC          MOV       T,#48                 ; [CPU_ALU] |377| 
         00000004 0030 
    1850 00000005 1EA6          MOVL      XAR6,ACC              ; [CPU_ALU] |377| 
    1851 00000006 A3A7          MOVL      P,XAR7                ; [CPU_ALU] |377| 
    1852 00000007 D400          MOVB      XAR4,#0               ; [CPU_ALU] |377| 
    1853 00000008 565B          LSR64     ACC:P,T               ; [CPU_ALU] |377| 
    1854 00000009 2BAA          MOV       PH,#0                 ; [CPU_ALU] |377| 
    1855 0000000a 18AB          AND       PL,#0x7ff0            ; [CPU_ALU] |377| 
         0000000b 7FF0 
    1856 0000000c FF20          MOV       ACC,#32752            ; [CPU_ALU] |377| 
         0000000d 7FF0 
    1857 0000000e 0FAB          CMPL      ACC,P                 ; [CPU_ALU] |377| 
    1858 0000000f 6013          B         ||$C$L9||,NEQ         ; [CPU_ALU] |377| 
    1859                      ; branchcc occurs ; [] |377| 
    1860 00000010 06A6          MOVL      ACC,XAR6              ; [CPU_ALU] |377| 
    1861 00000011 A3A7          MOVL      P,XAR7                ; [CPU_ALU] |377| 
    1862 00000012 BE00          MOVB      XAR6,#0               ; [CPU_ALU] |377| 
    1863 00000013 18A9          AND       AL,#65535             ; [CPU_ALU] |377| 
         00000014 FFFF 
    1864 00000015 910F          ANDB      AH,#15                ; [CPU_ALU] |377| 
    1865 00000016 18AB          AND       PL,#65535             ; [CPU_ALU] |377| 
         00000017 FFFF 
    1866 00000018 18AA          AND       PH,#65535             ; [CPU_ALU] |377| 
         00000019 FFFF 
    1867 0000001a C244          MOVL      *-SP[4],XAR6          ; [CPU_FPU] |377| 
    1868 0000001b 2B42          MOV       *-SP[2],#0            ; [CPU_FPU] |377| 
    1869 0000001c 2B41          MOV       *-SP[1],#0            ; [CPU_FPU] |377| 
    1870              $C$DW$121       .dwtag  DW_TAG_TI_branch
    1871                      .dwattr $C$DW$121, DW_AT_low_pc(0x00)
    1872                      .dwattr $C$DW$121, DW_AT_name("__c28xabi_cmpull")
    1873                      .dwattr $C$DW$121, DW_AT_TI_call
    1874              
    1875 0000001d 7640!         LCR       #||__c28xabi_cmpull|| ; [CPU_ALU] |377| 
         0000001e 0000 
    1876                      ; call occurs [#||__c28xabi_cmpull||] ; [] |377| 
    1877 0000001f 5200          CMPB      AL,#0                 ; [CPU_ALU] |377| 
    1878 00000020 56B1          MOVB      XAR4,#1,EQ            ; [CPU_ALU] |377| 
         00000021 01A4 
    1879 00000022       ||$C$L9||:    
TMS320C2000 Assembler PC v22.6.2 Tue Nov 18 13:15:21 2025

Copyright (c) 1996-2018 Texas Instruments Incorporated
hal_uart_TMS320F280049C.asm                                          PAGE   38

    1880 00000022 FE84          SUBB      SP,#4                 ; [CPU_ARAU] 
    1881                      .dwcfi  cfa_offset, -2
    1882 00000023 92A4          MOV       AL,AR4                ; [CPU_ALU] |377| 
    1883              $C$DW$122       .dwtag  DW_TAG_TI_branch
    1884                      .dwattr $C$DW$122, DW_AT_low_pc(0x00)
    1885                      .dwattr $C$DW$122, DW_AT_TI_return
    1886              
    1887 00000024 0006          LRETR     ; [CPU_ALU] 
    1888                      ; return occurs ; [] 
    1889                      .dwattr $C$DW$118, DW_AT_TI_end_file("C:/ti/ccs2030/ccs/tools/compiler/ti-cgt-c2000_22.6.2.LTS/includ
    1890                      .dwattr $C$DW$118, DW_AT_TI_end_line(0x179)
    1891                      .dwattr $C$DW$118, DW_AT_TI_end_column(0x4a)
    1892                      .dwendentry
    1893                      .dwendtag $C$DW$118
    1894              
    1895 00000000               .sect   ".text:__isfinitel"
    1896                      .clink
    1897                      .global ||__isfinitel||
    1898              
    1899              $C$DW$123       .dwtag  DW_TAG_subprogram
    1900                      .dwattr $C$DW$123, DW_AT_name("__isfinitel")
    1901                      .dwattr $C$DW$123, DW_AT_low_pc(||__isfinitel||)
    1902                      .dwattr $C$DW$123, DW_AT_high_pc(0x00)
    1903                      .dwattr $C$DW$123, DW_AT_linkage_name("__isfinitel")
    1904                      .dwattr $C$DW$123, DW_AT_external
    1905                      .dwattr $C$DW$123, DW_AT_type(*$C$DW$T$10)
    1906                      .dwattr $C$DW$123, DW_AT_decl_file("C:/ti/ccs2030/ccs/tools/compiler/ti-cgt-c2000_22.6.2.LTS/include/
    1907                      .dwattr $C$DW$123, DW_AT_decl_line(0x152)
    1908                      .dwattr $C$DW$123, DW_AT_decl_column(0x18)
    1909                      .dwattr $C$DW$123, DW_AT_TI_max_frame_size(-2)
    1910                      .dwpsn  file "C:/ti/ccs2030/ccs/tools/compiler/ti-cgt-c2000_22.6.2.LTS/include/_defs.h",line 339,colu
    1911              
    1912                      .dwfde $C$DW$CIE, ||__isfinitel||
    1913              $C$DW$124       .dwtag  DW_TAG_formal_parameter
    1914                      .dwattr $C$DW$124, DW_AT_name("e")
    1915                      .dwattr $C$DW$124, DW_AT_type(*$C$DW$T$49)
    1916                      .dwattr $C$DW$124, DW_AT_location[DW_OP_reg12]
    1917              
    1918              
    1919              ;***************************************************************
    1920              ;* FNAME: __isfinitel                   FR SIZE:   0           *
    1921              ;*                                                             *
    1922              ;* FUNCTION ENVIRONMENT                                        *
    1923              ;*                                                             *
    1924              ;* FUNCTION PROPERTIES                                         *
    1925              ;*                            0 Parameter,  0 Auto,  0 SOE     *
    1926              ;***************************************************************
    1927              
    1928              ||__isfinitel||:
    1929              ;* AR4   assigned to e
    1930              $C$DW$125       .dwtag  DW_TAG_variable
    1931                      .dwattr $C$DW$125, DW_AT_name("e")
    1932                      .dwattr $C$DW$125, DW_AT_type(*$C$DW$T$50)
    1933                      .dwattr $C$DW$125, DW_AT_location[DW_OP_reg12]
    1934              
TMS320C2000 Assembler PC v22.6.2 Tue Nov 18 13:15:21 2025

Copyright (c) 1996-2018 Texas Instruments Incorporated
hal_uart_TMS320F280049C.asm                                          PAGE   39

    1935                      .dwcfi  cfa_offset, -2
    1936                      .dwcfi  save_reg_to_mem, 26, 0
    1937                      .dwpsn  file "C:/ti/ccs2030/ccs/tools/compiler/ti-cgt-c2000_22.6.2.LTS/include/_defs.h",line 339,colu
    1938 00000000 A3C4          MOVL      P,*+XAR4[0]           ; [CPU_ALU] |339| 
    1939 00000001 06D4          MOVL      ACC,*+XAR4[2]         ; [CPU_ALU] |339| 
    1940 00000002 28AC          MOV       T,#48                 ; [CPU_ALU] |339| 
         00000003 0030 
    1941 00000004 565B          LSR64     ACC:P,T               ; [CPU_ALU] |339| 
    1942 00000005 18AB          AND       PL,#0x7ff0            ; [CPU_ALU] |339| 
         00000006 7FF0 
    1943 00000007 80AB          MOVZ      AR7,PL                ; [CPU_ALU] |339| 
    1944 00000008 FF20          MOV       ACC,#32752            ; [CPU_ALU] |339| 
         00000009 7FF0 
    1945 0000000a BE00          MOVB      XAR6,#0               ; [CPU_ALU] |339| 
    1946 0000000b 0FA7          CMPL      ACC,XAR7              ; [CPU_ALU] |339| 
    1947 0000000c 56B0          MOVB      XAR6,#1,NEQ           ; [CPU_ALU] |339| 
         0000000d 01A6 
    1948 0000000e 92A6          MOV       AL,AR6                ; [CPU_ALU] |339| 
    1949              $C$DW$126       .dwtag  DW_TAG_TI_branch
    1950                      .dwattr $C$DW$126, DW_AT_low_pc(0x00)
    1951                      .dwattr $C$DW$126, DW_AT_TI_return
    1952              
    1953 0000000f 0006          LRETR     ; [CPU_ALU] 
    1954                      ; return occurs ; [] 
    1955                      .dwattr $C$DW$123, DW_AT_TI_end_file("C:/ti/ccs2030/ccs/tools/compiler/ti-cgt-c2000_22.6.2.LTS/includ
    1956                      .dwattr $C$DW$123, DW_AT_TI_end_line(0x153)
    1957                      .dwattr $C$DW$123, DW_AT_TI_end_column(0x2f)
    1958                      .dwendentry
    1959                      .dwendtag $C$DW$123
    1960              
    1961 00000000               .sect   ".text:__isfinitef"
    1962                      .clink
    1963                      .global ||__isfinitef||
    1964              
    1965              $C$DW$127       .dwtag  DW_TAG_subprogram
    1966                      .dwattr $C$DW$127, DW_AT_name("__isfinitef")
    1967                      .dwattr $C$DW$127, DW_AT_low_pc(||__isfinitef||)
    1968                      .dwattr $C$DW$127, DW_AT_high_pc(0x00)
    1969                      .dwattr $C$DW$127, DW_AT_linkage_name("__isfinitef")
    1970                      .dwattr $C$DW$127, DW_AT_external
    1971                      .dwattr $C$DW$127, DW_AT_type(*$C$DW$T$10)
    1972                      .dwattr $C$DW$127, DW_AT_decl_file("C:/ti/ccs2030/ccs/tools/compiler/ti-cgt-c2000_22.6.2.LTS/include/
    1973                      .dwattr $C$DW$127, DW_AT_decl_line(0x150)
    1974                      .dwattr $C$DW$127, DW_AT_decl_column(0x18)
    1975                      .dwattr $C$DW$127, DW_AT_TI_max_frame_size(-2)
    1976                      .dwpsn  file "C:/ti/ccs2030/ccs/tools/compiler/ti-cgt-c2000_22.6.2.LTS/include/_defs.h",line 337,colu
    1977              
    1978                      .dwfde $C$DW$CIE, ||__isfinitef||
    1979              $C$DW$128       .dwtag  DW_TAG_formal_parameter
    1980                      .dwattr $C$DW$128, DW_AT_name("f")
    1981                      .dwattr $C$DW$128, DW_AT_type(*$C$DW$T$16)
    1982                      .dwattr $C$DW$128, DW_AT_location[DW_OP_regx 0x2b]
    1983              
    1984              
    1985              ;***************************************************************
TMS320C2000 Assembler PC v22.6.2 Tue Nov 18 13:15:21 2025

Copyright (c) 1996-2018 Texas Instruments Incorporated
hal_uart_TMS320F280049C.asm                                          PAGE   40

    1986              ;* FNAME: __isfinitef                   FR SIZE:   0           *
    1987              ;*                                                             *
    1988              ;* FUNCTION ENVIRONMENT                                        *
    1989              ;*                                                             *
    1990              ;* FUNCTION PROPERTIES                                         *
    1991              ;*                            0 Parameter,  0 Auto,  0 SOE     *
    1992              ;***************************************************************
    1993              
    1994              ||__isfinitef||:
    1995              ;* R0    assigned to f
    1996              $C$DW$129       .dwtag  DW_TAG_variable
    1997                      .dwattr $C$DW$129, DW_AT_name("f")
    1998                      .dwattr $C$DW$129, DW_AT_type(*$C$DW$T$46)
    1999                      .dwattr $C$DW$129, DW_AT_location[DW_OP_regx 0x2b]
    2000              
    2001                      .dwcfi  cfa_offset, -2
    2002                      .dwcfi  save_reg_to_mem, 26, 0
    2003                      .dwpsn  file "C:/ti/ccs2030/ccs/tools/compiler/ti-cgt-c2000_22.6.2.LTS/include/_defs.h",line 337,colu
    2004 00000000 BFAB          MOV32     P,R0H                 ; [CPU_FPU] |337| 
         00000001 0F12 
    2005 00000002 18AA          AND       PH,#0x7f80            ; [CPU_ALU] |337| 
         00000003 7F80 
    2006 00000004 80AA          MOVZ      AR7,PH                ; [CPU_ALU] |337| 
    2007 00000005 FF20          MOV       ACC,#32640            ; [CPU_ALU] |337| 
         00000006 7F80 
    2008 00000007 BE00          MOVB      XAR6,#0               ; [CPU_ALU] |337| 
    2009 00000008 0FA7          CMPL      ACC,XAR7              ; [CPU_ALU] |337| 
    2010 00000009 56B0          MOVB      XAR6,#1,NEQ           ; [CPU_ALU] |337| 
         0000000a 01A6 
    2011 0000000b 92A6          MOV       AL,AR6                ; [CPU_ALU] |337| 
    2012              $C$DW$130       .dwtag  DW_TAG_TI_branch
    2013                      .dwattr $C$DW$130, DW_AT_low_pc(0x00)
    2014                      .dwattr $C$DW$130, DW_AT_TI_return
    2015              
    2016 0000000c 0006          LRETR     ; [CPU_ALU] 
    2017                      ; return occurs ; [] 
    2018                      .dwattr $C$DW$127, DW_AT_TI_end_file("C:/ti/ccs2030/ccs/tools/compiler/ti-cgt-c2000_22.6.2.LTS/includ
    2019                      .dwattr $C$DW$127, DW_AT_TI_end_line(0x151)
    2020                      .dwattr $C$DW$127, DW_AT_TI_end_column(0x2d)
    2021                      .dwendentry
    2022                      .dwendtag $C$DW$127
    2023              
    2024 00000000               .sect   ".text:__isfinite"
    2025                      .clink
    2026                      .global ||__isfinite||
    2027              
    2028              $C$DW$131       .dwtag  DW_TAG_subprogram
    2029                      .dwattr $C$DW$131, DW_AT_name("__isfinite")
    2030                      .dwattr $C$DW$131, DW_AT_low_pc(||__isfinite||)
    2031                      .dwattr $C$DW$131, DW_AT_high_pc(0x00)
    2032                      .dwattr $C$DW$131, DW_AT_linkage_name("__isfinite")
    2033                      .dwattr $C$DW$131, DW_AT_external
    2034                      .dwattr $C$DW$131, DW_AT_type(*$C$DW$T$10)
    2035                      .dwattr $C$DW$131, DW_AT_decl_file("C:/ti/ccs2030/ccs/tools/compiler/ti-cgt-c2000_22.6.2.LTS/include/
    2036                      .dwattr $C$DW$131, DW_AT_decl_line(0x14e)
TMS320C2000 Assembler PC v22.6.2 Tue Nov 18 13:15:21 2025

Copyright (c) 1996-2018 Texas Instruments Incorporated
hal_uart_TMS320F280049C.asm                                          PAGE   41

    2037                      .dwattr $C$DW$131, DW_AT_decl_column(0x18)
    2038                      .dwattr $C$DW$131, DW_AT_TI_max_frame_size(-2)
    2039                      .dwpsn  file "C:/ti/ccs2030/ccs/tools/compiler/ti-cgt-c2000_22.6.2.LTS/include/_defs.h",line 335,colu
    2040              
    2041                      .dwfde $C$DW$CIE, ||__isfinite||
    2042              $C$DW$132       .dwtag  DW_TAG_formal_parameter
    2043                      .dwattr $C$DW$132, DW_AT_name("d")
    2044                      .dwattr $C$DW$132, DW_AT_type(*$C$DW$T$47)
    2045                      .dwattr $C$DW$132, DW_AT_location[DW_OP_reg12]
    2046              
    2047              
    2048              ;***************************************************************
    2049              ;* FNAME: __isfinite                    FR SIZE:   0           *
    2050              ;*                                                             *
    2051              ;* FUNCTION ENVIRONMENT                                        *
    2052              ;*                                                             *
    2053              ;* FUNCTION PROPERTIES                                         *
    2054              ;*                            0 Parameter,  0 Auto,  0 SOE     *
    2055              ;***************************************************************
    2056              
    2057              ||__isfinite||:
    2058              ;* AR4   assigned to d
    2059              $C$DW$133       .dwtag  DW_TAG_variable
    2060                      .dwattr $C$DW$133, DW_AT_name("d")
    2061                      .dwattr $C$DW$133, DW_AT_type(*$C$DW$T$48)
    2062                      .dwattr $C$DW$133, DW_AT_location[DW_OP_reg12]
    2063              
    2064                      .dwcfi  cfa_offset, -2
    2065                      .dwcfi  save_reg_to_mem, 26, 0
    2066                      .dwpsn  file "C:/ti/ccs2030/ccs/tools/compiler/ti-cgt-c2000_22.6.2.LTS/include/_defs.h",line 335,colu
    2067 00000000 A3C4          MOVL      P,*+XAR4[0]           ; [CPU_ALU] |335| 
    2068 00000001 06D4          MOVL      ACC,*+XAR4[2]         ; [CPU_ALU] |335| 
    2069 00000002 28AC          MOV       T,#48                 ; [CPU_ALU] |335| 
         00000003 0030 
    2070 00000004 565B          LSR64     ACC:P,T               ; [CPU_ALU] |335| 
    2071 00000005 18AB          AND       PL,#0x7ff0            ; [CPU_ALU] |335| 
         00000006 7FF0 
    2072 00000007 80AB          MOVZ      AR7,PL                ; [CPU_ALU] |335| 
    2073 00000008 FF20          MOV       ACC,#32752            ; [CPU_ALU] |335| 
         00000009 7FF0 
    2074 0000000a BE00          MOVB      XAR6,#0               ; [CPU_ALU] |335| 
    2075 0000000b 0FA7          CMPL      ACC,XAR7              ; [CPU_ALU] |335| 
    2076 0000000c 56B0          MOVB      XAR6,#1,NEQ           ; [CPU_ALU] |335| 
         0000000d 01A6 
    2077 0000000e 92A6          MOV       AL,AR6                ; [CPU_ALU] |335| 
    2078              $C$DW$134       .dwtag  DW_TAG_TI_branch
    2079                      .dwattr $C$DW$134, DW_AT_low_pc(0x00)
    2080                      .dwattr $C$DW$134, DW_AT_TI_return
    2081              
    2082 0000000f 0006          LRETR     ; [CPU_ALU] 
    2083                      ; return occurs ; [] 
    2084                      .dwattr $C$DW$131, DW_AT_TI_end_file("C:/ti/ccs2030/ccs/tools/compiler/ti-cgt-c2000_22.6.2.LTS/includ
    2085                      .dwattr $C$DW$131, DW_AT_TI_end_line(0x14f)
    2086                      .dwattr $C$DW$131, DW_AT_TI_end_column(0x2e)
    2087                      .dwendentry
TMS320C2000 Assembler PC v22.6.2 Tue Nov 18 13:15:21 2025

Copyright (c) 1996-2018 Texas Instruments Incorporated
hal_uart_TMS320F280049C.asm                                          PAGE   42

    2088                      .dwendtag $C$DW$131
    2089              
    2090 00000000               .sect   ".text:__fpclassifyl"
    2091                      .clink
    2092                      .global ||__fpclassifyl||
    2093              
    2094              $C$DW$135       .dwtag  DW_TAG_subprogram
    2095                      .dwattr $C$DW$135, DW_AT_name("__fpclassifyl")
    2096                      .dwattr $C$DW$135, DW_AT_low_pc(||__fpclassifyl||)
    2097                      .dwattr $C$DW$135, DW_AT_high_pc(0x00)
    2098                      .dwattr $C$DW$135, DW_AT_linkage_name("__fpclassifyl")
    2099                      .dwattr $C$DW$135, DW_AT_external
    2100                      .dwattr $C$DW$135, DW_AT_type(*$C$DW$T$10)
    2101                      .dwattr $C$DW$135, DW_AT_decl_file("C:/ti/ccs2030/ccs/tools/compiler/ti-cgt-c2000_22.6.2.LTS/include/
    2102                      .dwattr $C$DW$135, DW_AT_decl_line(0x1ae)
    2103                      .dwattr $C$DW$135, DW_AT_decl_column(0x18)
    2104                      .dwattr $C$DW$135, DW_AT_TI_max_frame_size(-10)
    2105                      .dwpsn  file "C:/ti/ccs2030/ccs/tools/compiler/ti-cgt-c2000_22.6.2.LTS/include/_defs.h",line 431,colu
    2106              
    2107                      .dwfde $C$DW$CIE, ||__fpclassifyl||
    2108              $C$DW$136       .dwtag  DW_TAG_formal_parameter
    2109                      .dwattr $C$DW$136, DW_AT_name("e")
    2110                      .dwattr $C$DW$136, DW_AT_type(*$C$DW$T$49)
    2111                      .dwattr $C$DW$136, DW_AT_location[DW_OP_reg12]
    2112              
    2113              
    2114              ;***************************************************************
    2115              ;* FNAME: __fpclassifyl                 FR SIZE:   8           *
    2116              ;*                                                             *
    2117              ;* FUNCTION ENVIRONMENT                                        *
    2118              ;*                                                             *
    2119              ;* FUNCTION PROPERTIES                                         *
    2120              ;*                            4 Parameter,  4 Auto,  0 SOE     *
    2121              ;***************************************************************
    2122              
    2123              ||__fpclassifyl||:
    2124              $C$DW$137       .dwtag  DW_TAG_variable
    2125                      .dwattr $C$DW$137, DW_AT_name("e")
    2126                      .dwattr $C$DW$137, DW_AT_type(*$C$DW$T$18)
    2127                      .dwattr $C$DW$137, DW_AT_location[DW_OP_breg20 -8]
    2128              
    2129              ;* AR5   assigned to $O$C1
    2130              ;* AR4   assigned to e
    2131              $C$DW$138       .dwtag  DW_TAG_variable
    2132                      .dwattr $C$DW$138, DW_AT_name("e")
    2133                      .dwattr $C$DW$138, DW_AT_type(*$C$DW$T$50)
    2134                      .dwattr $C$DW$138, DW_AT_location[DW_OP_reg12]
    2135              
    2136                      .dwcfi  cfa_offset, -2
    2137                      .dwcfi  save_reg_to_mem, 26, 0
    2138 00000000 FE08          ADDB      SP,#8                 ; [CPU_ARAU] 
    2139                      .dwcfi  cfa_offset, -10
    2140 00000001 C4D4          MOVL      XAR6,*+XAR4[2]        ; [CPU_ALU] |431| 
    2141 00000002 06C4          MOVL      ACC,*+XAR4[0]         ; [CPU_ALU] |431| 
    2142 00000003 1E48          MOVL      *-SP[8],ACC           ; [CPU_ALU] |431| 
TMS320C2000 Assembler PC v22.6.2 Tue Nov 18 13:15:21 2025

Copyright (c) 1996-2018 Texas Instruments Incorporated
hal_uart_TMS320F280049C.asm                                          PAGE   43

    2143 00000004 C246          MOVL      *-SP[6],XAR6          ; [CPU_ALU] |431| 
    2144                      .dwpsn  file "C:/ti/ccs2030/ccs/tools/compiler/ti-cgt-c2000_22.6.2.LTS/include/_defs.h",line 432,colu
    2145 00000005 8348          MOVL      XAR5,*-SP[8]          ; [CPU_ALU] |432| 
    2146 00000006 8A46          MOVL      XAR4,*-SP[6]          ; [CPU_ALU] |432| 
    2147                      .dwpsn  file "C:/ti/ccs2030/ccs/tools/compiler/ti-cgt-c2000_22.6.2.LTS/include/_defs.h",line 436,colu
    2148 00000007 28AC          MOV       T,#48                 ; [CPU_ALU] |436| 
         00000008 0030 
    2149 00000009 A0AB          MOVL      P,XAR5                ; [CPU_ALU] |436| 
    2150 0000000a A8A9          MOVL      ACC,XAR4              ; [CPU_ALU] |436| 
    2151 0000000b 565B          LSR64     ACC:P,T               ; [CPU_ALU] |436| 
    2152 0000000c 18AB          AND       PL,#0x7ff0            ; [CPU_ALU] |436| 
         0000000d 7FF0 
    2153 0000000e 88AB          MOVZ      AR6,PL                ; [CPU_ALU] |436| 
    2154 0000000f FF20          MOV       ACC,#32752            ; [CPU_ALU] |436| 
         00000010 7FF0 
    2155 00000011 0FA6          CMPL      ACC,XAR6              ; [CPU_ALU] |436| 
    2156 00000012 6016          B         ||$C$L11||,NEQ        ; [CPU_ALU] |436| 
    2157                      ; branchcc occurs ; [] |436| 
    2158 00000013 0200          MOVB      ACC,#0                ; [CPU_ALU] |436| 
    2159 00000014 1E44          MOVL      *-SP[4],ACC           ; [CPU_ALU] |436| 
    2160 00000015 2B42          MOV       *-SP[2],#0            ; [CPU_ALU] |436| 
    2161 00000016 2B41          MOV       *-SP[1],#0            ; [CPU_ALU] |436| 
    2162 00000017 A348          MOVL      P,*-SP[8]             ; [CPU_ALU] |436| 
    2163 00000018 0646          MOVL      ACC,*-SP[6]           ; [CPU_ALU] |436| 
    2164 00000019 18AB          AND       PL,#65535             ; [CPU_ALU] |436| 
         0000001a FFFF 
    2165 0000001b 18AA          AND       PH,#65535             ; [CPU_ALU] |436| 
         0000001c FFFF 
    2166 0000001d 18A9          AND       AL,#65535             ; [CPU_ALU] |436| 
         0000001e FFFF 
    2167 0000001f 910F          ANDB      AH,#15                ; [CPU_ALU] |436| 
    2168              $C$DW$139       .dwtag  DW_TAG_TI_branch
    2169                      .dwattr $C$DW$139, DW_AT_low_pc(0x00)
    2170                      .dwattr $C$DW$139, DW_AT_name("__c28xabi_cmpull")
    2171                      .dwattr $C$DW$139, DW_AT_TI_call
    2172              
    2173 00000020 7640!         LCR       #||__c28xabi_cmpull|| ; [CPU_ALU] |436| 
         00000021 0000 
    2174                      ; call occurs [#||__c28xabi_cmpull||] ; [] |436| 
    2175 00000022 5200          CMPB      AL,#0                 ; [CPU_ALU] |436| 
    2176 00000023 6103          B         ||$C$L10||,EQ         ; [CPU_ALU] |436| 
    2177                      ; branchcc occurs ; [] |436| 
    2178 00000024 9A02          MOVB      AL,#2                 ; [CPU_ALU] |436| 
    2179 00000025 6F2D          B         ||$C$L14||,UNC        ; [CPU_ALU] |436| 
    2180                      ; branch occurs ; [] |436| 
    2181 00000026       ||$C$L10||:    
    2182 00000026 9A01          MOVB      AL,#1                 ; [CPU_ALU] |436| 
    2183 00000027 6F2B          B         ||$C$L14||,UNC        ; [CPU_ALU] |436| 
    2184                      ; branch occurs ; [] |436| 
    2185 00000028       ||$C$L11||:    
    2186 00000028 BE00          MOVB      XAR6,#0               ; [CPU_ALU] |436| 
    2187 00000029 A0AB          MOVL      P,XAR5                ; [CPU_ALU] |436| 
    2188 0000002a A8A9          MOVL      ACC,XAR4              ; [CPU_ALU] |436| 
    2189 0000002b 28AC          MOV       T,#52                 ; [CPU_ALU] |436| 
         0000002c 0034 
TMS320C2000 Assembler PC v22.6.2 Tue Nov 18 13:15:21 2025

Copyright (c) 1996-2018 Texas Instruments Incorporated
hal_uart_TMS320F280049C.asm                                          PAGE   44

    2190 0000002d C244          MOVL      *-SP[4],XAR6          ; [CPU_ALU] |436| 
    2191 0000002e 2B42          MOV       *-SP[2],#0            ; [CPU_ALU] |436| 
    2192 0000002f 565B          LSR64     ACC:P,T               ; [CPU_ALU] |436| 
    2193 00000030 2B41          MOV       *-SP[1],#0            ; [CPU_FPU] |436| 
    2194 00000031 9000          ANDB      AL,#0                 ; [CPU_ALU] |436| 
    2195 00000032 9100          ANDB      AH,#0                 ; [CPU_ALU] |436| 
    2196 00000033 18AB          AND       PL,#2047              ; [CPU_ALU] |436| 
         00000034 07FF 
    2197 00000035 18AA          AND       PH,#0                 ; [CPU_ALU] |436| 
         00000036 0000 
    2198              $C$DW$140       .dwtag  DW_TAG_TI_branch
    2199                      .dwattr $C$DW$140, DW_AT_low_pc(0x00)
    2200                      .dwattr $C$DW$140, DW_AT_name("__c28xabi_cmpull")
    2201                      .dwattr $C$DW$140, DW_AT_TI_call
    2202              
    2203 00000037 7640!         LCR       #||__c28xabi_cmpull|| ; [CPU_ALU] |436| 
         00000038 0000 
    2204                      ; call occurs [#||__c28xabi_cmpull||] ; [] |436| 
    2205 00000039 5200          CMPB      AL,#0                 ; [CPU_ALU] |436| 
    2206 0000003a 6104          B         ||$C$L12||,EQ         ; [CPU_ALU] |436| 
    2207                      ; branchcc occurs ; [] |436| 
    2208 0000003b 28A9          MOV       AL,#-1                ; [CPU_ALU] |436| 
         0000003c FFFF 
    2209 0000003d 6F15          B         ||$C$L14||,UNC        ; [CPU_ALU] |436| 
    2210                      ; branch occurs ; [] |436| 
    2211 0000003e       ||$C$L12||:    
    2212 0000003e C244          MOVL      *-SP[4],XAR6          ; [CPU_ALU] |436| 
    2213 0000003f A8A9          MOVL      ACC,XAR4              ; [CPU_ALU] |436| 
    2214 00000040 A0AB          MOVL      P,XAR5                ; [CPU_ALU] |436| 
    2215 00000041 2B42          MOV       *-SP[2],#0            ; [CPU_ALU] |436| 
    2216 00000042 18A9          AND       AL,#65535             ; [CPU_ALU] |436| 
         00000043 FFFF 
    2217 00000044 910F          ANDB      AH,#15                ; [CPU_ALU] |436| 
    2218 00000045 18AB          AND       PL,#65535             ; [CPU_ALU] |436| 
         00000046 FFFF 
    2219 00000047 18AA          AND       PH,#65535             ; [CPU_ALU] |436| 
         00000048 FFFF 
    2220 00000049 2B41          MOV       *-SP[1],#0            ; [CPU_FPU] |436| 
    2221              $C$DW$141       .dwtag  DW_TAG_TI_branch
    2222                      .dwattr $C$DW$141, DW_AT_low_pc(0x00)
    2223                      .dwattr $C$DW$141, DW_AT_name("__c28xabi_cmpull")
    2224                      .dwattr $C$DW$141, DW_AT_TI_call
    2225              
    2226 0000004a 7640!         LCR       #||__c28xabi_cmpull|| ; [CPU_ALU] |436| 
         0000004b 0000 
    2227                      ; call occurs [#||__c28xabi_cmpull||] ; [] |436| 
    2228 0000004c 5200          CMPB      AL,#0                 ; [CPU_ALU] |436| 
    2229 0000004d 6104          B         ||$C$L13||,EQ         ; [CPU_ALU] |436| 
    2230                      ; branchcc occurs ; [] |436| 
    2231 0000004e 28A9          MOV       AL,#-2                ; [CPU_ALU] |436| 
         0000004f FFFE 
    2232 00000050 6F02          B         ||$C$L14||,UNC        ; [CPU_ALU] |436| 
    2233                      ; branch occurs ; [] |436| 
    2234 00000051       ||$C$L13||:    
    2235 00000051 9A00          MOVB      AL,#0                 ; [CPU_ALU] |436| 
TMS320C2000 Assembler PC v22.6.2 Tue Nov 18 13:15:21 2025

Copyright (c) 1996-2018 Texas Instruments Incorporated
hal_uart_TMS320F280049C.asm                                          PAGE   45

    2236 00000052       ||$C$L14||:    
    2237 00000052 FE88          SUBB      SP,#8                 ; [CPU_ARAU] 
    2238                      .dwcfi  cfa_offset, -2
    2239              $C$DW$142       .dwtag  DW_TAG_TI_branch
    2240                      .dwattr $C$DW$142, DW_AT_low_pc(0x00)
    2241                      .dwattr $C$DW$142, DW_AT_TI_return
    2242              
    2243 00000053 0006          LRETR     ; [CPU_ALU] 
    2244                      ; return occurs ; [] 
    2245                      .dwattr $C$DW$135, DW_AT_TI_end_file("C:/ti/ccs2030/ccs/tools/compiler/ti-cgt-c2000_22.6.2.LTS/includ
    2246                      .dwattr $C$DW$135, DW_AT_TI_end_line(0x1bd)
    2247                      .dwattr $C$DW$135, DW_AT_TI_end_column(0x01)
    2248                      .dwendentry
    2249                      .dwendtag $C$DW$135
    2250              
    2251 00000000               .sect   ".text:__fpclassifyf"
    2252                      .clink
    2253                      .global ||__fpclassifyf||
    2254              
    2255              $C$DW$143       .dwtag  DW_TAG_subprogram
    2256                      .dwattr $C$DW$143, DW_AT_name("__fpclassifyf")
    2257                      .dwattr $C$DW$143, DW_AT_low_pc(||__fpclassifyf||)
    2258                      .dwattr $C$DW$143, DW_AT_high_pc(0x00)
    2259                      .dwattr $C$DW$143, DW_AT_linkage_name("__fpclassifyf")
    2260                      .dwattr $C$DW$143, DW_AT_external
    2261                      .dwattr $C$DW$143, DW_AT_type(*$C$DW$T$10)
    2262                      .dwattr $C$DW$143, DW_AT_decl_file("C:/ti/ccs2030/ccs/tools/compiler/ti-cgt-c2000_22.6.2.LTS/include/
    2263                      .dwattr $C$DW$143, DW_AT_decl_line(0x18c)
    2264                      .dwattr $C$DW$143, DW_AT_decl_column(0x18)
    2265                      .dwattr $C$DW$143, DW_AT_TI_max_frame_size(-2)
    2266                      .dwpsn  file "C:/ti/ccs2030/ccs/tools/compiler/ti-cgt-c2000_22.6.2.LTS/include/_defs.h",line 397,colu
    2267              
    2268                      .dwfde $C$DW$CIE, ||__fpclassifyf||
    2269              $C$DW$144       .dwtag  DW_TAG_formal_parameter
    2270                      .dwattr $C$DW$144, DW_AT_name("f")
    2271                      .dwattr $C$DW$144, DW_AT_type(*$C$DW$T$16)
    2272                      .dwattr $C$DW$144, DW_AT_location[DW_OP_regx 0x2b]
    2273              
    2274              
    2275              ;***************************************************************
    2276              ;* FNAME: __fpclassifyf                 FR SIZE:   0           *
    2277              ;*                                                             *
    2278              ;* FUNCTION ENVIRONMENT                                        *
    2279              ;*                                                             *
    2280              ;* FUNCTION PROPERTIES                                         *
    2281              ;*                            0 Parameter,  0 Auto,  0 SOE     *
    2282              ;***************************************************************
    2283              
    2284              ||__fpclassifyf||:
    2285              ;* PL    assigned to $O$K1
    2286              ;* R0    assigned to f
    2287              $C$DW$145       .dwtag  DW_TAG_variable
    2288                      .dwattr $C$DW$145, DW_AT_name("f")
    2289                      .dwattr $C$DW$145, DW_AT_type(*$C$DW$T$46)
    2290                      .dwattr $C$DW$145, DW_AT_location[DW_OP_regx 0x2b]
TMS320C2000 Assembler PC v22.6.2 Tue Nov 18 13:15:21 2025

Copyright (c) 1996-2018 Texas Instruments Incorporated
hal_uart_TMS320F280049C.asm                                          PAGE   46

    2291              
    2292                      .dwcfi  cfa_offset, -2
    2293                      .dwcfi  save_reg_to_mem, 26, 0
    2294                      .dwpsn  file "C:/ti/ccs2030/ccs/tools/compiler/ti-cgt-c2000_22.6.2.LTS/include/_defs.h",line 398,colu
    2295 00000000 BFAB          MOV32     P,R0H                 ; [CPU_FPU] |398| 
         00000001 0F12 
    2296                      .dwpsn  file "C:/ti/ccs2030/ccs/tools/compiler/ti-cgt-c2000_22.6.2.LTS/include/_defs.h",line 402,colu
    2297 00000002 CCAA          AND       AL,PH,#0x7f80         ; [CPU_ALU] |402| 
         00000003 7F80 
    2298 00000004 88A9          MOVZ      AR6,AL                ; [CPU_ALU] |402| 
    2299 00000005 FF20          MOV       ACC,#32640            ; [CPU_ALU] |402| 
         00000006 7F80 
    2300 00000007 0FA6          CMPL      ACC,XAR6              ; [CPU_ALU] |402| 
    2301 00000008 6009          B         ||$C$L16||,NEQ        ; [CPU_ALU] |402| 
    2302                      ; branchcc occurs ; [] |402| 
    2303 00000009 A9A9          MOVL      ACC,P                 ; [CPU_ALU] |402| 
    2304 0000000a 917F          ANDB      AH,#127               ; [CPU_ALU] |402| 
    2305 0000000b FF58          TEST      ACC                   ; [CPU_ALU] |402| 
    2306 0000000c 6103          B         ||$C$L15||,EQ         ; [CPU_ALU] |402| 
    2307                      ; branchcc occurs ; [] |402| 
    2308                      .dwcfi  remember_state
    2309 0000000d 9A02          MOVB      AL,#2                 ; [CPU_ALU] |402| 
    2310              $C$DW$146       .dwtag  DW_TAG_TI_branch
    2311                      .dwattr $C$DW$146, DW_AT_low_pc(0x00)
    2312                      .dwattr $C$DW$146, DW_AT_TI_return
    2313              
    2314 0000000e 0006          LRETR     ; [CPU_ALU] 
    2315                      ; return occurs ; [] 
    2316                      .dwcfi  restore_state
    2317 0000000f       ||$C$L15||:    
    2318                      .dwcfi  remember_state
    2319 0000000f 9A01          MOVB      AL,#1                 ; [CPU_ALU] |402| 
    2320              $C$DW$147       .dwtag  DW_TAG_TI_branch
    2321                      .dwattr $C$DW$147, DW_AT_low_pc(0x00)
    2322                      .dwattr $C$DW$147, DW_AT_TI_return
    2323              
    2324 00000010 0006          LRETR     ; [CPU_ALU] 
    2325                      ; return occurs ; [] 
    2326                      .dwcfi  restore_state
    2327 00000011       ||$C$L16||:    
    2328 00000011 A9A9          MOVL      ACC,P                 ; [CPU_ALU] |402| 
    2329 00000012 28AC          MOV       T,#23                 ; [CPU_ALU] |402| 
         00000013 0017 
    2330 00000014 5622          LSRL      ACC,T                 ; [CPU_ALU] |402| 
    2331 00000015 90FF          ANDB      AL,#0xff              ; [CPU_ALU] |402| 
    2332 00000016 6104          B         ||$C$L17||,EQ         ; [CPU_ALU] |402| 
    2333                      ; branchcc occurs ; [] |402| 
    2334                      .dwcfi  remember_state
    2335 00000017 28A9          MOV       AL,#-1                ; [CPU_ALU] |402| 
         00000018 FFFF 
    2336              $C$DW$148       .dwtag  DW_TAG_TI_branch
    2337                      .dwattr $C$DW$148, DW_AT_low_pc(0x00)
    2338                      .dwattr $C$DW$148, DW_AT_TI_return
    2339              
    2340 00000019 0006          LRETR     ; [CPU_ALU] 
TMS320C2000 Assembler PC v22.6.2 Tue Nov 18 13:15:21 2025

Copyright (c) 1996-2018 Texas Instruments Incorporated
hal_uart_TMS320F280049C.asm                                          PAGE   47

    2341                      ; return occurs ; [] 
    2342                      .dwcfi  restore_state
    2343 0000001a       ||$C$L17||:    
    2344 0000001a A9A9          MOVL      ACC,P                 ; [CPU_ALU] |402| 
    2345 0000001b 917F          ANDB      AH,#127               ; [CPU_ALU] |402| 
    2346 0000001c FF58          TEST      ACC                   ; [CPU_ALU] |402| 
    2347 0000001d 6104          B         ||$C$L18||,EQ         ; [CPU_ALU] |402| 
    2348                      ; branchcc occurs ; [] |402| 
    2349                      .dwcfi  remember_state
    2350 0000001e 28A9          MOV       AL,#-2                ; [CPU_ALU] |402| 
         0000001f FFFE 
    2351              $C$DW$149       .dwtag  DW_TAG_TI_branch
    2352                      .dwattr $C$DW$149, DW_AT_low_pc(0x00)
    2353                      .dwattr $C$DW$149, DW_AT_TI_return
    2354              
    2355 00000020 0006          LRETR     ; [CPU_ALU] 
    2356                      ; return occurs ; [] 
    2357                      .dwcfi  restore_state
    2358 00000021       ||$C$L18||:    
    2359 00000021 9A00          MOVB      AL,#0                 ; [CPU_ALU] |402| 
    2360              $C$DW$150       .dwtag  DW_TAG_TI_branch
    2361                      .dwattr $C$DW$150, DW_AT_low_pc(0x00)
    2362                      .dwattr $C$DW$150, DW_AT_TI_return
    2363              
    2364 00000022 0006          LRETR     ; [CPU_ALU] 
    2365                      ; return occurs ; [] 
    2366                      .dwattr $C$DW$143, DW_AT_TI_end_file("C:/ti/ccs2030/ccs/tools/compiler/ti-cgt-c2000_22.6.2.LTS/includ
    2367                      .dwattr $C$DW$143, DW_AT_TI_end_line(0x19b)
    2368                      .dwattr $C$DW$143, DW_AT_TI_end_column(0x01)
    2369                      .dwendentry
    2370                      .dwendtag $C$DW$143
    2371              
    2372 00000000               .sect   ".text:__fpclassify"
    2373                      .clink
    2374                      .global ||__fpclassify||
    2375              
    2376              $C$DW$151       .dwtag  DW_TAG_subprogram
    2377                      .dwattr $C$DW$151, DW_AT_name("__fpclassify")
    2378                      .dwattr $C$DW$151, DW_AT_low_pc(||__fpclassify||)
    2379                      .dwattr $C$DW$151, DW_AT_high_pc(0x00)
    2380                      .dwattr $C$DW$151, DW_AT_linkage_name("__fpclassify")
    2381                      .dwattr $C$DW$151, DW_AT_external
    2382                      .dwattr $C$DW$151, DW_AT_type(*$C$DW$T$10)
    2383                      .dwattr $C$DW$151, DW_AT_decl_file("C:/ti/ccs2030/ccs/tools/compiler/ti-cgt-c2000_22.6.2.LTS/include/
    2384                      .dwattr $C$DW$151, DW_AT_decl_line(0x19d)
    2385                      .dwattr $C$DW$151, DW_AT_decl_column(0x18)
    2386                      .dwattr $C$DW$151, DW_AT_TI_max_frame_size(-10)
    2387                      .dwpsn  file "C:/ti/ccs2030/ccs/tools/compiler/ti-cgt-c2000_22.6.2.LTS/include/_defs.h",line 414,colu
    2388              
    2389                      .dwfde $C$DW$CIE, ||__fpclassify||
    2390              $C$DW$152       .dwtag  DW_TAG_formal_parameter
    2391                      .dwattr $C$DW$152, DW_AT_name("d")
    2392                      .dwattr $C$DW$152, DW_AT_type(*$C$DW$T$47)
    2393                      .dwattr $C$DW$152, DW_AT_location[DW_OP_reg12]
    2394              
TMS320C2000 Assembler PC v22.6.2 Tue Nov 18 13:15:21 2025

Copyright (c) 1996-2018 Texas Instruments Incorporated
hal_uart_TMS320F280049C.asm                                          PAGE   48

    2395              
    2396              ;***************************************************************
    2397              ;* FNAME: __fpclassify                  FR SIZE:   8           *
    2398              ;*                                                             *
    2399              ;* FUNCTION ENVIRONMENT                                        *
    2400              ;*                                                             *
    2401              ;* FUNCTION PROPERTIES                                         *
    2402              ;*                            4 Parameter,  4 Auto,  0 SOE     *
    2403              ;***************************************************************
    2404              
    2405              ||__fpclassify||:
    2406              $C$DW$153       .dwtag  DW_TAG_variable
    2407                      .dwattr $C$DW$153, DW_AT_name("d")
    2408                      .dwattr $C$DW$153, DW_AT_type(*$C$DW$T$17)
    2409                      .dwattr $C$DW$153, DW_AT_location[DW_OP_breg20 -8]
    2410              
    2411              ;* AR5   assigned to $O$C1
    2412              ;* AR4   assigned to d
    2413              $C$DW$154       .dwtag  DW_TAG_variable
    2414                      .dwattr $C$DW$154, DW_AT_name("d")
    2415                      .dwattr $C$DW$154, DW_AT_type(*$C$DW$T$48)
    2416                      .dwattr $C$DW$154, DW_AT_location[DW_OP_reg12]
    2417              
    2418                      .dwcfi  cfa_offset, -2
    2419                      .dwcfi  save_reg_to_mem, 26, 0
    2420 00000000 FE08          ADDB      SP,#8                 ; [CPU_ARAU] 
    2421                      .dwcfi  cfa_offset, -10
    2422 00000001 C4D4          MOVL      XAR6,*+XAR4[2]        ; [CPU_ALU] |414| 
    2423 00000002 06C4          MOVL      ACC,*+XAR4[0]         ; [CPU_ALU] |414| 
    2424 00000003 1E48          MOVL      *-SP[8],ACC           ; [CPU_ALU] |414| 
    2425 00000004 C246          MOVL      *-SP[6],XAR6          ; [CPU_ALU] |414| 
    2426                      .dwpsn  file "C:/ti/ccs2030/ccs/tools/compiler/ti-cgt-c2000_22.6.2.LTS/include/_defs.h",line 415,colu
    2427 00000005 8348          MOVL      XAR5,*-SP[8]          ; [CPU_ALU] |415| 
    2428 00000006 8A46          MOVL      XAR4,*-SP[6]          ; [CPU_ALU] |415| 
    2429                      .dwpsn  file "C:/ti/ccs2030/ccs/tools/compiler/ti-cgt-c2000_22.6.2.LTS/include/_defs.h",line 419,colu
    2430 00000007 28AC          MOV       T,#48                 ; [CPU_ALU] |419| 
         00000008 0030 
    2431 00000009 A0AB          MOVL      P,XAR5                ; [CPU_ALU] |419| 
    2432 0000000a A8A9          MOVL      ACC,XAR4              ; [CPU_ALU] |419| 
    2433 0000000b 565B          LSR64     ACC:P,T               ; [CPU_ALU] |419| 
    2434 0000000c 18AB          AND       PL,#0x7ff0            ; [CPU_ALU] |419| 
         0000000d 7FF0 
    2435 0000000e 88AB          MOVZ      AR6,PL                ; [CPU_ALU] |419| 
    2436 0000000f FF20          MOV       ACC,#32752            ; [CPU_ALU] |419| 
         00000010 7FF0 
    2437 00000011 0FA6          CMPL      ACC,XAR6              ; [CPU_ALU] |419| 
    2438 00000012 6016          B         ||$C$L20||,NEQ        ; [CPU_ALU] |419| 
    2439                      ; branchcc occurs ; [] |419| 
    2440 00000013 0200          MOVB      ACC,#0                ; [CPU_ALU] |419| 
    2441 00000014 1E44          MOVL      *-SP[4],ACC           ; [CPU_ALU] |419| 
    2442 00000015 2B42          MOV       *-SP[2],#0            ; [CPU_ALU] |419| 
    2443 00000016 2B41          MOV       *-SP[1],#0            ; [CPU_ALU] |419| 
    2444 00000017 A348          MOVL      P,*-SP[8]             ; [CPU_ALU] |419| 
    2445 00000018 0646          MOVL      ACC,*-SP[6]           ; [CPU_ALU] |419| 
    2446 00000019 18AB          AND       PL,#65535             ; [CPU_ALU] |419| 
TMS320C2000 Assembler PC v22.6.2 Tue Nov 18 13:15:21 2025

Copyright (c) 1996-2018 Texas Instruments Incorporated
hal_uart_TMS320F280049C.asm                                          PAGE   49

         0000001a FFFF 
    2447 0000001b 18AA          AND       PH,#65535             ; [CPU_ALU] |419| 
         0000001c FFFF 
    2448 0000001d 18A9          AND       AL,#65535             ; [CPU_ALU] |419| 
         0000001e FFFF 
    2449 0000001f 910F          ANDB      AH,#15                ; [CPU_ALU] |419| 
    2450              $C$DW$155       .dwtag  DW_TAG_TI_branch
    2451                      .dwattr $C$DW$155, DW_AT_low_pc(0x00)
    2452                      .dwattr $C$DW$155, DW_AT_name("__c28xabi_cmpull")
    2453                      .dwattr $C$DW$155, DW_AT_TI_call
    2454              
    2455 00000020 7640!         LCR       #||__c28xabi_cmpull|| ; [CPU_ALU] |419| 
         00000021 0000 
    2456                      ; call occurs [#||__c28xabi_cmpull||] ; [] |419| 
    2457 00000022 5200          CMPB      AL,#0                 ; [CPU_ALU] |419| 
    2458 00000023 6103          B         ||$C$L19||,EQ         ; [CPU_ALU] |419| 
    2459                      ; branchcc occurs ; [] |419| 
    2460 00000024 9A02          MOVB      AL,#2                 ; [CPU_ALU] |419| 
    2461 00000025 6F2D          B         ||$C$L23||,UNC        ; [CPU_ALU] |419| 
    2462                      ; branch occurs ; [] |419| 
    2463 00000026       ||$C$L19||:    
    2464 00000026 9A01          MOVB      AL,#1                 ; [CPU_ALU] |419| 
    2465 00000027 6F2B          B         ||$C$L23||,UNC        ; [CPU_ALU] |419| 
    2466                      ; branch occurs ; [] |419| 
    2467 00000028       ||$C$L20||:    
    2468 00000028 BE00          MOVB      XAR6,#0               ; [CPU_ALU] |419| 
    2469 00000029 A0AB          MOVL      P,XAR5                ; [CPU_ALU] |419| 
    2470 0000002a A8A9          MOVL      ACC,XAR4              ; [CPU_ALU] |419| 
    2471 0000002b 28AC          MOV       T,#52                 ; [CPU_ALU] |419| 
         0000002c 0034 
    2472 0000002d C244          MOVL      *-SP[4],XAR6          ; [CPU_ALU] |419| 
    2473 0000002e 2B42          MOV       *-SP[2],#0            ; [CPU_ALU] |419| 
    2474 0000002f 565B          LSR64     ACC:P,T               ; [CPU_ALU] |419| 
    2475 00000030 2B41          MOV       *-SP[1],#0            ; [CPU_FPU] |419| 
    2476 00000031 9000          ANDB      AL,#0                 ; [CPU_ALU] |419| 
    2477 00000032 9100          ANDB      AH,#0                 ; [CPU_ALU] |419| 
    2478 00000033 18AB          AND       PL,#2047              ; [CPU_ALU] |419| 
         00000034 07FF 
    2479 00000035 18AA          AND       PH,#0                 ; [CPU_ALU] |419| 
         00000036 0000 
    2480              $C$DW$156       .dwtag  DW_TAG_TI_branch
    2481                      .dwattr $C$DW$156, DW_AT_low_pc(0x00)
    2482                      .dwattr $C$DW$156, DW_AT_name("__c28xabi_cmpull")
    2483                      .dwattr $C$DW$156, DW_AT_TI_call
    2484              
    2485 00000037 7640!         LCR       #||__c28xabi_cmpull|| ; [CPU_ALU] |419| 
         00000038 0000 
    2486                      ; call occurs [#||__c28xabi_cmpull||] ; [] |419| 
    2487 00000039 5200          CMPB      AL,#0                 ; [CPU_ALU] |419| 
    2488 0000003a 6104          B         ||$C$L21||,EQ         ; [CPU_ALU] |419| 
    2489                      ; branchcc occurs ; [] |419| 
    2490 0000003b 28A9          MOV       AL,#-1                ; [CPU_ALU] |419| 
         0000003c FFFF 
    2491 0000003d 6F15          B         ||$C$L23||,UNC        ; [CPU_ALU] |419| 
    2492                      ; branch occurs ; [] |419| 
TMS320C2000 Assembler PC v22.6.2 Tue Nov 18 13:15:21 2025

Copyright (c) 1996-2018 Texas Instruments Incorporated
hal_uart_TMS320F280049C.asm                                          PAGE   50

    2493 0000003e       ||$C$L21||:    
    2494 0000003e C244          MOVL      *-SP[4],XAR6          ; [CPU_ALU] |419| 
    2495 0000003f A8A9          MOVL      ACC,XAR4              ; [CPU_ALU] |419| 
    2496 00000040 A0AB          MOVL      P,XAR5                ; [CPU_ALU] |419| 
    2497 00000041 2B42          MOV       *-SP[2],#0            ; [CPU_ALU] |419| 
    2498 00000042 18A9          AND       AL,#65535             ; [CPU_ALU] |419| 
         00000043 FFFF 
    2499 00000044 910F          ANDB      AH,#15                ; [CPU_ALU] |419| 
    2500 00000045 18AB          AND       PL,#65535             ; [CPU_ALU] |419| 
         00000046 FFFF 
    2501 00000047 18AA          AND       PH,#65535             ; [CPU_ALU] |419| 
         00000048 FFFF 
    2502 00000049 2B41          MOV       *-SP[1],#0            ; [CPU_FPU] |419| 
    2503              $C$DW$157       .dwtag  DW_TAG_TI_branch
    2504                      .dwattr $C$DW$157, DW_AT_low_pc(0x00)
    2505                      .dwattr $C$DW$157, DW_AT_name("__c28xabi_cmpull")
    2506                      .dwattr $C$DW$157, DW_AT_TI_call
    2507              
    2508 0000004a 7640!         LCR       #||__c28xabi_cmpull|| ; [CPU_ALU] |419| 
         0000004b 0000 
    2509                      ; call occurs [#||__c28xabi_cmpull||] ; [] |419| 
    2510 0000004c 5200          CMPB      AL,#0                 ; [CPU_ALU] |419| 
    2511 0000004d 6104          B         ||$C$L22||,EQ         ; [CPU_ALU] |419| 
    2512                      ; branchcc occurs ; [] |419| 
    2513 0000004e 28A9          MOV       AL,#-2                ; [CPU_ALU] |419| 
         0000004f FFFE 
    2514 00000050 6F02          B         ||$C$L23||,UNC        ; [CPU_ALU] |419| 
    2515                      ; branch occurs ; [] |419| 
    2516 00000051       ||$C$L22||:    
    2517 00000051 9A00          MOVB      AL,#0                 ; [CPU_ALU] |419| 
    2518 00000052       ||$C$L23||:    
    2519 00000052 FE88          SUBB      SP,#8                 ; [CPU_ARAU] 
    2520                      .dwcfi  cfa_offset, -2
    2521              $C$DW$158       .dwtag  DW_TAG_TI_branch
    2522                      .dwattr $C$DW$158, DW_AT_low_pc(0x00)
    2523                      .dwattr $C$DW$158, DW_AT_TI_return
    2524              
    2525 00000053 0006          LRETR     ; [CPU_ALU] 
    2526                      ; return occurs ; [] 
    2527                      .dwattr $C$DW$151, DW_AT_TI_end_file("C:/ti/ccs2030/ccs/tools/compiler/ti-cgt-c2000_22.6.2.LTS/includ
    2528                      .dwattr $C$DW$151, DW_AT_TI_end_line(0x1ac)
    2529                      .dwattr $C$DW$151, DW_AT_TI_end_column(0x01)
    2530                      .dwendentry
    2531                      .dwendtag $C$DW$151
    2532              
    2533              ;**************************************************************
    2534              ;* UNDEFINED EXTERNAL REFERENCES                              *
    2535              ;**************************************************************
    2536                      .global ||SCI_clearInterruptStatus||
    2537                      .global ||SCI_setConfig||
    2538                      .global ||GPIO_setPinConfig||
    2539                      .global ||GPIO_setPadConfig||
    2540                      .global ||GPIO_setQualificationMode||
    2541                      .global ||__c28xabi_cmpull||
    2542              ;**************************************************************
TMS320C2000 Assembler PC v22.6.2 Tue Nov 18 13:15:21 2025

Copyright (c) 1996-2018 Texas Instruments Incorporated
hal_uart_TMS320F280049C.asm                                          PAGE   51

    2543              ;* SECTION GROUPS                                             *
    2544              ;**************************************************************
    2545                      .group    "__fpclassify", 1
    2546                      .gmember  ".text:__fpclassify"
    2547                      .endgroup
    2548                      .group    "__fpclassifyf", 1
    2549                      .gmember  ".text:__fpclassifyf"
    2550                      .endgroup
    2551                      .group    "__fpclassifyl", 1
    2552                      .gmember  ".text:__fpclassifyl"
    2553                      .endgroup
    2554                      .group    "__isfinite", 1
    2555                      .gmember  ".text:__isfinite"
    2556                      .endgroup
    2557                      .group    "__isfinitef", 1
    2558                      .gmember  ".text:__isfinitef"
    2559                      .endgroup
    2560                      .group    "__isfinitel", 1
    2561                      .gmember  ".text:__isfinitel"
    2562                      .endgroup
    2563                      .group    "__isinf", 1
    2564                      .gmember  ".text:__isinf"
    2565                      .endgroup
    2566                      .group    "__isinff", 1
    2567                      .gmember  ".text:__isinff"
    2568                      .endgroup
    2569                      .group    "__isinfl", 1
    2570                      .gmember  ".text:__isinfl"
    2571                      .endgroup
    2572                      .group    "__isnan", 1
    2573                      .gmember  ".text:__isnan"
    2574                      .endgroup
    2575                      .group    "__isnanf", 1
    2576                      .gmember  ".text:__isnanf"
    2577                      .endgroup
    2578                      .group    "__isnanl", 1
    2579                      .gmember  ".text:__isnanl"
    2580                      .endgroup
    2581                      .group    "__isnormal", 1
    2582                      .gmember  ".text:__isnormal"
    2583                      .endgroup
    2584                      .group    "__isnormalf", 1
    2585                      .gmember  ".text:__isnormalf"
    2586                      .endgroup
    2587                      .group    "__isnormall", 1
    2588                      .gmember  ".text:__isnormall"
    2589                      .endgroup
    2590                      .group    "__relaxed_atan2f", 1
    2591                      .gmember  ".text:__relaxed_atan2f"
    2592                      .endgroup
    2593                      .group    "__relaxed_atanf", 1
    2594                      .gmember  ".text:__relaxed_atanf"
    2595                      .endgroup
    2596                      .group    "__relaxed_cosf", 1
    2597                      .gmember  ".text:__relaxed_cosf"
TMS320C2000 Assembler PC v22.6.2 Tue Nov 18 13:15:21 2025

Copyright (c) 1996-2018 Texas Instruments Incorporated
hal_uart_TMS320F280049C.asm                                          PAGE   52

    2598                      .endgroup
    2599                      .group    "__relaxed_fmaxf", 1
    2600                      .gmember  ".text:__relaxed_fmaxf"
    2601                      .endgroup
    2602                      .group    "__relaxed_fminf", 1
    2603                      .gmember  ".text:__relaxed_fminf"
    2604                      .endgroup
    2605                      .group    "__relaxed_fmodf", 1
    2606                      .gmember  ".text:__relaxed_fmodf"
    2607                      .endgroup
    2608                      .group    "__relaxed_sinf", 1
    2609                      .gmember  ".text:__relaxed_sinf"
    2610                      .endgroup
    2611                      .group    "__relaxed_sqrtf", 1
    2612                      .gmember  ".text:__relaxed_sqrtf"
    2613                      .endgroup
    2614                      .group    "__signbit", 1
    2615                      .gmember  ".text:__signbit"
    2616                      .endgroup
    2617                      .group    "__signbitf", 1
    2618                      .gmember  ".text:__signbitf"
    2619                      .endgroup
    2620                      .group    "__signbitl", 1
    2621                      .gmember  ".text:__signbitl"
    2622                      .endgroup
    2623              
    2624              
    2625              ;***************************************************************
    2626              ;* BUILD ATTRIBUTES                                            *
    2627              ;***************************************************************
    2628                      .battr "c28xabi", Tag_File, 1, Tag_float_args(1)
    2629                      .battr "c28xabi", Tag_File, 1, Tag_double_args(1)
    2630                      .dwattr $C$DW$CU, DW_AT_language(DW_LANG_C)
    2631              
    2632              ;***************************************************************
    2633              ;* DWARF CIE ENTRIES                                           *
    2634              ;***************************************************************
    2635              
    2636              $C$DW$CIE       .dwcie 26
    2637                      .dwcfi  cfa_register, 20
    2638                      .dwcfi  cfa_offset, 0
    2639                      .dwcfi  same_value, 28
    2640                      .dwcfi  same_value, 6
    2641                      .dwcfi  same_value, 7
    2642                      .dwcfi  same_value, 8
    2643                      .dwcfi  same_value, 9
    2644                      .dwcfi  same_value, 10
    2645                      .dwcfi  same_value, 11
    2646                      .dwcfi  same_value, 59
    2647                      .dwcfi  same_value, 63
    2648                      .dwcfi  same_value, 67
    2649                      .dwcfi  same_value, 71
    2650                      .dwendentry
    2651                      .dwendtag $C$DW$CU
    2652              
TMS320C2000 Assembler PC v22.6.2 Tue Nov 18 13:15:21 2025

Copyright (c) 1996-2018 Texas Instruments Incorporated
hal_uart_TMS320F280049C.asm                                          PAGE   53

    2653              
    2654              ;***************************************************************
    2655              ;* TYPE INFORMATION                                            *
    2656              ;***************************************************************
    2657              
    2658              $C$DW$TU$19     .dwtag  DW_TAG_type_unit
    2659                      .dwmtype  $C$DW$T$19
    2660              
    2661              $C$DW$T$19      .dwtag  DW_TAG_enumeration_type
    2662                      .dwattr $C$DW$T$19, DW_AT_byte_size(0x01)
    2663              $C$DW$159       .dwtag  DW_TAG_enumerator
    2664                      .dwattr $C$DW$159, DW_AT_name("GPIO_QUAL_SYNC")
    2665                      .dwattr $C$DW$159, DW_AT_const_value(0x00)
    2666                      .dwattr $C$DW$159, DW_AT_decl_file("C:/SIMPLIS simulation/ANPC Final Version/anpc-3layer/TMS320F28004
    2667                      .dwattr $C$DW$159, DW_AT_decl_line(0x95)
    2668                      .dwattr $C$DW$159, DW_AT_decl_column(0x05)
    2669              
    2670              $C$DW$160       .dwtag  DW_TAG_enumerator
    2671                      .dwattr $C$DW$160, DW_AT_name("GPIO_QUAL_3SAMPLE")
    2672                      .dwattr $C$DW$160, DW_AT_const_value(0x01)
    2673                      .dwattr $C$DW$160, DW_AT_decl_file("C:/SIMPLIS simulation/ANPC Final Version/anpc-3layer/TMS320F28004
    2674                      .dwattr $C$DW$160, DW_AT_decl_line(0x96)
    2675                      .dwattr $C$DW$160, DW_AT_decl_column(0x05)
    2676              
    2677              $C$DW$161       .dwtag  DW_TAG_enumerator
    2678                      .dwattr $C$DW$161, DW_AT_name("GPIO_QUAL_6SAMPLE")
    2679                      .dwattr $C$DW$161, DW_AT_const_value(0x02)
    2680                      .dwattr $C$DW$161, DW_AT_decl_file("C:/SIMPLIS simulation/ANPC Final Version/anpc-3layer/TMS320F28004
    2681                      .dwattr $C$DW$161, DW_AT_decl_line(0x97)
    2682                      .dwattr $C$DW$161, DW_AT_decl_column(0x05)
    2683              
    2684              $C$DW$162       .dwtag  DW_TAG_enumerator
    2685                      .dwattr $C$DW$162, DW_AT_name("GPIO_QUAL_ASYNC")
    2686                      .dwattr $C$DW$162, DW_AT_const_value(0x03)
    2687                      .dwattr $C$DW$162, DW_AT_decl_file("C:/SIMPLIS simulation/ANPC Final Version/anpc-3layer/TMS320F28004
    2688                      .dwattr $C$DW$162, DW_AT_decl_line(0x98)
    2689                      .dwattr $C$DW$162, DW_AT_decl_column(0x05)
    2690              
    2691                      .dwattr $C$DW$T$19, DW_AT_decl_file("C:/SIMPLIS simulation/ANPC Final Version/anpc-3layer/TMS320F2800
    2692                      .dwattr $C$DW$T$19, DW_AT_decl_line(0x94)
    2693                      .dwattr $C$DW$T$19, DW_AT_decl_column(0x01)
    2694                      .dwendtag $C$DW$T$19
    2695              
    2696                      .dwendtag $C$DW$TU$19
    2697              
    2698              
    2699              $C$DW$TU$20     .dwtag  DW_TAG_type_unit
    2700                      .dwmtype  $C$DW$T$20
    2701              $C$DW$T$20      .dwtag  DW_TAG_typedef
    2702                      .dwattr $C$DW$T$20, DW_AT_name("GPIO_QualificationMode")
    2703                      .dwattr $C$DW$T$20, DW_AT_type(*$C$DW$T$19)
    2704                      .dwattr $C$DW$T$20, DW_AT_decl_file("C:/SIMPLIS simulation/ANPC Final Version/anpc-3layer/TMS320F2800
    2705                      .dwattr $C$DW$T$20, DW_AT_decl_line(0x99)
    2706                      .dwattr $C$DW$T$20, DW_AT_decl_column(0x03)
    2707              
TMS320C2000 Assembler PC v22.6.2 Tue Nov 18 13:15:21 2025

Copyright (c) 1996-2018 Texas Instruments Incorporated
hal_uart_TMS320F280049C.asm                                          PAGE   54

    2708                      .dwendtag $C$DW$TU$20
    2709              
    2710              
    2711              $C$DW$TU$21     .dwtag  DW_TAG_type_unit
    2712                      .dwmtype  $C$DW$T$21
    2713              
    2714              $C$DW$T$21      .dwtag  DW_TAG_enumeration_type
    2715                      .dwattr $C$DW$T$21, DW_AT_byte_size(0x01)
    2716              $C$DW$163       .dwtag  DW_TAG_enumerator
    2717                      .dwattr $C$DW$163, DW_AT_name("SCI_FIFO_TX0")
    2718                      .dwattr $C$DW$163, DW_AT_const_value(0x00)
    2719                      .dwattr $C$DW$163, DW_AT_decl_file("C:/SIMPLIS simulation/ANPC Final Version/anpc-3layer/TMS320F28004
    2720                      .dwattr $C$DW$163, DW_AT_decl_line(0x82)
    2721                      .dwattr $C$DW$163, DW_AT_decl_column(0x05)
    2722              
    2723              $C$DW$164       .dwtag  DW_TAG_enumerator
    2724                      .dwattr $C$DW$164, DW_AT_name("SCI_FIFO_TX1")
    2725                      .dwattr $C$DW$164, DW_AT_const_value(0x01)
    2726                      .dwattr $C$DW$164, DW_AT_decl_file("C:/SIMPLIS simulation/ANPC Final Version/anpc-3layer/TMS320F28004
    2727                      .dwattr $C$DW$164, DW_AT_decl_line(0x83)
    2728                      .dwattr $C$DW$164, DW_AT_decl_column(0x05)
    2729              
    2730              $C$DW$165       .dwtag  DW_TAG_enumerator
    2731                      .dwattr $C$DW$165, DW_AT_name("SCI_FIFO_TX2")
    2732                      .dwattr $C$DW$165, DW_AT_const_value(0x02)
    2733                      .dwattr $C$DW$165, DW_AT_decl_file("C:/SIMPLIS simulation/ANPC Final Version/anpc-3layer/TMS320F28004
    2734                      .dwattr $C$DW$165, DW_AT_decl_line(0x84)
    2735                      .dwattr $C$DW$165, DW_AT_decl_column(0x05)
    2736              
    2737              $C$DW$166       .dwtag  DW_TAG_enumerator
    2738                      .dwattr $C$DW$166, DW_AT_name("SCI_FIFO_TX3")
    2739                      .dwattr $C$DW$166, DW_AT_const_value(0x03)
    2740                      .dwattr $C$DW$166, DW_AT_decl_file("C:/SIMPLIS simulation/ANPC Final Version/anpc-3layer/TMS320F28004
    2741                      .dwattr $C$DW$166, DW_AT_decl_line(0x85)
    2742                      .dwattr $C$DW$166, DW_AT_decl_column(0x05)
    2743              
    2744              $C$DW$167       .dwtag  DW_TAG_enumerator
    2745                      .dwattr $C$DW$167, DW_AT_name("SCI_FIFO_TX4")
    2746                      .dwattr $C$DW$167, DW_AT_const_value(0x04)
    2747                      .dwattr $C$DW$167, DW_AT_decl_file("C:/SIMPLIS simulation/ANPC Final Version/anpc-3layer/TMS320F28004
    2748                      .dwattr $C$DW$167, DW_AT_decl_line(0x86)
    2749                      .dwattr $C$DW$167, DW_AT_decl_column(0x05)
    2750              
    2751              $C$DW$168       .dwtag  DW_TAG_enumerator
    2752                      .dwattr $C$DW$168, DW_AT_name("SCI_FIFO_TX5")
    2753                      .dwattr $C$DW$168, DW_AT_const_value(0x05)
    2754                      .dwattr $C$DW$168, DW_AT_decl_file("C:/SIMPLIS simulation/ANPC Final Version/anpc-3layer/TMS320F28004
    2755                      .dwattr $C$DW$168, DW_AT_decl_line(0x87)
    2756                      .dwattr $C$DW$168, DW_AT_decl_column(0x05)
    2757              
    2758              $C$DW$169       .dwtag  DW_TAG_enumerator
    2759                      .dwattr $C$DW$169, DW_AT_name("SCI_FIFO_TX6")
    2760                      .dwattr $C$DW$169, DW_AT_const_value(0x06)
    2761                      .dwattr $C$DW$169, DW_AT_decl_file("C:/SIMPLIS simulation/ANPC Final Version/anpc-3layer/TMS320F28004
    2762                      .dwattr $C$DW$169, DW_AT_decl_line(0x88)
TMS320C2000 Assembler PC v22.6.2 Tue Nov 18 13:15:21 2025

Copyright (c) 1996-2018 Texas Instruments Incorporated
hal_uart_TMS320F280049C.asm                                          PAGE   55

    2763                      .dwattr $C$DW$169, DW_AT_decl_column(0x05)
    2764              
    2765              $C$DW$170       .dwtag  DW_TAG_enumerator
    2766                      .dwattr $C$DW$170, DW_AT_name("SCI_FIFO_TX7")
    2767                      .dwattr $C$DW$170, DW_AT_const_value(0x07)
    2768                      .dwattr $C$DW$170, DW_AT_decl_file("C:/SIMPLIS simulation/ANPC Final Version/anpc-3layer/TMS320F28004
    2769                      .dwattr $C$DW$170, DW_AT_decl_line(0x89)
    2770                      .dwattr $C$DW$170, DW_AT_decl_column(0x05)
    2771              
    2772              $C$DW$171       .dwtag  DW_TAG_enumerator
    2773                      .dwattr $C$DW$171, DW_AT_name("SCI_FIFO_TX8")
    2774                      .dwattr $C$DW$171, DW_AT_const_value(0x08)
    2775                      .dwattr $C$DW$171, DW_AT_decl_file("C:/SIMPLIS simulation/ANPC Final Version/anpc-3layer/TMS320F28004
    2776                      .dwattr $C$DW$171, DW_AT_decl_line(0x8a)
    2777                      .dwattr $C$DW$171, DW_AT_decl_column(0x05)
    2778              
    2779              $C$DW$172       .dwtag  DW_TAG_enumerator
    2780                      .dwattr $C$DW$172, DW_AT_name("SCI_FIFO_TX9")
    2781                      .dwattr $C$DW$172, DW_AT_const_value(0x09)
    2782                      .dwattr $C$DW$172, DW_AT_decl_file("C:/SIMPLIS simulation/ANPC Final Version/anpc-3layer/TMS320F28004
    2783                      .dwattr $C$DW$172, DW_AT_decl_line(0x8b)
    2784                      .dwattr $C$DW$172, DW_AT_decl_column(0x05)
    2785              
    2786              $C$DW$173       .dwtag  DW_TAG_enumerator
    2787                      .dwattr $C$DW$173, DW_AT_name("SCI_FIFO_TX10")
    2788                      .dwattr $C$DW$173, DW_AT_const_value(0x0a)
    2789                      .dwattr $C$DW$173, DW_AT_decl_file("C:/SIMPLIS simulation/ANPC Final Version/anpc-3layer/TMS320F28004
    2790                      .dwattr $C$DW$173, DW_AT_decl_line(0x8c)
    2791                      .dwattr $C$DW$173, DW_AT_decl_column(0x05)
    2792              
    2793              $C$DW$174       .dwtag  DW_TAG_enumerator
    2794                      .dwattr $C$DW$174, DW_AT_name("SCI_FIFO_TX11")
    2795                      .dwattr $C$DW$174, DW_AT_const_value(0x0b)
    2796                      .dwattr $C$DW$174, DW_AT_decl_file("C:/SIMPLIS simulation/ANPC Final Version/anpc-3layer/TMS320F28004
    2797                      .dwattr $C$DW$174, DW_AT_decl_line(0x8d)
    2798                      .dwattr $C$DW$174, DW_AT_decl_column(0x05)
    2799              
    2800              $C$DW$175       .dwtag  DW_TAG_enumerator
    2801                      .dwattr $C$DW$175, DW_AT_name("SCI_FIFO_TX12")
    2802                      .dwattr $C$DW$175, DW_AT_const_value(0x0c)
    2803                      .dwattr $C$DW$175, DW_AT_decl_file("C:/SIMPLIS simulation/ANPC Final Version/anpc-3layer/TMS320F28004
    2804                      .dwattr $C$DW$175, DW_AT_decl_line(0x8e)
    2805                      .dwattr $C$DW$175, DW_AT_decl_column(0x05)
    2806              
    2807              $C$DW$176       .dwtag  DW_TAG_enumerator
    2808                      .dwattr $C$DW$176, DW_AT_name("SCI_FIFO_TX13")
    2809                      .dwattr $C$DW$176, DW_AT_const_value(0x0d)
    2810                      .dwattr $C$DW$176, DW_AT_decl_file("C:/SIMPLIS simulation/ANPC Final Version/anpc-3layer/TMS320F28004
    2811                      .dwattr $C$DW$176, DW_AT_decl_line(0x8f)
    2812                      .dwattr $C$DW$176, DW_AT_decl_column(0x05)
    2813              
    2814              $C$DW$177       .dwtag  DW_TAG_enumerator
    2815                      .dwattr $C$DW$177, DW_AT_name("SCI_FIFO_TX14")
    2816                      .dwattr $C$DW$177, DW_AT_const_value(0x0e)
    2817                      .dwattr $C$DW$177, DW_AT_decl_file("C:/SIMPLIS simulation/ANPC Final Version/anpc-3layer/TMS320F28004
TMS320C2000 Assembler PC v22.6.2 Tue Nov 18 13:15:21 2025

Copyright (c) 1996-2018 Texas Instruments Incorporated
hal_uart_TMS320F280049C.asm                                          PAGE   56

    2818                      .dwattr $C$DW$177, DW_AT_decl_line(0x90)
    2819                      .dwattr $C$DW$177, DW_AT_decl_column(0x05)
    2820              
    2821              $C$DW$178       .dwtag  DW_TAG_enumerator
    2822                      .dwattr $C$DW$178, DW_AT_name("SCI_FIFO_TX15")
    2823                      .dwattr $C$DW$178, DW_AT_const_value(0x0f)
    2824                      .dwattr $C$DW$178, DW_AT_decl_file("C:/SIMPLIS simulation/ANPC Final Version/anpc-3layer/TMS320F28004
    2825                      .dwattr $C$DW$178, DW_AT_decl_line(0x91)
    2826                      .dwattr $C$DW$178, DW_AT_decl_column(0x05)
    2827              
    2828              $C$DW$179       .dwtag  DW_TAG_enumerator
    2829                      .dwattr $C$DW$179, DW_AT_name("SCI_FIFO_TX16")
    2830                      .dwattr $C$DW$179, DW_AT_const_value(0x10)
    2831                      .dwattr $C$DW$179, DW_AT_decl_file("C:/SIMPLIS simulation/ANPC Final Version/anpc-3layer/TMS320F28004
    2832                      .dwattr $C$DW$179, DW_AT_decl_line(0x92)
    2833                      .dwattr $C$DW$179, DW_AT_decl_column(0x05)
    2834              
    2835                      .dwattr $C$DW$T$21, DW_AT_decl_file("C:/SIMPLIS simulation/ANPC Final Version/anpc-3layer/TMS320F2800
    2836                      .dwattr $C$DW$T$21, DW_AT_decl_line(0x81)
    2837                      .dwattr $C$DW$T$21, DW_AT_decl_column(0x01)
    2838                      .dwendtag $C$DW$T$21
    2839              
    2840                      .dwendtag $C$DW$TU$21
    2841              
    2842              
    2843              $C$DW$TU$22     .dwtag  DW_TAG_type_unit
    2844                      .dwmtype  $C$DW$T$22
    2845              $C$DW$T$22      .dwtag  DW_TAG_typedef
    2846                      .dwattr $C$DW$T$22, DW_AT_name("SCI_TxFIFOLevel")
    2847                      .dwattr $C$DW$T$22, DW_AT_type(*$C$DW$T$21)
    2848                      .dwattr $C$DW$T$22, DW_AT_decl_file("C:/SIMPLIS simulation/ANPC Final Version/anpc-3layer/TMS320F2800
    2849                      .dwattr $C$DW$T$22, DW_AT_decl_line(0x93)
    2850                      .dwattr $C$DW$T$22, DW_AT_decl_column(0x03)
    2851              
    2852                      .dwendtag $C$DW$TU$22
    2853              
    2854              
    2855              $C$DW$TU$23     .dwtag  DW_TAG_type_unit
    2856                      .dwmtype  $C$DW$T$23
    2857              
    2858              $C$DW$T$23      .dwtag  DW_TAG_enumeration_type
    2859                      .dwattr $C$DW$T$23, DW_AT_byte_size(0x01)
    2860              $C$DW$180       .dwtag  DW_TAG_enumerator
    2861                      .dwattr $C$DW$180, DW_AT_name("SCI_FIFO_RX0")
    2862                      .dwattr $C$DW$180, DW_AT_const_value(0x00)
    2863                      .dwattr $C$DW$180, DW_AT_decl_file("C:/SIMPLIS simulation/ANPC Final Version/anpc-3layer/TMS320F28004
    2864                      .dwattr $C$DW$180, DW_AT_decl_line(0x9e)
    2865                      .dwattr $C$DW$180, DW_AT_decl_column(0x05)
    2866              
    2867              $C$DW$181       .dwtag  DW_TAG_enumerator
    2868                      .dwattr $C$DW$181, DW_AT_name("SCI_FIFO_RX1")
    2869                      .dwattr $C$DW$181, DW_AT_const_value(0x01)
    2870                      .dwattr $C$DW$181, DW_AT_decl_file("C:/SIMPLIS simulation/ANPC Final Version/anpc-3layer/TMS320F28004
    2871                      .dwattr $C$DW$181, DW_AT_decl_line(0x9f)
    2872                      .dwattr $C$DW$181, DW_AT_decl_column(0x05)
TMS320C2000 Assembler PC v22.6.2 Tue Nov 18 13:15:21 2025

Copyright (c) 1996-2018 Texas Instruments Incorporated
hal_uart_TMS320F280049C.asm                                          PAGE   57

    2873              
    2874              $C$DW$182       .dwtag  DW_TAG_enumerator
    2875                      .dwattr $C$DW$182, DW_AT_name("SCI_FIFO_RX2")
    2876                      .dwattr $C$DW$182, DW_AT_const_value(0x02)
    2877                      .dwattr $C$DW$182, DW_AT_decl_file("C:/SIMPLIS simulation/ANPC Final Version/anpc-3layer/TMS320F28004
    2878                      .dwattr $C$DW$182, DW_AT_decl_line(0xa0)
    2879                      .dwattr $C$DW$182, DW_AT_decl_column(0x05)
    2880              
    2881              $C$DW$183       .dwtag  DW_TAG_enumerator
    2882                      .dwattr $C$DW$183, DW_AT_name("SCI_FIFO_RX3")
    2883                      .dwattr $C$DW$183, DW_AT_const_value(0x03)
    2884                      .dwattr $C$DW$183, DW_AT_decl_file("C:/SIMPLIS simulation/ANPC Final Version/anpc-3layer/TMS320F28004
    2885                      .dwattr $C$DW$183, DW_AT_decl_line(0xa1)
    2886                      .dwattr $C$DW$183, DW_AT_decl_column(0x05)
    2887              
    2888              $C$DW$184       .dwtag  DW_TAG_enumerator
    2889                      .dwattr $C$DW$184, DW_AT_name("SCI_FIFO_RX4")
    2890                      .dwattr $C$DW$184, DW_AT_const_value(0x04)
    2891                      .dwattr $C$DW$184, DW_AT_decl_file("C:/SIMPLIS simulation/ANPC Final Version/anpc-3layer/TMS320F28004
    2892                      .dwattr $C$DW$184, DW_AT_decl_line(0xa2)
    2893                      .dwattr $C$DW$184, DW_AT_decl_column(0x05)
    2894              
    2895              $C$DW$185       .dwtag  DW_TAG_enumerator
    2896                      .dwattr $C$DW$185, DW_AT_name("SCI_FIFO_RX5")
    2897                      .dwattr $C$DW$185, DW_AT_const_value(0x05)
    2898                      .dwattr $C$DW$185, DW_AT_decl_file("C:/SIMPLIS simulation/ANPC Final Version/anpc-3layer/TMS320F28004
    2899                      .dwattr $C$DW$185, DW_AT_decl_line(0xa3)
    2900                      .dwattr $C$DW$185, DW_AT_decl_column(0x05)
    2901              
    2902              $C$DW$186       .dwtag  DW_TAG_enumerator
    2903                      .dwattr $C$DW$186, DW_AT_name("SCI_FIFO_RX6")
    2904                      .dwattr $C$DW$186, DW_AT_const_value(0x06)
    2905                      .dwattr $C$DW$186, DW_AT_decl_file("C:/SIMPLIS simulation/ANPC Final Version/anpc-3layer/TMS320F28004
    2906                      .dwattr $C$DW$186, DW_AT_decl_line(0xa4)
    2907                      .dwattr $C$DW$186, DW_AT_decl_column(0x05)
    2908              
    2909              $C$DW$187       .dwtag  DW_TAG_enumerator
    2910                      .dwattr $C$DW$187, DW_AT_name("SCI_FIFO_RX7")
    2911                      .dwattr $C$DW$187, DW_AT_const_value(0x07)
    2912                      .dwattr $C$DW$187, DW_AT_decl_file("C:/SIMPLIS simulation/ANPC Final Version/anpc-3layer/TMS320F28004
    2913                      .dwattr $C$DW$187, DW_AT_decl_line(0xa5)
    2914                      .dwattr $C$DW$187, DW_AT_decl_column(0x05)
    2915              
    2916              $C$DW$188       .dwtag  DW_TAG_enumerator
    2917                      .dwattr $C$DW$188, DW_AT_name("SCI_FIFO_RX8")
    2918                      .dwattr $C$DW$188, DW_AT_const_value(0x08)
    2919                      .dwattr $C$DW$188, DW_AT_decl_file("C:/SIMPLIS simulation/ANPC Final Version/anpc-3layer/TMS320F28004
    2920                      .dwattr $C$DW$188, DW_AT_decl_line(0xa6)
    2921                      .dwattr $C$DW$188, DW_AT_decl_column(0x05)
    2922              
    2923              $C$DW$189       .dwtag  DW_TAG_enumerator
    2924                      .dwattr $C$DW$189, DW_AT_name("SCI_FIFO_RX9")
    2925                      .dwattr $C$DW$189, DW_AT_const_value(0x09)
    2926                      .dwattr $C$DW$189, DW_AT_decl_file("C:/SIMPLIS simulation/ANPC Final Version/anpc-3layer/TMS320F28004
    2927                      .dwattr $C$DW$189, DW_AT_decl_line(0xa7)
TMS320C2000 Assembler PC v22.6.2 Tue Nov 18 13:15:21 2025

Copyright (c) 1996-2018 Texas Instruments Incorporated
hal_uart_TMS320F280049C.asm                                          PAGE   58

    2928                      .dwattr $C$DW$189, DW_AT_decl_column(0x05)
    2929              
    2930              $C$DW$190       .dwtag  DW_TAG_enumerator
    2931                      .dwattr $C$DW$190, DW_AT_name("SCI_FIFO_RX10")
    2932                      .dwattr $C$DW$190, DW_AT_const_value(0x0a)
    2933                      .dwattr $C$DW$190, DW_AT_decl_file("C:/SIMPLIS simulation/ANPC Final Version/anpc-3layer/TMS320F28004
    2934                      .dwattr $C$DW$190, DW_AT_decl_line(0xa8)
    2935                      .dwattr $C$DW$190, DW_AT_decl_column(0x05)
    2936              
    2937              $C$DW$191       .dwtag  DW_TAG_enumerator
    2938                      .dwattr $C$DW$191, DW_AT_name("SCI_FIFO_RX11")
    2939                      .dwattr $C$DW$191, DW_AT_const_value(0x0b)
    2940                      .dwattr $C$DW$191, DW_AT_decl_file("C:/SIMPLIS simulation/ANPC Final Version/anpc-3layer/TMS320F28004
    2941                      .dwattr $C$DW$191, DW_AT_decl_line(0xa9)
    2942                      .dwattr $C$DW$191, DW_AT_decl_column(0x05)
    2943              
    2944              $C$DW$192       .dwtag  DW_TAG_enumerator
    2945                      .dwattr $C$DW$192, DW_AT_name("SCI_FIFO_RX12")
    2946                      .dwattr $C$DW$192, DW_AT_const_value(0x0c)
    2947                      .dwattr $C$DW$192, DW_AT_decl_file("C:/SIMPLIS simulation/ANPC Final Version/anpc-3layer/TMS320F28004
    2948                      .dwattr $C$DW$192, DW_AT_decl_line(0xaa)
    2949                      .dwattr $C$DW$192, DW_AT_decl_column(0x05)
    2950              
    2951              $C$DW$193       .dwtag  DW_TAG_enumerator
    2952                      .dwattr $C$DW$193, DW_AT_name("SCI_FIFO_RX13")
    2953                      .dwattr $C$DW$193, DW_AT_const_value(0x0d)
    2954                      .dwattr $C$DW$193, DW_AT_decl_file("C:/SIMPLIS simulation/ANPC Final Version/anpc-3layer/TMS320F28004
    2955                      .dwattr $C$DW$193, DW_AT_decl_line(0xab)
    2956                      .dwattr $C$DW$193, DW_AT_decl_column(0x05)
    2957              
    2958              $C$DW$194       .dwtag  DW_TAG_enumerator
    2959                      .dwattr $C$DW$194, DW_AT_name("SCI_FIFO_RX14")
    2960                      .dwattr $C$DW$194, DW_AT_const_value(0x0e)
    2961                      .dwattr $C$DW$194, DW_AT_decl_file("C:/SIMPLIS simulation/ANPC Final Version/anpc-3layer/TMS320F28004
    2962                      .dwattr $C$DW$194, DW_AT_decl_line(0xac)
    2963                      .dwattr $C$DW$194, DW_AT_decl_column(0x05)
    2964              
    2965              $C$DW$195       .dwtag  DW_TAG_enumerator
    2966                      .dwattr $C$DW$195, DW_AT_name("SCI_FIFO_RX15")
    2967                      .dwattr $C$DW$195, DW_AT_const_value(0x0f)
    2968                      .dwattr $C$DW$195, DW_AT_decl_file("C:/SIMPLIS simulation/ANPC Final Version/anpc-3layer/TMS320F28004
    2969                      .dwattr $C$DW$195, DW_AT_decl_line(0xad)
    2970                      .dwattr $C$DW$195, DW_AT_decl_column(0x05)
    2971              
    2972              $C$DW$196       .dwtag  DW_TAG_enumerator
    2973                      .dwattr $C$DW$196, DW_AT_name("SCI_FIFO_RX16")
    2974                      .dwattr $C$DW$196, DW_AT_const_value(0x10)
    2975                      .dwattr $C$DW$196, DW_AT_decl_file("C:/SIMPLIS simulation/ANPC Final Version/anpc-3layer/TMS320F28004
    2976                      .dwattr $C$DW$196, DW_AT_decl_line(0xae)
    2977                      .dwattr $C$DW$196, DW_AT_decl_column(0x05)
    2978              
    2979                      .dwattr $C$DW$T$23, DW_AT_decl_file("C:/SIMPLIS simulation/ANPC Final Version/anpc-3layer/TMS320F2800
    2980                      .dwattr $C$DW$T$23, DW_AT_decl_line(0x9d)
    2981                      .dwattr $C$DW$T$23, DW_AT_decl_column(0x01)
    2982                      .dwendtag $C$DW$T$23
TMS320C2000 Assembler PC v22.6.2 Tue Nov 18 13:15:21 2025

Copyright (c) 1996-2018 Texas Instruments Incorporated
hal_uart_TMS320F280049C.asm                                          PAGE   59

    2983              
    2984                      .dwendtag $C$DW$TU$23
    2985              
    2986              
    2987              $C$DW$TU$24     .dwtag  DW_TAG_type_unit
    2988                      .dwmtype  $C$DW$T$24
    2989              $C$DW$T$24      .dwtag  DW_TAG_typedef
    2990                      .dwattr $C$DW$T$24, DW_AT_name("SCI_RxFIFOLevel")
    2991                      .dwattr $C$DW$T$24, DW_AT_type(*$C$DW$T$23)
    2992                      .dwattr $C$DW$T$24, DW_AT_decl_file("C:/SIMPLIS simulation/ANPC Final Version/anpc-3layer/TMS320F2800
    2993                      .dwattr $C$DW$T$24, DW_AT_decl_line(0xaf)
    2994                      .dwattr $C$DW$T$24, DW_AT_decl_column(0x03)
    2995              
    2996                      .dwendtag $C$DW$TU$24
    2997              
    2998              
    2999              $C$DW$TU$2      .dwtag  DW_TAG_type_unit
    3000                      .dwmtype  $C$DW$T$2
    3001              $C$DW$T$2       .dwtag  DW_TAG_unspecified_type
    3002                      .dwattr $C$DW$T$2, DW_AT_name("void")
    3003              
    3004                      .dwendtag $C$DW$TU$2
    3005              
    3006              
    3007              $C$DW$TU$4      .dwtag  DW_TAG_type_unit
    3008                      .dwmtype  $C$DW$T$4
    3009              $C$DW$T$4       .dwtag  DW_TAG_base_type
    3010                      .dwattr $C$DW$T$4, DW_AT_encoding(DW_ATE_boolean)
    3011                      .dwattr $C$DW$T$4, DW_AT_name("bool")
    3012                      .dwattr $C$DW$T$4, DW_AT_byte_size(0x01)
    3013              
    3014                      .dwendtag $C$DW$TU$4
    3015              
    3016              
    3017              $C$DW$TU$5      .dwtag  DW_TAG_type_unit
    3018                      .dwmtype  $C$DW$T$5
    3019              $C$DW$T$5       .dwtag  DW_TAG_base_type
    3020                      .dwattr $C$DW$T$5, DW_AT_encoding(DW_ATE_signed_char)
    3021                      .dwattr $C$DW$T$5, DW_AT_name("signed char")
    3022                      .dwattr $C$DW$T$5, DW_AT_byte_size(0x01)
    3023              
    3024                      .dwendtag $C$DW$TU$5
    3025              
    3026              
    3027              $C$DW$TU$6      .dwtag  DW_TAG_type_unit
    3028                      .dwmtype  $C$DW$T$6
    3029              $C$DW$T$6       .dwtag  DW_TAG_base_type
    3030                      .dwattr $C$DW$T$6, DW_AT_encoding(DW_ATE_unsigned_char)
    3031                      .dwattr $C$DW$T$6, DW_AT_name("unsigned char")
    3032                      .dwattr $C$DW$T$6, DW_AT_byte_size(0x01)
    3033              
    3034                      .dwendtag $C$DW$TU$6
    3035              
    3036              
    3037              $C$DW$TU$7      .dwtag  DW_TAG_type_unit
TMS320C2000 Assembler PC v22.6.2 Tue Nov 18 13:15:21 2025

Copyright (c) 1996-2018 Texas Instruments Incorporated
hal_uart_TMS320F280049C.asm                                          PAGE   60

    3038                      .dwmtype  $C$DW$T$7
    3039              $C$DW$T$7       .dwtag  DW_TAG_base_type
    3040                      .dwattr $C$DW$T$7, DW_AT_encoding(DW_ATE_signed_char)
    3041                      .dwattr $C$DW$T$7, DW_AT_name("wchar_t")
    3042                      .dwattr $C$DW$T$7, DW_AT_byte_size(0x02)
    3043              
    3044                      .dwendtag $C$DW$TU$7
    3045              
    3046              
    3047              $C$DW$TU$8      .dwtag  DW_TAG_type_unit
    3048                      .dwmtype  $C$DW$T$8
    3049              $C$DW$T$8       .dwtag  DW_TAG_base_type
    3050                      .dwattr $C$DW$T$8, DW_AT_encoding(DW_ATE_signed)
    3051                      .dwattr $C$DW$T$8, DW_AT_name("short")
    3052                      .dwattr $C$DW$T$8, DW_AT_byte_size(0x01)
    3053              
    3054                      .dwendtag $C$DW$TU$8
    3055              
    3056              
    3057              $C$DW$TU$9      .dwtag  DW_TAG_type_unit
    3058                      .dwmtype  $C$DW$T$9
    3059              $C$DW$T$9       .dwtag  DW_TAG_base_type
    3060                      .dwattr $C$DW$T$9, DW_AT_encoding(DW_ATE_unsigned)
    3061                      .dwattr $C$DW$T$9, DW_AT_name("unsigned short")
    3062                      .dwattr $C$DW$T$9, DW_AT_byte_size(0x01)
    3063              
    3064                      .dwendtag $C$DW$TU$9
    3065              
    3066              
    3067              $C$DW$TU$10     .dwtag  DW_TAG_type_unit
    3068                      .dwmtype  $C$DW$T$10
    3069              $C$DW$T$10      .dwtag  DW_TAG_base_type
    3070                      .dwattr $C$DW$T$10, DW_AT_encoding(DW_ATE_signed)
    3071                      .dwattr $C$DW$T$10, DW_AT_name("int")
    3072                      .dwattr $C$DW$T$10, DW_AT_byte_size(0x01)
    3073              
    3074                      .dwendtag $C$DW$TU$10
    3075              
    3076              
    3077              $C$DW$TU$11     .dwtag  DW_TAG_type_unit
    3078                      .dwmtype  $C$DW$T$11
    3079              $C$DW$T$11      .dwtag  DW_TAG_base_type
    3080                      .dwattr $C$DW$T$11, DW_AT_encoding(DW_ATE_unsigned)
    3081                      .dwattr $C$DW$T$11, DW_AT_name("unsigned int")
    3082                      .dwattr $C$DW$T$11, DW_AT_byte_size(0x01)
    3083              
    3084                      .dwendtag $C$DW$TU$11
    3085              
    3086              
    3087              $C$DW$TU$42     .dwtag  DW_TAG_type_unit
    3088                      .dwmtype  $C$DW$T$42
    3089              $C$DW$T$42      .dwtag  DW_TAG_typedef
    3090                      .dwattr $C$DW$T$42, DW_AT_name("__uint16_t")
    3091                      .dwattr $C$DW$T$42, DW_AT_type(*$C$DW$T$11)
    3092                      .dwattr $C$DW$T$42, DW_AT_decl_file("C:/ti/ccs2030/ccs/tools/compiler/ti-cgt-c2000_22.6.2.LTS/include
TMS320C2000 Assembler PC v22.6.2 Tue Nov 18 13:15:21 2025

Copyright (c) 1996-2018 Texas Instruments Incorporated
hal_uart_TMS320F280049C.asm                                          PAGE   61

    3093                      .dwattr $C$DW$T$42, DW_AT_decl_line(0x41)
    3094                      .dwattr $C$DW$T$42, DW_AT_decl_column(0x1c)
    3095              
    3096                      .dwendtag $C$DW$TU$42
    3097              
    3098              
    3099              $C$DW$TU$43     .dwtag  DW_TAG_type_unit
    3100                      .dwmtype  $C$DW$T$43
    3101              $C$DW$T$43      .dwtag  DW_TAG_typedef
    3102                      .dwattr $C$DW$T$43, DW_AT_name("uint16_t")
    3103                      .dwattr $C$DW$T$43, DW_AT_type(*$C$DW$T$42)
    3104                      .dwattr $C$DW$T$43, DW_AT_decl_file("C:/ti/ccs2030/ccs/tools/compiler/ti-cgt-c2000_22.6.2.LTS/include
    3105                      .dwattr $C$DW$T$43, DW_AT_decl_line(0x41)
    3106                      .dwattr $C$DW$T$43, DW_AT_decl_column(0x15)
    3107              
    3108                      .dwendtag $C$DW$TU$43
    3109              
    3110              
    3111              $C$DW$TU$12     .dwtag  DW_TAG_type_unit
    3112                      .dwmtype  $C$DW$T$12
    3113              $C$DW$T$12      .dwtag  DW_TAG_base_type
    3114                      .dwattr $C$DW$T$12, DW_AT_encoding(DW_ATE_signed)
    3115                      .dwattr $C$DW$T$12, DW_AT_name("long")
    3116                      .dwattr $C$DW$T$12, DW_AT_byte_size(0x02)
    3117              
    3118                      .dwendtag $C$DW$TU$12
    3119              
    3120              
    3121              $C$DW$TU$13     .dwtag  DW_TAG_type_unit
    3122                      .dwmtype  $C$DW$T$13
    3123              $C$DW$T$13      .dwtag  DW_TAG_base_type
    3124                      .dwattr $C$DW$T$13, DW_AT_encoding(DW_ATE_unsigned)
    3125                      .dwattr $C$DW$T$13, DW_AT_name("unsigned long")
    3126                      .dwattr $C$DW$T$13, DW_AT_byte_size(0x02)
    3127              
    3128                      .dwendtag $C$DW$TU$13
    3129              
    3130              
    3131              $C$DW$TU$25     .dwtag  DW_TAG_type_unit
    3132                      .dwmtype  $C$DW$T$25
    3133              $C$DW$T$25      .dwtag  DW_TAG_typedef
    3134                      .dwattr $C$DW$T$25, DW_AT_name("__uint32_t")
    3135                      .dwattr $C$DW$T$25, DW_AT_type(*$C$DW$T$13)
    3136                      .dwattr $C$DW$T$25, DW_AT_decl_file("C:/ti/ccs2030/ccs/tools/compiler/ti-cgt-c2000_22.6.2.LTS/include
    3137                      .dwattr $C$DW$T$25, DW_AT_decl_line(0x43)
    3138                      .dwattr $C$DW$T$25, DW_AT_decl_column(0x1c)
    3139              
    3140                      .dwendtag $C$DW$TU$25
    3141              
    3142              
    3143              $C$DW$TU$26     .dwtag  DW_TAG_type_unit
    3144                      .dwmtype  $C$DW$T$26
    3145              $C$DW$T$26      .dwtag  DW_TAG_typedef
    3146                      .dwattr $C$DW$T$26, DW_AT_name("uint32_t")
    3147                      .dwattr $C$DW$T$26, DW_AT_type(*$C$DW$T$25)
TMS320C2000 Assembler PC v22.6.2 Tue Nov 18 13:15:21 2025

Copyright (c) 1996-2018 Texas Instruments Incorporated
hal_uart_TMS320F280049C.asm                                          PAGE   62

    3148                      .dwattr $C$DW$T$26, DW_AT_decl_file("C:/ti/ccs2030/ccs/tools/compiler/ti-cgt-c2000_22.6.2.LTS/include
    3149                      .dwattr $C$DW$T$26, DW_AT_decl_line(0x46)
    3150                      .dwattr $C$DW$T$26, DW_AT_decl_column(0x15)
    3151              
    3152                      .dwendtag $C$DW$TU$26
    3153              
    3154              
    3155              $C$DW$TU$14     .dwtag  DW_TAG_type_unit
    3156                      .dwmtype  $C$DW$T$14
    3157              $C$DW$T$14      .dwtag  DW_TAG_base_type
    3158                      .dwattr $C$DW$T$14, DW_AT_encoding(DW_ATE_signed)
    3159                      .dwattr $C$DW$T$14, DW_AT_name("long long")
    3160                      .dwattr $C$DW$T$14, DW_AT_byte_size(0x04)
    3161              
    3162                      .dwendtag $C$DW$TU$14
    3163              
    3164              
    3165              $C$DW$TU$15     .dwtag  DW_TAG_type_unit
    3166                      .dwmtype  $C$DW$T$15
    3167              $C$DW$T$15      .dwtag  DW_TAG_base_type
    3168                      .dwattr $C$DW$T$15, DW_AT_encoding(DW_ATE_unsigned)
    3169                      .dwattr $C$DW$T$15, DW_AT_name("unsigned long long")
    3170                      .dwattr $C$DW$T$15, DW_AT_byte_size(0x04)
    3171              
    3172                      .dwendtag $C$DW$TU$15
    3173              
    3174              
    3175              $C$DW$TU$16     .dwtag  DW_TAG_type_unit
    3176                      .dwmtype  $C$DW$T$16
    3177              $C$DW$T$16      .dwtag  DW_TAG_base_type
    3178                      .dwattr $C$DW$T$16, DW_AT_encoding(DW_ATE_float)
    3179                      .dwattr $C$DW$T$16, DW_AT_name("float")
    3180                      .dwattr $C$DW$T$16, DW_AT_byte_size(0x02)
    3181              
    3182                      .dwendtag $C$DW$TU$16
    3183              
    3184              
    3185              $C$DW$TU$46     .dwtag  DW_TAG_type_unit
    3186                      .dwmtype  $C$DW$T$46
    3187              $C$DW$197       .dwtag  DW_TAG_TI_far_type
    3188                      .dwattr $C$DW$197, DW_AT_type(*$C$DW$T$16)
    3189              
    3190              $C$DW$T$46      .dwtag  DW_TAG_const_type
    3191                      .dwattr $C$DW$T$46, DW_AT_type(*$C$DW$197)
    3192              
    3193                      .dwendtag $C$DW$TU$46
    3194              
    3195              
    3196              $C$DW$TU$17     .dwtag  DW_TAG_type_unit
    3197                      .dwmtype  $C$DW$T$17
    3198              $C$DW$T$17      .dwtag  DW_TAG_base_type
    3199                      .dwattr $C$DW$T$17, DW_AT_encoding(DW_ATE_float)
    3200                      .dwattr $C$DW$T$17, DW_AT_name("double")
    3201                      .dwattr $C$DW$T$17, DW_AT_byte_size(0x04)
    3202              
TMS320C2000 Assembler PC v22.6.2 Tue Nov 18 13:15:21 2025

Copyright (c) 1996-2018 Texas Instruments Incorporated
hal_uart_TMS320F280049C.asm                                          PAGE   63

    3203                      .dwendtag $C$DW$TU$17
    3204              
    3205              
    3206              $C$DW$TU$47     .dwtag  DW_TAG_type_unit
    3207                      .dwmtype  $C$DW$T$47
    3208              $C$DW$T$47      .dwtag  DW_TAG_pointer_type
    3209                      .dwattr $C$DW$T$47, DW_AT_type(*$C$DW$T$17)
    3210                      .dwattr $C$DW$T$47, DW_AT_address_class(0x20)
    3211              
    3212                      .dwendtag $C$DW$TU$47
    3213              
    3214              
    3215              $C$DW$TU$48     .dwtag  DW_TAG_type_unit
    3216                      .dwmtype  $C$DW$T$48
    3217              $C$DW$198       .dwtag  DW_TAG_TI_far_type
    3218                      .dwattr $C$DW$198, DW_AT_type(*$C$DW$T$47)
    3219              
    3220              $C$DW$T$48      .dwtag  DW_TAG_const_type
    3221                      .dwattr $C$DW$T$48, DW_AT_type(*$C$DW$198)
    3222              
    3223                      .dwendtag $C$DW$TU$48
    3224              
    3225              
    3226              $C$DW$TU$18     .dwtag  DW_TAG_type_unit
    3227                      .dwmtype  $C$DW$T$18
    3228              $C$DW$T$18      .dwtag  DW_TAG_base_type
    3229                      .dwattr $C$DW$T$18, DW_AT_encoding(DW_ATE_float)
    3230                      .dwattr $C$DW$T$18, DW_AT_name("long double")
    3231                      .dwattr $C$DW$T$18, DW_AT_byte_size(0x04)
    3232              
    3233                      .dwendtag $C$DW$TU$18
    3234              
    3235              
    3236              $C$DW$TU$49     .dwtag  DW_TAG_type_unit
    3237                      .dwmtype  $C$DW$T$49
    3238              $C$DW$T$49      .dwtag  DW_TAG_pointer_type
    3239                      .dwattr $C$DW$T$49, DW_AT_type(*$C$DW$T$18)
    3240                      .dwattr $C$DW$T$49, DW_AT_address_class(0x20)
    3241              
    3242                      .dwendtag $C$DW$TU$49
    3243              
    3244              
    3245              $C$DW$TU$50     .dwtag  DW_TAG_type_unit
    3246                      .dwmtype  $C$DW$T$50
    3247              $C$DW$199       .dwtag  DW_TAG_TI_far_type
    3248                      .dwattr $C$DW$199, DW_AT_type(*$C$DW$T$49)
    3249              
    3250              $C$DW$T$50      .dwtag  DW_TAG_const_type
    3251                      .dwattr $C$DW$T$50, DW_AT_type(*$C$DW$199)
    3252              
    3253                      .dwendtag $C$DW$TU$50
    3254              

No Assembly Errors, No Assembly Warnings
