TMS320C2000 Assembler PC v22.6.0 Mon Apr 21 09:03:30 2025

Copyright (c) 1996-2018 Texas Instruments Incorporated
hal_comp_TMS320F280049C.asm                                          PAGE    1

       1              ;***************************************************************
       2              ;* TMS320C2000 G3 C/C++ Codegen                               PC v22.6.0.LTS *
       3              ;* Date/Time created: Mon Apr 21 09:03:30 2025                 *
       4              ;***************************************************************
       5                      .compiler_opts --abi=eabi --cla_support=cla2 --diag_wrap=off --float_support=fpu32 --hll_source=on --
       6                      .asg    XAR2, FP
       7              
       8              $C$DW$CU        .dwtag  DW_TAG_compile_unit
       9                      .dwattr $C$DW$CU, DW_AT_name("../hal/hal_comp_TMS320F280049C.c")
      10                      .dwattr $C$DW$CU, DW_AT_producer("TI TMS320C2000 G3 C/C++ Codegen PC v22.6.0.LTS Copyright (c) 1996-2
      11                      .dwattr $C$DW$CU, DW_AT_TI_version(0x01)
      12                      .dwattr $C$DW$CU, DW_AT_comp_dir("D:\15_Delta\14. ANPC Converter\ANPC_3Layer\TMS320F280049C\RELEASE")
      13              
      14              $C$DW$1 .dwtag  DW_TAG_subprogram
      15                      .dwattr $C$DW$1, DW_AT_name("CMPSS_configFilterHigh")
      16                      .dwattr $C$DW$1, DW_AT_linkage_name("CMPSS_configFilterHigh")
      17                      .dwattr $C$DW$1, DW_AT_declaration
      18                      .dwattr $C$DW$1, DW_AT_external
      19                      .dwattr $C$DW$1, DW_AT_decl_file("D:/15_Delta/14. ANPC Converter/ANPC_3Layer/TMS320F280049C/device/dr
      20                      .dwattr $C$DW$1, DW_AT_decl_line(0x4da)
      21                      .dwattr $C$DW$1, DW_AT_decl_column(0x01)
      22              $C$DW$2 .dwtag  DW_TAG_formal_parameter
      23                      .dwattr $C$DW$2, DW_AT_type(*$C$DW$T$21)
      24              
      25              $C$DW$3 .dwtag  DW_TAG_formal_parameter
      26                      .dwattr $C$DW$3, DW_AT_type(*$C$DW$T$24)
      27              
      28              $C$DW$4 .dwtag  DW_TAG_formal_parameter
      29                      .dwattr $C$DW$4, DW_AT_type(*$C$DW$T$24)
      30              
      31              $C$DW$5 .dwtag  DW_TAG_formal_parameter
      32                      .dwattr $C$DW$5, DW_AT_type(*$C$DW$T$24)
      33              
      34                      .dwendtag $C$DW$1
      35              
      36              
      37              $C$DW$6 .dwtag  DW_TAG_subprogram
      38                      .dwattr $C$DW$6, DW_AT_name("CMPSS_configFilterLow")
      39                      .dwattr $C$DW$6, DW_AT_linkage_name("CMPSS_configFilterLow")
      40                      .dwattr $C$DW$6, DW_AT_declaration
      41                      .dwattr $C$DW$6, DW_AT_external
      42                      .dwattr $C$DW$6, DW_AT_decl_file("D:/15_Delta/14. ANPC Converter/ANPC_3Layer/TMS320F280049C/device/dr
      43                      .dwattr $C$DW$6, DW_AT_decl_line(0x50a)
      44                      .dwattr $C$DW$6, DW_AT_decl_column(0x01)
      45              $C$DW$7 .dwtag  DW_TAG_formal_parameter
      46                      .dwattr $C$DW$7, DW_AT_type(*$C$DW$T$21)
      47              
      48              $C$DW$8 .dwtag  DW_TAG_formal_parameter
      49                      .dwattr $C$DW$8, DW_AT_type(*$C$DW$T$24)
      50              
      51              $C$DW$9 .dwtag  DW_TAG_formal_parameter
      52                      .dwattr $C$DW$9, DW_AT_type(*$C$DW$T$24)
      53              
      54              $C$DW$10        .dwtag  DW_TAG_formal_parameter
      55                      .dwattr $C$DW$10, DW_AT_type(*$C$DW$T$24)
TMS320C2000 Assembler PC v22.6.0 Mon Apr 21 09:03:30 2025

Copyright (c) 1996-2018 Texas Instruments Incorporated
hal_comp_TMS320F280049C.asm                                          PAGE    2

      56              
      57                      .dwendtag $C$DW$6
      58              
      59              
      60              $C$DW$11        .dwtag  DW_TAG_subprogram
      61                      .dwattr $C$DW$11, DW_AT_name("__eallow")
      62                      .dwattr $C$DW$11, DW_AT_linkage_name("__eallow")
      63                      .dwattr $C$DW$11, DW_AT_declaration
      64                      .dwattr $C$DW$11, DW_AT_external
      65                      .dwendtag $C$DW$11
      66              
      67              
      68              $C$DW$12        .dwtag  DW_TAG_subprogram
      69                      .dwattr $C$DW$12, DW_AT_name("__edis")
      70                      .dwattr $C$DW$12, DW_AT_linkage_name("__edis")
      71                      .dwattr $C$DW$12, DW_AT_declaration
      72                      .dwattr $C$DW$12, DW_AT_external
      73                      .dwendtag $C$DW$12
      74              
      75              ;       C:\ti\ccs1210\ccs\tools\compiler\ti-cgt-c2000_22.6.0.LTS\bin\opt2000.exe C:\\Users\\User\\AppData\\Lo
      76              ;       C:\ti\ccs1210\ccs\tools\compiler\ti-cgt-c2000_22.6.0.LTS\bin\acia2000.exe -@C:\\Users\\User\\AppData\
      77 00000000               .sect   ".text"
      78                      .clink
      79                      .global ||comp_hal_SetupCMPSS||
      80              
      81              $C$DW$13        .dwtag  DW_TAG_subprogram
      82                      .dwattr $C$DW$13, DW_AT_name("comp_hal_SetupCMPSS")
      83                      .dwattr $C$DW$13, DW_AT_low_pc(||comp_hal_SetupCMPSS||)
      84                      .dwattr $C$DW$13, DW_AT_high_pc(0x00)
      85                      .dwattr $C$DW$13, DW_AT_linkage_name("comp_hal_SetupCMPSS")
      86                      .dwattr $C$DW$13, DW_AT_external
      87                      .dwattr $C$DW$13, DW_AT_decl_file("../hal/hal_comp_TMS320F280049C.c")
      88                      .dwattr $C$DW$13, DW_AT_decl_line(0x17)
      89                      .dwattr $C$DW$13, DW_AT_decl_column(0x06)
      90                      .dwattr $C$DW$13, DW_AT_TI_max_frame_size(-6)
      91                      .dwpsn  file "../hal/hal_comp_TMS320F280049C.c",line 24,column 1,is_stmt,address ||comp_hal_SetupCMPS
      92              
      93                      .dwfde $C$DW$CIE, ||comp_hal_SetupCMPSS||
      94              $C$DW$14        .dwtag  DW_TAG_formal_parameter
      95                      .dwattr $C$DW$14, DW_AT_name("base1")
      96                      .dwattr $C$DW$14, DW_AT_type(*$C$DW$T$21)
      97                      .dwattr $C$DW$14, DW_AT_location[DW_OP_reg0]
      98              
      99              $C$DW$15        .dwtag  DW_TAG_formal_parameter
     100                      .dwattr $C$DW$15, DW_AT_name("current_limit")
     101                      .dwattr $C$DW$15, DW_AT_type(*$C$DW$T$16)
     102                      .dwattr $C$DW$15, DW_AT_location[DW_OP_regx 0x2b]
     103              
     104              $C$DW$16        .dwtag  DW_TAG_formal_parameter
     105                      .dwattr $C$DW$16, DW_AT_name("current_max_sense")
     106                      .dwattr $C$DW$16, DW_AT_type(*$C$DW$T$16)
     107                      .dwattr $C$DW$16, DW_AT_location[DW_OP_regx 0x2f]
     108              
     109              
     110              ;***************************************************************
TMS320C2000 Assembler PC v22.6.0 Mon Apr 21 09:03:30 2025

Copyright (c) 1996-2018 Texas Instruments Incorporated
hal_comp_TMS320F280049C.asm                                          PAGE    3

     111              ;* FNAME: comp_hal_SetupCMPSS           FR SIZE:   4           *
     112              ;*                                                             *
     113              ;* FUNCTION ENVIRONMENT                                        *
     114              ;*                                                             *
     115              ;* FUNCTION PROPERTIES                                         *
     116              ;*                            1 Parameter,  0 Auto,  2 SOE     *
     117              ;***************************************************************
     118              
     119              ||comp_hal_SetupCMPSS||:
     120              ;* AR6   assigned to $O$C1
     121              ;* AR1   assigned to base1
     122              $C$DW$17        .dwtag  DW_TAG_variable
     123                      .dwattr $C$DW$17, DW_AT_name("base1")
     124                      .dwattr $C$DW$17, DW_AT_type(*$C$DW$T$39)
     125                      .dwattr $C$DW$17, DW_AT_location[DW_OP_reg6]
     126              
     127              ;* R0    assigned to current_limit
     128              $C$DW$18        .dwtag  DW_TAG_variable
     129                      .dwattr $C$DW$18, DW_AT_name("current_limit")
     130                      .dwattr $C$DW$18, DW_AT_type(*$C$DW$T$42)
     131                      .dwattr $C$DW$18, DW_AT_location[DW_OP_regx 0x2b]
     132              
     133              ;* R1    assigned to current_max_sense
     134              $C$DW$19        .dwtag  DW_TAG_variable
     135                      .dwattr $C$DW$19, DW_AT_name("current_max_sense")
     136                      .dwattr $C$DW$19, DW_AT_type(*$C$DW$T$42)
     137                      .dwattr $C$DW$19, DW_AT_location[DW_OP_regx 0x2f]
     138              
     139                      .dwcfi  cfa_offset, -2
     140                      .dwcfi  save_reg_to_mem, 26, 0
     141 00000000 B2BD          MOVL      *SP++,XAR1            ; [CPU_ALU] 
     142                      .dwcfi  save_reg_to_mem, 7, 2
     143                      .dwcfi  cfa_offset, -4
     144 00000001 FE02          ADDB      SP,#2                 ; [CPU_ARAU] 
     145                      .dwcfi  cfa_offset, -6
     146 00000002 8BA9          MOVL      XAR1,ACC              ; [CPU_ALU] |24| 
     147                      .dwpsn  file "D:/15_Delta/14. ANPC Converter/ANPC_3Layer/TMS320F280049C/device/driverlib/cmpss.h",lin
     148 00000003 7622          EALLOW    ; [CPU_ALU] |253| 
     149                      .dwpsn  file "D:/15_Delta/14. ANPC Converter/ANPC_3Layer/TMS320F280049C/device/driverlib/cmpss.h",lin
     150 00000004 1AC1          OR        *+XAR1[0],#0x8000     ; [CPU_ALU] |255| 
         00000005 8000 
     151                      .dwpsn  file "D:/15_Delta/14. ANPC Converter/ANPC_3Layer/TMS320F280049C/device/driverlib/cmpss.h",lin
     152 00000006 18E1          AND       *+XAR1[4],#0xff5e     ; [CPU_ALU] |557| 
         00000007 FF5E 
     153                      .dwpsn  file "D:/15_Delta/14. ANPC Converter/ANPC_3Layer/TMS320F280049C/device/driverlib/cmpss.h",lin
     154 00000008 761A          EDIS      ; [CPU_ALU] |562| 
     155                      .dwpsn  file "D:/15_Delta/14. ANPC Converter/ANPC_3Layer/TMS320F280049C/device/driverlib/cmpss.h",lin
     156 00000009 E851          MPYF32    R0H,R0H,#17664        ; [CPU_FPU] |592| 
         0000000a 4000 
     157 0000000b 7700          NOP       ; [CPU_ALU] 
     158 0000000c 7700          NOP       ; [CPU_ALU] 
     159 0000000d E274          DIVF32    R0H,R0H,R1H           ; [CPU_FPU] |592| 
         0000000e 0040 
     160 0000000f 7700          NOP       ; [CPU_ALU] 
     161 00000010 7700          NOP       ; [CPU_ALU] 
TMS320C2000 Assembler PC v22.6.0 Mon Apr 21 09:03:30 2025

Copyright (c) 1996-2018 Texas Instruments Incorporated
hal_comp_TMS320F280049C.asm                                          PAGE    4

     162 00000011 7700          NOP       ; [CPU_ALU] 
     163 00000012 7700          NOP       ; [CPU_ALU] 
     164 00000013 E68C          F32TOI16  R0H,R0H               ; [CPU_FPU] |592| 
         00000014 0000 
     165 00000015 7700          NOP       ; [CPU_ALU] 
     166 00000016 7700          NOP       ; [CPU_ALU] 
     167 00000017 BFA6          MOV32     XAR6,R0H              ; [CPU_FPU] |592| 
         00000018 0F12 
     168 00000019 28A8          MOV       AH,#2048              ; [CPU_ALU] |592| 
         0000001a 0800 
     169                      .dwpsn  file "D:/15_Delta/14. ANPC Converter/ANPC_3Layer/TMS320F280049C/device/driverlib/cmpss.h",lin
     170 0000001b 28A9          MOV       AL,#2048              ; [CPU_ALU] |622| 
         0000001c 0800 
     171 0000001d D012          MOVB      XAR0,#18              ; [CPU_ALU] |622| 
     172                      .dwpsn  file "D:/15_Delta/14. ANPC Converter/ANPC_3Layer/TMS320F280049C/device/driverlib/cmpss.h",lin
     173 0000001e 95A6          ADD       AH,AR6                ; [CPU_ALU] |592| 
     174                      .dwpsn  file "D:/15_Delta/14. ANPC Converter/ANPC_3Layer/TMS320F280049C/device/driverlib/cmpss.h",lin
     175 0000001f 9EA6          SUB       AL,AR6                ; [CPU_ALU] |622| 
     176                      .dwpsn  file "D:/15_Delta/14. ANPC Converter/ANPC_3Layer/TMS320F280049C/device/driverlib/cmpss.h",lin
     177 00000020 97F1          MOV       *+XAR1[6],AH          ; [CPU_ALU] |592| 
     178                      .dwpsn  file "D:/15_Delta/14. ANPC Converter/ANPC_3Layer/TMS320F280049C/device/driverlib/cmpss.h",lin
     179 00000021 9691          MOV       *+XAR1[AR0],AL        ; [CPU_ALU] |622| 
     180                      .dwpsn  file "D:/15_Delta/14. ANPC Converter/ANPC_3Layer/TMS320F280049C/device/driverlib/cmpss.h",lin
     181 00000022 7622          EALLOW    ; [CPU_ALU] |327| 
     182                      .dwpsn  file "D:/15_Delta/14. ANPC Converter/ANPC_3Layer/TMS320F280049C/device/driverlib/cmpss.h",lin
     183 00000023 18C1          AND       *+XAR1[0],#0xffbc     ; [CPU_ALU] |329| 
         00000024 FFBC 
     184                      .dwpsn  file "D:/15_Delta/14. ANPC Converter/ANPC_3Layer/TMS320F280049C/device/driverlib/cmpss.h",lin
     185 00000025 CCC1          AND       AL,*+XAR1[0],#0xbeff  ; [CPU_ALU] |375| 
         00000026 BEFF 
     186 00000027 1AA9          OR        AL,#0x0200            ; [CPU_ALU] |375| 
         00000028 0200 
     187 00000029 96C1          MOV       *+XAR1[0],AL          ; [CPU_ALU] |375| 
     188                      .dwpsn  file "D:/15_Delta/14. ANPC Converter/ANPC_3Layer/TMS320F280049C/device/driverlib/cmpss.h",lin
     189 0000002a 761A          EDIS      ; [CPU_ALU] |378| 
     190                      .dwpsn  file "../hal/hal_comp_TMS320F280049C.c",line 59,column 5,is_stmt,isa 0
     191 0000002b D402          MOVB      XAR4,#2               ; [CPU_ALU] |59| 
     192 0000002c D50A          MOVB      XAR5,#10              ; [CPU_ALU] |59| 
     193 0000002d B2A9          MOVL      ACC,XAR1              ; [CPU_ALU] |59| 
     194 0000002e 56BF          MOVB      *-SP[1],#7,UNC        ; [CPU_ALU] |59| 
         0000002f 0741 
     195              $C$DW$20        .dwtag  DW_TAG_TI_branch
     196                      .dwattr $C$DW$20, DW_AT_low_pc(0x00)
     197                      .dwattr $C$DW$20, DW_AT_name("CMPSS_configFilterHigh")
     198                      .dwattr $C$DW$20, DW_AT_TI_call
     199              
     200 00000030 7640!         LCR       #||CMPSS_configFilterHigh|| ; [CPU_ALU] |59| 
         00000031 0000 
     201                      ; call occurs [#||CMPSS_configFilterHigh||] ; [] |59| 
     202                      .dwpsn  file "../hal/hal_comp_TMS320F280049C.c",line 60,column 5,is_stmt,isa 0
     203 00000032 D402          MOVB      XAR4,#2               ; [CPU_ALU] |60| 
     204 00000033 D50A          MOVB      XAR5,#10              ; [CPU_ALU] |60| 
     205 00000034 56BF          MOVB      *-SP[1],#7,UNC        ; [CPU_ALU] |60| 
         00000035 0741 
     206 00000036 B2A9          MOVL      ACC,XAR1              ; [CPU_ALU] |60| 
TMS320C2000 Assembler PC v22.6.0 Mon Apr 21 09:03:30 2025

Copyright (c) 1996-2018 Texas Instruments Incorporated
hal_comp_TMS320F280049C.asm                                          PAGE    5

     207              $C$DW$21        .dwtag  DW_TAG_TI_branch
     208                      .dwattr $C$DW$21, DW_AT_low_pc(0x00)
     209                      .dwattr $C$DW$21, DW_AT_name("CMPSS_configFilterLow")
     210                      .dwattr $C$DW$21, DW_AT_TI_call
     211              
     212 00000037 7640!         LCR       #||CMPSS_configFilterLow|| ; [CPU_ALU] |60| 
         00000038 0000 
     213                      ; call occurs [#||CMPSS_configFilterLow||] ; [] |60| 
     214                      .dwpsn  file "D:/15_Delta/14. ANPC Converter/ANPC_3Layer/TMS320F280049C/device/driverlib/cmpss.h",lin
     215 00000039 7622          EALLOW    ; [CPU_ALU] |651| 
     216                      .dwpsn  file "D:/15_Delta/14. ANPC Converter/ANPC_3Layer/TMS320F280049C/device/driverlib/cmpss.h",lin
     217 0000003a 8AA1          MOVL      XAR4,XAR1             ; [CPU_ALU] |653| 
     218 0000003b DC18          ADDB      XAR4,#24              ; [CPU_ALU] |653| 
     219 0000003c 1AC4          OR        *+XAR4[0],#0x8000     ; [CPU_ALU] |653| 
         0000003d 8000 
     220                      .dwpsn  file "D:/15_Delta/14. ANPC Converter/ANPC_3Layer/TMS320F280049C/device/driverlib/cmpss.h",lin
     221 0000003e 8AA1          MOVL      XAR4,XAR1             ; [CPU_ALU] |686| 
     222 0000003f DC16          ADDB      XAR4,#22              ; [CPU_ALU] |686| 
     223 00000040 1AC4          OR        *+XAR4[0],#0x8000     ; [CPU_ALU] |686| 
         00000041 8000 
     224                      .dwpsn  file "D:/15_Delta/14. ANPC Converter/ANPC_3Layer/TMS320F280049C/device/driverlib/cmpss.h",lin
     225 00000042 CCC1          AND       AL,*+XAR1[0],#0xffe3  ; [CPU_ALU] |422| 
         00000043 FFE3 
     226 00000044 5028          ORB       AL,#0x28              ; [CPU_ALU] |422| 
     227 00000045 96C1          MOV       *+XAR1[0],AL          ; [CPU_ALU] |422| 
     228                      .dwpsn  file "D:/15_Delta/14. ANPC Converter/ANPC_3Layer/TMS320F280049C/device/driverlib/cmpss.h",lin
     229 00000046 CCC1          AND       AL,*+XAR1[0],#0xe3ff  ; [CPU_ALU] |471| 
         00000047 E3FF 
     230 00000048 1AA9          OR        AL,#0x2800            ; [CPU_ALU] |471| 
         00000049 2800 
     231 0000004a 96C1          MOV       *+XAR1[0],AL          ; [CPU_ALU] |471| 
     232                      .dwpsn  file "D:/15_Delta/14. ANPC Converter/ANPC_3Layer/TMS320F280049C/device/driverlib/cmpss.h",lin
     233 0000004b 56BF          MOVB      *+XAR1[1],#2,UNC      ; [CPU_ALU] |990| 
         0000004c 02C9 
     234                      .dwpsn  file "D:/15_Delta/14. ANPC Converter/ANPC_3Layer/TMS320F280049C/device/driverlib/cmpss.h",lin
     235 0000004d 1AD9          OR        *+XAR1[3],#0x0002     ; [CPU_ALU] |770| 
         0000004e 0002 
     236                      .dwpsn  file "D:/15_Delta/14. ANPC Converter/ANPC_3Layer/TMS320F280049C/device/driverlib/cmpss.h",lin
     237 0000004f 1AD9          OR        *+XAR1[3],#0x0200     ; [CPU_ALU] |800| 
         00000050 0200 
     238                      .dwpsn  file "D:/15_Delta/14. ANPC Converter/ANPC_3Layer/TMS320F280049C/device/driverlib/cmpss.h",lin
     239 00000051 761A          EDIS      ; [CPU_ALU] |802| 
     240 00000052 FE82          SUBB      SP,#2                 ; [CPU_ARAU] 
     241                      .dwcfi  cfa_offset, -4
     242 00000053 8BBE          MOVL      XAR1,*--SP            ; [CPU_ALU] 
     243                      .dwcfi  cfa_offset, -2
     244                      .dwcfi  restore_reg, 7
     245              $C$DW$22        .dwtag  DW_TAG_TI_branch
     246                      .dwattr $C$DW$22, DW_AT_low_pc(0x00)
     247                      .dwattr $C$DW$22, DW_AT_TI_return
     248              
     249 00000054 0006          LRETR     ; [CPU_ALU] 
     250                      ; return occurs ; [] 
     251                      .dwattr $C$DW$13, DW_AT_TI_end_file("../hal/hal_comp_TMS320F280049C.c")
     252                      .dwattr $C$DW$13, DW_AT_TI_end_line(0x54)
TMS320C2000 Assembler PC v22.6.0 Mon Apr 21 09:03:30 2025

Copyright (c) 1996-2018 Texas Instruments Incorporated
hal_comp_TMS320F280049C.asm                                          PAGE    6

     253                      .dwattr $C$DW$13, DW_AT_TI_end_column(0x01)
     254                      .dwendentry
     255                      .dwendtag $C$DW$13
     256              
     257 00000055               .sect   ".text"
     258                      .clink
     259                      .global ||comp_hal_SetupBoardProtection_CMPSS||
     260              
     261              $C$DW$23        .dwtag  DW_TAG_subprogram
     262                      .dwattr $C$DW$23, DW_AT_name("comp_hal_SetupBoardProtection_CMPSS")
     263                      .dwattr $C$DW$23, DW_AT_low_pc(||comp_hal_SetupBoardProtection_CMPSS||)
     264                      .dwattr $C$DW$23, DW_AT_high_pc(0x00)
     265                      .dwattr $C$DW$23, DW_AT_linkage_name("comp_hal_SetupBoardProtection_CMPSS")
     266                      .dwattr $C$DW$23, DW_AT_external
     267                      .dwattr $C$DW$23, DW_AT_decl_file("../hal/hal_comp_TMS320F280049C.c")
     268                      .dwattr $C$DW$23, DW_AT_decl_line(0x57)
     269                      .dwattr $C$DW$23, DW_AT_decl_column(0x06)
     270                      .dwattr $C$DW$23, DW_AT_TI_max_frame_size(-2)
     271                      .dwpsn  file "../hal/hal_comp_TMS320F280049C.c",line 88,column 1,is_stmt,address ||comp_hal_SetupBoar
     272              
     273                      .dwfde $C$DW$CIE, ||comp_hal_SetupBoardProtection_CMPSS||
     274              
     275              ;***************************************************************
     276              ;* FNAME: comp_hal_SetupBoardProtection_CMPSS FR SIZE:   0           *
     277              ;*                                                             *
     278              ;* FUNCTION ENVIRONMENT                                        *
     279              ;*                                                             *
     280              ;* FUNCTION PROPERTIES                                         *
     281              ;*                            0 Parameter,  0 Auto,  0 SOE     *
     282              ;***************************************************************
     283              
     284 00000055       ||comp_hal_SetupBoardProtection_CMPSS||:
     285                      .dwcfi  cfa_offset, -2
     286                      .dwcfi  save_reg_to_mem, 26, 0
     287                      .dwpsn  file "../hal/hal_comp_TMS320F280049C.c",line 92,column 5,is_stmt,isa 0
     288 00000055 E802          MOVIZ     R1H,#16881            ; [CPU_FPU] |92| 
         00000056 0F89 
     289 00000057 FF20          MOV       ACC,#23680            ; [CPU_ALU] |92| 
         00000058 5C80 
     290 00000059 E802          MOVIZ     R0H,#16872            ; [CPU_FPU] |92| 
         0000005a 0F40 
     291 0000005b E80B          MOVXI     R1H,#28836            ; [CPU_FPU] |92| 
         0000005c 8521 
     292              $C$DW$24        .dwtag  DW_TAG_TI_branch
     293                      .dwattr $C$DW$24, DW_AT_low_pc(0x00)
     294                      .dwattr $C$DW$24, DW_AT_name("comp_hal_SetupCMPSS")
     295                      .dwattr $C$DW$24, DW_AT_TI_call
     296              
     297 0000005d 7640!         LCR       #||comp_hal_SetupCMPSS|| ; [CPU_ALU] |92| 
         0000005e 0000 
     298                      ; call occurs [#||comp_hal_SetupCMPSS||] ; [] |92| 
     299                      .dwpsn  file "../hal/hal_comp_TMS320F280049C.c",line 93,column 5,is_stmt,isa 0
     300 0000005f E802          MOVIZ     R1H,#16881            ; [CPU_FPU] |93| 
         00000060 0F89 
     301 00000061 E802          MOVIZ     R0H,#16872            ; [CPU_FPU] |93| 
TMS320C2000 Assembler PC v22.6.0 Mon Apr 21 09:03:30 2025

Copyright (c) 1996-2018 Texas Instruments Incorporated
hal_comp_TMS320F280049C.asm                                          PAGE    7

         00000062 0F40 
     302 00000063 FF20          MOV       ACC,#23712            ; [CPU_ALU] |93| 
         00000064 5CA0 
     303 00000065 E80B          MOVXI     R1H,#28836            ; [CPU_FPU] |93| 
         00000066 8521 
     304              $C$DW$25        .dwtag  DW_TAG_TI_branch
     305                      .dwattr $C$DW$25, DW_AT_low_pc(0x00)
     306                      .dwattr $C$DW$25, DW_AT_name("comp_hal_SetupCMPSS")
     307                      .dwattr $C$DW$25, DW_AT_TI_call
     308              
     309 00000067 7640!         LCR       #||comp_hal_SetupCMPSS|| ; [CPU_ALU] |93| 
         00000068 0000 
     310                      ; call occurs [#||comp_hal_SetupCMPSS||] ; [] |93| 
     311                      .dwpsn  file "../hal/hal_comp_TMS320F280049C.c",line 94,column 5,is_stmt,isa 0
     312 00000069 E802          MOVIZ     R1H,#16881            ; [CPU_FPU] |94| 
         0000006a 0F89 
     313 0000006b E802          MOVIZ     R0H,#16872            ; [CPU_FPU] |94| 
         0000006c 0F40 
     314 0000006d FF20          MOV       ACC,#23744            ; [CPU_ALU] |94| 
         0000006e 5CC0 
     315 0000006f E80B          MOVXI     R1H,#28836            ; [CPU_FPU] |94| 
         00000070 8521 
     316              $C$DW$26        .dwtag  DW_TAG_TI_branch
     317                      .dwattr $C$DW$26, DW_AT_low_pc(0x00)
     318                      .dwattr $C$DW$26, DW_AT_name("comp_hal_SetupCMPSS")
     319                      .dwattr $C$DW$26, DW_AT_TI_call
     320              
     321 00000071 7640!         LCR       #||comp_hal_SetupCMPSS|| ; [CPU_ALU] |94| 
         00000072 0000 
     322                      ; call occurs [#||comp_hal_SetupCMPSS||] ; [] |94| 
     323              $C$DW$27        .dwtag  DW_TAG_TI_branch
     324                      .dwattr $C$DW$27, DW_AT_low_pc(0x00)
     325                      .dwattr $C$DW$27, DW_AT_TI_return
     326              
     327 00000073 0006          LRETR     ; [CPU_ALU] 
     328                      ; return occurs ; [] 
     329                      .dwattr $C$DW$23, DW_AT_TI_end_file("../hal/hal_comp_TMS320F280049C.c")
     330                      .dwattr $C$DW$23, DW_AT_TI_end_line(0x60)
     331                      .dwattr $C$DW$23, DW_AT_TI_end_column(0x01)
     332                      .dwendentry
     333                      .dwendtag $C$DW$23
     334              
     335 00000000               .sect   ".text:__signbitl"
     336                      .clink
     337                      .global ||__signbitl||
     338              
     339              $C$DW$28        .dwtag  DW_TAG_subprogram
     340                      .dwattr $C$DW$28, DW_AT_name("__signbitl")
     341                      .dwattr $C$DW$28, DW_AT_low_pc(||__signbitl||)
     342                      .dwattr $C$DW$28, DW_AT_high_pc(0x00)
     343                      .dwattr $C$DW$28, DW_AT_linkage_name("__signbitl")
     344                      .dwattr $C$DW$28, DW_AT_external
     345                      .dwattr $C$DW$28, DW_AT_type(*$C$DW$T$10)
     346                      .dwattr $C$DW$28, DW_AT_decl_file("C:/ti/ccs1210/ccs/tools/compiler/ti-cgt-c2000_22.6.0.LTS/include/_
     347                      .dwattr $C$DW$28, DW_AT_decl_line(0x16f)
TMS320C2000 Assembler PC v22.6.0 Mon Apr 21 09:03:30 2025

Copyright (c) 1996-2018 Texas Instruments Incorporated
hal_comp_TMS320F280049C.asm                                          PAGE    8

     348                      .dwattr $C$DW$28, DW_AT_decl_column(0x18)
     349                      .dwattr $C$DW$28, DW_AT_TI_max_frame_size(-6)
     350                      .dwpsn  file "C:/ti/ccs1210/ccs/tools/compiler/ti-cgt-c2000_22.6.0.LTS/include/_defs.h",line 368,colu
     351              
     352                      .dwfde $C$DW$CIE, ||__signbitl||
     353              $C$DW$29        .dwtag  DW_TAG_formal_parameter
     354                      .dwattr $C$DW$29, DW_AT_name("e")
     355                      .dwattr $C$DW$29, DW_AT_type(*$C$DW$T$45)
     356                      .dwattr $C$DW$29, DW_AT_location[DW_OP_reg12]
     357              
     358              
     359              ;***************************************************************
     360              ;* FNAME: __signbitl                    FR SIZE:   4           *
     361              ;*                                                             *
     362              ;* FUNCTION ENVIRONMENT                                        *
     363              ;*                                                             *
     364              ;* FUNCTION PROPERTIES                                         *
     365              ;*                            4 Parameter,  0 Auto,  0 SOE     *
     366              ;***************************************************************
     367              
     368              ||__signbitl||:
     369              ;* AR4   assigned to e
     370              $C$DW$30        .dwtag  DW_TAG_variable
     371                      .dwattr $C$DW$30, DW_AT_name("e")
     372                      .dwattr $C$DW$30, DW_AT_type(*$C$DW$T$46)
     373                      .dwattr $C$DW$30, DW_AT_location[DW_OP_reg12]
     374              
     375                      .dwcfi  cfa_offset, -2
     376                      .dwcfi  save_reg_to_mem, 26, 0
     377 00000000 FE04          ADDB      SP,#4                 ; [CPU_ARAU] 
     378                      .dwcfi  cfa_offset, -6
     379                      .dwpsn  file "C:/ti/ccs1210/ccs/tools/compiler/ti-cgt-c2000_22.6.0.LTS/include/_defs.h",line 368,colu
     380 00000001 0200          MOVB      ACC,#0                ; [CPU_ALU] |368| 
     381 00000002 1E44          MOVL      *-SP[4],ACC           ; [CPU_ALU] |368| 
     382 00000003 2B42          MOV       *-SP[2],#0            ; [CPU_ALU] |368| 
     383 00000004 2B41          MOV       *-SP[1],#0            ; [CPU_ALU] |368| 
     384 00000005 A3C4          MOVL      P,*+XAR4[0]           ; [CPU_ALU] |368| 
     385 00000006 06D4          MOVL      ACC,*+XAR4[2]         ; [CPU_ALU] |368| 
     386 00000007 18AB          AND       PL,#0                 ; [CPU_ALU] |368| 
         00000008 0000 
     387 00000009 18AA          AND       PH,#0                 ; [CPU_ALU] |368| 
         0000000a 0000 
     388 0000000b 9000          ANDB      AL,#0                 ; [CPU_ALU] |368| 
     389 0000000c 18A8          AND       AH,#32768             ; [CPU_ALU] |368| 
         0000000d 8000 
     390              $C$DW$31        .dwtag  DW_TAG_TI_branch
     391                      .dwattr $C$DW$31, DW_AT_low_pc(0x00)
     392                      .dwattr $C$DW$31, DW_AT_name("__c28xabi_cmpull")
     393                      .dwattr $C$DW$31, DW_AT_TI_call
     394              
     395 0000000e 7640!         LCR       #||__c28xabi_cmpull|| ; [CPU_ALU] |368| 
         0000000f 0000 
     396                      ; call occurs [#||__c28xabi_cmpull||] ; [] |368| 
     397 00000010 9B00          MOVB      AH,#0                 ; [CPU_ALU] |368| 
     398 00000011 5200          CMPB      AL,#0                 ; [CPU_ALU] |368| 
TMS320C2000 Assembler PC v22.6.0 Mon Apr 21 09:03:30 2025

Copyright (c) 1996-2018 Texas Instruments Incorporated
hal_comp_TMS320F280049C.asm                                          PAGE    9

     399 00000012 56B0          MOVB      AH,#1,NEQ             ; [CPU_ALU] |368| 
         00000013 01A8 
     400 00000014 92A8          MOV       AL,AH                 ; [CPU_ALU] |368| 
     401 00000015 FE84          SUBB      SP,#4                 ; [CPU_ARAU] 
     402                      .dwcfi  cfa_offset, -2
     403              $C$DW$32        .dwtag  DW_TAG_TI_branch
     404                      .dwattr $C$DW$32, DW_AT_low_pc(0x00)
     405                      .dwattr $C$DW$32, DW_AT_TI_return
     406              
     407 00000016 0006          LRETR     ; [CPU_ALU] 
     408                      ; return occurs ; [] 
     409                      .dwattr $C$DW$28, DW_AT_TI_end_file("C:/ti/ccs1210/ccs/tools/compiler/ti-cgt-c2000_22.6.0.LTS/include
     410                      .dwattr $C$DW$28, DW_AT_TI_end_line(0x170)
     411                      .dwattr $C$DW$28, DW_AT_TI_end_column(0x2b)
     412                      .dwendentry
     413                      .dwendtag $C$DW$28
     414              
     415 00000000               .sect   ".text:__signbitf"
     416                      .clink
     417                      .global ||__signbitf||
     418              
     419              $C$DW$33        .dwtag  DW_TAG_subprogram
     420                      .dwattr $C$DW$33, DW_AT_name("__signbitf")
     421                      .dwattr $C$DW$33, DW_AT_low_pc(||__signbitf||)
     422                      .dwattr $C$DW$33, DW_AT_high_pc(0x00)
     423                      .dwattr $C$DW$33, DW_AT_linkage_name("__signbitf")
     424                      .dwattr $C$DW$33, DW_AT_external
     425                      .dwattr $C$DW$33, DW_AT_type(*$C$DW$T$10)
     426                      .dwattr $C$DW$33, DW_AT_decl_file("C:/ti/ccs1210/ccs/tools/compiler/ti-cgt-c2000_22.6.0.LTS/include/_
     427                      .dwattr $C$DW$33, DW_AT_decl_line(0x16d)
     428                      .dwattr $C$DW$33, DW_AT_decl_column(0x18)
     429                      .dwattr $C$DW$33, DW_AT_TI_max_frame_size(-2)
     430                      .dwpsn  file "C:/ti/ccs1210/ccs/tools/compiler/ti-cgt-c2000_22.6.0.LTS/include/_defs.h",line 366,colu
     431              
     432                      .dwfde $C$DW$CIE, ||__signbitf||
     433              $C$DW$34        .dwtag  DW_TAG_formal_parameter
     434                      .dwattr $C$DW$34, DW_AT_name("f")
     435                      .dwattr $C$DW$34, DW_AT_type(*$C$DW$T$16)
     436                      .dwattr $C$DW$34, DW_AT_location[DW_OP_regx 0x2b]
     437              
     438              
     439              ;***************************************************************
     440              ;* FNAME: __signbitf                    FR SIZE:   0           *
     441              ;*                                                             *
     442              ;* FUNCTION ENVIRONMENT                                        *
     443              ;*                                                             *
     444              ;* FUNCTION PROPERTIES                                         *
     445              ;*                            0 Parameter,  0 Auto,  0 SOE     *
     446              ;***************************************************************
     447              
     448              ||__signbitf||:
     449              ;* R0    assigned to f
     450              $C$DW$35        .dwtag  DW_TAG_variable
     451                      .dwattr $C$DW$35, DW_AT_name("f")
     452                      .dwattr $C$DW$35, DW_AT_type(*$C$DW$T$42)
TMS320C2000 Assembler PC v22.6.0 Mon Apr 21 09:03:30 2025

Copyright (c) 1996-2018 Texas Instruments Incorporated
hal_comp_TMS320F280049C.asm                                          PAGE   10

     453                      .dwattr $C$DW$35, DW_AT_location[DW_OP_regx 0x2b]
     454              
     455                      .dwcfi  cfa_offset, -2
     456                      .dwcfi  save_reg_to_mem, 26, 0
     457                      .dwpsn  file "C:/ti/ccs1210/ccs/tools/compiler/ti-cgt-c2000_22.6.0.LTS/include/_defs.h",line 366,colu
     458 00000000 BFA9          MOV32     ACC,R0H               ; [CPU_FPU] |366| 
         00000001 0F12 
     459 00000002 BE00          MOVB      XAR6,#0               ; [CPU_ALU] |366| 
     460 00000003 9000          ANDB      AL,#0                 ; [CPU_ALU] |366| 
     461 00000004 18A8          AND       AH,#32768             ; [CPU_ALU] |366| 
         00000005 8000 
     462 00000006 FF58          TEST      ACC                   ; [CPU_ALU] |366| 
     463 00000007 56B0          MOVB      XAR6,#1,NEQ           ; [CPU_ALU] |366| 
         00000008 01A6 
     464 00000009 92A6          MOV       AL,AR6                ; [CPU_ALU] |366| 
     465              $C$DW$36        .dwtag  DW_TAG_TI_branch
     466                      .dwattr $C$DW$36, DW_AT_low_pc(0x00)
     467                      .dwattr $C$DW$36, DW_AT_TI_return
     468              
     469 0000000a 0006          LRETR     ; [CPU_ALU] 
     470                      ; return occurs ; [] 
     471                      .dwattr $C$DW$33, DW_AT_TI_end_file("C:/ti/ccs1210/ccs/tools/compiler/ti-cgt-c2000_22.6.0.LTS/include
     472                      .dwattr $C$DW$33, DW_AT_TI_end_line(0x16e)
     473                      .dwattr $C$DW$33, DW_AT_TI_end_column(0x29)
     474                      .dwendentry
     475                      .dwendtag $C$DW$33
     476              
     477 00000000               .sect   ".text:__signbit"
     478                      .clink
     479                      .global ||__signbit||
     480              
     481              $C$DW$37        .dwtag  DW_TAG_subprogram
     482                      .dwattr $C$DW$37, DW_AT_name("__signbit")
     483                      .dwattr $C$DW$37, DW_AT_low_pc(||__signbit||)
     484                      .dwattr $C$DW$37, DW_AT_high_pc(0x00)
     485                      .dwattr $C$DW$37, DW_AT_linkage_name("__signbit")
     486                      .dwattr $C$DW$37, DW_AT_external
     487                      .dwattr $C$DW$37, DW_AT_type(*$C$DW$T$10)
     488                      .dwattr $C$DW$37, DW_AT_decl_file("C:/ti/ccs1210/ccs/tools/compiler/ti-cgt-c2000_22.6.0.LTS/include/_
     489                      .dwattr $C$DW$37, DW_AT_decl_line(0x16b)
     490                      .dwattr $C$DW$37, DW_AT_decl_column(0x18)
     491                      .dwattr $C$DW$37, DW_AT_TI_max_frame_size(-6)
     492                      .dwpsn  file "C:/ti/ccs1210/ccs/tools/compiler/ti-cgt-c2000_22.6.0.LTS/include/_defs.h",line 364,colu
     493              
     494                      .dwfde $C$DW$CIE, ||__signbit||
     495              $C$DW$38        .dwtag  DW_TAG_formal_parameter
     496                      .dwattr $C$DW$38, DW_AT_name("d")
     497                      .dwattr $C$DW$38, DW_AT_type(*$C$DW$T$43)
     498                      .dwattr $C$DW$38, DW_AT_location[DW_OP_reg12]
     499              
     500              
     501              ;***************************************************************
     502              ;* FNAME: __signbit                     FR SIZE:   4           *
     503              ;*                                                             *
     504              ;* FUNCTION ENVIRONMENT                                        *
TMS320C2000 Assembler PC v22.6.0 Mon Apr 21 09:03:30 2025

Copyright (c) 1996-2018 Texas Instruments Incorporated
hal_comp_TMS320F280049C.asm                                          PAGE   11

     505              ;*                                                             *
     506              ;* FUNCTION PROPERTIES                                         *
     507              ;*                            4 Parameter,  0 Auto,  0 SOE     *
     508              ;***************************************************************
     509              
     510              ||__signbit||:
     511              ;* AR4   assigned to d
     512              $C$DW$39        .dwtag  DW_TAG_variable
     513                      .dwattr $C$DW$39, DW_AT_name("d")
     514                      .dwattr $C$DW$39, DW_AT_type(*$C$DW$T$44)
     515                      .dwattr $C$DW$39, DW_AT_location[DW_OP_reg12]
     516              
     517                      .dwcfi  cfa_offset, -2
     518                      .dwcfi  save_reg_to_mem, 26, 0
     519 00000000 FE04          ADDB      SP,#4                 ; [CPU_ARAU] 
     520                      .dwcfi  cfa_offset, -6
     521                      .dwpsn  file "C:/ti/ccs1210/ccs/tools/compiler/ti-cgt-c2000_22.6.0.LTS/include/_defs.h",line 364,colu
     522 00000001 0200          MOVB      ACC,#0                ; [CPU_ALU] |364| 
     523 00000002 1E44          MOVL      *-SP[4],ACC           ; [CPU_ALU] |364| 
     524 00000003 2B42          MOV       *-SP[2],#0            ; [CPU_ALU] |364| 
     525 00000004 2B41          MOV       *-SP[1],#0            ; [CPU_ALU] |364| 
     526 00000005 A3C4          MOVL      P,*+XAR4[0]           ; [CPU_ALU] |364| 
     527 00000006 06D4          MOVL      ACC,*+XAR4[2]         ; [CPU_ALU] |364| 
     528 00000007 18AB          AND       PL,#0                 ; [CPU_ALU] |364| 
         00000008 0000 
     529 00000009 18AA          AND       PH,#0                 ; [CPU_ALU] |364| 
         0000000a 0000 
     530 0000000b 9000          ANDB      AL,#0                 ; [CPU_ALU] |364| 
     531 0000000c 18A8          AND       AH,#32768             ; [CPU_ALU] |364| 
         0000000d 8000 
     532              $C$DW$40        .dwtag  DW_TAG_TI_branch
     533                      .dwattr $C$DW$40, DW_AT_low_pc(0x00)
     534                      .dwattr $C$DW$40, DW_AT_name("__c28xabi_cmpull")
     535                      .dwattr $C$DW$40, DW_AT_TI_call
     536              
     537 0000000e 7640!         LCR       #||__c28xabi_cmpull|| ; [CPU_ALU] |364| 
         0000000f 0000 
     538                      ; call occurs [#||__c28xabi_cmpull||] ; [] |364| 
     539 00000010 9B00          MOVB      AH,#0                 ; [CPU_ALU] |364| 
     540 00000011 5200          CMPB      AL,#0                 ; [CPU_ALU] |364| 
     541 00000012 56B0          MOVB      AH,#1,NEQ             ; [CPU_ALU] |364| 
         00000013 01A8 
     542 00000014 92A8          MOV       AL,AH                 ; [CPU_ALU] |364| 
     543 00000015 FE84          SUBB      SP,#4                 ; [CPU_ARAU] 
     544                      .dwcfi  cfa_offset, -2
     545              $C$DW$41        .dwtag  DW_TAG_TI_branch
     546                      .dwattr $C$DW$41, DW_AT_low_pc(0x00)
     547                      .dwattr $C$DW$41, DW_AT_TI_return
     548              
     549 00000016 0006          LRETR     ; [CPU_ALU] 
     550                      ; return occurs ; [] 
     551                      .dwattr $C$DW$37, DW_AT_TI_end_file("C:/ti/ccs1210/ccs/tools/compiler/ti-cgt-c2000_22.6.0.LTS/include
     552                      .dwattr $C$DW$37, DW_AT_TI_end_line(0x16c)
     553                      .dwattr $C$DW$37, DW_AT_TI_end_column(0x2a)
     554                      .dwendentry
TMS320C2000 Assembler PC v22.6.0 Mon Apr 21 09:03:30 2025

Copyright (c) 1996-2018 Texas Instruments Incorporated
hal_comp_TMS320F280049C.asm                                          PAGE   12

     555                      .dwendtag $C$DW$37
     556              
     557 00000000               .sect   ".text:__relaxed_sqrtf"
     558                      .clink
     559                      .global ||__relaxed_sqrtf||
     560              
     561              $C$DW$42        .dwtag  DW_TAG_subprogram
     562                      .dwattr $C$DW$42, DW_AT_name("__relaxed_sqrtf")
     563                      .dwattr $C$DW$42, DW_AT_low_pc(||__relaxed_sqrtf||)
     564                      .dwattr $C$DW$42, DW_AT_high_pc(0x00)
     565                      .dwattr $C$DW$42, DW_AT_linkage_name("__relaxed_sqrtf")
     566                      .dwattr $C$DW$42, DW_AT_external
     567                      .dwattr $C$DW$42, DW_AT_type(*$C$DW$T$16)
     568                      .dwattr $C$DW$42, DW_AT_decl_file("C:/ti/ccs1210/ccs/tools/compiler/ti-cgt-c2000_22.6.0.LTS/include/m
     569                      .dwattr $C$DW$42, DW_AT_decl_line(0x103)
     570                      .dwattr $C$DW$42, DW_AT_decl_column(0x10)
     571                      .dwattr $C$DW$42, DW_AT_TI_max_frame_size(-2)
     572                      .dwpsn  file "C:/ti/ccs1210/ccs/tools/compiler/ti-cgt-c2000_22.6.0.LTS/include/math.h",line 260,colum
     573              
     574                      .dwfde $C$DW$CIE, ||__relaxed_sqrtf||
     575              $C$DW$43        .dwtag  DW_TAG_formal_parameter
     576                      .dwattr $C$DW$43, DW_AT_name("x")
     577                      .dwattr $C$DW$43, DW_AT_type(*$C$DW$T$16)
     578                      .dwattr $C$DW$43, DW_AT_location[DW_OP_regx 0x2b]
     579              
     580              
     581              ;***************************************************************
     582              ;* FNAME: __relaxed_sqrtf               FR SIZE:   0           *
     583              ;*                                                             *
     584              ;* FUNCTION ENVIRONMENT                                        *
     585              ;*                                                             *
     586              ;* FUNCTION PROPERTIES                                         *
     587              ;*                            0 Parameter,  0 Auto,  0 SOE     *
     588              ;***************************************************************
     589              
     590              ||__relaxed_sqrtf||:
     591              ;* R0    assigned to x
     592              $C$DW$44        .dwtag  DW_TAG_variable
     593                      .dwattr $C$DW$44, DW_AT_name("x")
     594                      .dwattr $C$DW$44, DW_AT_type(*$C$DW$T$42)
     595                      .dwattr $C$DW$44, DW_AT_location[DW_OP_regx 0x2b]
     596              
     597                      .dwcfi  cfa_offset, -2
     598                      .dwcfi  save_reg_to_mem, 26, 0
     599                      .dwpsn  file "C:/ti/ccs1210/ccs/tools/compiler/ti-cgt-c2000_22.6.0.LTS/include/math.h",line 261,colum
     600 00000000 E277          SQRTF32   R0H,R0H               ; [CPU_FPU] |261| 
         00000001 0000 
     601 00000002 7700          NOP       ; [CPU_ALU] 
     602 00000003 7700          NOP       ; [CPU_ALU] 
     603 00000004 7700          NOP       ; [CPU_ALU] 
     604              $C$DW$45        .dwtag  DW_TAG_TI_branch
     605                      .dwattr $C$DW$45, DW_AT_low_pc(0x00)
     606                      .dwattr $C$DW$45, DW_AT_TI_return
     607              
     608 00000005 0006          LRETR     ; [CPU_ALU] 
TMS320C2000 Assembler PC v22.6.0 Mon Apr 21 09:03:30 2025

Copyright (c) 1996-2018 Texas Instruments Incorporated
hal_comp_TMS320F280049C.asm                                          PAGE   13

     609                      ; return occurs ; [] 
     610                      .dwattr $C$DW$42, DW_AT_TI_end_file("C:/ti/ccs1210/ccs/tools/compiler/ti-cgt-c2000_22.6.0.LTS/include
     611                      .dwattr $C$DW$42, DW_AT_TI_end_line(0x106)
     612                      .dwattr $C$DW$42, DW_AT_TI_end_column(0x01)
     613                      .dwendentry
     614                      .dwendtag $C$DW$42
     615              
     616 00000000               .sect   ".text:__relaxed_sinf"
     617                      .clink
     618                      .global ||__relaxed_sinf||
     619              
     620              $C$DW$46        .dwtag  DW_TAG_subprogram
     621                      .dwattr $C$DW$46, DW_AT_name("__relaxed_sinf")
     622                      .dwattr $C$DW$46, DW_AT_low_pc(||__relaxed_sinf||)
     623                      .dwattr $C$DW$46, DW_AT_high_pc(0x00)
     624                      .dwattr $C$DW$46, DW_AT_linkage_name("__relaxed_sinf")
     625                      .dwattr $C$DW$46, DW_AT_external
     626                      .dwattr $C$DW$46, DW_AT_type(*$C$DW$T$16)
     627                      .dwattr $C$DW$46, DW_AT_decl_file("C:/ti/ccs1210/ccs/tools/compiler/ti-cgt-c2000_22.6.0.LTS/include/m
     628                      .dwattr $C$DW$46, DW_AT_decl_line(0x108)
     629                      .dwattr $C$DW$46, DW_AT_decl_column(0x10)
     630                      .dwattr $C$DW$46, DW_AT_TI_max_frame_size(-2)
     631                      .dwpsn  file "C:/ti/ccs1210/ccs/tools/compiler/ti-cgt-c2000_22.6.0.LTS/include/math.h",line 265,colum
     632              
     633                      .dwfde $C$DW$CIE, ||__relaxed_sinf||
     634              $C$DW$47        .dwtag  DW_TAG_formal_parameter
     635                      .dwattr $C$DW$47, DW_AT_name("x")
     636                      .dwattr $C$DW$47, DW_AT_type(*$C$DW$T$16)
     637                      .dwattr $C$DW$47, DW_AT_location[DW_OP_regx 0x2b]
     638              
     639              
     640              ;***************************************************************
     641              ;* FNAME: __relaxed_sinf                FR SIZE:   0           *
     642              ;*                                                             *
     643              ;* FUNCTION ENVIRONMENT                                        *
     644              ;*                                                             *
     645              ;* FUNCTION PROPERTIES                                         *
     646              ;*                            0 Parameter,  0 Auto,  0 SOE     *
     647              ;***************************************************************
     648              
     649              ||__relaxed_sinf||:
     650              ;* R0    assigned to x
     651              $C$DW$48        .dwtag  DW_TAG_variable
     652                      .dwattr $C$DW$48, DW_AT_name("x")
     653                      .dwattr $C$DW$48, DW_AT_type(*$C$DW$T$42)
     654                      .dwattr $C$DW$48, DW_AT_location[DW_OP_regx 0x2b]
     655              
     656                      .dwcfi  cfa_offset, -2
     657                      .dwcfi  save_reg_to_mem, 26, 0
     658                      .dwpsn  file "C:/ti/ccs1210/ccs/tools/compiler/ti-cgt-c2000_22.6.0.LTS/include/math.h",line 266,colum
     659 00000000 E271          DIV2PIF32 R0H,R0H               ; [CPU_FPU] |266| 
         00000001 0000 
     660 00000002 7700          NOP       ; [CPU_ALU] 
     661 00000003 E278          SINPUF32  R0H,R0H               ; [CPU_FPU] |266| 
         00000004 0000 
TMS320C2000 Assembler PC v22.6.0 Mon Apr 21 09:03:30 2025

Copyright (c) 1996-2018 Texas Instruments Incorporated
hal_comp_TMS320F280049C.asm                                          PAGE   14

     662 00000005 7700          NOP       ; [CPU_ALU] 
     663 00000006 7700          NOP       ; [CPU_ALU] 
     664              $C$DW$49        .dwtag  DW_TAG_TI_branch
     665                      .dwattr $C$DW$49, DW_AT_low_pc(0x00)
     666                      .dwattr $C$DW$49, DW_AT_TI_return
     667              
     668 00000007 0006          LRETR     ; [CPU_ALU] 
     669                      ; return occurs ; [] 
     670                      .dwattr $C$DW$46, DW_AT_TI_end_file("C:/ti/ccs1210/ccs/tools/compiler/ti-cgt-c2000_22.6.0.LTS/include
     671                      .dwattr $C$DW$46, DW_AT_TI_end_line(0x10b)
     672                      .dwattr $C$DW$46, DW_AT_TI_end_column(0x01)
     673                      .dwendentry
     674                      .dwendtag $C$DW$46
     675              
     676 00000000               .sect   ".text:__relaxed_fmodf"
     677                      .clink
     678                      .global ||__relaxed_fmodf||
     679              
     680              $C$DW$50        .dwtag  DW_TAG_subprogram
     681                      .dwattr $C$DW$50, DW_AT_name("__relaxed_fmodf")
     682                      .dwattr $C$DW$50, DW_AT_low_pc(||__relaxed_fmodf||)
     683                      .dwattr $C$DW$50, DW_AT_high_pc(0x00)
     684                      .dwattr $C$DW$50, DW_AT_linkage_name("__relaxed_fmodf")
     685                      .dwattr $C$DW$50, DW_AT_external
     686                      .dwattr $C$DW$50, DW_AT_type(*$C$DW$T$16)
     687                      .dwattr $C$DW$50, DW_AT_decl_file("C:/ti/ccs1210/ccs/tools/compiler/ti-cgt-c2000_22.6.0.LTS/include/m
     688                      .dwattr $C$DW$50, DW_AT_decl_line(0x11c)
     689                      .dwattr $C$DW$50, DW_AT_decl_column(0x10)
     690                      .dwattr $C$DW$50, DW_AT_TI_max_frame_size(-2)
     691                      .dwpsn  file "C:/ti/ccs1210/ccs/tools/compiler/ti-cgt-c2000_22.6.0.LTS/include/math.h",line 285,colum
     692              
     693                      .dwfde $C$DW$CIE, ||__relaxed_fmodf||
     694              $C$DW$51        .dwtag  DW_TAG_formal_parameter
     695                      .dwattr $C$DW$51, DW_AT_name("y")
     696                      .dwattr $C$DW$51, DW_AT_type(*$C$DW$T$16)
     697                      .dwattr $C$DW$51, DW_AT_location[DW_OP_regx 0x2b]
     698              
     699              $C$DW$52        .dwtag  DW_TAG_formal_parameter
     700                      .dwattr $C$DW$52, DW_AT_name("x")
     701                      .dwattr $C$DW$52, DW_AT_type(*$C$DW$T$16)
     702                      .dwattr $C$DW$52, DW_AT_location[DW_OP_regx 0x2f]
     703              
     704              
     705              ;***************************************************************
     706              ;* FNAME: __relaxed_fmodf               FR SIZE:   0           *
     707              ;*                                                             *
     708              ;* FUNCTION ENVIRONMENT                                        *
     709              ;*                                                             *
     710              ;* FUNCTION PROPERTIES                                         *
     711              ;*                            0 Parameter,  0 Auto,  0 SOE     *
     712              ;***************************************************************
     713              
     714              ||__relaxed_fmodf||:
     715              ;* R0    assigned to y
     716              $C$DW$53        .dwtag  DW_TAG_variable
TMS320C2000 Assembler PC v22.6.0 Mon Apr 21 09:03:30 2025

Copyright (c) 1996-2018 Texas Instruments Incorporated
hal_comp_TMS320F280049C.asm                                          PAGE   15

     717                      .dwattr $C$DW$53, DW_AT_name("y")
     718                      .dwattr $C$DW$53, DW_AT_type(*$C$DW$T$42)
     719                      .dwattr $C$DW$53, DW_AT_location[DW_OP_regx 0x2b]
     720              
     721              ;* R1    assigned to x
     722              $C$DW$54        .dwtag  DW_TAG_variable
     723                      .dwattr $C$DW$54, DW_AT_name("x")
     724                      .dwattr $C$DW$54, DW_AT_type(*$C$DW$T$42)
     725                      .dwattr $C$DW$54, DW_AT_location[DW_OP_regx 0x2f]
     726              
     727                      .dwcfi  cfa_offset, -2
     728                      .dwcfi  save_reg_to_mem, 26, 0
     729                      .dwpsn  file "C:/ti/ccs1210/ccs/tools/compiler/ti-cgt-c2000_22.6.0.LTS/include/math.h",line 286,colum
     730 00000000 E274          DIVF32    R2H,R0H,R1H           ; [CPU_FPU] |286| 
         00000001 0042 
     731 00000002 7700          NOP       ; [CPU_ALU] 
     732 00000003 7700          NOP       ; [CPU_ALU] 
     733 00000004 7700          NOP       ; [CPU_ALU] 
     734 00000005 7700          NOP       ; [CPU_ALU] 
     735 00000006 E688          F32TOI32  R2H,R2H               ; [CPU_FPU] |286| 
         00000007 0012 
     736 00000008 7700          NOP       ; [CPU_ALU] 
     737 00000009 E689          I32TOF32  R2H,R2H               ; [CPU_FPU] |286| 
         0000000a 0012 
     738 0000000b 7700          NOP       ; [CPU_ALU] 
     739 0000000c E700          MPYF32    R1H,R1H,R2H           ; [CPU_FPU] |286| 
         0000000d 0089 
     740 0000000e 7700          NOP       ; [CPU_ALU] 
     741 0000000f E720          SUBF32    R0H,R0H,R1H           ; [CPU_FPU] |286| 
         00000010 0040 
     742              $C$DW$55        .dwtag  DW_TAG_TI_branch
     743                      .dwattr $C$DW$55, DW_AT_low_pc(0x00)
     744                      .dwattr $C$DW$55, DW_AT_TI_return
     745              
     746 00000011 0006          LRETR     ; [CPU_ALU] 
     747                      ; return occurs ; [] 
     748                      .dwattr $C$DW$50, DW_AT_TI_end_file("C:/ti/ccs1210/ccs/tools/compiler/ti-cgt-c2000_22.6.0.LTS/include
     749                      .dwattr $C$DW$50, DW_AT_TI_end_line(0x11f)
     750                      .dwattr $C$DW$50, DW_AT_TI_end_column(0x01)
     751                      .dwendentry
     752                      .dwendtag $C$DW$50
     753              
     754 00000000               .sect   ".text:__relaxed_fminf"
     755                      .clink
     756                      .global ||__relaxed_fminf||
     757              
     758              $C$DW$56        .dwtag  DW_TAG_subprogram
     759                      .dwattr $C$DW$56, DW_AT_name("__relaxed_fminf")
     760                      .dwattr $C$DW$56, DW_AT_low_pc(||__relaxed_fminf||)
     761                      .dwattr $C$DW$56, DW_AT_high_pc(0x00)
     762                      .dwattr $C$DW$56, DW_AT_linkage_name("__relaxed_fminf")
     763                      .dwattr $C$DW$56, DW_AT_external
     764                      .dwattr $C$DW$56, DW_AT_type(*$C$DW$T$16)
     765                      .dwattr $C$DW$56, DW_AT_decl_file("C:/ti/ccs1210/ccs/tools/compiler/ti-cgt-c2000_22.6.0.LTS/include/m
     766                      .dwattr $C$DW$56, DW_AT_decl_line(0xee)
TMS320C2000 Assembler PC v22.6.0 Mon Apr 21 09:03:30 2025

Copyright (c) 1996-2018 Texas Instruments Incorporated
hal_comp_TMS320F280049C.asm                                          PAGE   16

     767                      .dwattr $C$DW$56, DW_AT_decl_column(0x10)
     768                      .dwattr $C$DW$56, DW_AT_TI_max_frame_size(-2)
     769                      .dwpsn  file "C:/ti/ccs1210/ccs/tools/compiler/ti-cgt-c2000_22.6.0.LTS/include/math.h",line 239,colum
     770              
     771                      .dwfde $C$DW$CIE, ||__relaxed_fminf||
     772              $C$DW$57        .dwtag  DW_TAG_formal_parameter
     773                      .dwattr $C$DW$57, DW_AT_name("x")
     774                      .dwattr $C$DW$57, DW_AT_type(*$C$DW$T$16)
     775                      .dwattr $C$DW$57, DW_AT_location[DW_OP_regx 0x2b]
     776              
     777              $C$DW$58        .dwtag  DW_TAG_formal_parameter
     778                      .dwattr $C$DW$58, DW_AT_name("y")
     779                      .dwattr $C$DW$58, DW_AT_type(*$C$DW$T$16)
     780                      .dwattr $C$DW$58, DW_AT_location[DW_OP_regx 0x2f]
     781              
     782              
     783              ;***************************************************************
     784              ;* FNAME: __relaxed_fminf               FR SIZE:   0           *
     785              ;*                                                             *
     786              ;* FUNCTION ENVIRONMENT                                        *
     787              ;*                                                             *
     788              ;* FUNCTION PROPERTIES                                         *
     789              ;*                            0 Parameter,  0 Auto,  0 SOE     *
     790              ;***************************************************************
     791              
     792              ||__relaxed_fminf||:
     793              ;* R1    assigned to y
     794              $C$DW$59        .dwtag  DW_TAG_variable
     795                      .dwattr $C$DW$59, DW_AT_name("y")
     796                      .dwattr $C$DW$59, DW_AT_type(*$C$DW$T$42)
     797                      .dwattr $C$DW$59, DW_AT_location[DW_OP_regx 0x2f]
     798              
     799                      .dwcfi  cfa_offset, -2
     800                      .dwcfi  save_reg_to_mem, 26, 0
     801                      .dwpsn  file "C:/ti/ccs1210/ccs/tools/compiler/ti-cgt-c2000_22.6.0.LTS/include/math.h",line 240,colum
     802 00000000 E697          MINF32    R0H,R1H               ; [CPU_FPU] |240| 
         00000001 0008 
     803              $C$DW$60        .dwtag  DW_TAG_TI_branch
     804                      .dwattr $C$DW$60, DW_AT_low_pc(0x00)
     805                      .dwattr $C$DW$60, DW_AT_TI_return
     806              
     807 00000002 0006          LRETR     ; [CPU_ALU] 
     808                      ; return occurs ; [] 
     809                      .dwattr $C$DW$56, DW_AT_TI_end_file("C:/ti/ccs1210/ccs/tools/compiler/ti-cgt-c2000_22.6.0.LTS/include
     810                      .dwattr $C$DW$56, DW_AT_TI_end_line(0xf1)
     811                      .dwattr $C$DW$56, DW_AT_TI_end_column(0x01)
     812                      .dwendentry
     813                      .dwendtag $C$DW$56
     814              
     815 00000000               .sect   ".text:__relaxed_fmaxf"
     816                      .clink
     817                      .global ||__relaxed_fmaxf||
     818              
     819              $C$DW$61        .dwtag  DW_TAG_subprogram
     820                      .dwattr $C$DW$61, DW_AT_name("__relaxed_fmaxf")
TMS320C2000 Assembler PC v22.6.0 Mon Apr 21 09:03:30 2025

Copyright (c) 1996-2018 Texas Instruments Incorporated
hal_comp_TMS320F280049C.asm                                          PAGE   17

     821                      .dwattr $C$DW$61, DW_AT_low_pc(||__relaxed_fmaxf||)
     822                      .dwattr $C$DW$61, DW_AT_high_pc(0x00)
     823                      .dwattr $C$DW$61, DW_AT_linkage_name("__relaxed_fmaxf")
     824                      .dwattr $C$DW$61, DW_AT_external
     825                      .dwattr $C$DW$61, DW_AT_type(*$C$DW$T$16)
     826                      .dwattr $C$DW$61, DW_AT_decl_file("C:/ti/ccs1210/ccs/tools/compiler/ti-cgt-c2000_22.6.0.LTS/include/m
     827                      .dwattr $C$DW$61, DW_AT_decl_line(0xe8)
     828                      .dwattr $C$DW$61, DW_AT_decl_column(0x10)
     829                      .dwattr $C$DW$61, DW_AT_TI_max_frame_size(-2)
     830                      .dwpsn  file "C:/ti/ccs1210/ccs/tools/compiler/ti-cgt-c2000_22.6.0.LTS/include/math.h",line 233,colum
     831              
     832                      .dwfde $C$DW$CIE, ||__relaxed_fmaxf||
     833              $C$DW$62        .dwtag  DW_TAG_formal_parameter
     834                      .dwattr $C$DW$62, DW_AT_name("x")
     835                      .dwattr $C$DW$62, DW_AT_type(*$C$DW$T$16)
     836                      .dwattr $C$DW$62, DW_AT_location[DW_OP_regx 0x2b]
     837              
     838              $C$DW$63        .dwtag  DW_TAG_formal_parameter
     839                      .dwattr $C$DW$63, DW_AT_name("y")
     840                      .dwattr $C$DW$63, DW_AT_type(*$C$DW$T$16)
     841                      .dwattr $C$DW$63, DW_AT_location[DW_OP_regx 0x2f]
     842              
     843              
     844              ;***************************************************************
     845              ;* FNAME: __relaxed_fmaxf               FR SIZE:   0           *
     846              ;*                                                             *
     847              ;* FUNCTION ENVIRONMENT                                        *
     848              ;*                                                             *
     849              ;* FUNCTION PROPERTIES                                         *
     850              ;*                            0 Parameter,  0 Auto,  0 SOE     *
     851              ;***************************************************************
     852              
     853              ||__relaxed_fmaxf||:
     854              ;* R1    assigned to y
     855              $C$DW$64        .dwtag  DW_TAG_variable
     856                      .dwattr $C$DW$64, DW_AT_name("y")
     857                      .dwattr $C$DW$64, DW_AT_type(*$C$DW$T$42)
     858                      .dwattr $C$DW$64, DW_AT_location[DW_OP_regx 0x2f]
     859              
     860                      .dwcfi  cfa_offset, -2
     861                      .dwcfi  save_reg_to_mem, 26, 0
     862                      .dwpsn  file "C:/ti/ccs1210/ccs/tools/compiler/ti-cgt-c2000_22.6.0.LTS/include/math.h",line 234,colum
     863 00000000 E696          MAXF32    R0H,R1H               ; [CPU_FPU] |234| 
         00000001 0008 
     864              $C$DW$65        .dwtag  DW_TAG_TI_branch
     865                      .dwattr $C$DW$65, DW_AT_low_pc(0x00)
     866                      .dwattr $C$DW$65, DW_AT_TI_return
     867              
     868 00000002 0006          LRETR     ; [CPU_ALU] 
     869                      ; return occurs ; [] 
     870                      .dwattr $C$DW$61, DW_AT_TI_end_file("C:/ti/ccs1210/ccs/tools/compiler/ti-cgt-c2000_22.6.0.LTS/include
     871                      .dwattr $C$DW$61, DW_AT_TI_end_line(0xeb)
     872                      .dwattr $C$DW$61, DW_AT_TI_end_column(0x01)
     873                      .dwendentry
     874                      .dwendtag $C$DW$61
TMS320C2000 Assembler PC v22.6.0 Mon Apr 21 09:03:30 2025

Copyright (c) 1996-2018 Texas Instruments Incorporated
hal_comp_TMS320F280049C.asm                                          PAGE   18

     875              
     876 00000000               .sect   ".text:__relaxed_cosf"
     877                      .clink
     878                      .global ||__relaxed_cosf||
     879              
     880              $C$DW$66        .dwtag  DW_TAG_subprogram
     881                      .dwattr $C$DW$66, DW_AT_name("__relaxed_cosf")
     882                      .dwattr $C$DW$66, DW_AT_low_pc(||__relaxed_cosf||)
     883                      .dwattr $C$DW$66, DW_AT_high_pc(0x00)
     884                      .dwattr $C$DW$66, DW_AT_linkage_name("__relaxed_cosf")
     885                      .dwattr $C$DW$66, DW_AT_external
     886                      .dwattr $C$DW$66, DW_AT_type(*$C$DW$T$16)
     887                      .dwattr $C$DW$66, DW_AT_decl_file("C:/ti/ccs1210/ccs/tools/compiler/ti-cgt-c2000_22.6.0.LTS/include/m
     888                      .dwattr $C$DW$66, DW_AT_decl_line(0x10d)
     889                      .dwattr $C$DW$66, DW_AT_decl_column(0x10)
     890                      .dwattr $C$DW$66, DW_AT_TI_max_frame_size(-2)
     891                      .dwpsn  file "C:/ti/ccs1210/ccs/tools/compiler/ti-cgt-c2000_22.6.0.LTS/include/math.h",line 270,colum
     892              
     893                      .dwfde $C$DW$CIE, ||__relaxed_cosf||
     894              $C$DW$67        .dwtag  DW_TAG_formal_parameter
     895                      .dwattr $C$DW$67, DW_AT_name("x")
     896                      .dwattr $C$DW$67, DW_AT_type(*$C$DW$T$16)
     897                      .dwattr $C$DW$67, DW_AT_location[DW_OP_regx 0x2b]
     898              
     899              
     900              ;***************************************************************
     901              ;* FNAME: __relaxed_cosf                FR SIZE:   0           *
     902              ;*                                                             *
     903              ;* FUNCTION ENVIRONMENT                                        *
     904              ;*                                                             *
     905              ;* FUNCTION PROPERTIES                                         *
     906              ;*                            0 Parameter,  0 Auto,  0 SOE     *
     907              ;***************************************************************
     908              
     909              ||__relaxed_cosf||:
     910              ;* R0    assigned to x
     911              $C$DW$68        .dwtag  DW_TAG_variable
     912                      .dwattr $C$DW$68, DW_AT_name("x")
     913                      .dwattr $C$DW$68, DW_AT_type(*$C$DW$T$42)
     914                      .dwattr $C$DW$68, DW_AT_location[DW_OP_regx 0x2b]
     915              
     916                      .dwcfi  cfa_offset, -2
     917                      .dwcfi  save_reg_to_mem, 26, 0
     918                      .dwpsn  file "C:/ti/ccs1210/ccs/tools/compiler/ti-cgt-c2000_22.6.0.LTS/include/math.h",line 271,colum
     919 00000000 E271          DIV2PIF32 R0H,R0H               ; [CPU_FPU] |271| 
         00000001 0000 
     920 00000002 7700          NOP       ; [CPU_ALU] 
     921 00000003 E279          COSPUF32  R0H,R0H               ; [CPU_FPU] |271| 
         00000004 0000 
     922 00000005 7700          NOP       ; [CPU_ALU] 
     923 00000006 7700          NOP       ; [CPU_ALU] 
     924              $C$DW$69        .dwtag  DW_TAG_TI_branch
     925                      .dwattr $C$DW$69, DW_AT_low_pc(0x00)
     926                      .dwattr $C$DW$69, DW_AT_TI_return
     927              
TMS320C2000 Assembler PC v22.6.0 Mon Apr 21 09:03:30 2025

Copyright (c) 1996-2018 Texas Instruments Incorporated
hal_comp_TMS320F280049C.asm                                          PAGE   19

     928 00000007 0006          LRETR     ; [CPU_ALU] 
     929                      ; return occurs ; [] 
     930                      .dwattr $C$DW$66, DW_AT_TI_end_file("C:/ti/ccs1210/ccs/tools/compiler/ti-cgt-c2000_22.6.0.LTS/include
     931                      .dwattr $C$DW$66, DW_AT_TI_end_line(0x110)
     932                      .dwattr $C$DW$66, DW_AT_TI_end_column(0x01)
     933                      .dwendentry
     934                      .dwendtag $C$DW$66
     935              
     936 00000000               .sect   ".text:__relaxed_atanf"
     937                      .clink
     938                      .global ||__relaxed_atanf||
     939              
     940              $C$DW$70        .dwtag  DW_TAG_subprogram
     941                      .dwattr $C$DW$70, DW_AT_name("__relaxed_atanf")
     942                      .dwattr $C$DW$70, DW_AT_low_pc(||__relaxed_atanf||)
     943                      .dwattr $C$DW$70, DW_AT_high_pc(0x00)
     944                      .dwattr $C$DW$70, DW_AT_linkage_name("__relaxed_atanf")
     945                      .dwattr $C$DW$70, DW_AT_external
     946                      .dwattr $C$DW$70, DW_AT_type(*$C$DW$T$16)
     947                      .dwattr $C$DW$70, DW_AT_decl_file("C:/ti/ccs1210/ccs/tools/compiler/ti-cgt-c2000_22.6.0.LTS/include/m
     948                      .dwattr $C$DW$70, DW_AT_decl_line(0x112)
     949                      .dwattr $C$DW$70, DW_AT_decl_column(0x10)
     950                      .dwattr $C$DW$70, DW_AT_TI_max_frame_size(-2)
     951                      .dwpsn  file "C:/ti/ccs1210/ccs/tools/compiler/ti-cgt-c2000_22.6.0.LTS/include/math.h",line 275,colum
     952              
     953                      .dwfde $C$DW$CIE, ||__relaxed_atanf||
     954              $C$DW$71        .dwtag  DW_TAG_formal_parameter
     955                      .dwattr $C$DW$71, DW_AT_name("x")
     956                      .dwattr $C$DW$71, DW_AT_type(*$C$DW$T$16)
     957                      .dwattr $C$DW$71, DW_AT_location[DW_OP_regx 0x2b]
     958              
     959              
     960              ;***************************************************************
     961              ;* FNAME: __relaxed_atanf               FR SIZE:   0           *
     962              ;*                                                             *
     963              ;* FUNCTION ENVIRONMENT                                        *
     964              ;*                                                             *
     965              ;* FUNCTION PROPERTIES                                         *
     966              ;*                            0 Parameter,  0 Auto,  0 SOE     *
     967              ;***************************************************************
     968              
     969              ||__relaxed_atanf||:
     970              ;* R0    assigned to x
     971              $C$DW$72        .dwtag  DW_TAG_variable
     972                      .dwattr $C$DW$72, DW_AT_name("x")
     973                      .dwattr $C$DW$72, DW_AT_type(*$C$DW$T$42)
     974                      .dwattr $C$DW$72, DW_AT_location[DW_OP_regx 0x2b]
     975              
     976                      .dwcfi  cfa_offset, -2
     977                      .dwcfi  save_reg_to_mem, 26, 0
     978                      .dwpsn  file "C:/ti/ccs1210/ccs/tools/compiler/ti-cgt-c2000_22.6.0.LTS/include/math.h",line 276,colum
     979 00000000 E801          MOVIZ     R1H,#16256            ; [CPU_FPU] |276| 
         00000001 FC01 
     980 00000002 E27C          QUADF32   R1H,R0H,R0H,R1H       ; [CPU_FPU] |276| 
         00000003 0201 
TMS320C2000 Assembler PC v22.6.0 Mon Apr 21 09:03:30 2025

Copyright (c) 1996-2018 Texas Instruments Incorporated
hal_comp_TMS320F280049C.asm                                          PAGE   20

     981 00000004 7700          NOP       ; [CPU_ALU] 
     982 00000005 7700          NOP       ; [CPU_ALU] 
     983 00000006 7700          NOP       ; [CPU_ALU] 
     984 00000007 7700          NOP       ; [CPU_ALU] 
     985 00000008 E27A          ATANPUF32 R0H,R0H               ; [CPU_FPU] |276| 
         00000009 0000 
     986 0000000a 7700          NOP       ; [CPU_ALU] 
     987 0000000b 7700          NOP       ; [CPU_ALU] 
     988 0000000c 7700          NOP       ; [CPU_ALU] 
     989 0000000d E710          ADDF32    R0H,R0H,R1H           ; [CPU_FPU] |276| 
         0000000e 0040 
     990 0000000f 7700          NOP       ; [CPU_ALU] 
     991 00000010 7700          NOP       ; [CPU_ALU] 
     992 00000011 E270          MPY2PIF32 R0H,R0H               ; [CPU_FPU] |276| 
         00000012 0000 
     993 00000013 7700          NOP       ; [CPU_ALU] 
     994              $C$DW$73        .dwtag  DW_TAG_TI_branch
     995                      .dwattr $C$DW$73, DW_AT_low_pc(0x00)
     996                      .dwattr $C$DW$73, DW_AT_TI_return
     997              
     998 00000014 0006          LRETR     ; [CPU_ALU] 
     999                      ; return occurs ; [] 
    1000                      .dwattr $C$DW$70, DW_AT_TI_end_file("C:/ti/ccs1210/ccs/tools/compiler/ti-cgt-c2000_22.6.0.LTS/include
    1001                      .dwattr $C$DW$70, DW_AT_TI_end_line(0x115)
    1002                      .dwattr $C$DW$70, DW_AT_TI_end_column(0x01)
    1003                      .dwendentry
    1004                      .dwendtag $C$DW$70
    1005              
    1006 00000000               .sect   ".text:__relaxed_atan2f"
    1007                      .clink
    1008                      .global ||__relaxed_atan2f||
    1009              
    1010              $C$DW$74        .dwtag  DW_TAG_subprogram
    1011                      .dwattr $C$DW$74, DW_AT_name("__relaxed_atan2f")
    1012                      .dwattr $C$DW$74, DW_AT_low_pc(||__relaxed_atan2f||)
    1013                      .dwattr $C$DW$74, DW_AT_high_pc(0x00)
    1014                      .dwattr $C$DW$74, DW_AT_linkage_name("__relaxed_atan2f")
    1015                      .dwattr $C$DW$74, DW_AT_external
    1016                      .dwattr $C$DW$74, DW_AT_type(*$C$DW$T$16)
    1017                      .dwattr $C$DW$74, DW_AT_decl_file("C:/ti/ccs1210/ccs/tools/compiler/ti-cgt-c2000_22.6.0.LTS/include/m
    1018                      .dwattr $C$DW$74, DW_AT_decl_line(0x117)
    1019                      .dwattr $C$DW$74, DW_AT_decl_column(0x10)
    1020                      .dwattr $C$DW$74, DW_AT_TI_max_frame_size(-2)
    1021                      .dwpsn  file "C:/ti/ccs1210/ccs/tools/compiler/ti-cgt-c2000_22.6.0.LTS/include/math.h",line 280,colum
    1022              
    1023                      .dwfde $C$DW$CIE, ||__relaxed_atan2f||
    1024              $C$DW$75        .dwtag  DW_TAG_formal_parameter
    1025                      .dwattr $C$DW$75, DW_AT_name("y")
    1026                      .dwattr $C$DW$75, DW_AT_type(*$C$DW$T$16)
    1027                      .dwattr $C$DW$75, DW_AT_location[DW_OP_regx 0x2b]
    1028              
    1029              $C$DW$76        .dwtag  DW_TAG_formal_parameter
    1030                      .dwattr $C$DW$76, DW_AT_name("x")
    1031                      .dwattr $C$DW$76, DW_AT_type(*$C$DW$T$16)
    1032                      .dwattr $C$DW$76, DW_AT_location[DW_OP_regx 0x2f]
TMS320C2000 Assembler PC v22.6.0 Mon Apr 21 09:03:30 2025

Copyright (c) 1996-2018 Texas Instruments Incorporated
hal_comp_TMS320F280049C.asm                                          PAGE   21

    1033              
    1034              
    1035              ;***************************************************************
    1036              ;* FNAME: __relaxed_atan2f              FR SIZE:   0           *
    1037              ;*                                                             *
    1038              ;* FUNCTION ENVIRONMENT                                        *
    1039              ;*                                                             *
    1040              ;* FUNCTION PROPERTIES                                         *
    1041              ;*                            0 Parameter,  0 Auto,  0 SOE     *
    1042              ;***************************************************************
    1043              
    1044              ||__relaxed_atan2f||:
    1045              ;* R0    assigned to y
    1046              $C$DW$77        .dwtag  DW_TAG_variable
    1047                      .dwattr $C$DW$77, DW_AT_name("y")
    1048                      .dwattr $C$DW$77, DW_AT_type(*$C$DW$T$42)
    1049                      .dwattr $C$DW$77, DW_AT_location[DW_OP_regx 0x2b]
    1050              
    1051              ;* R1    assigned to x
    1052              $C$DW$78        .dwtag  DW_TAG_variable
    1053                      .dwattr $C$DW$78, DW_AT_name("x")
    1054                      .dwattr $C$DW$78, DW_AT_type(*$C$DW$T$42)
    1055                      .dwattr $C$DW$78, DW_AT_location[DW_OP_regx 0x2f]
    1056              
    1057                      .dwcfi  cfa_offset, -2
    1058                      .dwcfi  save_reg_to_mem, 26, 0
    1059                      .dwpsn  file "C:/ti/ccs1210/ccs/tools/compiler/ti-cgt-c2000_22.6.0.LTS/include/math.h",line 281,colum
    1060 00000000 E27C          QUADF32   R1H,R0H,R0H,R1H       ; [CPU_FPU] |281| 
         00000001 0201 
    1061 00000002 7700          NOP       ; [CPU_ALU] 
    1062 00000003 7700          NOP       ; [CPU_ALU] 
    1063 00000004 7700          NOP       ; [CPU_ALU] 
    1064 00000005 7700          NOP       ; [CPU_ALU] 
    1065 00000006 E27A          ATANPUF32 R0H,R0H               ; [CPU_FPU] |281| 
         00000007 0000 
    1066 00000008 7700          NOP       ; [CPU_ALU] 
    1067 00000009 7700          NOP       ; [CPU_ALU] 
    1068 0000000a 7700          NOP       ; [CPU_ALU] 
    1069 0000000b E710          ADDF32    R0H,R0H,R1H           ; [CPU_FPU] |281| 
         0000000c 0040 
    1070 0000000d 7700          NOP       ; [CPU_ALU] 
    1071 0000000e 7700          NOP       ; [CPU_ALU] 
    1072 0000000f E270          MPY2PIF32 R0H,R0H               ; [CPU_FPU] |281| 
         00000010 0000 
    1073 00000011 7700          NOP       ; [CPU_ALU] 
    1074              $C$DW$79        .dwtag  DW_TAG_TI_branch
    1075                      .dwattr $C$DW$79, DW_AT_low_pc(0x00)
    1076                      .dwattr $C$DW$79, DW_AT_TI_return
    1077              
    1078 00000012 0006          LRETR     ; [CPU_ALU] 
    1079                      ; return occurs ; [] 
    1080                      .dwattr $C$DW$74, DW_AT_TI_end_file("C:/ti/ccs1210/ccs/tools/compiler/ti-cgt-c2000_22.6.0.LTS/include
    1081                      .dwattr $C$DW$74, DW_AT_TI_end_line(0x11a)
    1082                      .dwattr $C$DW$74, DW_AT_TI_end_column(0x01)
    1083                      .dwendentry
TMS320C2000 Assembler PC v22.6.0 Mon Apr 21 09:03:30 2025

Copyright (c) 1996-2018 Texas Instruments Incorporated
hal_comp_TMS320F280049C.asm                                          PAGE   22

    1084                      .dwendtag $C$DW$74
    1085              
    1086 00000000               .sect   ".text:__isnormall"
    1087                      .clink
    1088                      .global ||__isnormall||
    1089              
    1090              $C$DW$80        .dwtag  DW_TAG_subprogram
    1091                      .dwattr $C$DW$80, DW_AT_name("__isnormall")
    1092                      .dwattr $C$DW$80, DW_AT_low_pc(||__isnormall||)
    1093                      .dwattr $C$DW$80, DW_AT_high_pc(0x00)
    1094                      .dwattr $C$DW$80, DW_AT_linkage_name("__isnormall")
    1095                      .dwattr $C$DW$80, DW_AT_external
    1096                      .dwattr $C$DW$80, DW_AT_type(*$C$DW$T$10)
    1097                      .dwattr $C$DW$80, DW_AT_decl_file("C:/ti/ccs1210/ccs/tools/compiler/ti-cgt-c2000_22.6.0.LTS/include/_
    1098                      .dwattr $C$DW$80, DW_AT_decl_line(0x167)
    1099                      .dwattr $C$DW$80, DW_AT_decl_column(0x18)
    1100                      .dwattr $C$DW$80, DW_AT_TI_max_frame_size(-6)
    1101                      .dwpsn  file "C:/ti/ccs1210/ccs/tools/compiler/ti-cgt-c2000_22.6.0.LTS/include/_defs.h",line 360,colu
    1102              
    1103                      .dwfde $C$DW$CIE, ||__isnormall||
    1104              $C$DW$81        .dwtag  DW_TAG_formal_parameter
    1105                      .dwattr $C$DW$81, DW_AT_name("e")
    1106                      .dwattr $C$DW$81, DW_AT_type(*$C$DW$T$45)
    1107                      .dwattr $C$DW$81, DW_AT_location[DW_OP_reg12]
    1108              
    1109              
    1110              ;***************************************************************
    1111              ;* FNAME: __isnormall                   FR SIZE:   4           *
    1112              ;*                                                             *
    1113              ;* FUNCTION ENVIRONMENT                                        *
    1114              ;*                                                             *
    1115              ;* FUNCTION PROPERTIES                                         *
    1116              ;*                            4 Parameter,  0 Auto,  0 SOE     *
    1117              ;***************************************************************
    1118              
    1119              ||__isnormall||:
    1120              ;* AR5   assigned to $O$C2
    1121              ;* AR6   assigned to $O$S1
    1122              ;* AR4   assigned to e
    1123              $C$DW$82        .dwtag  DW_TAG_variable
    1124                      .dwattr $C$DW$82, DW_AT_name("e")
    1125                      .dwattr $C$DW$82, DW_AT_type(*$C$DW$T$46)
    1126                      .dwattr $C$DW$82, DW_AT_location[DW_OP_reg12]
    1127              
    1128                      .dwcfi  cfa_offset, -2
    1129                      .dwcfi  save_reg_to_mem, 26, 0
    1130 00000000 FE04          ADDB      SP,#4                 ; [CPU_ARAU] 
    1131                      .dwcfi  cfa_offset, -6
    1132                      .dwpsn  file "C:/ti/ccs1210/ccs/tools/compiler/ti-cgt-c2000_22.6.0.LTS/include/_defs.h",line 360,colu
    1133 00000001 83C4          MOVL      XAR5,*+XAR4[0]        ; [CPU_ALU] |360| 
    1134 00000002 8AD4          MOVL      XAR4,*+XAR4[2]        ; [CPU_ALU] |360| 
    1135 00000003 BE00          MOVB      XAR6,#0               ; [CPU_ALU] |360| 
    1136 00000004 28AC          MOV       T,#52                 ; [CPU_ALU] |360| 
         00000005 0034 
    1137 00000006 A0AB          MOVL      P,XAR5                ; [CPU_ALU] |360| 
TMS320C2000 Assembler PC v22.6.0 Mon Apr 21 09:03:30 2025

Copyright (c) 1996-2018 Texas Instruments Incorporated
hal_comp_TMS320F280049C.asm                                          PAGE   23

    1138 00000007 A8A9          MOVL      ACC,XAR4              ; [CPU_ALU] |360| 
    1139 00000008 C244          MOVL      *-SP[4],XAR6          ; [CPU_ALU] |360| 
    1140 00000009 2B42          MOV       *-SP[2],#0            ; [CPU_ALU] |360| 
    1141 0000000a 565B          LSR64     ACC:P,T               ; [CPU_ALU] |360| 
    1142 0000000b 2B41          MOV       *-SP[1],#0            ; [CPU_FPU] |360| 
    1143 0000000c 9000          ANDB      AL,#0                 ; [CPU_ALU] |360| 
    1144 0000000d 9100          ANDB      AH,#0                 ; [CPU_ALU] |360| 
    1145 0000000e 18AB          AND       PL,#2047              ; [CPU_ALU] |360| 
         0000000f 07FF 
    1146 00000010 18AA          AND       PH,#0                 ; [CPU_ALU] |360| 
         00000011 0000 
    1147              $C$DW$83        .dwtag  DW_TAG_TI_branch
    1148                      .dwattr $C$DW$83, DW_AT_low_pc(0x00)
    1149                      .dwattr $C$DW$83, DW_AT_name("__c28xabi_cmpull")
    1150                      .dwattr $C$DW$83, DW_AT_TI_call
    1151              
    1152 00000012 7640!         LCR       #||__c28xabi_cmpull|| ; [CPU_ALU] |360| 
         00000013 0000 
    1153                      ; call occurs [#||__c28xabi_cmpull||] ; [] |360| 
    1154 00000014 BE00          MOVB      XAR6,#0               ; [CPU_ALU] |360| 
    1155 00000015 5200          CMPB      AL,#0                 ; [CPU_ALU] |360| 
    1156 00000016 610E          B         ||$C$L1||,EQ          ; [CPU_ALU] |360| 
    1157                      ; branchcc occurs ; [] |360| 
    1158 00000017 A0AB          MOVL      P,XAR5                ; [CPU_ALU] |360| 
    1159 00000018 A8A9          MOVL      ACC,XAR4              ; [CPU_ALU] |360| 
    1160 00000019 28AC          MOV       T,#48                 ; [CPU_ALU] |360| 
         0000001a 0030 
    1161 0000001b 565B          LSR64     ACC:P,T               ; [CPU_ALU] |360| 
    1162 0000001c 18AB          AND       PL,#0x7ff0            ; [CPU_ALU] |360| 
         0000001d 7FF0 
    1163 0000001e 80AB          MOVZ      AR7,PL                ; [CPU_ALU] |360| 
    1164 0000001f FF20          MOV       ACC,#32752            ; [CPU_ALU] |360| 
         00000020 7FF0 
    1165 00000021 0FA7          CMPL      ACC,XAR7              ; [CPU_ALU] |360| 
    1166 00000022 56B0          MOVB      XAR6,#1,NEQ           ; [CPU_ALU] |360| 
         00000023 01A6 
    1167 00000024       ||$C$L1||:    
    1168 00000024 FE84          SUBB      SP,#4                 ; [CPU_ARAU] 
    1169                      .dwcfi  cfa_offset, -2
    1170 00000025 92A6          MOV       AL,AR6                ; [CPU_ALU] |360| 
    1171              $C$DW$84        .dwtag  DW_TAG_TI_branch
    1172                      .dwattr $C$DW$84, DW_AT_low_pc(0x00)
    1173                      .dwattr $C$DW$84, DW_AT_TI_return
    1174              
    1175 00000026 0006          LRETR     ; [CPU_ALU] 
    1176                      ; return occurs ; [] 
    1177                      .dwattr $C$DW$80, DW_AT_TI_end_file("C:/ti/ccs1210/ccs/tools/compiler/ti-cgt-c2000_22.6.0.LTS/include
    1178                      .dwattr $C$DW$80, DW_AT_TI_end_line(0x169)
    1179                      .dwattr $C$DW$80, DW_AT_TI_end_column(0x31)
    1180                      .dwendentry
    1181                      .dwendtag $C$DW$80
    1182              
    1183 00000000               .sect   ".text:__isnormalf"
    1184                      .clink
    1185                      .global ||__isnormalf||
TMS320C2000 Assembler PC v22.6.0 Mon Apr 21 09:03:30 2025

Copyright (c) 1996-2018 Texas Instruments Incorporated
hal_comp_TMS320F280049C.asm                                          PAGE   24

    1186              
    1187              $C$DW$85        .dwtag  DW_TAG_subprogram
    1188                      .dwattr $C$DW$85, DW_AT_name("__isnormalf")
    1189                      .dwattr $C$DW$85, DW_AT_low_pc(||__isnormalf||)
    1190                      .dwattr $C$DW$85, DW_AT_high_pc(0x00)
    1191                      .dwattr $C$DW$85, DW_AT_linkage_name("__isnormalf")
    1192                      .dwattr $C$DW$85, DW_AT_external
    1193                      .dwattr $C$DW$85, DW_AT_type(*$C$DW$T$10)
    1194                      .dwattr $C$DW$85, DW_AT_decl_file("C:/ti/ccs1210/ccs/tools/compiler/ti-cgt-c2000_22.6.0.LTS/include/_
    1195                      .dwattr $C$DW$85, DW_AT_decl_line(0x163)
    1196                      .dwattr $C$DW$85, DW_AT_decl_column(0x18)
    1197                      .dwattr $C$DW$85, DW_AT_TI_max_frame_size(-2)
    1198                      .dwpsn  file "C:/ti/ccs1210/ccs/tools/compiler/ti-cgt-c2000_22.6.0.LTS/include/_defs.h",line 356,colu
    1199              
    1200                      .dwfde $C$DW$CIE, ||__isnormalf||
    1201              $C$DW$86        .dwtag  DW_TAG_formal_parameter
    1202                      .dwattr $C$DW$86, DW_AT_name("f")
    1203                      .dwattr $C$DW$86, DW_AT_type(*$C$DW$T$16)
    1204                      .dwattr $C$DW$86, DW_AT_location[DW_OP_regx 0x2b]
    1205              
    1206              
    1207              ;***************************************************************
    1208              ;* FNAME: __isnormalf                   FR SIZE:   0           *
    1209              ;*                                                             *
    1210              ;* FUNCTION ENVIRONMENT                                        *
    1211              ;*                                                             *
    1212              ;* FUNCTION PROPERTIES                                         *
    1213              ;*                            0 Parameter,  0 Auto,  0 SOE     *
    1214              ;***************************************************************
    1215              
    1216              ||__isnormalf||:
    1217              ;* PL    assigned to $O$K3
    1218              ;* AR6   assigned to $O$S1
    1219              ;* R0    assigned to f
    1220              $C$DW$87        .dwtag  DW_TAG_variable
    1221                      .dwattr $C$DW$87, DW_AT_name("f")
    1222                      .dwattr $C$DW$87, DW_AT_type(*$C$DW$T$42)
    1223                      .dwattr $C$DW$87, DW_AT_location[DW_OP_regx 0x2b]
    1224              
    1225                      .dwcfi  cfa_offset, -2
    1226                      .dwcfi  save_reg_to_mem, 26, 0
    1227                      .dwpsn  file "C:/ti/ccs1210/ccs/tools/compiler/ti-cgt-c2000_22.6.0.LTS/include/_defs.h",line 356,colu
    1228 00000000 BFAB          MOV32     P,R0H                 ; [CPU_FPU] |356| 
         00000001 0F12 
    1229 00000002 28AC          MOV       T,#23                 ; [CPU_ALU] |356| 
         00000003 0017 
    1230 00000004 A9A9          MOVL      ACC,P                 ; [CPU_ALU] |356| 
    1231 00000005 BE00          MOVB      XAR6,#0               ; [CPU_ALU] |356| 
    1232 00000006 5622          LSRL      ACC,T                 ; [CPU_ALU] |356| 
    1233 00000007 90FF          ANDB      AL,#0xff              ; [CPU_ALU] |356| 
    1234 00000008 6109          B         ||$C$L2||,EQ          ; [CPU_ALU] |356| 
    1235                      ; branchcc occurs ; [] |356| 
    1236 00000009 CCAA          AND       AL,PH,#0x7f80         ; [CPU_ALU] |356| 
         0000000a 7F80 
    1237 0000000b 80A9          MOVZ      AR7,AL                ; [CPU_ALU] |356| 
TMS320C2000 Assembler PC v22.6.0 Mon Apr 21 09:03:30 2025

Copyright (c) 1996-2018 Texas Instruments Incorporated
hal_comp_TMS320F280049C.asm                                          PAGE   25

    1238 0000000c FF20          MOV       ACC,#32640            ; [CPU_ALU] |356| 
         0000000d 7F80 
    1239 0000000e 0FA7          CMPL      ACC,XAR7              ; [CPU_ALU] |356| 
    1240 0000000f 56B0          MOVB      XAR6,#1,NEQ           ; [CPU_ALU] |356| 
         00000010 01A6 
    1241 00000011       ||$C$L2||:    
    1242 00000011 92A6          MOV       AL,AR6                ; [CPU_ALU] |356| 
    1243              $C$DW$88        .dwtag  DW_TAG_TI_branch
    1244                      .dwattr $C$DW$88, DW_AT_low_pc(0x00)
    1245                      .dwattr $C$DW$88, DW_AT_TI_return
    1246              
    1247 00000012 0006          LRETR     ; [CPU_ALU] 
    1248                      ; return occurs ; [] 
    1249                      .dwattr $C$DW$85, DW_AT_TI_end_file("C:/ti/ccs1210/ccs/tools/compiler/ti-cgt-c2000_22.6.0.LTS/include
    1250                      .dwattr $C$DW$85, DW_AT_TI_end_line(0x165)
    1251                      .dwattr $C$DW$85, DW_AT_TI_end_column(0x2f)
    1252                      .dwendentry
    1253                      .dwendtag $C$DW$85
    1254              
    1255 00000000               .sect   ".text:__isnormal"
    1256                      .clink
    1257                      .global ||__isnormal||
    1258              
    1259              $C$DW$89        .dwtag  DW_TAG_subprogram
    1260                      .dwattr $C$DW$89, DW_AT_name("__isnormal")
    1261                      .dwattr $C$DW$89, DW_AT_low_pc(||__isnormal||)
    1262                      .dwattr $C$DW$89, DW_AT_high_pc(0x00)
    1263                      .dwattr $C$DW$89, DW_AT_linkage_name("__isnormal")
    1264                      .dwattr $C$DW$89, DW_AT_external
    1265                      .dwattr $C$DW$89, DW_AT_type(*$C$DW$T$10)
    1266                      .dwattr $C$DW$89, DW_AT_decl_file("C:/ti/ccs1210/ccs/tools/compiler/ti-cgt-c2000_22.6.0.LTS/include/_
    1267                      .dwattr $C$DW$89, DW_AT_decl_line(0x15f)
    1268                      .dwattr $C$DW$89, DW_AT_decl_column(0x18)
    1269                      .dwattr $C$DW$89, DW_AT_TI_max_frame_size(-6)
    1270                      .dwpsn  file "C:/ti/ccs1210/ccs/tools/compiler/ti-cgt-c2000_22.6.0.LTS/include/_defs.h",line 352,colu
    1271              
    1272                      .dwfde $C$DW$CIE, ||__isnormal||
    1273              $C$DW$90        .dwtag  DW_TAG_formal_parameter
    1274                      .dwattr $C$DW$90, DW_AT_name("d")
    1275                      .dwattr $C$DW$90, DW_AT_type(*$C$DW$T$43)
    1276                      .dwattr $C$DW$90, DW_AT_location[DW_OP_reg12]
    1277              
    1278              
    1279              ;***************************************************************
    1280              ;* FNAME: __isnormal                    FR SIZE:   4           *
    1281              ;*                                                             *
    1282              ;* FUNCTION ENVIRONMENT                                        *
    1283              ;*                                                             *
    1284              ;* FUNCTION PROPERTIES                                         *
    1285              ;*                            4 Parameter,  0 Auto,  0 SOE     *
    1286              ;***************************************************************
    1287              
    1288              ||__isnormal||:
    1289              ;* AR5   assigned to $O$C2
    1290              ;* AR6   assigned to $O$S1
TMS320C2000 Assembler PC v22.6.0 Mon Apr 21 09:03:30 2025

Copyright (c) 1996-2018 Texas Instruments Incorporated
hal_comp_TMS320F280049C.asm                                          PAGE   26

    1291              ;* AR4   assigned to d
    1292              $C$DW$91        .dwtag  DW_TAG_variable
    1293                      .dwattr $C$DW$91, DW_AT_name("d")
    1294                      .dwattr $C$DW$91, DW_AT_type(*$C$DW$T$44)
    1295                      .dwattr $C$DW$91, DW_AT_location[DW_OP_reg12]
    1296              
    1297                      .dwcfi  cfa_offset, -2
    1298                      .dwcfi  save_reg_to_mem, 26, 0
    1299 00000000 FE04          ADDB      SP,#4                 ; [CPU_ARAU] 
    1300                      .dwcfi  cfa_offset, -6
    1301                      .dwpsn  file "C:/ti/ccs1210/ccs/tools/compiler/ti-cgt-c2000_22.6.0.LTS/include/_defs.h",line 352,colu
    1302 00000001 83C4          MOVL      XAR5,*+XAR4[0]        ; [CPU_ALU] |352| 
    1303 00000002 8AD4          MOVL      XAR4,*+XAR4[2]        ; [CPU_ALU] |352| 
    1304 00000003 BE00          MOVB      XAR6,#0               ; [CPU_ALU] |352| 
    1305 00000004 28AC          MOV       T,#52                 ; [CPU_ALU] |352| 
         00000005 0034 
    1306 00000006 A0AB          MOVL      P,XAR5                ; [CPU_ALU] |352| 
    1307 00000007 A8A9          MOVL      ACC,XAR4              ; [CPU_ALU] |352| 
    1308 00000008 C244          MOVL      *-SP[4],XAR6          ; [CPU_ALU] |352| 
    1309 00000009 2B42          MOV       *-SP[2],#0            ; [CPU_ALU] |352| 
    1310 0000000a 565B          LSR64     ACC:P,T               ; [CPU_ALU] |352| 
    1311 0000000b 2B41          MOV       *-SP[1],#0            ; [CPU_FPU] |352| 
    1312 0000000c 9000          ANDB      AL,#0                 ; [CPU_ALU] |352| 
    1313 0000000d 9100          ANDB      AH,#0                 ; [CPU_ALU] |352| 
    1314 0000000e 18AB          AND       PL,#2047              ; [CPU_ALU] |352| 
         0000000f 07FF 
    1315 00000010 18AA          AND       PH,#0                 ; [CPU_ALU] |352| 
         00000011 0000 
    1316              $C$DW$92        .dwtag  DW_TAG_TI_branch
    1317                      .dwattr $C$DW$92, DW_AT_low_pc(0x00)
    1318                      .dwattr $C$DW$92, DW_AT_name("__c28xabi_cmpull")
    1319                      .dwattr $C$DW$92, DW_AT_TI_call
    1320              
    1321 00000012 7640!         LCR       #||__c28xabi_cmpull|| ; [CPU_ALU] |352| 
         00000013 0000 
    1322                      ; call occurs [#||__c28xabi_cmpull||] ; [] |352| 
    1323 00000014 BE00          MOVB      XAR6,#0               ; [CPU_ALU] |352| 
    1324 00000015 5200          CMPB      AL,#0                 ; [CPU_ALU] |352| 
    1325 00000016 610E          B         ||$C$L3||,EQ          ; [CPU_ALU] |352| 
    1326                      ; branchcc occurs ; [] |352| 
    1327 00000017 A0AB          MOVL      P,XAR5                ; [CPU_ALU] |352| 
    1328 00000018 A8A9          MOVL      ACC,XAR4              ; [CPU_ALU] |352| 
    1329 00000019 28AC          MOV       T,#48                 ; [CPU_ALU] |352| 
         0000001a 0030 
    1330 0000001b 565B          LSR64     ACC:P,T               ; [CPU_ALU] |352| 
    1331 0000001c 18AB          AND       PL,#0x7ff0            ; [CPU_ALU] |352| 
         0000001d 7FF0 
    1332 0000001e 80AB          MOVZ      AR7,PL                ; [CPU_ALU] |352| 
    1333 0000001f FF20          MOV       ACC,#32752            ; [CPU_ALU] |352| 
         00000020 7FF0 
    1334 00000021 0FA7          CMPL      ACC,XAR7              ; [CPU_ALU] |352| 
    1335 00000022 56B0          MOVB      XAR6,#1,NEQ           ; [CPU_ALU] |352| 
         00000023 01A6 
    1336 00000024       ||$C$L3||:    
    1337 00000024 FE84          SUBB      SP,#4                 ; [CPU_ARAU] 
TMS320C2000 Assembler PC v22.6.0 Mon Apr 21 09:03:30 2025

Copyright (c) 1996-2018 Texas Instruments Incorporated
hal_comp_TMS320F280049C.asm                                          PAGE   27

    1338                      .dwcfi  cfa_offset, -2
    1339 00000025 92A6          MOV       AL,AR6                ; [CPU_ALU] |352| 
    1340              $C$DW$93        .dwtag  DW_TAG_TI_branch
    1341                      .dwattr $C$DW$93, DW_AT_low_pc(0x00)
    1342                      .dwattr $C$DW$93, DW_AT_TI_return
    1343              
    1344 00000026 0006          LRETR     ; [CPU_ALU] 
    1345                      ; return occurs ; [] 
    1346                      .dwattr $C$DW$89, DW_AT_TI_end_file("C:/ti/ccs1210/ccs/tools/compiler/ti-cgt-c2000_22.6.0.LTS/include
    1347                      .dwattr $C$DW$89, DW_AT_TI_end_line(0x161)
    1348                      .dwattr $C$DW$89, DW_AT_TI_end_column(0x30)
    1349                      .dwendentry
    1350                      .dwendtag $C$DW$89
    1351              
    1352 00000000               .sect   ".text:__isnanl"
    1353                      .clink
    1354                      .global ||__isnanl||
    1355              
    1356              $C$DW$94        .dwtag  DW_TAG_subprogram
    1357                      .dwattr $C$DW$94, DW_AT_name("__isnanl")
    1358                      .dwattr $C$DW$94, DW_AT_low_pc(||__isnanl||)
    1359                      .dwattr $C$DW$94, DW_AT_high_pc(0x00)
    1360                      .dwattr $C$DW$94, DW_AT_linkage_name("__isnanl")
    1361                      .dwattr $C$DW$94, DW_AT_external
    1362                      .dwattr $C$DW$94, DW_AT_type(*$C$DW$T$10)
    1363                      .dwattr $C$DW$94, DW_AT_decl_file("C:/ti/ccs1210/ccs/tools/compiler/ti-cgt-c2000_22.6.0.LTS/include/_
    1364                      .dwattr $C$DW$94, DW_AT_decl_line(0x15b)
    1365                      .dwattr $C$DW$94, DW_AT_decl_column(0x18)
    1366                      .dwattr $C$DW$94, DW_AT_TI_max_frame_size(-6)
    1367                      .dwpsn  file "C:/ti/ccs1210/ccs/tools/compiler/ti-cgt-c2000_22.6.0.LTS/include/_defs.h",line 348,colu
    1368              
    1369                      .dwfde $C$DW$CIE, ||__isnanl||
    1370              $C$DW$95        .dwtag  DW_TAG_formal_parameter
    1371                      .dwattr $C$DW$95, DW_AT_name("e")
    1372                      .dwattr $C$DW$95, DW_AT_type(*$C$DW$T$45)
    1373                      .dwattr $C$DW$95, DW_AT_location[DW_OP_reg12]
    1374              
    1375              
    1376              ;***************************************************************
    1377              ;* FNAME: __isnanl                      FR SIZE:   4           *
    1378              ;*                                                             *
    1379              ;* FUNCTION ENVIRONMENT                                        *
    1380              ;*                                                             *
    1381              ;* FUNCTION PROPERTIES                                         *
    1382              ;*                            4 Parameter,  0 Auto,  0 SOE     *
    1383              ;***************************************************************
    1384              
    1385              ||__isnanl||:
    1386              ;* AR7   assigned to $O$C2
    1387              ;* AR4   assigned to $O$S1
    1388              ;* AR4   assigned to e
    1389              $C$DW$96        .dwtag  DW_TAG_variable
    1390                      .dwattr $C$DW$96, DW_AT_name("e")
    1391                      .dwattr $C$DW$96, DW_AT_type(*$C$DW$T$46)
    1392                      .dwattr $C$DW$96, DW_AT_location[DW_OP_reg12]
TMS320C2000 Assembler PC v22.6.0 Mon Apr 21 09:03:30 2025

Copyright (c) 1996-2018 Texas Instruments Incorporated
hal_comp_TMS320F280049C.asm                                          PAGE   28

    1393              
    1394                      .dwcfi  cfa_offset, -2
    1395                      .dwcfi  save_reg_to_mem, 26, 0
    1396 00000000 FE04          ADDB      SP,#4                 ; [CPU_ARAU] 
    1397                      .dwcfi  cfa_offset, -6
    1398                      .dwpsn  file "C:/ti/ccs1210/ccs/tools/compiler/ti-cgt-c2000_22.6.0.LTS/include/_defs.h",line 348,colu
    1399 00000001 C5C4          MOVL      XAR7,*+XAR4[0]        ; [CPU_ALU] |348| 
    1400 00000002 06D4          MOVL      ACC,*+XAR4[2]         ; [CPU_ALU] |348| 
    1401 00000003 28AC          MOV       T,#48                 ; [CPU_ALU] |348| 
         00000004 0030 
    1402 00000005 1EA6          MOVL      XAR6,ACC              ; [CPU_ALU] |348| 
    1403 00000006 A3A7          MOVL      P,XAR7                ; [CPU_ALU] |348| 
    1404 00000007 D400          MOVB      XAR4,#0               ; [CPU_ALU] |348| 
    1405 00000008 565B          LSR64     ACC:P,T               ; [CPU_ALU] |348| 
    1406 00000009 2BAA          MOV       PH,#0                 ; [CPU_ALU] |348| 
    1407 0000000a 18AB          AND       PL,#0x7ff0            ; [CPU_ALU] |348| 
         0000000b 7FF0 
    1408 0000000c FF20          MOV       ACC,#32752            ; [CPU_ALU] |348| 
         0000000d 7FF0 
    1409 0000000e 0FAB          CMPL      ACC,P                 ; [CPU_ALU] |348| 
    1410 0000000f 6013          B         ||$C$L4||,NEQ         ; [CPU_ALU] |348| 
    1411                      ; branchcc occurs ; [] |348| 
    1412 00000010 06A6          MOVL      ACC,XAR6              ; [CPU_ALU] |348| 
    1413 00000011 A3A7          MOVL      P,XAR7                ; [CPU_ALU] |348| 
    1414 00000012 BE00          MOVB      XAR6,#0               ; [CPU_ALU] |348| 
    1415 00000013 18A9          AND       AL,#65535             ; [CPU_ALU] |348| 
         00000014 FFFF 
    1416 00000015 910F          ANDB      AH,#15                ; [CPU_ALU] |348| 
    1417 00000016 18AB          AND       PL,#65535             ; [CPU_ALU] |348| 
         00000017 FFFF 
    1418 00000018 18AA          AND       PH,#65535             ; [CPU_ALU] |348| 
         00000019 FFFF 
    1419 0000001a C244          MOVL      *-SP[4],XAR6          ; [CPU_FPU] |348| 
    1420 0000001b 2B42          MOV       *-SP[2],#0            ; [CPU_FPU] |348| 
    1421 0000001c 2B41          MOV       *-SP[1],#0            ; [CPU_FPU] |348| 
    1422              $C$DW$97        .dwtag  DW_TAG_TI_branch
    1423                      .dwattr $C$DW$97, DW_AT_low_pc(0x00)
    1424                      .dwattr $C$DW$97, DW_AT_name("__c28xabi_cmpull")
    1425                      .dwattr $C$DW$97, DW_AT_TI_call
    1426              
    1427 0000001d 7640!         LCR       #||__c28xabi_cmpull|| ; [CPU_ALU] |348| 
         0000001e 0000 
    1428                      ; call occurs [#||__c28xabi_cmpull||] ; [] |348| 
    1429 0000001f 5200          CMPB      AL,#0                 ; [CPU_ALU] |348| 
    1430 00000020 56B0          MOVB      XAR4,#1,NEQ           ; [CPU_ALU] |348| 
         00000021 01A4 
    1431 00000022       ||$C$L4||:    
    1432 00000022 FE84          SUBB      SP,#4                 ; [CPU_ARAU] 
    1433                      .dwcfi  cfa_offset, -2
    1434 00000023 92A4          MOV       AL,AR4                ; [CPU_ALU] |348| 
    1435              $C$DW$98        .dwtag  DW_TAG_TI_branch
    1436                      .dwattr $C$DW$98, DW_AT_low_pc(0x00)
    1437                      .dwattr $C$DW$98, DW_AT_TI_return
    1438              
    1439 00000024 0006          LRETR     ; [CPU_ALU] 
TMS320C2000 Assembler PC v22.6.0 Mon Apr 21 09:03:30 2025

Copyright (c) 1996-2018 Texas Instruments Incorporated
hal_comp_TMS320F280049C.asm                                          PAGE   29

    1440                      ; return occurs ; [] 
    1441                      .dwattr $C$DW$94, DW_AT_TI_end_file("C:/ti/ccs1210/ccs/tools/compiler/ti-cgt-c2000_22.6.0.LTS/include
    1442                      .dwattr $C$DW$94, DW_AT_TI_end_line(0x15d)
    1443                      .dwattr $C$DW$94, DW_AT_TI_end_column(0x30)
    1444                      .dwendentry
    1445                      .dwendtag $C$DW$94
    1446              
    1447 00000000               .sect   ".text:__isnanf"
    1448                      .clink
    1449                      .global ||__isnanf||
    1450              
    1451              $C$DW$99        .dwtag  DW_TAG_subprogram
    1452                      .dwattr $C$DW$99, DW_AT_name("__isnanf")
    1453                      .dwattr $C$DW$99, DW_AT_low_pc(||__isnanf||)
    1454                      .dwattr $C$DW$99, DW_AT_high_pc(0x00)
    1455                      .dwattr $C$DW$99, DW_AT_linkage_name("__isnanf")
    1456                      .dwattr $C$DW$99, DW_AT_external
    1457                      .dwattr $C$DW$99, DW_AT_type(*$C$DW$T$10)
    1458                      .dwattr $C$DW$99, DW_AT_decl_file("C:/ti/ccs1210/ccs/tools/compiler/ti-cgt-c2000_22.6.0.LTS/include/_
    1459                      .dwattr $C$DW$99, DW_AT_decl_line(0x158)
    1460                      .dwattr $C$DW$99, DW_AT_decl_column(0x18)
    1461                      .dwattr $C$DW$99, DW_AT_TI_max_frame_size(-2)
    1462                      .dwpsn  file "C:/ti/ccs1210/ccs/tools/compiler/ti-cgt-c2000_22.6.0.LTS/include/_defs.h",line 345,colu
    1463              
    1464                      .dwfde $C$DW$CIE, ||__isnanf||
    1465              $C$DW$100       .dwtag  DW_TAG_formal_parameter
    1466                      .dwattr $C$DW$100, DW_AT_name("f")
    1467                      .dwattr $C$DW$100, DW_AT_type(*$C$DW$T$16)
    1468                      .dwattr $C$DW$100, DW_AT_location[DW_OP_regx 0x2b]
    1469              
    1470              
    1471              ;***************************************************************
    1472              ;* FNAME: __isnanf                      FR SIZE:   0           *
    1473              ;*                                                             *
    1474              ;* FUNCTION ENVIRONMENT                                        *
    1475              ;*                                                             *
    1476              ;* FUNCTION PROPERTIES                                         *
    1477              ;*                            0 Parameter,  0 Auto,  0 SOE     *
    1478              ;***************************************************************
    1479              
    1480              ||__isnanf||:
    1481              ;* PL    assigned to $O$K3
    1482              ;* AR6   assigned to $O$S1
    1483              ;* R0    assigned to f
    1484              $C$DW$101       .dwtag  DW_TAG_variable
    1485                      .dwattr $C$DW$101, DW_AT_name("f")
    1486                      .dwattr $C$DW$101, DW_AT_type(*$C$DW$T$42)
    1487                      .dwattr $C$DW$101, DW_AT_location[DW_OP_regx 0x2b]
    1488              
    1489                      .dwcfi  cfa_offset, -2
    1490                      .dwcfi  save_reg_to_mem, 26, 0
    1491                      .dwpsn  file "C:/ti/ccs1210/ccs/tools/compiler/ti-cgt-c2000_22.6.0.LTS/include/_defs.h",line 345,colu
    1492 00000000 BFAB          MOV32     P,R0H                 ; [CPU_FPU] |345| 
         00000001 0F12 
    1493 00000002 CCAA          AND       AL,PH,#0x7f80         ; [CPU_ALU] |345| 
TMS320C2000 Assembler PC v22.6.0 Mon Apr 21 09:03:30 2025

Copyright (c) 1996-2018 Texas Instruments Incorporated
hal_comp_TMS320F280049C.asm                                          PAGE   30

         00000003 7F80 
    1494 00000004 80A9          MOVZ      AR7,AL                ; [CPU_ALU] |345| 
    1495 00000005 BE00          MOVB      XAR6,#0               ; [CPU_ALU] |345| 
    1496 00000006 FF20          MOV       ACC,#32640            ; [CPU_ALU] |345| 
         00000007 7F80 
    1497 00000008 0FA7          CMPL      ACC,XAR7              ; [CPU_ALU] |345| 
    1498 00000009 6006          B         ||$C$L5||,NEQ         ; [CPU_ALU] |345| 
    1499                      ; branchcc occurs ; [] |345| 
    1500 0000000a A9A9          MOVL      ACC,P                 ; [CPU_ALU] |345| 
    1501 0000000b 917F          ANDB      AH,#127               ; [CPU_ALU] |345| 
    1502 0000000c FF58          TEST      ACC                   ; [CPU_ALU] |345| 
    1503 0000000d 56B0          MOVB      XAR6,#1,NEQ           ; [CPU_ALU] |345| 
         0000000e 01A6 
    1504 0000000f       ||$C$L5||:    
    1505 0000000f 92A6          MOV       AL,AR6                ; [CPU_ALU] |345| 
    1506              $C$DW$102       .dwtag  DW_TAG_TI_branch
    1507                      .dwattr $C$DW$102, DW_AT_low_pc(0x00)
    1508                      .dwattr $C$DW$102, DW_AT_TI_return
    1509              
    1510 00000010 0006          LRETR     ; [CPU_ALU] 
    1511                      ; return occurs ; [] 
    1512                      .dwattr $C$DW$99, DW_AT_TI_end_file("C:/ti/ccs1210/ccs/tools/compiler/ti-cgt-c2000_22.6.0.LTS/include
    1513                      .dwattr $C$DW$99, DW_AT_TI_end_line(0x15a)
    1514                      .dwattr $C$DW$99, DW_AT_TI_end_column(0x2e)
    1515                      .dwendentry
    1516                      .dwendtag $C$DW$99
    1517              
    1518 00000000               .sect   ".text:__isnan"
    1519                      .clink
    1520                      .global ||__isnan||
    1521              
    1522              $C$DW$103       .dwtag  DW_TAG_subprogram
    1523                      .dwattr $C$DW$103, DW_AT_name("__isnan")
    1524                      .dwattr $C$DW$103, DW_AT_low_pc(||__isnan||)
    1525                      .dwattr $C$DW$103, DW_AT_high_pc(0x00)
    1526                      .dwattr $C$DW$103, DW_AT_linkage_name("__isnan")
    1527                      .dwattr $C$DW$103, DW_AT_external
    1528                      .dwattr $C$DW$103, DW_AT_type(*$C$DW$T$10)
    1529                      .dwattr $C$DW$103, DW_AT_decl_file("C:/ti/ccs1210/ccs/tools/compiler/ti-cgt-c2000_22.6.0.LTS/include/
    1530                      .dwattr $C$DW$103, DW_AT_decl_line(0x155)
    1531                      .dwattr $C$DW$103, DW_AT_decl_column(0x18)
    1532                      .dwattr $C$DW$103, DW_AT_TI_max_frame_size(-6)
    1533                      .dwpsn  file "C:/ti/ccs1210/ccs/tools/compiler/ti-cgt-c2000_22.6.0.LTS/include/_defs.h",line 342,colu
    1534              
    1535                      .dwfde $C$DW$CIE, ||__isnan||
    1536              $C$DW$104       .dwtag  DW_TAG_formal_parameter
    1537                      .dwattr $C$DW$104, DW_AT_name("d")
    1538                      .dwattr $C$DW$104, DW_AT_type(*$C$DW$T$43)
    1539                      .dwattr $C$DW$104, DW_AT_location[DW_OP_reg12]
    1540              
    1541              
    1542              ;***************************************************************
    1543              ;* FNAME: __isnan                       FR SIZE:   4           *
    1544              ;*                                                             *
    1545              ;* FUNCTION ENVIRONMENT                                        *
TMS320C2000 Assembler PC v22.6.0 Mon Apr 21 09:03:30 2025

Copyright (c) 1996-2018 Texas Instruments Incorporated
hal_comp_TMS320F280049C.asm                                          PAGE   31

    1546              ;*                                                             *
    1547              ;* FUNCTION PROPERTIES                                         *
    1548              ;*                            4 Parameter,  0 Auto,  0 SOE     *
    1549              ;***************************************************************
    1550              
    1551              ||__isnan||:
    1552              ;* AR7   assigned to $O$C2
    1553              ;* AR4   assigned to $O$S1
    1554              ;* AR4   assigned to d
    1555              $C$DW$105       .dwtag  DW_TAG_variable
    1556                      .dwattr $C$DW$105, DW_AT_name("d")
    1557                      .dwattr $C$DW$105, DW_AT_type(*$C$DW$T$44)
    1558                      .dwattr $C$DW$105, DW_AT_location[DW_OP_reg12]
    1559              
    1560                      .dwcfi  cfa_offset, -2
    1561                      .dwcfi  save_reg_to_mem, 26, 0
    1562 00000000 FE04          ADDB      SP,#4                 ; [CPU_ARAU] 
    1563                      .dwcfi  cfa_offset, -6
    1564                      .dwpsn  file "C:/ti/ccs1210/ccs/tools/compiler/ti-cgt-c2000_22.6.0.LTS/include/_defs.h",line 342,colu
    1565 00000001 C5C4          MOVL      XAR7,*+XAR4[0]        ; [CPU_ALU] |342| 
    1566 00000002 06D4          MOVL      ACC,*+XAR4[2]         ; [CPU_ALU] |342| 
    1567 00000003 28AC          MOV       T,#48                 ; [CPU_ALU] |342| 
         00000004 0030 
    1568 00000005 1EA6          MOVL      XAR6,ACC              ; [CPU_ALU] |342| 
    1569 00000006 A3A7          MOVL      P,XAR7                ; [CPU_ALU] |342| 
    1570 00000007 D400          MOVB      XAR4,#0               ; [CPU_ALU] |342| 
    1571 00000008 565B          LSR64     ACC:P,T               ; [CPU_ALU] |342| 
    1572 00000009 2BAA          MOV       PH,#0                 ; [CPU_ALU] |342| 
    1573 0000000a 18AB          AND       PL,#0x7ff0            ; [CPU_ALU] |342| 
         0000000b 7FF0 
    1574 0000000c FF20          MOV       ACC,#32752            ; [CPU_ALU] |342| 
         0000000d 7FF0 
    1575 0000000e 0FAB          CMPL      ACC,P                 ; [CPU_ALU] |342| 
    1576 0000000f 6013          B         ||$C$L6||,NEQ         ; [CPU_ALU] |342| 
    1577                      ; branchcc occurs ; [] |342| 
    1578 00000010 06A6          MOVL      ACC,XAR6              ; [CPU_ALU] |342| 
    1579 00000011 A3A7          MOVL      P,XAR7                ; [CPU_ALU] |342| 
    1580 00000012 BE00          MOVB      XAR6,#0               ; [CPU_ALU] |342| 
    1581 00000013 18A9          AND       AL,#65535             ; [CPU_ALU] |342| 
         00000014 FFFF 
    1582 00000015 910F          ANDB      AH,#15                ; [CPU_ALU] |342| 
    1583 00000016 18AB          AND       PL,#65535             ; [CPU_ALU] |342| 
         00000017 FFFF 
    1584 00000018 18AA          AND       PH,#65535             ; [CPU_ALU] |342| 
         00000019 FFFF 
    1585 0000001a C244          MOVL      *-SP[4],XAR6          ; [CPU_FPU] |342| 
    1586 0000001b 2B42          MOV       *-SP[2],#0            ; [CPU_FPU] |342| 
    1587 0000001c 2B41          MOV       *-SP[1],#0            ; [CPU_FPU] |342| 
    1588              $C$DW$106       .dwtag  DW_TAG_TI_branch
    1589                      .dwattr $C$DW$106, DW_AT_low_pc(0x00)
    1590                      .dwattr $C$DW$106, DW_AT_name("__c28xabi_cmpull")
    1591                      .dwattr $C$DW$106, DW_AT_TI_call
    1592              
    1593 0000001d 7640!         LCR       #||__c28xabi_cmpull|| ; [CPU_ALU] |342| 
         0000001e 0000 
TMS320C2000 Assembler PC v22.6.0 Mon Apr 21 09:03:30 2025

Copyright (c) 1996-2018 Texas Instruments Incorporated
hal_comp_TMS320F280049C.asm                                          PAGE   32

    1594                      ; call occurs [#||__c28xabi_cmpull||] ; [] |342| 
    1595 0000001f 5200          CMPB      AL,#0                 ; [CPU_ALU] |342| 
    1596 00000020 56B0          MOVB      XAR4,#1,NEQ           ; [CPU_ALU] |342| 
         00000021 01A4 
    1597 00000022       ||$C$L6||:    
    1598 00000022 FE84          SUBB      SP,#4                 ; [CPU_ARAU] 
    1599                      .dwcfi  cfa_offset, -2
    1600 00000023 92A4          MOV       AL,AR4                ; [CPU_ALU] |342| 
    1601              $C$DW$107       .dwtag  DW_TAG_TI_branch
    1602                      .dwattr $C$DW$107, DW_AT_low_pc(0x00)
    1603                      .dwattr $C$DW$107, DW_AT_TI_return
    1604              
    1605 00000024 0006          LRETR     ; [CPU_ALU] 
    1606                      ; return occurs ; [] 
    1607                      .dwattr $C$DW$103, DW_AT_TI_end_file("C:/ti/ccs1210/ccs/tools/compiler/ti-cgt-c2000_22.6.0.LTS/includ
    1608                      .dwattr $C$DW$103, DW_AT_TI_end_line(0x157)
    1609                      .dwattr $C$DW$103, DW_AT_TI_end_column(0x2f)
    1610                      .dwendentry
    1611                      .dwendtag $C$DW$103
    1612              
    1613 00000000               .sect   ".text:__isinfl"
    1614                      .clink
    1615                      .global ||__isinfl||
    1616              
    1617              $C$DW$108       .dwtag  DW_TAG_subprogram
    1618                      .dwattr $C$DW$108, DW_AT_name("__isinfl")
    1619                      .dwattr $C$DW$108, DW_AT_low_pc(||__isinfl||)
    1620                      .dwattr $C$DW$108, DW_AT_high_pc(0x00)
    1621                      .dwattr $C$DW$108, DW_AT_linkage_name("__isinfl")
    1622                      .dwattr $C$DW$108, DW_AT_external
    1623                      .dwattr $C$DW$108, DW_AT_type(*$C$DW$T$10)
    1624                      .dwattr $C$DW$108, DW_AT_decl_file("C:/ti/ccs1210/ccs/tools/compiler/ti-cgt-c2000_22.6.0.LTS/include/
    1625                      .dwattr $C$DW$108, DW_AT_decl_line(0x17a)
    1626                      .dwattr $C$DW$108, DW_AT_decl_column(0x18)
    1627                      .dwattr $C$DW$108, DW_AT_TI_max_frame_size(-6)
    1628                      .dwpsn  file "C:/ti/ccs1210/ccs/tools/compiler/ti-cgt-c2000_22.6.0.LTS/include/_defs.h",line 379,colu
    1629              
    1630                      .dwfde $C$DW$CIE, ||__isinfl||
    1631              $C$DW$109       .dwtag  DW_TAG_formal_parameter
    1632                      .dwattr $C$DW$109, DW_AT_name("e")
    1633                      .dwattr $C$DW$109, DW_AT_type(*$C$DW$T$45)
    1634                      .dwattr $C$DW$109, DW_AT_location[DW_OP_reg12]
    1635              
    1636              
    1637              ;***************************************************************
    1638              ;* FNAME: __isinfl                      FR SIZE:   4           *
    1639              ;*                                                             *
    1640              ;* FUNCTION ENVIRONMENT                                        *
    1641              ;*                                                             *
    1642              ;* FUNCTION PROPERTIES                                         *
    1643              ;*                            4 Parameter,  0 Auto,  0 SOE     *
    1644              ;***************************************************************
    1645              
    1646              ||__isinfl||:
    1647              ;* AR7   assigned to $O$C2
TMS320C2000 Assembler PC v22.6.0 Mon Apr 21 09:03:30 2025

Copyright (c) 1996-2018 Texas Instruments Incorporated
hal_comp_TMS320F280049C.asm                                          PAGE   33

    1648              ;* AR4   assigned to $O$S1
    1649              ;* AR4   assigned to e
    1650              $C$DW$110       .dwtag  DW_TAG_variable
    1651                      .dwattr $C$DW$110, DW_AT_name("e")
    1652                      .dwattr $C$DW$110, DW_AT_type(*$C$DW$T$46)
    1653                      .dwattr $C$DW$110, DW_AT_location[DW_OP_reg12]
    1654              
    1655                      .dwcfi  cfa_offset, -2
    1656                      .dwcfi  save_reg_to_mem, 26, 0
    1657 00000000 FE04          ADDB      SP,#4                 ; [CPU_ARAU] 
    1658                      .dwcfi  cfa_offset, -6
    1659                      .dwpsn  file "C:/ti/ccs1210/ccs/tools/compiler/ti-cgt-c2000_22.6.0.LTS/include/_defs.h",line 379,colu
    1660 00000001 C5C4          MOVL      XAR7,*+XAR4[0]        ; [CPU_ALU] |379| 
    1661 00000002 06D4          MOVL      ACC,*+XAR4[2]         ; [CPU_ALU] |379| 
    1662 00000003 28AC          MOV       T,#48                 ; [CPU_ALU] |379| 
         00000004 0030 
    1663 00000005 1EA6          MOVL      XAR6,ACC              ; [CPU_ALU] |379| 
    1664 00000006 A3A7          MOVL      P,XAR7                ; [CPU_ALU] |379| 
    1665 00000007 D400          MOVB      XAR4,#0               ; [CPU_ALU] |379| 
    1666 00000008 565B          LSR64     ACC:P,T               ; [CPU_ALU] |379| 
    1667 00000009 2BAA          MOV       PH,#0                 ; [CPU_ALU] |379| 
    1668 0000000a 18AB          AND       PL,#0x7ff0            ; [CPU_ALU] |379| 
         0000000b 7FF0 
    1669 0000000c FF20          MOV       ACC,#32752            ; [CPU_ALU] |379| 
         0000000d 7FF0 
    1670 0000000e 0FAB          CMPL      ACC,P                 ; [CPU_ALU] |379| 
    1671 0000000f 6013          B         ||$C$L7||,NEQ         ; [CPU_ALU] |379| 
    1672                      ; branchcc occurs ; [] |379| 
    1673 00000010 06A6          MOVL      ACC,XAR6              ; [CPU_ALU] |379| 
    1674 00000011 A3A7          MOVL      P,XAR7                ; [CPU_ALU] |379| 
    1675 00000012 BE00          MOVB      XAR6,#0               ; [CPU_ALU] |379| 
    1676 00000013 18A9          AND       AL,#65535             ; [CPU_ALU] |379| 
         00000014 FFFF 
    1677 00000015 910F          ANDB      AH,#15                ; [CPU_ALU] |379| 
    1678 00000016 18AB          AND       PL,#65535             ; [CPU_ALU] |379| 
         00000017 FFFF 
    1679 00000018 18AA          AND       PH,#65535             ; [CPU_ALU] |379| 
         00000019 FFFF 
    1680 0000001a C244          MOVL      *-SP[4],XAR6          ; [CPU_FPU] |379| 
    1681 0000001b 2B42          MOV       *-SP[2],#0            ; [CPU_FPU] |379| 
    1682 0000001c 2B41          MOV       *-SP[1],#0            ; [CPU_FPU] |379| 
    1683              $C$DW$111       .dwtag  DW_TAG_TI_branch
    1684                      .dwattr $C$DW$111, DW_AT_low_pc(0x00)
    1685                      .dwattr $C$DW$111, DW_AT_name("__c28xabi_cmpull")
    1686                      .dwattr $C$DW$111, DW_AT_TI_call
    1687              
    1688 0000001d 7640!         LCR       #||__c28xabi_cmpull|| ; [CPU_ALU] |379| 
         0000001e 0000 
    1689                      ; call occurs [#||__c28xabi_cmpull||] ; [] |379| 
    1690 0000001f 5200          CMPB      AL,#0                 ; [CPU_ALU] |379| 
    1691 00000020 56B1          MOVB      XAR4,#1,EQ            ; [CPU_ALU] |379| 
         00000021 01A4 
    1692 00000022       ||$C$L7||:    
    1693 00000022 FE84          SUBB      SP,#4                 ; [CPU_ARAU] 
    1694                      .dwcfi  cfa_offset, -2
TMS320C2000 Assembler PC v22.6.0 Mon Apr 21 09:03:30 2025

Copyright (c) 1996-2018 Texas Instruments Incorporated
hal_comp_TMS320F280049C.asm                                          PAGE   34

    1695 00000023 92A4          MOV       AL,AR4                ; [CPU_ALU] |379| 
    1696              $C$DW$112       .dwtag  DW_TAG_TI_branch
    1697                      .dwattr $C$DW$112, DW_AT_low_pc(0x00)
    1698                      .dwattr $C$DW$112, DW_AT_TI_return
    1699              
    1700 00000024 0006          LRETR     ; [CPU_ALU] 
    1701                      ; return occurs ; [] 
    1702                      .dwattr $C$DW$108, DW_AT_TI_end_file("C:/ti/ccs1210/ccs/tools/compiler/ti-cgt-c2000_22.6.0.LTS/includ
    1703                      .dwattr $C$DW$108, DW_AT_TI_end_line(0x17b)
    1704                      .dwattr $C$DW$108, DW_AT_TI_end_column(0x4c)
    1705                      .dwendentry
    1706                      .dwendtag $C$DW$108
    1707              
    1708 00000000               .sect   ".text:__isinff"
    1709                      .clink
    1710                      .global ||__isinff||
    1711              
    1712              $C$DW$113       .dwtag  DW_TAG_subprogram
    1713                      .dwattr $C$DW$113, DW_AT_name("__isinff")
    1714                      .dwattr $C$DW$113, DW_AT_low_pc(||__isinff||)
    1715                      .dwattr $C$DW$113, DW_AT_high_pc(0x00)
    1716                      .dwattr $C$DW$113, DW_AT_linkage_name("__isinff")
    1717                      .dwattr $C$DW$113, DW_AT_external
    1718                      .dwattr $C$DW$113, DW_AT_type(*$C$DW$T$10)
    1719                      .dwattr $C$DW$113, DW_AT_decl_file("C:/ti/ccs1210/ccs/tools/compiler/ti-cgt-c2000_22.6.0.LTS/include/
    1720                      .dwattr $C$DW$113, DW_AT_decl_line(0x176)
    1721                      .dwattr $C$DW$113, DW_AT_decl_column(0x18)
    1722                      .dwattr $C$DW$113, DW_AT_TI_max_frame_size(-2)
    1723                      .dwpsn  file "C:/ti/ccs1210/ccs/tools/compiler/ti-cgt-c2000_22.6.0.LTS/include/_defs.h",line 375,colu
    1724              
    1725                      .dwfde $C$DW$CIE, ||__isinff||
    1726              $C$DW$114       .dwtag  DW_TAG_formal_parameter
    1727                      .dwattr $C$DW$114, DW_AT_name("f")
    1728                      .dwattr $C$DW$114, DW_AT_type(*$C$DW$T$16)
    1729                      .dwattr $C$DW$114, DW_AT_location[DW_OP_regx 0x2b]
    1730              
    1731              
    1732              ;***************************************************************
    1733              ;* FNAME: __isinff                      FR SIZE:   0           *
    1734              ;*                                                             *
    1735              ;* FUNCTION ENVIRONMENT                                        *
    1736              ;*                                                             *
    1737              ;* FUNCTION PROPERTIES                                         *
    1738              ;*                            0 Parameter,  0 Auto,  0 SOE     *
    1739              ;***************************************************************
    1740              
    1741              ||__isinff||:
    1742              ;* PL    assigned to $O$K3
    1743              ;* AR6   assigned to $O$S1
    1744              ;* R0    assigned to f
    1745              $C$DW$115       .dwtag  DW_TAG_variable
    1746                      .dwattr $C$DW$115, DW_AT_name("f")
    1747                      .dwattr $C$DW$115, DW_AT_type(*$C$DW$T$42)
    1748                      .dwattr $C$DW$115, DW_AT_location[DW_OP_regx 0x2b]
    1749              
TMS320C2000 Assembler PC v22.6.0 Mon Apr 21 09:03:30 2025

Copyright (c) 1996-2018 Texas Instruments Incorporated
hal_comp_TMS320F280049C.asm                                          PAGE   35

    1750                      .dwcfi  cfa_offset, -2
    1751                      .dwcfi  save_reg_to_mem, 26, 0
    1752                      .dwpsn  file "C:/ti/ccs1210/ccs/tools/compiler/ti-cgt-c2000_22.6.0.LTS/include/_defs.h",line 375,colu
    1753 00000000 BFAB          MOV32     P,R0H                 ; [CPU_FPU] |375| 
         00000001 0F12 
    1754 00000002 CCAA          AND       AL,PH,#0x7f80         ; [CPU_ALU] |375| 
         00000003 7F80 
    1755 00000004 80A9          MOVZ      AR7,AL                ; [CPU_ALU] |375| 
    1756 00000005 BE00          MOVB      XAR6,#0               ; [CPU_ALU] |375| 
    1757 00000006 FF20          MOV       ACC,#32640            ; [CPU_ALU] |375| 
         00000007 7F80 
    1758 00000008 0FA7          CMPL      ACC,XAR7              ; [CPU_ALU] |375| 
    1759 00000009 6006          B         ||$C$L8||,NEQ         ; [CPU_ALU] |375| 
    1760                      ; branchcc occurs ; [] |375| 
    1761 0000000a A9A9          MOVL      ACC,P                 ; [CPU_ALU] |375| 
    1762 0000000b 917F          ANDB      AH,#127               ; [CPU_ALU] |375| 
    1763 0000000c FF58          TEST      ACC                   ; [CPU_ALU] |375| 
    1764 0000000d 56B1          MOVB      XAR6,#1,EQ            ; [CPU_ALU] |375| 
         0000000e 01A6 
    1765 0000000f       ||$C$L8||:    
    1766 0000000f 92A6          MOV       AL,AR6                ; [CPU_ALU] |375| 
    1767              $C$DW$116       .dwtag  DW_TAG_TI_branch
    1768                      .dwattr $C$DW$116, DW_AT_low_pc(0x00)
    1769                      .dwattr $C$DW$116, DW_AT_TI_return
    1770              
    1771 00000010 0006          LRETR     ; [CPU_ALU] 
    1772                      ; return occurs ; [] 
    1773                      .dwattr $C$DW$113, DW_AT_TI_end_file("C:/ti/ccs1210/ccs/tools/compiler/ti-cgt-c2000_22.6.0.LTS/includ
    1774                      .dwattr $C$DW$113, DW_AT_TI_end_line(0x177)
    1775                      .dwattr $C$DW$113, DW_AT_TI_end_column(0x48)
    1776                      .dwendentry
    1777                      .dwendtag $C$DW$113
    1778              
    1779 00000000               .sect   ".text:__isinf"
    1780                      .clink
    1781                      .global ||__isinf||
    1782              
    1783              $C$DW$117       .dwtag  DW_TAG_subprogram
    1784                      .dwattr $C$DW$117, DW_AT_name("__isinf")
    1785                      .dwattr $C$DW$117, DW_AT_low_pc(||__isinf||)
    1786                      .dwattr $C$DW$117, DW_AT_high_pc(0x00)
    1787                      .dwattr $C$DW$117, DW_AT_linkage_name("__isinf")
    1788                      .dwattr $C$DW$117, DW_AT_external
    1789                      .dwattr $C$DW$117, DW_AT_type(*$C$DW$T$10)
    1790                      .dwattr $C$DW$117, DW_AT_decl_file("C:/ti/ccs1210/ccs/tools/compiler/ti-cgt-c2000_22.6.0.LTS/include/
    1791                      .dwattr $C$DW$117, DW_AT_decl_line(0x178)
    1792                      .dwattr $C$DW$117, DW_AT_decl_column(0x18)
    1793                      .dwattr $C$DW$117, DW_AT_TI_max_frame_size(-6)
    1794                      .dwpsn  file "C:/ti/ccs1210/ccs/tools/compiler/ti-cgt-c2000_22.6.0.LTS/include/_defs.h",line 377,colu
    1795              
    1796                      .dwfde $C$DW$CIE, ||__isinf||
    1797              $C$DW$118       .dwtag  DW_TAG_formal_parameter
    1798                      .dwattr $C$DW$118, DW_AT_name("d")
    1799                      .dwattr $C$DW$118, DW_AT_type(*$C$DW$T$43)
    1800                      .dwattr $C$DW$118, DW_AT_location[DW_OP_reg12]
TMS320C2000 Assembler PC v22.6.0 Mon Apr 21 09:03:30 2025

Copyright (c) 1996-2018 Texas Instruments Incorporated
hal_comp_TMS320F280049C.asm                                          PAGE   36

    1801              
    1802              
    1803              ;***************************************************************
    1804              ;* FNAME: __isinf                       FR SIZE:   4           *
    1805              ;*                                                             *
    1806              ;* FUNCTION ENVIRONMENT                                        *
    1807              ;*                                                             *
    1808              ;* FUNCTION PROPERTIES                                         *
    1809              ;*                            4 Parameter,  0 Auto,  0 SOE     *
    1810              ;***************************************************************
    1811              
    1812              ||__isinf||:
    1813              ;* AR7   assigned to $O$C2
    1814              ;* AR4   assigned to $O$S1
    1815              ;* AR4   assigned to d
    1816              $C$DW$119       .dwtag  DW_TAG_variable
    1817                      .dwattr $C$DW$119, DW_AT_name("d")
    1818                      .dwattr $C$DW$119, DW_AT_type(*$C$DW$T$44)
    1819                      .dwattr $C$DW$119, DW_AT_location[DW_OP_reg12]
    1820              
    1821                      .dwcfi  cfa_offset, -2
    1822                      .dwcfi  save_reg_to_mem, 26, 0
    1823 00000000 FE04          ADDB      SP,#4                 ; [CPU_ARAU] 
    1824                      .dwcfi  cfa_offset, -6
    1825                      .dwpsn  file "C:/ti/ccs1210/ccs/tools/compiler/ti-cgt-c2000_22.6.0.LTS/include/_defs.h",line 377,colu
    1826 00000001 C5C4          MOVL      XAR7,*+XAR4[0]        ; [CPU_ALU] |377| 
    1827 00000002 06D4          MOVL      ACC,*+XAR4[2]         ; [CPU_ALU] |377| 
    1828 00000003 28AC          MOV       T,#48                 ; [CPU_ALU] |377| 
         00000004 0030 
    1829 00000005 1EA6          MOVL      XAR6,ACC              ; [CPU_ALU] |377| 
    1830 00000006 A3A7          MOVL      P,XAR7                ; [CPU_ALU] |377| 
    1831 00000007 D400          MOVB      XAR4,#0               ; [CPU_ALU] |377| 
    1832 00000008 565B          LSR64     ACC:P,T               ; [CPU_ALU] |377| 
    1833 00000009 2BAA          MOV       PH,#0                 ; [CPU_ALU] |377| 
    1834 0000000a 18AB          AND       PL,#0x7ff0            ; [CPU_ALU] |377| 
         0000000b 7FF0 
    1835 0000000c FF20          MOV       ACC,#32752            ; [CPU_ALU] |377| 
         0000000d 7FF0 
    1836 0000000e 0FAB          CMPL      ACC,P                 ; [CPU_ALU] |377| 
    1837 0000000f 6013          B         ||$C$L9||,NEQ         ; [CPU_ALU] |377| 
    1838                      ; branchcc occurs ; [] |377| 
    1839 00000010 06A6          MOVL      ACC,XAR6              ; [CPU_ALU] |377| 
    1840 00000011 A3A7          MOVL      P,XAR7                ; [CPU_ALU] |377| 
    1841 00000012 BE00          MOVB      XAR6,#0               ; [CPU_ALU] |377| 
    1842 00000013 18A9          AND       AL,#65535             ; [CPU_ALU] |377| 
         00000014 FFFF 
    1843 00000015 910F          ANDB      AH,#15                ; [CPU_ALU] |377| 
    1844 00000016 18AB          AND       PL,#65535             ; [CPU_ALU] |377| 
         00000017 FFFF 
    1845 00000018 18AA          AND       PH,#65535             ; [CPU_ALU] |377| 
         00000019 FFFF 
    1846 0000001a C244          MOVL      *-SP[4],XAR6          ; [CPU_FPU] |377| 
    1847 0000001b 2B42          MOV       *-SP[2],#0            ; [CPU_FPU] |377| 
    1848 0000001c 2B41          MOV       *-SP[1],#0            ; [CPU_FPU] |377| 
    1849              $C$DW$120       .dwtag  DW_TAG_TI_branch
TMS320C2000 Assembler PC v22.6.0 Mon Apr 21 09:03:30 2025

Copyright (c) 1996-2018 Texas Instruments Incorporated
hal_comp_TMS320F280049C.asm                                          PAGE   37

    1850                      .dwattr $C$DW$120, DW_AT_low_pc(0x00)
    1851                      .dwattr $C$DW$120, DW_AT_name("__c28xabi_cmpull")
    1852                      .dwattr $C$DW$120, DW_AT_TI_call
    1853              
    1854 0000001d 7640!         LCR       #||__c28xabi_cmpull|| ; [CPU_ALU] |377| 
         0000001e 0000 
    1855                      ; call occurs [#||__c28xabi_cmpull||] ; [] |377| 
    1856 0000001f 5200          CMPB      AL,#0                 ; [CPU_ALU] |377| 
    1857 00000020 56B1          MOVB      XAR4,#1,EQ            ; [CPU_ALU] |377| 
         00000021 01A4 
    1858 00000022       ||$C$L9||:    
    1859 00000022 FE84          SUBB      SP,#4                 ; [CPU_ARAU] 
    1860                      .dwcfi  cfa_offset, -2
    1861 00000023 92A4          MOV       AL,AR4                ; [CPU_ALU] |377| 
    1862              $C$DW$121       .dwtag  DW_TAG_TI_branch
    1863                      .dwattr $C$DW$121, DW_AT_low_pc(0x00)
    1864                      .dwattr $C$DW$121, DW_AT_TI_return
    1865              
    1866 00000024 0006          LRETR     ; [CPU_ALU] 
    1867                      ; return occurs ; [] 
    1868                      .dwattr $C$DW$117, DW_AT_TI_end_file("C:/ti/ccs1210/ccs/tools/compiler/ti-cgt-c2000_22.6.0.LTS/includ
    1869                      .dwattr $C$DW$117, DW_AT_TI_end_line(0x179)
    1870                      .dwattr $C$DW$117, DW_AT_TI_end_column(0x4a)
    1871                      .dwendentry
    1872                      .dwendtag $C$DW$117
    1873              
    1874 00000000               .sect   ".text:__isfinitel"
    1875                      .clink
    1876                      .global ||__isfinitel||
    1877              
    1878              $C$DW$122       .dwtag  DW_TAG_subprogram
    1879                      .dwattr $C$DW$122, DW_AT_name("__isfinitel")
    1880                      .dwattr $C$DW$122, DW_AT_low_pc(||__isfinitel||)
    1881                      .dwattr $C$DW$122, DW_AT_high_pc(0x00)
    1882                      .dwattr $C$DW$122, DW_AT_linkage_name("__isfinitel")
    1883                      .dwattr $C$DW$122, DW_AT_external
    1884                      .dwattr $C$DW$122, DW_AT_type(*$C$DW$T$10)
    1885                      .dwattr $C$DW$122, DW_AT_decl_file("C:/ti/ccs1210/ccs/tools/compiler/ti-cgt-c2000_22.6.0.LTS/include/
    1886                      .dwattr $C$DW$122, DW_AT_decl_line(0x152)
    1887                      .dwattr $C$DW$122, DW_AT_decl_column(0x18)
    1888                      .dwattr $C$DW$122, DW_AT_TI_max_frame_size(-2)
    1889                      .dwpsn  file "C:/ti/ccs1210/ccs/tools/compiler/ti-cgt-c2000_22.6.0.LTS/include/_defs.h",line 339,colu
    1890              
    1891                      .dwfde $C$DW$CIE, ||__isfinitel||
    1892              $C$DW$123       .dwtag  DW_TAG_formal_parameter
    1893                      .dwattr $C$DW$123, DW_AT_name("e")
    1894                      .dwattr $C$DW$123, DW_AT_type(*$C$DW$T$45)
    1895                      .dwattr $C$DW$123, DW_AT_location[DW_OP_reg12]
    1896              
    1897              
    1898              ;***************************************************************
    1899              ;* FNAME: __isfinitel                   FR SIZE:   0           *
    1900              ;*                                                             *
    1901              ;* FUNCTION ENVIRONMENT                                        *
    1902              ;*                                                             *
TMS320C2000 Assembler PC v22.6.0 Mon Apr 21 09:03:30 2025

Copyright (c) 1996-2018 Texas Instruments Incorporated
hal_comp_TMS320F280049C.asm                                          PAGE   38

    1903              ;* FUNCTION PROPERTIES                                         *
    1904              ;*                            0 Parameter,  0 Auto,  0 SOE     *
    1905              ;***************************************************************
    1906              
    1907              ||__isfinitel||:
    1908              ;* AR4   assigned to e
    1909              $C$DW$124       .dwtag  DW_TAG_variable
    1910                      .dwattr $C$DW$124, DW_AT_name("e")
    1911                      .dwattr $C$DW$124, DW_AT_type(*$C$DW$T$46)
    1912                      .dwattr $C$DW$124, DW_AT_location[DW_OP_reg12]
    1913              
    1914                      .dwcfi  cfa_offset, -2
    1915                      .dwcfi  save_reg_to_mem, 26, 0
    1916                      .dwpsn  file "C:/ti/ccs1210/ccs/tools/compiler/ti-cgt-c2000_22.6.0.LTS/include/_defs.h",line 339,colu
    1917 00000000 A3C4          MOVL      P,*+XAR4[0]           ; [CPU_ALU] |339| 
    1918 00000001 06D4          MOVL      ACC,*+XAR4[2]         ; [CPU_ALU] |339| 
    1919 00000002 28AC          MOV       T,#48                 ; [CPU_ALU] |339| 
         00000003 0030 
    1920 00000004 565B          LSR64     ACC:P,T               ; [CPU_ALU] |339| 
    1921 00000005 18AB          AND       PL,#0x7ff0            ; [CPU_ALU] |339| 
         00000006 7FF0 
    1922 00000007 80AB          MOVZ      AR7,PL                ; [CPU_ALU] |339| 
    1923 00000008 FF20          MOV       ACC,#32752            ; [CPU_ALU] |339| 
         00000009 7FF0 
    1924 0000000a BE00          MOVB      XAR6,#0               ; [CPU_ALU] |339| 
    1925 0000000b 0FA7          CMPL      ACC,XAR7              ; [CPU_ALU] |339| 
    1926 0000000c 56B0          MOVB      XAR6,#1,NEQ           ; [CPU_ALU] |339| 
         0000000d 01A6 
    1927 0000000e 92A6          MOV       AL,AR6                ; [CPU_ALU] |339| 
    1928              $C$DW$125       .dwtag  DW_TAG_TI_branch
    1929                      .dwattr $C$DW$125, DW_AT_low_pc(0x00)
    1930                      .dwattr $C$DW$125, DW_AT_TI_return
    1931              
    1932 0000000f 0006          LRETR     ; [CPU_ALU] 
    1933                      ; return occurs ; [] 
    1934                      .dwattr $C$DW$122, DW_AT_TI_end_file("C:/ti/ccs1210/ccs/tools/compiler/ti-cgt-c2000_22.6.0.LTS/includ
    1935                      .dwattr $C$DW$122, DW_AT_TI_end_line(0x153)
    1936                      .dwattr $C$DW$122, DW_AT_TI_end_column(0x2f)
    1937                      .dwendentry
    1938                      .dwendtag $C$DW$122
    1939              
    1940 00000000               .sect   ".text:__isfinitef"
    1941                      .clink
    1942                      .global ||__isfinitef||
    1943              
    1944              $C$DW$126       .dwtag  DW_TAG_subprogram
    1945                      .dwattr $C$DW$126, DW_AT_name("__isfinitef")
    1946                      .dwattr $C$DW$126, DW_AT_low_pc(||__isfinitef||)
    1947                      .dwattr $C$DW$126, DW_AT_high_pc(0x00)
    1948                      .dwattr $C$DW$126, DW_AT_linkage_name("__isfinitef")
    1949                      .dwattr $C$DW$126, DW_AT_external
    1950                      .dwattr $C$DW$126, DW_AT_type(*$C$DW$T$10)
    1951                      .dwattr $C$DW$126, DW_AT_decl_file("C:/ti/ccs1210/ccs/tools/compiler/ti-cgt-c2000_22.6.0.LTS/include/
    1952                      .dwattr $C$DW$126, DW_AT_decl_line(0x150)
    1953                      .dwattr $C$DW$126, DW_AT_decl_column(0x18)
TMS320C2000 Assembler PC v22.6.0 Mon Apr 21 09:03:30 2025

Copyright (c) 1996-2018 Texas Instruments Incorporated
hal_comp_TMS320F280049C.asm                                          PAGE   39

    1954                      .dwattr $C$DW$126, DW_AT_TI_max_frame_size(-2)
    1955                      .dwpsn  file "C:/ti/ccs1210/ccs/tools/compiler/ti-cgt-c2000_22.6.0.LTS/include/_defs.h",line 337,colu
    1956              
    1957                      .dwfde $C$DW$CIE, ||__isfinitef||
    1958              $C$DW$127       .dwtag  DW_TAG_formal_parameter
    1959                      .dwattr $C$DW$127, DW_AT_name("f")
    1960                      .dwattr $C$DW$127, DW_AT_type(*$C$DW$T$16)
    1961                      .dwattr $C$DW$127, DW_AT_location[DW_OP_regx 0x2b]
    1962              
    1963              
    1964              ;***************************************************************
    1965              ;* FNAME: __isfinitef                   FR SIZE:   0           *
    1966              ;*                                                             *
    1967              ;* FUNCTION ENVIRONMENT                                        *
    1968              ;*                                                             *
    1969              ;* FUNCTION PROPERTIES                                         *
    1970              ;*                            0 Parameter,  0 Auto,  0 SOE     *
    1971              ;***************************************************************
    1972              
    1973              ||__isfinitef||:
    1974              ;* R0    assigned to f
    1975              $C$DW$128       .dwtag  DW_TAG_variable
    1976                      .dwattr $C$DW$128, DW_AT_name("f")
    1977                      .dwattr $C$DW$128, DW_AT_type(*$C$DW$T$42)
    1978                      .dwattr $C$DW$128, DW_AT_location[DW_OP_regx 0x2b]
    1979              
    1980                      .dwcfi  cfa_offset, -2
    1981                      .dwcfi  save_reg_to_mem, 26, 0
    1982                      .dwpsn  file "C:/ti/ccs1210/ccs/tools/compiler/ti-cgt-c2000_22.6.0.LTS/include/_defs.h",line 337,colu
    1983 00000000 BFAB          MOV32     P,R0H                 ; [CPU_FPU] |337| 
         00000001 0F12 
    1984 00000002 18AA          AND       PH,#0x7f80            ; [CPU_ALU] |337| 
         00000003 7F80 
    1985 00000004 80AA          MOVZ      AR7,PH                ; [CPU_ALU] |337| 
    1986 00000005 FF20          MOV       ACC,#32640            ; [CPU_ALU] |337| 
         00000006 7F80 
    1987 00000007 BE00          MOVB      XAR6,#0               ; [CPU_ALU] |337| 
    1988 00000008 0FA7          CMPL      ACC,XAR7              ; [CPU_ALU] |337| 
    1989 00000009 56B0          MOVB      XAR6,#1,NEQ           ; [CPU_ALU] |337| 
         0000000a 01A6 
    1990 0000000b 92A6          MOV       AL,AR6                ; [CPU_ALU] |337| 
    1991              $C$DW$129       .dwtag  DW_TAG_TI_branch
    1992                      .dwattr $C$DW$129, DW_AT_low_pc(0x00)
    1993                      .dwattr $C$DW$129, DW_AT_TI_return
    1994              
    1995 0000000c 0006          LRETR     ; [CPU_ALU] 
    1996                      ; return occurs ; [] 
    1997                      .dwattr $C$DW$126, DW_AT_TI_end_file("C:/ti/ccs1210/ccs/tools/compiler/ti-cgt-c2000_22.6.0.LTS/includ
    1998                      .dwattr $C$DW$126, DW_AT_TI_end_line(0x151)
    1999                      .dwattr $C$DW$126, DW_AT_TI_end_column(0x2d)
    2000                      .dwendentry
    2001                      .dwendtag $C$DW$126
    2002              
    2003 00000000               .sect   ".text:__isfinite"
    2004                      .clink
TMS320C2000 Assembler PC v22.6.0 Mon Apr 21 09:03:30 2025

Copyright (c) 1996-2018 Texas Instruments Incorporated
hal_comp_TMS320F280049C.asm                                          PAGE   40

    2005                      .global ||__isfinite||
    2006              
    2007              $C$DW$130       .dwtag  DW_TAG_subprogram
    2008                      .dwattr $C$DW$130, DW_AT_name("__isfinite")
    2009                      .dwattr $C$DW$130, DW_AT_low_pc(||__isfinite||)
    2010                      .dwattr $C$DW$130, DW_AT_high_pc(0x00)
    2011                      .dwattr $C$DW$130, DW_AT_linkage_name("__isfinite")
    2012                      .dwattr $C$DW$130, DW_AT_external
    2013                      .dwattr $C$DW$130, DW_AT_type(*$C$DW$T$10)
    2014                      .dwattr $C$DW$130, DW_AT_decl_file("C:/ti/ccs1210/ccs/tools/compiler/ti-cgt-c2000_22.6.0.LTS/include/
    2015                      .dwattr $C$DW$130, DW_AT_decl_line(0x14e)
    2016                      .dwattr $C$DW$130, DW_AT_decl_column(0x18)
    2017                      .dwattr $C$DW$130, DW_AT_TI_max_frame_size(-2)
    2018                      .dwpsn  file "C:/ti/ccs1210/ccs/tools/compiler/ti-cgt-c2000_22.6.0.LTS/include/_defs.h",line 335,colu
    2019              
    2020                      .dwfde $C$DW$CIE, ||__isfinite||
    2021              $C$DW$131       .dwtag  DW_TAG_formal_parameter
    2022                      .dwattr $C$DW$131, DW_AT_name("d")
    2023                      .dwattr $C$DW$131, DW_AT_type(*$C$DW$T$43)
    2024                      .dwattr $C$DW$131, DW_AT_location[DW_OP_reg12]
    2025              
    2026              
    2027              ;***************************************************************
    2028              ;* FNAME: __isfinite                    FR SIZE:   0           *
    2029              ;*                                                             *
    2030              ;* FUNCTION ENVIRONMENT                                        *
    2031              ;*                                                             *
    2032              ;* FUNCTION PROPERTIES                                         *
    2033              ;*                            0 Parameter,  0 Auto,  0 SOE     *
    2034              ;***************************************************************
    2035              
    2036              ||__isfinite||:
    2037              ;* AR4   assigned to d
    2038              $C$DW$132       .dwtag  DW_TAG_variable
    2039                      .dwattr $C$DW$132, DW_AT_name("d")
    2040                      .dwattr $C$DW$132, DW_AT_type(*$C$DW$T$44)
    2041                      .dwattr $C$DW$132, DW_AT_location[DW_OP_reg12]
    2042              
    2043                      .dwcfi  cfa_offset, -2
    2044                      .dwcfi  save_reg_to_mem, 26, 0
    2045                      .dwpsn  file "C:/ti/ccs1210/ccs/tools/compiler/ti-cgt-c2000_22.6.0.LTS/include/_defs.h",line 335,colu
    2046 00000000 A3C4          MOVL      P,*+XAR4[0]           ; [CPU_ALU] |335| 
    2047 00000001 06D4          MOVL      ACC,*+XAR4[2]         ; [CPU_ALU] |335| 
    2048 00000002 28AC          MOV       T,#48                 ; [CPU_ALU] |335| 
         00000003 0030 
    2049 00000004 565B          LSR64     ACC:P,T               ; [CPU_ALU] |335| 
    2050 00000005 18AB          AND       PL,#0x7ff0            ; [CPU_ALU] |335| 
         00000006 7FF0 
    2051 00000007 80AB          MOVZ      AR7,PL                ; [CPU_ALU] |335| 
    2052 00000008 FF20          MOV       ACC,#32752            ; [CPU_ALU] |335| 
         00000009 7FF0 
    2053 0000000a BE00          MOVB      XAR6,#0               ; [CPU_ALU] |335| 
    2054 0000000b 0FA7          CMPL      ACC,XAR7              ; [CPU_ALU] |335| 
    2055 0000000c 56B0          MOVB      XAR6,#1,NEQ           ; [CPU_ALU] |335| 
         0000000d 01A6 
TMS320C2000 Assembler PC v22.6.0 Mon Apr 21 09:03:30 2025

Copyright (c) 1996-2018 Texas Instruments Incorporated
hal_comp_TMS320F280049C.asm                                          PAGE   41

    2056 0000000e 92A6          MOV       AL,AR6                ; [CPU_ALU] |335| 
    2057              $C$DW$133       .dwtag  DW_TAG_TI_branch
    2058                      .dwattr $C$DW$133, DW_AT_low_pc(0x00)
    2059                      .dwattr $C$DW$133, DW_AT_TI_return
    2060              
    2061 0000000f 0006          LRETR     ; [CPU_ALU] 
    2062                      ; return occurs ; [] 
    2063                      .dwattr $C$DW$130, DW_AT_TI_end_file("C:/ti/ccs1210/ccs/tools/compiler/ti-cgt-c2000_22.6.0.LTS/includ
    2064                      .dwattr $C$DW$130, DW_AT_TI_end_line(0x14f)
    2065                      .dwattr $C$DW$130, DW_AT_TI_end_column(0x2e)
    2066                      .dwendentry
    2067                      .dwendtag $C$DW$130
    2068              
    2069 00000000               .sect   ".text:__fpclassifyl"
    2070                      .clink
    2071                      .global ||__fpclassifyl||
    2072              
    2073              $C$DW$134       .dwtag  DW_TAG_subprogram
    2074                      .dwattr $C$DW$134, DW_AT_name("__fpclassifyl")
    2075                      .dwattr $C$DW$134, DW_AT_low_pc(||__fpclassifyl||)
    2076                      .dwattr $C$DW$134, DW_AT_high_pc(0x00)
    2077                      .dwattr $C$DW$134, DW_AT_linkage_name("__fpclassifyl")
    2078                      .dwattr $C$DW$134, DW_AT_external
    2079                      .dwattr $C$DW$134, DW_AT_type(*$C$DW$T$10)
    2080                      .dwattr $C$DW$134, DW_AT_decl_file("C:/ti/ccs1210/ccs/tools/compiler/ti-cgt-c2000_22.6.0.LTS/include/
    2081                      .dwattr $C$DW$134, DW_AT_decl_line(0x1ae)
    2082                      .dwattr $C$DW$134, DW_AT_decl_column(0x18)
    2083                      .dwattr $C$DW$134, DW_AT_TI_max_frame_size(-10)
    2084                      .dwpsn  file "C:/ti/ccs1210/ccs/tools/compiler/ti-cgt-c2000_22.6.0.LTS/include/_defs.h",line 431,colu
    2085              
    2086                      .dwfde $C$DW$CIE, ||__fpclassifyl||
    2087              $C$DW$135       .dwtag  DW_TAG_formal_parameter
    2088                      .dwattr $C$DW$135, DW_AT_name("e")
    2089                      .dwattr $C$DW$135, DW_AT_type(*$C$DW$T$45)
    2090                      .dwattr $C$DW$135, DW_AT_location[DW_OP_reg12]
    2091              
    2092              
    2093              ;***************************************************************
    2094              ;* FNAME: __fpclassifyl                 FR SIZE:   8           *
    2095              ;*                                                             *
    2096              ;* FUNCTION ENVIRONMENT                                        *
    2097              ;*                                                             *
    2098              ;* FUNCTION PROPERTIES                                         *
    2099              ;*                            4 Parameter,  4 Auto,  0 SOE     *
    2100              ;***************************************************************
    2101              
    2102              ||__fpclassifyl||:
    2103              $C$DW$136       .dwtag  DW_TAG_variable
    2104                      .dwattr $C$DW$136, DW_AT_name("e")
    2105                      .dwattr $C$DW$136, DW_AT_type(*$C$DW$T$18)
    2106                      .dwattr $C$DW$136, DW_AT_location[DW_OP_breg20 -8]
    2107              
    2108              ;* AR5   assigned to $O$C1
    2109              ;* AR4   assigned to e
    2110              $C$DW$137       .dwtag  DW_TAG_variable
TMS320C2000 Assembler PC v22.6.0 Mon Apr 21 09:03:30 2025

Copyright (c) 1996-2018 Texas Instruments Incorporated
hal_comp_TMS320F280049C.asm                                          PAGE   42

    2111                      .dwattr $C$DW$137, DW_AT_name("e")
    2112                      .dwattr $C$DW$137, DW_AT_type(*$C$DW$T$46)
    2113                      .dwattr $C$DW$137, DW_AT_location[DW_OP_reg12]
    2114              
    2115                      .dwcfi  cfa_offset, -2
    2116                      .dwcfi  save_reg_to_mem, 26, 0
    2117 00000000 FE08          ADDB      SP,#8                 ; [CPU_ARAU] 
    2118                      .dwcfi  cfa_offset, -10
    2119 00000001 C4D4          MOVL      XAR6,*+XAR4[2]        ; [CPU_ALU] |431| 
    2120 00000002 06C4          MOVL      ACC,*+XAR4[0]         ; [CPU_ALU] |431| 
    2121 00000003 1E48          MOVL      *-SP[8],ACC           ; [CPU_ALU] |431| 
    2122 00000004 C246          MOVL      *-SP[6],XAR6          ; [CPU_ALU] |431| 
    2123                      .dwpsn  file "C:/ti/ccs1210/ccs/tools/compiler/ti-cgt-c2000_22.6.0.LTS/include/_defs.h",line 432,colu
    2124 00000005 8348          MOVL      XAR5,*-SP[8]          ; [CPU_ALU] |432| 
    2125 00000006 8A46          MOVL      XAR4,*-SP[6]          ; [CPU_ALU] |432| 
    2126                      .dwpsn  file "C:/ti/ccs1210/ccs/tools/compiler/ti-cgt-c2000_22.6.0.LTS/include/_defs.h",line 436,colu
    2127 00000007 28AC          MOV       T,#48                 ; [CPU_ALU] |436| 
         00000008 0030 
    2128 00000009 A0AB          MOVL      P,XAR5                ; [CPU_ALU] |436| 
    2129 0000000a A8A9          MOVL      ACC,XAR4              ; [CPU_ALU] |436| 
    2130 0000000b 565B          LSR64     ACC:P,T               ; [CPU_ALU] |436| 
    2131 0000000c 18AB          AND       PL,#0x7ff0            ; [CPU_ALU] |436| 
         0000000d 7FF0 
    2132 0000000e 88AB          MOVZ      AR6,PL                ; [CPU_ALU] |436| 
    2133 0000000f FF20          MOV       ACC,#32752            ; [CPU_ALU] |436| 
         00000010 7FF0 
    2134 00000011 0FA6          CMPL      ACC,XAR6              ; [CPU_ALU] |436| 
    2135 00000012 6016          B         ||$C$L11||,NEQ        ; [CPU_ALU] |436| 
    2136                      ; branchcc occurs ; [] |436| 
    2137 00000013 0200          MOVB      ACC,#0                ; [CPU_ALU] |436| 
    2138 00000014 1E44          MOVL      *-SP[4],ACC           ; [CPU_ALU] |436| 
    2139 00000015 2B42          MOV       *-SP[2],#0            ; [CPU_ALU] |436| 
    2140 00000016 2B41          MOV       *-SP[1],#0            ; [CPU_ALU] |436| 
    2141 00000017 A348          MOVL      P,*-SP[8]             ; [CPU_ALU] |436| 
    2142 00000018 0646          MOVL      ACC,*-SP[6]           ; [CPU_ALU] |436| 
    2143 00000019 18AB          AND       PL,#65535             ; [CPU_ALU] |436| 
         0000001a FFFF 
    2144 0000001b 18AA          AND       PH,#65535             ; [CPU_ALU] |436| 
         0000001c FFFF 
    2145 0000001d 18A9          AND       AL,#65535             ; [CPU_ALU] |436| 
         0000001e FFFF 
    2146 0000001f 910F          ANDB      AH,#15                ; [CPU_ALU] |436| 
    2147              $C$DW$138       .dwtag  DW_TAG_TI_branch
    2148                      .dwattr $C$DW$138, DW_AT_low_pc(0x00)
    2149                      .dwattr $C$DW$138, DW_AT_name("__c28xabi_cmpull")
    2150                      .dwattr $C$DW$138, DW_AT_TI_call
    2151              
    2152 00000020 7640!         LCR       #||__c28xabi_cmpull|| ; [CPU_ALU] |436| 
         00000021 0000 
    2153                      ; call occurs [#||__c28xabi_cmpull||] ; [] |436| 
    2154 00000022 5200          CMPB      AL,#0                 ; [CPU_ALU] |436| 
    2155 00000023 6103          B         ||$C$L10||,EQ         ; [CPU_ALU] |436| 
    2156                      ; branchcc occurs ; [] |436| 
    2157 00000024 9A02          MOVB      AL,#2                 ; [CPU_ALU] |436| 
    2158 00000025 6F2D          B         ||$C$L14||,UNC        ; [CPU_ALU] |436| 
TMS320C2000 Assembler PC v22.6.0 Mon Apr 21 09:03:30 2025

Copyright (c) 1996-2018 Texas Instruments Incorporated
hal_comp_TMS320F280049C.asm                                          PAGE   43

    2159                      ; branch occurs ; [] |436| 
    2160 00000026       ||$C$L10||:    
    2161 00000026 9A01          MOVB      AL,#1                 ; [CPU_ALU] |436| 
    2162 00000027 6F2B          B         ||$C$L14||,UNC        ; [CPU_ALU] |436| 
    2163                      ; branch occurs ; [] |436| 
    2164 00000028       ||$C$L11||:    
    2165 00000028 BE00          MOVB      XAR6,#0               ; [CPU_ALU] |436| 
    2166 00000029 A0AB          MOVL      P,XAR5                ; [CPU_ALU] |436| 
    2167 0000002a A8A9          MOVL      ACC,XAR4              ; [CPU_ALU] |436| 
    2168 0000002b 28AC          MOV       T,#52                 ; [CPU_ALU] |436| 
         0000002c 0034 
    2169 0000002d C244          MOVL      *-SP[4],XAR6          ; [CPU_ALU] |436| 
    2170 0000002e 2B42          MOV       *-SP[2],#0            ; [CPU_ALU] |436| 
    2171 0000002f 565B          LSR64     ACC:P,T               ; [CPU_ALU] |436| 
    2172 00000030 2B41          MOV       *-SP[1],#0            ; [CPU_FPU] |436| 
    2173 00000031 9000          ANDB      AL,#0                 ; [CPU_ALU] |436| 
    2174 00000032 9100          ANDB      AH,#0                 ; [CPU_ALU] |436| 
    2175 00000033 18AB          AND       PL,#2047              ; [CPU_ALU] |436| 
         00000034 07FF 
    2176 00000035 18AA          AND       PH,#0                 ; [CPU_ALU] |436| 
         00000036 0000 
    2177              $C$DW$139       .dwtag  DW_TAG_TI_branch
    2178                      .dwattr $C$DW$139, DW_AT_low_pc(0x00)
    2179                      .dwattr $C$DW$139, DW_AT_name("__c28xabi_cmpull")
    2180                      .dwattr $C$DW$139, DW_AT_TI_call
    2181              
    2182 00000037 7640!         LCR       #||__c28xabi_cmpull|| ; [CPU_ALU] |436| 
         00000038 0000 
    2183                      ; call occurs [#||__c28xabi_cmpull||] ; [] |436| 
    2184 00000039 5200          CMPB      AL,#0                 ; [CPU_ALU] |436| 
    2185 0000003a 6104          B         ||$C$L12||,EQ         ; [CPU_ALU] |436| 
    2186                      ; branchcc occurs ; [] |436| 
    2187 0000003b 28A9          MOV       AL,#-1                ; [CPU_ALU] |436| 
         0000003c FFFF 
    2188 0000003d 6F15          B         ||$C$L14||,UNC        ; [CPU_ALU] |436| 
    2189                      ; branch occurs ; [] |436| 
    2190 0000003e       ||$C$L12||:    
    2191 0000003e C244          MOVL      *-SP[4],XAR6          ; [CPU_ALU] |436| 
    2192 0000003f A8A9          MOVL      ACC,XAR4              ; [CPU_ALU] |436| 
    2193 00000040 A0AB          MOVL      P,XAR5                ; [CPU_ALU] |436| 
    2194 00000041 2B42          MOV       *-SP[2],#0            ; [CPU_ALU] |436| 
    2195 00000042 18A9          AND       AL,#65535             ; [CPU_ALU] |436| 
         00000043 FFFF 
    2196 00000044 910F          ANDB      AH,#15                ; [CPU_ALU] |436| 
    2197 00000045 18AB          AND       PL,#65535             ; [CPU_ALU] |436| 
         00000046 FFFF 
    2198 00000047 18AA          AND       PH,#65535             ; [CPU_ALU] |436| 
         00000048 FFFF 
    2199 00000049 2B41          MOV       *-SP[1],#0            ; [CPU_FPU] |436| 
    2200              $C$DW$140       .dwtag  DW_TAG_TI_branch
    2201                      .dwattr $C$DW$140, DW_AT_low_pc(0x00)
    2202                      .dwattr $C$DW$140, DW_AT_name("__c28xabi_cmpull")
    2203                      .dwattr $C$DW$140, DW_AT_TI_call
    2204              
    2205 0000004a 7640!         LCR       #||__c28xabi_cmpull|| ; [CPU_ALU] |436| 
TMS320C2000 Assembler PC v22.6.0 Mon Apr 21 09:03:30 2025

Copyright (c) 1996-2018 Texas Instruments Incorporated
hal_comp_TMS320F280049C.asm                                          PAGE   44

         0000004b 0000 
    2206                      ; call occurs [#||__c28xabi_cmpull||] ; [] |436| 
    2207 0000004c 5200          CMPB      AL,#0                 ; [CPU_ALU] |436| 
    2208 0000004d 6104          B         ||$C$L13||,EQ         ; [CPU_ALU] |436| 
    2209                      ; branchcc occurs ; [] |436| 
    2210 0000004e 28A9          MOV       AL,#-2                ; [CPU_ALU] |436| 
         0000004f FFFE 
    2211 00000050 6F02          B         ||$C$L14||,UNC        ; [CPU_ALU] |436| 
    2212                      ; branch occurs ; [] |436| 
    2213 00000051       ||$C$L13||:    
    2214 00000051 9A00          MOVB      AL,#0                 ; [CPU_ALU] |436| 
    2215 00000052       ||$C$L14||:    
    2216 00000052 FE88          SUBB      SP,#8                 ; [CPU_ARAU] 
    2217                      .dwcfi  cfa_offset, -2
    2218              $C$DW$141       .dwtag  DW_TAG_TI_branch
    2219                      .dwattr $C$DW$141, DW_AT_low_pc(0x00)
    2220                      .dwattr $C$DW$141, DW_AT_TI_return
    2221              
    2222 00000053 0006          LRETR     ; [CPU_ALU] 
    2223                      ; return occurs ; [] 
    2224                      .dwattr $C$DW$134, DW_AT_TI_end_file("C:/ti/ccs1210/ccs/tools/compiler/ti-cgt-c2000_22.6.0.LTS/includ
    2225                      .dwattr $C$DW$134, DW_AT_TI_end_line(0x1bd)
    2226                      .dwattr $C$DW$134, DW_AT_TI_end_column(0x01)
    2227                      .dwendentry
    2228                      .dwendtag $C$DW$134
    2229              
    2230 00000000               .sect   ".text:__fpclassifyf"
    2231                      .clink
    2232                      .global ||__fpclassifyf||
    2233              
    2234              $C$DW$142       .dwtag  DW_TAG_subprogram
    2235                      .dwattr $C$DW$142, DW_AT_name("__fpclassifyf")
    2236                      .dwattr $C$DW$142, DW_AT_low_pc(||__fpclassifyf||)
    2237                      .dwattr $C$DW$142, DW_AT_high_pc(0x00)
    2238                      .dwattr $C$DW$142, DW_AT_linkage_name("__fpclassifyf")
    2239                      .dwattr $C$DW$142, DW_AT_external
    2240                      .dwattr $C$DW$142, DW_AT_type(*$C$DW$T$10)
    2241                      .dwattr $C$DW$142, DW_AT_decl_file("C:/ti/ccs1210/ccs/tools/compiler/ti-cgt-c2000_22.6.0.LTS/include/
    2242                      .dwattr $C$DW$142, DW_AT_decl_line(0x18c)
    2243                      .dwattr $C$DW$142, DW_AT_decl_column(0x18)
    2244                      .dwattr $C$DW$142, DW_AT_TI_max_frame_size(-2)
    2245                      .dwpsn  file "C:/ti/ccs1210/ccs/tools/compiler/ti-cgt-c2000_22.6.0.LTS/include/_defs.h",line 397,colu
    2246              
    2247                      .dwfde $C$DW$CIE, ||__fpclassifyf||
    2248              $C$DW$143       .dwtag  DW_TAG_formal_parameter
    2249                      .dwattr $C$DW$143, DW_AT_name("f")
    2250                      .dwattr $C$DW$143, DW_AT_type(*$C$DW$T$16)
    2251                      .dwattr $C$DW$143, DW_AT_location[DW_OP_regx 0x2b]
    2252              
    2253              
    2254              ;***************************************************************
    2255              ;* FNAME: __fpclassifyf                 FR SIZE:   0           *
    2256              ;*                                                             *
    2257              ;* FUNCTION ENVIRONMENT                                        *
    2258              ;*                                                             *
TMS320C2000 Assembler PC v22.6.0 Mon Apr 21 09:03:30 2025

Copyright (c) 1996-2018 Texas Instruments Incorporated
hal_comp_TMS320F280049C.asm                                          PAGE   45

    2259              ;* FUNCTION PROPERTIES                                         *
    2260              ;*                            0 Parameter,  0 Auto,  0 SOE     *
    2261              ;***************************************************************
    2262              
    2263              ||__fpclassifyf||:
    2264              ;* PL    assigned to $O$K1
    2265              ;* R0    assigned to f
    2266              $C$DW$144       .dwtag  DW_TAG_variable
    2267                      .dwattr $C$DW$144, DW_AT_name("f")
    2268                      .dwattr $C$DW$144, DW_AT_type(*$C$DW$T$42)
    2269                      .dwattr $C$DW$144, DW_AT_location[DW_OP_regx 0x2b]
    2270              
    2271                      .dwcfi  cfa_offset, -2
    2272                      .dwcfi  save_reg_to_mem, 26, 0
    2273                      .dwpsn  file "C:/ti/ccs1210/ccs/tools/compiler/ti-cgt-c2000_22.6.0.LTS/include/_defs.h",line 398,colu
    2274 00000000 BFAB          MOV32     P,R0H                 ; [CPU_FPU] |398| 
         00000001 0F12 
    2275                      .dwpsn  file "C:/ti/ccs1210/ccs/tools/compiler/ti-cgt-c2000_22.6.0.LTS/include/_defs.h",line 402,colu
    2276 00000002 CCAA          AND       AL,PH,#0x7f80         ; [CPU_ALU] |402| 
         00000003 7F80 
    2277 00000004 88A9          MOVZ      AR6,AL                ; [CPU_ALU] |402| 
    2278 00000005 FF20          MOV       ACC,#32640            ; [CPU_ALU] |402| 
         00000006 7F80 
    2279 00000007 0FA6          CMPL      ACC,XAR6              ; [CPU_ALU] |402| 
    2280 00000008 6009          B         ||$C$L16||,NEQ        ; [CPU_ALU] |402| 
    2281                      ; branchcc occurs ; [] |402| 
    2282 00000009 A9A9          MOVL      ACC,P                 ; [CPU_ALU] |402| 
    2283 0000000a 917F          ANDB      AH,#127               ; [CPU_ALU] |402| 
    2284 0000000b FF58          TEST      ACC                   ; [CPU_ALU] |402| 
    2285 0000000c 6103          B         ||$C$L15||,EQ         ; [CPU_ALU] |402| 
    2286                      ; branchcc occurs ; [] |402| 
    2287                      .dwcfi  remember_state
    2288 0000000d 9A02          MOVB      AL,#2                 ; [CPU_ALU] |402| 
    2289              $C$DW$145       .dwtag  DW_TAG_TI_branch
    2290                      .dwattr $C$DW$145, DW_AT_low_pc(0x00)
    2291                      .dwattr $C$DW$145, DW_AT_TI_return
    2292              
    2293 0000000e 0006          LRETR     ; [CPU_ALU] 
    2294                      ; return occurs ; [] 
    2295                      .dwcfi  restore_state
    2296 0000000f       ||$C$L15||:    
    2297                      .dwcfi  remember_state
    2298 0000000f 9A01          MOVB      AL,#1                 ; [CPU_ALU] |402| 
    2299              $C$DW$146       .dwtag  DW_TAG_TI_branch
    2300                      .dwattr $C$DW$146, DW_AT_low_pc(0x00)
    2301                      .dwattr $C$DW$146, DW_AT_TI_return
    2302              
    2303 00000010 0006          LRETR     ; [CPU_ALU] 
    2304                      ; return occurs ; [] 
    2305                      .dwcfi  restore_state
    2306 00000011       ||$C$L16||:    
    2307 00000011 A9A9          MOVL      ACC,P                 ; [CPU_ALU] |402| 
    2308 00000012 28AC          MOV       T,#23                 ; [CPU_ALU] |402| 
         00000013 0017 
    2309 00000014 5622          LSRL      ACC,T                 ; [CPU_ALU] |402| 
TMS320C2000 Assembler PC v22.6.0 Mon Apr 21 09:03:30 2025

Copyright (c) 1996-2018 Texas Instruments Incorporated
hal_comp_TMS320F280049C.asm                                          PAGE   46

    2310 00000015 90FF          ANDB      AL,#0xff              ; [CPU_ALU] |402| 
    2311 00000016 6104          B         ||$C$L17||,EQ         ; [CPU_ALU] |402| 
    2312                      ; branchcc occurs ; [] |402| 
    2313                      .dwcfi  remember_state
    2314 00000017 28A9          MOV       AL,#-1                ; [CPU_ALU] |402| 
         00000018 FFFF 
    2315              $C$DW$147       .dwtag  DW_TAG_TI_branch
    2316                      .dwattr $C$DW$147, DW_AT_low_pc(0x00)
    2317                      .dwattr $C$DW$147, DW_AT_TI_return
    2318              
    2319 00000019 0006          LRETR     ; [CPU_ALU] 
    2320                      ; return occurs ; [] 
    2321                      .dwcfi  restore_state
    2322 0000001a       ||$C$L17||:    
    2323 0000001a A9A9          MOVL      ACC,P                 ; [CPU_ALU] |402| 
    2324 0000001b 917F          ANDB      AH,#127               ; [CPU_ALU] |402| 
    2325 0000001c FF58          TEST      ACC                   ; [CPU_ALU] |402| 
    2326 0000001d 6104          B         ||$C$L18||,EQ         ; [CPU_ALU] |402| 
    2327                      ; branchcc occurs ; [] |402| 
    2328                      .dwcfi  remember_state
    2329 0000001e 28A9          MOV       AL,#-2                ; [CPU_ALU] |402| 
         0000001f FFFE 
    2330              $C$DW$148       .dwtag  DW_TAG_TI_branch
    2331                      .dwattr $C$DW$148, DW_AT_low_pc(0x00)
    2332                      .dwattr $C$DW$148, DW_AT_TI_return
    2333              
    2334 00000020 0006          LRETR     ; [CPU_ALU] 
    2335                      ; return occurs ; [] 
    2336                      .dwcfi  restore_state
    2337 00000021       ||$C$L18||:    
    2338 00000021 9A00          MOVB      AL,#0                 ; [CPU_ALU] |402| 
    2339              $C$DW$149       .dwtag  DW_TAG_TI_branch
    2340                      .dwattr $C$DW$149, DW_AT_low_pc(0x00)
    2341                      .dwattr $C$DW$149, DW_AT_TI_return
    2342              
    2343 00000022 0006          LRETR     ; [CPU_ALU] 
    2344                      ; return occurs ; [] 
    2345                      .dwattr $C$DW$142, DW_AT_TI_end_file("C:/ti/ccs1210/ccs/tools/compiler/ti-cgt-c2000_22.6.0.LTS/includ
    2346                      .dwattr $C$DW$142, DW_AT_TI_end_line(0x19b)
    2347                      .dwattr $C$DW$142, DW_AT_TI_end_column(0x01)
    2348                      .dwendentry
    2349                      .dwendtag $C$DW$142
    2350              
    2351 00000000               .sect   ".text:__fpclassify"
    2352                      .clink
    2353                      .global ||__fpclassify||
    2354              
    2355              $C$DW$150       .dwtag  DW_TAG_subprogram
    2356                      .dwattr $C$DW$150, DW_AT_name("__fpclassify")
    2357                      .dwattr $C$DW$150, DW_AT_low_pc(||__fpclassify||)
    2358                      .dwattr $C$DW$150, DW_AT_high_pc(0x00)
    2359                      .dwattr $C$DW$150, DW_AT_linkage_name("__fpclassify")
    2360                      .dwattr $C$DW$150, DW_AT_external
    2361                      .dwattr $C$DW$150, DW_AT_type(*$C$DW$T$10)
    2362                      .dwattr $C$DW$150, DW_AT_decl_file("C:/ti/ccs1210/ccs/tools/compiler/ti-cgt-c2000_22.6.0.LTS/include/
TMS320C2000 Assembler PC v22.6.0 Mon Apr 21 09:03:30 2025

Copyright (c) 1996-2018 Texas Instruments Incorporated
hal_comp_TMS320F280049C.asm                                          PAGE   47

    2363                      .dwattr $C$DW$150, DW_AT_decl_line(0x19d)
    2364                      .dwattr $C$DW$150, DW_AT_decl_column(0x18)
    2365                      .dwattr $C$DW$150, DW_AT_TI_max_frame_size(-10)
    2366                      .dwpsn  file "C:/ti/ccs1210/ccs/tools/compiler/ti-cgt-c2000_22.6.0.LTS/include/_defs.h",line 414,colu
    2367              
    2368                      .dwfde $C$DW$CIE, ||__fpclassify||
    2369              $C$DW$151       .dwtag  DW_TAG_formal_parameter
    2370                      .dwattr $C$DW$151, DW_AT_name("d")
    2371                      .dwattr $C$DW$151, DW_AT_type(*$C$DW$T$43)
    2372                      .dwattr $C$DW$151, DW_AT_location[DW_OP_reg12]
    2373              
    2374              
    2375              ;***************************************************************
    2376              ;* FNAME: __fpclassify                  FR SIZE:   8           *
    2377              ;*                                                             *
    2378              ;* FUNCTION ENVIRONMENT                                        *
    2379              ;*                                                             *
    2380              ;* FUNCTION PROPERTIES                                         *
    2381              ;*                            4 Parameter,  4 Auto,  0 SOE     *
    2382              ;***************************************************************
    2383              
    2384              ||__fpclassify||:
    2385              $C$DW$152       .dwtag  DW_TAG_variable
    2386                      .dwattr $C$DW$152, DW_AT_name("d")
    2387                      .dwattr $C$DW$152, DW_AT_type(*$C$DW$T$17)
    2388                      .dwattr $C$DW$152, DW_AT_location[DW_OP_breg20 -8]
    2389              
    2390              ;* AR5   assigned to $O$C1
    2391              ;* AR4   assigned to d
    2392              $C$DW$153       .dwtag  DW_TAG_variable
    2393                      .dwattr $C$DW$153, DW_AT_name("d")
    2394                      .dwattr $C$DW$153, DW_AT_type(*$C$DW$T$44)
    2395                      .dwattr $C$DW$153, DW_AT_location[DW_OP_reg12]
    2396              
    2397                      .dwcfi  cfa_offset, -2
    2398                      .dwcfi  save_reg_to_mem, 26, 0
    2399 00000000 FE08          ADDB      SP,#8                 ; [CPU_ARAU] 
    2400                      .dwcfi  cfa_offset, -10
    2401 00000001 C4D4          MOVL      XAR6,*+XAR4[2]        ; [CPU_ALU] |414| 
    2402 00000002 06C4          MOVL      ACC,*+XAR4[0]         ; [CPU_ALU] |414| 
    2403 00000003 1E48          MOVL      *-SP[8],ACC           ; [CPU_ALU] |414| 
    2404 00000004 C246          MOVL      *-SP[6],XAR6          ; [CPU_ALU] |414| 
    2405                      .dwpsn  file "C:/ti/ccs1210/ccs/tools/compiler/ti-cgt-c2000_22.6.0.LTS/include/_defs.h",line 415,colu
    2406 00000005 8348          MOVL      XAR5,*-SP[8]          ; [CPU_ALU] |415| 
    2407 00000006 8A46          MOVL      XAR4,*-SP[6]          ; [CPU_ALU] |415| 
    2408                      .dwpsn  file "C:/ti/ccs1210/ccs/tools/compiler/ti-cgt-c2000_22.6.0.LTS/include/_defs.h",line 419,colu
    2409 00000007 28AC          MOV       T,#48                 ; [CPU_ALU] |419| 
         00000008 0030 
    2410 00000009 A0AB          MOVL      P,XAR5                ; [CPU_ALU] |419| 
    2411 0000000a A8A9          MOVL      ACC,XAR4              ; [CPU_ALU] |419| 
    2412 0000000b 565B          LSR64     ACC:P,T               ; [CPU_ALU] |419| 
    2413 0000000c 18AB          AND       PL,#0x7ff0            ; [CPU_ALU] |419| 
         0000000d 7FF0 
    2414 0000000e 88AB          MOVZ      AR6,PL                ; [CPU_ALU] |419| 
    2415 0000000f FF20          MOV       ACC,#32752            ; [CPU_ALU] |419| 
TMS320C2000 Assembler PC v22.6.0 Mon Apr 21 09:03:30 2025

Copyright (c) 1996-2018 Texas Instruments Incorporated
hal_comp_TMS320F280049C.asm                                          PAGE   48

         00000010 7FF0 
    2416 00000011 0FA6          CMPL      ACC,XAR6              ; [CPU_ALU] |419| 
    2417 00000012 6016          B         ||$C$L20||,NEQ        ; [CPU_ALU] |419| 
    2418                      ; branchcc occurs ; [] |419| 
    2419 00000013 0200          MOVB      ACC,#0                ; [CPU_ALU] |419| 
    2420 00000014 1E44          MOVL      *-SP[4],ACC           ; [CPU_ALU] |419| 
    2421 00000015 2B42          MOV       *-SP[2],#0            ; [CPU_ALU] |419| 
    2422 00000016 2B41          MOV       *-SP[1],#0            ; [CPU_ALU] |419| 
    2423 00000017 A348          MOVL      P,*-SP[8]             ; [CPU_ALU] |419| 
    2424 00000018 0646          MOVL      ACC,*-SP[6]           ; [CPU_ALU] |419| 
    2425 00000019 18AB          AND       PL,#65535             ; [CPU_ALU] |419| 
         0000001a FFFF 
    2426 0000001b 18AA          AND       PH,#65535             ; [CPU_ALU] |419| 
         0000001c FFFF 
    2427 0000001d 18A9          AND       AL,#65535             ; [CPU_ALU] |419| 
         0000001e FFFF 
    2428 0000001f 910F          ANDB      AH,#15                ; [CPU_ALU] |419| 
    2429              $C$DW$154       .dwtag  DW_TAG_TI_branch
    2430                      .dwattr $C$DW$154, DW_AT_low_pc(0x00)
    2431                      .dwattr $C$DW$154, DW_AT_name("__c28xabi_cmpull")
    2432                      .dwattr $C$DW$154, DW_AT_TI_call
    2433              
    2434 00000020 7640!         LCR       #||__c28xabi_cmpull|| ; [CPU_ALU] |419| 
         00000021 0000 
    2435                      ; call occurs [#||__c28xabi_cmpull||] ; [] |419| 
    2436 00000022 5200          CMPB      AL,#0                 ; [CPU_ALU] |419| 
    2437 00000023 6103          B         ||$C$L19||,EQ         ; [CPU_ALU] |419| 
    2438                      ; branchcc occurs ; [] |419| 
    2439 00000024 9A02          MOVB      AL,#2                 ; [CPU_ALU] |419| 
    2440 00000025 6F2D          B         ||$C$L23||,UNC        ; [CPU_ALU] |419| 
    2441                      ; branch occurs ; [] |419| 
    2442 00000026       ||$C$L19||:    
    2443 00000026 9A01          MOVB      AL,#1                 ; [CPU_ALU] |419| 
    2444 00000027 6F2B          B         ||$C$L23||,UNC        ; [CPU_ALU] |419| 
    2445                      ; branch occurs ; [] |419| 
    2446 00000028       ||$C$L20||:    
    2447 00000028 BE00          MOVB      XAR6,#0               ; [CPU_ALU] |419| 
    2448 00000029 A0AB          MOVL      P,XAR5                ; [CPU_ALU] |419| 
    2449 0000002a A8A9          MOVL      ACC,XAR4              ; [CPU_ALU] |419| 
    2450 0000002b 28AC          MOV       T,#52                 ; [CPU_ALU] |419| 
         0000002c 0034 
    2451 0000002d C244          MOVL      *-SP[4],XAR6          ; [CPU_ALU] |419| 
    2452 0000002e 2B42          MOV       *-SP[2],#0            ; [CPU_ALU] |419| 
    2453 0000002f 565B          LSR64     ACC:P,T               ; [CPU_ALU] |419| 
    2454 00000030 2B41          MOV       *-SP[1],#0            ; [CPU_FPU] |419| 
    2455 00000031 9000          ANDB      AL,#0                 ; [CPU_ALU] |419| 
    2456 00000032 9100          ANDB      AH,#0                 ; [CPU_ALU] |419| 
    2457 00000033 18AB          AND       PL,#2047              ; [CPU_ALU] |419| 
         00000034 07FF 
    2458 00000035 18AA          AND       PH,#0                 ; [CPU_ALU] |419| 
         00000036 0000 
    2459              $C$DW$155       .dwtag  DW_TAG_TI_branch
    2460                      .dwattr $C$DW$155, DW_AT_low_pc(0x00)
    2461                      .dwattr $C$DW$155, DW_AT_name("__c28xabi_cmpull")
    2462                      .dwattr $C$DW$155, DW_AT_TI_call
TMS320C2000 Assembler PC v22.6.0 Mon Apr 21 09:03:30 2025

Copyright (c) 1996-2018 Texas Instruments Incorporated
hal_comp_TMS320F280049C.asm                                          PAGE   49

    2463              
    2464 00000037 7640!         LCR       #||__c28xabi_cmpull|| ; [CPU_ALU] |419| 
         00000038 0000 
    2465                      ; call occurs [#||__c28xabi_cmpull||] ; [] |419| 
    2466 00000039 5200          CMPB      AL,#0                 ; [CPU_ALU] |419| 
    2467 0000003a 6104          B         ||$C$L21||,EQ         ; [CPU_ALU] |419| 
    2468                      ; branchcc occurs ; [] |419| 
    2469 0000003b 28A9          MOV       AL,#-1                ; [CPU_ALU] |419| 
         0000003c FFFF 
    2470 0000003d 6F15          B         ||$C$L23||,UNC        ; [CPU_ALU] |419| 
    2471                      ; branch occurs ; [] |419| 
    2472 0000003e       ||$C$L21||:    
    2473 0000003e C244          MOVL      *-SP[4],XAR6          ; [CPU_ALU] |419| 
    2474 0000003f A8A9          MOVL      ACC,XAR4              ; [CPU_ALU] |419| 
    2475 00000040 A0AB          MOVL      P,XAR5                ; [CPU_ALU] |419| 
    2476 00000041 2B42          MOV       *-SP[2],#0            ; [CPU_ALU] |419| 
    2477 00000042 18A9          AND       AL,#65535             ; [CPU_ALU] |419| 
         00000043 FFFF 
    2478 00000044 910F          ANDB      AH,#15                ; [CPU_ALU] |419| 
    2479 00000045 18AB          AND       PL,#65535             ; [CPU_ALU] |419| 
         00000046 FFFF 
    2480 00000047 18AA          AND       PH,#65535             ; [CPU_ALU] |419| 
         00000048 FFFF 
    2481 00000049 2B41          MOV       *-SP[1],#0            ; [CPU_FPU] |419| 
    2482              $C$DW$156       .dwtag  DW_TAG_TI_branch
    2483                      .dwattr $C$DW$156, DW_AT_low_pc(0x00)
    2484                      .dwattr $C$DW$156, DW_AT_name("__c28xabi_cmpull")
    2485                      .dwattr $C$DW$156, DW_AT_TI_call
    2486              
    2487 0000004a 7640!         LCR       #||__c28xabi_cmpull|| ; [CPU_ALU] |419| 
         0000004b 0000 
    2488                      ; call occurs [#||__c28xabi_cmpull||] ; [] |419| 
    2489 0000004c 5200          CMPB      AL,#0                 ; [CPU_ALU] |419| 
    2490 0000004d 6104          B         ||$C$L22||,EQ         ; [CPU_ALU] |419| 
    2491                      ; branchcc occurs ; [] |419| 
    2492 0000004e 28A9          MOV       AL,#-2                ; [CPU_ALU] |419| 
         0000004f FFFE 
    2493 00000050 6F02          B         ||$C$L23||,UNC        ; [CPU_ALU] |419| 
    2494                      ; branch occurs ; [] |419| 
    2495 00000051       ||$C$L22||:    
    2496 00000051 9A00          MOVB      AL,#0                 ; [CPU_ALU] |419| 
    2497 00000052       ||$C$L23||:    
    2498 00000052 FE88          SUBB      SP,#8                 ; [CPU_ARAU] 
    2499                      .dwcfi  cfa_offset, -2
    2500              $C$DW$157       .dwtag  DW_TAG_TI_branch
    2501                      .dwattr $C$DW$157, DW_AT_low_pc(0x00)
    2502                      .dwattr $C$DW$157, DW_AT_TI_return
    2503              
    2504 00000053 0006          LRETR     ; [CPU_ALU] 
    2505                      ; return occurs ; [] 
    2506                      .dwattr $C$DW$150, DW_AT_TI_end_file("C:/ti/ccs1210/ccs/tools/compiler/ti-cgt-c2000_22.6.0.LTS/includ
    2507                      .dwattr $C$DW$150, DW_AT_TI_end_line(0x1ac)
    2508                      .dwattr $C$DW$150, DW_AT_TI_end_column(0x01)
    2509                      .dwendentry
    2510                      .dwendtag $C$DW$150
TMS320C2000 Assembler PC v22.6.0 Mon Apr 21 09:03:30 2025

Copyright (c) 1996-2018 Texas Instruments Incorporated
hal_comp_TMS320F280049C.asm                                          PAGE   50

    2511              
    2512              ;**************************************************************
    2513              ;* UNDEFINED EXTERNAL REFERENCES                              *
    2514              ;**************************************************************
    2515                      .global ||CMPSS_configFilterHigh||
    2516                      .global ||CMPSS_configFilterLow||
    2517                      .global ||__c28xabi_cmpull||
    2518              ;**************************************************************
    2519              ;* SECTION GROUPS                                             *
    2520              ;**************************************************************
    2521                      .group    "__fpclassify", 1
    2522                      .gmember  ".text:__fpclassify"
    2523                      .endgroup
    2524                      .group    "__fpclassifyf", 1
    2525                      .gmember  ".text:__fpclassifyf"
    2526                      .endgroup
    2527                      .group    "__fpclassifyl", 1
    2528                      .gmember  ".text:__fpclassifyl"
    2529                      .endgroup
    2530                      .group    "__isfinite", 1
    2531                      .gmember  ".text:__isfinite"
    2532                      .endgroup
    2533                      .group    "__isfinitef", 1
    2534                      .gmember  ".text:__isfinitef"
    2535                      .endgroup
    2536                      .group    "__isfinitel", 1
    2537                      .gmember  ".text:__isfinitel"
    2538                      .endgroup
    2539                      .group    "__isinf", 1
    2540                      .gmember  ".text:__isinf"
    2541                      .endgroup
    2542                      .group    "__isinff", 1
    2543                      .gmember  ".text:__isinff"
    2544                      .endgroup
    2545                      .group    "__isinfl", 1
    2546                      .gmember  ".text:__isinfl"
    2547                      .endgroup
    2548                      .group    "__isnan", 1
    2549                      .gmember  ".text:__isnan"
    2550                      .endgroup
    2551                      .group    "__isnanf", 1
    2552                      .gmember  ".text:__isnanf"
    2553                      .endgroup
    2554                      .group    "__isnanl", 1
    2555                      .gmember  ".text:__isnanl"
    2556                      .endgroup
    2557                      .group    "__isnormal", 1
    2558                      .gmember  ".text:__isnormal"
    2559                      .endgroup
    2560                      .group    "__isnormalf", 1
    2561                      .gmember  ".text:__isnormalf"
    2562                      .endgroup
    2563                      .group    "__isnormall", 1
    2564                      .gmember  ".text:__isnormall"
    2565                      .endgroup
TMS320C2000 Assembler PC v22.6.0 Mon Apr 21 09:03:30 2025

Copyright (c) 1996-2018 Texas Instruments Incorporated
hal_comp_TMS320F280049C.asm                                          PAGE   51

    2566                      .group    "__relaxed_atan2f", 1
    2567                      .gmember  ".text:__relaxed_atan2f"
    2568                      .endgroup
    2569                      .group    "__relaxed_atanf", 1
    2570                      .gmember  ".text:__relaxed_atanf"
    2571                      .endgroup
    2572                      .group    "__relaxed_cosf", 1
    2573                      .gmember  ".text:__relaxed_cosf"
    2574                      .endgroup
    2575                      .group    "__relaxed_fmaxf", 1
    2576                      .gmember  ".text:__relaxed_fmaxf"
    2577                      .endgroup
    2578                      .group    "__relaxed_fminf", 1
    2579                      .gmember  ".text:__relaxed_fminf"
    2580                      .endgroup
    2581                      .group    "__relaxed_fmodf", 1
    2582                      .gmember  ".text:__relaxed_fmodf"
    2583                      .endgroup
    2584                      .group    "__relaxed_sinf", 1
    2585                      .gmember  ".text:__relaxed_sinf"
    2586                      .endgroup
    2587                      .group    "__relaxed_sqrtf", 1
    2588                      .gmember  ".text:__relaxed_sqrtf"
    2589                      .endgroup
    2590                      .group    "__signbit", 1
    2591                      .gmember  ".text:__signbit"
    2592                      .endgroup
    2593                      .group    "__signbitf", 1
    2594                      .gmember  ".text:__signbitf"
    2595                      .endgroup
    2596                      .group    "__signbitl", 1
    2597                      .gmember  ".text:__signbitl"
    2598                      .endgroup
    2599              
    2600              
    2601              ;***************************************************************
    2602              ;* BUILD ATTRIBUTES                                            *
    2603              ;***************************************************************
    2604                      .battr "c28xabi", Tag_File, 1, Tag_float_args(1)
    2605                      .battr "c28xabi", Tag_File, 1, Tag_double_args(1)
    2606                      .dwattr $C$DW$CU, DW_AT_language(DW_LANG_C)
    2607              
    2608              ;***************************************************************
    2609              ;* DWARF CIE ENTRIES                                           *
    2610              ;***************************************************************
    2611              
    2612              $C$DW$CIE       .dwcie 26
    2613                      .dwcfi  cfa_register, 20
    2614                      .dwcfi  cfa_offset, 0
    2615                      .dwcfi  same_value, 28
    2616                      .dwcfi  same_value, 6
    2617                      .dwcfi  same_value, 7
    2618                      .dwcfi  same_value, 8
    2619                      .dwcfi  same_value, 9
    2620                      .dwcfi  same_value, 10
TMS320C2000 Assembler PC v22.6.0 Mon Apr 21 09:03:30 2025

Copyright (c) 1996-2018 Texas Instruments Incorporated
hal_comp_TMS320F280049C.asm                                          PAGE   52

    2621                      .dwcfi  same_value, 11
    2622                      .dwcfi  same_value, 59
    2623                      .dwcfi  same_value, 63
    2624                      .dwcfi  same_value, 67
    2625                      .dwcfi  same_value, 71
    2626                      .dwendentry
    2627                      .dwendtag $C$DW$CU
    2628              
    2629              
    2630              ;***************************************************************
    2631              ;* TYPE INFORMATION                                            *
    2632              ;***************************************************************
    2633              
    2634              $C$DW$TU$2      .dwtag  DW_TAG_type_unit
    2635                      .dwmtype  $C$DW$T$2
    2636              $C$DW$T$2       .dwtag  DW_TAG_unspecified_type
    2637                      .dwattr $C$DW$T$2, DW_AT_name("void")
    2638              
    2639                      .dwendtag $C$DW$TU$2
    2640              
    2641              
    2642              $C$DW$TU$4      .dwtag  DW_TAG_type_unit
    2643                      .dwmtype  $C$DW$T$4
    2644              $C$DW$T$4       .dwtag  DW_TAG_base_type
    2645                      .dwattr $C$DW$T$4, DW_AT_encoding(DW_ATE_boolean)
    2646                      .dwattr $C$DW$T$4, DW_AT_name("bool")
    2647                      .dwattr $C$DW$T$4, DW_AT_byte_size(0x01)
    2648              
    2649                      .dwendtag $C$DW$TU$4
    2650              
    2651              
    2652              $C$DW$TU$5      .dwtag  DW_TAG_type_unit
    2653                      .dwmtype  $C$DW$T$5
    2654              $C$DW$T$5       .dwtag  DW_TAG_base_type
    2655                      .dwattr $C$DW$T$5, DW_AT_encoding(DW_ATE_signed_char)
    2656                      .dwattr $C$DW$T$5, DW_AT_name("signed char")
    2657                      .dwattr $C$DW$T$5, DW_AT_byte_size(0x01)
    2658              
    2659                      .dwendtag $C$DW$TU$5
    2660              
    2661              
    2662              $C$DW$TU$6      .dwtag  DW_TAG_type_unit
    2663                      .dwmtype  $C$DW$T$6
    2664              $C$DW$T$6       .dwtag  DW_TAG_base_type
    2665                      .dwattr $C$DW$T$6, DW_AT_encoding(DW_ATE_unsigned_char)
    2666                      .dwattr $C$DW$T$6, DW_AT_name("unsigned char")
    2667                      .dwattr $C$DW$T$6, DW_AT_byte_size(0x01)
    2668              
    2669                      .dwendtag $C$DW$TU$6
    2670              
    2671              
    2672              $C$DW$TU$7      .dwtag  DW_TAG_type_unit
    2673                      .dwmtype  $C$DW$T$7
    2674              $C$DW$T$7       .dwtag  DW_TAG_base_type
    2675                      .dwattr $C$DW$T$7, DW_AT_encoding(DW_ATE_signed_char)
TMS320C2000 Assembler PC v22.6.0 Mon Apr 21 09:03:30 2025

Copyright (c) 1996-2018 Texas Instruments Incorporated
hal_comp_TMS320F280049C.asm                                          PAGE   53

    2676                      .dwattr $C$DW$T$7, DW_AT_name("wchar_t")
    2677                      .dwattr $C$DW$T$7, DW_AT_byte_size(0x02)
    2678              
    2679                      .dwendtag $C$DW$TU$7
    2680              
    2681              
    2682              $C$DW$TU$8      .dwtag  DW_TAG_type_unit
    2683                      .dwmtype  $C$DW$T$8
    2684              $C$DW$T$8       .dwtag  DW_TAG_base_type
    2685                      .dwattr $C$DW$T$8, DW_AT_encoding(DW_ATE_signed)
    2686                      .dwattr $C$DW$T$8, DW_AT_name("short")
    2687                      .dwattr $C$DW$T$8, DW_AT_byte_size(0x01)
    2688              
    2689                      .dwendtag $C$DW$TU$8
    2690              
    2691              
    2692              $C$DW$TU$9      .dwtag  DW_TAG_type_unit
    2693                      .dwmtype  $C$DW$T$9
    2694              $C$DW$T$9       .dwtag  DW_TAG_base_type
    2695                      .dwattr $C$DW$T$9, DW_AT_encoding(DW_ATE_unsigned)
    2696                      .dwattr $C$DW$T$9, DW_AT_name("unsigned short")
    2697                      .dwattr $C$DW$T$9, DW_AT_byte_size(0x01)
    2698              
    2699                      .dwendtag $C$DW$TU$9
    2700              
    2701              
    2702              $C$DW$TU$10     .dwtag  DW_TAG_type_unit
    2703                      .dwmtype  $C$DW$T$10
    2704              $C$DW$T$10      .dwtag  DW_TAG_base_type
    2705                      .dwattr $C$DW$T$10, DW_AT_encoding(DW_ATE_signed)
    2706                      .dwattr $C$DW$T$10, DW_AT_name("int")
    2707                      .dwattr $C$DW$T$10, DW_AT_byte_size(0x01)
    2708              
    2709                      .dwendtag $C$DW$TU$10
    2710              
    2711              
    2712              $C$DW$TU$34     .dwtag  DW_TAG_type_unit
    2713                      .dwmtype  $C$DW$T$34
    2714              $C$DW$T$34      .dwtag  DW_TAG_typedef
    2715                      .dwattr $C$DW$T$34, DW_AT_name("__int16_t")
    2716                      .dwattr $C$DW$T$34, DW_AT_type(*$C$DW$T$10)
    2717                      .dwattr $C$DW$T$34, DW_AT_decl_file("C:/ti/ccs1210/ccs/tools/compiler/ti-cgt-c2000_22.6.0.LTS/include
    2718                      .dwattr $C$DW$T$34, DW_AT_decl_line(0x40)
    2719                      .dwattr $C$DW$T$34, DW_AT_decl_column(0x1d)
    2720              
    2721                      .dwendtag $C$DW$TU$34
    2722              
    2723              
    2724              $C$DW$TU$35     .dwtag  DW_TAG_type_unit
    2725                      .dwmtype  $C$DW$T$35
    2726              $C$DW$T$35      .dwtag  DW_TAG_typedef
    2727                      .dwattr $C$DW$T$35, DW_AT_name("int16_t")
    2728                      .dwattr $C$DW$T$35, DW_AT_type(*$C$DW$T$34)
    2729                      .dwattr $C$DW$T$35, DW_AT_decl_file("C:/ti/ccs1210/ccs/tools/compiler/ti-cgt-c2000_22.6.0.LTS/include
    2730                      .dwattr $C$DW$T$35, DW_AT_decl_line(0x2b)
TMS320C2000 Assembler PC v22.6.0 Mon Apr 21 09:03:30 2025

Copyright (c) 1996-2018 Texas Instruments Incorporated
hal_comp_TMS320F280049C.asm                                          PAGE   54

    2731                      .dwattr $C$DW$T$35, DW_AT_decl_column(0x14)
    2732              
    2733                      .dwendtag $C$DW$TU$35
    2734              
    2735              
    2736              $C$DW$TU$11     .dwtag  DW_TAG_type_unit
    2737                      .dwmtype  $C$DW$T$11
    2738              $C$DW$T$11      .dwtag  DW_TAG_base_type
    2739                      .dwattr $C$DW$T$11, DW_AT_encoding(DW_ATE_unsigned)
    2740                      .dwattr $C$DW$T$11, DW_AT_name("unsigned int")
    2741                      .dwattr $C$DW$T$11, DW_AT_byte_size(0x01)
    2742              
    2743                      .dwendtag $C$DW$TU$11
    2744              
    2745              
    2746              $C$DW$TU$23     .dwtag  DW_TAG_type_unit
    2747                      .dwmtype  $C$DW$T$23
    2748              $C$DW$T$23      .dwtag  DW_TAG_typedef
    2749                      .dwattr $C$DW$T$23, DW_AT_name("__uint16_t")
    2750                      .dwattr $C$DW$T$23, DW_AT_type(*$C$DW$T$11)
    2751                      .dwattr $C$DW$T$23, DW_AT_decl_file("C:/ti/ccs1210/ccs/tools/compiler/ti-cgt-c2000_22.6.0.LTS/include
    2752                      .dwattr $C$DW$T$23, DW_AT_decl_line(0x41)
    2753                      .dwattr $C$DW$T$23, DW_AT_decl_column(0x1c)
    2754              
    2755                      .dwendtag $C$DW$TU$23
    2756              
    2757              
    2758              $C$DW$TU$24     .dwtag  DW_TAG_type_unit
    2759                      .dwmtype  $C$DW$T$24
    2760              $C$DW$T$24      .dwtag  DW_TAG_typedef
    2761                      .dwattr $C$DW$T$24, DW_AT_name("uint16_t")
    2762                      .dwattr $C$DW$T$24, DW_AT_type(*$C$DW$T$23)
    2763                      .dwattr $C$DW$T$24, DW_AT_decl_file("C:/ti/ccs1210/ccs/tools/compiler/ti-cgt-c2000_22.6.0.LTS/include
    2764                      .dwattr $C$DW$T$24, DW_AT_decl_line(0x41)
    2765                      .dwattr $C$DW$T$24, DW_AT_decl_column(0x15)
    2766              
    2767                      .dwendtag $C$DW$TU$24
    2768              
    2769              
    2770              $C$DW$TU$12     .dwtag  DW_TAG_type_unit
    2771                      .dwmtype  $C$DW$T$12
    2772              $C$DW$T$12      .dwtag  DW_TAG_base_type
    2773                      .dwattr $C$DW$T$12, DW_AT_encoding(DW_ATE_signed)
    2774                      .dwattr $C$DW$T$12, DW_AT_name("long")
    2775                      .dwattr $C$DW$T$12, DW_AT_byte_size(0x02)
    2776              
    2777                      .dwendtag $C$DW$TU$12
    2778              
    2779              
    2780              $C$DW$TU$13     .dwtag  DW_TAG_type_unit
    2781                      .dwmtype  $C$DW$T$13
    2782              $C$DW$T$13      .dwtag  DW_TAG_base_type
    2783                      .dwattr $C$DW$T$13, DW_AT_encoding(DW_ATE_unsigned)
    2784                      .dwattr $C$DW$T$13, DW_AT_name("unsigned long")
    2785                      .dwattr $C$DW$T$13, DW_AT_byte_size(0x02)
TMS320C2000 Assembler PC v22.6.0 Mon Apr 21 09:03:30 2025

Copyright (c) 1996-2018 Texas Instruments Incorporated
hal_comp_TMS320F280049C.asm                                          PAGE   55

    2786              
    2787                      .dwendtag $C$DW$TU$13
    2788              
    2789              
    2790              $C$DW$TU$20     .dwtag  DW_TAG_type_unit
    2791                      .dwmtype  $C$DW$T$20
    2792              $C$DW$T$20      .dwtag  DW_TAG_typedef
    2793                      .dwattr $C$DW$T$20, DW_AT_name("__uint32_t")
    2794                      .dwattr $C$DW$T$20, DW_AT_type(*$C$DW$T$13)
    2795                      .dwattr $C$DW$T$20, DW_AT_decl_file("C:/ti/ccs1210/ccs/tools/compiler/ti-cgt-c2000_22.6.0.LTS/include
    2796                      .dwattr $C$DW$T$20, DW_AT_decl_line(0x43)
    2797                      .dwattr $C$DW$T$20, DW_AT_decl_column(0x1c)
    2798              
    2799                      .dwendtag $C$DW$TU$20
    2800              
    2801              
    2802              $C$DW$TU$21     .dwtag  DW_TAG_type_unit
    2803                      .dwmtype  $C$DW$T$21
    2804              $C$DW$T$21      .dwtag  DW_TAG_typedef
    2805                      .dwattr $C$DW$T$21, DW_AT_name("uint32_t")
    2806                      .dwattr $C$DW$T$21, DW_AT_type(*$C$DW$T$20)
    2807                      .dwattr $C$DW$T$21, DW_AT_decl_file("C:/ti/ccs1210/ccs/tools/compiler/ti-cgt-c2000_22.6.0.LTS/include
    2808                      .dwattr $C$DW$T$21, DW_AT_decl_line(0x46)
    2809                      .dwattr $C$DW$T$21, DW_AT_decl_column(0x15)
    2810              
    2811                      .dwendtag $C$DW$TU$21
    2812              
    2813              
    2814              $C$DW$TU$39     .dwtag  DW_TAG_type_unit
    2815                      .dwmtype  $C$DW$T$39
    2816              $C$DW$158       .dwtag  DW_TAG_TI_far_type
    2817                      .dwattr $C$DW$158, DW_AT_type(*$C$DW$T$21)
    2818              
    2819              $C$DW$T$39      .dwtag  DW_TAG_const_type
    2820                      .dwattr $C$DW$T$39, DW_AT_type(*$C$DW$158)
    2821              
    2822                      .dwendtag $C$DW$TU$39
    2823              
    2824              
    2825              $C$DW$TU$14     .dwtag  DW_TAG_type_unit
    2826                      .dwmtype  $C$DW$T$14
    2827              $C$DW$T$14      .dwtag  DW_TAG_base_type
    2828                      .dwattr $C$DW$T$14, DW_AT_encoding(DW_ATE_signed)
    2829                      .dwattr $C$DW$T$14, DW_AT_name("long long")
    2830                      .dwattr $C$DW$T$14, DW_AT_byte_size(0x04)
    2831              
    2832                      .dwendtag $C$DW$TU$14
    2833              
    2834              
    2835              $C$DW$TU$15     .dwtag  DW_TAG_type_unit
    2836                      .dwmtype  $C$DW$T$15
    2837              $C$DW$T$15      .dwtag  DW_TAG_base_type
    2838                      .dwattr $C$DW$T$15, DW_AT_encoding(DW_ATE_unsigned)
    2839                      .dwattr $C$DW$T$15, DW_AT_name("unsigned long long")
    2840                      .dwattr $C$DW$T$15, DW_AT_byte_size(0x04)
TMS320C2000 Assembler PC v22.6.0 Mon Apr 21 09:03:30 2025

Copyright (c) 1996-2018 Texas Instruments Incorporated
hal_comp_TMS320F280049C.asm                                          PAGE   56

    2841              
    2842                      .dwendtag $C$DW$TU$15
    2843              
    2844              
    2845              $C$DW$TU$16     .dwtag  DW_TAG_type_unit
    2846                      .dwmtype  $C$DW$T$16
    2847              $C$DW$T$16      .dwtag  DW_TAG_base_type
    2848                      .dwattr $C$DW$T$16, DW_AT_encoding(DW_ATE_float)
    2849                      .dwattr $C$DW$T$16, DW_AT_name("float")
    2850                      .dwattr $C$DW$T$16, DW_AT_byte_size(0x02)
    2851              
    2852                      .dwendtag $C$DW$TU$16
    2853              
    2854              
    2855              $C$DW$TU$42     .dwtag  DW_TAG_type_unit
    2856                      .dwmtype  $C$DW$T$42
    2857              $C$DW$159       .dwtag  DW_TAG_TI_far_type
    2858                      .dwattr $C$DW$159, DW_AT_type(*$C$DW$T$16)
    2859              
    2860              $C$DW$T$42      .dwtag  DW_TAG_const_type
    2861                      .dwattr $C$DW$T$42, DW_AT_type(*$C$DW$159)
    2862              
    2863                      .dwendtag $C$DW$TU$42
    2864              
    2865              
    2866              $C$DW$TU$17     .dwtag  DW_TAG_type_unit
    2867                      .dwmtype  $C$DW$T$17
    2868              $C$DW$T$17      .dwtag  DW_TAG_base_type
    2869                      .dwattr $C$DW$T$17, DW_AT_encoding(DW_ATE_float)
    2870                      .dwattr $C$DW$T$17, DW_AT_name("double")
    2871                      .dwattr $C$DW$T$17, DW_AT_byte_size(0x04)
    2872              
    2873                      .dwendtag $C$DW$TU$17
    2874              
    2875              
    2876              $C$DW$TU$43     .dwtag  DW_TAG_type_unit
    2877                      .dwmtype  $C$DW$T$43
    2878              $C$DW$T$43      .dwtag  DW_TAG_pointer_type
    2879                      .dwattr $C$DW$T$43, DW_AT_type(*$C$DW$T$17)
    2880                      .dwattr $C$DW$T$43, DW_AT_address_class(0x20)
    2881              
    2882                      .dwendtag $C$DW$TU$43
    2883              
    2884              
    2885              $C$DW$TU$44     .dwtag  DW_TAG_type_unit
    2886                      .dwmtype  $C$DW$T$44
    2887              $C$DW$160       .dwtag  DW_TAG_TI_far_type
    2888                      .dwattr $C$DW$160, DW_AT_type(*$C$DW$T$43)
    2889              
    2890              $C$DW$T$44      .dwtag  DW_TAG_const_type
    2891                      .dwattr $C$DW$T$44, DW_AT_type(*$C$DW$160)
    2892              
    2893                      .dwendtag $C$DW$TU$44
    2894              
    2895              
TMS320C2000 Assembler PC v22.6.0 Mon Apr 21 09:03:30 2025

Copyright (c) 1996-2018 Texas Instruments Incorporated
hal_comp_TMS320F280049C.asm                                          PAGE   57

    2896              $C$DW$TU$18     .dwtag  DW_TAG_type_unit
    2897                      .dwmtype  $C$DW$T$18
    2898              $C$DW$T$18      .dwtag  DW_TAG_base_type
    2899                      .dwattr $C$DW$T$18, DW_AT_encoding(DW_ATE_float)
    2900                      .dwattr $C$DW$T$18, DW_AT_name("long double")
    2901                      .dwattr $C$DW$T$18, DW_AT_byte_size(0x04)
    2902              
    2903                      .dwendtag $C$DW$TU$18
    2904              
    2905              
    2906              $C$DW$TU$45     .dwtag  DW_TAG_type_unit
    2907                      .dwmtype  $C$DW$T$45
    2908              $C$DW$T$45      .dwtag  DW_TAG_pointer_type
    2909                      .dwattr $C$DW$T$45, DW_AT_type(*$C$DW$T$18)
    2910                      .dwattr $C$DW$T$45, DW_AT_address_class(0x20)
    2911              
    2912                      .dwendtag $C$DW$TU$45
    2913              
    2914              
    2915              $C$DW$TU$46     .dwtag  DW_TAG_type_unit
    2916                      .dwmtype  $C$DW$T$46
    2917              $C$DW$161       .dwtag  DW_TAG_TI_far_type
    2918                      .dwattr $C$DW$161, DW_AT_type(*$C$DW$T$45)
    2919              
    2920              $C$DW$T$46      .dwtag  DW_TAG_const_type
    2921                      .dwattr $C$DW$T$46, DW_AT_type(*$C$DW$161)
    2922              
    2923                      .dwendtag $C$DW$TU$46
    2924              

No Assembly Errors, No Assembly Warnings
