TMS320C2000 Assembler PC v22.6.2 Tue Nov 18 13:15:21 2025

Copyright (c) 1996-2018 Texas Instruments Incorporated
hal_system_TMS320F280049C.asm                                        PAGE    1

       1              ;***************************************************************
       2              ;* TMS320C2000 G3 C/C++ Codegen                               PC v22.6.2.LTS *
       3              ;* Date/Time created: Tue Nov 18 13:15:21 2025                 *
       4              ;***************************************************************
       5                      .compiler_opts --abi=eabi --cla_support=cla2 --diag_wrap=off --float_support=fpu32 --hll_source=on --
       6                      .asg    XAR2, FP
       7              
       8              $C$DW$CU        .dwtag  DW_TAG_compile_unit
       9                      .dwattr $C$DW$CU, DW_AT_name("../hal/hal_system_TMS320F280049C.c")
      10                      .dwattr $C$DW$CU, DW_AT_producer("TI TMS320C2000 G3 C/C++ Codegen PC v22.6.2.LTS Copyright (c) 1996-2
      11                      .dwattr $C$DW$CU, DW_AT_TI_version(0x01)
      12                      .dwattr $C$DW$CU, DW_AT_comp_dir("C:\SIMPLIS simulation\ANPC Final Version\anpc-3layer\TMS320F280049C
      13              
      14              $C$DW$1 .dwtag  DW_TAG_subprogram
      15                      .dwattr $C$DW$1, DW_AT_name("Device_init")
      16                      .dwattr $C$DW$1, DW_AT_linkage_name("Device_init")
      17                      .dwattr $C$DW$1, DW_AT_declaration
      18                      .dwattr $C$DW$1, DW_AT_external
      19                      .dwattr $C$DW$1, DW_AT_decl_file("C:/SIMPLIS simulation/ANPC Final Version/anpc-3layer/TMS320F280049C
      20                      .dwattr $C$DW$1, DW_AT_decl_line(0x17a)
      21                      .dwattr $C$DW$1, DW_AT_decl_column(0x0d)
      22                      .dwendtag $C$DW$1
      23              
      24              
      25              $C$DW$2 .dwtag  DW_TAG_subprogram
      26                      .dwattr $C$DW$2, DW_AT_name("Device_initGPIO")
      27                      .dwattr $C$DW$2, DW_AT_linkage_name("Device_initGPIO")
      28                      .dwattr $C$DW$2, DW_AT_declaration
      29                      .dwattr $C$DW$2, DW_AT_external
      30                      .dwattr $C$DW$2, DW_AT_decl_file("C:/SIMPLIS simulation/ANPC Final Version/anpc-3layer/TMS320F280049C
      31                      .dwattr $C$DW$2, DW_AT_decl_line(0x191)
      32                      .dwattr $C$DW$2, DW_AT_decl_column(0x0d)
      33                      .dwendtag $C$DW$2
      34              
      35              
      36              $C$DW$3 .dwtag  DW_TAG_subprogram
      37                      .dwattr $C$DW$3, DW_AT_name("Interrupt_initModule")
      38                      .dwattr $C$DW$3, DW_AT_linkage_name("Interrupt_initModule")
      39                      .dwattr $C$DW$3, DW_AT_declaration
      40                      .dwattr $C$DW$3, DW_AT_external
      41                      .dwattr $C$DW$3, DW_AT_decl_file("C:\SIMPLIS simulation\ANPC Final Version\anpc-3layer\TMS320F280049C
      42                      .dwattr $C$DW$3, DW_AT_decl_line(0x1a9)
      43                      .dwattr $C$DW$3, DW_AT_decl_column(0x01)
      44                      .dwendtag $C$DW$3
      45              
      46              
      47              $C$DW$4 .dwtag  DW_TAG_subprogram
      48                      .dwattr $C$DW$4, DW_AT_name("Interrupt_initVectorTable")
      49                      .dwattr $C$DW$4, DW_AT_linkage_name("Interrupt_initVectorTable")
      50                      .dwattr $C$DW$4, DW_AT_declaration
      51                      .dwattr $C$DW$4, DW_AT_external
      52                      .dwattr $C$DW$4, DW_AT_decl_file("C:\SIMPLIS simulation\ANPC Final Version\anpc-3layer\TMS320F280049C
      53                      .dwattr $C$DW$4, DW_AT_decl_line(0x1b4)
      54                      .dwattr $C$DW$4, DW_AT_decl_column(0x01)
      55                      .dwendtag $C$DW$4
TMS320C2000 Assembler PC v22.6.2 Tue Nov 18 13:15:21 2025

Copyright (c) 1996-2018 Texas Instruments Incorporated
hal_system_TMS320F280049C.asm                                        PAGE    2

      56              
      57              ;       C:\ti\ccs2030\ccs\tools\compiler\ti-cgt-c2000_22.6.2.LTS\bin\opt2000.exe C:\\Users\\justs\\AppData\\L
      58              ;       C:\ti\ccs2030\ccs\tools\compiler\ti-cgt-c2000_22.6.2.LTS\bin\acia2000.exe -@C:\\Users\\justs\\AppData
      59 00000000               .sect   ".text"
      60                      .clink
      61                      .global ||system_hal_SetupDevice||
      62              
      63              $C$DW$5 .dwtag  DW_TAG_subprogram
      64                      .dwattr $C$DW$5, DW_AT_name("system_hal_SetupDevice")
      65                      .dwattr $C$DW$5, DW_AT_low_pc(||system_hal_SetupDevice||)
      66                      .dwattr $C$DW$5, DW_AT_high_pc(0x00)
      67                      .dwattr $C$DW$5, DW_AT_linkage_name("system_hal_SetupDevice")
      68                      .dwattr $C$DW$5, DW_AT_external
      69                      .dwattr $C$DW$5, DW_AT_decl_file("../hal/hal_system_TMS320F280049C.c")
      70                      .dwattr $C$DW$5, DW_AT_decl_line(0x18)
      71                      .dwattr $C$DW$5, DW_AT_decl_column(0x06)
      72                      .dwattr $C$DW$5, DW_AT_TI_max_frame_size(-2)
      73                      .dwpsn  file "../hal/hal_system_TMS320F280049C.c",line 25,column 1,is_stmt,address ||system_hal_Setup
      74              
      75                      .dwfde $C$DW$CIE, ||system_hal_SetupDevice||
      76              
      77              ;***************************************************************
      78              ;* FNAME: system_hal_SetupDevice        FR SIZE:   0           *
      79              ;*                                                             *
      80              ;* FUNCTION ENVIRONMENT                                        *
      81              ;*                                                             *
      82              ;* FUNCTION PROPERTIES                                         *
      83              ;*                            0 Parameter,  0 Auto,  0 SOE     *
      84              ;***************************************************************
      85              
      86 00000000       ||system_hal_SetupDevice||:
      87                      .dwcfi  cfa_offset, -2
      88                      .dwcfi  save_reg_to_mem, 26, 0
      89                      .dwpsn  file "../hal/hal_system_TMS320F280049C.c",line 29,column 5,is_stmt,isa 0
      90              $C$DW$6 .dwtag  DW_TAG_TI_branch
      91                      .dwattr $C$DW$6, DW_AT_low_pc(0x00)
      92                      .dwattr $C$DW$6, DW_AT_name("Device_init")
      93                      .dwattr $C$DW$6, DW_AT_TI_call
      94              
      95 00000000 7640!         LCR       #||Device_init||      ; [CPU_ALU] |29| 
         00000001 0000 
      96                      ; call occurs [#||Device_init||] ; [] |29| 
      97                      .dwpsn  file "../hal/hal_system_TMS320F280049C.c",line 34,column 5,is_stmt,isa 0
      98              $C$DW$7 .dwtag  DW_TAG_TI_branch
      99                      .dwattr $C$DW$7, DW_AT_low_pc(0x00)
     100                      .dwattr $C$DW$7, DW_AT_name("Device_initGPIO")
     101                      .dwattr $C$DW$7, DW_AT_TI_call
     102              
     103 00000002 7640!         LCR       #||Device_initGPIO||  ; [CPU_ALU] |34| 
         00000003 0000 
     104                      ; call occurs [#||Device_initGPIO||] ; [] |34| 
     105                      .dwpsn  file "../hal/hal_system_TMS320F280049C.c",line 39,column 5,is_stmt,isa 0
     106              $C$DW$8 .dwtag  DW_TAG_TI_branch
     107                      .dwattr $C$DW$8, DW_AT_low_pc(0x00)
     108                      .dwattr $C$DW$8, DW_AT_name("Interrupt_initModule")
TMS320C2000 Assembler PC v22.6.2 Tue Nov 18 13:15:21 2025

Copyright (c) 1996-2018 Texas Instruments Incorporated
hal_system_TMS320F280049C.asm                                        PAGE    3

     109                      .dwattr $C$DW$8, DW_AT_TI_call
     110              
     111 00000004 7640!         LCR       #||Interrupt_initModule|| ; [CPU_ALU] |39| 
         00000005 0000 
     112                      ; call occurs [#||Interrupt_initModule||] ; [] |39| 
     113                      .dwpsn  file "../hal/hal_system_TMS320F280049C.c",line 45,column 5,is_stmt,isa 0
     114              $C$DW$9 .dwtag  DW_TAG_TI_branch
     115                      .dwattr $C$DW$9, DW_AT_low_pc(0x00)
     116                      .dwattr $C$DW$9, DW_AT_name("Interrupt_initVectorTable")
     117                      .dwattr $C$DW$9, DW_AT_TI_call
     118              
     119 00000006 7640!         LCR       #||Interrupt_initVectorTable|| ; [CPU_ALU] |45| 
         00000007 0000 
     120                      ; call occurs [#||Interrupt_initVectorTable||] ; [] |45| 
     121              $C$DW$10        .dwtag  DW_TAG_TI_branch
     122                      .dwattr $C$DW$10, DW_AT_low_pc(0x00)
     123                      .dwattr $C$DW$10, DW_AT_TI_return
     124              
     125 00000008 0006          LRETR     ; [CPU_ALU] 
     126                      ; return occurs ; [] 
     127                      .dwattr $C$DW$5, DW_AT_TI_end_file("../hal/hal_system_TMS320F280049C.c")
     128                      .dwattr $C$DW$5, DW_AT_TI_end_line(0x2e)
     129                      .dwattr $C$DW$5, DW_AT_TI_end_column(0x01)
     130                      .dwendentry
     131                      .dwendtag $C$DW$5
     132              
     133 00000000               .sect   ".text:__signbitl"
     134                      .clink
     135                      .global ||__signbitl||
     136              
     137              $C$DW$11        .dwtag  DW_TAG_subprogram
     138                      .dwattr $C$DW$11, DW_AT_name("__signbitl")
     139                      .dwattr $C$DW$11, DW_AT_low_pc(||__signbitl||)
     140                      .dwattr $C$DW$11, DW_AT_high_pc(0x00)
     141                      .dwattr $C$DW$11, DW_AT_linkage_name("__signbitl")
     142                      .dwattr $C$DW$11, DW_AT_external
     143                      .dwattr $C$DW$11, DW_AT_type(*$C$DW$T$10)
     144                      .dwattr $C$DW$11, DW_AT_decl_file("C:/ti/ccs2030/ccs/tools/compiler/ti-cgt-c2000_22.6.2.LTS/include/_
     145                      .dwattr $C$DW$11, DW_AT_decl_line(0x16f)
     146                      .dwattr $C$DW$11, DW_AT_decl_column(0x18)
     147                      .dwattr $C$DW$11, DW_AT_TI_max_frame_size(-6)
     148                      .dwpsn  file "C:/ti/ccs2030/ccs/tools/compiler/ti-cgt-c2000_22.6.2.LTS/include/_defs.h",line 368,colu
     149              
     150                      .dwfde $C$DW$CIE, ||__signbitl||
     151              $C$DW$12        .dwtag  DW_TAG_formal_parameter
     152                      .dwattr $C$DW$12, DW_AT_name("e")
     153                      .dwattr $C$DW$12, DW_AT_type(*$C$DW$T$29)
     154                      .dwattr $C$DW$12, DW_AT_location[DW_OP_reg12]
     155              
     156              
     157              ;***************************************************************
     158              ;* FNAME: __signbitl                    FR SIZE:   4           *
     159              ;*                                                             *
     160              ;* FUNCTION ENVIRONMENT                                        *
     161              ;*                                                             *
TMS320C2000 Assembler PC v22.6.2 Tue Nov 18 13:15:21 2025

Copyright (c) 1996-2018 Texas Instruments Incorporated
hal_system_TMS320F280049C.asm                                        PAGE    4

     162              ;* FUNCTION PROPERTIES                                         *
     163              ;*                            4 Parameter,  0 Auto,  0 SOE     *
     164              ;***************************************************************
     165              
     166              ||__signbitl||:
     167              ;* AR4   assigned to e
     168              $C$DW$13        .dwtag  DW_TAG_variable
     169                      .dwattr $C$DW$13, DW_AT_name("e")
     170                      .dwattr $C$DW$13, DW_AT_type(*$C$DW$T$30)
     171                      .dwattr $C$DW$13, DW_AT_location[DW_OP_reg12]
     172              
     173                      .dwcfi  cfa_offset, -2
     174                      .dwcfi  save_reg_to_mem, 26, 0
     175 00000000 FE04          ADDB      SP,#4                 ; [CPU_ARAU] 
     176                      .dwcfi  cfa_offset, -6
     177                      .dwpsn  file "C:/ti/ccs2030/ccs/tools/compiler/ti-cgt-c2000_22.6.2.LTS/include/_defs.h",line 368,colu
     178 00000001 0200          MOVB      ACC,#0                ; [CPU_ALU] |368| 
     179 00000002 1E44          MOVL      *-SP[4],ACC           ; [CPU_ALU] |368| 
     180 00000003 2B42          MOV       *-SP[2],#0            ; [CPU_ALU] |368| 
     181 00000004 2B41          MOV       *-SP[1],#0            ; [CPU_ALU] |368| 
     182 00000005 A3C4          MOVL      P,*+XAR4[0]           ; [CPU_ALU] |368| 
     183 00000006 06D4          MOVL      ACC,*+XAR4[2]         ; [CPU_ALU] |368| 
     184 00000007 18AB          AND       PL,#0                 ; [CPU_ALU] |368| 
         00000008 0000 
     185 00000009 18AA          AND       PH,#0                 ; [CPU_ALU] |368| 
         0000000a 0000 
     186 0000000b 9000          ANDB      AL,#0                 ; [CPU_ALU] |368| 
     187 0000000c 18A8          AND       AH,#32768             ; [CPU_ALU] |368| 
         0000000d 8000 
     188              $C$DW$14        .dwtag  DW_TAG_TI_branch
     189                      .dwattr $C$DW$14, DW_AT_low_pc(0x00)
     190                      .dwattr $C$DW$14, DW_AT_name("__c28xabi_cmpull")
     191                      .dwattr $C$DW$14, DW_AT_TI_call
     192              
     193 0000000e 7640!         LCR       #||__c28xabi_cmpull|| ; [CPU_ALU] |368| 
         0000000f 0000 
     194                      ; call occurs [#||__c28xabi_cmpull||] ; [] |368| 
     195 00000010 9B00          MOVB      AH,#0                 ; [CPU_ALU] |368| 
     196 00000011 5200          CMPB      AL,#0                 ; [CPU_ALU] |368| 
     197 00000012 56B0          MOVB      AH,#1,NEQ             ; [CPU_ALU] |368| 
         00000013 01A8 
     198 00000014 92A8          MOV       AL,AH                 ; [CPU_ALU] |368| 
     199 00000015 FE84          SUBB      SP,#4                 ; [CPU_ARAU] 
     200                      .dwcfi  cfa_offset, -2
     201              $C$DW$15        .dwtag  DW_TAG_TI_branch
     202                      .dwattr $C$DW$15, DW_AT_low_pc(0x00)
     203                      .dwattr $C$DW$15, DW_AT_TI_return
     204              
     205 00000016 0006          LRETR     ; [CPU_ALU] 
     206                      ; return occurs ; [] 
     207                      .dwattr $C$DW$11, DW_AT_TI_end_file("C:/ti/ccs2030/ccs/tools/compiler/ti-cgt-c2000_22.6.2.LTS/include
     208                      .dwattr $C$DW$11, DW_AT_TI_end_line(0x170)
     209                      .dwattr $C$DW$11, DW_AT_TI_end_column(0x2b)
     210                      .dwendentry
     211                      .dwendtag $C$DW$11
TMS320C2000 Assembler PC v22.6.2 Tue Nov 18 13:15:21 2025

Copyright (c) 1996-2018 Texas Instruments Incorporated
hal_system_TMS320F280049C.asm                                        PAGE    5

     212              
     213 00000000               .sect   ".text:__signbitf"
     214                      .clink
     215                      .global ||__signbitf||
     216              
     217              $C$DW$16        .dwtag  DW_TAG_subprogram
     218                      .dwattr $C$DW$16, DW_AT_name("__signbitf")
     219                      .dwattr $C$DW$16, DW_AT_low_pc(||__signbitf||)
     220                      .dwattr $C$DW$16, DW_AT_high_pc(0x00)
     221                      .dwattr $C$DW$16, DW_AT_linkage_name("__signbitf")
     222                      .dwattr $C$DW$16, DW_AT_external
     223                      .dwattr $C$DW$16, DW_AT_type(*$C$DW$T$10)
     224                      .dwattr $C$DW$16, DW_AT_decl_file("C:/ti/ccs2030/ccs/tools/compiler/ti-cgt-c2000_22.6.2.LTS/include/_
     225                      .dwattr $C$DW$16, DW_AT_decl_line(0x16d)
     226                      .dwattr $C$DW$16, DW_AT_decl_column(0x18)
     227                      .dwattr $C$DW$16, DW_AT_TI_max_frame_size(-2)
     228                      .dwpsn  file "C:/ti/ccs2030/ccs/tools/compiler/ti-cgt-c2000_22.6.2.LTS/include/_defs.h",line 366,colu
     229              
     230                      .dwfde $C$DW$CIE, ||__signbitf||
     231              $C$DW$17        .dwtag  DW_TAG_formal_parameter
     232                      .dwattr $C$DW$17, DW_AT_name("f")
     233                      .dwattr $C$DW$17, DW_AT_type(*$C$DW$T$16)
     234                      .dwattr $C$DW$17, DW_AT_location[DW_OP_regx 0x2b]
     235              
     236              
     237              ;***************************************************************
     238              ;* FNAME: __signbitf                    FR SIZE:   0           *
     239              ;*                                                             *
     240              ;* FUNCTION ENVIRONMENT                                        *
     241              ;*                                                             *
     242              ;* FUNCTION PROPERTIES                                         *
     243              ;*                            0 Parameter,  0 Auto,  0 SOE     *
     244              ;***************************************************************
     245              
     246              ||__signbitf||:
     247              ;* R0    assigned to f
     248              $C$DW$18        .dwtag  DW_TAG_variable
     249                      .dwattr $C$DW$18, DW_AT_name("f")
     250                      .dwattr $C$DW$18, DW_AT_type(*$C$DW$T$26)
     251                      .dwattr $C$DW$18, DW_AT_location[DW_OP_regx 0x2b]
     252              
     253                      .dwcfi  cfa_offset, -2
     254                      .dwcfi  save_reg_to_mem, 26, 0
     255                      .dwpsn  file "C:/ti/ccs2030/ccs/tools/compiler/ti-cgt-c2000_22.6.2.LTS/include/_defs.h",line 366,colu
     256 00000000 BFA9          MOV32     ACC,R0H               ; [CPU_FPU] |366| 
         00000001 0F12 
     257 00000002 BE00          MOVB      XAR6,#0               ; [CPU_ALU] |366| 
     258 00000003 9000          ANDB      AL,#0                 ; [CPU_ALU] |366| 
     259 00000004 18A8          AND       AH,#32768             ; [CPU_ALU] |366| 
         00000005 8000 
     260 00000006 FF58          TEST      ACC                   ; [CPU_ALU] |366| 
     261 00000007 56B0          MOVB      XAR6,#1,NEQ           ; [CPU_ALU] |366| 
         00000008 01A6 
     262 00000009 92A6          MOV       AL,AR6                ; [CPU_ALU] |366| 
     263              $C$DW$19        .dwtag  DW_TAG_TI_branch
TMS320C2000 Assembler PC v22.6.2 Tue Nov 18 13:15:21 2025

Copyright (c) 1996-2018 Texas Instruments Incorporated
hal_system_TMS320F280049C.asm                                        PAGE    6

     264                      .dwattr $C$DW$19, DW_AT_low_pc(0x00)
     265                      .dwattr $C$DW$19, DW_AT_TI_return
     266              
     267 0000000a 0006          LRETR     ; [CPU_ALU] 
     268                      ; return occurs ; [] 
     269                      .dwattr $C$DW$16, DW_AT_TI_end_file("C:/ti/ccs2030/ccs/tools/compiler/ti-cgt-c2000_22.6.2.LTS/include
     270                      .dwattr $C$DW$16, DW_AT_TI_end_line(0x16e)
     271                      .dwattr $C$DW$16, DW_AT_TI_end_column(0x29)
     272                      .dwendentry
     273                      .dwendtag $C$DW$16
     274              
     275 00000000               .sect   ".text:__signbit"
     276                      .clink
     277                      .global ||__signbit||
     278              
     279              $C$DW$20        .dwtag  DW_TAG_subprogram
     280                      .dwattr $C$DW$20, DW_AT_name("__signbit")
     281                      .dwattr $C$DW$20, DW_AT_low_pc(||__signbit||)
     282                      .dwattr $C$DW$20, DW_AT_high_pc(0x00)
     283                      .dwattr $C$DW$20, DW_AT_linkage_name("__signbit")
     284                      .dwattr $C$DW$20, DW_AT_external
     285                      .dwattr $C$DW$20, DW_AT_type(*$C$DW$T$10)
     286                      .dwattr $C$DW$20, DW_AT_decl_file("C:/ti/ccs2030/ccs/tools/compiler/ti-cgt-c2000_22.6.2.LTS/include/_
     287                      .dwattr $C$DW$20, DW_AT_decl_line(0x16b)
     288                      .dwattr $C$DW$20, DW_AT_decl_column(0x18)
     289                      .dwattr $C$DW$20, DW_AT_TI_max_frame_size(-6)
     290                      .dwpsn  file "C:/ti/ccs2030/ccs/tools/compiler/ti-cgt-c2000_22.6.2.LTS/include/_defs.h",line 364,colu
     291              
     292                      .dwfde $C$DW$CIE, ||__signbit||
     293              $C$DW$21        .dwtag  DW_TAG_formal_parameter
     294                      .dwattr $C$DW$21, DW_AT_name("d")
     295                      .dwattr $C$DW$21, DW_AT_type(*$C$DW$T$27)
     296                      .dwattr $C$DW$21, DW_AT_location[DW_OP_reg12]
     297              
     298              
     299              ;***************************************************************
     300              ;* FNAME: __signbit                     FR SIZE:   4           *
     301              ;*                                                             *
     302              ;* FUNCTION ENVIRONMENT                                        *
     303              ;*                                                             *
     304              ;* FUNCTION PROPERTIES                                         *
     305              ;*                            4 Parameter,  0 Auto,  0 SOE     *
     306              ;***************************************************************
     307              
     308              ||__signbit||:
     309              ;* AR4   assigned to d
     310              $C$DW$22        .dwtag  DW_TAG_variable
     311                      .dwattr $C$DW$22, DW_AT_name("d")
     312                      .dwattr $C$DW$22, DW_AT_type(*$C$DW$T$28)
     313                      .dwattr $C$DW$22, DW_AT_location[DW_OP_reg12]
     314              
     315                      .dwcfi  cfa_offset, -2
     316                      .dwcfi  save_reg_to_mem, 26, 0
     317 00000000 FE04          ADDB      SP,#4                 ; [CPU_ARAU] 
     318                      .dwcfi  cfa_offset, -6
TMS320C2000 Assembler PC v22.6.2 Tue Nov 18 13:15:21 2025

Copyright (c) 1996-2018 Texas Instruments Incorporated
hal_system_TMS320F280049C.asm                                        PAGE    7

     319                      .dwpsn  file "C:/ti/ccs2030/ccs/tools/compiler/ti-cgt-c2000_22.6.2.LTS/include/_defs.h",line 364,colu
     320 00000001 0200          MOVB      ACC,#0                ; [CPU_ALU] |364| 
     321 00000002 1E44          MOVL      *-SP[4],ACC           ; [CPU_ALU] |364| 
     322 00000003 2B42          MOV       *-SP[2],#0            ; [CPU_ALU] |364| 
     323 00000004 2B41          MOV       *-SP[1],#0            ; [CPU_ALU] |364| 
     324 00000005 A3C4          MOVL      P,*+XAR4[0]           ; [CPU_ALU] |364| 
     325 00000006 06D4          MOVL      ACC,*+XAR4[2]         ; [CPU_ALU] |364| 
     326 00000007 18AB          AND       PL,#0                 ; [CPU_ALU] |364| 
         00000008 0000 
     327 00000009 18AA          AND       PH,#0                 ; [CPU_ALU] |364| 
         0000000a 0000 
     328 0000000b 9000          ANDB      AL,#0                 ; [CPU_ALU] |364| 
     329 0000000c 18A8          AND       AH,#32768             ; [CPU_ALU] |364| 
         0000000d 8000 
     330              $C$DW$23        .dwtag  DW_TAG_TI_branch
     331                      .dwattr $C$DW$23, DW_AT_low_pc(0x00)
     332                      .dwattr $C$DW$23, DW_AT_name("__c28xabi_cmpull")
     333                      .dwattr $C$DW$23, DW_AT_TI_call
     334              
     335 0000000e 7640!         LCR       #||__c28xabi_cmpull|| ; [CPU_ALU] |364| 
         0000000f 0000 
     336                      ; call occurs [#||__c28xabi_cmpull||] ; [] |364| 
     337 00000010 9B00          MOVB      AH,#0                 ; [CPU_ALU] |364| 
     338 00000011 5200          CMPB      AL,#0                 ; [CPU_ALU] |364| 
     339 00000012 56B0          MOVB      AH,#1,NEQ             ; [CPU_ALU] |364| 
         00000013 01A8 
     340 00000014 92A8          MOV       AL,AH                 ; [CPU_ALU] |364| 
     341 00000015 FE84          SUBB      SP,#4                 ; [CPU_ARAU] 
     342                      .dwcfi  cfa_offset, -2
     343              $C$DW$24        .dwtag  DW_TAG_TI_branch
     344                      .dwattr $C$DW$24, DW_AT_low_pc(0x00)
     345                      .dwattr $C$DW$24, DW_AT_TI_return
     346              
     347 00000016 0006          LRETR     ; [CPU_ALU] 
     348                      ; return occurs ; [] 
     349                      .dwattr $C$DW$20, DW_AT_TI_end_file("C:/ti/ccs2030/ccs/tools/compiler/ti-cgt-c2000_22.6.2.LTS/include
     350                      .dwattr $C$DW$20, DW_AT_TI_end_line(0x16c)
     351                      .dwattr $C$DW$20, DW_AT_TI_end_column(0x2a)
     352                      .dwendentry
     353                      .dwendtag $C$DW$20
     354              
     355 00000000               .sect   ".text:__relaxed_sqrtf"
     356                      .clink
     357                      .global ||__relaxed_sqrtf||
     358              
     359              $C$DW$25        .dwtag  DW_TAG_subprogram
     360                      .dwattr $C$DW$25, DW_AT_name("__relaxed_sqrtf")
     361                      .dwattr $C$DW$25, DW_AT_low_pc(||__relaxed_sqrtf||)
     362                      .dwattr $C$DW$25, DW_AT_high_pc(0x00)
     363                      .dwattr $C$DW$25, DW_AT_linkage_name("__relaxed_sqrtf")
     364                      .dwattr $C$DW$25, DW_AT_external
     365                      .dwattr $C$DW$25, DW_AT_type(*$C$DW$T$16)
     366                      .dwattr $C$DW$25, DW_AT_decl_file("C:/ti/ccs2030/ccs/tools/compiler/ti-cgt-c2000_22.6.2.LTS/include/m
     367                      .dwattr $C$DW$25, DW_AT_decl_line(0x103)
     368                      .dwattr $C$DW$25, DW_AT_decl_column(0x10)
TMS320C2000 Assembler PC v22.6.2 Tue Nov 18 13:15:21 2025

Copyright (c) 1996-2018 Texas Instruments Incorporated
hal_system_TMS320F280049C.asm                                        PAGE    8

     369                      .dwattr $C$DW$25, DW_AT_TI_max_frame_size(-2)
     370                      .dwpsn  file "C:/ti/ccs2030/ccs/tools/compiler/ti-cgt-c2000_22.6.2.LTS/include/math.h",line 260,colum
     371              
     372                      .dwfde $C$DW$CIE, ||__relaxed_sqrtf||
     373              $C$DW$26        .dwtag  DW_TAG_formal_parameter
     374                      .dwattr $C$DW$26, DW_AT_name("x")
     375                      .dwattr $C$DW$26, DW_AT_type(*$C$DW$T$16)
     376                      .dwattr $C$DW$26, DW_AT_location[DW_OP_regx 0x2b]
     377              
     378              
     379              ;***************************************************************
     380              ;* FNAME: __relaxed_sqrtf               FR SIZE:   0           *
     381              ;*                                                             *
     382              ;* FUNCTION ENVIRONMENT                                        *
     383              ;*                                                             *
     384              ;* FUNCTION PROPERTIES                                         *
     385              ;*                            0 Parameter,  0 Auto,  0 SOE     *
     386              ;***************************************************************
     387              
     388              ||__relaxed_sqrtf||:
     389              ;* R0    assigned to x
     390              $C$DW$27        .dwtag  DW_TAG_variable
     391                      .dwattr $C$DW$27, DW_AT_name("x")
     392                      .dwattr $C$DW$27, DW_AT_type(*$C$DW$T$26)
     393                      .dwattr $C$DW$27, DW_AT_location[DW_OP_regx 0x2b]
     394              
     395                      .dwcfi  cfa_offset, -2
     396                      .dwcfi  save_reg_to_mem, 26, 0
     397                      .dwpsn  file "C:/ti/ccs2030/ccs/tools/compiler/ti-cgt-c2000_22.6.2.LTS/include/math.h",line 261,colum
     398 00000000 E277          SQRTF32   R0H,R0H               ; [CPU_FPU] |261| 
         00000001 0000 
     399 00000002 7700          NOP       ; [CPU_ALU] 
     400 00000003 7700          NOP       ; [CPU_ALU] 
     401 00000004 7700          NOP       ; [CPU_ALU] 
     402              $C$DW$28        .dwtag  DW_TAG_TI_branch
     403                      .dwattr $C$DW$28, DW_AT_low_pc(0x00)
     404                      .dwattr $C$DW$28, DW_AT_TI_return
     405              
     406 00000005 0006          LRETR     ; [CPU_ALU] 
     407                      ; return occurs ; [] 
     408                      .dwattr $C$DW$25, DW_AT_TI_end_file("C:/ti/ccs2030/ccs/tools/compiler/ti-cgt-c2000_22.6.2.LTS/include
     409                      .dwattr $C$DW$25, DW_AT_TI_end_line(0x106)
     410                      .dwattr $C$DW$25, DW_AT_TI_end_column(0x01)
     411                      .dwendentry
     412                      .dwendtag $C$DW$25
     413              
     414 00000000               .sect   ".text:__relaxed_sinf"
     415                      .clink
     416                      .global ||__relaxed_sinf||
     417              
     418              $C$DW$29        .dwtag  DW_TAG_subprogram
     419                      .dwattr $C$DW$29, DW_AT_name("__relaxed_sinf")
     420                      .dwattr $C$DW$29, DW_AT_low_pc(||__relaxed_sinf||)
     421                      .dwattr $C$DW$29, DW_AT_high_pc(0x00)
     422                      .dwattr $C$DW$29, DW_AT_linkage_name("__relaxed_sinf")
TMS320C2000 Assembler PC v22.6.2 Tue Nov 18 13:15:21 2025

Copyright (c) 1996-2018 Texas Instruments Incorporated
hal_system_TMS320F280049C.asm                                        PAGE    9

     423                      .dwattr $C$DW$29, DW_AT_external
     424                      .dwattr $C$DW$29, DW_AT_type(*$C$DW$T$16)
     425                      .dwattr $C$DW$29, DW_AT_decl_file("C:/ti/ccs2030/ccs/tools/compiler/ti-cgt-c2000_22.6.2.LTS/include/m
     426                      .dwattr $C$DW$29, DW_AT_decl_line(0x108)
     427                      .dwattr $C$DW$29, DW_AT_decl_column(0x10)
     428                      .dwattr $C$DW$29, DW_AT_TI_max_frame_size(-2)
     429                      .dwpsn  file "C:/ti/ccs2030/ccs/tools/compiler/ti-cgt-c2000_22.6.2.LTS/include/math.h",line 265,colum
     430              
     431                      .dwfde $C$DW$CIE, ||__relaxed_sinf||
     432              $C$DW$30        .dwtag  DW_TAG_formal_parameter
     433                      .dwattr $C$DW$30, DW_AT_name("x")
     434                      .dwattr $C$DW$30, DW_AT_type(*$C$DW$T$16)
     435                      .dwattr $C$DW$30, DW_AT_location[DW_OP_regx 0x2b]
     436              
     437              
     438              ;***************************************************************
     439              ;* FNAME: __relaxed_sinf                FR SIZE:   0           *
     440              ;*                                                             *
     441              ;* FUNCTION ENVIRONMENT                                        *
     442              ;*                                                             *
     443              ;* FUNCTION PROPERTIES                                         *
     444              ;*                            0 Parameter,  0 Auto,  0 SOE     *
     445              ;***************************************************************
     446              
     447              ||__relaxed_sinf||:
     448              ;* R0    assigned to x
     449              $C$DW$31        .dwtag  DW_TAG_variable
     450                      .dwattr $C$DW$31, DW_AT_name("x")
     451                      .dwattr $C$DW$31, DW_AT_type(*$C$DW$T$26)
     452                      .dwattr $C$DW$31, DW_AT_location[DW_OP_regx 0x2b]
     453              
     454                      .dwcfi  cfa_offset, -2
     455                      .dwcfi  save_reg_to_mem, 26, 0
     456                      .dwpsn  file "C:/ti/ccs2030/ccs/tools/compiler/ti-cgt-c2000_22.6.2.LTS/include/math.h",line 266,colum
     457 00000000 E271          DIV2PIF32 R0H,R0H               ; [CPU_FPU] |266| 
         00000001 0000 
     458 00000002 7700          NOP       ; [CPU_ALU] 
     459 00000003 E278          SINPUF32  R0H,R0H               ; [CPU_FPU] |266| 
         00000004 0000 
     460 00000005 7700          NOP       ; [CPU_ALU] 
     461 00000006 7700          NOP       ; [CPU_ALU] 
     462              $C$DW$32        .dwtag  DW_TAG_TI_branch
     463                      .dwattr $C$DW$32, DW_AT_low_pc(0x00)
     464                      .dwattr $C$DW$32, DW_AT_TI_return
     465              
     466 00000007 0006          LRETR     ; [CPU_ALU] 
     467                      ; return occurs ; [] 
     468                      .dwattr $C$DW$29, DW_AT_TI_end_file("C:/ti/ccs2030/ccs/tools/compiler/ti-cgt-c2000_22.6.2.LTS/include
     469                      .dwattr $C$DW$29, DW_AT_TI_end_line(0x10b)
     470                      .dwattr $C$DW$29, DW_AT_TI_end_column(0x01)
     471                      .dwendentry
     472                      .dwendtag $C$DW$29
     473              
     474 00000000               .sect   ".text:__relaxed_fmodf"
     475                      .clink
TMS320C2000 Assembler PC v22.6.2 Tue Nov 18 13:15:21 2025

Copyright (c) 1996-2018 Texas Instruments Incorporated
hal_system_TMS320F280049C.asm                                        PAGE   10

     476                      .global ||__relaxed_fmodf||
     477              
     478              $C$DW$33        .dwtag  DW_TAG_subprogram
     479                      .dwattr $C$DW$33, DW_AT_name("__relaxed_fmodf")
     480                      .dwattr $C$DW$33, DW_AT_low_pc(||__relaxed_fmodf||)
     481                      .dwattr $C$DW$33, DW_AT_high_pc(0x00)
     482                      .dwattr $C$DW$33, DW_AT_linkage_name("__relaxed_fmodf")
     483                      .dwattr $C$DW$33, DW_AT_external
     484                      .dwattr $C$DW$33, DW_AT_type(*$C$DW$T$16)
     485                      .dwattr $C$DW$33, DW_AT_decl_file("C:/ti/ccs2030/ccs/tools/compiler/ti-cgt-c2000_22.6.2.LTS/include/m
     486                      .dwattr $C$DW$33, DW_AT_decl_line(0x11c)
     487                      .dwattr $C$DW$33, DW_AT_decl_column(0x10)
     488                      .dwattr $C$DW$33, DW_AT_TI_max_frame_size(-2)
     489                      .dwpsn  file "C:/ti/ccs2030/ccs/tools/compiler/ti-cgt-c2000_22.6.2.LTS/include/math.h",line 285,colum
     490              
     491                      .dwfde $C$DW$CIE, ||__relaxed_fmodf||
     492              $C$DW$34        .dwtag  DW_TAG_formal_parameter
     493                      .dwattr $C$DW$34, DW_AT_name("y")
     494                      .dwattr $C$DW$34, DW_AT_type(*$C$DW$T$16)
     495                      .dwattr $C$DW$34, DW_AT_location[DW_OP_regx 0x2b]
     496              
     497              $C$DW$35        .dwtag  DW_TAG_formal_parameter
     498                      .dwattr $C$DW$35, DW_AT_name("x")
     499                      .dwattr $C$DW$35, DW_AT_type(*$C$DW$T$16)
     500                      .dwattr $C$DW$35, DW_AT_location[DW_OP_regx 0x2f]
     501              
     502              
     503              ;***************************************************************
     504              ;* FNAME: __relaxed_fmodf               FR SIZE:   0           *
     505              ;*                                                             *
     506              ;* FUNCTION ENVIRONMENT                                        *
     507              ;*                                                             *
     508              ;* FUNCTION PROPERTIES                                         *
     509              ;*                            0 Parameter,  0 Auto,  0 SOE     *
     510              ;***************************************************************
     511              
     512              ||__relaxed_fmodf||:
     513              ;* R0    assigned to y
     514              $C$DW$36        .dwtag  DW_TAG_variable
     515                      .dwattr $C$DW$36, DW_AT_name("y")
     516                      .dwattr $C$DW$36, DW_AT_type(*$C$DW$T$26)
     517                      .dwattr $C$DW$36, DW_AT_location[DW_OP_regx 0x2b]
     518              
     519              ;* R1    assigned to x
     520              $C$DW$37        .dwtag  DW_TAG_variable
     521                      .dwattr $C$DW$37, DW_AT_name("x")
     522                      .dwattr $C$DW$37, DW_AT_type(*$C$DW$T$26)
     523                      .dwattr $C$DW$37, DW_AT_location[DW_OP_regx 0x2f]
     524              
     525                      .dwcfi  cfa_offset, -2
     526                      .dwcfi  save_reg_to_mem, 26, 0
     527                      .dwpsn  file "C:/ti/ccs2030/ccs/tools/compiler/ti-cgt-c2000_22.6.2.LTS/include/math.h",line 286,colum
     528 00000000 E274          DIVF32    R2H,R0H,R1H           ; [CPU_FPU] |286| 
         00000001 0042 
     529 00000002 7700          NOP       ; [CPU_ALU] 
TMS320C2000 Assembler PC v22.6.2 Tue Nov 18 13:15:21 2025

Copyright (c) 1996-2018 Texas Instruments Incorporated
hal_system_TMS320F280049C.asm                                        PAGE   11

     530 00000003 7700          NOP       ; [CPU_ALU] 
     531 00000004 7700          NOP       ; [CPU_ALU] 
     532 00000005 7700          NOP       ; [CPU_ALU] 
     533 00000006 E688          F32TOI32  R2H,R2H               ; [CPU_FPU] |286| 
         00000007 0012 
     534 00000008 7700          NOP       ; [CPU_ALU] 
     535 00000009 E689          I32TOF32  R2H,R2H               ; [CPU_FPU] |286| 
         0000000a 0012 
     536 0000000b 7700          NOP       ; [CPU_ALU] 
     537 0000000c E700          MPYF32    R1H,R1H,R2H           ; [CPU_FPU] |286| 
         0000000d 0089 
     538 0000000e 7700          NOP       ; [CPU_ALU] 
     539 0000000f E720          SUBF32    R0H,R0H,R1H           ; [CPU_FPU] |286| 
         00000010 0040 
     540              $C$DW$38        .dwtag  DW_TAG_TI_branch
     541                      .dwattr $C$DW$38, DW_AT_low_pc(0x00)
     542                      .dwattr $C$DW$38, DW_AT_TI_return
     543              
     544 00000011 0006          LRETR     ; [CPU_ALU] 
     545                      ; return occurs ; [] 
     546                      .dwattr $C$DW$33, DW_AT_TI_end_file("C:/ti/ccs2030/ccs/tools/compiler/ti-cgt-c2000_22.6.2.LTS/include
     547                      .dwattr $C$DW$33, DW_AT_TI_end_line(0x11f)
     548                      .dwattr $C$DW$33, DW_AT_TI_end_column(0x01)
     549                      .dwendentry
     550                      .dwendtag $C$DW$33
     551              
     552 00000000               .sect   ".text:__relaxed_fminf"
     553                      .clink
     554                      .global ||__relaxed_fminf||
     555              
     556              $C$DW$39        .dwtag  DW_TAG_subprogram
     557                      .dwattr $C$DW$39, DW_AT_name("__relaxed_fminf")
     558                      .dwattr $C$DW$39, DW_AT_low_pc(||__relaxed_fminf||)
     559                      .dwattr $C$DW$39, DW_AT_high_pc(0x00)
     560                      .dwattr $C$DW$39, DW_AT_linkage_name("__relaxed_fminf")
     561                      .dwattr $C$DW$39, DW_AT_external
     562                      .dwattr $C$DW$39, DW_AT_type(*$C$DW$T$16)
     563                      .dwattr $C$DW$39, DW_AT_decl_file("C:/ti/ccs2030/ccs/tools/compiler/ti-cgt-c2000_22.6.2.LTS/include/m
     564                      .dwattr $C$DW$39, DW_AT_decl_line(0xee)
     565                      .dwattr $C$DW$39, DW_AT_decl_column(0x10)
     566                      .dwattr $C$DW$39, DW_AT_TI_max_frame_size(-2)
     567                      .dwpsn  file "C:/ti/ccs2030/ccs/tools/compiler/ti-cgt-c2000_22.6.2.LTS/include/math.h",line 239,colum
     568              
     569                      .dwfde $C$DW$CIE, ||__relaxed_fminf||
     570              $C$DW$40        .dwtag  DW_TAG_formal_parameter
     571                      .dwattr $C$DW$40, DW_AT_name("x")
     572                      .dwattr $C$DW$40, DW_AT_type(*$C$DW$T$16)
     573                      .dwattr $C$DW$40, DW_AT_location[DW_OP_regx 0x2b]
     574              
     575              $C$DW$41        .dwtag  DW_TAG_formal_parameter
     576                      .dwattr $C$DW$41, DW_AT_name("y")
     577                      .dwattr $C$DW$41, DW_AT_type(*$C$DW$T$16)
     578                      .dwattr $C$DW$41, DW_AT_location[DW_OP_regx 0x2f]
     579              
     580              
TMS320C2000 Assembler PC v22.6.2 Tue Nov 18 13:15:21 2025

Copyright (c) 1996-2018 Texas Instruments Incorporated
hal_system_TMS320F280049C.asm                                        PAGE   12

     581              ;***************************************************************
     582              ;* FNAME: __relaxed_fminf               FR SIZE:   0           *
     583              ;*                                                             *
     584              ;* FUNCTION ENVIRONMENT                                        *
     585              ;*                                                             *
     586              ;* FUNCTION PROPERTIES                                         *
     587              ;*                            0 Parameter,  0 Auto,  0 SOE     *
     588              ;***************************************************************
     589              
     590              ||__relaxed_fminf||:
     591              ;* R1    assigned to y
     592              $C$DW$42        .dwtag  DW_TAG_variable
     593                      .dwattr $C$DW$42, DW_AT_name("y")
     594                      .dwattr $C$DW$42, DW_AT_type(*$C$DW$T$26)
     595                      .dwattr $C$DW$42, DW_AT_location[DW_OP_regx 0x2f]
     596              
     597                      .dwcfi  cfa_offset, -2
     598                      .dwcfi  save_reg_to_mem, 26, 0
     599                      .dwpsn  file "C:/ti/ccs2030/ccs/tools/compiler/ti-cgt-c2000_22.6.2.LTS/include/math.h",line 240,colum
     600 00000000 E697          MINF32    R0H,R1H               ; [CPU_FPU] |240| 
         00000001 0008 
     601              $C$DW$43        .dwtag  DW_TAG_TI_branch
     602                      .dwattr $C$DW$43, DW_AT_low_pc(0x00)
     603                      .dwattr $C$DW$43, DW_AT_TI_return
     604              
     605 00000002 0006          LRETR     ; [CPU_ALU] 
     606                      ; return occurs ; [] 
     607                      .dwattr $C$DW$39, DW_AT_TI_end_file("C:/ti/ccs2030/ccs/tools/compiler/ti-cgt-c2000_22.6.2.LTS/include
     608                      .dwattr $C$DW$39, DW_AT_TI_end_line(0xf1)
     609                      .dwattr $C$DW$39, DW_AT_TI_end_column(0x01)
     610                      .dwendentry
     611                      .dwendtag $C$DW$39
     612              
     613 00000000               .sect   ".text:__relaxed_fmaxf"
     614                      .clink
     615                      .global ||__relaxed_fmaxf||
     616              
     617              $C$DW$44        .dwtag  DW_TAG_subprogram
     618                      .dwattr $C$DW$44, DW_AT_name("__relaxed_fmaxf")
     619                      .dwattr $C$DW$44, DW_AT_low_pc(||__relaxed_fmaxf||)
     620                      .dwattr $C$DW$44, DW_AT_high_pc(0x00)
     621                      .dwattr $C$DW$44, DW_AT_linkage_name("__relaxed_fmaxf")
     622                      .dwattr $C$DW$44, DW_AT_external
     623                      .dwattr $C$DW$44, DW_AT_type(*$C$DW$T$16)
     624                      .dwattr $C$DW$44, DW_AT_decl_file("C:/ti/ccs2030/ccs/tools/compiler/ti-cgt-c2000_22.6.2.LTS/include/m
     625                      .dwattr $C$DW$44, DW_AT_decl_line(0xe8)
     626                      .dwattr $C$DW$44, DW_AT_decl_column(0x10)
     627                      .dwattr $C$DW$44, DW_AT_TI_max_frame_size(-2)
     628                      .dwpsn  file "C:/ti/ccs2030/ccs/tools/compiler/ti-cgt-c2000_22.6.2.LTS/include/math.h",line 233,colum
     629              
     630                      .dwfde $C$DW$CIE, ||__relaxed_fmaxf||
     631              $C$DW$45        .dwtag  DW_TAG_formal_parameter
     632                      .dwattr $C$DW$45, DW_AT_name("x")
     633                      .dwattr $C$DW$45, DW_AT_type(*$C$DW$T$16)
     634                      .dwattr $C$DW$45, DW_AT_location[DW_OP_regx 0x2b]
TMS320C2000 Assembler PC v22.6.2 Tue Nov 18 13:15:21 2025

Copyright (c) 1996-2018 Texas Instruments Incorporated
hal_system_TMS320F280049C.asm                                        PAGE   13

     635              
     636              $C$DW$46        .dwtag  DW_TAG_formal_parameter
     637                      .dwattr $C$DW$46, DW_AT_name("y")
     638                      .dwattr $C$DW$46, DW_AT_type(*$C$DW$T$16)
     639                      .dwattr $C$DW$46, DW_AT_location[DW_OP_regx 0x2f]
     640              
     641              
     642              ;***************************************************************
     643              ;* FNAME: __relaxed_fmaxf               FR SIZE:   0           *
     644              ;*                                                             *
     645              ;* FUNCTION ENVIRONMENT                                        *
     646              ;*                                                             *
     647              ;* FUNCTION PROPERTIES                                         *
     648              ;*                            0 Parameter,  0 Auto,  0 SOE     *
     649              ;***************************************************************
     650              
     651              ||__relaxed_fmaxf||:
     652              ;* R1    assigned to y
     653              $C$DW$47        .dwtag  DW_TAG_variable
     654                      .dwattr $C$DW$47, DW_AT_name("y")
     655                      .dwattr $C$DW$47, DW_AT_type(*$C$DW$T$26)
     656                      .dwattr $C$DW$47, DW_AT_location[DW_OP_regx 0x2f]
     657              
     658                      .dwcfi  cfa_offset, -2
     659                      .dwcfi  save_reg_to_mem, 26, 0
     660                      .dwpsn  file "C:/ti/ccs2030/ccs/tools/compiler/ti-cgt-c2000_22.6.2.LTS/include/math.h",line 234,colum
     661 00000000 E696          MAXF32    R0H,R1H               ; [CPU_FPU] |234| 
         00000001 0008 
     662              $C$DW$48        .dwtag  DW_TAG_TI_branch
     663                      .dwattr $C$DW$48, DW_AT_low_pc(0x00)
     664                      .dwattr $C$DW$48, DW_AT_TI_return
     665              
     666 00000002 0006          LRETR     ; [CPU_ALU] 
     667                      ; return occurs ; [] 
     668                      .dwattr $C$DW$44, DW_AT_TI_end_file("C:/ti/ccs2030/ccs/tools/compiler/ti-cgt-c2000_22.6.2.LTS/include
     669                      .dwattr $C$DW$44, DW_AT_TI_end_line(0xeb)
     670                      .dwattr $C$DW$44, DW_AT_TI_end_column(0x01)
     671                      .dwendentry
     672                      .dwendtag $C$DW$44
     673              
     674 00000000               .sect   ".text:__relaxed_cosf"
     675                      .clink
     676                      .global ||__relaxed_cosf||
     677              
     678              $C$DW$49        .dwtag  DW_TAG_subprogram
     679                      .dwattr $C$DW$49, DW_AT_name("__relaxed_cosf")
     680                      .dwattr $C$DW$49, DW_AT_low_pc(||__relaxed_cosf||)
     681                      .dwattr $C$DW$49, DW_AT_high_pc(0x00)
     682                      .dwattr $C$DW$49, DW_AT_linkage_name("__relaxed_cosf")
     683                      .dwattr $C$DW$49, DW_AT_external
     684                      .dwattr $C$DW$49, DW_AT_type(*$C$DW$T$16)
     685                      .dwattr $C$DW$49, DW_AT_decl_file("C:/ti/ccs2030/ccs/tools/compiler/ti-cgt-c2000_22.6.2.LTS/include/m
     686                      .dwattr $C$DW$49, DW_AT_decl_line(0x10d)
     687                      .dwattr $C$DW$49, DW_AT_decl_column(0x10)
     688                      .dwattr $C$DW$49, DW_AT_TI_max_frame_size(-2)
TMS320C2000 Assembler PC v22.6.2 Tue Nov 18 13:15:21 2025

Copyright (c) 1996-2018 Texas Instruments Incorporated
hal_system_TMS320F280049C.asm                                        PAGE   14

     689                      .dwpsn  file "C:/ti/ccs2030/ccs/tools/compiler/ti-cgt-c2000_22.6.2.LTS/include/math.h",line 270,colum
     690              
     691                      .dwfde $C$DW$CIE, ||__relaxed_cosf||
     692              $C$DW$50        .dwtag  DW_TAG_formal_parameter
     693                      .dwattr $C$DW$50, DW_AT_name("x")
     694                      .dwattr $C$DW$50, DW_AT_type(*$C$DW$T$16)
     695                      .dwattr $C$DW$50, DW_AT_location[DW_OP_regx 0x2b]
     696              
     697              
     698              ;***************************************************************
     699              ;* FNAME: __relaxed_cosf                FR SIZE:   0           *
     700              ;*                                                             *
     701              ;* FUNCTION ENVIRONMENT                                        *
     702              ;*                                                             *
     703              ;* FUNCTION PROPERTIES                                         *
     704              ;*                            0 Parameter,  0 Auto,  0 SOE     *
     705              ;***************************************************************
     706              
     707              ||__relaxed_cosf||:
     708              ;* R0    assigned to x
     709              $C$DW$51        .dwtag  DW_TAG_variable
     710                      .dwattr $C$DW$51, DW_AT_name("x")
     711                      .dwattr $C$DW$51, DW_AT_type(*$C$DW$T$26)
     712                      .dwattr $C$DW$51, DW_AT_location[DW_OP_regx 0x2b]
     713              
     714                      .dwcfi  cfa_offset, -2
     715                      .dwcfi  save_reg_to_mem, 26, 0
     716                      .dwpsn  file "C:/ti/ccs2030/ccs/tools/compiler/ti-cgt-c2000_22.6.2.LTS/include/math.h",line 271,colum
     717 00000000 E271          DIV2PIF32 R0H,R0H               ; [CPU_FPU] |271| 
         00000001 0000 
     718 00000002 7700          NOP       ; [CPU_ALU] 
     719 00000003 E279          COSPUF32  R0H,R0H               ; [CPU_FPU] |271| 
         00000004 0000 
     720 00000005 7700          NOP       ; [CPU_ALU] 
     721 00000006 7700          NOP       ; [CPU_ALU] 
     722              $C$DW$52        .dwtag  DW_TAG_TI_branch
     723                      .dwattr $C$DW$52, DW_AT_low_pc(0x00)
     724                      .dwattr $C$DW$52, DW_AT_TI_return
     725              
     726 00000007 0006          LRETR     ; [CPU_ALU] 
     727                      ; return occurs ; [] 
     728                      .dwattr $C$DW$49, DW_AT_TI_end_file("C:/ti/ccs2030/ccs/tools/compiler/ti-cgt-c2000_22.6.2.LTS/include
     729                      .dwattr $C$DW$49, DW_AT_TI_end_line(0x110)
     730                      .dwattr $C$DW$49, DW_AT_TI_end_column(0x01)
     731                      .dwendentry
     732                      .dwendtag $C$DW$49
     733              
     734 00000000               .sect   ".text:__relaxed_atanf"
     735                      .clink
     736                      .global ||__relaxed_atanf||
     737              
     738              $C$DW$53        .dwtag  DW_TAG_subprogram
     739                      .dwattr $C$DW$53, DW_AT_name("__relaxed_atanf")
     740                      .dwattr $C$DW$53, DW_AT_low_pc(||__relaxed_atanf||)
     741                      .dwattr $C$DW$53, DW_AT_high_pc(0x00)
TMS320C2000 Assembler PC v22.6.2 Tue Nov 18 13:15:21 2025

Copyright (c) 1996-2018 Texas Instruments Incorporated
hal_system_TMS320F280049C.asm                                        PAGE   15

     742                      .dwattr $C$DW$53, DW_AT_linkage_name("__relaxed_atanf")
     743                      .dwattr $C$DW$53, DW_AT_external
     744                      .dwattr $C$DW$53, DW_AT_type(*$C$DW$T$16)
     745                      .dwattr $C$DW$53, DW_AT_decl_file("C:/ti/ccs2030/ccs/tools/compiler/ti-cgt-c2000_22.6.2.LTS/include/m
     746                      .dwattr $C$DW$53, DW_AT_decl_line(0x112)
     747                      .dwattr $C$DW$53, DW_AT_decl_column(0x10)
     748                      .dwattr $C$DW$53, DW_AT_TI_max_frame_size(-2)
     749                      .dwpsn  file "C:/ti/ccs2030/ccs/tools/compiler/ti-cgt-c2000_22.6.2.LTS/include/math.h",line 275,colum
     750              
     751                      .dwfde $C$DW$CIE, ||__relaxed_atanf||
     752              $C$DW$54        .dwtag  DW_TAG_formal_parameter
     753                      .dwattr $C$DW$54, DW_AT_name("x")
     754                      .dwattr $C$DW$54, DW_AT_type(*$C$DW$T$16)
     755                      .dwattr $C$DW$54, DW_AT_location[DW_OP_regx 0x2b]
     756              
     757              
     758              ;***************************************************************
     759              ;* FNAME: __relaxed_atanf               FR SIZE:   0           *
     760              ;*                                                             *
     761              ;* FUNCTION ENVIRONMENT                                        *
     762              ;*                                                             *
     763              ;* FUNCTION PROPERTIES                                         *
     764              ;*                            0 Parameter,  0 Auto,  0 SOE     *
     765              ;***************************************************************
     766              
     767              ||__relaxed_atanf||:
     768              ;* R0    assigned to x
     769              $C$DW$55        .dwtag  DW_TAG_variable
     770                      .dwattr $C$DW$55, DW_AT_name("x")
     771                      .dwattr $C$DW$55, DW_AT_type(*$C$DW$T$26)
     772                      .dwattr $C$DW$55, DW_AT_location[DW_OP_regx 0x2b]
     773              
     774                      .dwcfi  cfa_offset, -2
     775                      .dwcfi  save_reg_to_mem, 26, 0
     776                      .dwpsn  file "C:/ti/ccs2030/ccs/tools/compiler/ti-cgt-c2000_22.6.2.LTS/include/math.h",line 276,colum
     777 00000000 E801          MOVIZ     R1H,#16256            ; [CPU_FPU] |276| 
         00000001 FC01 
     778 00000002 E27C          QUADF32   R1H,R0H,R0H,R1H       ; [CPU_FPU] |276| 
         00000003 0201 
     779 00000004 7700          NOP       ; [CPU_ALU] 
     780 00000005 7700          NOP       ; [CPU_ALU] 
     781 00000006 7700          NOP       ; [CPU_ALU] 
     782 00000007 7700          NOP       ; [CPU_ALU] 
     783 00000008 E27A          ATANPUF32 R0H,R0H               ; [CPU_FPU] |276| 
         00000009 0000 
     784 0000000a 7700          NOP       ; [CPU_ALU] 
     785 0000000b 7700          NOP       ; [CPU_ALU] 
     786 0000000c 7700          NOP       ; [CPU_ALU] 
     787 0000000d E710          ADDF32    R0H,R0H,R1H           ; [CPU_FPU] |276| 
         0000000e 0040 
     788 0000000f 7700          NOP       ; [CPU_ALU] 
     789 00000010 7700          NOP       ; [CPU_ALU] 
     790 00000011 E270          MPY2PIF32 R0H,R0H               ; [CPU_FPU] |276| 
         00000012 0000 
     791 00000013 7700          NOP       ; [CPU_ALU] 
TMS320C2000 Assembler PC v22.6.2 Tue Nov 18 13:15:21 2025

Copyright (c) 1996-2018 Texas Instruments Incorporated
hal_system_TMS320F280049C.asm                                        PAGE   16

     792              $C$DW$56        .dwtag  DW_TAG_TI_branch
     793                      .dwattr $C$DW$56, DW_AT_low_pc(0x00)
     794                      .dwattr $C$DW$56, DW_AT_TI_return
     795              
     796 00000014 0006          LRETR     ; [CPU_ALU] 
     797                      ; return occurs ; [] 
     798                      .dwattr $C$DW$53, DW_AT_TI_end_file("C:/ti/ccs2030/ccs/tools/compiler/ti-cgt-c2000_22.6.2.LTS/include
     799                      .dwattr $C$DW$53, DW_AT_TI_end_line(0x115)
     800                      .dwattr $C$DW$53, DW_AT_TI_end_column(0x01)
     801                      .dwendentry
     802                      .dwendtag $C$DW$53
     803              
     804 00000000               .sect   ".text:__relaxed_atan2f"
     805                      .clink
     806                      .global ||__relaxed_atan2f||
     807              
     808              $C$DW$57        .dwtag  DW_TAG_subprogram
     809                      .dwattr $C$DW$57, DW_AT_name("__relaxed_atan2f")
     810                      .dwattr $C$DW$57, DW_AT_low_pc(||__relaxed_atan2f||)
     811                      .dwattr $C$DW$57, DW_AT_high_pc(0x00)
     812                      .dwattr $C$DW$57, DW_AT_linkage_name("__relaxed_atan2f")
     813                      .dwattr $C$DW$57, DW_AT_external
     814                      .dwattr $C$DW$57, DW_AT_type(*$C$DW$T$16)
     815                      .dwattr $C$DW$57, DW_AT_decl_file("C:/ti/ccs2030/ccs/tools/compiler/ti-cgt-c2000_22.6.2.LTS/include/m
     816                      .dwattr $C$DW$57, DW_AT_decl_line(0x117)
     817                      .dwattr $C$DW$57, DW_AT_decl_column(0x10)
     818                      .dwattr $C$DW$57, DW_AT_TI_max_frame_size(-2)
     819                      .dwpsn  file "C:/ti/ccs2030/ccs/tools/compiler/ti-cgt-c2000_22.6.2.LTS/include/math.h",line 280,colum
     820              
     821                      .dwfde $C$DW$CIE, ||__relaxed_atan2f||
     822              $C$DW$58        .dwtag  DW_TAG_formal_parameter
     823                      .dwattr $C$DW$58, DW_AT_name("y")
     824                      .dwattr $C$DW$58, DW_AT_type(*$C$DW$T$16)
     825                      .dwattr $C$DW$58, DW_AT_location[DW_OP_regx 0x2b]
     826              
     827              $C$DW$59        .dwtag  DW_TAG_formal_parameter
     828                      .dwattr $C$DW$59, DW_AT_name("x")
     829                      .dwattr $C$DW$59, DW_AT_type(*$C$DW$T$16)
     830                      .dwattr $C$DW$59, DW_AT_location[DW_OP_regx 0x2f]
     831              
     832              
     833              ;***************************************************************
     834              ;* FNAME: __relaxed_atan2f              FR SIZE:   0           *
     835              ;*                                                             *
     836              ;* FUNCTION ENVIRONMENT                                        *
     837              ;*                                                             *
     838              ;* FUNCTION PROPERTIES                                         *
     839              ;*                            0 Parameter,  0 Auto,  0 SOE     *
     840              ;***************************************************************
     841              
     842              ||__relaxed_atan2f||:
     843              ;* R0    assigned to y
     844              $C$DW$60        .dwtag  DW_TAG_variable
     845                      .dwattr $C$DW$60, DW_AT_name("y")
     846                      .dwattr $C$DW$60, DW_AT_type(*$C$DW$T$26)
TMS320C2000 Assembler PC v22.6.2 Tue Nov 18 13:15:21 2025

Copyright (c) 1996-2018 Texas Instruments Incorporated
hal_system_TMS320F280049C.asm                                        PAGE   17

     847                      .dwattr $C$DW$60, DW_AT_location[DW_OP_regx 0x2b]
     848              
     849              ;* R1    assigned to x
     850              $C$DW$61        .dwtag  DW_TAG_variable
     851                      .dwattr $C$DW$61, DW_AT_name("x")
     852                      .dwattr $C$DW$61, DW_AT_type(*$C$DW$T$26)
     853                      .dwattr $C$DW$61, DW_AT_location[DW_OP_regx 0x2f]
     854              
     855                      .dwcfi  cfa_offset, -2
     856                      .dwcfi  save_reg_to_mem, 26, 0
     857                      .dwpsn  file "C:/ti/ccs2030/ccs/tools/compiler/ti-cgt-c2000_22.6.2.LTS/include/math.h",line 281,colum
     858 00000000 E27C          QUADF32   R1H,R0H,R0H,R1H       ; [CPU_FPU] |281| 
         00000001 0201 
     859 00000002 7700          NOP       ; [CPU_ALU] 
     860 00000003 7700          NOP       ; [CPU_ALU] 
     861 00000004 7700          NOP       ; [CPU_ALU] 
     862 00000005 7700          NOP       ; [CPU_ALU] 
     863 00000006 E27A          ATANPUF32 R0H,R0H               ; [CPU_FPU] |281| 
         00000007 0000 
     864 00000008 7700          NOP       ; [CPU_ALU] 
     865 00000009 7700          NOP       ; [CPU_ALU] 
     866 0000000a 7700          NOP       ; [CPU_ALU] 
     867 0000000b E710          ADDF32    R0H,R0H,R1H           ; [CPU_FPU] |281| 
         0000000c 0040 
     868 0000000d 7700          NOP       ; [CPU_ALU] 
     869 0000000e 7700          NOP       ; [CPU_ALU] 
     870 0000000f E270          MPY2PIF32 R0H,R0H               ; [CPU_FPU] |281| 
         00000010 0000 
     871 00000011 7700          NOP       ; [CPU_ALU] 
     872              $C$DW$62        .dwtag  DW_TAG_TI_branch
     873                      .dwattr $C$DW$62, DW_AT_low_pc(0x00)
     874                      .dwattr $C$DW$62, DW_AT_TI_return
     875              
     876 00000012 0006          LRETR     ; [CPU_ALU] 
     877                      ; return occurs ; [] 
     878                      .dwattr $C$DW$57, DW_AT_TI_end_file("C:/ti/ccs2030/ccs/tools/compiler/ti-cgt-c2000_22.6.2.LTS/include
     879                      .dwattr $C$DW$57, DW_AT_TI_end_line(0x11a)
     880                      .dwattr $C$DW$57, DW_AT_TI_end_column(0x01)
     881                      .dwendentry
     882                      .dwendtag $C$DW$57
     883              
     884 00000000               .sect   ".text:__isnormall"
     885                      .clink
     886                      .global ||__isnormall||
     887              
     888              $C$DW$63        .dwtag  DW_TAG_subprogram
     889                      .dwattr $C$DW$63, DW_AT_name("__isnormall")
     890                      .dwattr $C$DW$63, DW_AT_low_pc(||__isnormall||)
     891                      .dwattr $C$DW$63, DW_AT_high_pc(0x00)
     892                      .dwattr $C$DW$63, DW_AT_linkage_name("__isnormall")
     893                      .dwattr $C$DW$63, DW_AT_external
     894                      .dwattr $C$DW$63, DW_AT_type(*$C$DW$T$10)
     895                      .dwattr $C$DW$63, DW_AT_decl_file("C:/ti/ccs2030/ccs/tools/compiler/ti-cgt-c2000_22.6.2.LTS/include/_
     896                      .dwattr $C$DW$63, DW_AT_decl_line(0x167)
     897                      .dwattr $C$DW$63, DW_AT_decl_column(0x18)
TMS320C2000 Assembler PC v22.6.2 Tue Nov 18 13:15:21 2025

Copyright (c) 1996-2018 Texas Instruments Incorporated
hal_system_TMS320F280049C.asm                                        PAGE   18

     898                      .dwattr $C$DW$63, DW_AT_TI_max_frame_size(-6)
     899                      .dwpsn  file "C:/ti/ccs2030/ccs/tools/compiler/ti-cgt-c2000_22.6.2.LTS/include/_defs.h",line 360,colu
     900              
     901                      .dwfde $C$DW$CIE, ||__isnormall||
     902              $C$DW$64        .dwtag  DW_TAG_formal_parameter
     903                      .dwattr $C$DW$64, DW_AT_name("e")
     904                      .dwattr $C$DW$64, DW_AT_type(*$C$DW$T$29)
     905                      .dwattr $C$DW$64, DW_AT_location[DW_OP_reg12]
     906              
     907              
     908              ;***************************************************************
     909              ;* FNAME: __isnormall                   FR SIZE:   4           *
     910              ;*                                                             *
     911              ;* FUNCTION ENVIRONMENT                                        *
     912              ;*                                                             *
     913              ;* FUNCTION PROPERTIES                                         *
     914              ;*                            4 Parameter,  0 Auto,  0 SOE     *
     915              ;***************************************************************
     916              
     917              ||__isnormall||:
     918              ;* AR5   assigned to $O$C2
     919              ;* AR6   assigned to $O$S1
     920              ;* AR4   assigned to e
     921              $C$DW$65        .dwtag  DW_TAG_variable
     922                      .dwattr $C$DW$65, DW_AT_name("e")
     923                      .dwattr $C$DW$65, DW_AT_type(*$C$DW$T$30)
     924                      .dwattr $C$DW$65, DW_AT_location[DW_OP_reg12]
     925              
     926                      .dwcfi  cfa_offset, -2
     927                      .dwcfi  save_reg_to_mem, 26, 0
     928 00000000 FE04          ADDB      SP,#4                 ; [CPU_ARAU] 
     929                      .dwcfi  cfa_offset, -6
     930                      .dwpsn  file "C:/ti/ccs2030/ccs/tools/compiler/ti-cgt-c2000_22.6.2.LTS/include/_defs.h",line 360,colu
     931 00000001 83C4          MOVL      XAR5,*+XAR4[0]        ; [CPU_ALU] |360| 
     932 00000002 8AD4          MOVL      XAR4,*+XAR4[2]        ; [CPU_ALU] |360| 
     933 00000003 BE00          MOVB      XAR6,#0               ; [CPU_ALU] |360| 
     934 00000004 28AC          MOV       T,#52                 ; [CPU_ALU] |360| 
         00000005 0034 
     935 00000006 A0AB          MOVL      P,XAR5                ; [CPU_ALU] |360| 
     936 00000007 A8A9          MOVL      ACC,XAR4              ; [CPU_ALU] |360| 
     937 00000008 C244          MOVL      *-SP[4],XAR6          ; [CPU_ALU] |360| 
     938 00000009 2B42          MOV       *-SP[2],#0            ; [CPU_ALU] |360| 
     939 0000000a 565B          LSR64     ACC:P,T               ; [CPU_ALU] |360| 
     940 0000000b 2B41          MOV       *-SP[1],#0            ; [CPU_FPU] |360| 
     941 0000000c 9000          ANDB      AL,#0                 ; [CPU_ALU] |360| 
     942 0000000d 9100          ANDB      AH,#0                 ; [CPU_ALU] |360| 
     943 0000000e 18AB          AND       PL,#2047              ; [CPU_ALU] |360| 
         0000000f 07FF 
     944 00000010 18AA          AND       PH,#0                 ; [CPU_ALU] |360| 
         00000011 0000 
     945              $C$DW$66        .dwtag  DW_TAG_TI_branch
     946                      .dwattr $C$DW$66, DW_AT_low_pc(0x00)
     947                      .dwattr $C$DW$66, DW_AT_name("__c28xabi_cmpull")
     948                      .dwattr $C$DW$66, DW_AT_TI_call
     949              
TMS320C2000 Assembler PC v22.6.2 Tue Nov 18 13:15:21 2025

Copyright (c) 1996-2018 Texas Instruments Incorporated
hal_system_TMS320F280049C.asm                                        PAGE   19

     950 00000012 7640!         LCR       #||__c28xabi_cmpull|| ; [CPU_ALU] |360| 
         00000013 0000 
     951                      ; call occurs [#||__c28xabi_cmpull||] ; [] |360| 
     952 00000014 BE00          MOVB      XAR6,#0               ; [CPU_ALU] |360| 
     953 00000015 5200          CMPB      AL,#0                 ; [CPU_ALU] |360| 
     954 00000016 610E          B         ||$C$L1||,EQ          ; [CPU_ALU] |360| 
     955                      ; branchcc occurs ; [] |360| 
     956 00000017 A0AB          MOVL      P,XAR5                ; [CPU_ALU] |360| 
     957 00000018 A8A9          MOVL      ACC,XAR4              ; [CPU_ALU] |360| 
     958 00000019 28AC          MOV       T,#48                 ; [CPU_ALU] |360| 
         0000001a 0030 
     959 0000001b 565B          LSR64     ACC:P,T               ; [CPU_ALU] |360| 
     960 0000001c 18AB          AND       PL,#0x7ff0            ; [CPU_ALU] |360| 
         0000001d 7FF0 
     961 0000001e 80AB          MOVZ      AR7,PL                ; [CPU_ALU] |360| 
     962 0000001f FF20          MOV       ACC,#32752            ; [CPU_ALU] |360| 
         00000020 7FF0 
     963 00000021 0FA7          CMPL      ACC,XAR7              ; [CPU_ALU] |360| 
     964 00000022 56B0          MOVB      XAR6,#1,NEQ           ; [CPU_ALU] |360| 
         00000023 01A6 
     965 00000024       ||$C$L1||:    
     966 00000024 FE84          SUBB      SP,#4                 ; [CPU_ARAU] 
     967                      .dwcfi  cfa_offset, -2
     968 00000025 92A6          MOV       AL,AR6                ; [CPU_ALU] |360| 
     969              $C$DW$67        .dwtag  DW_TAG_TI_branch
     970                      .dwattr $C$DW$67, DW_AT_low_pc(0x00)
     971                      .dwattr $C$DW$67, DW_AT_TI_return
     972              
     973 00000026 0006          LRETR     ; [CPU_ALU] 
     974                      ; return occurs ; [] 
     975                      .dwattr $C$DW$63, DW_AT_TI_end_file("C:/ti/ccs2030/ccs/tools/compiler/ti-cgt-c2000_22.6.2.LTS/include
     976                      .dwattr $C$DW$63, DW_AT_TI_end_line(0x169)
     977                      .dwattr $C$DW$63, DW_AT_TI_end_column(0x31)
     978                      .dwendentry
     979                      .dwendtag $C$DW$63
     980              
     981 00000000               .sect   ".text:__isnormalf"
     982                      .clink
     983                      .global ||__isnormalf||
     984              
     985              $C$DW$68        .dwtag  DW_TAG_subprogram
     986                      .dwattr $C$DW$68, DW_AT_name("__isnormalf")
     987                      .dwattr $C$DW$68, DW_AT_low_pc(||__isnormalf||)
     988                      .dwattr $C$DW$68, DW_AT_high_pc(0x00)
     989                      .dwattr $C$DW$68, DW_AT_linkage_name("__isnormalf")
     990                      .dwattr $C$DW$68, DW_AT_external
     991                      .dwattr $C$DW$68, DW_AT_type(*$C$DW$T$10)
     992                      .dwattr $C$DW$68, DW_AT_decl_file("C:/ti/ccs2030/ccs/tools/compiler/ti-cgt-c2000_22.6.2.LTS/include/_
     993                      .dwattr $C$DW$68, DW_AT_decl_line(0x163)
     994                      .dwattr $C$DW$68, DW_AT_decl_column(0x18)
     995                      .dwattr $C$DW$68, DW_AT_TI_max_frame_size(-2)
     996                      .dwpsn  file "C:/ti/ccs2030/ccs/tools/compiler/ti-cgt-c2000_22.6.2.LTS/include/_defs.h",line 356,colu
     997              
     998                      .dwfde $C$DW$CIE, ||__isnormalf||
     999              $C$DW$69        .dwtag  DW_TAG_formal_parameter
TMS320C2000 Assembler PC v22.6.2 Tue Nov 18 13:15:21 2025

Copyright (c) 1996-2018 Texas Instruments Incorporated
hal_system_TMS320F280049C.asm                                        PAGE   20

    1000                      .dwattr $C$DW$69, DW_AT_name("f")
    1001                      .dwattr $C$DW$69, DW_AT_type(*$C$DW$T$16)
    1002                      .dwattr $C$DW$69, DW_AT_location[DW_OP_regx 0x2b]
    1003              
    1004              
    1005              ;***************************************************************
    1006              ;* FNAME: __isnormalf                   FR SIZE:   0           *
    1007              ;*                                                             *
    1008              ;* FUNCTION ENVIRONMENT                                        *
    1009              ;*                                                             *
    1010              ;* FUNCTION PROPERTIES                                         *
    1011              ;*                            0 Parameter,  0 Auto,  0 SOE     *
    1012              ;***************************************************************
    1013              
    1014              ||__isnormalf||:
    1015              ;* PL    assigned to $O$K3
    1016              ;* AR6   assigned to $O$S1
    1017              ;* R0    assigned to f
    1018              $C$DW$70        .dwtag  DW_TAG_variable
    1019                      .dwattr $C$DW$70, DW_AT_name("f")
    1020                      .dwattr $C$DW$70, DW_AT_type(*$C$DW$T$26)
    1021                      .dwattr $C$DW$70, DW_AT_location[DW_OP_regx 0x2b]
    1022              
    1023                      .dwcfi  cfa_offset, -2
    1024                      .dwcfi  save_reg_to_mem, 26, 0
    1025                      .dwpsn  file "C:/ti/ccs2030/ccs/tools/compiler/ti-cgt-c2000_22.6.2.LTS/include/_defs.h",line 356,colu
    1026 00000000 BFAB          MOV32     P,R0H                 ; [CPU_FPU] |356| 
         00000001 0F12 
    1027 00000002 28AC          MOV       T,#23                 ; [CPU_ALU] |356| 
         00000003 0017 
    1028 00000004 A9A9          MOVL      ACC,P                 ; [CPU_ALU] |356| 
    1029 00000005 BE00          MOVB      XAR6,#0               ; [CPU_ALU] |356| 
    1030 00000006 5622          LSRL      ACC,T                 ; [CPU_ALU] |356| 
    1031 00000007 90FF          ANDB      AL,#0xff              ; [CPU_ALU] |356| 
    1032 00000008 6109          B         ||$C$L2||,EQ          ; [CPU_ALU] |356| 
    1033                      ; branchcc occurs ; [] |356| 
    1034 00000009 CCAA          AND       AL,PH,#0x7f80         ; [CPU_ALU] |356| 
         0000000a 7F80 
    1035 0000000b 80A9          MOVZ      AR7,AL                ; [CPU_ALU] |356| 
    1036 0000000c FF20          MOV       ACC,#32640            ; [CPU_ALU] |356| 
         0000000d 7F80 
    1037 0000000e 0FA7          CMPL      ACC,XAR7              ; [CPU_ALU] |356| 
    1038 0000000f 56B0          MOVB      XAR6,#1,NEQ           ; [CPU_ALU] |356| 
         00000010 01A6 
    1039 00000011       ||$C$L2||:    
    1040 00000011 92A6          MOV       AL,AR6                ; [CPU_ALU] |356| 
    1041              $C$DW$71        .dwtag  DW_TAG_TI_branch
    1042                      .dwattr $C$DW$71, DW_AT_low_pc(0x00)
    1043                      .dwattr $C$DW$71, DW_AT_TI_return
    1044              
    1045 00000012 0006          LRETR     ; [CPU_ALU] 
    1046                      ; return occurs ; [] 
    1047                      .dwattr $C$DW$68, DW_AT_TI_end_file("C:/ti/ccs2030/ccs/tools/compiler/ti-cgt-c2000_22.6.2.LTS/include
    1048                      .dwattr $C$DW$68, DW_AT_TI_end_line(0x165)
    1049                      .dwattr $C$DW$68, DW_AT_TI_end_column(0x2f)
TMS320C2000 Assembler PC v22.6.2 Tue Nov 18 13:15:21 2025

Copyright (c) 1996-2018 Texas Instruments Incorporated
hal_system_TMS320F280049C.asm                                        PAGE   21

    1050                      .dwendentry
    1051                      .dwendtag $C$DW$68
    1052              
    1053 00000000               .sect   ".text:__isnormal"
    1054                      .clink
    1055                      .global ||__isnormal||
    1056              
    1057              $C$DW$72        .dwtag  DW_TAG_subprogram
    1058                      .dwattr $C$DW$72, DW_AT_name("__isnormal")
    1059                      .dwattr $C$DW$72, DW_AT_low_pc(||__isnormal||)
    1060                      .dwattr $C$DW$72, DW_AT_high_pc(0x00)
    1061                      .dwattr $C$DW$72, DW_AT_linkage_name("__isnormal")
    1062                      .dwattr $C$DW$72, DW_AT_external
    1063                      .dwattr $C$DW$72, DW_AT_type(*$C$DW$T$10)
    1064                      .dwattr $C$DW$72, DW_AT_decl_file("C:/ti/ccs2030/ccs/tools/compiler/ti-cgt-c2000_22.6.2.LTS/include/_
    1065                      .dwattr $C$DW$72, DW_AT_decl_line(0x15f)
    1066                      .dwattr $C$DW$72, DW_AT_decl_column(0x18)
    1067                      .dwattr $C$DW$72, DW_AT_TI_max_frame_size(-6)
    1068                      .dwpsn  file "C:/ti/ccs2030/ccs/tools/compiler/ti-cgt-c2000_22.6.2.LTS/include/_defs.h",line 352,colu
    1069              
    1070                      .dwfde $C$DW$CIE, ||__isnormal||
    1071              $C$DW$73        .dwtag  DW_TAG_formal_parameter
    1072                      .dwattr $C$DW$73, DW_AT_name("d")
    1073                      .dwattr $C$DW$73, DW_AT_type(*$C$DW$T$27)
    1074                      .dwattr $C$DW$73, DW_AT_location[DW_OP_reg12]
    1075              
    1076              
    1077              ;***************************************************************
    1078              ;* FNAME: __isnormal                    FR SIZE:   4           *
    1079              ;*                                                             *
    1080              ;* FUNCTION ENVIRONMENT                                        *
    1081              ;*                                                             *
    1082              ;* FUNCTION PROPERTIES                                         *
    1083              ;*                            4 Parameter,  0 Auto,  0 SOE     *
    1084              ;***************************************************************
    1085              
    1086              ||__isnormal||:
    1087              ;* AR5   assigned to $O$C2
    1088              ;* AR6   assigned to $O$S1
    1089              ;* AR4   assigned to d
    1090              $C$DW$74        .dwtag  DW_TAG_variable
    1091                      .dwattr $C$DW$74, DW_AT_name("d")
    1092                      .dwattr $C$DW$74, DW_AT_type(*$C$DW$T$28)
    1093                      .dwattr $C$DW$74, DW_AT_location[DW_OP_reg12]
    1094              
    1095                      .dwcfi  cfa_offset, -2
    1096                      .dwcfi  save_reg_to_mem, 26, 0
    1097 00000000 FE04          ADDB      SP,#4                 ; [CPU_ARAU] 
    1098                      .dwcfi  cfa_offset, -6
    1099                      .dwpsn  file "C:/ti/ccs2030/ccs/tools/compiler/ti-cgt-c2000_22.6.2.LTS/include/_defs.h",line 352,colu
    1100 00000001 83C4          MOVL      XAR5,*+XAR4[0]        ; [CPU_ALU] |352| 
    1101 00000002 8AD4          MOVL      XAR4,*+XAR4[2]        ; [CPU_ALU] |352| 
    1102 00000003 BE00          MOVB      XAR6,#0               ; [CPU_ALU] |352| 
    1103 00000004 28AC          MOV       T,#52                 ; [CPU_ALU] |352| 
         00000005 0034 
TMS320C2000 Assembler PC v22.6.2 Tue Nov 18 13:15:21 2025

Copyright (c) 1996-2018 Texas Instruments Incorporated
hal_system_TMS320F280049C.asm                                        PAGE   22

    1104 00000006 A0AB          MOVL      P,XAR5                ; [CPU_ALU] |352| 
    1105 00000007 A8A9          MOVL      ACC,XAR4              ; [CPU_ALU] |352| 
    1106 00000008 C244          MOVL      *-SP[4],XAR6          ; [CPU_ALU] |352| 
    1107 00000009 2B42          MOV       *-SP[2],#0            ; [CPU_ALU] |352| 
    1108 0000000a 565B          LSR64     ACC:P,T               ; [CPU_ALU] |352| 
    1109 0000000b 2B41          MOV       *-SP[1],#0            ; [CPU_FPU] |352| 
    1110 0000000c 9000          ANDB      AL,#0                 ; [CPU_ALU] |352| 
    1111 0000000d 9100          ANDB      AH,#0                 ; [CPU_ALU] |352| 
    1112 0000000e 18AB          AND       PL,#2047              ; [CPU_ALU] |352| 
         0000000f 07FF 
    1113 00000010 18AA          AND       PH,#0                 ; [CPU_ALU] |352| 
         00000011 0000 
    1114              $C$DW$75        .dwtag  DW_TAG_TI_branch
    1115                      .dwattr $C$DW$75, DW_AT_low_pc(0x00)
    1116                      .dwattr $C$DW$75, DW_AT_name("__c28xabi_cmpull")
    1117                      .dwattr $C$DW$75, DW_AT_TI_call
    1118              
    1119 00000012 7640!         LCR       #||__c28xabi_cmpull|| ; [CPU_ALU] |352| 
         00000013 0000 
    1120                      ; call occurs [#||__c28xabi_cmpull||] ; [] |352| 
    1121 00000014 BE00          MOVB      XAR6,#0               ; [CPU_ALU] |352| 
    1122 00000015 5200          CMPB      AL,#0                 ; [CPU_ALU] |352| 
    1123 00000016 610E          B         ||$C$L3||,EQ          ; [CPU_ALU] |352| 
    1124                      ; branchcc occurs ; [] |352| 
    1125 00000017 A0AB          MOVL      P,XAR5                ; [CPU_ALU] |352| 
    1126 00000018 A8A9          MOVL      ACC,XAR4              ; [CPU_ALU] |352| 
    1127 00000019 28AC          MOV       T,#48                 ; [CPU_ALU] |352| 
         0000001a 0030 
    1128 0000001b 565B          LSR64     ACC:P,T               ; [CPU_ALU] |352| 
    1129 0000001c 18AB          AND       PL,#0x7ff0            ; [CPU_ALU] |352| 
         0000001d 7FF0 
    1130 0000001e 80AB          MOVZ      AR7,PL                ; [CPU_ALU] |352| 
    1131 0000001f FF20          MOV       ACC,#32752            ; [CPU_ALU] |352| 
         00000020 7FF0 
    1132 00000021 0FA7          CMPL      ACC,XAR7              ; [CPU_ALU] |352| 
    1133 00000022 56B0          MOVB      XAR6,#1,NEQ           ; [CPU_ALU] |352| 
         00000023 01A6 
    1134 00000024       ||$C$L3||:    
    1135 00000024 FE84          SUBB      SP,#4                 ; [CPU_ARAU] 
    1136                      .dwcfi  cfa_offset, -2
    1137 00000025 92A6          MOV       AL,AR6                ; [CPU_ALU] |352| 
    1138              $C$DW$76        .dwtag  DW_TAG_TI_branch
    1139                      .dwattr $C$DW$76, DW_AT_low_pc(0x00)
    1140                      .dwattr $C$DW$76, DW_AT_TI_return
    1141              
    1142 00000026 0006          LRETR     ; [CPU_ALU] 
    1143                      ; return occurs ; [] 
    1144                      .dwattr $C$DW$72, DW_AT_TI_end_file("C:/ti/ccs2030/ccs/tools/compiler/ti-cgt-c2000_22.6.2.LTS/include
    1145                      .dwattr $C$DW$72, DW_AT_TI_end_line(0x161)
    1146                      .dwattr $C$DW$72, DW_AT_TI_end_column(0x30)
    1147                      .dwendentry
    1148                      .dwendtag $C$DW$72
    1149              
    1150 00000000               .sect   ".text:__isnanl"
    1151                      .clink
TMS320C2000 Assembler PC v22.6.2 Tue Nov 18 13:15:21 2025

Copyright (c) 1996-2018 Texas Instruments Incorporated
hal_system_TMS320F280049C.asm                                        PAGE   23

    1152                      .global ||__isnanl||
    1153              
    1154              $C$DW$77        .dwtag  DW_TAG_subprogram
    1155                      .dwattr $C$DW$77, DW_AT_name("__isnanl")
    1156                      .dwattr $C$DW$77, DW_AT_low_pc(||__isnanl||)
    1157                      .dwattr $C$DW$77, DW_AT_high_pc(0x00)
    1158                      .dwattr $C$DW$77, DW_AT_linkage_name("__isnanl")
    1159                      .dwattr $C$DW$77, DW_AT_external
    1160                      .dwattr $C$DW$77, DW_AT_type(*$C$DW$T$10)
    1161                      .dwattr $C$DW$77, DW_AT_decl_file("C:/ti/ccs2030/ccs/tools/compiler/ti-cgt-c2000_22.6.2.LTS/include/_
    1162                      .dwattr $C$DW$77, DW_AT_decl_line(0x15b)
    1163                      .dwattr $C$DW$77, DW_AT_decl_column(0x18)
    1164                      .dwattr $C$DW$77, DW_AT_TI_max_frame_size(-6)
    1165                      .dwpsn  file "C:/ti/ccs2030/ccs/tools/compiler/ti-cgt-c2000_22.6.2.LTS/include/_defs.h",line 348,colu
    1166              
    1167                      .dwfde $C$DW$CIE, ||__isnanl||
    1168              $C$DW$78        .dwtag  DW_TAG_formal_parameter
    1169                      .dwattr $C$DW$78, DW_AT_name("e")
    1170                      .dwattr $C$DW$78, DW_AT_type(*$C$DW$T$29)
    1171                      .dwattr $C$DW$78, DW_AT_location[DW_OP_reg12]
    1172              
    1173              
    1174              ;***************************************************************
    1175              ;* FNAME: __isnanl                      FR SIZE:   4           *
    1176              ;*                                                             *
    1177              ;* FUNCTION ENVIRONMENT                                        *
    1178              ;*                                                             *
    1179              ;* FUNCTION PROPERTIES                                         *
    1180              ;*                            4 Parameter,  0 Auto,  0 SOE     *
    1181              ;***************************************************************
    1182              
    1183              ||__isnanl||:
    1184              ;* AR7   assigned to $O$C2
    1185              ;* AR4   assigned to $O$S1
    1186              ;* AR4   assigned to e
    1187              $C$DW$79        .dwtag  DW_TAG_variable
    1188                      .dwattr $C$DW$79, DW_AT_name("e")
    1189                      .dwattr $C$DW$79, DW_AT_type(*$C$DW$T$30)
    1190                      .dwattr $C$DW$79, DW_AT_location[DW_OP_reg12]
    1191              
    1192                      .dwcfi  cfa_offset, -2
    1193                      .dwcfi  save_reg_to_mem, 26, 0
    1194 00000000 FE04          ADDB      SP,#4                 ; [CPU_ARAU] 
    1195                      .dwcfi  cfa_offset, -6
    1196                      .dwpsn  file "C:/ti/ccs2030/ccs/tools/compiler/ti-cgt-c2000_22.6.2.LTS/include/_defs.h",line 348,colu
    1197 00000001 C5C4          MOVL      XAR7,*+XAR4[0]        ; [CPU_ALU] |348| 
    1198 00000002 06D4          MOVL      ACC,*+XAR4[2]         ; [CPU_ALU] |348| 
    1199 00000003 28AC          MOV       T,#48                 ; [CPU_ALU] |348| 
         00000004 0030 
    1200 00000005 1EA6          MOVL      XAR6,ACC              ; [CPU_ALU] |348| 
    1201 00000006 A3A7          MOVL      P,XAR7                ; [CPU_ALU] |348| 
    1202 00000007 D400          MOVB      XAR4,#0               ; [CPU_ALU] |348| 
    1203 00000008 565B          LSR64     ACC:P,T               ; [CPU_ALU] |348| 
    1204 00000009 2BAA          MOV       PH,#0                 ; [CPU_ALU] |348| 
    1205 0000000a 18AB          AND       PL,#0x7ff0            ; [CPU_ALU] |348| 
TMS320C2000 Assembler PC v22.6.2 Tue Nov 18 13:15:21 2025

Copyright (c) 1996-2018 Texas Instruments Incorporated
hal_system_TMS320F280049C.asm                                        PAGE   24

         0000000b 7FF0 
    1206 0000000c FF20          MOV       ACC,#32752            ; [CPU_ALU] |348| 
         0000000d 7FF0 
    1207 0000000e 0FAB          CMPL      ACC,P                 ; [CPU_ALU] |348| 
    1208 0000000f 6013          B         ||$C$L4||,NEQ         ; [CPU_ALU] |348| 
    1209                      ; branchcc occurs ; [] |348| 
    1210 00000010 06A6          MOVL      ACC,XAR6              ; [CPU_ALU] |348| 
    1211 00000011 A3A7          MOVL      P,XAR7                ; [CPU_ALU] |348| 
    1212 00000012 BE00          MOVB      XAR6,#0               ; [CPU_ALU] |348| 
    1213 00000013 18A9          AND       AL,#65535             ; [CPU_ALU] |348| 
         00000014 FFFF 
    1214 00000015 910F          ANDB      AH,#15                ; [CPU_ALU] |348| 
    1215 00000016 18AB          AND       PL,#65535             ; [CPU_ALU] |348| 
         00000017 FFFF 
    1216 00000018 18AA          AND       PH,#65535             ; [CPU_ALU] |348| 
         00000019 FFFF 
    1217 0000001a C244          MOVL      *-SP[4],XAR6          ; [CPU_FPU] |348| 
    1218 0000001b 2B42          MOV       *-SP[2],#0            ; [CPU_FPU] |348| 
    1219 0000001c 2B41          MOV       *-SP[1],#0            ; [CPU_FPU] |348| 
    1220              $C$DW$80        .dwtag  DW_TAG_TI_branch
    1221                      .dwattr $C$DW$80, DW_AT_low_pc(0x00)
    1222                      .dwattr $C$DW$80, DW_AT_name("__c28xabi_cmpull")
    1223                      .dwattr $C$DW$80, DW_AT_TI_call
    1224              
    1225 0000001d 7640!         LCR       #||__c28xabi_cmpull|| ; [CPU_ALU] |348| 
         0000001e 0000 
    1226                      ; call occurs [#||__c28xabi_cmpull||] ; [] |348| 
    1227 0000001f 5200          CMPB      AL,#0                 ; [CPU_ALU] |348| 
    1228 00000020 56B0          MOVB      XAR4,#1,NEQ           ; [CPU_ALU] |348| 
         00000021 01A4 
    1229 00000022       ||$C$L4||:    
    1230 00000022 FE84          SUBB      SP,#4                 ; [CPU_ARAU] 
    1231                      .dwcfi  cfa_offset, -2
    1232 00000023 92A4          MOV       AL,AR4                ; [CPU_ALU] |348| 
    1233              $C$DW$81        .dwtag  DW_TAG_TI_branch
    1234                      .dwattr $C$DW$81, DW_AT_low_pc(0x00)
    1235                      .dwattr $C$DW$81, DW_AT_TI_return
    1236              
    1237 00000024 0006          LRETR     ; [CPU_ALU] 
    1238                      ; return occurs ; [] 
    1239                      .dwattr $C$DW$77, DW_AT_TI_end_file("C:/ti/ccs2030/ccs/tools/compiler/ti-cgt-c2000_22.6.2.LTS/include
    1240                      .dwattr $C$DW$77, DW_AT_TI_end_line(0x15d)
    1241                      .dwattr $C$DW$77, DW_AT_TI_end_column(0x30)
    1242                      .dwendentry
    1243                      .dwendtag $C$DW$77
    1244              
    1245 00000000               .sect   ".text:__isnanf"
    1246                      .clink
    1247                      .global ||__isnanf||
    1248              
    1249              $C$DW$82        .dwtag  DW_TAG_subprogram
    1250                      .dwattr $C$DW$82, DW_AT_name("__isnanf")
    1251                      .dwattr $C$DW$82, DW_AT_low_pc(||__isnanf||)
    1252                      .dwattr $C$DW$82, DW_AT_high_pc(0x00)
    1253                      .dwattr $C$DW$82, DW_AT_linkage_name("__isnanf")
TMS320C2000 Assembler PC v22.6.2 Tue Nov 18 13:15:21 2025

Copyright (c) 1996-2018 Texas Instruments Incorporated
hal_system_TMS320F280049C.asm                                        PAGE   25

    1254                      .dwattr $C$DW$82, DW_AT_external
    1255                      .dwattr $C$DW$82, DW_AT_type(*$C$DW$T$10)
    1256                      .dwattr $C$DW$82, DW_AT_decl_file("C:/ti/ccs2030/ccs/tools/compiler/ti-cgt-c2000_22.6.2.LTS/include/_
    1257                      .dwattr $C$DW$82, DW_AT_decl_line(0x158)
    1258                      .dwattr $C$DW$82, DW_AT_decl_column(0x18)
    1259                      .dwattr $C$DW$82, DW_AT_TI_max_frame_size(-2)
    1260                      .dwpsn  file "C:/ti/ccs2030/ccs/tools/compiler/ti-cgt-c2000_22.6.2.LTS/include/_defs.h",line 345,colu
    1261              
    1262                      .dwfde $C$DW$CIE, ||__isnanf||
    1263              $C$DW$83        .dwtag  DW_TAG_formal_parameter
    1264                      .dwattr $C$DW$83, DW_AT_name("f")
    1265                      .dwattr $C$DW$83, DW_AT_type(*$C$DW$T$16)
    1266                      .dwattr $C$DW$83, DW_AT_location[DW_OP_regx 0x2b]
    1267              
    1268              
    1269              ;***************************************************************
    1270              ;* FNAME: __isnanf                      FR SIZE:   0           *
    1271              ;*                                                             *
    1272              ;* FUNCTION ENVIRONMENT                                        *
    1273              ;*                                                             *
    1274              ;* FUNCTION PROPERTIES                                         *
    1275              ;*                            0 Parameter,  0 Auto,  0 SOE     *
    1276              ;***************************************************************
    1277              
    1278              ||__isnanf||:
    1279              ;* PL    assigned to $O$K3
    1280              ;* AR6   assigned to $O$S1
    1281              ;* R0    assigned to f
    1282              $C$DW$84        .dwtag  DW_TAG_variable
    1283                      .dwattr $C$DW$84, DW_AT_name("f")
    1284                      .dwattr $C$DW$84, DW_AT_type(*$C$DW$T$26)
    1285                      .dwattr $C$DW$84, DW_AT_location[DW_OP_regx 0x2b]
    1286              
    1287                      .dwcfi  cfa_offset, -2
    1288                      .dwcfi  save_reg_to_mem, 26, 0
    1289                      .dwpsn  file "C:/ti/ccs2030/ccs/tools/compiler/ti-cgt-c2000_22.6.2.LTS/include/_defs.h",line 345,colu
    1290 00000000 BFAB          MOV32     P,R0H                 ; [CPU_FPU] |345| 
         00000001 0F12 
    1291 00000002 CCAA          AND       AL,PH,#0x7f80         ; [CPU_ALU] |345| 
         00000003 7F80 
    1292 00000004 80A9          MOVZ      AR7,AL                ; [CPU_ALU] |345| 
    1293 00000005 BE00          MOVB      XAR6,#0               ; [CPU_ALU] |345| 
    1294 00000006 FF20          MOV       ACC,#32640            ; [CPU_ALU] |345| 
         00000007 7F80 
    1295 00000008 0FA7          CMPL      ACC,XAR7              ; [CPU_ALU] |345| 
    1296 00000009 6006          B         ||$C$L5||,NEQ         ; [CPU_ALU] |345| 
    1297                      ; branchcc occurs ; [] |345| 
    1298 0000000a A9A9          MOVL      ACC,P                 ; [CPU_ALU] |345| 
    1299 0000000b 917F          ANDB      AH,#127               ; [CPU_ALU] |345| 
    1300 0000000c FF58          TEST      ACC                   ; [CPU_ALU] |345| 
    1301 0000000d 56B0          MOVB      XAR6,#1,NEQ           ; [CPU_ALU] |345| 
         0000000e 01A6 
    1302 0000000f       ||$C$L5||:    
    1303 0000000f 92A6          MOV       AL,AR6                ; [CPU_ALU] |345| 
    1304              $C$DW$85        .dwtag  DW_TAG_TI_branch
TMS320C2000 Assembler PC v22.6.2 Tue Nov 18 13:15:21 2025

Copyright (c) 1996-2018 Texas Instruments Incorporated
hal_system_TMS320F280049C.asm                                        PAGE   26

    1305                      .dwattr $C$DW$85, DW_AT_low_pc(0x00)
    1306                      .dwattr $C$DW$85, DW_AT_TI_return
    1307              
    1308 00000010 0006          LRETR     ; [CPU_ALU] 
    1309                      ; return occurs ; [] 
    1310                      .dwattr $C$DW$82, DW_AT_TI_end_file("C:/ti/ccs2030/ccs/tools/compiler/ti-cgt-c2000_22.6.2.LTS/include
    1311                      .dwattr $C$DW$82, DW_AT_TI_end_line(0x15a)
    1312                      .dwattr $C$DW$82, DW_AT_TI_end_column(0x2e)
    1313                      .dwendentry
    1314                      .dwendtag $C$DW$82
    1315              
    1316 00000000               .sect   ".text:__isnan"
    1317                      .clink
    1318                      .global ||__isnan||
    1319              
    1320              $C$DW$86        .dwtag  DW_TAG_subprogram
    1321                      .dwattr $C$DW$86, DW_AT_name("__isnan")
    1322                      .dwattr $C$DW$86, DW_AT_low_pc(||__isnan||)
    1323                      .dwattr $C$DW$86, DW_AT_high_pc(0x00)
    1324                      .dwattr $C$DW$86, DW_AT_linkage_name("__isnan")
    1325                      .dwattr $C$DW$86, DW_AT_external
    1326                      .dwattr $C$DW$86, DW_AT_type(*$C$DW$T$10)
    1327                      .dwattr $C$DW$86, DW_AT_decl_file("C:/ti/ccs2030/ccs/tools/compiler/ti-cgt-c2000_22.6.2.LTS/include/_
    1328                      .dwattr $C$DW$86, DW_AT_decl_line(0x155)
    1329                      .dwattr $C$DW$86, DW_AT_decl_column(0x18)
    1330                      .dwattr $C$DW$86, DW_AT_TI_max_frame_size(-6)
    1331                      .dwpsn  file "C:/ti/ccs2030/ccs/tools/compiler/ti-cgt-c2000_22.6.2.LTS/include/_defs.h",line 342,colu
    1332              
    1333                      .dwfde $C$DW$CIE, ||__isnan||
    1334              $C$DW$87        .dwtag  DW_TAG_formal_parameter
    1335                      .dwattr $C$DW$87, DW_AT_name("d")
    1336                      .dwattr $C$DW$87, DW_AT_type(*$C$DW$T$27)
    1337                      .dwattr $C$DW$87, DW_AT_location[DW_OP_reg12]
    1338              
    1339              
    1340              ;***************************************************************
    1341              ;* FNAME: __isnan                       FR SIZE:   4           *
    1342              ;*                                                             *
    1343              ;* FUNCTION ENVIRONMENT                                        *
    1344              ;*                                                             *
    1345              ;* FUNCTION PROPERTIES                                         *
    1346              ;*                            4 Parameter,  0 Auto,  0 SOE     *
    1347              ;***************************************************************
    1348              
    1349              ||__isnan||:
    1350              ;* AR7   assigned to $O$C2
    1351              ;* AR4   assigned to $O$S1
    1352              ;* AR4   assigned to d
    1353              $C$DW$88        .dwtag  DW_TAG_variable
    1354                      .dwattr $C$DW$88, DW_AT_name("d")
    1355                      .dwattr $C$DW$88, DW_AT_type(*$C$DW$T$28)
    1356                      .dwattr $C$DW$88, DW_AT_location[DW_OP_reg12]
    1357              
    1358                      .dwcfi  cfa_offset, -2
    1359                      .dwcfi  save_reg_to_mem, 26, 0
TMS320C2000 Assembler PC v22.6.2 Tue Nov 18 13:15:21 2025

Copyright (c) 1996-2018 Texas Instruments Incorporated
hal_system_TMS320F280049C.asm                                        PAGE   27

    1360 00000000 FE04          ADDB      SP,#4                 ; [CPU_ARAU] 
    1361                      .dwcfi  cfa_offset, -6
    1362                      .dwpsn  file "C:/ti/ccs2030/ccs/tools/compiler/ti-cgt-c2000_22.6.2.LTS/include/_defs.h",line 342,colu
    1363 00000001 C5C4          MOVL      XAR7,*+XAR4[0]        ; [CPU_ALU] |342| 
    1364 00000002 06D4          MOVL      ACC,*+XAR4[2]         ; [CPU_ALU] |342| 
    1365 00000003 28AC          MOV       T,#48                 ; [CPU_ALU] |342| 
         00000004 0030 
    1366 00000005 1EA6          MOVL      XAR6,ACC              ; [CPU_ALU] |342| 
    1367 00000006 A3A7          MOVL      P,XAR7                ; [CPU_ALU] |342| 
    1368 00000007 D400          MOVB      XAR4,#0               ; [CPU_ALU] |342| 
    1369 00000008 565B          LSR64     ACC:P,T               ; [CPU_ALU] |342| 
    1370 00000009 2BAA          MOV       PH,#0                 ; [CPU_ALU] |342| 
    1371 0000000a 18AB          AND       PL,#0x7ff0            ; [CPU_ALU] |342| 
         0000000b 7FF0 
    1372 0000000c FF20          MOV       ACC,#32752            ; [CPU_ALU] |342| 
         0000000d 7FF0 
    1373 0000000e 0FAB          CMPL      ACC,P                 ; [CPU_ALU] |342| 
    1374 0000000f 6013          B         ||$C$L6||,NEQ         ; [CPU_ALU] |342| 
    1375                      ; branchcc occurs ; [] |342| 
    1376 00000010 06A6          MOVL      ACC,XAR6              ; [CPU_ALU] |342| 
    1377 00000011 A3A7          MOVL      P,XAR7                ; [CPU_ALU] |342| 
    1378 00000012 BE00          MOVB      XAR6,#0               ; [CPU_ALU] |342| 
    1379 00000013 18A9          AND       AL,#65535             ; [CPU_ALU] |342| 
         00000014 FFFF 
    1380 00000015 910F          ANDB      AH,#15                ; [CPU_ALU] |342| 
    1381 00000016 18AB          AND       PL,#65535             ; [CPU_ALU] |342| 
         00000017 FFFF 
    1382 00000018 18AA          AND       PH,#65535             ; [CPU_ALU] |342| 
         00000019 FFFF 
    1383 0000001a C244          MOVL      *-SP[4],XAR6          ; [CPU_FPU] |342| 
    1384 0000001b 2B42          MOV       *-SP[2],#0            ; [CPU_FPU] |342| 
    1385 0000001c 2B41          MOV       *-SP[1],#0            ; [CPU_FPU] |342| 
    1386              $C$DW$89        .dwtag  DW_TAG_TI_branch
    1387                      .dwattr $C$DW$89, DW_AT_low_pc(0x00)
    1388                      .dwattr $C$DW$89, DW_AT_name("__c28xabi_cmpull")
    1389                      .dwattr $C$DW$89, DW_AT_TI_call
    1390              
    1391 0000001d 7640!         LCR       #||__c28xabi_cmpull|| ; [CPU_ALU] |342| 
         0000001e 0000 
    1392                      ; call occurs [#||__c28xabi_cmpull||] ; [] |342| 
    1393 0000001f 5200          CMPB      AL,#0                 ; [CPU_ALU] |342| 
    1394 00000020 56B0          MOVB      XAR4,#1,NEQ           ; [CPU_ALU] |342| 
         00000021 01A4 
    1395 00000022       ||$C$L6||:    
    1396 00000022 FE84          SUBB      SP,#4                 ; [CPU_ARAU] 
    1397                      .dwcfi  cfa_offset, -2
    1398 00000023 92A4          MOV       AL,AR4                ; [CPU_ALU] |342| 
    1399              $C$DW$90        .dwtag  DW_TAG_TI_branch
    1400                      .dwattr $C$DW$90, DW_AT_low_pc(0x00)
    1401                      .dwattr $C$DW$90, DW_AT_TI_return
    1402              
    1403 00000024 0006          LRETR     ; [CPU_ALU] 
    1404                      ; return occurs ; [] 
    1405                      .dwattr $C$DW$86, DW_AT_TI_end_file("C:/ti/ccs2030/ccs/tools/compiler/ti-cgt-c2000_22.6.2.LTS/include
    1406                      .dwattr $C$DW$86, DW_AT_TI_end_line(0x157)
TMS320C2000 Assembler PC v22.6.2 Tue Nov 18 13:15:21 2025

Copyright (c) 1996-2018 Texas Instruments Incorporated
hal_system_TMS320F280049C.asm                                        PAGE   28

    1407                      .dwattr $C$DW$86, DW_AT_TI_end_column(0x2f)
    1408                      .dwendentry
    1409                      .dwendtag $C$DW$86
    1410              
    1411 00000000               .sect   ".text:__isinfl"
    1412                      .clink
    1413                      .global ||__isinfl||
    1414              
    1415              $C$DW$91        .dwtag  DW_TAG_subprogram
    1416                      .dwattr $C$DW$91, DW_AT_name("__isinfl")
    1417                      .dwattr $C$DW$91, DW_AT_low_pc(||__isinfl||)
    1418                      .dwattr $C$DW$91, DW_AT_high_pc(0x00)
    1419                      .dwattr $C$DW$91, DW_AT_linkage_name("__isinfl")
    1420                      .dwattr $C$DW$91, DW_AT_external
    1421                      .dwattr $C$DW$91, DW_AT_type(*$C$DW$T$10)
    1422                      .dwattr $C$DW$91, DW_AT_decl_file("C:/ti/ccs2030/ccs/tools/compiler/ti-cgt-c2000_22.6.2.LTS/include/_
    1423                      .dwattr $C$DW$91, DW_AT_decl_line(0x17a)
    1424                      .dwattr $C$DW$91, DW_AT_decl_column(0x18)
    1425                      .dwattr $C$DW$91, DW_AT_TI_max_frame_size(-6)
    1426                      .dwpsn  file "C:/ti/ccs2030/ccs/tools/compiler/ti-cgt-c2000_22.6.2.LTS/include/_defs.h",line 379,colu
    1427              
    1428                      .dwfde $C$DW$CIE, ||__isinfl||
    1429              $C$DW$92        .dwtag  DW_TAG_formal_parameter
    1430                      .dwattr $C$DW$92, DW_AT_name("e")
    1431                      .dwattr $C$DW$92, DW_AT_type(*$C$DW$T$29)
    1432                      .dwattr $C$DW$92, DW_AT_location[DW_OP_reg12]
    1433              
    1434              
    1435              ;***************************************************************
    1436              ;* FNAME: __isinfl                      FR SIZE:   4           *
    1437              ;*                                                             *
    1438              ;* FUNCTION ENVIRONMENT                                        *
    1439              ;*                                                             *
    1440              ;* FUNCTION PROPERTIES                                         *
    1441              ;*                            4 Parameter,  0 Auto,  0 SOE     *
    1442              ;***************************************************************
    1443              
    1444              ||__isinfl||:
    1445              ;* AR7   assigned to $O$C2
    1446              ;* AR4   assigned to $O$S1
    1447              ;* AR4   assigned to e
    1448              $C$DW$93        .dwtag  DW_TAG_variable
    1449                      .dwattr $C$DW$93, DW_AT_name("e")
    1450                      .dwattr $C$DW$93, DW_AT_type(*$C$DW$T$30)
    1451                      .dwattr $C$DW$93, DW_AT_location[DW_OP_reg12]
    1452              
    1453                      .dwcfi  cfa_offset, -2
    1454                      .dwcfi  save_reg_to_mem, 26, 0
    1455 00000000 FE04          ADDB      SP,#4                 ; [CPU_ARAU] 
    1456                      .dwcfi  cfa_offset, -6
    1457                      .dwpsn  file "C:/ti/ccs2030/ccs/tools/compiler/ti-cgt-c2000_22.6.2.LTS/include/_defs.h",line 379,colu
    1458 00000001 C5C4          MOVL      XAR7,*+XAR4[0]        ; [CPU_ALU] |379| 
    1459 00000002 06D4          MOVL      ACC,*+XAR4[2]         ; [CPU_ALU] |379| 
    1460 00000003 28AC          MOV       T,#48                 ; [CPU_ALU] |379| 
         00000004 0030 
TMS320C2000 Assembler PC v22.6.2 Tue Nov 18 13:15:21 2025

Copyright (c) 1996-2018 Texas Instruments Incorporated
hal_system_TMS320F280049C.asm                                        PAGE   29

    1461 00000005 1EA6          MOVL      XAR6,ACC              ; [CPU_ALU] |379| 
    1462 00000006 A3A7          MOVL      P,XAR7                ; [CPU_ALU] |379| 
    1463 00000007 D400          MOVB      XAR4,#0               ; [CPU_ALU] |379| 
    1464 00000008 565B          LSR64     ACC:P,T               ; [CPU_ALU] |379| 
    1465 00000009 2BAA          MOV       PH,#0                 ; [CPU_ALU] |379| 
    1466 0000000a 18AB          AND       PL,#0x7ff0            ; [CPU_ALU] |379| 
         0000000b 7FF0 
    1467 0000000c FF20          MOV       ACC,#32752            ; [CPU_ALU] |379| 
         0000000d 7FF0 
    1468 0000000e 0FAB          CMPL      ACC,P                 ; [CPU_ALU] |379| 
    1469 0000000f 6013          B         ||$C$L7||,NEQ         ; [CPU_ALU] |379| 
    1470                      ; branchcc occurs ; [] |379| 
    1471 00000010 06A6          MOVL      ACC,XAR6              ; [CPU_ALU] |379| 
    1472 00000011 A3A7          MOVL      P,XAR7                ; [CPU_ALU] |379| 
    1473 00000012 BE00          MOVB      XAR6,#0               ; [CPU_ALU] |379| 
    1474 00000013 18A9          AND       AL,#65535             ; [CPU_ALU] |379| 
         00000014 FFFF 
    1475 00000015 910F          ANDB      AH,#15                ; [CPU_ALU] |379| 
    1476 00000016 18AB          AND       PL,#65535             ; [CPU_ALU] |379| 
         00000017 FFFF 
    1477 00000018 18AA          AND       PH,#65535             ; [CPU_ALU] |379| 
         00000019 FFFF 
    1478 0000001a C244          MOVL      *-SP[4],XAR6          ; [CPU_FPU] |379| 
    1479 0000001b 2B42          MOV       *-SP[2],#0            ; [CPU_FPU] |379| 
    1480 0000001c 2B41          MOV       *-SP[1],#0            ; [CPU_FPU] |379| 
    1481              $C$DW$94        .dwtag  DW_TAG_TI_branch
    1482                      .dwattr $C$DW$94, DW_AT_low_pc(0x00)
    1483                      .dwattr $C$DW$94, DW_AT_name("__c28xabi_cmpull")
    1484                      .dwattr $C$DW$94, DW_AT_TI_call
    1485              
    1486 0000001d 7640!         LCR       #||__c28xabi_cmpull|| ; [CPU_ALU] |379| 
         0000001e 0000 
    1487                      ; call occurs [#||__c28xabi_cmpull||] ; [] |379| 
    1488 0000001f 5200          CMPB      AL,#0                 ; [CPU_ALU] |379| 
    1489 00000020 56B1          MOVB      XAR4,#1,EQ            ; [CPU_ALU] |379| 
         00000021 01A4 
    1490 00000022       ||$C$L7||:    
    1491 00000022 FE84          SUBB      SP,#4                 ; [CPU_ARAU] 
    1492                      .dwcfi  cfa_offset, -2
    1493 00000023 92A4          MOV       AL,AR4                ; [CPU_ALU] |379| 
    1494              $C$DW$95        .dwtag  DW_TAG_TI_branch
    1495                      .dwattr $C$DW$95, DW_AT_low_pc(0x00)
    1496                      .dwattr $C$DW$95, DW_AT_TI_return
    1497              
    1498 00000024 0006          LRETR     ; [CPU_ALU] 
    1499                      ; return occurs ; [] 
    1500                      .dwattr $C$DW$91, DW_AT_TI_end_file("C:/ti/ccs2030/ccs/tools/compiler/ti-cgt-c2000_22.6.2.LTS/include
    1501                      .dwattr $C$DW$91, DW_AT_TI_end_line(0x17b)
    1502                      .dwattr $C$DW$91, DW_AT_TI_end_column(0x4c)
    1503                      .dwendentry
    1504                      .dwendtag $C$DW$91
    1505              
    1506 00000000               .sect   ".text:__isinff"
    1507                      .clink
    1508                      .global ||__isinff||
TMS320C2000 Assembler PC v22.6.2 Tue Nov 18 13:15:21 2025

Copyright (c) 1996-2018 Texas Instruments Incorporated
hal_system_TMS320F280049C.asm                                        PAGE   30

    1509              
    1510              $C$DW$96        .dwtag  DW_TAG_subprogram
    1511                      .dwattr $C$DW$96, DW_AT_name("__isinff")
    1512                      .dwattr $C$DW$96, DW_AT_low_pc(||__isinff||)
    1513                      .dwattr $C$DW$96, DW_AT_high_pc(0x00)
    1514                      .dwattr $C$DW$96, DW_AT_linkage_name("__isinff")
    1515                      .dwattr $C$DW$96, DW_AT_external
    1516                      .dwattr $C$DW$96, DW_AT_type(*$C$DW$T$10)
    1517                      .dwattr $C$DW$96, DW_AT_decl_file("C:/ti/ccs2030/ccs/tools/compiler/ti-cgt-c2000_22.6.2.LTS/include/_
    1518                      .dwattr $C$DW$96, DW_AT_decl_line(0x176)
    1519                      .dwattr $C$DW$96, DW_AT_decl_column(0x18)
    1520                      .dwattr $C$DW$96, DW_AT_TI_max_frame_size(-2)
    1521                      .dwpsn  file "C:/ti/ccs2030/ccs/tools/compiler/ti-cgt-c2000_22.6.2.LTS/include/_defs.h",line 375,colu
    1522              
    1523                      .dwfde $C$DW$CIE, ||__isinff||
    1524              $C$DW$97        .dwtag  DW_TAG_formal_parameter
    1525                      .dwattr $C$DW$97, DW_AT_name("f")
    1526                      .dwattr $C$DW$97, DW_AT_type(*$C$DW$T$16)
    1527                      .dwattr $C$DW$97, DW_AT_location[DW_OP_regx 0x2b]
    1528              
    1529              
    1530              ;***************************************************************
    1531              ;* FNAME: __isinff                      FR SIZE:   0           *
    1532              ;*                                                             *
    1533              ;* FUNCTION ENVIRONMENT                                        *
    1534              ;*                                                             *
    1535              ;* FUNCTION PROPERTIES                                         *
    1536              ;*                            0 Parameter,  0 Auto,  0 SOE     *
    1537              ;***************************************************************
    1538              
    1539              ||__isinff||:
    1540              ;* PL    assigned to $O$K3
    1541              ;* AR6   assigned to $O$S1
    1542              ;* R0    assigned to f
    1543              $C$DW$98        .dwtag  DW_TAG_variable
    1544                      .dwattr $C$DW$98, DW_AT_name("f")
    1545                      .dwattr $C$DW$98, DW_AT_type(*$C$DW$T$26)
    1546                      .dwattr $C$DW$98, DW_AT_location[DW_OP_regx 0x2b]
    1547              
    1548                      .dwcfi  cfa_offset, -2
    1549                      .dwcfi  save_reg_to_mem, 26, 0
    1550                      .dwpsn  file "C:/ti/ccs2030/ccs/tools/compiler/ti-cgt-c2000_22.6.2.LTS/include/_defs.h",line 375,colu
    1551 00000000 BFAB          MOV32     P,R0H                 ; [CPU_FPU] |375| 
         00000001 0F12 
    1552 00000002 CCAA          AND       AL,PH,#0x7f80         ; [CPU_ALU] |375| 
         00000003 7F80 
    1553 00000004 80A9          MOVZ      AR7,AL                ; [CPU_ALU] |375| 
    1554 00000005 BE00          MOVB      XAR6,#0               ; [CPU_ALU] |375| 
    1555 00000006 FF20          MOV       ACC,#32640            ; [CPU_ALU] |375| 
         00000007 7F80 
    1556 00000008 0FA7          CMPL      ACC,XAR7              ; [CPU_ALU] |375| 
    1557 00000009 6006          B         ||$C$L8||,NEQ         ; [CPU_ALU] |375| 
    1558                      ; branchcc occurs ; [] |375| 
    1559 0000000a A9A9          MOVL      ACC,P                 ; [CPU_ALU] |375| 
    1560 0000000b 917F          ANDB      AH,#127               ; [CPU_ALU] |375| 
TMS320C2000 Assembler PC v22.6.2 Tue Nov 18 13:15:21 2025

Copyright (c) 1996-2018 Texas Instruments Incorporated
hal_system_TMS320F280049C.asm                                        PAGE   31

    1561 0000000c FF58          TEST      ACC                   ; [CPU_ALU] |375| 
    1562 0000000d 56B1          MOVB      XAR6,#1,EQ            ; [CPU_ALU] |375| 
         0000000e 01A6 
    1563 0000000f       ||$C$L8||:    
    1564 0000000f 92A6          MOV       AL,AR6                ; [CPU_ALU] |375| 
    1565              $C$DW$99        .dwtag  DW_TAG_TI_branch
    1566                      .dwattr $C$DW$99, DW_AT_low_pc(0x00)
    1567                      .dwattr $C$DW$99, DW_AT_TI_return
    1568              
    1569 00000010 0006          LRETR     ; [CPU_ALU] 
    1570                      ; return occurs ; [] 
    1571                      .dwattr $C$DW$96, DW_AT_TI_end_file("C:/ti/ccs2030/ccs/tools/compiler/ti-cgt-c2000_22.6.2.LTS/include
    1572                      .dwattr $C$DW$96, DW_AT_TI_end_line(0x177)
    1573                      .dwattr $C$DW$96, DW_AT_TI_end_column(0x48)
    1574                      .dwendentry
    1575                      .dwendtag $C$DW$96
    1576              
    1577 00000000               .sect   ".text:__isinf"
    1578                      .clink
    1579                      .global ||__isinf||
    1580              
    1581              $C$DW$100       .dwtag  DW_TAG_subprogram
    1582                      .dwattr $C$DW$100, DW_AT_name("__isinf")
    1583                      .dwattr $C$DW$100, DW_AT_low_pc(||__isinf||)
    1584                      .dwattr $C$DW$100, DW_AT_high_pc(0x00)
    1585                      .dwattr $C$DW$100, DW_AT_linkage_name("__isinf")
    1586                      .dwattr $C$DW$100, DW_AT_external
    1587                      .dwattr $C$DW$100, DW_AT_type(*$C$DW$T$10)
    1588                      .dwattr $C$DW$100, DW_AT_decl_file("C:/ti/ccs2030/ccs/tools/compiler/ti-cgt-c2000_22.6.2.LTS/include/
    1589                      .dwattr $C$DW$100, DW_AT_decl_line(0x178)
    1590                      .dwattr $C$DW$100, DW_AT_decl_column(0x18)
    1591                      .dwattr $C$DW$100, DW_AT_TI_max_frame_size(-6)
    1592                      .dwpsn  file "C:/ti/ccs2030/ccs/tools/compiler/ti-cgt-c2000_22.6.2.LTS/include/_defs.h",line 377,colu
    1593              
    1594                      .dwfde $C$DW$CIE, ||__isinf||
    1595              $C$DW$101       .dwtag  DW_TAG_formal_parameter
    1596                      .dwattr $C$DW$101, DW_AT_name("d")
    1597                      .dwattr $C$DW$101, DW_AT_type(*$C$DW$T$27)
    1598                      .dwattr $C$DW$101, DW_AT_location[DW_OP_reg12]
    1599              
    1600              
    1601              ;***************************************************************
    1602              ;* FNAME: __isinf                       FR SIZE:   4           *
    1603              ;*                                                             *
    1604              ;* FUNCTION ENVIRONMENT                                        *
    1605              ;*                                                             *
    1606              ;* FUNCTION PROPERTIES                                         *
    1607              ;*                            4 Parameter,  0 Auto,  0 SOE     *
    1608              ;***************************************************************
    1609              
    1610              ||__isinf||:
    1611              ;* AR7   assigned to $O$C2
    1612              ;* AR4   assigned to $O$S1
    1613              ;* AR4   assigned to d
    1614              $C$DW$102       .dwtag  DW_TAG_variable
TMS320C2000 Assembler PC v22.6.2 Tue Nov 18 13:15:21 2025

Copyright (c) 1996-2018 Texas Instruments Incorporated
hal_system_TMS320F280049C.asm                                        PAGE   32

    1615                      .dwattr $C$DW$102, DW_AT_name("d")
    1616                      .dwattr $C$DW$102, DW_AT_type(*$C$DW$T$28)
    1617                      .dwattr $C$DW$102, DW_AT_location[DW_OP_reg12]
    1618              
    1619                      .dwcfi  cfa_offset, -2
    1620                      .dwcfi  save_reg_to_mem, 26, 0
    1621 00000000 FE04          ADDB      SP,#4                 ; [CPU_ARAU] 
    1622                      .dwcfi  cfa_offset, -6
    1623                      .dwpsn  file "C:/ti/ccs2030/ccs/tools/compiler/ti-cgt-c2000_22.6.2.LTS/include/_defs.h",line 377,colu
    1624 00000001 C5C4          MOVL      XAR7,*+XAR4[0]        ; [CPU_ALU] |377| 
    1625 00000002 06D4          MOVL      ACC,*+XAR4[2]         ; [CPU_ALU] |377| 
    1626 00000003 28AC          MOV       T,#48                 ; [CPU_ALU] |377| 
         00000004 0030 
    1627 00000005 1EA6          MOVL      XAR6,ACC              ; [CPU_ALU] |377| 
    1628 00000006 A3A7          MOVL      P,XAR7                ; [CPU_ALU] |377| 
    1629 00000007 D400          MOVB      XAR4,#0               ; [CPU_ALU] |377| 
    1630 00000008 565B          LSR64     ACC:P,T               ; [CPU_ALU] |377| 
    1631 00000009 2BAA          MOV       PH,#0                 ; [CPU_ALU] |377| 
    1632 0000000a 18AB          AND       PL,#0x7ff0            ; [CPU_ALU] |377| 
         0000000b 7FF0 
    1633 0000000c FF20          MOV       ACC,#32752            ; [CPU_ALU] |377| 
         0000000d 7FF0 
    1634 0000000e 0FAB          CMPL      ACC,P                 ; [CPU_ALU] |377| 
    1635 0000000f 6013          B         ||$C$L9||,NEQ         ; [CPU_ALU] |377| 
    1636                      ; branchcc occurs ; [] |377| 
    1637 00000010 06A6          MOVL      ACC,XAR6              ; [CPU_ALU] |377| 
    1638 00000011 A3A7          MOVL      P,XAR7                ; [CPU_ALU] |377| 
    1639 00000012 BE00          MOVB      XAR6,#0               ; [CPU_ALU] |377| 
    1640 00000013 18A9          AND       AL,#65535             ; [CPU_ALU] |377| 
         00000014 FFFF 
    1641 00000015 910F          ANDB      AH,#15                ; [CPU_ALU] |377| 
    1642 00000016 18AB          AND       PL,#65535             ; [CPU_ALU] |377| 
         00000017 FFFF 
    1643 00000018 18AA          AND       PH,#65535             ; [CPU_ALU] |377| 
         00000019 FFFF 
    1644 0000001a C244          MOVL      *-SP[4],XAR6          ; [CPU_FPU] |377| 
    1645 0000001b 2B42          MOV       *-SP[2],#0            ; [CPU_FPU] |377| 
    1646 0000001c 2B41          MOV       *-SP[1],#0            ; [CPU_FPU] |377| 
    1647              $C$DW$103       .dwtag  DW_TAG_TI_branch
    1648                      .dwattr $C$DW$103, DW_AT_low_pc(0x00)
    1649                      .dwattr $C$DW$103, DW_AT_name("__c28xabi_cmpull")
    1650                      .dwattr $C$DW$103, DW_AT_TI_call
    1651              
    1652 0000001d 7640!         LCR       #||__c28xabi_cmpull|| ; [CPU_ALU] |377| 
         0000001e 0000 
    1653                      ; call occurs [#||__c28xabi_cmpull||] ; [] |377| 
    1654 0000001f 5200          CMPB      AL,#0                 ; [CPU_ALU] |377| 
    1655 00000020 56B1          MOVB      XAR4,#1,EQ            ; [CPU_ALU] |377| 
         00000021 01A4 
    1656 00000022       ||$C$L9||:    
    1657 00000022 FE84          SUBB      SP,#4                 ; [CPU_ARAU] 
    1658                      .dwcfi  cfa_offset, -2
    1659 00000023 92A4          MOV       AL,AR4                ; [CPU_ALU] |377| 
    1660              $C$DW$104       .dwtag  DW_TAG_TI_branch
    1661                      .dwattr $C$DW$104, DW_AT_low_pc(0x00)
TMS320C2000 Assembler PC v22.6.2 Tue Nov 18 13:15:21 2025

Copyright (c) 1996-2018 Texas Instruments Incorporated
hal_system_TMS320F280049C.asm                                        PAGE   33

    1662                      .dwattr $C$DW$104, DW_AT_TI_return
    1663              
    1664 00000024 0006          LRETR     ; [CPU_ALU] 
    1665                      ; return occurs ; [] 
    1666                      .dwattr $C$DW$100, DW_AT_TI_end_file("C:/ti/ccs2030/ccs/tools/compiler/ti-cgt-c2000_22.6.2.LTS/includ
    1667                      .dwattr $C$DW$100, DW_AT_TI_end_line(0x179)
    1668                      .dwattr $C$DW$100, DW_AT_TI_end_column(0x4a)
    1669                      .dwendentry
    1670                      .dwendtag $C$DW$100
    1671              
    1672 00000000               .sect   ".text:__isfinitel"
    1673                      .clink
    1674                      .global ||__isfinitel||
    1675              
    1676              $C$DW$105       .dwtag  DW_TAG_subprogram
    1677                      .dwattr $C$DW$105, DW_AT_name("__isfinitel")
    1678                      .dwattr $C$DW$105, DW_AT_low_pc(||__isfinitel||)
    1679                      .dwattr $C$DW$105, DW_AT_high_pc(0x00)
    1680                      .dwattr $C$DW$105, DW_AT_linkage_name("__isfinitel")
    1681                      .dwattr $C$DW$105, DW_AT_external
    1682                      .dwattr $C$DW$105, DW_AT_type(*$C$DW$T$10)
    1683                      .dwattr $C$DW$105, DW_AT_decl_file("C:/ti/ccs2030/ccs/tools/compiler/ti-cgt-c2000_22.6.2.LTS/include/
    1684                      .dwattr $C$DW$105, DW_AT_decl_line(0x152)
    1685                      .dwattr $C$DW$105, DW_AT_decl_column(0x18)
    1686                      .dwattr $C$DW$105, DW_AT_TI_max_frame_size(-2)
    1687                      .dwpsn  file "C:/ti/ccs2030/ccs/tools/compiler/ti-cgt-c2000_22.6.2.LTS/include/_defs.h",line 339,colu
    1688              
    1689                      .dwfde $C$DW$CIE, ||__isfinitel||
    1690              $C$DW$106       .dwtag  DW_TAG_formal_parameter
    1691                      .dwattr $C$DW$106, DW_AT_name("e")
    1692                      .dwattr $C$DW$106, DW_AT_type(*$C$DW$T$29)
    1693                      .dwattr $C$DW$106, DW_AT_location[DW_OP_reg12]
    1694              
    1695              
    1696              ;***************************************************************
    1697              ;* FNAME: __isfinitel                   FR SIZE:   0           *
    1698              ;*                                                             *
    1699              ;* FUNCTION ENVIRONMENT                                        *
    1700              ;*                                                             *
    1701              ;* FUNCTION PROPERTIES                                         *
    1702              ;*                            0 Parameter,  0 Auto,  0 SOE     *
    1703              ;***************************************************************
    1704              
    1705              ||__isfinitel||:
    1706              ;* AR4   assigned to e
    1707              $C$DW$107       .dwtag  DW_TAG_variable
    1708                      .dwattr $C$DW$107, DW_AT_name("e")
    1709                      .dwattr $C$DW$107, DW_AT_type(*$C$DW$T$30)
    1710                      .dwattr $C$DW$107, DW_AT_location[DW_OP_reg12]
    1711              
    1712                      .dwcfi  cfa_offset, -2
    1713                      .dwcfi  save_reg_to_mem, 26, 0
    1714                      .dwpsn  file "C:/ti/ccs2030/ccs/tools/compiler/ti-cgt-c2000_22.6.2.LTS/include/_defs.h",line 339,colu
    1715 00000000 A3C4          MOVL      P,*+XAR4[0]           ; [CPU_ALU] |339| 
    1716 00000001 06D4          MOVL      ACC,*+XAR4[2]         ; [CPU_ALU] |339| 
TMS320C2000 Assembler PC v22.6.2 Tue Nov 18 13:15:21 2025

Copyright (c) 1996-2018 Texas Instruments Incorporated
hal_system_TMS320F280049C.asm                                        PAGE   34

    1717 00000002 28AC          MOV       T,#48                 ; [CPU_ALU] |339| 
         00000003 0030 
    1718 00000004 565B          LSR64     ACC:P,T               ; [CPU_ALU] |339| 
    1719 00000005 18AB          AND       PL,#0x7ff0            ; [CPU_ALU] |339| 
         00000006 7FF0 
    1720 00000007 80AB          MOVZ      AR7,PL                ; [CPU_ALU] |339| 
    1721 00000008 FF20          MOV       ACC,#32752            ; [CPU_ALU] |339| 
         00000009 7FF0 
    1722 0000000a BE00          MOVB      XAR6,#0               ; [CPU_ALU] |339| 
    1723 0000000b 0FA7          CMPL      ACC,XAR7              ; [CPU_ALU] |339| 
    1724 0000000c 56B0          MOVB      XAR6,#1,NEQ           ; [CPU_ALU] |339| 
         0000000d 01A6 
    1725 0000000e 92A6          MOV       AL,AR6                ; [CPU_ALU] |339| 
    1726              $C$DW$108       .dwtag  DW_TAG_TI_branch
    1727                      .dwattr $C$DW$108, DW_AT_low_pc(0x00)
    1728                      .dwattr $C$DW$108, DW_AT_TI_return
    1729              
    1730 0000000f 0006          LRETR     ; [CPU_ALU] 
    1731                      ; return occurs ; [] 
    1732                      .dwattr $C$DW$105, DW_AT_TI_end_file("C:/ti/ccs2030/ccs/tools/compiler/ti-cgt-c2000_22.6.2.LTS/includ
    1733                      .dwattr $C$DW$105, DW_AT_TI_end_line(0x153)
    1734                      .dwattr $C$DW$105, DW_AT_TI_end_column(0x2f)
    1735                      .dwendentry
    1736                      .dwendtag $C$DW$105
    1737              
    1738 00000000               .sect   ".text:__isfinitef"
    1739                      .clink
    1740                      .global ||__isfinitef||
    1741              
    1742              $C$DW$109       .dwtag  DW_TAG_subprogram
    1743                      .dwattr $C$DW$109, DW_AT_name("__isfinitef")
    1744                      .dwattr $C$DW$109, DW_AT_low_pc(||__isfinitef||)
    1745                      .dwattr $C$DW$109, DW_AT_high_pc(0x00)
    1746                      .dwattr $C$DW$109, DW_AT_linkage_name("__isfinitef")
    1747                      .dwattr $C$DW$109, DW_AT_external
    1748                      .dwattr $C$DW$109, DW_AT_type(*$C$DW$T$10)
    1749                      .dwattr $C$DW$109, DW_AT_decl_file("C:/ti/ccs2030/ccs/tools/compiler/ti-cgt-c2000_22.6.2.LTS/include/
    1750                      .dwattr $C$DW$109, DW_AT_decl_line(0x150)
    1751                      .dwattr $C$DW$109, DW_AT_decl_column(0x18)
    1752                      .dwattr $C$DW$109, DW_AT_TI_max_frame_size(-2)
    1753                      .dwpsn  file "C:/ti/ccs2030/ccs/tools/compiler/ti-cgt-c2000_22.6.2.LTS/include/_defs.h",line 337,colu
    1754              
    1755                      .dwfde $C$DW$CIE, ||__isfinitef||
    1756              $C$DW$110       .dwtag  DW_TAG_formal_parameter
    1757                      .dwattr $C$DW$110, DW_AT_name("f")
    1758                      .dwattr $C$DW$110, DW_AT_type(*$C$DW$T$16)
    1759                      .dwattr $C$DW$110, DW_AT_location[DW_OP_regx 0x2b]
    1760              
    1761              
    1762              ;***************************************************************
    1763              ;* FNAME: __isfinitef                   FR SIZE:   0           *
    1764              ;*                                                             *
    1765              ;* FUNCTION ENVIRONMENT                                        *
    1766              ;*                                                             *
    1767              ;* FUNCTION PROPERTIES                                         *
TMS320C2000 Assembler PC v22.6.2 Tue Nov 18 13:15:21 2025

Copyright (c) 1996-2018 Texas Instruments Incorporated
hal_system_TMS320F280049C.asm                                        PAGE   35

    1768              ;*                            0 Parameter,  0 Auto,  0 SOE     *
    1769              ;***************************************************************
    1770              
    1771              ||__isfinitef||:
    1772              ;* R0    assigned to f
    1773              $C$DW$111       .dwtag  DW_TAG_variable
    1774                      .dwattr $C$DW$111, DW_AT_name("f")
    1775                      .dwattr $C$DW$111, DW_AT_type(*$C$DW$T$26)
    1776                      .dwattr $C$DW$111, DW_AT_location[DW_OP_regx 0x2b]
    1777              
    1778                      .dwcfi  cfa_offset, -2
    1779                      .dwcfi  save_reg_to_mem, 26, 0
    1780                      .dwpsn  file "C:/ti/ccs2030/ccs/tools/compiler/ti-cgt-c2000_22.6.2.LTS/include/_defs.h",line 337,colu
    1781 00000000 BFAB          MOV32     P,R0H                 ; [CPU_FPU] |337| 
         00000001 0F12 
    1782 00000002 18AA          AND       PH,#0x7f80            ; [CPU_ALU] |337| 
         00000003 7F80 
    1783 00000004 80AA          MOVZ      AR7,PH                ; [CPU_ALU] |337| 
    1784 00000005 FF20          MOV       ACC,#32640            ; [CPU_ALU] |337| 
         00000006 7F80 
    1785 00000007 BE00          MOVB      XAR6,#0               ; [CPU_ALU] |337| 
    1786 00000008 0FA7          CMPL      ACC,XAR7              ; [CPU_ALU] |337| 
    1787 00000009 56B0          MOVB      XAR6,#1,NEQ           ; [CPU_ALU] |337| 
         0000000a 01A6 
    1788 0000000b 92A6          MOV       AL,AR6                ; [CPU_ALU] |337| 
    1789              $C$DW$112       .dwtag  DW_TAG_TI_branch
    1790                      .dwattr $C$DW$112, DW_AT_low_pc(0x00)
    1791                      .dwattr $C$DW$112, DW_AT_TI_return
    1792              
    1793 0000000c 0006          LRETR     ; [CPU_ALU] 
    1794                      ; return occurs ; [] 
    1795                      .dwattr $C$DW$109, DW_AT_TI_end_file("C:/ti/ccs2030/ccs/tools/compiler/ti-cgt-c2000_22.6.2.LTS/includ
    1796                      .dwattr $C$DW$109, DW_AT_TI_end_line(0x151)
    1797                      .dwattr $C$DW$109, DW_AT_TI_end_column(0x2d)
    1798                      .dwendentry
    1799                      .dwendtag $C$DW$109
    1800              
    1801 00000000               .sect   ".text:__isfinite"
    1802                      .clink
    1803                      .global ||__isfinite||
    1804              
    1805              $C$DW$113       .dwtag  DW_TAG_subprogram
    1806                      .dwattr $C$DW$113, DW_AT_name("__isfinite")
    1807                      .dwattr $C$DW$113, DW_AT_low_pc(||__isfinite||)
    1808                      .dwattr $C$DW$113, DW_AT_high_pc(0x00)
    1809                      .dwattr $C$DW$113, DW_AT_linkage_name("__isfinite")
    1810                      .dwattr $C$DW$113, DW_AT_external
    1811                      .dwattr $C$DW$113, DW_AT_type(*$C$DW$T$10)
    1812                      .dwattr $C$DW$113, DW_AT_decl_file("C:/ti/ccs2030/ccs/tools/compiler/ti-cgt-c2000_22.6.2.LTS/include/
    1813                      .dwattr $C$DW$113, DW_AT_decl_line(0x14e)
    1814                      .dwattr $C$DW$113, DW_AT_decl_column(0x18)
    1815                      .dwattr $C$DW$113, DW_AT_TI_max_frame_size(-2)
    1816                      .dwpsn  file "C:/ti/ccs2030/ccs/tools/compiler/ti-cgt-c2000_22.6.2.LTS/include/_defs.h",line 335,colu
    1817              
    1818                      .dwfde $C$DW$CIE, ||__isfinite||
TMS320C2000 Assembler PC v22.6.2 Tue Nov 18 13:15:21 2025

Copyright (c) 1996-2018 Texas Instruments Incorporated
hal_system_TMS320F280049C.asm                                        PAGE   36

    1819              $C$DW$114       .dwtag  DW_TAG_formal_parameter
    1820                      .dwattr $C$DW$114, DW_AT_name("d")
    1821                      .dwattr $C$DW$114, DW_AT_type(*$C$DW$T$27)
    1822                      .dwattr $C$DW$114, DW_AT_location[DW_OP_reg12]
    1823              
    1824              
    1825              ;***************************************************************
    1826              ;* FNAME: __isfinite                    FR SIZE:   0           *
    1827              ;*                                                             *
    1828              ;* FUNCTION ENVIRONMENT                                        *
    1829              ;*                                                             *
    1830              ;* FUNCTION PROPERTIES                                         *
    1831              ;*                            0 Parameter,  0 Auto,  0 SOE     *
    1832              ;***************************************************************
    1833              
    1834              ||__isfinite||:
    1835              ;* AR4   assigned to d
    1836              $C$DW$115       .dwtag  DW_TAG_variable
    1837                      .dwattr $C$DW$115, DW_AT_name("d")
    1838                      .dwattr $C$DW$115, DW_AT_type(*$C$DW$T$28)
    1839                      .dwattr $C$DW$115, DW_AT_location[DW_OP_reg12]
    1840              
    1841                      .dwcfi  cfa_offset, -2
    1842                      .dwcfi  save_reg_to_mem, 26, 0
    1843                      .dwpsn  file "C:/ti/ccs2030/ccs/tools/compiler/ti-cgt-c2000_22.6.2.LTS/include/_defs.h",line 335,colu
    1844 00000000 A3C4          MOVL      P,*+XAR4[0]           ; [CPU_ALU] |335| 
    1845 00000001 06D4          MOVL      ACC,*+XAR4[2]         ; [CPU_ALU] |335| 
    1846 00000002 28AC          MOV       T,#48                 ; [CPU_ALU] |335| 
         00000003 0030 
    1847 00000004 565B          LSR64     ACC:P,T               ; [CPU_ALU] |335| 
    1848 00000005 18AB          AND       PL,#0x7ff0            ; [CPU_ALU] |335| 
         00000006 7FF0 
    1849 00000007 80AB          MOVZ      AR7,PL                ; [CPU_ALU] |335| 
    1850 00000008 FF20          MOV       ACC,#32752            ; [CPU_ALU] |335| 
         00000009 7FF0 
    1851 0000000a BE00          MOVB      XAR6,#0               ; [CPU_ALU] |335| 
    1852 0000000b 0FA7          CMPL      ACC,XAR7              ; [CPU_ALU] |335| 
    1853 0000000c 56B0          MOVB      XAR6,#1,NEQ           ; [CPU_ALU] |335| 
         0000000d 01A6 
    1854 0000000e 92A6          MOV       AL,AR6                ; [CPU_ALU] |335| 
    1855              $C$DW$116       .dwtag  DW_TAG_TI_branch
    1856                      .dwattr $C$DW$116, DW_AT_low_pc(0x00)
    1857                      .dwattr $C$DW$116, DW_AT_TI_return
    1858              
    1859 0000000f 0006          LRETR     ; [CPU_ALU] 
    1860                      ; return occurs ; [] 
    1861                      .dwattr $C$DW$113, DW_AT_TI_end_file("C:/ti/ccs2030/ccs/tools/compiler/ti-cgt-c2000_22.6.2.LTS/includ
    1862                      .dwattr $C$DW$113, DW_AT_TI_end_line(0x14f)
    1863                      .dwattr $C$DW$113, DW_AT_TI_end_column(0x2e)
    1864                      .dwendentry
    1865                      .dwendtag $C$DW$113
    1866              
    1867 00000000               .sect   ".text:__fpclassifyl"
    1868                      .clink
    1869                      .global ||__fpclassifyl||
TMS320C2000 Assembler PC v22.6.2 Tue Nov 18 13:15:21 2025

Copyright (c) 1996-2018 Texas Instruments Incorporated
hal_system_TMS320F280049C.asm                                        PAGE   37

    1870              
    1871              $C$DW$117       .dwtag  DW_TAG_subprogram
    1872                      .dwattr $C$DW$117, DW_AT_name("__fpclassifyl")
    1873                      .dwattr $C$DW$117, DW_AT_low_pc(||__fpclassifyl||)
    1874                      .dwattr $C$DW$117, DW_AT_high_pc(0x00)
    1875                      .dwattr $C$DW$117, DW_AT_linkage_name("__fpclassifyl")
    1876                      .dwattr $C$DW$117, DW_AT_external
    1877                      .dwattr $C$DW$117, DW_AT_type(*$C$DW$T$10)
    1878                      .dwattr $C$DW$117, DW_AT_decl_file("C:/ti/ccs2030/ccs/tools/compiler/ti-cgt-c2000_22.6.2.LTS/include/
    1879                      .dwattr $C$DW$117, DW_AT_decl_line(0x1ae)
    1880                      .dwattr $C$DW$117, DW_AT_decl_column(0x18)
    1881                      .dwattr $C$DW$117, DW_AT_TI_max_frame_size(-10)
    1882                      .dwpsn  file "C:/ti/ccs2030/ccs/tools/compiler/ti-cgt-c2000_22.6.2.LTS/include/_defs.h",line 431,colu
    1883              
    1884                      .dwfde $C$DW$CIE, ||__fpclassifyl||
    1885              $C$DW$118       .dwtag  DW_TAG_formal_parameter
    1886                      .dwattr $C$DW$118, DW_AT_name("e")
    1887                      .dwattr $C$DW$118, DW_AT_type(*$C$DW$T$29)
    1888                      .dwattr $C$DW$118, DW_AT_location[DW_OP_reg12]
    1889              
    1890              
    1891              ;***************************************************************
    1892              ;* FNAME: __fpclassifyl                 FR SIZE:   8           *
    1893              ;*                                                             *
    1894              ;* FUNCTION ENVIRONMENT                                        *
    1895              ;*                                                             *
    1896              ;* FUNCTION PROPERTIES                                         *
    1897              ;*                            4 Parameter,  4 Auto,  0 SOE     *
    1898              ;***************************************************************
    1899              
    1900              ||__fpclassifyl||:
    1901              $C$DW$119       .dwtag  DW_TAG_variable
    1902                      .dwattr $C$DW$119, DW_AT_name("e")
    1903                      .dwattr $C$DW$119, DW_AT_type(*$C$DW$T$18)
    1904                      .dwattr $C$DW$119, DW_AT_location[DW_OP_breg20 -8]
    1905              
    1906              ;* AR5   assigned to $O$C1
    1907              ;* AR4   assigned to e
    1908              $C$DW$120       .dwtag  DW_TAG_variable
    1909                      .dwattr $C$DW$120, DW_AT_name("e")
    1910                      .dwattr $C$DW$120, DW_AT_type(*$C$DW$T$30)
    1911                      .dwattr $C$DW$120, DW_AT_location[DW_OP_reg12]
    1912              
    1913                      .dwcfi  cfa_offset, -2
    1914                      .dwcfi  save_reg_to_mem, 26, 0
    1915 00000000 FE08          ADDB      SP,#8                 ; [CPU_ARAU] 
    1916                      .dwcfi  cfa_offset, -10
    1917 00000001 C4D4          MOVL      XAR6,*+XAR4[2]        ; [CPU_ALU] |431| 
    1918 00000002 06C4          MOVL      ACC,*+XAR4[0]         ; [CPU_ALU] |431| 
    1919 00000003 1E48          MOVL      *-SP[8],ACC           ; [CPU_ALU] |431| 
    1920 00000004 C246          MOVL      *-SP[6],XAR6          ; [CPU_ALU] |431| 
    1921                      .dwpsn  file "C:/ti/ccs2030/ccs/tools/compiler/ti-cgt-c2000_22.6.2.LTS/include/_defs.h",line 432,colu
    1922 00000005 8348          MOVL      XAR5,*-SP[8]          ; [CPU_ALU] |432| 
    1923 00000006 8A46          MOVL      XAR4,*-SP[6]          ; [CPU_ALU] |432| 
    1924                      .dwpsn  file "C:/ti/ccs2030/ccs/tools/compiler/ti-cgt-c2000_22.6.2.LTS/include/_defs.h",line 436,colu
TMS320C2000 Assembler PC v22.6.2 Tue Nov 18 13:15:21 2025

Copyright (c) 1996-2018 Texas Instruments Incorporated
hal_system_TMS320F280049C.asm                                        PAGE   38

    1925 00000007 28AC          MOV       T,#48                 ; [CPU_ALU] |436| 
         00000008 0030 
    1926 00000009 A0AB          MOVL      P,XAR5                ; [CPU_ALU] |436| 
    1927 0000000a A8A9          MOVL      ACC,XAR4              ; [CPU_ALU] |436| 
    1928 0000000b 565B          LSR64     ACC:P,T               ; [CPU_ALU] |436| 
    1929 0000000c 18AB          AND       PL,#0x7ff0            ; [CPU_ALU] |436| 
         0000000d 7FF0 
    1930 0000000e 88AB          MOVZ      AR6,PL                ; [CPU_ALU] |436| 
    1931 0000000f FF20          MOV       ACC,#32752            ; [CPU_ALU] |436| 
         00000010 7FF0 
    1932 00000011 0FA6          CMPL      ACC,XAR6              ; [CPU_ALU] |436| 
    1933 00000012 6016          B         ||$C$L11||,NEQ        ; [CPU_ALU] |436| 
    1934                      ; branchcc occurs ; [] |436| 
    1935 00000013 0200          MOVB      ACC,#0                ; [CPU_ALU] |436| 
    1936 00000014 1E44          MOVL      *-SP[4],ACC           ; [CPU_ALU] |436| 
    1937 00000015 2B42          MOV       *-SP[2],#0            ; [CPU_ALU] |436| 
    1938 00000016 2B41          MOV       *-SP[1],#0            ; [CPU_ALU] |436| 
    1939 00000017 A348          MOVL      P,*-SP[8]             ; [CPU_ALU] |436| 
    1940 00000018 0646          MOVL      ACC,*-SP[6]           ; [CPU_ALU] |436| 
    1941 00000019 18AB          AND       PL,#65535             ; [CPU_ALU] |436| 
         0000001a FFFF 
    1942 0000001b 18AA          AND       PH,#65535             ; [CPU_ALU] |436| 
         0000001c FFFF 
    1943 0000001d 18A9          AND       AL,#65535             ; [CPU_ALU] |436| 
         0000001e FFFF 
    1944 0000001f 910F          ANDB      AH,#15                ; [CPU_ALU] |436| 
    1945              $C$DW$121       .dwtag  DW_TAG_TI_branch
    1946                      .dwattr $C$DW$121, DW_AT_low_pc(0x00)
    1947                      .dwattr $C$DW$121, DW_AT_name("__c28xabi_cmpull")
    1948                      .dwattr $C$DW$121, DW_AT_TI_call
    1949              
    1950 00000020 7640!         LCR       #||__c28xabi_cmpull|| ; [CPU_ALU] |436| 
         00000021 0000 
    1951                      ; call occurs [#||__c28xabi_cmpull||] ; [] |436| 
    1952 00000022 5200          CMPB      AL,#0                 ; [CPU_ALU] |436| 
    1953 00000023 6103          B         ||$C$L10||,EQ         ; [CPU_ALU] |436| 
    1954                      ; branchcc occurs ; [] |436| 
    1955 00000024 9A02          MOVB      AL,#2                 ; [CPU_ALU] |436| 
    1956 00000025 6F2D          B         ||$C$L14||,UNC        ; [CPU_ALU] |436| 
    1957                      ; branch occurs ; [] |436| 
    1958 00000026       ||$C$L10||:    
    1959 00000026 9A01          MOVB      AL,#1                 ; [CPU_ALU] |436| 
    1960 00000027 6F2B          B         ||$C$L14||,UNC        ; [CPU_ALU] |436| 
    1961                      ; branch occurs ; [] |436| 
    1962 00000028       ||$C$L11||:    
    1963 00000028 BE00          MOVB      XAR6,#0               ; [CPU_ALU] |436| 
    1964 00000029 A0AB          MOVL      P,XAR5                ; [CPU_ALU] |436| 
    1965 0000002a A8A9          MOVL      ACC,XAR4              ; [CPU_ALU] |436| 
    1966 0000002b 28AC          MOV       T,#52                 ; [CPU_ALU] |436| 
         0000002c 0034 
    1967 0000002d C244          MOVL      *-SP[4],XAR6          ; [CPU_ALU] |436| 
    1968 0000002e 2B42          MOV       *-SP[2],#0            ; [CPU_ALU] |436| 
    1969 0000002f 565B          LSR64     ACC:P,T               ; [CPU_ALU] |436| 
    1970 00000030 2B41          MOV       *-SP[1],#0            ; [CPU_FPU] |436| 
    1971 00000031 9000          ANDB      AL,#0                 ; [CPU_ALU] |436| 
TMS320C2000 Assembler PC v22.6.2 Tue Nov 18 13:15:21 2025

Copyright (c) 1996-2018 Texas Instruments Incorporated
hal_system_TMS320F280049C.asm                                        PAGE   39

    1972 00000032 9100          ANDB      AH,#0                 ; [CPU_ALU] |436| 
    1973 00000033 18AB          AND       PL,#2047              ; [CPU_ALU] |436| 
         00000034 07FF 
    1974 00000035 18AA          AND       PH,#0                 ; [CPU_ALU] |436| 
         00000036 0000 
    1975              $C$DW$122       .dwtag  DW_TAG_TI_branch
    1976                      .dwattr $C$DW$122, DW_AT_low_pc(0x00)
    1977                      .dwattr $C$DW$122, DW_AT_name("__c28xabi_cmpull")
    1978                      .dwattr $C$DW$122, DW_AT_TI_call
    1979              
    1980 00000037 7640!         LCR       #||__c28xabi_cmpull|| ; [CPU_ALU] |436| 
         00000038 0000 
    1981                      ; call occurs [#||__c28xabi_cmpull||] ; [] |436| 
    1982 00000039 5200          CMPB      AL,#0                 ; [CPU_ALU] |436| 
    1983 0000003a 6104          B         ||$C$L12||,EQ         ; [CPU_ALU] |436| 
    1984                      ; branchcc occurs ; [] |436| 
    1985 0000003b 28A9          MOV       AL,#-1                ; [CPU_ALU] |436| 
         0000003c FFFF 
    1986 0000003d 6F15          B         ||$C$L14||,UNC        ; [CPU_ALU] |436| 
    1987                      ; branch occurs ; [] |436| 
    1988 0000003e       ||$C$L12||:    
    1989 0000003e C244          MOVL      *-SP[4],XAR6          ; [CPU_ALU] |436| 
    1990 0000003f A8A9          MOVL      ACC,XAR4              ; [CPU_ALU] |436| 
    1991 00000040 A0AB          MOVL      P,XAR5                ; [CPU_ALU] |436| 
    1992 00000041 2B42          MOV       *-SP[2],#0            ; [CPU_ALU] |436| 
    1993 00000042 18A9          AND       AL,#65535             ; [CPU_ALU] |436| 
         00000043 FFFF 
    1994 00000044 910F          ANDB      AH,#15                ; [CPU_ALU] |436| 
    1995 00000045 18AB          AND       PL,#65535             ; [CPU_ALU] |436| 
         00000046 FFFF 
    1996 00000047 18AA          AND       PH,#65535             ; [CPU_ALU] |436| 
         00000048 FFFF 
    1997 00000049 2B41          MOV       *-SP[1],#0            ; [CPU_FPU] |436| 
    1998              $C$DW$123       .dwtag  DW_TAG_TI_branch
    1999                      .dwattr $C$DW$123, DW_AT_low_pc(0x00)
    2000                      .dwattr $C$DW$123, DW_AT_name("__c28xabi_cmpull")
    2001                      .dwattr $C$DW$123, DW_AT_TI_call
    2002              
    2003 0000004a 7640!         LCR       #||__c28xabi_cmpull|| ; [CPU_ALU] |436| 
         0000004b 0000 
    2004                      ; call occurs [#||__c28xabi_cmpull||] ; [] |436| 
    2005 0000004c 5200          CMPB      AL,#0                 ; [CPU_ALU] |436| 
    2006 0000004d 6104          B         ||$C$L13||,EQ         ; [CPU_ALU] |436| 
    2007                      ; branchcc occurs ; [] |436| 
    2008 0000004e 28A9          MOV       AL,#-2                ; [CPU_ALU] |436| 
         0000004f FFFE 
    2009 00000050 6F02          B         ||$C$L14||,UNC        ; [CPU_ALU] |436| 
    2010                      ; branch occurs ; [] |436| 
    2011 00000051       ||$C$L13||:    
    2012 00000051 9A00          MOVB      AL,#0                 ; [CPU_ALU] |436| 
    2013 00000052       ||$C$L14||:    
    2014 00000052 FE88          SUBB      SP,#8                 ; [CPU_ARAU] 
    2015                      .dwcfi  cfa_offset, -2
    2016              $C$DW$124       .dwtag  DW_TAG_TI_branch
    2017                      .dwattr $C$DW$124, DW_AT_low_pc(0x00)
TMS320C2000 Assembler PC v22.6.2 Tue Nov 18 13:15:21 2025

Copyright (c) 1996-2018 Texas Instruments Incorporated
hal_system_TMS320F280049C.asm                                        PAGE   40

    2018                      .dwattr $C$DW$124, DW_AT_TI_return
    2019              
    2020 00000053 0006          LRETR     ; [CPU_ALU] 
    2021                      ; return occurs ; [] 
    2022                      .dwattr $C$DW$117, DW_AT_TI_end_file("C:/ti/ccs2030/ccs/tools/compiler/ti-cgt-c2000_22.6.2.LTS/includ
    2023                      .dwattr $C$DW$117, DW_AT_TI_end_line(0x1bd)
    2024                      .dwattr $C$DW$117, DW_AT_TI_end_column(0x01)
    2025                      .dwendentry
    2026                      .dwendtag $C$DW$117
    2027              
    2028 00000000               .sect   ".text:__fpclassifyf"
    2029                      .clink
    2030                      .global ||__fpclassifyf||
    2031              
    2032              $C$DW$125       .dwtag  DW_TAG_subprogram
    2033                      .dwattr $C$DW$125, DW_AT_name("__fpclassifyf")
    2034                      .dwattr $C$DW$125, DW_AT_low_pc(||__fpclassifyf||)
    2035                      .dwattr $C$DW$125, DW_AT_high_pc(0x00)
    2036                      .dwattr $C$DW$125, DW_AT_linkage_name("__fpclassifyf")
    2037                      .dwattr $C$DW$125, DW_AT_external
    2038                      .dwattr $C$DW$125, DW_AT_type(*$C$DW$T$10)
    2039                      .dwattr $C$DW$125, DW_AT_decl_file("C:/ti/ccs2030/ccs/tools/compiler/ti-cgt-c2000_22.6.2.LTS/include/
    2040                      .dwattr $C$DW$125, DW_AT_decl_line(0x18c)
    2041                      .dwattr $C$DW$125, DW_AT_decl_column(0x18)
    2042                      .dwattr $C$DW$125, DW_AT_TI_max_frame_size(-2)
    2043                      .dwpsn  file "C:/ti/ccs2030/ccs/tools/compiler/ti-cgt-c2000_22.6.2.LTS/include/_defs.h",line 397,colu
    2044              
    2045                      .dwfde $C$DW$CIE, ||__fpclassifyf||
    2046              $C$DW$126       .dwtag  DW_TAG_formal_parameter
    2047                      .dwattr $C$DW$126, DW_AT_name("f")
    2048                      .dwattr $C$DW$126, DW_AT_type(*$C$DW$T$16)
    2049                      .dwattr $C$DW$126, DW_AT_location[DW_OP_regx 0x2b]
    2050              
    2051              
    2052              ;***************************************************************
    2053              ;* FNAME: __fpclassifyf                 FR SIZE:   0           *
    2054              ;*                                                             *
    2055              ;* FUNCTION ENVIRONMENT                                        *
    2056              ;*                                                             *
    2057              ;* FUNCTION PROPERTIES                                         *
    2058              ;*                            0 Parameter,  0 Auto,  0 SOE     *
    2059              ;***************************************************************
    2060              
    2061              ||__fpclassifyf||:
    2062              ;* PL    assigned to $O$K1
    2063              ;* R0    assigned to f
    2064              $C$DW$127       .dwtag  DW_TAG_variable
    2065                      .dwattr $C$DW$127, DW_AT_name("f")
    2066                      .dwattr $C$DW$127, DW_AT_type(*$C$DW$T$26)
    2067                      .dwattr $C$DW$127, DW_AT_location[DW_OP_regx 0x2b]
    2068              
    2069                      .dwcfi  cfa_offset, -2
    2070                      .dwcfi  save_reg_to_mem, 26, 0
    2071                      .dwpsn  file "C:/ti/ccs2030/ccs/tools/compiler/ti-cgt-c2000_22.6.2.LTS/include/_defs.h",line 398,colu
    2072 00000000 BFAB          MOV32     P,R0H                 ; [CPU_FPU] |398| 
TMS320C2000 Assembler PC v22.6.2 Tue Nov 18 13:15:21 2025

Copyright (c) 1996-2018 Texas Instruments Incorporated
hal_system_TMS320F280049C.asm                                        PAGE   41

         00000001 0F12 
    2073                      .dwpsn  file "C:/ti/ccs2030/ccs/tools/compiler/ti-cgt-c2000_22.6.2.LTS/include/_defs.h",line 402,colu
    2074 00000002 CCAA          AND       AL,PH,#0x7f80         ; [CPU_ALU] |402| 
         00000003 7F80 
    2075 00000004 88A9          MOVZ      AR6,AL                ; [CPU_ALU] |402| 
    2076 00000005 FF20          MOV       ACC,#32640            ; [CPU_ALU] |402| 
         00000006 7F80 
    2077 00000007 0FA6          CMPL      ACC,XAR6              ; [CPU_ALU] |402| 
    2078 00000008 6009          B         ||$C$L16||,NEQ        ; [CPU_ALU] |402| 
    2079                      ; branchcc occurs ; [] |402| 
    2080 00000009 A9A9          MOVL      ACC,P                 ; [CPU_ALU] |402| 
    2081 0000000a 917F          ANDB      AH,#127               ; [CPU_ALU] |402| 
    2082 0000000b FF58          TEST      ACC                   ; [CPU_ALU] |402| 
    2083 0000000c 6103          B         ||$C$L15||,EQ         ; [CPU_ALU] |402| 
    2084                      ; branchcc occurs ; [] |402| 
    2085                      .dwcfi  remember_state
    2086 0000000d 9A02          MOVB      AL,#2                 ; [CPU_ALU] |402| 
    2087              $C$DW$128       .dwtag  DW_TAG_TI_branch
    2088                      .dwattr $C$DW$128, DW_AT_low_pc(0x00)
    2089                      .dwattr $C$DW$128, DW_AT_TI_return
    2090              
    2091 0000000e 0006          LRETR     ; [CPU_ALU] 
    2092                      ; return occurs ; [] 
    2093                      .dwcfi  restore_state
    2094 0000000f       ||$C$L15||:    
    2095                      .dwcfi  remember_state
    2096 0000000f 9A01          MOVB      AL,#1                 ; [CPU_ALU] |402| 
    2097              $C$DW$129       .dwtag  DW_TAG_TI_branch
    2098                      .dwattr $C$DW$129, DW_AT_low_pc(0x00)
    2099                      .dwattr $C$DW$129, DW_AT_TI_return
    2100              
    2101 00000010 0006          LRETR     ; [CPU_ALU] 
    2102                      ; return occurs ; [] 
    2103                      .dwcfi  restore_state
    2104 00000011       ||$C$L16||:    
    2105 00000011 A9A9          MOVL      ACC,P                 ; [CPU_ALU] |402| 
    2106 00000012 28AC          MOV       T,#23                 ; [CPU_ALU] |402| 
         00000013 0017 
    2107 00000014 5622          LSRL      ACC,T                 ; [CPU_ALU] |402| 
    2108 00000015 90FF          ANDB      AL,#0xff              ; [CPU_ALU] |402| 
    2109 00000016 6104          B         ||$C$L17||,EQ         ; [CPU_ALU] |402| 
    2110                      ; branchcc occurs ; [] |402| 
    2111                      .dwcfi  remember_state
    2112 00000017 28A9          MOV       AL,#-1                ; [CPU_ALU] |402| 
         00000018 FFFF 
    2113              $C$DW$130       .dwtag  DW_TAG_TI_branch
    2114                      .dwattr $C$DW$130, DW_AT_low_pc(0x00)
    2115                      .dwattr $C$DW$130, DW_AT_TI_return
    2116              
    2117 00000019 0006          LRETR     ; [CPU_ALU] 
    2118                      ; return occurs ; [] 
    2119                      .dwcfi  restore_state
    2120 0000001a       ||$C$L17||:    
    2121 0000001a A9A9          MOVL      ACC,P                 ; [CPU_ALU] |402| 
    2122 0000001b 917F          ANDB      AH,#127               ; [CPU_ALU] |402| 
TMS320C2000 Assembler PC v22.6.2 Tue Nov 18 13:15:21 2025

Copyright (c) 1996-2018 Texas Instruments Incorporated
hal_system_TMS320F280049C.asm                                        PAGE   42

    2123 0000001c FF58          TEST      ACC                   ; [CPU_ALU] |402| 
    2124 0000001d 6104          B         ||$C$L18||,EQ         ; [CPU_ALU] |402| 
    2125                      ; branchcc occurs ; [] |402| 
    2126                      .dwcfi  remember_state
    2127 0000001e 28A9          MOV       AL,#-2                ; [CPU_ALU] |402| 
         0000001f FFFE 
    2128              $C$DW$131       .dwtag  DW_TAG_TI_branch
    2129                      .dwattr $C$DW$131, DW_AT_low_pc(0x00)
    2130                      .dwattr $C$DW$131, DW_AT_TI_return
    2131              
    2132 00000020 0006          LRETR     ; [CPU_ALU] 
    2133                      ; return occurs ; [] 
    2134                      .dwcfi  restore_state
    2135 00000021       ||$C$L18||:    
    2136 00000021 9A00          MOVB      AL,#0                 ; [CPU_ALU] |402| 
    2137              $C$DW$132       .dwtag  DW_TAG_TI_branch
    2138                      .dwattr $C$DW$132, DW_AT_low_pc(0x00)
    2139                      .dwattr $C$DW$132, DW_AT_TI_return
    2140              
    2141 00000022 0006          LRETR     ; [CPU_ALU] 
    2142                      ; return occurs ; [] 
    2143                      .dwattr $C$DW$125, DW_AT_TI_end_file("C:/ti/ccs2030/ccs/tools/compiler/ti-cgt-c2000_22.6.2.LTS/includ
    2144                      .dwattr $C$DW$125, DW_AT_TI_end_line(0x19b)
    2145                      .dwattr $C$DW$125, DW_AT_TI_end_column(0x01)
    2146                      .dwendentry
    2147                      .dwendtag $C$DW$125
    2148              
    2149 00000000               .sect   ".text:__fpclassify"
    2150                      .clink
    2151                      .global ||__fpclassify||
    2152              
    2153              $C$DW$133       .dwtag  DW_TAG_subprogram
    2154                      .dwattr $C$DW$133, DW_AT_name("__fpclassify")
    2155                      .dwattr $C$DW$133, DW_AT_low_pc(||__fpclassify||)
    2156                      .dwattr $C$DW$133, DW_AT_high_pc(0x00)
    2157                      .dwattr $C$DW$133, DW_AT_linkage_name("__fpclassify")
    2158                      .dwattr $C$DW$133, DW_AT_external
    2159                      .dwattr $C$DW$133, DW_AT_type(*$C$DW$T$10)
    2160                      .dwattr $C$DW$133, DW_AT_decl_file("C:/ti/ccs2030/ccs/tools/compiler/ti-cgt-c2000_22.6.2.LTS/include/
    2161                      .dwattr $C$DW$133, DW_AT_decl_line(0x19d)
    2162                      .dwattr $C$DW$133, DW_AT_decl_column(0x18)
    2163                      .dwattr $C$DW$133, DW_AT_TI_max_frame_size(-10)
    2164                      .dwpsn  file "C:/ti/ccs2030/ccs/tools/compiler/ti-cgt-c2000_22.6.2.LTS/include/_defs.h",line 414,colu
    2165              
    2166                      .dwfde $C$DW$CIE, ||__fpclassify||
    2167              $C$DW$134       .dwtag  DW_TAG_formal_parameter
    2168                      .dwattr $C$DW$134, DW_AT_name("d")
    2169                      .dwattr $C$DW$134, DW_AT_type(*$C$DW$T$27)
    2170                      .dwattr $C$DW$134, DW_AT_location[DW_OP_reg12]
    2171              
    2172              
    2173              ;***************************************************************
    2174              ;* FNAME: __fpclassify                  FR SIZE:   8           *
    2175              ;*                                                             *
    2176              ;* FUNCTION ENVIRONMENT                                        *
TMS320C2000 Assembler PC v22.6.2 Tue Nov 18 13:15:21 2025

Copyright (c) 1996-2018 Texas Instruments Incorporated
hal_system_TMS320F280049C.asm                                        PAGE   43

    2177              ;*                                                             *
    2178              ;* FUNCTION PROPERTIES                                         *
    2179              ;*                            4 Parameter,  4 Auto,  0 SOE     *
    2180              ;***************************************************************
    2181              
    2182              ||__fpclassify||:
    2183              $C$DW$135       .dwtag  DW_TAG_variable
    2184                      .dwattr $C$DW$135, DW_AT_name("d")
    2185                      .dwattr $C$DW$135, DW_AT_type(*$C$DW$T$17)
    2186                      .dwattr $C$DW$135, DW_AT_location[DW_OP_breg20 -8]
    2187              
    2188              ;* AR5   assigned to $O$C1
    2189              ;* AR4   assigned to d
    2190              $C$DW$136       .dwtag  DW_TAG_variable
    2191                      .dwattr $C$DW$136, DW_AT_name("d")
    2192                      .dwattr $C$DW$136, DW_AT_type(*$C$DW$T$28)
    2193                      .dwattr $C$DW$136, DW_AT_location[DW_OP_reg12]
    2194              
    2195                      .dwcfi  cfa_offset, -2
    2196                      .dwcfi  save_reg_to_mem, 26, 0
    2197 00000000 FE08          ADDB      SP,#8                 ; [CPU_ARAU] 
    2198                      .dwcfi  cfa_offset, -10
    2199 00000001 C4D4          MOVL      XAR6,*+XAR4[2]        ; [CPU_ALU] |414| 
    2200 00000002 06C4          MOVL      ACC,*+XAR4[0]         ; [CPU_ALU] |414| 
    2201 00000003 1E48          MOVL      *-SP[8],ACC           ; [CPU_ALU] |414| 
    2202 00000004 C246          MOVL      *-SP[6],XAR6          ; [CPU_ALU] |414| 
    2203                      .dwpsn  file "C:/ti/ccs2030/ccs/tools/compiler/ti-cgt-c2000_22.6.2.LTS/include/_defs.h",line 415,colu
    2204 00000005 8348          MOVL      XAR5,*-SP[8]          ; [CPU_ALU] |415| 
    2205 00000006 8A46          MOVL      XAR4,*-SP[6]          ; [CPU_ALU] |415| 
    2206                      .dwpsn  file "C:/ti/ccs2030/ccs/tools/compiler/ti-cgt-c2000_22.6.2.LTS/include/_defs.h",line 419,colu
    2207 00000007 28AC          MOV       T,#48                 ; [CPU_ALU] |419| 
         00000008 0030 
    2208 00000009 A0AB          MOVL      P,XAR5                ; [CPU_ALU] |419| 
    2209 0000000a A8A9          MOVL      ACC,XAR4              ; [CPU_ALU] |419| 
    2210 0000000b 565B          LSR64     ACC:P,T               ; [CPU_ALU] |419| 
    2211 0000000c 18AB          AND       PL,#0x7ff0            ; [CPU_ALU] |419| 
         0000000d 7FF0 
    2212 0000000e 88AB          MOVZ      AR6,PL                ; [CPU_ALU] |419| 
    2213 0000000f FF20          MOV       ACC,#32752            ; [CPU_ALU] |419| 
         00000010 7FF0 
    2214 00000011 0FA6          CMPL      ACC,XAR6              ; [CPU_ALU] |419| 
    2215 00000012 6016          B         ||$C$L20||,NEQ        ; [CPU_ALU] |419| 
    2216                      ; branchcc occurs ; [] |419| 
    2217 00000013 0200          MOVB      ACC,#0                ; [CPU_ALU] |419| 
    2218 00000014 1E44          MOVL      *-SP[4],ACC           ; [CPU_ALU] |419| 
    2219 00000015 2B42          MOV       *-SP[2],#0            ; [CPU_ALU] |419| 
    2220 00000016 2B41          MOV       *-SP[1],#0            ; [CPU_ALU] |419| 
    2221 00000017 A348          MOVL      P,*-SP[8]             ; [CPU_ALU] |419| 
    2222 00000018 0646          MOVL      ACC,*-SP[6]           ; [CPU_ALU] |419| 
    2223 00000019 18AB          AND       PL,#65535             ; [CPU_ALU] |419| 
         0000001a FFFF 
    2224 0000001b 18AA          AND       PH,#65535             ; [CPU_ALU] |419| 
         0000001c FFFF 
    2225 0000001d 18A9          AND       AL,#65535             ; [CPU_ALU] |419| 
         0000001e FFFF 
TMS320C2000 Assembler PC v22.6.2 Tue Nov 18 13:15:21 2025

Copyright (c) 1996-2018 Texas Instruments Incorporated
hal_system_TMS320F280049C.asm                                        PAGE   44

    2226 0000001f 910F          ANDB      AH,#15                ; [CPU_ALU] |419| 
    2227              $C$DW$137       .dwtag  DW_TAG_TI_branch
    2228                      .dwattr $C$DW$137, DW_AT_low_pc(0x00)
    2229                      .dwattr $C$DW$137, DW_AT_name("__c28xabi_cmpull")
    2230                      .dwattr $C$DW$137, DW_AT_TI_call
    2231              
    2232 00000020 7640!         LCR       #||__c28xabi_cmpull|| ; [CPU_ALU] |419| 
         00000021 0000 
    2233                      ; call occurs [#||__c28xabi_cmpull||] ; [] |419| 
    2234 00000022 5200          CMPB      AL,#0                 ; [CPU_ALU] |419| 
    2235 00000023 6103          B         ||$C$L19||,EQ         ; [CPU_ALU] |419| 
    2236                      ; branchcc occurs ; [] |419| 
    2237 00000024 9A02          MOVB      AL,#2                 ; [CPU_ALU] |419| 
    2238 00000025 6F2D          B         ||$C$L23||,UNC        ; [CPU_ALU] |419| 
    2239                      ; branch occurs ; [] |419| 
    2240 00000026       ||$C$L19||:    
    2241 00000026 9A01          MOVB      AL,#1                 ; [CPU_ALU] |419| 
    2242 00000027 6F2B          B         ||$C$L23||,UNC        ; [CPU_ALU] |419| 
    2243                      ; branch occurs ; [] |419| 
    2244 00000028       ||$C$L20||:    
    2245 00000028 BE00          MOVB      XAR6,#0               ; [CPU_ALU] |419| 
    2246 00000029 A0AB          MOVL      P,XAR5                ; [CPU_ALU] |419| 
    2247 0000002a A8A9          MOVL      ACC,XAR4              ; [CPU_ALU] |419| 
    2248 0000002b 28AC          MOV       T,#52                 ; [CPU_ALU] |419| 
         0000002c 0034 
    2249 0000002d C244          MOVL      *-SP[4],XAR6          ; [CPU_ALU] |419| 
    2250 0000002e 2B42          MOV       *-SP[2],#0            ; [CPU_ALU] |419| 
    2251 0000002f 565B          LSR64     ACC:P,T               ; [CPU_ALU] |419| 
    2252 00000030 2B41          MOV       *-SP[1],#0            ; [CPU_FPU] |419| 
    2253 00000031 9000          ANDB      AL,#0                 ; [CPU_ALU] |419| 
    2254 00000032 9100          ANDB      AH,#0                 ; [CPU_ALU] |419| 
    2255 00000033 18AB          AND       PL,#2047              ; [CPU_ALU] |419| 
         00000034 07FF 
    2256 00000035 18AA          AND       PH,#0                 ; [CPU_ALU] |419| 
         00000036 0000 
    2257              $C$DW$138       .dwtag  DW_TAG_TI_branch
    2258                      .dwattr $C$DW$138, DW_AT_low_pc(0x00)
    2259                      .dwattr $C$DW$138, DW_AT_name("__c28xabi_cmpull")
    2260                      .dwattr $C$DW$138, DW_AT_TI_call
    2261              
    2262 00000037 7640!         LCR       #||__c28xabi_cmpull|| ; [CPU_ALU] |419| 
         00000038 0000 
    2263                      ; call occurs [#||__c28xabi_cmpull||] ; [] |419| 
    2264 00000039 5200          CMPB      AL,#0                 ; [CPU_ALU] |419| 
    2265 0000003a 6104          B         ||$C$L21||,EQ         ; [CPU_ALU] |419| 
    2266                      ; branchcc occurs ; [] |419| 
    2267 0000003b 28A9          MOV       AL,#-1                ; [CPU_ALU] |419| 
         0000003c FFFF 
    2268 0000003d 6F15          B         ||$C$L23||,UNC        ; [CPU_ALU] |419| 
    2269                      ; branch occurs ; [] |419| 
    2270 0000003e       ||$C$L21||:    
    2271 0000003e C244          MOVL      *-SP[4],XAR6          ; [CPU_ALU] |419| 
    2272 0000003f A8A9          MOVL      ACC,XAR4              ; [CPU_ALU] |419| 
    2273 00000040 A0AB          MOVL      P,XAR5                ; [CPU_ALU] |419| 
    2274 00000041 2B42          MOV       *-SP[2],#0            ; [CPU_ALU] |419| 
TMS320C2000 Assembler PC v22.6.2 Tue Nov 18 13:15:21 2025

Copyright (c) 1996-2018 Texas Instruments Incorporated
hal_system_TMS320F280049C.asm                                        PAGE   45

    2275 00000042 18A9          AND       AL,#65535             ; [CPU_ALU] |419| 
         00000043 FFFF 
    2276 00000044 910F          ANDB      AH,#15                ; [CPU_ALU] |419| 
    2277 00000045 18AB          AND       PL,#65535             ; [CPU_ALU] |419| 
         00000046 FFFF 
    2278 00000047 18AA          AND       PH,#65535             ; [CPU_ALU] |419| 
         00000048 FFFF 
    2279 00000049 2B41          MOV       *-SP[1],#0            ; [CPU_FPU] |419| 
    2280              $C$DW$139       .dwtag  DW_TAG_TI_branch
    2281                      .dwattr $C$DW$139, DW_AT_low_pc(0x00)
    2282                      .dwattr $C$DW$139, DW_AT_name("__c28xabi_cmpull")
    2283                      .dwattr $C$DW$139, DW_AT_TI_call
    2284              
    2285 0000004a 7640!         LCR       #||__c28xabi_cmpull|| ; [CPU_ALU] |419| 
         0000004b 0000 
    2286                      ; call occurs [#||__c28xabi_cmpull||] ; [] |419| 
    2287 0000004c 5200          CMPB      AL,#0                 ; [CPU_ALU] |419| 
    2288 0000004d 6104          B         ||$C$L22||,EQ         ; [CPU_ALU] |419| 
    2289                      ; branchcc occurs ; [] |419| 
    2290 0000004e 28A9          MOV       AL,#-2                ; [CPU_ALU] |419| 
         0000004f FFFE 
    2291 00000050 6F02          B         ||$C$L23||,UNC        ; [CPU_ALU] |419| 
    2292                      ; branch occurs ; [] |419| 
    2293 00000051       ||$C$L22||:    
    2294 00000051 9A00          MOVB      AL,#0                 ; [CPU_ALU] |419| 
    2295 00000052       ||$C$L23||:    
    2296 00000052 FE88          SUBB      SP,#8                 ; [CPU_ARAU] 
    2297                      .dwcfi  cfa_offset, -2
    2298              $C$DW$140       .dwtag  DW_TAG_TI_branch
    2299                      .dwattr $C$DW$140, DW_AT_low_pc(0x00)
    2300                      .dwattr $C$DW$140, DW_AT_TI_return
    2301              
    2302 00000053 0006          LRETR     ; [CPU_ALU] 
    2303                      ; return occurs ; [] 
    2304                      .dwattr $C$DW$133, DW_AT_TI_end_file("C:/ti/ccs2030/ccs/tools/compiler/ti-cgt-c2000_22.6.2.LTS/includ
    2305                      .dwattr $C$DW$133, DW_AT_TI_end_line(0x1ac)
    2306                      .dwattr $C$DW$133, DW_AT_TI_end_column(0x01)
    2307                      .dwendentry
    2308                      .dwendtag $C$DW$133
    2309              
    2310              ;**************************************************************
    2311              ;* UNDEFINED EXTERNAL REFERENCES                              *
    2312              ;**************************************************************
    2313                      .global ||Device_init||
    2314                      .global ||Device_initGPIO||
    2315                      .global ||Interrupt_initModule||
    2316                      .global ||Interrupt_initVectorTable||
    2317                      .global ||__c28xabi_cmpull||
    2318              ;**************************************************************
    2319              ;* SECTION GROUPS                                             *
    2320              ;**************************************************************
    2321                      .group    "__fpclassify", 1
    2322                      .gmember  ".text:__fpclassify"
    2323                      .endgroup
    2324                      .group    "__fpclassifyf", 1
TMS320C2000 Assembler PC v22.6.2 Tue Nov 18 13:15:21 2025

Copyright (c) 1996-2018 Texas Instruments Incorporated
hal_system_TMS320F280049C.asm                                        PAGE   46

    2325                      .gmember  ".text:__fpclassifyf"
    2326                      .endgroup
    2327                      .group    "__fpclassifyl", 1
    2328                      .gmember  ".text:__fpclassifyl"
    2329                      .endgroup
    2330                      .group    "__isfinite", 1
    2331                      .gmember  ".text:__isfinite"
    2332                      .endgroup
    2333                      .group    "__isfinitef", 1
    2334                      .gmember  ".text:__isfinitef"
    2335                      .endgroup
    2336                      .group    "__isfinitel", 1
    2337                      .gmember  ".text:__isfinitel"
    2338                      .endgroup
    2339                      .group    "__isinf", 1
    2340                      .gmember  ".text:__isinf"
    2341                      .endgroup
    2342                      .group    "__isinff", 1
    2343                      .gmember  ".text:__isinff"
    2344                      .endgroup
    2345                      .group    "__isinfl", 1
    2346                      .gmember  ".text:__isinfl"
    2347                      .endgroup
    2348                      .group    "__isnan", 1
    2349                      .gmember  ".text:__isnan"
    2350                      .endgroup
    2351                      .group    "__isnanf", 1
    2352                      .gmember  ".text:__isnanf"
    2353                      .endgroup
    2354                      .group    "__isnanl", 1
    2355                      .gmember  ".text:__isnanl"
    2356                      .endgroup
    2357                      .group    "__isnormal", 1
    2358                      .gmember  ".text:__isnormal"
    2359                      .endgroup
    2360                      .group    "__isnormalf", 1
    2361                      .gmember  ".text:__isnormalf"
    2362                      .endgroup
    2363                      .group    "__isnormall", 1
    2364                      .gmember  ".text:__isnormall"
    2365                      .endgroup
    2366                      .group    "__relaxed_atan2f", 1
    2367                      .gmember  ".text:__relaxed_atan2f"
    2368                      .endgroup
    2369                      .group    "__relaxed_atanf", 1
    2370                      .gmember  ".text:__relaxed_atanf"
    2371                      .endgroup
    2372                      .group    "__relaxed_cosf", 1
    2373                      .gmember  ".text:__relaxed_cosf"
    2374                      .endgroup
    2375                      .group    "__relaxed_fmaxf", 1
    2376                      .gmember  ".text:__relaxed_fmaxf"
    2377                      .endgroup
    2378                      .group    "__relaxed_fminf", 1
    2379                      .gmember  ".text:__relaxed_fminf"
TMS320C2000 Assembler PC v22.6.2 Tue Nov 18 13:15:21 2025

Copyright (c) 1996-2018 Texas Instruments Incorporated
hal_system_TMS320F280049C.asm                                        PAGE   47

    2380                      .endgroup
    2381                      .group    "__relaxed_fmodf", 1
    2382                      .gmember  ".text:__relaxed_fmodf"
    2383                      .endgroup
    2384                      .group    "__relaxed_sinf", 1
    2385                      .gmember  ".text:__relaxed_sinf"
    2386                      .endgroup
    2387                      .group    "__relaxed_sqrtf", 1
    2388                      .gmember  ".text:__relaxed_sqrtf"
    2389                      .endgroup
    2390                      .group    "__signbit", 1
    2391                      .gmember  ".text:__signbit"
    2392                      .endgroup
    2393                      .group    "__signbitf", 1
    2394                      .gmember  ".text:__signbitf"
    2395                      .endgroup
    2396                      .group    "__signbitl", 1
    2397                      .gmember  ".text:__signbitl"
    2398                      .endgroup
    2399              
    2400              
    2401              ;***************************************************************
    2402              ;* BUILD ATTRIBUTES                                            *
    2403              ;***************************************************************
    2404                      .battr "c28xabi", Tag_File, 1, Tag_float_args(1)
    2405                      .battr "c28xabi", Tag_File, 1, Tag_double_args(1)
    2406                      .dwattr $C$DW$CU, DW_AT_language(DW_LANG_C)
    2407              
    2408              ;***************************************************************
    2409              ;* DWARF CIE ENTRIES                                           *
    2410              ;***************************************************************
    2411              
    2412              $C$DW$CIE       .dwcie 26
    2413                      .dwcfi  cfa_register, 20
    2414                      .dwcfi  cfa_offset, 0
    2415                      .dwcfi  same_value, 28
    2416                      .dwcfi  same_value, 6
    2417                      .dwcfi  same_value, 7
    2418                      .dwcfi  same_value, 8
    2419                      .dwcfi  same_value, 9
    2420                      .dwcfi  same_value, 10
    2421                      .dwcfi  same_value, 11
    2422                      .dwcfi  same_value, 59
    2423                      .dwcfi  same_value, 63
    2424                      .dwcfi  same_value, 67
    2425                      .dwcfi  same_value, 71
    2426                      .dwendentry
    2427                      .dwendtag $C$DW$CU
    2428              
    2429              
    2430              ;***************************************************************
    2431              ;* TYPE INFORMATION                                            *
    2432              ;***************************************************************
    2433              
    2434              $C$DW$TU$2      .dwtag  DW_TAG_type_unit
TMS320C2000 Assembler PC v22.6.2 Tue Nov 18 13:15:21 2025

Copyright (c) 1996-2018 Texas Instruments Incorporated
hal_system_TMS320F280049C.asm                                        PAGE   48

    2435                      .dwmtype  $C$DW$T$2
    2436              $C$DW$T$2       .dwtag  DW_TAG_unspecified_type
    2437                      .dwattr $C$DW$T$2, DW_AT_name("void")
    2438              
    2439                      .dwendtag $C$DW$TU$2
    2440              
    2441              
    2442              $C$DW$TU$4      .dwtag  DW_TAG_type_unit
    2443                      .dwmtype  $C$DW$T$4
    2444              $C$DW$T$4       .dwtag  DW_TAG_base_type
    2445                      .dwattr $C$DW$T$4, DW_AT_encoding(DW_ATE_boolean)
    2446                      .dwattr $C$DW$T$4, DW_AT_name("bool")
    2447                      .dwattr $C$DW$T$4, DW_AT_byte_size(0x01)
    2448              
    2449                      .dwendtag $C$DW$TU$4
    2450              
    2451              
    2452              $C$DW$TU$5      .dwtag  DW_TAG_type_unit
    2453                      .dwmtype  $C$DW$T$5
    2454              $C$DW$T$5       .dwtag  DW_TAG_base_type
    2455                      .dwattr $C$DW$T$5, DW_AT_encoding(DW_ATE_signed_char)
    2456                      .dwattr $C$DW$T$5, DW_AT_name("signed char")
    2457                      .dwattr $C$DW$T$5, DW_AT_byte_size(0x01)
    2458              
    2459                      .dwendtag $C$DW$TU$5
    2460              
    2461              
    2462              $C$DW$TU$6      .dwtag  DW_TAG_type_unit
    2463                      .dwmtype  $C$DW$T$6
    2464              $C$DW$T$6       .dwtag  DW_TAG_base_type
    2465                      .dwattr $C$DW$T$6, DW_AT_encoding(DW_ATE_unsigned_char)
    2466                      .dwattr $C$DW$T$6, DW_AT_name("unsigned char")
    2467                      .dwattr $C$DW$T$6, DW_AT_byte_size(0x01)
    2468              
    2469                      .dwendtag $C$DW$TU$6
    2470              
    2471              
    2472              $C$DW$TU$7      .dwtag  DW_TAG_type_unit
    2473                      .dwmtype  $C$DW$T$7
    2474              $C$DW$T$7       .dwtag  DW_TAG_base_type
    2475                      .dwattr $C$DW$T$7, DW_AT_encoding(DW_ATE_signed_char)
    2476                      .dwattr $C$DW$T$7, DW_AT_name("wchar_t")
    2477                      .dwattr $C$DW$T$7, DW_AT_byte_size(0x02)
    2478              
    2479                      .dwendtag $C$DW$TU$7
    2480              
    2481              
    2482              $C$DW$TU$8      .dwtag  DW_TAG_type_unit
    2483                      .dwmtype  $C$DW$T$8
    2484              $C$DW$T$8       .dwtag  DW_TAG_base_type
    2485                      .dwattr $C$DW$T$8, DW_AT_encoding(DW_ATE_signed)
    2486                      .dwattr $C$DW$T$8, DW_AT_name("short")
    2487                      .dwattr $C$DW$T$8, DW_AT_byte_size(0x01)
    2488              
    2489                      .dwendtag $C$DW$TU$8
TMS320C2000 Assembler PC v22.6.2 Tue Nov 18 13:15:21 2025

Copyright (c) 1996-2018 Texas Instruments Incorporated
hal_system_TMS320F280049C.asm                                        PAGE   49

    2490              
    2491              
    2492              $C$DW$TU$9      .dwtag  DW_TAG_type_unit
    2493                      .dwmtype  $C$DW$T$9
    2494              $C$DW$T$9       .dwtag  DW_TAG_base_type
    2495                      .dwattr $C$DW$T$9, DW_AT_encoding(DW_ATE_unsigned)
    2496                      .dwattr $C$DW$T$9, DW_AT_name("unsigned short")
    2497                      .dwattr $C$DW$T$9, DW_AT_byte_size(0x01)
    2498              
    2499                      .dwendtag $C$DW$TU$9
    2500              
    2501              
    2502              $C$DW$TU$10     .dwtag  DW_TAG_type_unit
    2503                      .dwmtype  $C$DW$T$10
    2504              $C$DW$T$10      .dwtag  DW_TAG_base_type
    2505                      .dwattr $C$DW$T$10, DW_AT_encoding(DW_ATE_signed)
    2506                      .dwattr $C$DW$T$10, DW_AT_name("int")
    2507                      .dwattr $C$DW$T$10, DW_AT_byte_size(0x01)
    2508              
    2509                      .dwendtag $C$DW$TU$10
    2510              
    2511              
    2512              $C$DW$TU$11     .dwtag  DW_TAG_type_unit
    2513                      .dwmtype  $C$DW$T$11
    2514              $C$DW$T$11      .dwtag  DW_TAG_base_type
    2515                      .dwattr $C$DW$T$11, DW_AT_encoding(DW_ATE_unsigned)
    2516                      .dwattr $C$DW$T$11, DW_AT_name("unsigned int")
    2517                      .dwattr $C$DW$T$11, DW_AT_byte_size(0x01)
    2518              
    2519                      .dwendtag $C$DW$TU$11
    2520              
    2521              
    2522              $C$DW$TU$12     .dwtag  DW_TAG_type_unit
    2523                      .dwmtype  $C$DW$T$12
    2524              $C$DW$T$12      .dwtag  DW_TAG_base_type
    2525                      .dwattr $C$DW$T$12, DW_AT_encoding(DW_ATE_signed)
    2526                      .dwattr $C$DW$T$12, DW_AT_name("long")
    2527                      .dwattr $C$DW$T$12, DW_AT_byte_size(0x02)
    2528              
    2529                      .dwendtag $C$DW$TU$12
    2530              
    2531              
    2532              $C$DW$TU$13     .dwtag  DW_TAG_type_unit
    2533                      .dwmtype  $C$DW$T$13
    2534              $C$DW$T$13      .dwtag  DW_TAG_base_type
    2535                      .dwattr $C$DW$T$13, DW_AT_encoding(DW_ATE_unsigned)
    2536                      .dwattr $C$DW$T$13, DW_AT_name("unsigned long")
    2537                      .dwattr $C$DW$T$13, DW_AT_byte_size(0x02)
    2538              
    2539                      .dwendtag $C$DW$TU$13
    2540              
    2541              
    2542              $C$DW$TU$14     .dwtag  DW_TAG_type_unit
    2543                      .dwmtype  $C$DW$T$14
    2544              $C$DW$T$14      .dwtag  DW_TAG_base_type
TMS320C2000 Assembler PC v22.6.2 Tue Nov 18 13:15:21 2025

Copyright (c) 1996-2018 Texas Instruments Incorporated
hal_system_TMS320F280049C.asm                                        PAGE   50

    2545                      .dwattr $C$DW$T$14, DW_AT_encoding(DW_ATE_signed)
    2546                      .dwattr $C$DW$T$14, DW_AT_name("long long")
    2547                      .dwattr $C$DW$T$14, DW_AT_byte_size(0x04)
    2548              
    2549                      .dwendtag $C$DW$TU$14
    2550              
    2551              
    2552              $C$DW$TU$15     .dwtag  DW_TAG_type_unit
    2553                      .dwmtype  $C$DW$T$15
    2554              $C$DW$T$15      .dwtag  DW_TAG_base_type
    2555                      .dwattr $C$DW$T$15, DW_AT_encoding(DW_ATE_unsigned)
    2556                      .dwattr $C$DW$T$15, DW_AT_name("unsigned long long")
    2557                      .dwattr $C$DW$T$15, DW_AT_byte_size(0x04)
    2558              
    2559                      .dwendtag $C$DW$TU$15
    2560              
    2561              
    2562              $C$DW$TU$16     .dwtag  DW_TAG_type_unit
    2563                      .dwmtype  $C$DW$T$16
    2564              $C$DW$T$16      .dwtag  DW_TAG_base_type
    2565                      .dwattr $C$DW$T$16, DW_AT_encoding(DW_ATE_float)
    2566                      .dwattr $C$DW$T$16, DW_AT_name("float")
    2567                      .dwattr $C$DW$T$16, DW_AT_byte_size(0x02)
    2568              
    2569                      .dwendtag $C$DW$TU$16
    2570              
    2571              
    2572              $C$DW$TU$26     .dwtag  DW_TAG_type_unit
    2573                      .dwmtype  $C$DW$T$26
    2574              $C$DW$141       .dwtag  DW_TAG_TI_far_type
    2575                      .dwattr $C$DW$141, DW_AT_type(*$C$DW$T$16)
    2576              
    2577              $C$DW$T$26      .dwtag  DW_TAG_const_type
    2578                      .dwattr $C$DW$T$26, DW_AT_type(*$C$DW$141)
    2579              
    2580                      .dwendtag $C$DW$TU$26
    2581              
    2582              
    2583              $C$DW$TU$17     .dwtag  DW_TAG_type_unit
    2584                      .dwmtype  $C$DW$T$17
    2585              $C$DW$T$17      .dwtag  DW_TAG_base_type
    2586                      .dwattr $C$DW$T$17, DW_AT_encoding(DW_ATE_float)
    2587                      .dwattr $C$DW$T$17, DW_AT_name("double")
    2588                      .dwattr $C$DW$T$17, DW_AT_byte_size(0x04)
    2589              
    2590                      .dwendtag $C$DW$TU$17
    2591              
    2592              
    2593              $C$DW$TU$27     .dwtag  DW_TAG_type_unit
    2594                      .dwmtype  $C$DW$T$27
    2595              $C$DW$T$27      .dwtag  DW_TAG_pointer_type
    2596                      .dwattr $C$DW$T$27, DW_AT_type(*$C$DW$T$17)
    2597                      .dwattr $C$DW$T$27, DW_AT_address_class(0x20)
    2598              
    2599                      .dwendtag $C$DW$TU$27
TMS320C2000 Assembler PC v22.6.2 Tue Nov 18 13:15:21 2025

Copyright (c) 1996-2018 Texas Instruments Incorporated
hal_system_TMS320F280049C.asm                                        PAGE   51

    2600              
    2601              
    2602              $C$DW$TU$28     .dwtag  DW_TAG_type_unit
    2603                      .dwmtype  $C$DW$T$28
    2604              $C$DW$142       .dwtag  DW_TAG_TI_far_type
    2605                      .dwattr $C$DW$142, DW_AT_type(*$C$DW$T$27)
    2606              
    2607              $C$DW$T$28      .dwtag  DW_TAG_const_type
    2608                      .dwattr $C$DW$T$28, DW_AT_type(*$C$DW$142)
    2609              
    2610                      .dwendtag $C$DW$TU$28
    2611              
    2612              
    2613              $C$DW$TU$18     .dwtag  DW_TAG_type_unit
    2614                      .dwmtype  $C$DW$T$18
    2615              $C$DW$T$18      .dwtag  DW_TAG_base_type
    2616                      .dwattr $C$DW$T$18, DW_AT_encoding(DW_ATE_float)
    2617                      .dwattr $C$DW$T$18, DW_AT_name("long double")
    2618                      .dwattr $C$DW$T$18, DW_AT_byte_size(0x04)
    2619              
    2620                      .dwendtag $C$DW$TU$18
    2621              
    2622              
    2623              $C$DW$TU$29     .dwtag  DW_TAG_type_unit
    2624                      .dwmtype  $C$DW$T$29
    2625              $C$DW$T$29      .dwtag  DW_TAG_pointer_type
    2626                      .dwattr $C$DW$T$29, DW_AT_type(*$C$DW$T$18)
    2627                      .dwattr $C$DW$T$29, DW_AT_address_class(0x20)
    2628              
    2629                      .dwendtag $C$DW$TU$29
    2630              
    2631              
    2632              $C$DW$TU$30     .dwtag  DW_TAG_type_unit
    2633                      .dwmtype  $C$DW$T$30
    2634              $C$DW$143       .dwtag  DW_TAG_TI_far_type
    2635                      .dwattr $C$DW$143, DW_AT_type(*$C$DW$T$29)
    2636              
    2637              $C$DW$T$30      .dwtag  DW_TAG_const_type
    2638                      .dwattr $C$DW$T$30, DW_AT_type(*$C$DW$143)
    2639              
    2640                      .dwendtag $C$DW$TU$30
    2641              

No Assembly Errors, No Assembly Warnings
