TMS320C2000 Assembler PC v22.6.0 Mon Apr 21 09:03:31 2025

Copyright (c) 1996-2018 Texas Instruments Incorporated
hal_pwm_TMS320F280049C.asm                                           PAGE    1

       1              ;***************************************************************
       2              ;* TMS320C2000 G3 C/C++ Codegen                               PC v22.6.0.LTS *
       3              ;* Date/Time created: Mon Apr 21 09:03:31 2025                 *
       4              ;***************************************************************
       5                      .compiler_opts --abi=eabi --cla_support=cla2 --diag_wrap=off --float_support=fpu32 --hll_source=on --
       6                      .asg    XAR2, FP
       7              
       8              $C$DW$CU        .dwtag  DW_TAG_compile_unit
       9                      .dwattr $C$DW$CU, DW_AT_name("../hal/hal_pwm_TMS320F280049C.c")
      10                      .dwattr $C$DW$CU, DW_AT_producer("TI TMS320C2000 G3 C/C++ Codegen PC v22.6.0.LTS Copyright (c) 1996-2
      11                      .dwattr $C$DW$CU, DW_AT_TI_version(0x01)
      12                      .dwattr $C$DW$CU, DW_AT_comp_dir("D:\15_Delta\14. ANPC Converter\ANPC_3Layer\TMS320F280049C\RELEASE")
      13              
      14              $C$DW$1 .dwtag  DW_TAG_subprogram
      15                      .dwattr $C$DW$1, DW_AT_name("XBAR_setEPWMMuxConfig")
      16                      .dwattr $C$DW$1, DW_AT_linkage_name("XBAR_setEPWMMuxConfig")
      17                      .dwattr $C$DW$1, DW_AT_declaration
      18                      .dwattr $C$DW$1, DW_AT_external
      19                      .dwattr $C$DW$1, DW_AT_decl_file("D:\15_Delta\14. ANPC Converter\ANPC_3Layer\TMS320F280049C\device\dr
      20                      .dwattr $C$DW$1, DW_AT_decl_line(0x4be)
      21                      .dwattr $C$DW$1, DW_AT_decl_column(0x01)
      22              $C$DW$2 .dwtag  DW_TAG_formal_parameter
      23                      .dwattr $C$DW$2, DW_AT_type(*$C$DW$T$76)
      24              
      25              $C$DW$3 .dwtag  DW_TAG_formal_parameter
      26                      .dwattr $C$DW$3, DW_AT_type(*$C$DW$T$78)
      27              
      28                      .dwendtag $C$DW$1
      29              
      30              
      31              $C$DW$4 .dwtag  DW_TAG_subprogram
      32                      .dwattr $C$DW$4, DW_AT_name("XBAR_clearInputFlag")
      33                      .dwattr $C$DW$4, DW_AT_linkage_name("XBAR_clearInputFlag")
      34                      .dwattr $C$DW$4, DW_AT_declaration
      35                      .dwattr $C$DW$4, DW_AT_external
      36                      .dwattr $C$DW$4, DW_AT_decl_file("D:\15_Delta\14. ANPC Converter\ANPC_3Layer\TMS320F280049C\device\dr
      37                      .dwattr $C$DW$4, DW_AT_decl_line(0x4db)
      38                      .dwattr $C$DW$4, DW_AT_decl_column(0x01)
      39              $C$DW$5 .dwtag  DW_TAG_formal_parameter
      40                      .dwattr $C$DW$5, DW_AT_type(*$C$DW$T$80)
      41              
      42                      .dwendtag $C$DW$4
      43              
      44              
      45              $C$DW$6 .dwtag  DW_TAG_subprogram
      46                      .dwattr $C$DW$6, DW_AT_name("__eallow")
      47                      .dwattr $C$DW$6, DW_AT_linkage_name("__eallow")
      48                      .dwattr $C$DW$6, DW_AT_declaration
      49                      .dwattr $C$DW$6, DW_AT_external
      50                      .dwendtag $C$DW$6
      51              
      52              
      53              $C$DW$7 .dwtag  DW_TAG_subprogram
      54                      .dwattr $C$DW$7, DW_AT_name("__edis")
      55                      .dwattr $C$DW$7, DW_AT_linkage_name("__edis")
TMS320C2000 Assembler PC v22.6.0 Mon Apr 21 09:03:31 2025

Copyright (c) 1996-2018 Texas Instruments Incorporated
hal_pwm_TMS320F280049C.asm                                           PAGE    2

      56                      .dwattr $C$DW$7, DW_AT_declaration
      57                      .dwattr $C$DW$7, DW_AT_external
      58                      .dwendtag $C$DW$7
      59              
      60              ;       C:\ti\ccs1210\ccs\tools\compiler\ti-cgt-c2000_22.6.0.LTS\bin\opt2000.exe C:\\Users\\User\\AppData\\Lo
      61              ;       C:\ti\ccs1210\ccs\tools\compiler\ti-cgt-c2000_22.6.0.LTS\bin\acia2000.exe -@C:\\Users\\User\\AppData\
      62 00000000               .sect   ".text"
      63                      .clink
      64                      .global ||pwm_hal_SetupPWMforTrip||
      65              
      66              $C$DW$8 .dwtag  DW_TAG_subprogram
      67                      .dwattr $C$DW$8, DW_AT_name("pwm_hal_SetupPWMforTrip")
      68                      .dwattr $C$DW$8, DW_AT_low_pc(||pwm_hal_SetupPWMforTrip||)
      69                      .dwattr $C$DW$8, DW_AT_high_pc(0x00)
      70                      .dwattr $C$DW$8, DW_AT_linkage_name("pwm_hal_SetupPWMforTrip")
      71                      .dwattr $C$DW$8, DW_AT_external
      72                      .dwattr $C$DW$8, DW_AT_decl_file("../hal/hal_pwm_TMS320F280049C.c")
      73                      .dwattr $C$DW$8, DW_AT_decl_line(0xe9)
      74                      .dwattr $C$DW$8, DW_AT_decl_column(0x06)
      75                      .dwattr $C$DW$8, DW_AT_TI_max_frame_size(-4)
      76                      .dwpsn  file "../hal/hal_pwm_TMS320F280049C.c",line 234,column 1,is_stmt,address ||pwm_hal_SetupPWMfo
      77              
      78                      .dwfde $C$DW$CIE, ||pwm_hal_SetupPWMforTrip||
      79              $C$DW$9 .dwtag  DW_TAG_formal_parameter
      80                      .dwattr $C$DW$9, DW_AT_name("base")
      81                      .dwattr $C$DW$9, DW_AT_type(*$C$DW$T$84)
      82                      .dwattr $C$DW$9, DW_AT_location[DW_OP_reg0]
      83              
      84              
      85              ;***************************************************************
      86              ;* FNAME: pwm_hal_SetupPWMforTrip       FR SIZE:   2           *
      87              ;*                                                             *
      88              ;* FUNCTION ENVIRONMENT                                        *
      89              ;*                                                             *
      90              ;* FUNCTION PROPERTIES                                         *
      91              ;*                            0 Parameter,  0 Auto,  2 SOE     *
      92              ;***************************************************************
      93              
      94              ||pwm_hal_SetupPWMforTrip||:
      95              ;* AR4   assigned to base
      96              $C$DW$10        .dwtag  DW_TAG_variable
      97                      .dwattr $C$DW$10, DW_AT_name("base")
      98                      .dwattr $C$DW$10, DW_AT_type(*$C$DW$T$130)
      99                      .dwattr $C$DW$10, DW_AT_location[DW_OP_reg12]
     100              
     101                      .dwcfi  cfa_offset, -2
     102                      .dwcfi  save_reg_to_mem, 26, 0
     103 00000000 B2BD          MOVL      *SP++,XAR1            ; [CPU_ALU] 
     104                      .dwcfi  save_reg_to_mem, 7, 2
     105                      .dwcfi  cfa_offset, -4
     106 00000001 8AA9          MOVL      XAR4,ACC              ; [CPU_ALU] |234| 
     107                      .dwpsn  file "D:/15_Delta/14. ANPC Converter/ANPC_3Layer/TMS320F280049C/device/driverlib/epwm.h",line
     108 00000002 7622          EALLOW    ; [CPU_ALU] |5627| 
     109                      .dwpsn  file "D:/15_Delta/14. ANPC Converter/ANPC_3Layer/TMS320F280049C/device/driverlib/epwm.h",line
     110 00000003 D0C0          MOVB      XAR0,#192             ; [CPU_ALU] |5628| 
TMS320C2000 Assembler PC v22.6.0 Mon Apr 21 09:03:31 2025

Copyright (c) 1996-2018 Texas Instruments Incorporated
hal_pwm_TMS320F280049C.asm                                           PAGE    3

     111                      .dwpsn  file "D:/15_Delta/14. ANPC Converter/ANPC_3Layer/TMS320F280049C/device/driverlib/epwm.h",line
     112 00000004 D1C3          MOVB      XAR1,#195             ; [CPU_ALU] |6161| 
     113                      .dwpsn  file "D:/15_Delta/14. ANPC Converter/ANPC_3Layer/TMS320F280049C/device/driverlib/epwm.h",line
     114 00000005 CC94          AND       AL,*+XAR4[AR0],#0xfff0 ; [CPU_ALU] |5628| 
         00000006 FFF0 
     115 00000007 D0C0          MOVB      XAR0,#192             ; [CPU_ALU] |5628| 
     116 00000008 5003          ORB       AL,#0x03              ; [CPU_ALU] |5628| 
     117 00000009 9694          MOV       *+XAR4[AR0],AL        ; [CPU_ALU] |5628| 
     118                      .dwpsn  file "D:/15_Delta/14. ANPC Converter/ANPC_3Layer/TMS320F280049C/device/driverlib/epwm.h",line
     119 0000000a D082          MOVB      XAR0,#130             ; [CPU_ALU] |3998| 
     120 0000000b CC94          AND       AL,*+XAR4[AR0],#0xfff8 ; [CPU_ALU] |3998| 
         0000000c FFF8 
     121 0000000d D082          MOVB      XAR0,#130             ; [CPU_ALU] |3998| 
     122 0000000e 5002          ORB       AL,#0x02              ; [CPU_ALU] |3998| 
     123 0000000f 9694          MOV       *+XAR4[AR0],AL        ; [CPU_ALU] |3998| 
     124                      .dwpsn  file "D:/15_Delta/14. ANPC Converter/ANPC_3Layer/TMS320F280049C/device/driverlib/epwm.h",line
     125 00000010 D0C3          MOVB      XAR0,#195             ; [CPU_ALU] |6161| 
     126 00000011 CC94          AND       AL,*+XAR4[AR0],#0xfffe ; [CPU_ALU] |6161| 
         00000012 FFFE 
     127                      .dwpsn  file "D:/15_Delta/14. ANPC Converter/ANPC_3Layer/TMS320F280049C/device/driverlib/epwm.h",line
     128 00000013 D0C3          MOVB      XAR0,#195             ; [CPU_ALU] |6221| 
     129                      .dwpsn  file "D:/15_Delta/14. ANPC Converter/ANPC_3Layer/TMS320F280049C/device/driverlib/epwm.h",line
     130 00000014 969C          MOV       *+XAR4[AR1],AL        ; [CPU_ALU] |6161| 
     131                      .dwpsn  file "D:/15_Delta/14. ANPC Converter/ANPC_3Layer/TMS320F280049C/device/driverlib/epwm.h",line
     132 00000015 9294          MOV       AL,*+XAR4[AR0]        ; [CPU_ALU] |6221| 
     133 00000016 D0C3          MOVB      XAR0,#195             ; [CPU_ALU] |6221| 
     134 00000017 5002          ORB       AL,#0x02              ; [CPU_ALU] |6221| 
     135 00000018 9694          MOV       *+XAR4[AR0],AL        ; [CPU_ALU] |6221| 
     136                      .dwpsn  file "D:/15_Delta/14. ANPC Converter/ANPC_3Layer/TMS320F280049C/device/driverlib/epwm.h",line
     137 00000019 A8A9          MOVL      ACC,XAR4              ; [CPU_ALU] |3899| 
     138 0000001a 0980          ADDB      ACC,#128              ; [CPU_ALU] |3899| 
     139 0000001b 83A9          MOVL      XAR5,ACC              ; [CPU_ALU] |3899| 
     140                      .dwpsn  file "D:/15_Delta/14. ANPC Converter/ANPC_3Layer/TMS320F280049C/device/driverlib/epwm.h",line
     141 0000001c A8A9          MOVL      ACC,XAR4              ; [CPU_ALU] |4541| 
     142 0000001d 0997          ADDB      ACC,#151              ; [CPU_ALU] |4541| 
     143                      .dwpsn  file "D:/15_Delta/14. ANPC Converter/ANPC_3Layer/TMS320F280049C/device/driverlib/epwm.h",line
     144 0000001e 1AC5          OR        *+XAR5[0],#0x4000     ; [CPU_FPU] |3899| 
         0000001f 4000 
     145                      .dwpsn  file "D:/15_Delta/14. ANPC Converter/ANPC_3Layer/TMS320F280049C/device/driverlib/epwm.h",line
     146 00000020 83A9          MOVL      XAR5,ACC              ; [CPU_ALU] |4541| 
     147                      .dwpsn  file "D:/15_Delta/14. ANPC Converter/ANPC_3Layer/TMS320F280049C/device/driverlib/epwm.h",line
     148 00000021 D084          MOVB      XAR0,#132             ; [CPU_ALU] |4105| 
     149                      .dwpsn  file "D:/15_Delta/14. ANPC Converter/ANPC_3Layer/TMS320F280049C/device/driverlib/epwm.h",line
     150 00000022 1AC5          OR        *+XAR5[0],#0x0008     ; [CPU_ALU] |4541| 
         00000023 0008 
     151                      .dwpsn  file "D:/15_Delta/14. ANPC Converter/ANPC_3Layer/TMS320F280049C/device/driverlib/epwm.h",line
     152 00000024 CC94          AND       AL,*+XAR4[AR0],#0xfffe ; [CPU_ALU] |4105| 
         00000025 FFFE 
     153 00000026 D084          MOVB      XAR0,#132             ; [CPU_ALU] |4105| 
     154 00000027 5002          ORB       AL,#0x02              ; [CPU_ALU] |4105| 
     155 00000028 9694          MOV       *+XAR4[AR0],AL        ; [CPU_ALU] |4105| 
     156 00000029 D084          MOVB      XAR0,#132             ; [CPU_ALU] |4105| 
     157 0000002a CC94          AND       AL,*+XAR4[AR0],#0xfffb ; [CPU_ALU] |4105| 
         0000002b FFFB 
     158 0000002c D084          MOVB      XAR0,#132             ; [CPU_ALU] |4105| 
TMS320C2000 Assembler PC v22.6.0 Mon Apr 21 09:03:31 2025

Copyright (c) 1996-2018 Texas Instruments Incorporated
hal_pwm_TMS320F280049C.asm                                           PAGE    4

     159 0000002d 5008          ORB       AL,#0x08              ; [CPU_ALU] |4105| 
     160 0000002e 9694          MOV       *+XAR4[AR0],AL        ; [CPU_ALU] |4105| 
     161                      .dwpsn  file "D:/15_Delta/14. ANPC Converter/ANPC_3Layer/TMS320F280049C/device/driverlib/epwm.h",line
     162 0000002f A8A9          MOVL      ACC,XAR4              ; [CPU_ALU] |3899| 
     163 00000030 0980          ADDB      ACC,#128              ; [CPU_ALU] |3899| 
     164 00000031 83A9          MOVL      XAR5,ACC              ; [CPU_ALU] |3899| 
     165                      .dwpsn  file "D:/15_Delta/14. ANPC Converter/ANPC_3Layer/TMS320F280049C/device/driverlib/epwm.h",line
     166 00000032 A8A9          MOVL      ACC,XAR4              ; [CPU_ALU] |4581| 
     167 00000033 0998          ADDB      ACC,#152              ; [CPU_ALU] |4581| 
     168 00000034 8AA9          MOVL      XAR4,ACC              ; [CPU_ALU] |4581| 
     169                      .dwpsn  file "D:/15_Delta/14. ANPC Converter/ANPC_3Layer/TMS320F280049C/device/driverlib/epwm.h",line
     170 00000035 1AC5          OR        *+XAR5[0],#0x0020     ; [CPU_ALU] |3899| 
         00000036 0020 
     171                      .dwpsn  file "D:/15_Delta/14. ANPC Converter/ANPC_3Layer/TMS320F280049C/device/driverlib/epwm.h",line
     172 00000037 1AC4          OR        *+XAR4[0],#0x0020     ; [CPU_ALU] |4581| 
         00000038 0020 
     173                      .dwpsn  file "D:/15_Delta/14. ANPC Converter/ANPC_3Layer/TMS320F280049C/device/driverlib/epwm.h",line
     174 00000039 761A          EDIS      ; [CPU_ALU] |4582| 
     175 0000003a 8BBE          MOVL      XAR1,*--SP            ; [CPU_ALU] 
     176                      .dwcfi  cfa_offset, -2
     177                      .dwcfi  restore_reg, 7
     178              $C$DW$11        .dwtag  DW_TAG_TI_branch
     179                      .dwattr $C$DW$11, DW_AT_low_pc(0x00)
     180                      .dwattr $C$DW$11, DW_AT_TI_return
     181              
     182 0000003b 0006          LRETR     ; [CPU_ALU] 
     183                      ; return occurs ; [] 
     184                      .dwattr $C$DW$8, DW_AT_TI_end_file("../hal/hal_pwm_TMS320F280049C.c")
     185                      .dwattr $C$DW$8, DW_AT_TI_end_line(0x122)
     186                      .dwattr $C$DW$8, DW_AT_TI_end_column(0x01)
     187                      .dwendentry
     188                      .dwendtag $C$DW$8
     189              
     190 0000003c               .sect   ".text"
     191                      .clink
     192                      .global ||pwm_hal_SetupEPWMtoTriggerADCSOC||
     193              
     194              $C$DW$12        .dwtag  DW_TAG_subprogram
     195                      .dwattr $C$DW$12, DW_AT_name("pwm_hal_SetupEPWMtoTriggerADCSOC")
     196                      .dwattr $C$DW$12, DW_AT_low_pc(||pwm_hal_SetupEPWMtoTriggerADCSOC||)
     197                      .dwattr $C$DW$12, DW_AT_high_pc(0x00)
     198                      .dwattr $C$DW$12, DW_AT_linkage_name("pwm_hal_SetupEPWMtoTriggerADCSOC")
     199                      .dwattr $C$DW$12, DW_AT_external
     200                      .dwattr $C$DW$12, DW_AT_decl_file("../hal/hal_pwm_TMS320F280049C.c")
     201                      .dwattr $C$DW$12, DW_AT_decl_line(0xce)
     202                      .dwattr $C$DW$12, DW_AT_decl_column(0x06)
     203                      .dwattr $C$DW$12, DW_AT_TI_max_frame_size(-4)
     204                      .dwpsn  file "../hal/hal_pwm_TMS320F280049C.c",line 207,column 1,is_stmt,address ||pwm_hal_SetupEPWMt
     205              
     206                      .dwfde $C$DW$CIE, ||pwm_hal_SetupEPWMtoTriggerADCSOC||
     207              $C$DW$13        .dwtag  DW_TAG_formal_parameter
     208                      .dwattr $C$DW$13, DW_AT_name("base")
     209                      .dwattr $C$DW$13, DW_AT_type(*$C$DW$T$84)
     210                      .dwattr $C$DW$13, DW_AT_location[DW_OP_reg0]
     211              
TMS320C2000 Assembler PC v22.6.0 Mon Apr 21 09:03:31 2025

Copyright (c) 1996-2018 Texas Instruments Incorporated
hal_pwm_TMS320F280049C.asm                                           PAGE    5

     212              
     213              ;***************************************************************
     214              ;* FNAME: pwm_hal_SetupEPWMtoTriggerADCSOC FR SIZE:   2           *
     215              ;*                                                             *
     216              ;* FUNCTION ENVIRONMENT                                        *
     217              ;*                                                             *
     218              ;* FUNCTION PROPERTIES                                         *
     219              ;*                            0 Parameter,  0 Auto,  2 SOE     *
     220              ;***************************************************************
     221              
     222              ||pwm_hal_SetupEPWMtoTriggerADCSOC||:
     223              ;* AR4   assigned to base
     224              $C$DW$14        .dwtag  DW_TAG_variable
     225                      .dwattr $C$DW$14, DW_AT_name("base")
     226                      .dwattr $C$DW$14, DW_AT_type(*$C$DW$T$130)
     227                      .dwattr $C$DW$14, DW_AT_location[DW_OP_reg12]
     228              
     229                      .dwcfi  cfa_offset, -2
     230                      .dwcfi  save_reg_to_mem, 26, 0
     231 0000003c 8AA9          MOVL      XAR4,ACC              ; [CPU_ALU] |207| 
     232 0000003d B2BD          MOVL      *SP++,XAR1            ; [CPU_ALU] 
     233                      .dwcfi  save_reg_to_mem, 7, 2
     234                      .dwcfi  cfa_offset, -4
     235                      .dwpsn  file "D:/15_Delta/14. ANPC Converter/ANPC_3Layer/TMS320F280049C/device/driverlib/epwm.h",line
     236 0000003e D0A4          MOVB      XAR0,#164             ; [CPU_ALU] |5176| 
     237                      .dwpsn  file "D:/15_Delta/14. ANPC Converter/ANPC_3Layer/TMS320F280049C/device/driverlib/epwm.h",line
     238 0000003f D16D          MOVB      XAR1,#109             ; [CPU_ALU] |2445| 
     239                      .dwpsn  file "D:/15_Delta/14. ANPC Converter/ANPC_3Layer/TMS320F280049C/device/driverlib/epwm.h",line
     240 00000040 CC94          AND       AL,*+XAR4[AR0],#0xfeff ; [CPU_ALU] |5176| 
         00000041 FEFF 
     241 00000042 D0A4          MOVB      XAR0,#164             ; [CPU_ALU] |5176| 
     242 00000043 1AA9          OR        AL,#0x0600            ; [CPU_ALU] |5176| 
         00000044 0600 
     243 00000045 9694          MOV       *+XAR4[AR0],AL        ; [CPU_ALU] |5176| 
     244                      .dwpsn  file "D:/15_Delta/14. ANPC Converter/ANPC_3Layer/TMS320F280049C/device/driverlib/epwm.h",line
     245 00000046 A8A9          MOVL      ACC,XAR4              ; [CPU_ALU] |5191| 
     246 00000047 09A4          ADDB      ACC,#164              ; [CPU_ALU] |5191| 
     247 00000048 1EA6          MOVL      XAR6,ACC              ; [CPU_ALU] |5191| 
     248                      .dwpsn  file "D:/15_Delta/14. ANPC Converter/ANPC_3Layer/TMS320F280049C/device/driverlib/epwm.h",line
     249 00000049 A8A9          MOVL      ACC,XAR4              ; [CPU_ALU] |5288| 
     250 0000004a 09A6          ADDB      ACC,#166              ; [CPU_ALU] |5288| 
     251 0000004b 83A9          MOVL      XAR5,ACC              ; [CPU_ALU] |5288| 
     252                      .dwpsn  file "D:/15_Delta/14. ANPC Converter/ANPC_3Layer/TMS320F280049C/device/driverlib/epwm.h",line
     253 0000004c 18C6          AND       *+XAR6[0],#0xffef     ; [CPU_ALU] |5191| 
         0000004d FFEF 
     254                      .dwpsn  file "D:/15_Delta/14. ANPC Converter/ANPC_3Layer/TMS320F280049C/device/driverlib/epwm.h",line
     255 0000004e D0B0          MOVB      XAR0,#176             ; [CPU_ALU] |5294| 
     256                      .dwpsn  file "D:/15_Delta/14. ANPC Converter/ANPC_3Layer/TMS320F280049C/device/driverlib/epwm.h",line
     257 0000004f 289C          MOV       *+XAR4[AR1],#267      ; [CPU_ALU] |2445| 
         00000050 010B 
     258                      .dwpsn  file "D:/15_Delta/14. ANPC Converter/ANPC_3Layer/TMS320F280049C/device/driverlib/epwm.h",line
     259 00000051 1AC5          OR        *+XAR5[0],#0x0020     ; [CPU_ALU] |5288| 
         00000052 0020 
     260                      .dwpsn  file "D:/15_Delta/14. ANPC Converter/ANPC_3Layer/TMS320F280049C/device/driverlib/epwm.h",line
     261 00000053 CC94          AND       AL,*+XAR4[AR0],#0xfff0 ; [CPU_ALU] |5294| 
TMS320C2000 Assembler PC v22.6.0 Mon Apr 21 09:03:31 2025

Copyright (c) 1996-2018 Texas Instruments Incorporated
hal_pwm_TMS320F280049C.asm                                           PAGE    6

         00000054 FFF0 
     262 00000055 D0B0          MOVB      XAR0,#176             ; [CPU_ALU] |5294| 
     263 00000056 5002          ORB       AL,#0x02              ; [CPU_ALU] |5294| 
     264 00000057 9694          MOV       *+XAR4[AR0],AL        ; [CPU_ALU] |5294| 
     265                      .dwpsn  file "D:/15_Delta/14. ANPC Converter/ANPC_3Layer/TMS320F280049C/device/driverlib/epwm.h",line
     266 00000058 A8A9          MOVL      ACC,XAR4              ; [CPU_ALU] |5072| 
     267 00000059 09A4          ADDB      ACC,#164              ; [CPU_ALU] |5072| 
     268 0000005a 8AA9          MOVL      XAR4,ACC              ; [CPU_ALU] |5072| 
     269 0000005b 1AC4          OR        *+XAR4[0],#0x0800     ; [CPU_ALU] |5072| 
         0000005c 0800 
     270 0000005d 8BBE          MOVL      XAR1,*--SP            ; [CPU_ALU] 
     271                      .dwcfi  cfa_offset, -2
     272                      .dwcfi  restore_reg, 7
     273              $C$DW$15        .dwtag  DW_TAG_TI_branch
     274                      .dwattr $C$DW$15, DW_AT_low_pc(0x00)
     275                      .dwattr $C$DW$15, DW_AT_TI_return
     276              
     277 0000005e 0006          LRETR     ; [CPU_ALU] 
     278                      ; return occurs ; [] 
     279                      .dwattr $C$DW$12, DW_AT_TI_end_file("../hal/hal_pwm_TMS320F280049C.c")
     280                      .dwattr $C$DW$12, DW_AT_TI_end_line(0xe4)
     281                      .dwattr $C$DW$12, DW_AT_TI_end_column(0x01)
     282                      .dwendentry
     283                      .dwendtag $C$DW$12
     284              
     285 0000005f               .sect   ".text"
     286                      .clink
     287                      .global ||pwm_hal_SetupBoardProtection_PWMTrip||
     288              
     289              $C$DW$16        .dwtag  DW_TAG_subprogram
     290                      .dwattr $C$DW$16, DW_AT_name("pwm_hal_SetupBoardProtection_PWMTrip")
     291                      .dwattr $C$DW$16, DW_AT_low_pc(||pwm_hal_SetupBoardProtection_PWMTrip||)
     292                      .dwattr $C$DW$16, DW_AT_high_pc(0x00)
     293                      .dwattr $C$DW$16, DW_AT_linkage_name("pwm_hal_SetupBoardProtection_PWMTrip")
     294                      .dwattr $C$DW$16, DW_AT_external
     295                      .dwattr $C$DW$16, DW_AT_decl_file("../hal/hal_pwm_TMS320F280049C.c")
     296                      .dwattr $C$DW$16, DW_AT_decl_line(0x148)
     297                      .dwattr $C$DW$16, DW_AT_decl_column(0x06)
     298                      .dwattr $C$DW$16, DW_AT_TI_max_frame_size(-2)
     299                      .dwpsn  file "../hal/hal_pwm_TMS320F280049C.c",line 329,column 1,is_stmt,address ||pwm_hal_SetupBoard
     300              
     301                      .dwfde $C$DW$CIE, ||pwm_hal_SetupBoardProtection_PWMTrip||
     302              
     303              ;***************************************************************
     304              ;* FNAME: pwm_hal_SetupBoardProtection_PWMTrip FR SIZE:   0           *
     305              ;*                                                             *
     306              ;* FUNCTION ENVIRONMENT                                        *
     307              ;*                                                             *
     308              ;* FUNCTION PROPERTIES                                         *
     309              ;*                            0 Parameter,  0 Auto,  0 SOE     *
     310              ;***************************************************************
     311              
     312 0000005f       ||pwm_hal_SetupBoardProtection_PWMTrip||:
     313                      .dwcfi  cfa_offset, -2
     314                      .dwcfi  save_reg_to_mem, 26, 0
TMS320C2000 Assembler PC v22.6.0 Mon Apr 21 09:03:31 2025

Copyright (c) 1996-2018 Texas Instruments Incorporated
hal_pwm_TMS320F280049C.asm                                           PAGE    7

     315                      .dwpsn  file "../hal/hal_pwm_TMS320F280049C.c",line 334,column 5,is_stmt,isa 0
     316 0000005f FF20          MOV       ACC,#16384            ; [CPU_ALU] |334| 
         00000060 4000 
     317              $C$DW$17        .dwtag  DW_TAG_TI_branch
     318                      .dwattr $C$DW$17, DW_AT_low_pc(0x00)
     319                      .dwattr $C$DW$17, DW_AT_name("pwm_hal_SetupPWMforTrip")
     320                      .dwattr $C$DW$17, DW_AT_TI_call
     321              
     322 00000061 7640!         LCR       #||pwm_hal_SetupPWMforTrip|| ; [CPU_ALU] |334| 
         00000062 0000 
     323                      ; call occurs [#||pwm_hal_SetupPWMforTrip||] ; [] |334| 
     324                      .dwpsn  file "../hal/hal_pwm_TMS320F280049C.c",line 335,column 5,is_stmt,isa 0
     325 00000063 FF20          MOV       ACC,#16640            ; [CPU_ALU] |335| 
         00000064 4100 
     326              $C$DW$18        .dwtag  DW_TAG_TI_branch
     327                      .dwattr $C$DW$18, DW_AT_low_pc(0x00)
     328                      .dwattr $C$DW$18, DW_AT_name("pwm_hal_SetupPWMforTrip")
     329                      .dwattr $C$DW$18, DW_AT_TI_call
     330              
     331 00000065 7640!         LCR       #||pwm_hal_SetupPWMforTrip|| ; [CPU_ALU] |335| 
         00000066 0000 
     332                      ; call occurs [#||pwm_hal_SetupPWMforTrip||] ; [] |335| 
     333                      .dwpsn  file "../hal/hal_pwm_TMS320F280049C.c",line 336,column 5,is_stmt,isa 0
     334 00000067 FF20          MOV       ACC,#16896            ; [CPU_ALU] |336| 
         00000068 4200 
     335              $C$DW$19        .dwtag  DW_TAG_TI_branch
     336                      .dwattr $C$DW$19, DW_AT_low_pc(0x00)
     337                      .dwattr $C$DW$19, DW_AT_name("pwm_hal_SetupPWMforTrip")
     338                      .dwattr $C$DW$19, DW_AT_TI_call
     339              
     340 00000069 7640!         LCR       #||pwm_hal_SetupPWMforTrip|| ; [CPU_ALU] |336| 
         0000006a 0000 
     341                      ; call occurs [#||pwm_hal_SetupPWMforTrip||] ; [] |336| 
     342                      .dwpsn  file "../hal/hal_pwm_TMS320F280049C.c",line 337,column 5,is_stmt,isa 0
     343 0000006b FF20          MOV       ACC,#17152            ; [CPU_ALU] |337| 
         0000006c 4300 
     344              $C$DW$20        .dwtag  DW_TAG_TI_branch
     345                      .dwattr $C$DW$20, DW_AT_low_pc(0x00)
     346                      .dwattr $C$DW$20, DW_AT_name("pwm_hal_SetupPWMforTrip")
     347                      .dwattr $C$DW$20, DW_AT_TI_call
     348              
     349 0000006d 7640!         LCR       #||pwm_hal_SetupPWMforTrip|| ; [CPU_ALU] |337| 
         0000006e 0000 
     350                      ; call occurs [#||pwm_hal_SetupPWMforTrip||] ; [] |337| 
     351                      .dwpsn  file "../hal/hal_pwm_TMS320F280049C.c",line 338,column 5,is_stmt,isa 0
     352 0000006f FF20          MOV       ACC,#17920            ; [CPU_ALU] |338| 
         00000070 4600 
     353              $C$DW$21        .dwtag  DW_TAG_TI_branch
     354                      .dwattr $C$DW$21, DW_AT_low_pc(0x00)
     355                      .dwattr $C$DW$21, DW_AT_name("pwm_hal_SetupPWMforTrip")
     356                      .dwattr $C$DW$21, DW_AT_TI_call
     357              
     358 00000071 7640!         LCR       #||pwm_hal_SetupPWMforTrip|| ; [CPU_ALU] |338| 
         00000072 0000 
     359                      ; call occurs [#||pwm_hal_SetupPWMforTrip||] ; [] |338| 
TMS320C2000 Assembler PC v22.6.0 Mon Apr 21 09:03:31 2025

Copyright (c) 1996-2018 Texas Instruments Incorporated
hal_pwm_TMS320F280049C.asm                                           PAGE    8

     360                      .dwpsn  file "../hal/hal_pwm_TMS320F280049C.c",line 339,column 5,is_stmt,isa 0
     361 00000073 FF20          MOV       ACC,#18176            ; [CPU_ALU] |339| 
         00000074 4700 
     362              $C$DW$22        .dwtag  DW_TAG_TI_branch
     363                      .dwattr $C$DW$22, DW_AT_low_pc(0x00)
     364                      .dwattr $C$DW$22, DW_AT_name("pwm_hal_SetupPWMforTrip")
     365                      .dwattr $C$DW$22, DW_AT_TI_call
     366              
     367 00000075 7640!         LCR       #||pwm_hal_SetupPWMforTrip|| ; [CPU_ALU] |339| 
         00000076 0000 
     368                      ; call occurs [#||pwm_hal_SetupPWMforTrip||] ; [] |339| 
     369                      .dwpsn  file "D:/15_Delta/14. ANPC Converter/ANPC_3Layer/TMS320F280049C/device/driverlib/epwm.h",line
     370 00000077 7622          EALLOW    ; [CPU_ALU] |4654| 
     371                      .dwpsn  file "D:/15_Delta/14. ANPC Converter/ANPC_3Layer/TMS320F280049C/device/driverlib/epwm.h",line
     372 00000078 F5A9          MOV       AL,*(0:0x409b)        ; [CPU_ALU] |4655| 
         00000079 409B 
     373 0000007a 5004          ORB       AL,#0x04              ; [CPU_ALU] |4655| 
     374 0000007b F4A9          MOV       *(0:0x409b),AL        ; [CPU_ALU] |4655| 
         0000007c 409B 
     375 0000007d F5A9          MOV       AL,*(0:0x419b)        ; [CPU_ALU] |4655| 
         0000007e 419B 
     376 0000007f 5004          ORB       AL,#0x04              ; [CPU_ALU] |4655| 
     377 00000080 F4A9          MOV       *(0:0x419b),AL        ; [CPU_ALU] |4655| 
         00000081 419B 
     378 00000082 F5A9          MOV       AL,*(0:0x429b)        ; [CPU_ALU] |4655| 
         00000083 429B 
     379 00000084 5004          ORB       AL,#0x04              ; [CPU_ALU] |4655| 
     380 00000085 F4A9          MOV       *(0:0x429b),AL        ; [CPU_ALU] |4655| 
         00000086 429B 
     381 00000087 F5A9          MOV       AL,*(0:0x439b)        ; [CPU_ALU] |4655| 
         00000088 439B 
     382 00000089 5004          ORB       AL,#0x04              ; [CPU_ALU] |4655| 
     383 0000008a F4A9          MOV       *(0:0x439b),AL        ; [CPU_ALU] |4655| 
         0000008b 439B 
     384 0000008c F5A9          MOV       AL,*(0:0x469b)        ; [CPU_ALU] |4655| 
         0000008d 469B 
     385 0000008e 5004          ORB       AL,#0x04              ; [CPU_ALU] |4655| 
     386 0000008f F4A9          MOV       *(0:0x469b),AL        ; [CPU_ALU] |4655| 
         00000090 469B 
     387 00000091 F5A9          MOV       AL,*(0:0x479b)        ; [CPU_ALU] |4655| 
         00000092 479B 
     388 00000093 5004          ORB       AL,#0x04              ; [CPU_ALU] |4655| 
     389 00000094 F4A9          MOV       *(0:0x479b),AL        ; [CPU_ALU] |4655| 
         00000095 479B 
     390                      .dwpsn  file "D:/15_Delta/14. ANPC Converter/ANPC_3Layer/TMS320F280049C/device/driverlib/epwm.h",line
     391 00000096 761A          EDIS      ; [CPU_ALU] |4656| 
     392              $C$DW$23        .dwtag  DW_TAG_TI_branch
     393                      .dwattr $C$DW$23, DW_AT_low_pc(0x00)
     394                      .dwattr $C$DW$23, DW_AT_TI_return
     395              
     396 00000097 0006          LRETR     ; [CPU_ALU] 
     397                      ; return occurs ; [] 
     398                      .dwattr $C$DW$16, DW_AT_TI_end_file("../hal/hal_pwm_TMS320F280049C.c")
     399                      .dwattr $C$DW$16, DW_AT_TI_end_line(0x156)
     400                      .dwattr $C$DW$16, DW_AT_TI_end_column(0x01)
TMS320C2000 Assembler PC v22.6.0 Mon Apr 21 09:03:31 2025

Copyright (c) 1996-2018 Texas Instruments Incorporated
hal_pwm_TMS320F280049C.asm                                           PAGE    9

     401                      .dwendentry
     402                      .dwendtag $C$DW$16
     403              
     404 00000098               .sect   ".text"
     405                      .clink
     406                      .global ||pwm_hal_SetupBoardProtection_EPWMXbar||
     407              
     408              $C$DW$24        .dwtag  DW_TAG_subprogram
     409                      .dwattr $C$DW$24, DW_AT_name("pwm_hal_SetupBoardProtection_EPWMXbar")
     410                      .dwattr $C$DW$24, DW_AT_low_pc(||pwm_hal_SetupBoardProtection_EPWMXbar||)
     411                      .dwattr $C$DW$24, DW_AT_high_pc(0x00)
     412                      .dwattr $C$DW$24, DW_AT_linkage_name("pwm_hal_SetupBoardProtection_EPWMXbar")
     413                      .dwattr $C$DW$24, DW_AT_external
     414                      .dwattr $C$DW$24, DW_AT_decl_file("../hal/hal_pwm_TMS320F280049C.c")
     415                      .dwattr $C$DW$24, DW_AT_decl_line(0x128)
     416                      .dwattr $C$DW$24, DW_AT_decl_column(0x06)
     417                      .dwattr $C$DW$24, DW_AT_TI_max_frame_size(-2)
     418                      .dwpsn  file "../hal/hal_pwm_TMS320F280049C.c",line 297,column 1,is_stmt,address ||pwm_hal_SetupBoard
     419              
     420                      .dwfde $C$DW$CIE, ||pwm_hal_SetupBoardProtection_EPWMXbar||
     421              
     422              ;***************************************************************
     423              ;* FNAME: pwm_hal_SetupBoardProtection_EPWMXbar FR SIZE:   0           *
     424              ;*                                                             *
     425              ;* FUNCTION ENVIRONMENT                                        *
     426              ;*                                                             *
     427              ;* FUNCTION PROPERTIES                                         *
     428              ;*                            0 Parameter,  0 Auto,  0 SOE     *
     429              ;***************************************************************
     430              
     431 00000098       ||pwm_hal_SetupBoardProtection_EPWMXbar||:
     432                      .dwcfi  cfa_offset, -2
     433                      .dwcfi  save_reg_to_mem, 26, 0
     434                      .dwpsn  file "D:\15_Delta\14. ANPC Converter\ANPC_3Layer\TMS320F280049C\device\driverlib\xbar.h",line
     435 00000098 7622          EALLOW    ; [CPU_ALU] |887| 
     436                      .dwpsn  file "D:\15_Delta\14. ANPC Converter\ANPC_3Layer\TMS320F280049C\device\driverlib\xbar.h",line
     437 00000099 BFA9          MOV32     ACC,*(0:0x7a20)       ; [CPU_FPU] |889| 
         0000009a 7A20 
     438 0000009b 18A9          AND       AL,#65280             ; [CPU_ALU] |889| 
         0000009c FF00 
     439 0000009d BDA9          MOV32     *(0:0x7a20),ACC       ; [CPU_FPU] |889| 
         0000009e 7A20 
     440                      .dwpsn  file "D:\15_Delta\14. ANPC Converter\ANPC_3Layer\TMS320F280049C\device\driverlib\xbar.h",line
     441 0000009f 761A          EDIS      ; [CPU_ALU] |891| 
     442                      .dwpsn  file "../hal/hal_pwm_TMS320F280049C.c",line 308,column 5,is_stmt,isa 0
     443 000000a0 9A00          MOVB      AL,#0                 ; [CPU_ALU] |308| 
     444 000000a1 9B01          MOVB      AH,#1                 ; [CPU_ALU] |308| 
     445              $C$DW$25        .dwtag  DW_TAG_TI_branch
     446                      .dwattr $C$DW$25, DW_AT_low_pc(0x00)
     447                      .dwattr $C$DW$25, DW_AT_name("XBAR_setEPWMMuxConfig")
     448                      .dwattr $C$DW$25, DW_AT_TI_call
     449              
     450 000000a2 7640!         LCR       #||XBAR_setEPWMMuxConfig|| ; [CPU_ALU] |308| 
         000000a3 0000 
     451                      ; call occurs [#||XBAR_setEPWMMuxConfig||] ; [] |308| 
TMS320C2000 Assembler PC v22.6.0 Mon Apr 21 09:03:31 2025

Copyright (c) 1996-2018 Texas Instruments Incorporated
hal_pwm_TMS320F280049C.asm                                           PAGE   10

     452                      .dwpsn  file "D:\15_Delta\14. ANPC Converter\ANPC_3Layer\TMS320F280049C\device\driverlib\xbar.h",line
     453 000000a4 7622          EALLOW    ; [CPU_ALU] |856| 
     454                      .dwpsn  file "D:\15_Delta\14. ANPC Converter\ANPC_3Layer\TMS320F280049C\device\driverlib\xbar.h",line
     455 000000a5 BFA9          MOV32     ACC,*(0:0x7a20)       ; [CPU_FPU] |858| 
         000000a6 7A20 
     456 000000a7 5001          ORB       AL,#0x01              ; [CPU_ALU] |858| 
     457 000000a8 BDA9          MOV32     *(0:0x7a20),ACC       ; [CPU_FPU] |858| 
         000000a9 7A20 
     458                      .dwpsn  file "D:\15_Delta\14. ANPC Converter\ANPC_3Layer\TMS320F280049C\device\driverlib\xbar.h",line
     459 000000aa 761A          EDIS      ; [CPU_ALU] |859| 
     460                      .dwpsn  file "../hal/hal_pwm_TMS320F280049C.c",line 311,column 5,is_stmt,isa 0
     461 000000ab 9A00          MOVB      AL,#0                 ; [CPU_ALU] |311| 
     462 000000ac 28A8          MOV       AH,#1025              ; [CPU_ALU] |311| 
         000000ad 0401 
     463              $C$DW$26        .dwtag  DW_TAG_TI_branch
     464                      .dwattr $C$DW$26, DW_AT_low_pc(0x00)
     465                      .dwattr $C$DW$26, DW_AT_name("XBAR_setEPWMMuxConfig")
     466                      .dwattr $C$DW$26, DW_AT_TI_call
     467              
     468 000000ae 7640!         LCR       #||XBAR_setEPWMMuxConfig|| ; [CPU_ALU] |311| 
         000000af 0000 
     469                      ; call occurs [#||XBAR_setEPWMMuxConfig||] ; [] |311| 
     470                      .dwpsn  file "D:\15_Delta\14. ANPC Converter\ANPC_3Layer\TMS320F280049C\device\driverlib\xbar.h",line
     471 000000b0 7622          EALLOW    ; [CPU_ALU] |856| 
     472                      .dwpsn  file "D:\15_Delta\14. ANPC Converter\ANPC_3Layer\TMS320F280049C\device\driverlib\xbar.h",line
     473 000000b1 BFA9          MOV32     ACC,*(0:0x7a20)       ; [CPU_FPU] |858| 
         000000b2 7A20 
     474 000000b3 5004          ORB       AL,#0x04              ; [CPU_ALU] |858| 
     475 000000b4 BDA9          MOV32     *(0:0x7a20),ACC       ; [CPU_FPU] |858| 
         000000b5 7A20 
     476                      .dwpsn  file "D:\15_Delta\14. ANPC Converter\ANPC_3Layer\TMS320F280049C\device\driverlib\xbar.h",line
     477 000000b6 761A          EDIS      ; [CPU_ALU] |859| 
     478                      .dwpsn  file "../hal/hal_pwm_TMS320F280049C.c",line 314,column 5,is_stmt,isa 0
     479 000000b7 9A00          MOVB      AL,#0                 ; [CPU_ALU] |314| 
     480 000000b8 28A8          MOV       AH,#2049              ; [CPU_ALU] |314| 
         000000b9 0801 
     481              $C$DW$27        .dwtag  DW_TAG_TI_branch
     482                      .dwattr $C$DW$27, DW_AT_low_pc(0x00)
     483                      .dwattr $C$DW$27, DW_AT_name("XBAR_setEPWMMuxConfig")
     484                      .dwattr $C$DW$27, DW_AT_TI_call
     485              
     486 000000ba 7640!         LCR       #||XBAR_setEPWMMuxConfig|| ; [CPU_ALU] |314| 
         000000bb 0000 
     487                      ; call occurs [#||XBAR_setEPWMMuxConfig||] ; [] |314| 
     488                      .dwpsn  file "D:\15_Delta\14. ANPC Converter\ANPC_3Layer\TMS320F280049C\device\driverlib\xbar.h",line
     489 000000bc 7622          EALLOW    ; [CPU_ALU] |856| 
     490                      .dwpsn  file "D:\15_Delta\14. ANPC Converter\ANPC_3Layer\TMS320F280049C\device\driverlib\xbar.h",line
     491 000000bd BFA9          MOV32     ACC,*(0:0x7a20)       ; [CPU_FPU] |858| 
         000000be 7A20 
     492 000000bf 5010          ORB       AL,#0x10              ; [CPU_ALU] |858| 
     493 000000c0 BDA9          MOV32     *(0:0x7a20),ACC       ; [CPU_FPU] |858| 
         000000c1 7A20 
     494                      .dwpsn  file "D:\15_Delta\14. ANPC Converter\ANPC_3Layer\TMS320F280049C\device\driverlib\xbar.h",line
     495 000000c2 761A          EDIS      ; [CPU_ALU] |859| 
     496                      .dwpsn  file "../hal/hal_pwm_TMS320F280049C.c",line 317,column 5,is_stmt,isa 0
TMS320C2000 Assembler PC v22.6.0 Mon Apr 21 09:03:31 2025

Copyright (c) 1996-2018 Texas Instruments Incorporated
hal_pwm_TMS320F280049C.asm                                           PAGE   11

     497 000000c3 9A00          MOVB      AL,#0                 ; [CPU_ALU] |317| 
     498              $C$DW$28        .dwtag  DW_TAG_TI_branch
     499                      .dwattr $C$DW$28, DW_AT_low_pc(0x00)
     500                      .dwattr $C$DW$28, DW_AT_name("XBAR_clearInputFlag")
     501                      .dwattr $C$DW$28, DW_AT_TI_call
     502              
     503 000000c4 7640!         LCR       #||XBAR_clearInputFlag|| ; [CPU_ALU] |317| 
         000000c5 0000 
     504                      ; call occurs [#||XBAR_clearInputFlag||] ; [] |317| 
     505                      .dwpsn  file "../hal/hal_pwm_TMS320F280049C.c",line 318,column 5,is_stmt,isa 0
     506 000000c6 9A01          MOVB      AL,#1                 ; [CPU_ALU] |318| 
     507              $C$DW$29        .dwtag  DW_TAG_TI_branch
     508                      .dwattr $C$DW$29, DW_AT_low_pc(0x00)
     509                      .dwattr $C$DW$29, DW_AT_name("XBAR_clearInputFlag")
     510                      .dwattr $C$DW$29, DW_AT_TI_call
     511              
     512 000000c7 7640!         LCR       #||XBAR_clearInputFlag|| ; [CPU_ALU] |318| 
         000000c8 0000 
     513                      ; call occurs [#||XBAR_clearInputFlag||] ; [] |318| 
     514                      .dwpsn  file "../hal/hal_pwm_TMS320F280049C.c",line 320,column 5,is_stmt,isa 0
     515 000000c9 9A02          MOVB      AL,#2                 ; [CPU_ALU] |320| 
     516              $C$DW$30        .dwtag  DW_TAG_TI_branch
     517                      .dwattr $C$DW$30, DW_AT_low_pc(0x00)
     518                      .dwattr $C$DW$30, DW_AT_name("XBAR_clearInputFlag")
     519                      .dwattr $C$DW$30, DW_AT_TI_call
     520              
     521 000000ca 7640!         LCR       #||XBAR_clearInputFlag|| ; [CPU_ALU] |320| 
         000000cb 0000 
     522                      ; call occurs [#||XBAR_clearInputFlag||] ; [] |320| 
     523                      .dwpsn  file "../hal/hal_pwm_TMS320F280049C.c",line 321,column 5,is_stmt,isa 0
     524 000000cc 9A03          MOVB      AL,#3                 ; [CPU_ALU] |321| 
     525              $C$DW$31        .dwtag  DW_TAG_TI_branch
     526                      .dwattr $C$DW$31, DW_AT_low_pc(0x00)
     527                      .dwattr $C$DW$31, DW_AT_name("XBAR_clearInputFlag")
     528                      .dwattr $C$DW$31, DW_AT_TI_call
     529              
     530 000000cd 7640!         LCR       #||XBAR_clearInputFlag|| ; [CPU_ALU] |321| 
         000000ce 0000 
     531                      ; call occurs [#||XBAR_clearInputFlag||] ; [] |321| 
     532                      .dwpsn  file "../hal/hal_pwm_TMS320F280049C.c",line 323,column 5,is_stmt,isa 0
     533 000000cf 9A04          MOVB      AL,#4                 ; [CPU_ALU] |323| 
     534              $C$DW$32        .dwtag  DW_TAG_TI_branch
     535                      .dwattr $C$DW$32, DW_AT_low_pc(0x00)
     536                      .dwattr $C$DW$32, DW_AT_name("XBAR_clearInputFlag")
     537                      .dwattr $C$DW$32, DW_AT_TI_call
     538              
     539 000000d0 7640!         LCR       #||XBAR_clearInputFlag|| ; [CPU_ALU] |323| 
         000000d1 0000 
     540                      ; call occurs [#||XBAR_clearInputFlag||] ; [] |323| 
     541                      .dwpsn  file "../hal/hal_pwm_TMS320F280049C.c",line 324,column 5,is_stmt,isa 0
     542 000000d2 9A05          MOVB      AL,#5                 ; [CPU_ALU] |324| 
     543              $C$DW$33        .dwtag  DW_TAG_TI_branch
     544                      .dwattr $C$DW$33, DW_AT_low_pc(0x00)
     545                      .dwattr $C$DW$33, DW_AT_name("XBAR_clearInputFlag")
     546                      .dwattr $C$DW$33, DW_AT_TI_call
TMS320C2000 Assembler PC v22.6.0 Mon Apr 21 09:03:31 2025

Copyright (c) 1996-2018 Texas Instruments Incorporated
hal_pwm_TMS320F280049C.asm                                           PAGE   12

     547              
     548 000000d3 7640!         LCR       #||XBAR_clearInputFlag|| ; [CPU_ALU] |324| 
         000000d4 0000 
     549                      ; call occurs [#||XBAR_clearInputFlag||] ; [] |324| 
     550              $C$DW$34        .dwtag  DW_TAG_TI_branch
     551                      .dwattr $C$DW$34, DW_AT_low_pc(0x00)
     552                      .dwattr $C$DW$34, DW_AT_TI_return
     553              
     554 000000d5 0006          LRETR     ; [CPU_ALU] 
     555                      ; return occurs ; [] 
     556                      .dwattr $C$DW$24, DW_AT_TI_end_file("../hal/hal_pwm_TMS320F280049C.c")
     557                      .dwattr $C$DW$24, DW_AT_TI_end_line(0x146)
     558                      .dwattr $C$DW$24, DW_AT_TI_end_column(0x01)
     559                      .dwendentry
     560                      .dwendtag $C$DW$24
     561              
     562 000000d6               .sect   ".text"
     563                      .clink
     564                      .global ||pwm_hal_Setup1phasePWM||
     565              
     566              $C$DW$35        .dwtag  DW_TAG_subprogram
     567                      .dwattr $C$DW$35, DW_AT_name("pwm_hal_Setup1phasePWM")
     568                      .dwattr $C$DW$35, DW_AT_low_pc(||pwm_hal_Setup1phasePWM||)
     569                      .dwattr $C$DW$35, DW_AT_high_pc(0x00)
     570                      .dwattr $C$DW$35, DW_AT_linkage_name("pwm_hal_Setup1phasePWM")
     571                      .dwattr $C$DW$35, DW_AT_external
     572                      .dwattr $C$DW$35, DW_AT_decl_file("../hal/hal_pwm_TMS320F280049C.c")
     573                      .dwattr $C$DW$35, DW_AT_decl_line(0x27)
     574                      .dwattr $C$DW$35, DW_AT_decl_column(0x06)
     575                      .dwattr $C$DW$35, DW_AT_TI_max_frame_size(-4)
     576                      .dwpsn  file "../hal/hal_pwm_TMS320F280049C.c",line 44,column 1,is_stmt,address ||pwm_hal_Setup1phase
     577              
     578                      .dwfde $C$DW$CIE, ||pwm_hal_Setup1phasePWM||
     579              $C$DW$36        .dwtag  DW_TAG_formal_parameter
     580                      .dwattr $C$DW$36, DW_AT_name("lowFreqBase")
     581                      .dwattr $C$DW$36, DW_AT_type(*$C$DW$T$84)
     582                      .dwattr $C$DW$36, DW_AT_location[DW_OP_reg0]
     583              
     584              $C$DW$37        .dwtag  DW_TAG_formal_parameter
     585                      .dwattr $C$DW$37, DW_AT_name("highFreqBase")
     586                      .dwattr $C$DW$37, DW_AT_type(*$C$DW$T$84)
     587                      .dwattr $C$DW$37, DW_AT_location[DW_OP_breg20 -6]
     588              
     589              $C$DW$38        .dwtag  DW_TAG_formal_parameter
     590                      .dwattr $C$DW$38, DW_AT_name("pwm_period_ticks")
     591                      .dwattr $C$DW$38, DW_AT_type(*$C$DW$T$86)
     592                      .dwattr $C$DW$38, DW_AT_location[DW_OP_reg12]
     593              
     594              $C$DW$39        .dwtag  DW_TAG_formal_parameter
     595                      .dwattr $C$DW$39, DW_AT_name("pwm_dbred_ticks")
     596                      .dwattr $C$DW$39, DW_AT_type(*$C$DW$T$86)
     597                      .dwattr $C$DW$39, DW_AT_location[DW_OP_reg14]
     598              
     599              $C$DW$40        .dwtag  DW_TAG_formal_parameter
     600                      .dwattr $C$DW$40, DW_AT_name("pwm_dbfed_ticks")
TMS320C2000 Assembler PC v22.6.0 Mon Apr 21 09:03:31 2025

Copyright (c) 1996-2018 Texas Instruments Incorporated
hal_pwm_TMS320F280049C.asm                                           PAGE   13

     601                      .dwattr $C$DW$40, DW_AT_type(*$C$DW$T$86)
     602                      .dwattr $C$DW$40, DW_AT_location[DW_OP_breg20 -7]
     603              
     604              
     605              ;***************************************************************
     606              ;* FNAME: pwm_hal_Setup1phasePWM        FR SIZE:   2           *
     607              ;*                                                             *
     608              ;* FUNCTION ENVIRONMENT                                        *
     609              ;*                                                             *
     610              ;* FUNCTION PROPERTIES                                         *
     611              ;*                            0 Parameter,  0 Auto,  2 SOE     *
     612              ;***************************************************************
     613              
     614              ||pwm_hal_Setup1phasePWM||:
     615              ;* AR4   assigned to $O$C1
     616              ;* AL    assigned to $O$C2
     617              ;* AR6   assigned to lowFreqBase
     618              $C$DW$41        .dwtag  DW_TAG_variable
     619                      .dwattr $C$DW$41, DW_AT_name("lowFreqBase")
     620                      .dwattr $C$DW$41, DW_AT_type(*$C$DW$T$130)
     621                      .dwattr $C$DW$41, DW_AT_location[DW_OP_reg16]
     622              
     623              ;* AR7   assigned to highFreqBase
     624              $C$DW$42        .dwtag  DW_TAG_variable
     625                      .dwattr $C$DW$42, DW_AT_name("highFreqBase")
     626                      .dwattr $C$DW$42, DW_AT_type(*$C$DW$T$130)
     627                      .dwattr $C$DW$42, DW_AT_location[DW_OP_reg18]
     628              
     629              ;* AL    assigned to pwm_period_ticks
     630              $C$DW$43        .dwtag  DW_TAG_variable
     631                      .dwattr $C$DW$43, DW_AT_name("pwm_period_ticks")
     632                      .dwattr $C$DW$43, DW_AT_type(*$C$DW$T$126)
     633                      .dwattr $C$DW$43, DW_AT_location[DW_OP_reg0]
     634              
     635              ;* AR5   assigned to pwm_dbred_ticks
     636              $C$DW$44        .dwtag  DW_TAG_variable
     637                      .dwattr $C$DW$44, DW_AT_name("pwm_dbred_ticks")
     638                      .dwattr $C$DW$44, DW_AT_type(*$C$DW$T$126)
     639                      .dwattr $C$DW$44, DW_AT_location[DW_OP_reg14]
     640              
     641              ;* T     assigned to pwm_dbfed_ticks
     642              $C$DW$45        .dwtag  DW_TAG_variable
     643                      .dwattr $C$DW$45, DW_AT_name("pwm_dbfed_ticks")
     644                      .dwattr $C$DW$45, DW_AT_type(*$C$DW$T$126)
     645                      .dwattr $C$DW$45, DW_AT_location[DW_OP_reg22]
     646              
     647                      .dwcfi  cfa_offset, -2
     648                      .dwcfi  save_reg_to_mem, 26, 0
     649 000000d6 1EA6          MOVL      XAR6,ACC              ; [CPU_ALU] |44| 
     650 000000d7 B2BD          MOVL      *SP++,XAR1            ; [CPU_ALU] 
     651                      .dwcfi  save_reg_to_mem, 7, 2
     652                      .dwcfi  cfa_offset, -4
     653 000000d8 92A4          MOV       AL,AR4                ; [CPU_ALU] |44| 
     654                      .dwpsn  file "D:/15_Delta/14. ANPC Converter/ANPC_3Layer/TMS320F280049C/device/driverlib/epwm.h",line
     655 000000d9 D163          MOVB      XAR1,#99              ; [CPU_ALU] |2185| 
TMS320C2000 Assembler PC v22.6.0 Mon Apr 21 09:03:31 2025

Copyright (c) 1996-2018 Texas Instruments Incorporated
hal_pwm_TMS320F280049C.asm                                           PAGE   14

     656                      .dwpsn  file "../hal/hal_pwm_TMS320F280049C.c",line 44,column 1,is_stmt,isa 0
     657 000000da C546          MOVL      XAR7,*-SP[6]          ; [CPU_ALU] |44| 
     658 000000db 2D47          MOV       T,*-SP[7]             ; [CPU_ALU] |44| 
     659                      .dwpsn  file "D:/15_Delta/14. ANPC Converter/ANPC_3Layer/TMS320F280049C/device/driverlib/epwm.h",line
     660 000000dc D060          MOVB      XAR0,#96              ; [CPU_ALU] |2151| 
     661                      .dwpsn  file "D:/15_Delta/14. ANPC Converter/ANPC_3Layer/TMS320F280049C/device/driverlib/epwm.h",line
     662 000000dd FFC0          LSR       AL,1                  ; [CPU_ALU] |2185| 
     663                      .dwpsn  file "D:/15_Delta/14. ANPC Converter/ANPC_3Layer/TMS320F280049C/device/driverlib/epwm.h",line
     664 000000de 8AA6          MOVL      XAR4,XAR6             ; [CPU_ALU] |3407| 
     665                      .dwpsn  file "D:/15_Delta/14. ANPC Converter/ANPC_3Layer/TMS320F280049C/device/driverlib/epwm.h",line
     666 000000df 18C6          AND       *+XAR6[0],#0xfff7     ; [CPU_ALU] |1762| 
         000000e0 FFF7 
     667                      .dwpsn  file "D:/15_Delta/14. ANPC Converter/ANPC_3Layer/TMS320F280049C/device/driverlib/epwm.h",line
     668 000000e1 969E          MOV       *+XAR6[AR1],AL        ; [CPU_ALU] |2185| 
     669                      .dwpsn  file "D:/15_Delta/14. ANPC Converter/ANPC_3Layer/TMS320F280049C/device/driverlib/epwm.h",line
     670 000000e2 2BE6          MOV       *+XAR6[4],#0          ; [CPU_ALU] |1552| 
     671                      .dwpsn  file "D:/15_Delta/14. ANPC Converter/ANPC_3Layer/TMS320F280049C/device/driverlib/epwm.h",line
     672 000000e3 D147          MOVB      XAR1,#71              ; [CPU_ALU] |3038| 
     673                      .dwpsn  file "D:/15_Delta/14. ANPC Converter/ANPC_3Layer/TMS320F280049C/device/driverlib/epwm.h",line
     674 000000e4 DC0C          ADDB      XAR4,#12              ; [CPU_ALU] |3407| 
     675                      .dwpsn  file "D:/15_Delta/14. ANPC Converter/ANPC_3Layer/TMS320F280049C/device/driverlib/epwm.h",line
     676 000000e5 A396          MOVL      P,*+XAR6[AR0]         ; [CPU_FPU] |2151| 
     677 000000e6 D060          MOVB      XAR0,#96              ; [CPU_FPU] |2151| 
     678 000000e7 18AA          AND       PH,#0                 ; [CPU_ALU] |2151| 
         000000e8 0000 
     679 000000e9 A996          MOVL      *+XAR6[AR0],P         ; [CPU_FPU] |2151| 
     680                      .dwpsn  file "D:/15_Delta/14. ANPC Converter/ANPC_3Layer/TMS320F280049C/device/driverlib/epwm.h",line
     681 000000ea D040          MOVB      XAR0,#64              ; [CPU_FPU] |2916| 
     682                      .dwpsn  file "D:/15_Delta/14. ANPC Converter/ANPC_3Layer/TMS320F280049C/device/driverlib/epwm.h",line
     683 000000eb CDC6          AND       AH,*+XAR6[0],#0xfffe  ; [CPU_FPU] |1852| 
         000000ec FFFE 
     684 000000ed 5102          ORB       AH,#0x02              ; [CPU_ALU] |1852| 
     685 000000ee 97C6          MOV       *+XAR6[0],AH          ; [CPU_FPU] |1852| 
     686                      .dwpsn  file "D:/15_Delta/14. ANPC Converter/ANPC_3Layer/TMS320F280049C/device/driverlib/epwm.h",line
     687 000000ef 18C6          AND       *+XAR6[0],#0xe07f     ; [CPU_FPU] |1630| 
         000000f0 E07F 
     688                      .dwpsn  file "D:/15_Delta/14. ANPC Converter/ANPC_3Layer/TMS320F280049C/device/driverlib/epwm.h",line
     689 000000f1 2B96          MOV       *+XAR6[AR0],#0        ; [CPU_FPU] |2916| 
     690                      .dwpsn  file "D:/15_Delta/14. ANPC Converter/ANPC_3Layer/TMS320F280049C/device/driverlib/epwm.h",line
     691 000000f2 D041          MOVB      XAR0,#65              ; [CPU_FPU] |3000| 
     692 000000f3 2B96          MOV       *+XAR6[AR0],#0        ; [CPU_FPU] |3000| 
     693                      .dwpsn  file "D:/15_Delta/14. ANPC Converter/ANPC_3Layer/TMS320F280049C/device/driverlib/epwm.h",line
     694 000000f4 D047          MOVB      XAR0,#71              ; [CPU_FPU] |3038| 
     695 000000f5 CD96          AND       AH,*+XAR6[AR0],#0xff3f ; [CPU_FPU] |3038| 
         000000f6 FF3F 
     696                      .dwpsn  file "D:/15_Delta/14. ANPC Converter/ANPC_3Layer/TMS320F280049C/device/driverlib/epwm.h",line
     697 000000f7 D00C          MOVB      XAR0,#12              ; [CPU_FPU] |3639| 
     698                      .dwpsn  file "D:/15_Delta/14. ANPC Converter/ANPC_3Layer/TMS320F280049C/device/driverlib/epwm.h",line
     699 000000f8 979E          MOV       *+XAR6[AR1],AH        ; [CPU_FPU] |3038| 
     700                      .dwpsn  file "D:/15_Delta/14. ANPC Converter/ANPC_3Layer/TMS320F280049C/device/driverlib/epwm.h",line
     701 000000f9 D10C          MOVB      XAR1,#12              ; [CPU_FPU] |3639| 
     702 000000fa CD96          AND       AH,*+XAR6[AR0],#0x7fff ; [CPU_FPU] |3639| 
         000000fb 7FFF 
     703                      .dwpsn  file "D:/15_Delta/14. ANPC Converter/ANPC_3Layer/TMS320F280049C/device/driverlib/epwm.h",line
     704 000000fc D051          MOVB      XAR0,#81              ; [CPU_FPU] |3669| 
TMS320C2000 Assembler PC v22.6.0 Mon Apr 21 09:03:31 2025

Copyright (c) 1996-2018 Texas Instruments Incorporated
hal_pwm_TMS320F280049C.asm                                           PAGE   15

     705                      .dwpsn  file "D:/15_Delta/14. ANPC Converter/ANPC_3Layer/TMS320F280049C/device/driverlib/epwm.h",line
     706 000000fd 979E          MOV       *+XAR6[AR1],AH        ; [CPU_FPU] |3639| 
     707                      .dwpsn  file "D:/15_Delta/14. ANPC Converter/ANPC_3Layer/TMS320F280049C/device/driverlib/epwm.h",line
     708 000000fe D153          MOVB      XAR1,#83              ; [CPU_FPU] |3697| 
     709                      .dwpsn  file "D:/15_Delta/14. ANPC Converter/ANPC_3Layer/TMS320F280049C/device/driverlib/epwm.h",line
     710 000000ff 56BF          MOVB      *+XAR6[AR0],#40,UNC   ; [CPU_FPU] |3669| 
         00000100 2896 
     711                      .dwpsn  file "D:/15_Delta/14. ANPC Converter/ANPC_3Layer/TMS320F280049C/device/driverlib/epwm.h",line
     712 00000101 D00C          MOVB      XAR0,#12              ; [CPU_FPU] |3275| 
     713                      .dwpsn  file "D:/15_Delta/14. ANPC Converter/ANPC_3Layer/TMS320F280049C/device/driverlib/epwm.h",line
     714 00000102 56BF          MOVB      *+XAR6[AR1],#40,UNC   ; [CPU_FPU] |3697| 
         00000103 289E 
     715                      .dwpsn  file "D:/15_Delta/14. ANPC Converter/ANPC_3Layer/TMS320F280049C/device/driverlib/epwm.h",line
     716 00000104 D10C          MOVB      XAR1,#12              ; [CPU_FPU] |3275| 
     717 00000105 9396          MOV       AH,*+XAR6[AR0]        ; [CPU_FPU] |3275| 
     718 00000106 5102          ORB       AH,#0x02              ; [CPU_ALU] |3275| 
     719 00000107 D00C          MOVB      XAR0,#12              ; [CPU_FPU] |3275| 
     720 00000108 979E          MOV       *+XAR6[AR1],AH        ; [CPU_FPU] |3275| 
     721                      .dwpsn  file "D:/15_Delta/14. ANPC Converter/ANPC_3Layer/TMS320F280049C/device/driverlib/epwm.h",line
     722 00000109 D10C          MOVB      XAR1,#12              ; [CPU_FPU] |3359| 
     723                      .dwpsn  file "D:/15_Delta/14. ANPC Converter/ANPC_3Layer/TMS320F280049C/device/driverlib/epwm.h",line
     724 0000010a 9396          MOV       AH,*+XAR6[AR0]        ; [CPU_FPU] |3275| 
     725 0000010b D00C          MOVB      XAR0,#12              ; [CPU_FPU] |3275| 
     726 0000010c 5101          ORB       AH,#0x01              ; [CPU_ALU] |3275| 
     727 0000010d 9796          MOV       *+XAR6[AR0],AH        ; [CPU_FPU] |3275| 
     728                      .dwpsn  file "D:/15_Delta/14. ANPC Converter/ANPC_3Layer/TMS320F280049C/device/driverlib/epwm.h",line
     729 0000010e D00C          MOVB      XAR0,#12              ; [CPU_FPU] |3359| 
     730 0000010f CD96          AND       AH,*+XAR6[AR0],#0xffef ; [CPU_FPU] |3359| 
         00000110 FFEF 
     731 00000111 979E          MOV       *+XAR6[AR1],AH        ; [CPU_FPU] |3359| 
     732                      .dwpsn  file "D:/15_Delta/14. ANPC Converter/ANPC_3Layer/TMS320F280049C/device/driverlib/epwm.h",line
     733 00000112 18C4          AND       *+XAR4[0],#0xbfff     ; [CPU_ALU] |3407| 
         00000113 BFFF 
     734                      .dwpsn  file "D:/15_Delta/14. ANPC Converter/ANPC_3Layer/TMS320F280049C/device/driverlib/epwm.h",line
     735 00000114 8AA7          MOVL      XAR4,XAR7             ; [CPU_ALU] |2340| 
     736                      .dwpsn  file "D:/15_Delta/14. ANPC Converter/ANPC_3Layer/TMS320F280049C/device/driverlib/epwm.h",line
     737 00000115 D00C          MOVB      XAR0,#12              ; [CPU_ALU] |3412| 
     738 00000116 D10C          MOVB      XAR1,#12              ; [CPU_ALU] |3412| 
     739                      .dwpsn  file "D:/15_Delta/14. ANPC Converter/ANPC_3Layer/TMS320F280049C/device/driverlib/epwm.h",line
     740 00000117 DC08          ADDB      XAR4,#8               ; [CPU_ALU] |2340| 
     741                      .dwpsn  file "D:/15_Delta/14. ANPC Converter/ANPC_3Layer/TMS320F280049C/device/driverlib/epwm.h",line
     742 00000118 CD96          AND       AH,*+XAR6[AR0],#0xffdf ; [CPU_ALU] |3412| 
         00000119 FFDF 
     743                      .dwpsn  file "D:/15_Delta/14. ANPC Converter/ANPC_3Layer/TMS320F280049C/device/driverlib/epwm.h",line
     744 0000011a D00C          MOVB      XAR0,#12              ; [CPU_ALU] |3324| 
     745                      .dwpsn  file "D:/15_Delta/14. ANPC Converter/ANPC_3Layer/TMS320F280049C/device/driverlib/epwm.h",line
     746 0000011b 979E          MOV       *+XAR6[AR1],AH        ; [CPU_FPU] |3412| 
     747                      .dwpsn  file "D:/15_Delta/14. ANPC Converter/ANPC_3Layer/TMS320F280049C/device/driverlib/epwm.h",line
     748 0000011c D10C          MOVB      XAR1,#12              ; [CPU_FPU] |3324| 
     749 0000011d 9396          MOV       AH,*+XAR6[AR0]        ; [CPU_FPU] |3324| 
     750 0000011e 5108          ORB       AH,#0x08              ; [CPU_ALU] |3324| 
     751 0000011f D00C          MOVB      XAR0,#12              ; [CPU_FPU] |3324| 
     752 00000120 979E          MOV       *+XAR6[AR1],AH        ; [CPU_FPU] |3324| 
     753 00000121 D10C          MOVB      XAR1,#12              ; [CPU_FPU] |3324| 
     754 00000122 CD96          AND       AH,*+XAR6[AR0],#0xfffb ; [CPU_FPU] |3324| 
TMS320C2000 Assembler PC v22.6.0 Mon Apr 21 09:03:31 2025

Copyright (c) 1996-2018 Texas Instruments Incorporated
hal_pwm_TMS320F280049C.asm                                           PAGE   16

         00000123 FFFB 
     755                      .dwpsn  file "D:/15_Delta/14. ANPC Converter/ANPC_3Layer/TMS320F280049C/device/driverlib/epwm.h",line
     756 00000124 D063          MOVB      XAR0,#99              ; [CPU_FPU] |2185| 
     757                      .dwpsn  file "D:/15_Delta/14. ANPC Converter/ANPC_3Layer/TMS320F280049C/device/driverlib/epwm.h",line
     758 00000125 979E          MOV       *+XAR6[AR1],AH        ; [CPU_FPU] |3324| 
     759                      .dwpsn  file "D:/15_Delta/14. ANPC Converter/ANPC_3Layer/TMS320F280049C/device/driverlib/epwm.h",line
     760 00000126 D16B          MOVB      XAR1,#107             ; [CPU_FPU] |2445| 
     761                      .dwpsn  file "D:/15_Delta/14. ANPC Converter/ANPC_3Layer/TMS320F280049C/device/driverlib/epwm.h",line
     762 00000127 18C7          AND       *+XAR7[0],#0xfff7     ; [CPU_FPU] |1762| 
         00000128 FFF7 
     763                      .dwpsn  file "D:/15_Delta/14. ANPC Converter/ANPC_3Layer/TMS320F280049C/device/driverlib/epwm.h",line
     764 00000129 9697          MOV       *+XAR7[AR0],AL        ; [CPU_FPU] |2185| 
     765                      .dwpsn  file "D:/15_Delta/14. ANPC Converter/ANPC_3Layer/TMS320F280049C/device/driverlib/epwm.h",line
     766 0000012a 2BE7          MOV       *+XAR7[4],#0          ; [CPU_FPU] |1552| 
     767                      .dwpsn  file "D:/15_Delta/14. ANPC Converter/ANPC_3Layer/TMS320F280049C/device/driverlib/epwm.h",line
     768 0000012b CDC7          AND       AH,*+XAR7[0],#0xfffe  ; [CPU_FPU] |1852| 
         0000012c FFFE 
     769 0000012d 5102          ORB       AH,#0x02              ; [CPU_ALU] |1852| 
     770 0000012e 97C7          MOV       *+XAR7[0],AH          ; [CPU_FPU] |1852| 
     771                      .dwpsn  file "D:/15_Delta/14. ANPC Converter/ANPC_3Layer/TMS320F280049C/device/driverlib/epwm.h",line
     772 0000012f 18C7          AND       *+XAR7[0],#0xe07f     ; [CPU_FPU] |1630| 
         00000130 E07F 
     773                      .dwpsn  file "D:/15_Delta/14. ANPC Converter/ANPC_3Layer/TMS320F280049C/device/driverlib/epwm.h",line
     774 00000131 969F          MOV       *+XAR7[AR1],AL        ; [CPU_FPU] |2445| 
     775                      .dwpsn  file "D:/15_Delta/14. ANPC Converter/ANPC_3Layer/TMS320F280049C/device/driverlib/epwm.h",line
     776 00000132 18C4          AND       *+XAR4[0],#0xf3ec     ; [CPU_ALU] |2340| 
         00000133 F3EC 
     777                      .dwpsn  file "D:/15_Delta/14. ANPC Converter/ANPC_3Layer/TMS320F280049C/device/driverlib/epwm.h",line
     778 00000134 8AA7          MOVL      XAR4,XAR7             ; [CPU_ALU] |3407| 
     779                      .dwpsn  file "D:/15_Delta/14. ANPC Converter/ANPC_3Layer/TMS320F280049C/device/driverlib/epwm.h",line
     780 00000135 D040          MOVB      XAR0,#64              ; [CPU_ALU] |2806| 
     781 00000136 D140          MOVB      XAR1,#64              ; [CPU_ALU] |2806| 
     782                      .dwpsn  file "D:/15_Delta/14. ANPC Converter/ANPC_3Layer/TMS320F280049C/device/driverlib/epwm.h",line
     783 00000137 DC0C          ADDB      XAR4,#12              ; [CPU_ALU] |3407| 
     784                      .dwpsn  file "D:/15_Delta/14. ANPC Converter/ANPC_3Layer/TMS320F280049C/device/driverlib/epwm.h",line
     785 00000138 CC97          AND       AL,*+XAR7[AR0],#0xff7f ; [CPU_ALU] |2806| 
         00000139 FF7F 
     786 0000013a 5040          ORB       AL,#0x40              ; [CPU_ALU] |2806| 
     787 0000013b D040          MOVB      XAR0,#64              ; [CPU_ALU] |2806| 
     788 0000013c 969F          MOV       *+XAR7[AR1],AL        ; [CPU_FPU] |2806| 
     789                      .dwpsn  file "D:/15_Delta/14. ANPC Converter/ANPC_3Layer/TMS320F280049C/device/driverlib/epwm.h",line
     790 0000013d D10C          MOVB      XAR1,#12              ; [CPU_FPU] |3639| 
     791                      .dwpsn  file "D:/15_Delta/14. ANPC Converter/ANPC_3Layer/TMS320F280049C/device/driverlib/epwm.h",line
     792 0000013e CC97          AND       AL,*+XAR7[AR0],#0xffef ; [CPU_FPU] |2806| 
         0000013f FFEF 
     793 00000140 D040          MOVB      XAR0,#64              ; [CPU_FPU] |2806| 
     794 00000141 5020          ORB       AL,#0x20              ; [CPU_ALU] |2806| 
     795 00000142 9697          MOV       *+XAR7[AR0],AL        ; [CPU_FPU] |2806| 
     796                      .dwpsn  file "D:/15_Delta/14. ANPC Converter/ANPC_3Layer/TMS320F280049C/device/driverlib/epwm.h",line
     797 00000143 D00C          MOVB      XAR0,#12              ; [CPU_FPU] |3639| 
     798 00000144 CC97          AND       AL,*+XAR7[AR0],#0x7fff ; [CPU_FPU] |3639| 
         00000145 7FFF 
     799                      .dwpsn  file "D:/15_Delta/14. ANPC Converter/ANPC_3Layer/TMS320F280049C/device/driverlib/epwm.h",line
     800 00000146 D051          MOVB      XAR0,#81              ; [CPU_FPU] |3669| 
     801                      .dwpsn  file "D:/15_Delta/14. ANPC Converter/ANPC_3Layer/TMS320F280049C/device/driverlib/epwm.h",line
TMS320C2000 Assembler PC v22.6.0 Mon Apr 21 09:03:31 2025

Copyright (c) 1996-2018 Texas Instruments Incorporated
hal_pwm_TMS320F280049C.asm                                           PAGE   17

     802 00000147 969F          MOV       *+XAR7[AR1],AL        ; [CPU_FPU] |3639| 
     803                      .dwpsn  file "D:/15_Delta/14. ANPC Converter/ANPC_3Layer/TMS320F280049C/device/driverlib/epwm.h",line
     804 00000148 D153          MOVB      XAR1,#83              ; [CPU_FPU] |3697| 
     805                      .dwpsn  file "D:/15_Delta/14. ANPC Converter/ANPC_3Layer/TMS320F280049C/device/driverlib/epwm.h",line
     806 00000149 7D97          MOV       *+XAR7[AR0],AR5       ; [CPU_FPU] |3669| 
     807                      .dwpsn  file "D:/15_Delta/14. ANPC Converter/ANPC_3Layer/TMS320F280049C/device/driverlib/epwm.h",line
     808 0000014a D00C          MOVB      XAR0,#12              ; [CPU_FPU] |3275| 
     809                      .dwpsn  file "D:/15_Delta/14. ANPC Converter/ANPC_3Layer/TMS320F280049C/device/driverlib/epwm.h",line
     810 0000014b 219F          MOV       *+XAR7[AR1],T         ; [CPU_FPU] |3697| 
     811                      .dwpsn  file "D:/15_Delta/14. ANPC Converter/ANPC_3Layer/TMS320F280049C/device/driverlib/epwm.h",line
     812 0000014c D10C          MOVB      XAR1,#12              ; [CPU_FPU] |3275| 
     813 0000014d 9297          MOV       AL,*+XAR7[AR0]        ; [CPU_FPU] |3275| 
     814 0000014e 5002          ORB       AL,#0x02              ; [CPU_ALU] |3275| 
     815 0000014f D00C          MOVB      XAR0,#12              ; [CPU_FPU] |3275| 
     816 00000150 969F          MOV       *+XAR7[AR1],AL        ; [CPU_FPU] |3275| 
     817                      .dwpsn  file "D:/15_Delta/14. ANPC Converter/ANPC_3Layer/TMS320F280049C/device/driverlib/epwm.h",line
     818 00000151 D10C          MOVB      XAR1,#12              ; [CPU_FPU] |3359| 
     819                      .dwpsn  file "D:/15_Delta/14. ANPC Converter/ANPC_3Layer/TMS320F280049C/device/driverlib/epwm.h",line
     820 00000152 9297          MOV       AL,*+XAR7[AR0]        ; [CPU_FPU] |3275| 
     821 00000153 D00C          MOVB      XAR0,#12              ; [CPU_FPU] |3275| 
     822 00000154 5001          ORB       AL,#0x01              ; [CPU_ALU] |3275| 
     823 00000155 9697          MOV       *+XAR7[AR0],AL        ; [CPU_FPU] |3275| 
     824                      .dwpsn  file "D:/15_Delta/14. ANPC Converter/ANPC_3Layer/TMS320F280049C/device/driverlib/epwm.h",line
     825 00000156 D00C          MOVB      XAR0,#12              ; [CPU_FPU] |3359| 
     826 00000157 CC97          AND       AL,*+XAR7[AR0],#0xffef ; [CPU_FPU] |3359| 
         00000158 FFEF 
     827                      .dwpsn  file "D:/15_Delta/14. ANPC Converter/ANPC_3Layer/TMS320F280049C/device/driverlib/epwm.h",line
     828 00000159 D00C          MOVB      XAR0,#12              ; [CPU_FPU] |3412| 
     829                      .dwpsn  file "D:/15_Delta/14. ANPC Converter/ANPC_3Layer/TMS320F280049C/device/driverlib/epwm.h",line
     830 0000015a 969F          MOV       *+XAR7[AR1],AL        ; [CPU_FPU] |3359| 
     831                      .dwpsn  file "D:/15_Delta/14. ANPC Converter/ANPC_3Layer/TMS320F280049C/device/driverlib/epwm.h",line
     832 0000015b D10C          MOVB      XAR1,#12              ; [CPU_FPU] |3412| 
     833                      .dwpsn  file "D:/15_Delta/14. ANPC Converter/ANPC_3Layer/TMS320F280049C/device/driverlib/epwm.h",line
     834 0000015c 18C4          AND       *+XAR4[0],#0xbfff     ; [CPU_ALU] |3407| 
         0000015d BFFF 
     835                      .dwpsn  file "D:/15_Delta/14. ANPC Converter/ANPC_3Layer/TMS320F280049C/device/driverlib/epwm.h",line
     836 0000015e CC97          AND       AL,*+XAR7[AR0],#0xffdf ; [CPU_ALU] |3412| 
         0000015f FFDF 
     837                      .dwpsn  file "D:/15_Delta/14. ANPC Converter/ANPC_3Layer/TMS320F280049C/device/driverlib/epwm.h",line
     838 00000160 D00C          MOVB      XAR0,#12              ; [CPU_ALU] |3324| 
     839                      .dwpsn  file "D:/15_Delta/14. ANPC Converter/ANPC_3Layer/TMS320F280049C/device/driverlib/epwm.h",line
     840 00000161 969F          MOV       *+XAR7[AR1],AL        ; [CPU_ALU] |3412| 
     841                      .dwpsn  file "D:/15_Delta/14. ANPC Converter/ANPC_3Layer/TMS320F280049C/device/driverlib/epwm.h",line
     842 00000162 D10C          MOVB      XAR1,#12              ; [CPU_ALU] |3324| 
     843 00000163 9297          MOV       AL,*+XAR7[AR0]        ; [CPU_ALU] |3324| 
     844 00000164 5008          ORB       AL,#0x08              ; [CPU_ALU] |3324| 
     845 00000165 D00C          MOVB      XAR0,#12              ; [CPU_ALU] |3324| 
     846 00000166 969F          MOV       *+XAR7[AR1],AL        ; [CPU_ALU] |3324| 
     847 00000167 D10C          MOVB      XAR1,#12              ; [CPU_ALU] |3324| 
     848 00000168 CC97          AND       AL,*+XAR7[AR0],#0xfffb ; [CPU_ALU] |3324| 
         00000169 FFFB 
     849 0000016a 969F          MOV       *+XAR7[AR1],AL        ; [CPU_ALU] |3324| 
     850 0000016b 8BBE          MOVL      XAR1,*--SP            ; [CPU_ALU] 
     851                      .dwcfi  cfa_offset, -2
     852                      .dwcfi  restore_reg, 7
TMS320C2000 Assembler PC v22.6.0 Mon Apr 21 09:03:31 2025

Copyright (c) 1996-2018 Texas Instruments Incorporated
hal_pwm_TMS320F280049C.asm                                           PAGE   18

     853              $C$DW$46        .dwtag  DW_TAG_TI_branch
     854                      .dwattr $C$DW$46, DW_AT_low_pc(0x00)
     855                      .dwattr $C$DW$46, DW_AT_TI_return
     856              
     857 0000016c 0006          LRETR     ; [CPU_ALU] 
     858                      ; return occurs ; [] 
     859                      .dwattr $C$DW$35, DW_AT_TI_end_file("../hal/hal_pwm_TMS320F280049C.c")
     860                      .dwattr $C$DW$35, DW_AT_TI_end_line(0x87)
     861                      .dwattr $C$DW$35, DW_AT_TI_end_column(0x01)
     862                      .dwendentry
     863                      .dwendtag $C$DW$35
     864              
     865 0000016d               .sect   ".text"
     866                      .clink
     867                      .global ||pwm_hal_Setup3phasePWM||
     868              
     869              $C$DW$47        .dwtag  DW_TAG_subprogram
     870                      .dwattr $C$DW$47, DW_AT_name("pwm_hal_Setup3phasePWM")
     871                      .dwattr $C$DW$47, DW_AT_low_pc(||pwm_hal_Setup3phasePWM||)
     872                      .dwattr $C$DW$47, DW_AT_high_pc(0x00)
     873                      .dwattr $C$DW$47, DW_AT_linkage_name("pwm_hal_Setup3phasePWM")
     874                      .dwattr $C$DW$47, DW_AT_external
     875                      .dwattr $C$DW$47, DW_AT_decl_file("../hal/hal_pwm_TMS320F280049C.c")
     876                      .dwattr $C$DW$47, DW_AT_decl_line(0x8c)
     877                      .dwattr $C$DW$47, DW_AT_decl_column(0x06)
     878                      .dwattr $C$DW$47, DW_AT_TI_max_frame_size(-6)
     879                      .dwpsn  file "../hal/hal_pwm_TMS320F280049C.c",line 141,column 1,is_stmt,address ||pwm_hal_Setup3phas
     880              
     881                      .dwfde $C$DW$CIE, ||pwm_hal_Setup3phasePWM||
     882              
     883              ;***************************************************************
     884              ;* FNAME: pwm_hal_Setup3phasePWM        FR SIZE:   4           *
     885              ;*                                                             *
     886              ;* FUNCTION ENVIRONMENT                                        *
     887              ;*                                                             *
     888              ;* FUNCTION PROPERTIES                                         *
     889              ;*                            3 Parameter,  0 Auto,  0 SOE     *
     890              ;***************************************************************
     891              
     892 0000016d       ||pwm_hal_Setup3phasePWM||:
     893                      .dwcfi  cfa_offset, -2
     894                      .dwcfi  save_reg_to_mem, 26, 0
     895 0000016d FE04          ADDB      SP,#4                 ; [CPU_ARAU] 
     896                      .dwcfi  cfa_offset, -6
     897                      .dwpsn  file "../hal/hal_pwm_TMS320F280049C.c",line 145,column 5,is_stmt,isa 0
     898 0000016e 8F00          MOVL      XAR4,#17152           ; [CPU_ARAU] |145| 
         0000016f 4300 
     899 00000170 FF20          MOV       ACC,#16384            ; [CPU_ALU] |145| 
         00000171 4000 
     900 00000172 D50F          MOVB      XAR5,#15              ; [CPU_ALU] |145| 
     901 00000173 A842          MOVL      *-SP[2],XAR4          ; [CPU_ALU] |145| 
     902 00000174 8F00          MOVL      XAR4,#1000            ; [CPU_ALU] |145| 
         00000175 03E8 
     903 00000176 56BF          MOVB      *-SP[3],#15,UNC       ; [CPU_ALU] |145| 
         00000177 0F43 
TMS320C2000 Assembler PC v22.6.0 Mon Apr 21 09:03:31 2025

Copyright (c) 1996-2018 Texas Instruments Incorporated
hal_pwm_TMS320F280049C.asm                                           PAGE   19

     904              $C$DW$48        .dwtag  DW_TAG_TI_branch
     905                      .dwattr $C$DW$48, DW_AT_low_pc(0x00)
     906                      .dwattr $C$DW$48, DW_AT_name("pwm_hal_Setup1phasePWM")
     907                      .dwattr $C$DW$48, DW_AT_TI_call
     908              
     909 00000178 7640!         LCR       #||pwm_hal_Setup1phasePWM|| ; [CPU_ALU] |145| 
         00000179 0000 
     910                      ; call occurs [#||pwm_hal_Setup1phasePWM||] ; [] |145| 
     911                      .dwpsn  file "../hal/hal_pwm_TMS320F280049C.c",line 154,column 5,is_stmt,isa 0
     912 0000017a 8F00          MOVL      XAR4,#17920           ; [CPU_ARAU] |154| 
         0000017b 4600 
     913 0000017c FF20          MOV       ACC,#16640            ; [CPU_ALU] |154| 
         0000017d 4100 
     914 0000017e D50F          MOVB      XAR5,#15              ; [CPU_ALU] |154| 
     915 0000017f A842          MOVL      *-SP[2],XAR4          ; [CPU_ALU] |154| 
     916 00000180 8F00          MOVL      XAR4,#1000            ; [CPU_ALU] |154| 
         00000181 03E8 
     917 00000182 56BF          MOVB      *-SP[3],#15,UNC       ; [CPU_ALU] |154| 
         00000183 0F43 
     918              $C$DW$49        .dwtag  DW_TAG_TI_branch
     919                      .dwattr $C$DW$49, DW_AT_low_pc(0x00)
     920                      .dwattr $C$DW$49, DW_AT_name("pwm_hal_Setup1phasePWM")
     921                      .dwattr $C$DW$49, DW_AT_TI_call
     922              
     923 00000184 7640!         LCR       #||pwm_hal_Setup1phasePWM|| ; [CPU_ALU] |154| 
         00000185 0000 
     924                      ; call occurs [#||pwm_hal_Setup1phasePWM||] ; [] |154| 
     925                      .dwpsn  file "../hal/hal_pwm_TMS320F280049C.c",line 163,column 5,is_stmt,isa 0
     926 00000186 8F00          MOVL      XAR4,#18176           ; [CPU_ARAU] |163| 
         00000187 4700 
     927 00000188 FF20          MOV       ACC,#16896            ; [CPU_ALU] |163| 
         00000189 4200 
     928 0000018a D50F          MOVB      XAR5,#15              ; [CPU_ALU] |163| 
     929 0000018b A842          MOVL      *-SP[2],XAR4          ; [CPU_ALU] |163| 
     930 0000018c 8F00          MOVL      XAR4,#1000            ; [CPU_ALU] |163| 
         0000018d 03E8 
     931 0000018e 56BF          MOVB      *-SP[3],#15,UNC       ; [CPU_ALU] |163| 
         0000018f 0F43 
     932              $C$DW$50        .dwtag  DW_TAG_TI_branch
     933                      .dwattr $C$DW$50, DW_AT_low_pc(0x00)
     934                      .dwattr $C$DW$50, DW_AT_name("pwm_hal_Setup1phasePWM")
     935                      .dwattr $C$DW$50, DW_AT_TI_call
     936              
     937 00000190 7640!         LCR       #||pwm_hal_Setup1phasePWM|| ; [CPU_ALU] |163| 
         00000191 0000 
     938                      ; call occurs [#||pwm_hal_Setup1phasePWM||] ; [] |163| 
     939                      .dwpsn  file "D:/15_Delta/14. ANPC Converter/ANPC_3Layer/TMS320F280049C/device/driverlib/epwm.h",line
     940 00000192 F5A9          MOV       AL,*(0:0x4000)        ; [CPU_ALU] |1821| 
         00000193 4000 
     941 00000194 18A9          AND       AL,#0xfffb            ; [CPU_ALU] |1821| 
         00000195 FFFB 
     942 00000196 F4A9          MOV       *(0:0x4000),AL        ; [CPU_ALU] |1821| 
         00000197 4000 
     943                      .dwpsn  file "D:/15_Delta/14. ANPC Converter/ANPC_3Layer/TMS320F280049C/device/driverlib/epwm.h",line
     944 00000198 F5A9          MOV       AL,*(0:0x4000)        ; [CPU_ALU] |1709| 
TMS320C2000 Assembler PC v22.6.0 Mon Apr 21 09:03:31 2025

Copyright (c) 1996-2018 Texas Instruments Incorporated
hal_pwm_TMS320F280049C.asm                                           PAGE   20

         00000199 4000 
     945 0000019a CCA9          AND       AL,AL,#0xffdf         ; [CPU_ALU] |1709| 
         0000019b FFDF 
     946 0000019c 5010          ORB       AL,#0x10              ; [CPU_ALU] |1709| 
     947 0000019d F4A9          MOV       *(0:0x4000),AL        ; [CPU_ALU] |1709| 
         0000019e 4000 
     948                      .dwpsn  file "D:/15_Delta/14. ANPC Converter/ANPC_3Layer/TMS320F280049C/device/driverlib/epwm.h",line
     949 0000019f F5A9          MOV       AL,*(0:0x4300)        ; [CPU_ALU] |1796| 
         000001a0 4300 
     950 000001a1 5004          ORB       AL,#0x04              ; [CPU_ALU] |1796| 
     951 000001a2 F4A9          MOV       *(0:0x4300),AL        ; [CPU_ALU] |1796| 
         000001a3 4300 
     952                      .dwpsn  file "D:/15_Delta/14. ANPC Converter/ANPC_3Layer/TMS320F280049C/device/driverlib/epwm.h",line
     953 000001a4 F5A9          MOV       AL,*(0:0x4300)        ; [CPU_ALU] |1709| 
         000001a5 4300 
     954 000001a6 18A9          AND       AL,#0xffcf            ; [CPU_ALU] |1709| 
         000001a7 FFCF 
     955 000001a8 F4A9          MOV       *(0:0x4300),AL        ; [CPU_ALU] |1709| 
         000001a9 4300 
     956                      .dwpsn  file "D:/15_Delta/14. ANPC Converter/ANPC_3Layer/TMS320F280049C/device/driverlib/epwm.h",line
     957 000001aa BFA9          MOV32     ACC,*(0:0x4360)       ; [CPU_FPU] |2151| 
         000001ab 4360 
     958 000001ac 9100          ANDB      AH,#0                 ; [CPU_ALU] |2151| 
     959 000001ad 5102          OR        AH,#2                 ; [CPU_ALU] |2151| 
     960 000001ae BDA9          MOV32     *(0:0x4360),ACC       ; [CPU_FPU] |2151| 
         000001af 4360 
     961                      .dwpsn  file "D:/15_Delta/14. ANPC Converter/ANPC_3Layer/TMS320F280049C/device/driverlib/epwm.h",line
     962 000001b0 F5A9          MOV       AL,*(0:0x4300)        ; [CPU_ALU] |1584| 
         000001b1 4300 
     963 000001b2 1AA9          OR        AL,#0x2000            ; [CPU_ALU] |1584| 
         000001b3 2000 
     964 000001b4 F4A9          MOV       *(0:0x4300),AL        ; [CPU_ALU] |1584| 
         000001b5 4300 
     965                      .dwpsn  file "D:/15_Delta/14. ANPC Converter/ANPC_3Layer/TMS320F280049C/device/driverlib/epwm.h",line
     966 000001b6 F5A9          MOV       AL,*(0:0x4100)        ; [CPU_ALU] |1796| 
         000001b7 4100 
     967 000001b8 5004          ORB       AL,#0x04              ; [CPU_ALU] |1796| 
     968 000001b9 F4A9          MOV       *(0:0x4100),AL        ; [CPU_ALU] |1796| 
         000001ba 4100 
     969                      .dwpsn  file "D:/15_Delta/14. ANPC Converter/ANPC_3Layer/TMS320F280049C/device/driverlib/epwm.h",line
     970 000001bb F5A9          MOV       AL,*(0:0x4100)        ; [CPU_ALU] |1709| 
         000001bc 4100 
     971 000001bd 18A9          AND       AL,#0xffcf            ; [CPU_ALU] |1709| 
         000001be FFCF 
     972 000001bf F4A9          MOV       *(0:0x4100),AL        ; [CPU_ALU] |1709| 
         000001c0 4100 
     973                      .dwpsn  file "D:/15_Delta/14. ANPC Converter/ANPC_3Layer/TMS320F280049C/device/driverlib/epwm.h",line
     974 000001c1 BFA9          MOV32     ACC,*(0:0x4160)       ; [CPU_FPU] |2151| 
         000001c2 4160 
     975 000001c3 9100          ANDB      AH,#0                 ; [CPU_ALU] |2151| 
     976 000001c4 5102          OR        AH,#2                 ; [CPU_ALU] |2151| 
     977 000001c5 BDA9          MOV32     *(0:0x4160),ACC       ; [CPU_FPU] |2151| 
         000001c6 4160 
     978                      .dwpsn  file "D:/15_Delta/14. ANPC Converter/ANPC_3Layer/TMS320F280049C/device/driverlib/epwm.h",line
     979 000001c7 F5A9          MOV       AL,*(0:0x4100)        ; [CPU_ALU] |1584| 
TMS320C2000 Assembler PC v22.6.0 Mon Apr 21 09:03:31 2025

Copyright (c) 1996-2018 Texas Instruments Incorporated
hal_pwm_TMS320F280049C.asm                                           PAGE   21

         000001c8 4100 
     980 000001c9 1AA9          OR        AL,#0x2000            ; [CPU_ALU] |1584| 
         000001ca 2000 
     981 000001cb F4A9          MOV       *(0:0x4100),AL        ; [CPU_ALU] |1584| 
         000001cc 4100 
     982                      .dwpsn  file "D:/15_Delta/14. ANPC Converter/ANPC_3Layer/TMS320F280049C/device/driverlib/epwm.h",line
     983 000001cd F5A9          MOV       AL,*(0:0x4600)        ; [CPU_ALU] |1796| 
         000001ce 4600 
     984 000001cf 5004          ORB       AL,#0x04              ; [CPU_ALU] |1796| 
     985 000001d0 F4A9          MOV       *(0:0x4600),AL        ; [CPU_ALU] |1796| 
         000001d1 4600 
     986                      .dwpsn  file "D:/15_Delta/14. ANPC Converter/ANPC_3Layer/TMS320F280049C/device/driverlib/epwm.h",line
     987 000001d2 F5A9          MOV       AL,*(0:0x4600)        ; [CPU_ALU] |1709| 
         000001d3 4600 
     988 000001d4 18A9          AND       AL,#0xffcf            ; [CPU_ALU] |1709| 
         000001d5 FFCF 
     989 000001d6 F4A9          MOV       *(0:0x4600),AL        ; [CPU_ALU] |1709| 
         000001d7 4600 
     990                      .dwpsn  file "D:/15_Delta/14. ANPC Converter/ANPC_3Layer/TMS320F280049C/device/driverlib/epwm.h",line
     991 000001d8 BFA9          MOV32     ACC,*(0:0x4660)       ; [CPU_FPU] |2151| 
         000001d9 4660 
     992 000001da 9100          ANDB      AH,#0                 ; [CPU_ALU] |2151| 
     993 000001db 5102          OR        AH,#2                 ; [CPU_ALU] |2151| 
     994 000001dc BDA9          MOV32     *(0:0x4660),ACC       ; [CPU_FPU] |2151| 
         000001dd 4660 
     995                      .dwpsn  file "D:/15_Delta/14. ANPC Converter/ANPC_3Layer/TMS320F280049C/device/driverlib/epwm.h",line
     996 000001de F5A9          MOV       AL,*(0:0x4600)        ; [CPU_ALU] |1584| 
         000001df 4600 
     997 000001e0 1AA9          OR        AL,#0x2000            ; [CPU_ALU] |1584| 
         000001e1 2000 
     998 000001e2 F4A9          MOV       *(0:0x4600),AL        ; [CPU_ALU] |1584| 
         000001e3 4600 
     999                      .dwpsn  file "D:/15_Delta/14. ANPC Converter/ANPC_3Layer/TMS320F280049C/device/driverlib/epwm.h",line
    1000 000001e4 F5A9          MOV       AL,*(0:0x4200)        ; [CPU_ALU] |1796| 
         000001e5 4200 
    1001 000001e6 5004          ORB       AL,#0x04              ; [CPU_ALU] |1796| 
    1002 000001e7 F4A9          MOV       *(0:0x4200),AL        ; [CPU_ALU] |1796| 
         000001e8 4200 
    1003                      .dwpsn  file "D:/15_Delta/14. ANPC Converter/ANPC_3Layer/TMS320F280049C/device/driverlib/epwm.h",line
    1004 000001e9 F5A9          MOV       AL,*(0:0x4200)        ; [CPU_ALU] |1709| 
         000001ea 4200 
    1005 000001eb 18A9          AND       AL,#0xffcf            ; [CPU_ALU] |1709| 
         000001ec FFCF 
    1006 000001ed F4A9          MOV       *(0:0x4200),AL        ; [CPU_ALU] |1709| 
         000001ee 4200 
    1007                      .dwpsn  file "D:/15_Delta/14. ANPC Converter/ANPC_3Layer/TMS320F280049C/device/driverlib/epwm.h",line
    1008 000001ef BFA9          MOV32     ACC,*(0:0x4260)       ; [CPU_FPU] |2151| 
         000001f0 4260 
    1009 000001f1 9100          ANDB      AH,#0                 ; [CPU_ALU] |2151| 
    1010 000001f2 5102          OR        AH,#2                 ; [CPU_ALU] |2151| 
    1011 000001f3 BDA9          MOV32     *(0:0x4260),ACC       ; [CPU_FPU] |2151| 
         000001f4 4260 
    1012                      .dwpsn  file "D:/15_Delta/14. ANPC Converter/ANPC_3Layer/TMS320F280049C/device/driverlib/epwm.h",line
    1013 000001f5 F5A9          MOV       AL,*(0:0x4200)        ; [CPU_ALU] |1584| 
         000001f6 4200 
TMS320C2000 Assembler PC v22.6.0 Mon Apr 21 09:03:31 2025

Copyright (c) 1996-2018 Texas Instruments Incorporated
hal_pwm_TMS320F280049C.asm                                           PAGE   22

    1014 000001f7 1AA9          OR        AL,#0x2000            ; [CPU_ALU] |1584| 
         000001f8 2000 
    1015 000001f9 F4A9          MOV       *(0:0x4200),AL        ; [CPU_ALU] |1584| 
         000001fa 4200 
    1016                      .dwpsn  file "D:/15_Delta/14. ANPC Converter/ANPC_3Layer/TMS320F280049C/device/driverlib/epwm.h",line
    1017 000001fb F5A9          MOV       AL,*(0:0x4700)        ; [CPU_ALU] |1796| 
         000001fc 4700 
    1018 000001fd 5004          ORB       AL,#0x04              ; [CPU_ALU] |1796| 
    1019 000001fe F4A9          MOV       *(0:0x4700),AL        ; [CPU_ALU] |1796| 
         000001ff 4700 
    1020                      .dwpsn  file "D:/15_Delta/14. ANPC Converter/ANPC_3Layer/TMS320F280049C/device/driverlib/epwm.h",line
    1021 00000200 F5A9          MOV       AL,*(0:0x4700)        ; [CPU_ALU] |1709| 
         00000201 4700 
    1022 00000202 18A9          AND       AL,#0xffcf            ; [CPU_ALU] |1709| 
         00000203 FFCF 
    1023 00000204 F4A9          MOV       *(0:0x4700),AL        ; [CPU_ALU] |1709| 
         00000205 4700 
    1024                      .dwpsn  file "D:/15_Delta/14. ANPC Converter/ANPC_3Layer/TMS320F280049C/device/driverlib/epwm.h",line
    1025 00000206 BFA9          MOV32     ACC,*(0:0x4760)       ; [CPU_FPU] |2151| 
         00000207 4760 
    1026 00000208 9100          ANDB      AH,#0                 ; [CPU_ALU] |2151| 
    1027 00000209 5102          OR        AH,#2                 ; [CPU_ALU] |2151| 
    1028 0000020a BDA9          MOV32     *(0:0x4760),ACC       ; [CPU_FPU] |2151| 
         0000020b 4760 
    1029                      .dwpsn  file "D:/15_Delta/14. ANPC Converter/ANPC_3Layer/TMS320F280049C/device/driverlib/epwm.h",line
    1030 0000020c F5A9          MOV       AL,*(0:0x4700)        ; [CPU_ALU] |1584| 
         0000020d 4700 
    1031 0000020e 1AA9          OR        AL,#0x2000            ; [CPU_ALU] |1584| 
         0000020f 2000 
    1032 00000210 F4A9          MOV       *(0:0x4700),AL        ; [CPU_ALU] |1584| 
         00000211 4700 
    1033 00000212 FE84          SUBB      SP,#4                 ; [CPU_ARAU] 
    1034                      .dwcfi  cfa_offset, -2
    1035              $C$DW$51        .dwtag  DW_TAG_TI_branch
    1036                      .dwattr $C$DW$51, DW_AT_low_pc(0x00)
    1037                      .dwattr $C$DW$51, DW_AT_TI_return
    1038              
    1039 00000213 0006          LRETR     ; [CPU_ALU] 
    1040                      ; return occurs ; [] 
    1041                      .dwattr $C$DW$47, DW_AT_TI_end_file("../hal/hal_pwm_TMS320F280049C.c")
    1042                      .dwattr $C$DW$47, DW_AT_TI_end_line(0xc9)
    1043                      .dwattr $C$DW$47, DW_AT_TI_end_column(0x01)
    1044                      .dwendentry
    1045                      .dwendtag $C$DW$47
    1046              
    1047 00000214               .sect   ".text"
    1048                      .clink
    1049                      .global ||pwm_hal_EnablePWMCLKCounting||
    1050              
    1051              $C$DW$52        .dwtag  DW_TAG_subprogram
    1052                      .dwattr $C$DW$52, DW_AT_name("pwm_hal_EnablePWMCLKCounting")
    1053                      .dwattr $C$DW$52, DW_AT_low_pc(||pwm_hal_EnablePWMCLKCounting||)
    1054                      .dwattr $C$DW$52, DW_AT_high_pc(0x00)
    1055                      .dwattr $C$DW$52, DW_AT_linkage_name("pwm_hal_EnablePWMCLKCounting")
    1056                      .dwattr $C$DW$52, DW_AT_external
TMS320C2000 Assembler PC v22.6.0 Mon Apr 21 09:03:31 2025

Copyright (c) 1996-2018 Texas Instruments Incorporated
hal_pwm_TMS320F280049C.asm                                           PAGE   23

    1057                      .dwattr $C$DW$52, DW_AT_decl_file("../hal/hal_pwm_TMS320F280049C.c")
    1058                      .dwattr $C$DW$52, DW_AT_decl_line(0x1f)
    1059                      .dwattr $C$DW$52, DW_AT_decl_column(0x06)
    1060                      .dwattr $C$DW$52, DW_AT_TI_max_frame_size(-2)
    1061                      .dwpsn  file "../hal/hal_pwm_TMS320F280049C.c",line 32,column 1,is_stmt,address ||pwm_hal_EnablePWMCL
    1062              
    1063                      .dwfde $C$DW$CIE, ||pwm_hal_EnablePWMCLKCounting||
    1064              
    1065              ;***************************************************************
    1066              ;* FNAME: pwm_hal_EnablePWMCLKCounting  FR SIZE:   0           *
    1067              ;*                                                             *
    1068              ;* FUNCTION ENVIRONMENT                                        *
    1069              ;*                                                             *
    1070              ;* FUNCTION PROPERTIES                                         *
    1071              ;*                            0 Parameter,  0 Auto,  0 SOE     *
    1072              ;***************************************************************
    1073              
    1074 00000214       ||pwm_hal_EnablePWMCLKCounting||:
    1075                      .dwcfi  cfa_offset, -2
    1076                      .dwcfi  save_reg_to_mem, 26, 0
    1077                      .dwpsn  file "D:\15_Delta\14. ANPC Converter\ANPC_3Layer\TMS320F280049C\device\driverlib\sysctl.h",li
    1078 00000214 7622          EALLOW    ; [CPU_ALU] |855| 
    1079                      .dwpsn  file "D:\15_Delta\14. ANPC Converter\ANPC_3Layer\TMS320F280049C\device\driverlib\sysctl.h",li
    1080 00000215 8F05          MOVL      XAR4,#381730          ; [CPU_ARAU] |860| 
         00000216 D322 
    1081 00000217 06C4          MOVL      ACC,*+XAR4[0]         ; [CPU_ALU] |860| 
    1082 00000218 5104          OR        AH,#4                 ; [CPU_ALU] |860| 
    1083 00000219 1EC4          MOVL      *+XAR4[0],ACC         ; [CPU_ALU] |860| 
    1084                      .dwpsn  file "D:\15_Delta\14. ANPC Converter\ANPC_3Layer\TMS320F280049C\device\driverlib\sysctl.h",li
    1085 0000021a 761A          EDIS      ; [CPU_ALU] |861| 
    1086              $C$DW$53        .dwtag  DW_TAG_TI_branch
    1087                      .dwattr $C$DW$53, DW_AT_low_pc(0x00)
    1088                      .dwattr $C$DW$53, DW_AT_TI_return
    1089              
    1090 0000021b 0006          LRETR     ; [CPU_ALU] 
    1091                      ; return occurs ; [] 
    1092                      .dwattr $C$DW$52, DW_AT_TI_end_file("../hal/hal_pwm_TMS320F280049C.c")
    1093                      .dwattr $C$DW$52, DW_AT_TI_end_line(0x22)
    1094                      .dwattr $C$DW$52, DW_AT_TI_end_column(0x01)
    1095                      .dwendentry
    1096                      .dwendtag $C$DW$52
    1097              
    1098 0000021c               .sect   ".text"
    1099                      .clink
    1100                      .global ||pwm_hal_DisablePWMCLKCounting||
    1101              
    1102              $C$DW$54        .dwtag  DW_TAG_subprogram
    1103                      .dwattr $C$DW$54, DW_AT_name("pwm_hal_DisablePWMCLKCounting")
    1104                      .dwattr $C$DW$54, DW_AT_low_pc(||pwm_hal_DisablePWMCLKCounting||)
    1105                      .dwattr $C$DW$54, DW_AT_high_pc(0x00)
    1106                      .dwattr $C$DW$54, DW_AT_linkage_name("pwm_hal_DisablePWMCLKCounting")
    1107                      .dwattr $C$DW$54, DW_AT_external
    1108                      .dwattr $C$DW$54, DW_AT_decl_file("../hal/hal_pwm_TMS320F280049C.c")
    1109                      .dwattr $C$DW$54, DW_AT_decl_line(0x17)
    1110                      .dwattr $C$DW$54, DW_AT_decl_column(0x06)
TMS320C2000 Assembler PC v22.6.0 Mon Apr 21 09:03:31 2025

Copyright (c) 1996-2018 Texas Instruments Incorporated
hal_pwm_TMS320F280049C.asm                                           PAGE   24

    1111                      .dwattr $C$DW$54, DW_AT_TI_max_frame_size(-2)
    1112                      .dwpsn  file "../hal/hal_pwm_TMS320F280049C.c",line 24,column 1,is_stmt,address ||pwm_hal_DisablePWMC
    1113              
    1114                      .dwfde $C$DW$CIE, ||pwm_hal_DisablePWMCLKCounting||
    1115              
    1116              ;***************************************************************
    1117              ;* FNAME: pwm_hal_DisablePWMCLKCounting FR SIZE:   0           *
    1118              ;*                                                             *
    1119              ;* FUNCTION ENVIRONMENT                                        *
    1120              ;*                                                             *
    1121              ;* FUNCTION PROPERTIES                                         *
    1122              ;*                            0 Parameter,  0 Auto,  0 SOE     *
    1123              ;***************************************************************
    1124              
    1125 0000021c       ||pwm_hal_DisablePWMCLKCounting||:
    1126                      .dwcfi  cfa_offset, -2
    1127                      .dwcfi  save_reg_to_mem, 26, 0
    1128                      .dwpsn  file "D:\15_Delta\14. ANPC Converter\ANPC_3Layer\TMS320F280049C\device\driverlib\sysctl.h",li
    1129 0000021c 7622          EALLOW    ; [CPU_ALU] |890| 
    1130                      .dwpsn  file "D:\15_Delta\14. ANPC Converter\ANPC_3Layer\TMS320F280049C\device\driverlib\sysctl.h",li
    1131 0000021d 8F05          MOVL      XAR4,#381730          ; [CPU_ARAU] |895| 
         0000021e D322 
    1132 0000021f 06C4          MOVL      ACC,*+XAR4[0]         ; [CPU_ALU] |895| 
    1133 00000220 18A8          AND       AH,#65531             ; [CPU_ALU] |895| 
         00000221 FFFB 
    1134 00000222 1EC4          MOVL      *+XAR4[0],ACC         ; [CPU_ALU] |895| 
    1135                      .dwpsn  file "D:\15_Delta\14. ANPC Converter\ANPC_3Layer\TMS320F280049C\device\driverlib\sysctl.h",li
    1136 00000223 761A          EDIS      ; [CPU_ALU] |896| 
    1137              $C$DW$55        .dwtag  DW_TAG_TI_branch
    1138                      .dwattr $C$DW$55, DW_AT_low_pc(0x00)
    1139                      .dwattr $C$DW$55, DW_AT_TI_return
    1140              
    1141 00000224 0006          LRETR     ; [CPU_ALU] 
    1142                      ; return occurs ; [] 
    1143                      .dwattr $C$DW$54, DW_AT_TI_end_file("../hal/hal_pwm_TMS320F280049C.c")
    1144                      .dwattr $C$DW$54, DW_AT_TI_end_line(0x1a)
    1145                      .dwattr $C$DW$54, DW_AT_TI_end_column(0x01)
    1146                      .dwendentry
    1147                      .dwendtag $C$DW$54
    1148              
    1149 00000000               .sect   ".text:__signbitl"
    1150                      .clink
    1151                      .global ||__signbitl||
    1152              
    1153              $C$DW$56        .dwtag  DW_TAG_subprogram
    1154                      .dwattr $C$DW$56, DW_AT_name("__signbitl")
    1155                      .dwattr $C$DW$56, DW_AT_low_pc(||__signbitl||)
    1156                      .dwattr $C$DW$56, DW_AT_high_pc(0x00)
    1157                      .dwattr $C$DW$56, DW_AT_linkage_name("__signbitl")
    1158                      .dwattr $C$DW$56, DW_AT_external
    1159                      .dwattr $C$DW$56, DW_AT_type(*$C$DW$T$10)
    1160                      .dwattr $C$DW$56, DW_AT_decl_file("C:/ti/ccs1210/ccs/tools/compiler/ti-cgt-c2000_22.6.0.LTS/include/_
    1161                      .dwattr $C$DW$56, DW_AT_decl_line(0x16f)
    1162                      .dwattr $C$DW$56, DW_AT_decl_column(0x18)
    1163                      .dwattr $C$DW$56, DW_AT_TI_max_frame_size(-6)
TMS320C2000 Assembler PC v22.6.0 Mon Apr 21 09:03:31 2025

Copyright (c) 1996-2018 Texas Instruments Incorporated
hal_pwm_TMS320F280049C.asm                                           PAGE   25

    1164                      .dwpsn  file "C:/ti/ccs1210/ccs/tools/compiler/ti-cgt-c2000_22.6.0.LTS/include/_defs.h",line 368,colu
    1165              
    1166                      .dwfde $C$DW$CIE, ||__signbitl||
    1167              $C$DW$57        .dwtag  DW_TAG_formal_parameter
    1168                      .dwattr $C$DW$57, DW_AT_name("e")
    1169                      .dwattr $C$DW$57, DW_AT_type(*$C$DW$T$136)
    1170                      .dwattr $C$DW$57, DW_AT_location[DW_OP_reg12]
    1171              
    1172              
    1173              ;***************************************************************
    1174              ;* FNAME: __signbitl                    FR SIZE:   4           *
    1175              ;*                                                             *
    1176              ;* FUNCTION ENVIRONMENT                                        *
    1177              ;*                                                             *
    1178              ;* FUNCTION PROPERTIES                                         *
    1179              ;*                            4 Parameter,  0 Auto,  0 SOE     *
    1180              ;***************************************************************
    1181              
    1182              ||__signbitl||:
    1183              ;* AR4   assigned to e
    1184              $C$DW$58        .dwtag  DW_TAG_variable
    1185                      .dwattr $C$DW$58, DW_AT_name("e")
    1186                      .dwattr $C$DW$58, DW_AT_type(*$C$DW$T$137)
    1187                      .dwattr $C$DW$58, DW_AT_location[DW_OP_reg12]
    1188              
    1189                      .dwcfi  cfa_offset, -2
    1190                      .dwcfi  save_reg_to_mem, 26, 0
    1191 00000000 FE04          ADDB      SP,#4                 ; [CPU_ARAU] 
    1192                      .dwcfi  cfa_offset, -6
    1193                      .dwpsn  file "C:/ti/ccs1210/ccs/tools/compiler/ti-cgt-c2000_22.6.0.LTS/include/_defs.h",line 368,colu
    1194 00000001 0200          MOVB      ACC,#0                ; [CPU_ALU] |368| 
    1195 00000002 1E44          MOVL      *-SP[4],ACC           ; [CPU_ALU] |368| 
    1196 00000003 2B42          MOV       *-SP[2],#0            ; [CPU_ALU] |368| 
    1197 00000004 2B41          MOV       *-SP[1],#0            ; [CPU_ALU] |368| 
    1198 00000005 A3C4          MOVL      P,*+XAR4[0]           ; [CPU_ALU] |368| 
    1199 00000006 06D4          MOVL      ACC,*+XAR4[2]         ; [CPU_ALU] |368| 
    1200 00000007 18AB          AND       PL,#0                 ; [CPU_ALU] |368| 
         00000008 0000 
    1201 00000009 18AA          AND       PH,#0                 ; [CPU_ALU] |368| 
         0000000a 0000 
    1202 0000000b 9000          ANDB      AL,#0                 ; [CPU_ALU] |368| 
    1203 0000000c 18A8          AND       AH,#32768             ; [CPU_ALU] |368| 
         0000000d 8000 
    1204              $C$DW$59        .dwtag  DW_TAG_TI_branch
    1205                      .dwattr $C$DW$59, DW_AT_low_pc(0x00)
    1206                      .dwattr $C$DW$59, DW_AT_name("__c28xabi_cmpull")
    1207                      .dwattr $C$DW$59, DW_AT_TI_call
    1208              
    1209 0000000e 7640!         LCR       #||__c28xabi_cmpull|| ; [CPU_ALU] |368| 
         0000000f 0000 
    1210                      ; call occurs [#||__c28xabi_cmpull||] ; [] |368| 
    1211 00000010 9B00          MOVB      AH,#0                 ; [CPU_ALU] |368| 
    1212 00000011 5200          CMPB      AL,#0                 ; [CPU_ALU] |368| 
    1213 00000012 56B0          MOVB      AH,#1,NEQ             ; [CPU_ALU] |368| 
         00000013 01A8 
TMS320C2000 Assembler PC v22.6.0 Mon Apr 21 09:03:31 2025

Copyright (c) 1996-2018 Texas Instruments Incorporated
hal_pwm_TMS320F280049C.asm                                           PAGE   26

    1214 00000014 92A8          MOV       AL,AH                 ; [CPU_ALU] |368| 
    1215 00000015 FE84          SUBB      SP,#4                 ; [CPU_ARAU] 
    1216                      .dwcfi  cfa_offset, -2
    1217              $C$DW$60        .dwtag  DW_TAG_TI_branch
    1218                      .dwattr $C$DW$60, DW_AT_low_pc(0x00)
    1219                      .dwattr $C$DW$60, DW_AT_TI_return
    1220              
    1221 00000016 0006          LRETR     ; [CPU_ALU] 
    1222                      ; return occurs ; [] 
    1223                      .dwattr $C$DW$56, DW_AT_TI_end_file("C:/ti/ccs1210/ccs/tools/compiler/ti-cgt-c2000_22.6.0.LTS/include
    1224                      .dwattr $C$DW$56, DW_AT_TI_end_line(0x170)
    1225                      .dwattr $C$DW$56, DW_AT_TI_end_column(0x2b)
    1226                      .dwendentry
    1227                      .dwendtag $C$DW$56
    1228              
    1229 00000000               .sect   ".text:__signbitf"
    1230                      .clink
    1231                      .global ||__signbitf||
    1232              
    1233              $C$DW$61        .dwtag  DW_TAG_subprogram
    1234                      .dwattr $C$DW$61, DW_AT_name("__signbitf")
    1235                      .dwattr $C$DW$61, DW_AT_low_pc(||__signbitf||)
    1236                      .dwattr $C$DW$61, DW_AT_high_pc(0x00)
    1237                      .dwattr $C$DW$61, DW_AT_linkage_name("__signbitf")
    1238                      .dwattr $C$DW$61, DW_AT_external
    1239                      .dwattr $C$DW$61, DW_AT_type(*$C$DW$T$10)
    1240                      .dwattr $C$DW$61, DW_AT_decl_file("C:/ti/ccs1210/ccs/tools/compiler/ti-cgt-c2000_22.6.0.LTS/include/_
    1241                      .dwattr $C$DW$61, DW_AT_decl_line(0x16d)
    1242                      .dwattr $C$DW$61, DW_AT_decl_column(0x18)
    1243                      .dwattr $C$DW$61, DW_AT_TI_max_frame_size(-2)
    1244                      .dwpsn  file "C:/ti/ccs1210/ccs/tools/compiler/ti-cgt-c2000_22.6.0.LTS/include/_defs.h",line 366,colu
    1245              
    1246                      .dwfde $C$DW$CIE, ||__signbitf||
    1247              $C$DW$62        .dwtag  DW_TAG_formal_parameter
    1248                      .dwattr $C$DW$62, DW_AT_name("f")
    1249                      .dwattr $C$DW$62, DW_AT_type(*$C$DW$T$16)
    1250                      .dwattr $C$DW$62, DW_AT_location[DW_OP_regx 0x2b]
    1251              
    1252              
    1253              ;***************************************************************
    1254              ;* FNAME: __signbitf                    FR SIZE:   0           *
    1255              ;*                                                             *
    1256              ;* FUNCTION ENVIRONMENT                                        *
    1257              ;*                                                             *
    1258              ;* FUNCTION PROPERTIES                                         *
    1259              ;*                            0 Parameter,  0 Auto,  0 SOE     *
    1260              ;***************************************************************
    1261              
    1262              ||__signbitf||:
    1263              ;* R0    assigned to f
    1264              $C$DW$63        .dwtag  DW_TAG_variable
    1265                      .dwattr $C$DW$63, DW_AT_name("f")
    1266                      .dwattr $C$DW$63, DW_AT_type(*$C$DW$T$133)
    1267                      .dwattr $C$DW$63, DW_AT_location[DW_OP_regx 0x2b]
    1268              
TMS320C2000 Assembler PC v22.6.0 Mon Apr 21 09:03:31 2025

Copyright (c) 1996-2018 Texas Instruments Incorporated
hal_pwm_TMS320F280049C.asm                                           PAGE   27

    1269                      .dwcfi  cfa_offset, -2
    1270                      .dwcfi  save_reg_to_mem, 26, 0
    1271                      .dwpsn  file "C:/ti/ccs1210/ccs/tools/compiler/ti-cgt-c2000_22.6.0.LTS/include/_defs.h",line 366,colu
    1272 00000000 BFA9          MOV32     ACC,R0H               ; [CPU_FPU] |366| 
         00000001 0F12 
    1273 00000002 BE00          MOVB      XAR6,#0               ; [CPU_ALU] |366| 
    1274 00000003 9000          ANDB      AL,#0                 ; [CPU_ALU] |366| 
    1275 00000004 18A8          AND       AH,#32768             ; [CPU_ALU] |366| 
         00000005 8000 
    1276 00000006 FF58          TEST      ACC                   ; [CPU_ALU] |366| 
    1277 00000007 56B0          MOVB      XAR6,#1,NEQ           ; [CPU_ALU] |366| 
         00000008 01A6 
    1278 00000009 92A6          MOV       AL,AR6                ; [CPU_ALU] |366| 
    1279              $C$DW$64        .dwtag  DW_TAG_TI_branch
    1280                      .dwattr $C$DW$64, DW_AT_low_pc(0x00)
    1281                      .dwattr $C$DW$64, DW_AT_TI_return
    1282              
    1283 0000000a 0006          LRETR     ; [CPU_ALU] 
    1284                      ; return occurs ; [] 
    1285                      .dwattr $C$DW$61, DW_AT_TI_end_file("C:/ti/ccs1210/ccs/tools/compiler/ti-cgt-c2000_22.6.0.LTS/include
    1286                      .dwattr $C$DW$61, DW_AT_TI_end_line(0x16e)
    1287                      .dwattr $C$DW$61, DW_AT_TI_end_column(0x29)
    1288                      .dwendentry
    1289                      .dwendtag $C$DW$61
    1290              
    1291 00000000               .sect   ".text:__signbit"
    1292                      .clink
    1293                      .global ||__signbit||
    1294              
    1295              $C$DW$65        .dwtag  DW_TAG_subprogram
    1296                      .dwattr $C$DW$65, DW_AT_name("__signbit")
    1297                      .dwattr $C$DW$65, DW_AT_low_pc(||__signbit||)
    1298                      .dwattr $C$DW$65, DW_AT_high_pc(0x00)
    1299                      .dwattr $C$DW$65, DW_AT_linkage_name("__signbit")
    1300                      .dwattr $C$DW$65, DW_AT_external
    1301                      .dwattr $C$DW$65, DW_AT_type(*$C$DW$T$10)
    1302                      .dwattr $C$DW$65, DW_AT_decl_file("C:/ti/ccs1210/ccs/tools/compiler/ti-cgt-c2000_22.6.0.LTS/include/_
    1303                      .dwattr $C$DW$65, DW_AT_decl_line(0x16b)
    1304                      .dwattr $C$DW$65, DW_AT_decl_column(0x18)
    1305                      .dwattr $C$DW$65, DW_AT_TI_max_frame_size(-6)
    1306                      .dwpsn  file "C:/ti/ccs1210/ccs/tools/compiler/ti-cgt-c2000_22.6.0.LTS/include/_defs.h",line 364,colu
    1307              
    1308                      .dwfde $C$DW$CIE, ||__signbit||
    1309              $C$DW$66        .dwtag  DW_TAG_formal_parameter
    1310                      .dwattr $C$DW$66, DW_AT_name("d")
    1311                      .dwattr $C$DW$66, DW_AT_type(*$C$DW$T$134)
    1312                      .dwattr $C$DW$66, DW_AT_location[DW_OP_reg12]
    1313              
    1314              
    1315              ;***************************************************************
    1316              ;* FNAME: __signbit                     FR SIZE:   4           *
    1317              ;*                                                             *
    1318              ;* FUNCTION ENVIRONMENT                                        *
    1319              ;*                                                             *
    1320              ;* FUNCTION PROPERTIES                                         *
TMS320C2000 Assembler PC v22.6.0 Mon Apr 21 09:03:31 2025

Copyright (c) 1996-2018 Texas Instruments Incorporated
hal_pwm_TMS320F280049C.asm                                           PAGE   28

    1321              ;*                            4 Parameter,  0 Auto,  0 SOE     *
    1322              ;***************************************************************
    1323              
    1324              ||__signbit||:
    1325              ;* AR4   assigned to d
    1326              $C$DW$67        .dwtag  DW_TAG_variable
    1327                      .dwattr $C$DW$67, DW_AT_name("d")
    1328                      .dwattr $C$DW$67, DW_AT_type(*$C$DW$T$135)
    1329                      .dwattr $C$DW$67, DW_AT_location[DW_OP_reg12]
    1330              
    1331                      .dwcfi  cfa_offset, -2
    1332                      .dwcfi  save_reg_to_mem, 26, 0
    1333 00000000 FE04          ADDB      SP,#4                 ; [CPU_ARAU] 
    1334                      .dwcfi  cfa_offset, -6
    1335                      .dwpsn  file "C:/ti/ccs1210/ccs/tools/compiler/ti-cgt-c2000_22.6.0.LTS/include/_defs.h",line 364,colu
    1336 00000001 0200          MOVB      ACC,#0                ; [CPU_ALU] |364| 
    1337 00000002 1E44          MOVL      *-SP[4],ACC           ; [CPU_ALU] |364| 
    1338 00000003 2B42          MOV       *-SP[2],#0            ; [CPU_ALU] |364| 
    1339 00000004 2B41          MOV       *-SP[1],#0            ; [CPU_ALU] |364| 
    1340 00000005 A3C4          MOVL      P,*+XAR4[0]           ; [CPU_ALU] |364| 
    1341 00000006 06D4          MOVL      ACC,*+XAR4[2]         ; [CPU_ALU] |364| 
    1342 00000007 18AB          AND       PL,#0                 ; [CPU_ALU] |364| 
         00000008 0000 
    1343 00000009 18AA          AND       PH,#0                 ; [CPU_ALU] |364| 
         0000000a 0000 
    1344 0000000b 9000          ANDB      AL,#0                 ; [CPU_ALU] |364| 
    1345 0000000c 18A8          AND       AH,#32768             ; [CPU_ALU] |364| 
         0000000d 8000 
    1346              $C$DW$68        .dwtag  DW_TAG_TI_branch
    1347                      .dwattr $C$DW$68, DW_AT_low_pc(0x00)
    1348                      .dwattr $C$DW$68, DW_AT_name("__c28xabi_cmpull")
    1349                      .dwattr $C$DW$68, DW_AT_TI_call
    1350              
    1351 0000000e 7640!         LCR       #||__c28xabi_cmpull|| ; [CPU_ALU] |364| 
         0000000f 0000 
    1352                      ; call occurs [#||__c28xabi_cmpull||] ; [] |364| 
    1353 00000010 9B00          MOVB      AH,#0                 ; [CPU_ALU] |364| 
    1354 00000011 5200          CMPB      AL,#0                 ; [CPU_ALU] |364| 
    1355 00000012 56B0          MOVB      AH,#1,NEQ             ; [CPU_ALU] |364| 
         00000013 01A8 
    1356 00000014 92A8          MOV       AL,AH                 ; [CPU_ALU] |364| 
    1357 00000015 FE84          SUBB      SP,#4                 ; [CPU_ARAU] 
    1358                      .dwcfi  cfa_offset, -2
    1359              $C$DW$69        .dwtag  DW_TAG_TI_branch
    1360                      .dwattr $C$DW$69, DW_AT_low_pc(0x00)
    1361                      .dwattr $C$DW$69, DW_AT_TI_return
    1362              
    1363 00000016 0006          LRETR     ; [CPU_ALU] 
    1364                      ; return occurs ; [] 
    1365                      .dwattr $C$DW$65, DW_AT_TI_end_file("C:/ti/ccs1210/ccs/tools/compiler/ti-cgt-c2000_22.6.0.LTS/include
    1366                      .dwattr $C$DW$65, DW_AT_TI_end_line(0x16c)
    1367                      .dwattr $C$DW$65, DW_AT_TI_end_column(0x2a)
    1368                      .dwendentry
    1369                      .dwendtag $C$DW$65
    1370              
TMS320C2000 Assembler PC v22.6.0 Mon Apr 21 09:03:31 2025

Copyright (c) 1996-2018 Texas Instruments Incorporated
hal_pwm_TMS320F280049C.asm                                           PAGE   29

    1371 00000000               .sect   ".text:__relaxed_sqrtf"
    1372                      .clink
    1373                      .global ||__relaxed_sqrtf||
    1374              
    1375              $C$DW$70        .dwtag  DW_TAG_subprogram
    1376                      .dwattr $C$DW$70, DW_AT_name("__relaxed_sqrtf")
    1377                      .dwattr $C$DW$70, DW_AT_low_pc(||__relaxed_sqrtf||)
    1378                      .dwattr $C$DW$70, DW_AT_high_pc(0x00)
    1379                      .dwattr $C$DW$70, DW_AT_linkage_name("__relaxed_sqrtf")
    1380                      .dwattr $C$DW$70, DW_AT_external
    1381                      .dwattr $C$DW$70, DW_AT_type(*$C$DW$T$16)
    1382                      .dwattr $C$DW$70, DW_AT_decl_file("C:/ti/ccs1210/ccs/tools/compiler/ti-cgt-c2000_22.6.0.LTS/include/m
    1383                      .dwattr $C$DW$70, DW_AT_decl_line(0x103)
    1384                      .dwattr $C$DW$70, DW_AT_decl_column(0x10)
    1385                      .dwattr $C$DW$70, DW_AT_TI_max_frame_size(-2)
    1386                      .dwpsn  file "C:/ti/ccs1210/ccs/tools/compiler/ti-cgt-c2000_22.6.0.LTS/include/math.h",line 260,colum
    1387              
    1388                      .dwfde $C$DW$CIE, ||__relaxed_sqrtf||
    1389              $C$DW$71        .dwtag  DW_TAG_formal_parameter
    1390                      .dwattr $C$DW$71, DW_AT_name("x")
    1391                      .dwattr $C$DW$71, DW_AT_type(*$C$DW$T$16)
    1392                      .dwattr $C$DW$71, DW_AT_location[DW_OP_regx 0x2b]
    1393              
    1394              
    1395              ;***************************************************************
    1396              ;* FNAME: __relaxed_sqrtf               FR SIZE:   0           *
    1397              ;*                                                             *
    1398              ;* FUNCTION ENVIRONMENT                                        *
    1399              ;*                                                             *
    1400              ;* FUNCTION PROPERTIES                                         *
    1401              ;*                            0 Parameter,  0 Auto,  0 SOE     *
    1402              ;***************************************************************
    1403              
    1404              ||__relaxed_sqrtf||:
    1405              ;* R0    assigned to x
    1406              $C$DW$72        .dwtag  DW_TAG_variable
    1407                      .dwattr $C$DW$72, DW_AT_name("x")
    1408                      .dwattr $C$DW$72, DW_AT_type(*$C$DW$T$133)
    1409                      .dwattr $C$DW$72, DW_AT_location[DW_OP_regx 0x2b]
    1410              
    1411                      .dwcfi  cfa_offset, -2
    1412                      .dwcfi  save_reg_to_mem, 26, 0
    1413                      .dwpsn  file "C:/ti/ccs1210/ccs/tools/compiler/ti-cgt-c2000_22.6.0.LTS/include/math.h",line 261,colum
    1414 00000000 E277          SQRTF32   R0H,R0H               ; [CPU_FPU] |261| 
         00000001 0000 
    1415 00000002 7700          NOP       ; [CPU_ALU] 
    1416 00000003 7700          NOP       ; [CPU_ALU] 
    1417 00000004 7700          NOP       ; [CPU_ALU] 
    1418              $C$DW$73        .dwtag  DW_TAG_TI_branch
    1419                      .dwattr $C$DW$73, DW_AT_low_pc(0x00)
    1420                      .dwattr $C$DW$73, DW_AT_TI_return
    1421              
    1422 00000005 0006          LRETR     ; [CPU_ALU] 
    1423                      ; return occurs ; [] 
    1424                      .dwattr $C$DW$70, DW_AT_TI_end_file("C:/ti/ccs1210/ccs/tools/compiler/ti-cgt-c2000_22.6.0.LTS/include
TMS320C2000 Assembler PC v22.6.0 Mon Apr 21 09:03:31 2025

Copyright (c) 1996-2018 Texas Instruments Incorporated
hal_pwm_TMS320F280049C.asm                                           PAGE   30

    1425                      .dwattr $C$DW$70, DW_AT_TI_end_line(0x106)
    1426                      .dwattr $C$DW$70, DW_AT_TI_end_column(0x01)
    1427                      .dwendentry
    1428                      .dwendtag $C$DW$70
    1429              
    1430 00000000               .sect   ".text:__relaxed_sinf"
    1431                      .clink
    1432                      .global ||__relaxed_sinf||
    1433              
    1434              $C$DW$74        .dwtag  DW_TAG_subprogram
    1435                      .dwattr $C$DW$74, DW_AT_name("__relaxed_sinf")
    1436                      .dwattr $C$DW$74, DW_AT_low_pc(||__relaxed_sinf||)
    1437                      .dwattr $C$DW$74, DW_AT_high_pc(0x00)
    1438                      .dwattr $C$DW$74, DW_AT_linkage_name("__relaxed_sinf")
    1439                      .dwattr $C$DW$74, DW_AT_external
    1440                      .dwattr $C$DW$74, DW_AT_type(*$C$DW$T$16)
    1441                      .dwattr $C$DW$74, DW_AT_decl_file("C:/ti/ccs1210/ccs/tools/compiler/ti-cgt-c2000_22.6.0.LTS/include/m
    1442                      .dwattr $C$DW$74, DW_AT_decl_line(0x108)
    1443                      .dwattr $C$DW$74, DW_AT_decl_column(0x10)
    1444                      .dwattr $C$DW$74, DW_AT_TI_max_frame_size(-2)
    1445                      .dwpsn  file "C:/ti/ccs1210/ccs/tools/compiler/ti-cgt-c2000_22.6.0.LTS/include/math.h",line 265,colum
    1446              
    1447                      .dwfde $C$DW$CIE, ||__relaxed_sinf||
    1448              $C$DW$75        .dwtag  DW_TAG_formal_parameter
    1449                      .dwattr $C$DW$75, DW_AT_name("x")
    1450                      .dwattr $C$DW$75, DW_AT_type(*$C$DW$T$16)
    1451                      .dwattr $C$DW$75, DW_AT_location[DW_OP_regx 0x2b]
    1452              
    1453              
    1454              ;***************************************************************
    1455              ;* FNAME: __relaxed_sinf                FR SIZE:   0           *
    1456              ;*                                                             *
    1457              ;* FUNCTION ENVIRONMENT                                        *
    1458              ;*                                                             *
    1459              ;* FUNCTION PROPERTIES                                         *
    1460              ;*                            0 Parameter,  0 Auto,  0 SOE     *
    1461              ;***************************************************************
    1462              
    1463              ||__relaxed_sinf||:
    1464              ;* R0    assigned to x
    1465              $C$DW$76        .dwtag  DW_TAG_variable
    1466                      .dwattr $C$DW$76, DW_AT_name("x")
    1467                      .dwattr $C$DW$76, DW_AT_type(*$C$DW$T$133)
    1468                      .dwattr $C$DW$76, DW_AT_location[DW_OP_regx 0x2b]
    1469              
    1470                      .dwcfi  cfa_offset, -2
    1471                      .dwcfi  save_reg_to_mem, 26, 0
    1472                      .dwpsn  file "C:/ti/ccs1210/ccs/tools/compiler/ti-cgt-c2000_22.6.0.LTS/include/math.h",line 266,colum
    1473 00000000 E271          DIV2PIF32 R0H,R0H               ; [CPU_FPU] |266| 
         00000001 0000 
    1474 00000002 7700          NOP       ; [CPU_ALU] 
    1475 00000003 E278          SINPUF32  R0H,R0H               ; [CPU_FPU] |266| 
         00000004 0000 
    1476 00000005 7700          NOP       ; [CPU_ALU] 
    1477 00000006 7700          NOP       ; [CPU_ALU] 
TMS320C2000 Assembler PC v22.6.0 Mon Apr 21 09:03:31 2025

Copyright (c) 1996-2018 Texas Instruments Incorporated
hal_pwm_TMS320F280049C.asm                                           PAGE   31

    1478              $C$DW$77        .dwtag  DW_TAG_TI_branch
    1479                      .dwattr $C$DW$77, DW_AT_low_pc(0x00)
    1480                      .dwattr $C$DW$77, DW_AT_TI_return
    1481              
    1482 00000007 0006          LRETR     ; [CPU_ALU] 
    1483                      ; return occurs ; [] 
    1484                      .dwattr $C$DW$74, DW_AT_TI_end_file("C:/ti/ccs1210/ccs/tools/compiler/ti-cgt-c2000_22.6.0.LTS/include
    1485                      .dwattr $C$DW$74, DW_AT_TI_end_line(0x10b)
    1486                      .dwattr $C$DW$74, DW_AT_TI_end_column(0x01)
    1487                      .dwendentry
    1488                      .dwendtag $C$DW$74
    1489              
    1490 00000000               .sect   ".text:__relaxed_fmodf"
    1491                      .clink
    1492                      .global ||__relaxed_fmodf||
    1493              
    1494              $C$DW$78        .dwtag  DW_TAG_subprogram
    1495                      .dwattr $C$DW$78, DW_AT_name("__relaxed_fmodf")
    1496                      .dwattr $C$DW$78, DW_AT_low_pc(||__relaxed_fmodf||)
    1497                      .dwattr $C$DW$78, DW_AT_high_pc(0x00)
    1498                      .dwattr $C$DW$78, DW_AT_linkage_name("__relaxed_fmodf")
    1499                      .dwattr $C$DW$78, DW_AT_external
    1500                      .dwattr $C$DW$78, DW_AT_type(*$C$DW$T$16)
    1501                      .dwattr $C$DW$78, DW_AT_decl_file("C:/ti/ccs1210/ccs/tools/compiler/ti-cgt-c2000_22.6.0.LTS/include/m
    1502                      .dwattr $C$DW$78, DW_AT_decl_line(0x11c)
    1503                      .dwattr $C$DW$78, DW_AT_decl_column(0x10)
    1504                      .dwattr $C$DW$78, DW_AT_TI_max_frame_size(-2)
    1505                      .dwpsn  file "C:/ti/ccs1210/ccs/tools/compiler/ti-cgt-c2000_22.6.0.LTS/include/math.h",line 285,colum
    1506              
    1507                      .dwfde $C$DW$CIE, ||__relaxed_fmodf||
    1508              $C$DW$79        .dwtag  DW_TAG_formal_parameter
    1509                      .dwattr $C$DW$79, DW_AT_name("y")
    1510                      .dwattr $C$DW$79, DW_AT_type(*$C$DW$T$16)
    1511                      .dwattr $C$DW$79, DW_AT_location[DW_OP_regx 0x2b]
    1512              
    1513              $C$DW$80        .dwtag  DW_TAG_formal_parameter
    1514                      .dwattr $C$DW$80, DW_AT_name("x")
    1515                      .dwattr $C$DW$80, DW_AT_type(*$C$DW$T$16)
    1516                      .dwattr $C$DW$80, DW_AT_location[DW_OP_regx 0x2f]
    1517              
    1518              
    1519              ;***************************************************************
    1520              ;* FNAME: __relaxed_fmodf               FR SIZE:   0           *
    1521              ;*                                                             *
    1522              ;* FUNCTION ENVIRONMENT                                        *
    1523              ;*                                                             *
    1524              ;* FUNCTION PROPERTIES                                         *
    1525              ;*                            0 Parameter,  0 Auto,  0 SOE     *
    1526              ;***************************************************************
    1527              
    1528              ||__relaxed_fmodf||:
    1529              ;* R0    assigned to y
    1530              $C$DW$81        .dwtag  DW_TAG_variable
    1531                      .dwattr $C$DW$81, DW_AT_name("y")
    1532                      .dwattr $C$DW$81, DW_AT_type(*$C$DW$T$133)
TMS320C2000 Assembler PC v22.6.0 Mon Apr 21 09:03:31 2025

Copyright (c) 1996-2018 Texas Instruments Incorporated
hal_pwm_TMS320F280049C.asm                                           PAGE   32

    1533                      .dwattr $C$DW$81, DW_AT_location[DW_OP_regx 0x2b]
    1534              
    1535              ;* R1    assigned to x
    1536              $C$DW$82        .dwtag  DW_TAG_variable
    1537                      .dwattr $C$DW$82, DW_AT_name("x")
    1538                      .dwattr $C$DW$82, DW_AT_type(*$C$DW$T$133)
    1539                      .dwattr $C$DW$82, DW_AT_location[DW_OP_regx 0x2f]
    1540              
    1541                      .dwcfi  cfa_offset, -2
    1542                      .dwcfi  save_reg_to_mem, 26, 0
    1543                      .dwpsn  file "C:/ti/ccs1210/ccs/tools/compiler/ti-cgt-c2000_22.6.0.LTS/include/math.h",line 286,colum
    1544 00000000 E274          DIVF32    R2H,R0H,R1H           ; [CPU_FPU] |286| 
         00000001 0042 
    1545 00000002 7700          NOP       ; [CPU_ALU] 
    1546 00000003 7700          NOP       ; [CPU_ALU] 
    1547 00000004 7700          NOP       ; [CPU_ALU] 
    1548 00000005 7700          NOP       ; [CPU_ALU] 
    1549 00000006 E688          F32TOI32  R2H,R2H               ; [CPU_FPU] |286| 
         00000007 0012 
    1550 00000008 7700          NOP       ; [CPU_ALU] 
    1551 00000009 E689          I32TOF32  R2H,R2H               ; [CPU_FPU] |286| 
         0000000a 0012 
    1552 0000000b 7700          NOP       ; [CPU_ALU] 
    1553 0000000c E700          MPYF32    R1H,R1H,R2H           ; [CPU_FPU] |286| 
         0000000d 0089 
    1554 0000000e 7700          NOP       ; [CPU_ALU] 
    1555 0000000f E720          SUBF32    R0H,R0H,R1H           ; [CPU_FPU] |286| 
         00000010 0040 
    1556              $C$DW$83        .dwtag  DW_TAG_TI_branch
    1557                      .dwattr $C$DW$83, DW_AT_low_pc(0x00)
    1558                      .dwattr $C$DW$83, DW_AT_TI_return
    1559              
    1560 00000011 0006          LRETR     ; [CPU_ALU] 
    1561                      ; return occurs ; [] 
    1562                      .dwattr $C$DW$78, DW_AT_TI_end_file("C:/ti/ccs1210/ccs/tools/compiler/ti-cgt-c2000_22.6.0.LTS/include
    1563                      .dwattr $C$DW$78, DW_AT_TI_end_line(0x11f)
    1564                      .dwattr $C$DW$78, DW_AT_TI_end_column(0x01)
    1565                      .dwendentry
    1566                      .dwendtag $C$DW$78
    1567              
    1568 00000000               .sect   ".text:__relaxed_fminf"
    1569                      .clink
    1570                      .global ||__relaxed_fminf||
    1571              
    1572              $C$DW$84        .dwtag  DW_TAG_subprogram
    1573                      .dwattr $C$DW$84, DW_AT_name("__relaxed_fminf")
    1574                      .dwattr $C$DW$84, DW_AT_low_pc(||__relaxed_fminf||)
    1575                      .dwattr $C$DW$84, DW_AT_high_pc(0x00)
    1576                      .dwattr $C$DW$84, DW_AT_linkage_name("__relaxed_fminf")
    1577                      .dwattr $C$DW$84, DW_AT_external
    1578                      .dwattr $C$DW$84, DW_AT_type(*$C$DW$T$16)
    1579                      .dwattr $C$DW$84, DW_AT_decl_file("C:/ti/ccs1210/ccs/tools/compiler/ti-cgt-c2000_22.6.0.LTS/include/m
    1580                      .dwattr $C$DW$84, DW_AT_decl_line(0xee)
    1581                      .dwattr $C$DW$84, DW_AT_decl_column(0x10)
    1582                      .dwattr $C$DW$84, DW_AT_TI_max_frame_size(-2)
TMS320C2000 Assembler PC v22.6.0 Mon Apr 21 09:03:31 2025

Copyright (c) 1996-2018 Texas Instruments Incorporated
hal_pwm_TMS320F280049C.asm                                           PAGE   33

    1583                      .dwpsn  file "C:/ti/ccs1210/ccs/tools/compiler/ti-cgt-c2000_22.6.0.LTS/include/math.h",line 239,colum
    1584              
    1585                      .dwfde $C$DW$CIE, ||__relaxed_fminf||
    1586              $C$DW$85        .dwtag  DW_TAG_formal_parameter
    1587                      .dwattr $C$DW$85, DW_AT_name("x")
    1588                      .dwattr $C$DW$85, DW_AT_type(*$C$DW$T$16)
    1589                      .dwattr $C$DW$85, DW_AT_location[DW_OP_regx 0x2b]
    1590              
    1591              $C$DW$86        .dwtag  DW_TAG_formal_parameter
    1592                      .dwattr $C$DW$86, DW_AT_name("y")
    1593                      .dwattr $C$DW$86, DW_AT_type(*$C$DW$T$16)
    1594                      .dwattr $C$DW$86, DW_AT_location[DW_OP_regx 0x2f]
    1595              
    1596              
    1597              ;***************************************************************
    1598              ;* FNAME: __relaxed_fminf               FR SIZE:   0           *
    1599              ;*                                                             *
    1600              ;* FUNCTION ENVIRONMENT                                        *
    1601              ;*                                                             *
    1602              ;* FUNCTION PROPERTIES                                         *
    1603              ;*                            0 Parameter,  0 Auto,  0 SOE     *
    1604              ;***************************************************************
    1605              
    1606              ||__relaxed_fminf||:
    1607              ;* R1    assigned to y
    1608              $C$DW$87        .dwtag  DW_TAG_variable
    1609                      .dwattr $C$DW$87, DW_AT_name("y")
    1610                      .dwattr $C$DW$87, DW_AT_type(*$C$DW$T$133)
    1611                      .dwattr $C$DW$87, DW_AT_location[DW_OP_regx 0x2f]
    1612              
    1613                      .dwcfi  cfa_offset, -2
    1614                      .dwcfi  save_reg_to_mem, 26, 0
    1615                      .dwpsn  file "C:/ti/ccs1210/ccs/tools/compiler/ti-cgt-c2000_22.6.0.LTS/include/math.h",line 240,colum
    1616 00000000 E697          MINF32    R0H,R1H               ; [CPU_FPU] |240| 
         00000001 0008 
    1617              $C$DW$88        .dwtag  DW_TAG_TI_branch
    1618                      .dwattr $C$DW$88, DW_AT_low_pc(0x00)
    1619                      .dwattr $C$DW$88, DW_AT_TI_return
    1620              
    1621 00000002 0006          LRETR     ; [CPU_ALU] 
    1622                      ; return occurs ; [] 
    1623                      .dwattr $C$DW$84, DW_AT_TI_end_file("C:/ti/ccs1210/ccs/tools/compiler/ti-cgt-c2000_22.6.0.LTS/include
    1624                      .dwattr $C$DW$84, DW_AT_TI_end_line(0xf1)
    1625                      .dwattr $C$DW$84, DW_AT_TI_end_column(0x01)
    1626                      .dwendentry
    1627                      .dwendtag $C$DW$84
    1628              
    1629 00000000               .sect   ".text:__relaxed_fmaxf"
    1630                      .clink
    1631                      .global ||__relaxed_fmaxf||
    1632              
    1633              $C$DW$89        .dwtag  DW_TAG_subprogram
    1634                      .dwattr $C$DW$89, DW_AT_name("__relaxed_fmaxf")
    1635                      .dwattr $C$DW$89, DW_AT_low_pc(||__relaxed_fmaxf||)
    1636                      .dwattr $C$DW$89, DW_AT_high_pc(0x00)
TMS320C2000 Assembler PC v22.6.0 Mon Apr 21 09:03:31 2025

Copyright (c) 1996-2018 Texas Instruments Incorporated
hal_pwm_TMS320F280049C.asm                                           PAGE   34

    1637                      .dwattr $C$DW$89, DW_AT_linkage_name("__relaxed_fmaxf")
    1638                      .dwattr $C$DW$89, DW_AT_external
    1639                      .dwattr $C$DW$89, DW_AT_type(*$C$DW$T$16)
    1640                      .dwattr $C$DW$89, DW_AT_decl_file("C:/ti/ccs1210/ccs/tools/compiler/ti-cgt-c2000_22.6.0.LTS/include/m
    1641                      .dwattr $C$DW$89, DW_AT_decl_line(0xe8)
    1642                      .dwattr $C$DW$89, DW_AT_decl_column(0x10)
    1643                      .dwattr $C$DW$89, DW_AT_TI_max_frame_size(-2)
    1644                      .dwpsn  file "C:/ti/ccs1210/ccs/tools/compiler/ti-cgt-c2000_22.6.0.LTS/include/math.h",line 233,colum
    1645              
    1646                      .dwfde $C$DW$CIE, ||__relaxed_fmaxf||
    1647              $C$DW$90        .dwtag  DW_TAG_formal_parameter
    1648                      .dwattr $C$DW$90, DW_AT_name("x")
    1649                      .dwattr $C$DW$90, DW_AT_type(*$C$DW$T$16)
    1650                      .dwattr $C$DW$90, DW_AT_location[DW_OP_regx 0x2b]
    1651              
    1652              $C$DW$91        .dwtag  DW_TAG_formal_parameter
    1653                      .dwattr $C$DW$91, DW_AT_name("y")
    1654                      .dwattr $C$DW$91, DW_AT_type(*$C$DW$T$16)
    1655                      .dwattr $C$DW$91, DW_AT_location[DW_OP_regx 0x2f]
    1656              
    1657              
    1658              ;***************************************************************
    1659              ;* FNAME: __relaxed_fmaxf               FR SIZE:   0           *
    1660              ;*                                                             *
    1661              ;* FUNCTION ENVIRONMENT                                        *
    1662              ;*                                                             *
    1663              ;* FUNCTION PROPERTIES                                         *
    1664              ;*                            0 Parameter,  0 Auto,  0 SOE     *
    1665              ;***************************************************************
    1666              
    1667              ||__relaxed_fmaxf||:
    1668              ;* R1    assigned to y
    1669              $C$DW$92        .dwtag  DW_TAG_variable
    1670                      .dwattr $C$DW$92, DW_AT_name("y")
    1671                      .dwattr $C$DW$92, DW_AT_type(*$C$DW$T$133)
    1672                      .dwattr $C$DW$92, DW_AT_location[DW_OP_regx 0x2f]
    1673              
    1674                      .dwcfi  cfa_offset, -2
    1675                      .dwcfi  save_reg_to_mem, 26, 0
    1676                      .dwpsn  file "C:/ti/ccs1210/ccs/tools/compiler/ti-cgt-c2000_22.6.0.LTS/include/math.h",line 234,colum
    1677 00000000 E696          MAXF32    R0H,R1H               ; [CPU_FPU] |234| 
         00000001 0008 
    1678              $C$DW$93        .dwtag  DW_TAG_TI_branch
    1679                      .dwattr $C$DW$93, DW_AT_low_pc(0x00)
    1680                      .dwattr $C$DW$93, DW_AT_TI_return
    1681              
    1682 00000002 0006          LRETR     ; [CPU_ALU] 
    1683                      ; return occurs ; [] 
    1684                      .dwattr $C$DW$89, DW_AT_TI_end_file("C:/ti/ccs1210/ccs/tools/compiler/ti-cgt-c2000_22.6.0.LTS/include
    1685                      .dwattr $C$DW$89, DW_AT_TI_end_line(0xeb)
    1686                      .dwattr $C$DW$89, DW_AT_TI_end_column(0x01)
    1687                      .dwendentry
    1688                      .dwendtag $C$DW$89
    1689              
    1690 00000000               .sect   ".text:__relaxed_cosf"
TMS320C2000 Assembler PC v22.6.0 Mon Apr 21 09:03:31 2025

Copyright (c) 1996-2018 Texas Instruments Incorporated
hal_pwm_TMS320F280049C.asm                                           PAGE   35

    1691                      .clink
    1692                      .global ||__relaxed_cosf||
    1693              
    1694              $C$DW$94        .dwtag  DW_TAG_subprogram
    1695                      .dwattr $C$DW$94, DW_AT_name("__relaxed_cosf")
    1696                      .dwattr $C$DW$94, DW_AT_low_pc(||__relaxed_cosf||)
    1697                      .dwattr $C$DW$94, DW_AT_high_pc(0x00)
    1698                      .dwattr $C$DW$94, DW_AT_linkage_name("__relaxed_cosf")
    1699                      .dwattr $C$DW$94, DW_AT_external
    1700                      .dwattr $C$DW$94, DW_AT_type(*$C$DW$T$16)
    1701                      .dwattr $C$DW$94, DW_AT_decl_file("C:/ti/ccs1210/ccs/tools/compiler/ti-cgt-c2000_22.6.0.LTS/include/m
    1702                      .dwattr $C$DW$94, DW_AT_decl_line(0x10d)
    1703                      .dwattr $C$DW$94, DW_AT_decl_column(0x10)
    1704                      .dwattr $C$DW$94, DW_AT_TI_max_frame_size(-2)
    1705                      .dwpsn  file "C:/ti/ccs1210/ccs/tools/compiler/ti-cgt-c2000_22.6.0.LTS/include/math.h",line 270,colum
    1706              
    1707                      .dwfde $C$DW$CIE, ||__relaxed_cosf||
    1708              $C$DW$95        .dwtag  DW_TAG_formal_parameter
    1709                      .dwattr $C$DW$95, DW_AT_name("x")
    1710                      .dwattr $C$DW$95, DW_AT_type(*$C$DW$T$16)
    1711                      .dwattr $C$DW$95, DW_AT_location[DW_OP_regx 0x2b]
    1712              
    1713              
    1714              ;***************************************************************
    1715              ;* FNAME: __relaxed_cosf                FR SIZE:   0           *
    1716              ;*                                                             *
    1717              ;* FUNCTION ENVIRONMENT                                        *
    1718              ;*                                                             *
    1719              ;* FUNCTION PROPERTIES                                         *
    1720              ;*                            0 Parameter,  0 Auto,  0 SOE     *
    1721              ;***************************************************************
    1722              
    1723              ||__relaxed_cosf||:
    1724              ;* R0    assigned to x
    1725              $C$DW$96        .dwtag  DW_TAG_variable
    1726                      .dwattr $C$DW$96, DW_AT_name("x")
    1727                      .dwattr $C$DW$96, DW_AT_type(*$C$DW$T$133)
    1728                      .dwattr $C$DW$96, DW_AT_location[DW_OP_regx 0x2b]
    1729              
    1730                      .dwcfi  cfa_offset, -2
    1731                      .dwcfi  save_reg_to_mem, 26, 0
    1732                      .dwpsn  file "C:/ti/ccs1210/ccs/tools/compiler/ti-cgt-c2000_22.6.0.LTS/include/math.h",line 271,colum
    1733 00000000 E271          DIV2PIF32 R0H,R0H               ; [CPU_FPU] |271| 
         00000001 0000 
    1734 00000002 7700          NOP       ; [CPU_ALU] 
    1735 00000003 E279          COSPUF32  R0H,R0H               ; [CPU_FPU] |271| 
         00000004 0000 
    1736 00000005 7700          NOP       ; [CPU_ALU] 
    1737 00000006 7700          NOP       ; [CPU_ALU] 
    1738              $C$DW$97        .dwtag  DW_TAG_TI_branch
    1739                      .dwattr $C$DW$97, DW_AT_low_pc(0x00)
    1740                      .dwattr $C$DW$97, DW_AT_TI_return
    1741              
    1742 00000007 0006          LRETR     ; [CPU_ALU] 
    1743                      ; return occurs ; [] 
TMS320C2000 Assembler PC v22.6.0 Mon Apr 21 09:03:31 2025

Copyright (c) 1996-2018 Texas Instruments Incorporated
hal_pwm_TMS320F280049C.asm                                           PAGE   36

    1744                      .dwattr $C$DW$94, DW_AT_TI_end_file("C:/ti/ccs1210/ccs/tools/compiler/ti-cgt-c2000_22.6.0.LTS/include
    1745                      .dwattr $C$DW$94, DW_AT_TI_end_line(0x110)
    1746                      .dwattr $C$DW$94, DW_AT_TI_end_column(0x01)
    1747                      .dwendentry
    1748                      .dwendtag $C$DW$94
    1749              
    1750 00000000               .sect   ".text:__relaxed_atanf"
    1751                      .clink
    1752                      .global ||__relaxed_atanf||
    1753              
    1754              $C$DW$98        .dwtag  DW_TAG_subprogram
    1755                      .dwattr $C$DW$98, DW_AT_name("__relaxed_atanf")
    1756                      .dwattr $C$DW$98, DW_AT_low_pc(||__relaxed_atanf||)
    1757                      .dwattr $C$DW$98, DW_AT_high_pc(0x00)
    1758                      .dwattr $C$DW$98, DW_AT_linkage_name("__relaxed_atanf")
    1759                      .dwattr $C$DW$98, DW_AT_external
    1760                      .dwattr $C$DW$98, DW_AT_type(*$C$DW$T$16)
    1761                      .dwattr $C$DW$98, DW_AT_decl_file("C:/ti/ccs1210/ccs/tools/compiler/ti-cgt-c2000_22.6.0.LTS/include/m
    1762                      .dwattr $C$DW$98, DW_AT_decl_line(0x112)
    1763                      .dwattr $C$DW$98, DW_AT_decl_column(0x10)
    1764                      .dwattr $C$DW$98, DW_AT_TI_max_frame_size(-2)
    1765                      .dwpsn  file "C:/ti/ccs1210/ccs/tools/compiler/ti-cgt-c2000_22.6.0.LTS/include/math.h",line 275,colum
    1766              
    1767                      .dwfde $C$DW$CIE, ||__relaxed_atanf||
    1768              $C$DW$99        .dwtag  DW_TAG_formal_parameter
    1769                      .dwattr $C$DW$99, DW_AT_name("x")
    1770                      .dwattr $C$DW$99, DW_AT_type(*$C$DW$T$16)
    1771                      .dwattr $C$DW$99, DW_AT_location[DW_OP_regx 0x2b]
    1772              
    1773              
    1774              ;***************************************************************
    1775              ;* FNAME: __relaxed_atanf               FR SIZE:   0           *
    1776              ;*                                                             *
    1777              ;* FUNCTION ENVIRONMENT                                        *
    1778              ;*                                                             *
    1779              ;* FUNCTION PROPERTIES                                         *
    1780              ;*                            0 Parameter,  0 Auto,  0 SOE     *
    1781              ;***************************************************************
    1782              
    1783              ||__relaxed_atanf||:
    1784              ;* R0    assigned to x
    1785              $C$DW$100       .dwtag  DW_TAG_variable
    1786                      .dwattr $C$DW$100, DW_AT_name("x")
    1787                      .dwattr $C$DW$100, DW_AT_type(*$C$DW$T$133)
    1788                      .dwattr $C$DW$100, DW_AT_location[DW_OP_regx 0x2b]
    1789              
    1790                      .dwcfi  cfa_offset, -2
    1791                      .dwcfi  save_reg_to_mem, 26, 0
    1792                      .dwpsn  file "C:/ti/ccs1210/ccs/tools/compiler/ti-cgt-c2000_22.6.0.LTS/include/math.h",line 276,colum
    1793 00000000 E801          MOVIZ     R1H,#16256            ; [CPU_FPU] |276| 
         00000001 FC01 
    1794 00000002 E27C          QUADF32   R1H,R0H,R0H,R1H       ; [CPU_FPU] |276| 
         00000003 0201 
    1795 00000004 7700          NOP       ; [CPU_ALU] 
    1796 00000005 7700          NOP       ; [CPU_ALU] 
TMS320C2000 Assembler PC v22.6.0 Mon Apr 21 09:03:31 2025

Copyright (c) 1996-2018 Texas Instruments Incorporated
hal_pwm_TMS320F280049C.asm                                           PAGE   37

    1797 00000006 7700          NOP       ; [CPU_ALU] 
    1798 00000007 7700          NOP       ; [CPU_ALU] 
    1799 00000008 E27A          ATANPUF32 R0H,R0H               ; [CPU_FPU] |276| 
         00000009 0000 
    1800 0000000a 7700          NOP       ; [CPU_ALU] 
    1801 0000000b 7700          NOP       ; [CPU_ALU] 
    1802 0000000c 7700          NOP       ; [CPU_ALU] 
    1803 0000000d E710          ADDF32    R0H,R0H,R1H           ; [CPU_FPU] |276| 
         0000000e 0040 
    1804 0000000f 7700          NOP       ; [CPU_ALU] 
    1805 00000010 7700          NOP       ; [CPU_ALU] 
    1806 00000011 E270          MPY2PIF32 R0H,R0H               ; [CPU_FPU] |276| 
         00000012 0000 
    1807 00000013 7700          NOP       ; [CPU_ALU] 
    1808              $C$DW$101       .dwtag  DW_TAG_TI_branch
    1809                      .dwattr $C$DW$101, DW_AT_low_pc(0x00)
    1810                      .dwattr $C$DW$101, DW_AT_TI_return
    1811              
    1812 00000014 0006          LRETR     ; [CPU_ALU] 
    1813                      ; return occurs ; [] 
    1814                      .dwattr $C$DW$98, DW_AT_TI_end_file("C:/ti/ccs1210/ccs/tools/compiler/ti-cgt-c2000_22.6.0.LTS/include
    1815                      .dwattr $C$DW$98, DW_AT_TI_end_line(0x115)
    1816                      .dwattr $C$DW$98, DW_AT_TI_end_column(0x01)
    1817                      .dwendentry
    1818                      .dwendtag $C$DW$98
    1819              
    1820 00000000               .sect   ".text:__relaxed_atan2f"
    1821                      .clink
    1822                      .global ||__relaxed_atan2f||
    1823              
    1824              $C$DW$102       .dwtag  DW_TAG_subprogram
    1825                      .dwattr $C$DW$102, DW_AT_name("__relaxed_atan2f")
    1826                      .dwattr $C$DW$102, DW_AT_low_pc(||__relaxed_atan2f||)
    1827                      .dwattr $C$DW$102, DW_AT_high_pc(0x00)
    1828                      .dwattr $C$DW$102, DW_AT_linkage_name("__relaxed_atan2f")
    1829                      .dwattr $C$DW$102, DW_AT_external
    1830                      .dwattr $C$DW$102, DW_AT_type(*$C$DW$T$16)
    1831                      .dwattr $C$DW$102, DW_AT_decl_file("C:/ti/ccs1210/ccs/tools/compiler/ti-cgt-c2000_22.6.0.LTS/include/
    1832                      .dwattr $C$DW$102, DW_AT_decl_line(0x117)
    1833                      .dwattr $C$DW$102, DW_AT_decl_column(0x10)
    1834                      .dwattr $C$DW$102, DW_AT_TI_max_frame_size(-2)
    1835                      .dwpsn  file "C:/ti/ccs1210/ccs/tools/compiler/ti-cgt-c2000_22.6.0.LTS/include/math.h",line 280,colum
    1836              
    1837                      .dwfde $C$DW$CIE, ||__relaxed_atan2f||
    1838              $C$DW$103       .dwtag  DW_TAG_formal_parameter
    1839                      .dwattr $C$DW$103, DW_AT_name("y")
    1840                      .dwattr $C$DW$103, DW_AT_type(*$C$DW$T$16)
    1841                      .dwattr $C$DW$103, DW_AT_location[DW_OP_regx 0x2b]
    1842              
    1843              $C$DW$104       .dwtag  DW_TAG_formal_parameter
    1844                      .dwattr $C$DW$104, DW_AT_name("x")
    1845                      .dwattr $C$DW$104, DW_AT_type(*$C$DW$T$16)
    1846                      .dwattr $C$DW$104, DW_AT_location[DW_OP_regx 0x2f]
    1847              
    1848              
TMS320C2000 Assembler PC v22.6.0 Mon Apr 21 09:03:31 2025

Copyright (c) 1996-2018 Texas Instruments Incorporated
hal_pwm_TMS320F280049C.asm                                           PAGE   38

    1849              ;***************************************************************
    1850              ;* FNAME: __relaxed_atan2f              FR SIZE:   0           *
    1851              ;*                                                             *
    1852              ;* FUNCTION ENVIRONMENT                                        *
    1853              ;*                                                             *
    1854              ;* FUNCTION PROPERTIES                                         *
    1855              ;*                            0 Parameter,  0 Auto,  0 SOE     *
    1856              ;***************************************************************
    1857              
    1858              ||__relaxed_atan2f||:
    1859              ;* R0    assigned to y
    1860              $C$DW$105       .dwtag  DW_TAG_variable
    1861                      .dwattr $C$DW$105, DW_AT_name("y")
    1862                      .dwattr $C$DW$105, DW_AT_type(*$C$DW$T$133)
    1863                      .dwattr $C$DW$105, DW_AT_location[DW_OP_regx 0x2b]
    1864              
    1865              ;* R1    assigned to x
    1866              $C$DW$106       .dwtag  DW_TAG_variable
    1867                      .dwattr $C$DW$106, DW_AT_name("x")
    1868                      .dwattr $C$DW$106, DW_AT_type(*$C$DW$T$133)
    1869                      .dwattr $C$DW$106, DW_AT_location[DW_OP_regx 0x2f]
    1870              
    1871                      .dwcfi  cfa_offset, -2
    1872                      .dwcfi  save_reg_to_mem, 26, 0
    1873                      .dwpsn  file "C:/ti/ccs1210/ccs/tools/compiler/ti-cgt-c2000_22.6.0.LTS/include/math.h",line 281,colum
    1874 00000000 E27C          QUADF32   R1H,R0H,R0H,R1H       ; [CPU_FPU] |281| 
         00000001 0201 
    1875 00000002 7700          NOP       ; [CPU_ALU] 
    1876 00000003 7700          NOP       ; [CPU_ALU] 
    1877 00000004 7700          NOP       ; [CPU_ALU] 
    1878 00000005 7700          NOP       ; [CPU_ALU] 
    1879 00000006 E27A          ATANPUF32 R0H,R0H               ; [CPU_FPU] |281| 
         00000007 0000 
    1880 00000008 7700          NOP       ; [CPU_ALU] 
    1881 00000009 7700          NOP       ; [CPU_ALU] 
    1882 0000000a 7700          NOP       ; [CPU_ALU] 
    1883 0000000b E710          ADDF32    R0H,R0H,R1H           ; [CPU_FPU] |281| 
         0000000c 0040 
    1884 0000000d 7700          NOP       ; [CPU_ALU] 
    1885 0000000e 7700          NOP       ; [CPU_ALU] 
    1886 0000000f E270          MPY2PIF32 R0H,R0H               ; [CPU_FPU] |281| 
         00000010 0000 
    1887 00000011 7700          NOP       ; [CPU_ALU] 
    1888              $C$DW$107       .dwtag  DW_TAG_TI_branch
    1889                      .dwattr $C$DW$107, DW_AT_low_pc(0x00)
    1890                      .dwattr $C$DW$107, DW_AT_TI_return
    1891              
    1892 00000012 0006          LRETR     ; [CPU_ALU] 
    1893                      ; return occurs ; [] 
    1894                      .dwattr $C$DW$102, DW_AT_TI_end_file("C:/ti/ccs1210/ccs/tools/compiler/ti-cgt-c2000_22.6.0.LTS/includ
    1895                      .dwattr $C$DW$102, DW_AT_TI_end_line(0x11a)
    1896                      .dwattr $C$DW$102, DW_AT_TI_end_column(0x01)
    1897                      .dwendentry
    1898                      .dwendtag $C$DW$102
    1899              
TMS320C2000 Assembler PC v22.6.0 Mon Apr 21 09:03:31 2025

Copyright (c) 1996-2018 Texas Instruments Incorporated
hal_pwm_TMS320F280049C.asm                                           PAGE   39

    1900 00000000               .sect   ".text:__isnormall"
    1901                      .clink
    1902                      .global ||__isnormall||
    1903              
    1904              $C$DW$108       .dwtag  DW_TAG_subprogram
    1905                      .dwattr $C$DW$108, DW_AT_name("__isnormall")
    1906                      .dwattr $C$DW$108, DW_AT_low_pc(||__isnormall||)
    1907                      .dwattr $C$DW$108, DW_AT_high_pc(0x00)
    1908                      .dwattr $C$DW$108, DW_AT_linkage_name("__isnormall")
    1909                      .dwattr $C$DW$108, DW_AT_external
    1910                      .dwattr $C$DW$108, DW_AT_type(*$C$DW$T$10)
    1911                      .dwattr $C$DW$108, DW_AT_decl_file("C:/ti/ccs1210/ccs/tools/compiler/ti-cgt-c2000_22.6.0.LTS/include/
    1912                      .dwattr $C$DW$108, DW_AT_decl_line(0x167)
    1913                      .dwattr $C$DW$108, DW_AT_decl_column(0x18)
    1914                      .dwattr $C$DW$108, DW_AT_TI_max_frame_size(-6)
    1915                      .dwpsn  file "C:/ti/ccs1210/ccs/tools/compiler/ti-cgt-c2000_22.6.0.LTS/include/_defs.h",line 360,colu
    1916              
    1917                      .dwfde $C$DW$CIE, ||__isnormall||
    1918              $C$DW$109       .dwtag  DW_TAG_formal_parameter
    1919                      .dwattr $C$DW$109, DW_AT_name("e")
    1920                      .dwattr $C$DW$109, DW_AT_type(*$C$DW$T$136)
    1921                      .dwattr $C$DW$109, DW_AT_location[DW_OP_reg12]
    1922              
    1923              
    1924              ;***************************************************************
    1925              ;* FNAME: __isnormall                   FR SIZE:   4           *
    1926              ;*                                                             *
    1927              ;* FUNCTION ENVIRONMENT                                        *
    1928              ;*                                                             *
    1929              ;* FUNCTION PROPERTIES                                         *
    1930              ;*                            4 Parameter,  0 Auto,  0 SOE     *
    1931              ;***************************************************************
    1932              
    1933              ||__isnormall||:
    1934              ;* AR5   assigned to $O$C2
    1935              ;* AR6   assigned to $O$S1
    1936              ;* AR4   assigned to e
    1937              $C$DW$110       .dwtag  DW_TAG_variable
    1938                      .dwattr $C$DW$110, DW_AT_name("e")
    1939                      .dwattr $C$DW$110, DW_AT_type(*$C$DW$T$137)
    1940                      .dwattr $C$DW$110, DW_AT_location[DW_OP_reg12]
    1941              
    1942                      .dwcfi  cfa_offset, -2
    1943                      .dwcfi  save_reg_to_mem, 26, 0
    1944 00000000 FE04          ADDB      SP,#4                 ; [CPU_ARAU] 
    1945                      .dwcfi  cfa_offset, -6
    1946                      .dwpsn  file "C:/ti/ccs1210/ccs/tools/compiler/ti-cgt-c2000_22.6.0.LTS/include/_defs.h",line 360,colu
    1947 00000001 83C4          MOVL      XAR5,*+XAR4[0]        ; [CPU_ALU] |360| 
    1948 00000002 8AD4          MOVL      XAR4,*+XAR4[2]        ; [CPU_ALU] |360| 
    1949 00000003 BE00          MOVB      XAR6,#0               ; [CPU_ALU] |360| 
    1950 00000004 28AC          MOV       T,#52                 ; [CPU_ALU] |360| 
         00000005 0034 
    1951 00000006 A0AB          MOVL      P,XAR5                ; [CPU_ALU] |360| 
    1952 00000007 A8A9          MOVL      ACC,XAR4              ; [CPU_ALU] |360| 
    1953 00000008 C244          MOVL      *-SP[4],XAR6          ; [CPU_ALU] |360| 
TMS320C2000 Assembler PC v22.6.0 Mon Apr 21 09:03:31 2025

Copyright (c) 1996-2018 Texas Instruments Incorporated
hal_pwm_TMS320F280049C.asm                                           PAGE   40

    1954 00000009 2B42          MOV       *-SP[2],#0            ; [CPU_ALU] |360| 
    1955 0000000a 565B          LSR64     ACC:P,T               ; [CPU_ALU] |360| 
    1956 0000000b 2B41          MOV       *-SP[1],#0            ; [CPU_FPU] |360| 
    1957 0000000c 9000          ANDB      AL,#0                 ; [CPU_ALU] |360| 
    1958 0000000d 9100          ANDB      AH,#0                 ; [CPU_ALU] |360| 
    1959 0000000e 18AB          AND       PL,#2047              ; [CPU_ALU] |360| 
         0000000f 07FF 
    1960 00000010 18AA          AND       PH,#0                 ; [CPU_ALU] |360| 
         00000011 0000 
    1961              $C$DW$111       .dwtag  DW_TAG_TI_branch
    1962                      .dwattr $C$DW$111, DW_AT_low_pc(0x00)
    1963                      .dwattr $C$DW$111, DW_AT_name("__c28xabi_cmpull")
    1964                      .dwattr $C$DW$111, DW_AT_TI_call
    1965              
    1966 00000012 7640!         LCR       #||__c28xabi_cmpull|| ; [CPU_ALU] |360| 
         00000013 0000 
    1967                      ; call occurs [#||__c28xabi_cmpull||] ; [] |360| 
    1968 00000014 BE00          MOVB      XAR6,#0               ; [CPU_ALU] |360| 
    1969 00000015 5200          CMPB      AL,#0                 ; [CPU_ALU] |360| 
    1970 00000016 610E          B         ||$C$L1||,EQ          ; [CPU_ALU] |360| 
    1971                      ; branchcc occurs ; [] |360| 
    1972 00000017 A0AB          MOVL      P,XAR5                ; [CPU_ALU] |360| 
    1973 00000018 A8A9          MOVL      ACC,XAR4              ; [CPU_ALU] |360| 
    1974 00000019 28AC          MOV       T,#48                 ; [CPU_ALU] |360| 
         0000001a 0030 
    1975 0000001b 565B          LSR64     ACC:P,T               ; [CPU_ALU] |360| 
    1976 0000001c 18AB          AND       PL,#0x7ff0            ; [CPU_ALU] |360| 
         0000001d 7FF0 
    1977 0000001e 80AB          MOVZ      AR7,PL                ; [CPU_ALU] |360| 
    1978 0000001f FF20          MOV       ACC,#32752            ; [CPU_ALU] |360| 
         00000020 7FF0 
    1979 00000021 0FA7          CMPL      ACC,XAR7              ; [CPU_ALU] |360| 
    1980 00000022 56B0          MOVB      XAR6,#1,NEQ           ; [CPU_ALU] |360| 
         00000023 01A6 
    1981 00000024       ||$C$L1||:    
    1982 00000024 FE84          SUBB      SP,#4                 ; [CPU_ARAU] 
    1983                      .dwcfi  cfa_offset, -2
    1984 00000025 92A6          MOV       AL,AR6                ; [CPU_ALU] |360| 
    1985              $C$DW$112       .dwtag  DW_TAG_TI_branch
    1986                      .dwattr $C$DW$112, DW_AT_low_pc(0x00)
    1987                      .dwattr $C$DW$112, DW_AT_TI_return
    1988              
    1989 00000026 0006          LRETR     ; [CPU_ALU] 
    1990                      ; return occurs ; [] 
    1991                      .dwattr $C$DW$108, DW_AT_TI_end_file("C:/ti/ccs1210/ccs/tools/compiler/ti-cgt-c2000_22.6.0.LTS/includ
    1992                      .dwattr $C$DW$108, DW_AT_TI_end_line(0x169)
    1993                      .dwattr $C$DW$108, DW_AT_TI_end_column(0x31)
    1994                      .dwendentry
    1995                      .dwendtag $C$DW$108
    1996              
    1997 00000000               .sect   ".text:__isnormalf"
    1998                      .clink
    1999                      .global ||__isnormalf||
    2000              
    2001              $C$DW$113       .dwtag  DW_TAG_subprogram
TMS320C2000 Assembler PC v22.6.0 Mon Apr 21 09:03:31 2025

Copyright (c) 1996-2018 Texas Instruments Incorporated
hal_pwm_TMS320F280049C.asm                                           PAGE   41

    2002                      .dwattr $C$DW$113, DW_AT_name("__isnormalf")
    2003                      .dwattr $C$DW$113, DW_AT_low_pc(||__isnormalf||)
    2004                      .dwattr $C$DW$113, DW_AT_high_pc(0x00)
    2005                      .dwattr $C$DW$113, DW_AT_linkage_name("__isnormalf")
    2006                      .dwattr $C$DW$113, DW_AT_external
    2007                      .dwattr $C$DW$113, DW_AT_type(*$C$DW$T$10)
    2008                      .dwattr $C$DW$113, DW_AT_decl_file("C:/ti/ccs1210/ccs/tools/compiler/ti-cgt-c2000_22.6.0.LTS/include/
    2009                      .dwattr $C$DW$113, DW_AT_decl_line(0x163)
    2010                      .dwattr $C$DW$113, DW_AT_decl_column(0x18)
    2011                      .dwattr $C$DW$113, DW_AT_TI_max_frame_size(-2)
    2012                      .dwpsn  file "C:/ti/ccs1210/ccs/tools/compiler/ti-cgt-c2000_22.6.0.LTS/include/_defs.h",line 356,colu
    2013              
    2014                      .dwfde $C$DW$CIE, ||__isnormalf||
    2015              $C$DW$114       .dwtag  DW_TAG_formal_parameter
    2016                      .dwattr $C$DW$114, DW_AT_name("f")
    2017                      .dwattr $C$DW$114, DW_AT_type(*$C$DW$T$16)
    2018                      .dwattr $C$DW$114, DW_AT_location[DW_OP_regx 0x2b]
    2019              
    2020              
    2021              ;***************************************************************
    2022              ;* FNAME: __isnormalf                   FR SIZE:   0           *
    2023              ;*                                                             *
    2024              ;* FUNCTION ENVIRONMENT                                        *
    2025              ;*                                                             *
    2026              ;* FUNCTION PROPERTIES                                         *
    2027              ;*                            0 Parameter,  0 Auto,  0 SOE     *
    2028              ;***************************************************************
    2029              
    2030              ||__isnormalf||:
    2031              ;* PL    assigned to $O$K3
    2032              ;* AR6   assigned to $O$S1
    2033              ;* R0    assigned to f
    2034              $C$DW$115       .dwtag  DW_TAG_variable
    2035                      .dwattr $C$DW$115, DW_AT_name("f")
    2036                      .dwattr $C$DW$115, DW_AT_type(*$C$DW$T$133)
    2037                      .dwattr $C$DW$115, DW_AT_location[DW_OP_regx 0x2b]
    2038              
    2039                      .dwcfi  cfa_offset, -2
    2040                      .dwcfi  save_reg_to_mem, 26, 0
    2041                      .dwpsn  file "C:/ti/ccs1210/ccs/tools/compiler/ti-cgt-c2000_22.6.0.LTS/include/_defs.h",line 356,colu
    2042 00000000 BFAB          MOV32     P,R0H                 ; [CPU_FPU] |356| 
         00000001 0F12 
    2043 00000002 28AC          MOV       T,#23                 ; [CPU_ALU] |356| 
         00000003 0017 
    2044 00000004 A9A9          MOVL      ACC,P                 ; [CPU_ALU] |356| 
    2045 00000005 BE00          MOVB      XAR6,#0               ; [CPU_ALU] |356| 
    2046 00000006 5622          LSRL      ACC,T                 ; [CPU_ALU] |356| 
    2047 00000007 90FF          ANDB      AL,#0xff              ; [CPU_ALU] |356| 
    2048 00000008 6109          B         ||$C$L2||,EQ          ; [CPU_ALU] |356| 
    2049                      ; branchcc occurs ; [] |356| 
    2050 00000009 CCAA          AND       AL,PH,#0x7f80         ; [CPU_ALU] |356| 
         0000000a 7F80 
    2051 0000000b 80A9          MOVZ      AR7,AL                ; [CPU_ALU] |356| 
    2052 0000000c FF20          MOV       ACC,#32640            ; [CPU_ALU] |356| 
         0000000d 7F80 
TMS320C2000 Assembler PC v22.6.0 Mon Apr 21 09:03:31 2025

Copyright (c) 1996-2018 Texas Instruments Incorporated
hal_pwm_TMS320F280049C.asm                                           PAGE   42

    2053 0000000e 0FA7          CMPL      ACC,XAR7              ; [CPU_ALU] |356| 
    2054 0000000f 56B0          MOVB      XAR6,#1,NEQ           ; [CPU_ALU] |356| 
         00000010 01A6 
    2055 00000011       ||$C$L2||:    
    2056 00000011 92A6          MOV       AL,AR6                ; [CPU_ALU] |356| 
    2057              $C$DW$116       .dwtag  DW_TAG_TI_branch
    2058                      .dwattr $C$DW$116, DW_AT_low_pc(0x00)
    2059                      .dwattr $C$DW$116, DW_AT_TI_return
    2060              
    2061 00000012 0006          LRETR     ; [CPU_ALU] 
    2062                      ; return occurs ; [] 
    2063                      .dwattr $C$DW$113, DW_AT_TI_end_file("C:/ti/ccs1210/ccs/tools/compiler/ti-cgt-c2000_22.6.0.LTS/includ
    2064                      .dwattr $C$DW$113, DW_AT_TI_end_line(0x165)
    2065                      .dwattr $C$DW$113, DW_AT_TI_end_column(0x2f)
    2066                      .dwendentry
    2067                      .dwendtag $C$DW$113
    2068              
    2069 00000000               .sect   ".text:__isnormal"
    2070                      .clink
    2071                      .global ||__isnormal||
    2072              
    2073              $C$DW$117       .dwtag  DW_TAG_subprogram
    2074                      .dwattr $C$DW$117, DW_AT_name("__isnormal")
    2075                      .dwattr $C$DW$117, DW_AT_low_pc(||__isnormal||)
    2076                      .dwattr $C$DW$117, DW_AT_high_pc(0x00)
    2077                      .dwattr $C$DW$117, DW_AT_linkage_name("__isnormal")
    2078                      .dwattr $C$DW$117, DW_AT_external
    2079                      .dwattr $C$DW$117, DW_AT_type(*$C$DW$T$10)
    2080                      .dwattr $C$DW$117, DW_AT_decl_file("C:/ti/ccs1210/ccs/tools/compiler/ti-cgt-c2000_22.6.0.LTS/include/
    2081                      .dwattr $C$DW$117, DW_AT_decl_line(0x15f)
    2082                      .dwattr $C$DW$117, DW_AT_decl_column(0x18)
    2083                      .dwattr $C$DW$117, DW_AT_TI_max_frame_size(-6)
    2084                      .dwpsn  file "C:/ti/ccs1210/ccs/tools/compiler/ti-cgt-c2000_22.6.0.LTS/include/_defs.h",line 352,colu
    2085              
    2086                      .dwfde $C$DW$CIE, ||__isnormal||
    2087              $C$DW$118       .dwtag  DW_TAG_formal_parameter
    2088                      .dwattr $C$DW$118, DW_AT_name("d")
    2089                      .dwattr $C$DW$118, DW_AT_type(*$C$DW$T$134)
    2090                      .dwattr $C$DW$118, DW_AT_location[DW_OP_reg12]
    2091              
    2092              
    2093              ;***************************************************************
    2094              ;* FNAME: __isnormal                    FR SIZE:   4           *
    2095              ;*                                                             *
    2096              ;* FUNCTION ENVIRONMENT                                        *
    2097              ;*                                                             *
    2098              ;* FUNCTION PROPERTIES                                         *
    2099              ;*                            4 Parameter,  0 Auto,  0 SOE     *
    2100              ;***************************************************************
    2101              
    2102              ||__isnormal||:
    2103              ;* AR5   assigned to $O$C2
    2104              ;* AR6   assigned to $O$S1
    2105              ;* AR4   assigned to d
    2106              $C$DW$119       .dwtag  DW_TAG_variable
TMS320C2000 Assembler PC v22.6.0 Mon Apr 21 09:03:31 2025

Copyright (c) 1996-2018 Texas Instruments Incorporated
hal_pwm_TMS320F280049C.asm                                           PAGE   43

    2107                      .dwattr $C$DW$119, DW_AT_name("d")
    2108                      .dwattr $C$DW$119, DW_AT_type(*$C$DW$T$135)
    2109                      .dwattr $C$DW$119, DW_AT_location[DW_OP_reg12]
    2110              
    2111                      .dwcfi  cfa_offset, -2
    2112                      .dwcfi  save_reg_to_mem, 26, 0
    2113 00000000 FE04          ADDB      SP,#4                 ; [CPU_ARAU] 
    2114                      .dwcfi  cfa_offset, -6
    2115                      .dwpsn  file "C:/ti/ccs1210/ccs/tools/compiler/ti-cgt-c2000_22.6.0.LTS/include/_defs.h",line 352,colu
    2116 00000001 83C4          MOVL      XAR5,*+XAR4[0]        ; [CPU_ALU] |352| 
    2117 00000002 8AD4          MOVL      XAR4,*+XAR4[2]        ; [CPU_ALU] |352| 
    2118 00000003 BE00          MOVB      XAR6,#0               ; [CPU_ALU] |352| 
    2119 00000004 28AC          MOV       T,#52                 ; [CPU_ALU] |352| 
         00000005 0034 
    2120 00000006 A0AB          MOVL      P,XAR5                ; [CPU_ALU] |352| 
    2121 00000007 A8A9          MOVL      ACC,XAR4              ; [CPU_ALU] |352| 
    2122 00000008 C244          MOVL      *-SP[4],XAR6          ; [CPU_ALU] |352| 
    2123 00000009 2B42          MOV       *-SP[2],#0            ; [CPU_ALU] |352| 
    2124 0000000a 565B          LSR64     ACC:P,T               ; [CPU_ALU] |352| 
    2125 0000000b 2B41          MOV       *-SP[1],#0            ; [CPU_FPU] |352| 
    2126 0000000c 9000          ANDB      AL,#0                 ; [CPU_ALU] |352| 
    2127 0000000d 9100          ANDB      AH,#0                 ; [CPU_ALU] |352| 
    2128 0000000e 18AB          AND       PL,#2047              ; [CPU_ALU] |352| 
         0000000f 07FF 
    2129 00000010 18AA          AND       PH,#0                 ; [CPU_ALU] |352| 
         00000011 0000 
    2130              $C$DW$120       .dwtag  DW_TAG_TI_branch
    2131                      .dwattr $C$DW$120, DW_AT_low_pc(0x00)
    2132                      .dwattr $C$DW$120, DW_AT_name("__c28xabi_cmpull")
    2133                      .dwattr $C$DW$120, DW_AT_TI_call
    2134              
    2135 00000012 7640!         LCR       #||__c28xabi_cmpull|| ; [CPU_ALU] |352| 
         00000013 0000 
    2136                      ; call occurs [#||__c28xabi_cmpull||] ; [] |352| 
    2137 00000014 BE00          MOVB      XAR6,#0               ; [CPU_ALU] |352| 
    2138 00000015 5200          CMPB      AL,#0                 ; [CPU_ALU] |352| 
    2139 00000016 610E          B         ||$C$L3||,EQ          ; [CPU_ALU] |352| 
    2140                      ; branchcc occurs ; [] |352| 
    2141 00000017 A0AB          MOVL      P,XAR5                ; [CPU_ALU] |352| 
    2142 00000018 A8A9          MOVL      ACC,XAR4              ; [CPU_ALU] |352| 
    2143 00000019 28AC          MOV       T,#48                 ; [CPU_ALU] |352| 
         0000001a 0030 
    2144 0000001b 565B          LSR64     ACC:P,T               ; [CPU_ALU] |352| 
    2145 0000001c 18AB          AND       PL,#0x7ff0            ; [CPU_ALU] |352| 
         0000001d 7FF0 
    2146 0000001e 80AB          MOVZ      AR7,PL                ; [CPU_ALU] |352| 
    2147 0000001f FF20          MOV       ACC,#32752            ; [CPU_ALU] |352| 
         00000020 7FF0 
    2148 00000021 0FA7          CMPL      ACC,XAR7              ; [CPU_ALU] |352| 
    2149 00000022 56B0          MOVB      XAR6,#1,NEQ           ; [CPU_ALU] |352| 
         00000023 01A6 
    2150 00000024       ||$C$L3||:    
    2151 00000024 FE84          SUBB      SP,#4                 ; [CPU_ARAU] 
    2152                      .dwcfi  cfa_offset, -2
    2153 00000025 92A6          MOV       AL,AR6                ; [CPU_ALU] |352| 
TMS320C2000 Assembler PC v22.6.0 Mon Apr 21 09:03:31 2025

Copyright (c) 1996-2018 Texas Instruments Incorporated
hal_pwm_TMS320F280049C.asm                                           PAGE   44

    2154              $C$DW$121       .dwtag  DW_TAG_TI_branch
    2155                      .dwattr $C$DW$121, DW_AT_low_pc(0x00)
    2156                      .dwattr $C$DW$121, DW_AT_TI_return
    2157              
    2158 00000026 0006          LRETR     ; [CPU_ALU] 
    2159                      ; return occurs ; [] 
    2160                      .dwattr $C$DW$117, DW_AT_TI_end_file("C:/ti/ccs1210/ccs/tools/compiler/ti-cgt-c2000_22.6.0.LTS/includ
    2161                      .dwattr $C$DW$117, DW_AT_TI_end_line(0x161)
    2162                      .dwattr $C$DW$117, DW_AT_TI_end_column(0x30)
    2163                      .dwendentry
    2164                      .dwendtag $C$DW$117
    2165              
    2166 00000000               .sect   ".text:__isnanl"
    2167                      .clink
    2168                      .global ||__isnanl||
    2169              
    2170              $C$DW$122       .dwtag  DW_TAG_subprogram
    2171                      .dwattr $C$DW$122, DW_AT_name("__isnanl")
    2172                      .dwattr $C$DW$122, DW_AT_low_pc(||__isnanl||)
    2173                      .dwattr $C$DW$122, DW_AT_high_pc(0x00)
    2174                      .dwattr $C$DW$122, DW_AT_linkage_name("__isnanl")
    2175                      .dwattr $C$DW$122, DW_AT_external
    2176                      .dwattr $C$DW$122, DW_AT_type(*$C$DW$T$10)
    2177                      .dwattr $C$DW$122, DW_AT_decl_file("C:/ti/ccs1210/ccs/tools/compiler/ti-cgt-c2000_22.6.0.LTS/include/
    2178                      .dwattr $C$DW$122, DW_AT_decl_line(0x15b)
    2179                      .dwattr $C$DW$122, DW_AT_decl_column(0x18)
    2180                      .dwattr $C$DW$122, DW_AT_TI_max_frame_size(-6)
    2181                      .dwpsn  file "C:/ti/ccs1210/ccs/tools/compiler/ti-cgt-c2000_22.6.0.LTS/include/_defs.h",line 348,colu
    2182              
    2183                      .dwfde $C$DW$CIE, ||__isnanl||
    2184              $C$DW$123       .dwtag  DW_TAG_formal_parameter
    2185                      .dwattr $C$DW$123, DW_AT_name("e")
    2186                      .dwattr $C$DW$123, DW_AT_type(*$C$DW$T$136)
    2187                      .dwattr $C$DW$123, DW_AT_location[DW_OP_reg12]
    2188              
    2189              
    2190              ;***************************************************************
    2191              ;* FNAME: __isnanl                      FR SIZE:   4           *
    2192              ;*                                                             *
    2193              ;* FUNCTION ENVIRONMENT                                        *
    2194              ;*                                                             *
    2195              ;* FUNCTION PROPERTIES                                         *
    2196              ;*                            4 Parameter,  0 Auto,  0 SOE     *
    2197              ;***************************************************************
    2198              
    2199              ||__isnanl||:
    2200              ;* AR7   assigned to $O$C2
    2201              ;* AR4   assigned to $O$S1
    2202              ;* AR4   assigned to e
    2203              $C$DW$124       .dwtag  DW_TAG_variable
    2204                      .dwattr $C$DW$124, DW_AT_name("e")
    2205                      .dwattr $C$DW$124, DW_AT_type(*$C$DW$T$137)
    2206                      .dwattr $C$DW$124, DW_AT_location[DW_OP_reg12]
    2207              
    2208                      .dwcfi  cfa_offset, -2
TMS320C2000 Assembler PC v22.6.0 Mon Apr 21 09:03:31 2025

Copyright (c) 1996-2018 Texas Instruments Incorporated
hal_pwm_TMS320F280049C.asm                                           PAGE   45

    2209                      .dwcfi  save_reg_to_mem, 26, 0
    2210 00000000 FE04          ADDB      SP,#4                 ; [CPU_ARAU] 
    2211                      .dwcfi  cfa_offset, -6
    2212                      .dwpsn  file "C:/ti/ccs1210/ccs/tools/compiler/ti-cgt-c2000_22.6.0.LTS/include/_defs.h",line 348,colu
    2213 00000001 C5C4          MOVL      XAR7,*+XAR4[0]        ; [CPU_ALU] |348| 
    2214 00000002 06D4          MOVL      ACC,*+XAR4[2]         ; [CPU_ALU] |348| 
    2215 00000003 28AC          MOV       T,#48                 ; [CPU_ALU] |348| 
         00000004 0030 
    2216 00000005 1EA6          MOVL      XAR6,ACC              ; [CPU_ALU] |348| 
    2217 00000006 A3A7          MOVL      P,XAR7                ; [CPU_ALU] |348| 
    2218 00000007 D400          MOVB      XAR4,#0               ; [CPU_ALU] |348| 
    2219 00000008 565B          LSR64     ACC:P,T               ; [CPU_ALU] |348| 
    2220 00000009 2BAA          MOV       PH,#0                 ; [CPU_ALU] |348| 
    2221 0000000a 18AB          AND       PL,#0x7ff0            ; [CPU_ALU] |348| 
         0000000b 7FF0 
    2222 0000000c FF20          MOV       ACC,#32752            ; [CPU_ALU] |348| 
         0000000d 7FF0 
    2223 0000000e 0FAB          CMPL      ACC,P                 ; [CPU_ALU] |348| 
    2224 0000000f 6013          B         ||$C$L4||,NEQ         ; [CPU_ALU] |348| 
    2225                      ; branchcc occurs ; [] |348| 
    2226 00000010 06A6          MOVL      ACC,XAR6              ; [CPU_ALU] |348| 
    2227 00000011 A3A7          MOVL      P,XAR7                ; [CPU_ALU] |348| 
    2228 00000012 BE00          MOVB      XAR6,#0               ; [CPU_ALU] |348| 
    2229 00000013 18A9          AND       AL,#65535             ; [CPU_ALU] |348| 
         00000014 FFFF 
    2230 00000015 910F          ANDB      AH,#15                ; [CPU_ALU] |348| 
    2231 00000016 18AB          AND       PL,#65535             ; [CPU_ALU] |348| 
         00000017 FFFF 
    2232 00000018 18AA          AND       PH,#65535             ; [CPU_ALU] |348| 
         00000019 FFFF 
    2233 0000001a C244          MOVL      *-SP[4],XAR6          ; [CPU_FPU] |348| 
    2234 0000001b 2B42          MOV       *-SP[2],#0            ; [CPU_FPU] |348| 
    2235 0000001c 2B41          MOV       *-SP[1],#0            ; [CPU_FPU] |348| 
    2236              $C$DW$125       .dwtag  DW_TAG_TI_branch
    2237                      .dwattr $C$DW$125, DW_AT_low_pc(0x00)
    2238                      .dwattr $C$DW$125, DW_AT_name("__c28xabi_cmpull")
    2239                      .dwattr $C$DW$125, DW_AT_TI_call
    2240              
    2241 0000001d 7640!         LCR       #||__c28xabi_cmpull|| ; [CPU_ALU] |348| 
         0000001e 0000 
    2242                      ; call occurs [#||__c28xabi_cmpull||] ; [] |348| 
    2243 0000001f 5200          CMPB      AL,#0                 ; [CPU_ALU] |348| 
    2244 00000020 56B0          MOVB      XAR4,#1,NEQ           ; [CPU_ALU] |348| 
         00000021 01A4 
    2245 00000022       ||$C$L4||:    
    2246 00000022 FE84          SUBB      SP,#4                 ; [CPU_ARAU] 
    2247                      .dwcfi  cfa_offset, -2
    2248 00000023 92A4          MOV       AL,AR4                ; [CPU_ALU] |348| 
    2249              $C$DW$126       .dwtag  DW_TAG_TI_branch
    2250                      .dwattr $C$DW$126, DW_AT_low_pc(0x00)
    2251                      .dwattr $C$DW$126, DW_AT_TI_return
    2252              
    2253 00000024 0006          LRETR     ; [CPU_ALU] 
    2254                      ; return occurs ; [] 
    2255                      .dwattr $C$DW$122, DW_AT_TI_end_file("C:/ti/ccs1210/ccs/tools/compiler/ti-cgt-c2000_22.6.0.LTS/includ
TMS320C2000 Assembler PC v22.6.0 Mon Apr 21 09:03:31 2025

Copyright (c) 1996-2018 Texas Instruments Incorporated
hal_pwm_TMS320F280049C.asm                                           PAGE   46

    2256                      .dwattr $C$DW$122, DW_AT_TI_end_line(0x15d)
    2257                      .dwattr $C$DW$122, DW_AT_TI_end_column(0x30)
    2258                      .dwendentry
    2259                      .dwendtag $C$DW$122
    2260              
    2261 00000000               .sect   ".text:__isnanf"
    2262                      .clink
    2263                      .global ||__isnanf||
    2264              
    2265              $C$DW$127       .dwtag  DW_TAG_subprogram
    2266                      .dwattr $C$DW$127, DW_AT_name("__isnanf")
    2267                      .dwattr $C$DW$127, DW_AT_low_pc(||__isnanf||)
    2268                      .dwattr $C$DW$127, DW_AT_high_pc(0x00)
    2269                      .dwattr $C$DW$127, DW_AT_linkage_name("__isnanf")
    2270                      .dwattr $C$DW$127, DW_AT_external
    2271                      .dwattr $C$DW$127, DW_AT_type(*$C$DW$T$10)
    2272                      .dwattr $C$DW$127, DW_AT_decl_file("C:/ti/ccs1210/ccs/tools/compiler/ti-cgt-c2000_22.6.0.LTS/include/
    2273                      .dwattr $C$DW$127, DW_AT_decl_line(0x158)
    2274                      .dwattr $C$DW$127, DW_AT_decl_column(0x18)
    2275                      .dwattr $C$DW$127, DW_AT_TI_max_frame_size(-2)
    2276                      .dwpsn  file "C:/ti/ccs1210/ccs/tools/compiler/ti-cgt-c2000_22.6.0.LTS/include/_defs.h",line 345,colu
    2277              
    2278                      .dwfde $C$DW$CIE, ||__isnanf||
    2279              $C$DW$128       .dwtag  DW_TAG_formal_parameter
    2280                      .dwattr $C$DW$128, DW_AT_name("f")
    2281                      .dwattr $C$DW$128, DW_AT_type(*$C$DW$T$16)
    2282                      .dwattr $C$DW$128, DW_AT_location[DW_OP_regx 0x2b]
    2283              
    2284              
    2285              ;***************************************************************
    2286              ;* FNAME: __isnanf                      FR SIZE:   0           *
    2287              ;*                                                             *
    2288              ;* FUNCTION ENVIRONMENT                                        *
    2289              ;*                                                             *
    2290              ;* FUNCTION PROPERTIES                                         *
    2291              ;*                            0 Parameter,  0 Auto,  0 SOE     *
    2292              ;***************************************************************
    2293              
    2294              ||__isnanf||:
    2295              ;* PL    assigned to $O$K3
    2296              ;* AR6   assigned to $O$S1
    2297              ;* R0    assigned to f
    2298              $C$DW$129       .dwtag  DW_TAG_variable
    2299                      .dwattr $C$DW$129, DW_AT_name("f")
    2300                      .dwattr $C$DW$129, DW_AT_type(*$C$DW$T$133)
    2301                      .dwattr $C$DW$129, DW_AT_location[DW_OP_regx 0x2b]
    2302              
    2303                      .dwcfi  cfa_offset, -2
    2304                      .dwcfi  save_reg_to_mem, 26, 0
    2305                      .dwpsn  file "C:/ti/ccs1210/ccs/tools/compiler/ti-cgt-c2000_22.6.0.LTS/include/_defs.h",line 345,colu
    2306 00000000 BFAB          MOV32     P,R0H                 ; [CPU_FPU] |345| 
         00000001 0F12 
    2307 00000002 CCAA          AND       AL,PH,#0x7f80         ; [CPU_ALU] |345| 
         00000003 7F80 
    2308 00000004 80A9          MOVZ      AR7,AL                ; [CPU_ALU] |345| 
TMS320C2000 Assembler PC v22.6.0 Mon Apr 21 09:03:31 2025

Copyright (c) 1996-2018 Texas Instruments Incorporated
hal_pwm_TMS320F280049C.asm                                           PAGE   47

    2309 00000005 BE00          MOVB      XAR6,#0               ; [CPU_ALU] |345| 
    2310 00000006 FF20          MOV       ACC,#32640            ; [CPU_ALU] |345| 
         00000007 7F80 
    2311 00000008 0FA7          CMPL      ACC,XAR7              ; [CPU_ALU] |345| 
    2312 00000009 6006          B         ||$C$L5||,NEQ         ; [CPU_ALU] |345| 
    2313                      ; branchcc occurs ; [] |345| 
    2314 0000000a A9A9          MOVL      ACC,P                 ; [CPU_ALU] |345| 
    2315 0000000b 917F          ANDB      AH,#127               ; [CPU_ALU] |345| 
    2316 0000000c FF58          TEST      ACC                   ; [CPU_ALU] |345| 
    2317 0000000d 56B0          MOVB      XAR6,#1,NEQ           ; [CPU_ALU] |345| 
         0000000e 01A6 
    2318 0000000f       ||$C$L5||:    
    2319 0000000f 92A6          MOV       AL,AR6                ; [CPU_ALU] |345| 
    2320              $C$DW$130       .dwtag  DW_TAG_TI_branch
    2321                      .dwattr $C$DW$130, DW_AT_low_pc(0x00)
    2322                      .dwattr $C$DW$130, DW_AT_TI_return
    2323              
    2324 00000010 0006          LRETR     ; [CPU_ALU] 
    2325                      ; return occurs ; [] 
    2326                      .dwattr $C$DW$127, DW_AT_TI_end_file("C:/ti/ccs1210/ccs/tools/compiler/ti-cgt-c2000_22.6.0.LTS/includ
    2327                      .dwattr $C$DW$127, DW_AT_TI_end_line(0x15a)
    2328                      .dwattr $C$DW$127, DW_AT_TI_end_column(0x2e)
    2329                      .dwendentry
    2330                      .dwendtag $C$DW$127
    2331              
    2332 00000000               .sect   ".text:__isnan"
    2333                      .clink
    2334                      .global ||__isnan||
    2335              
    2336              $C$DW$131       .dwtag  DW_TAG_subprogram
    2337                      .dwattr $C$DW$131, DW_AT_name("__isnan")
    2338                      .dwattr $C$DW$131, DW_AT_low_pc(||__isnan||)
    2339                      .dwattr $C$DW$131, DW_AT_high_pc(0x00)
    2340                      .dwattr $C$DW$131, DW_AT_linkage_name("__isnan")
    2341                      .dwattr $C$DW$131, DW_AT_external
    2342                      .dwattr $C$DW$131, DW_AT_type(*$C$DW$T$10)
    2343                      .dwattr $C$DW$131, DW_AT_decl_file("C:/ti/ccs1210/ccs/tools/compiler/ti-cgt-c2000_22.6.0.LTS/include/
    2344                      .dwattr $C$DW$131, DW_AT_decl_line(0x155)
    2345                      .dwattr $C$DW$131, DW_AT_decl_column(0x18)
    2346                      .dwattr $C$DW$131, DW_AT_TI_max_frame_size(-6)
    2347                      .dwpsn  file "C:/ti/ccs1210/ccs/tools/compiler/ti-cgt-c2000_22.6.0.LTS/include/_defs.h",line 342,colu
    2348              
    2349                      .dwfde $C$DW$CIE, ||__isnan||
    2350              $C$DW$132       .dwtag  DW_TAG_formal_parameter
    2351                      .dwattr $C$DW$132, DW_AT_name("d")
    2352                      .dwattr $C$DW$132, DW_AT_type(*$C$DW$T$134)
    2353                      .dwattr $C$DW$132, DW_AT_location[DW_OP_reg12]
    2354              
    2355              
    2356              ;***************************************************************
    2357              ;* FNAME: __isnan                       FR SIZE:   4           *
    2358              ;*                                                             *
    2359              ;* FUNCTION ENVIRONMENT                                        *
    2360              ;*                                                             *
    2361              ;* FUNCTION PROPERTIES                                         *
TMS320C2000 Assembler PC v22.6.0 Mon Apr 21 09:03:31 2025

Copyright (c) 1996-2018 Texas Instruments Incorporated
hal_pwm_TMS320F280049C.asm                                           PAGE   48

    2362              ;*                            4 Parameter,  0 Auto,  0 SOE     *
    2363              ;***************************************************************
    2364              
    2365              ||__isnan||:
    2366              ;* AR7   assigned to $O$C2
    2367              ;* AR4   assigned to $O$S1
    2368              ;* AR4   assigned to d
    2369              $C$DW$133       .dwtag  DW_TAG_variable
    2370                      .dwattr $C$DW$133, DW_AT_name("d")
    2371                      .dwattr $C$DW$133, DW_AT_type(*$C$DW$T$135)
    2372                      .dwattr $C$DW$133, DW_AT_location[DW_OP_reg12]
    2373              
    2374                      .dwcfi  cfa_offset, -2
    2375                      .dwcfi  save_reg_to_mem, 26, 0
    2376 00000000 FE04          ADDB      SP,#4                 ; [CPU_ARAU] 
    2377                      .dwcfi  cfa_offset, -6
    2378                      .dwpsn  file "C:/ti/ccs1210/ccs/tools/compiler/ti-cgt-c2000_22.6.0.LTS/include/_defs.h",line 342,colu
    2379 00000001 C5C4          MOVL      XAR7,*+XAR4[0]        ; [CPU_ALU] |342| 
    2380 00000002 06D4          MOVL      ACC,*+XAR4[2]         ; [CPU_ALU] |342| 
    2381 00000003 28AC          MOV       T,#48                 ; [CPU_ALU] |342| 
         00000004 0030 
    2382 00000005 1EA6          MOVL      XAR6,ACC              ; [CPU_ALU] |342| 
    2383 00000006 A3A7          MOVL      P,XAR7                ; [CPU_ALU] |342| 
    2384 00000007 D400          MOVB      XAR4,#0               ; [CPU_ALU] |342| 
    2385 00000008 565B          LSR64     ACC:P,T               ; [CPU_ALU] |342| 
    2386 00000009 2BAA          MOV       PH,#0                 ; [CPU_ALU] |342| 
    2387 0000000a 18AB          AND       PL,#0x7ff0            ; [CPU_ALU] |342| 
         0000000b 7FF0 
    2388 0000000c FF20          MOV       ACC,#32752            ; [CPU_ALU] |342| 
         0000000d 7FF0 
    2389 0000000e 0FAB          CMPL      ACC,P                 ; [CPU_ALU] |342| 
    2390 0000000f 6013          B         ||$C$L6||,NEQ         ; [CPU_ALU] |342| 
    2391                      ; branchcc occurs ; [] |342| 
    2392 00000010 06A6          MOVL      ACC,XAR6              ; [CPU_ALU] |342| 
    2393 00000011 A3A7          MOVL      P,XAR7                ; [CPU_ALU] |342| 
    2394 00000012 BE00          MOVB      XAR6,#0               ; [CPU_ALU] |342| 
    2395 00000013 18A9          AND       AL,#65535             ; [CPU_ALU] |342| 
         00000014 FFFF 
    2396 00000015 910F          ANDB      AH,#15                ; [CPU_ALU] |342| 
    2397 00000016 18AB          AND       PL,#65535             ; [CPU_ALU] |342| 
         00000017 FFFF 
    2398 00000018 18AA          AND       PH,#65535             ; [CPU_ALU] |342| 
         00000019 FFFF 
    2399 0000001a C244          MOVL      *-SP[4],XAR6          ; [CPU_FPU] |342| 
    2400 0000001b 2B42          MOV       *-SP[2],#0            ; [CPU_FPU] |342| 
    2401 0000001c 2B41          MOV       *-SP[1],#0            ; [CPU_FPU] |342| 
    2402              $C$DW$134       .dwtag  DW_TAG_TI_branch
    2403                      .dwattr $C$DW$134, DW_AT_low_pc(0x00)
    2404                      .dwattr $C$DW$134, DW_AT_name("__c28xabi_cmpull")
    2405                      .dwattr $C$DW$134, DW_AT_TI_call
    2406              
    2407 0000001d 7640!         LCR       #||__c28xabi_cmpull|| ; [CPU_ALU] |342| 
         0000001e 0000 
    2408                      ; call occurs [#||__c28xabi_cmpull||] ; [] |342| 
    2409 0000001f 5200          CMPB      AL,#0                 ; [CPU_ALU] |342| 
TMS320C2000 Assembler PC v22.6.0 Mon Apr 21 09:03:31 2025

Copyright (c) 1996-2018 Texas Instruments Incorporated
hal_pwm_TMS320F280049C.asm                                           PAGE   49

    2410 00000020 56B0          MOVB      XAR4,#1,NEQ           ; [CPU_ALU] |342| 
         00000021 01A4 
    2411 00000022       ||$C$L6||:    
    2412 00000022 FE84          SUBB      SP,#4                 ; [CPU_ARAU] 
    2413                      .dwcfi  cfa_offset, -2
    2414 00000023 92A4          MOV       AL,AR4                ; [CPU_ALU] |342| 
    2415              $C$DW$135       .dwtag  DW_TAG_TI_branch
    2416                      .dwattr $C$DW$135, DW_AT_low_pc(0x00)
    2417                      .dwattr $C$DW$135, DW_AT_TI_return
    2418              
    2419 00000024 0006          LRETR     ; [CPU_ALU] 
    2420                      ; return occurs ; [] 
    2421                      .dwattr $C$DW$131, DW_AT_TI_end_file("C:/ti/ccs1210/ccs/tools/compiler/ti-cgt-c2000_22.6.0.LTS/includ
    2422                      .dwattr $C$DW$131, DW_AT_TI_end_line(0x157)
    2423                      .dwattr $C$DW$131, DW_AT_TI_end_column(0x2f)
    2424                      .dwendentry
    2425                      .dwendtag $C$DW$131
    2426              
    2427 00000000               .sect   ".text:__isinfl"
    2428                      .clink
    2429                      .global ||__isinfl||
    2430              
    2431              $C$DW$136       .dwtag  DW_TAG_subprogram
    2432                      .dwattr $C$DW$136, DW_AT_name("__isinfl")
    2433                      .dwattr $C$DW$136, DW_AT_low_pc(||__isinfl||)
    2434                      .dwattr $C$DW$136, DW_AT_high_pc(0x00)
    2435                      .dwattr $C$DW$136, DW_AT_linkage_name("__isinfl")
    2436                      .dwattr $C$DW$136, DW_AT_external
    2437                      .dwattr $C$DW$136, DW_AT_type(*$C$DW$T$10)
    2438                      .dwattr $C$DW$136, DW_AT_decl_file("C:/ti/ccs1210/ccs/tools/compiler/ti-cgt-c2000_22.6.0.LTS/include/
    2439                      .dwattr $C$DW$136, DW_AT_decl_line(0x17a)
    2440                      .dwattr $C$DW$136, DW_AT_decl_column(0x18)
    2441                      .dwattr $C$DW$136, DW_AT_TI_max_frame_size(-6)
    2442                      .dwpsn  file "C:/ti/ccs1210/ccs/tools/compiler/ti-cgt-c2000_22.6.0.LTS/include/_defs.h",line 379,colu
    2443              
    2444                      .dwfde $C$DW$CIE, ||__isinfl||
    2445              $C$DW$137       .dwtag  DW_TAG_formal_parameter
    2446                      .dwattr $C$DW$137, DW_AT_name("e")
    2447                      .dwattr $C$DW$137, DW_AT_type(*$C$DW$T$136)
    2448                      .dwattr $C$DW$137, DW_AT_location[DW_OP_reg12]
    2449              
    2450              
    2451              ;***************************************************************
    2452              ;* FNAME: __isinfl                      FR SIZE:   4           *
    2453              ;*                                                             *
    2454              ;* FUNCTION ENVIRONMENT                                        *
    2455              ;*                                                             *
    2456              ;* FUNCTION PROPERTIES                                         *
    2457              ;*                            4 Parameter,  0 Auto,  0 SOE     *
    2458              ;***************************************************************
    2459              
    2460              ||__isinfl||:
    2461              ;* AR7   assigned to $O$C2
    2462              ;* AR4   assigned to $O$S1
    2463              ;* AR4   assigned to e
TMS320C2000 Assembler PC v22.6.0 Mon Apr 21 09:03:31 2025

Copyright (c) 1996-2018 Texas Instruments Incorporated
hal_pwm_TMS320F280049C.asm                                           PAGE   50

    2464              $C$DW$138       .dwtag  DW_TAG_variable
    2465                      .dwattr $C$DW$138, DW_AT_name("e")
    2466                      .dwattr $C$DW$138, DW_AT_type(*$C$DW$T$137)
    2467                      .dwattr $C$DW$138, DW_AT_location[DW_OP_reg12]
    2468              
    2469                      .dwcfi  cfa_offset, -2
    2470                      .dwcfi  save_reg_to_mem, 26, 0
    2471 00000000 FE04          ADDB      SP,#4                 ; [CPU_ARAU] 
    2472                      .dwcfi  cfa_offset, -6
    2473                      .dwpsn  file "C:/ti/ccs1210/ccs/tools/compiler/ti-cgt-c2000_22.6.0.LTS/include/_defs.h",line 379,colu
    2474 00000001 C5C4          MOVL      XAR7,*+XAR4[0]        ; [CPU_ALU] |379| 
    2475 00000002 06D4          MOVL      ACC,*+XAR4[2]         ; [CPU_ALU] |379| 
    2476 00000003 28AC          MOV       T,#48                 ; [CPU_ALU] |379| 
         00000004 0030 
    2477 00000005 1EA6          MOVL      XAR6,ACC              ; [CPU_ALU] |379| 
    2478 00000006 A3A7          MOVL      P,XAR7                ; [CPU_ALU] |379| 
    2479 00000007 D400          MOVB      XAR4,#0               ; [CPU_ALU] |379| 
    2480 00000008 565B          LSR64     ACC:P,T               ; [CPU_ALU] |379| 
    2481 00000009 2BAA          MOV       PH,#0                 ; [CPU_ALU] |379| 
    2482 0000000a 18AB          AND       PL,#0x7ff0            ; [CPU_ALU] |379| 
         0000000b 7FF0 
    2483 0000000c FF20          MOV       ACC,#32752            ; [CPU_ALU] |379| 
         0000000d 7FF0 
    2484 0000000e 0FAB          CMPL      ACC,P                 ; [CPU_ALU] |379| 
    2485 0000000f 6013          B         ||$C$L7||,NEQ         ; [CPU_ALU] |379| 
    2486                      ; branchcc occurs ; [] |379| 
    2487 00000010 06A6          MOVL      ACC,XAR6              ; [CPU_ALU] |379| 
    2488 00000011 A3A7          MOVL      P,XAR7                ; [CPU_ALU] |379| 
    2489 00000012 BE00          MOVB      XAR6,#0               ; [CPU_ALU] |379| 
    2490 00000013 18A9          AND       AL,#65535             ; [CPU_ALU] |379| 
         00000014 FFFF 
    2491 00000015 910F          ANDB      AH,#15                ; [CPU_ALU] |379| 
    2492 00000016 18AB          AND       PL,#65535             ; [CPU_ALU] |379| 
         00000017 FFFF 
    2493 00000018 18AA          AND       PH,#65535             ; [CPU_ALU] |379| 
         00000019 FFFF 
    2494 0000001a C244          MOVL      *-SP[4],XAR6          ; [CPU_FPU] |379| 
    2495 0000001b 2B42          MOV       *-SP[2],#0            ; [CPU_FPU] |379| 
    2496 0000001c 2B41          MOV       *-SP[1],#0            ; [CPU_FPU] |379| 
    2497              $C$DW$139       .dwtag  DW_TAG_TI_branch
    2498                      .dwattr $C$DW$139, DW_AT_low_pc(0x00)
    2499                      .dwattr $C$DW$139, DW_AT_name("__c28xabi_cmpull")
    2500                      .dwattr $C$DW$139, DW_AT_TI_call
    2501              
    2502 0000001d 7640!         LCR       #||__c28xabi_cmpull|| ; [CPU_ALU] |379| 
         0000001e 0000 
    2503                      ; call occurs [#||__c28xabi_cmpull||] ; [] |379| 
    2504 0000001f 5200          CMPB      AL,#0                 ; [CPU_ALU] |379| 
    2505 00000020 56B1          MOVB      XAR4,#1,EQ            ; [CPU_ALU] |379| 
         00000021 01A4 
    2506 00000022       ||$C$L7||:    
    2507 00000022 FE84          SUBB      SP,#4                 ; [CPU_ARAU] 
    2508                      .dwcfi  cfa_offset, -2
    2509 00000023 92A4          MOV       AL,AR4                ; [CPU_ALU] |379| 
    2510              $C$DW$140       .dwtag  DW_TAG_TI_branch
TMS320C2000 Assembler PC v22.6.0 Mon Apr 21 09:03:31 2025

Copyright (c) 1996-2018 Texas Instruments Incorporated
hal_pwm_TMS320F280049C.asm                                           PAGE   51

    2511                      .dwattr $C$DW$140, DW_AT_low_pc(0x00)
    2512                      .dwattr $C$DW$140, DW_AT_TI_return
    2513              
    2514 00000024 0006          LRETR     ; [CPU_ALU] 
    2515                      ; return occurs ; [] 
    2516                      .dwattr $C$DW$136, DW_AT_TI_end_file("C:/ti/ccs1210/ccs/tools/compiler/ti-cgt-c2000_22.6.0.LTS/includ
    2517                      .dwattr $C$DW$136, DW_AT_TI_end_line(0x17b)
    2518                      .dwattr $C$DW$136, DW_AT_TI_end_column(0x4c)
    2519                      .dwendentry
    2520                      .dwendtag $C$DW$136
    2521              
    2522 00000000               .sect   ".text:__isinff"
    2523                      .clink
    2524                      .global ||__isinff||
    2525              
    2526              $C$DW$141       .dwtag  DW_TAG_subprogram
    2527                      .dwattr $C$DW$141, DW_AT_name("__isinff")
    2528                      .dwattr $C$DW$141, DW_AT_low_pc(||__isinff||)
    2529                      .dwattr $C$DW$141, DW_AT_high_pc(0x00)
    2530                      .dwattr $C$DW$141, DW_AT_linkage_name("__isinff")
    2531                      .dwattr $C$DW$141, DW_AT_external
    2532                      .dwattr $C$DW$141, DW_AT_type(*$C$DW$T$10)
    2533                      .dwattr $C$DW$141, DW_AT_decl_file("C:/ti/ccs1210/ccs/tools/compiler/ti-cgt-c2000_22.6.0.LTS/include/
    2534                      .dwattr $C$DW$141, DW_AT_decl_line(0x176)
    2535                      .dwattr $C$DW$141, DW_AT_decl_column(0x18)
    2536                      .dwattr $C$DW$141, DW_AT_TI_max_frame_size(-2)
    2537                      .dwpsn  file "C:/ti/ccs1210/ccs/tools/compiler/ti-cgt-c2000_22.6.0.LTS/include/_defs.h",line 375,colu
    2538              
    2539                      .dwfde $C$DW$CIE, ||__isinff||
    2540              $C$DW$142       .dwtag  DW_TAG_formal_parameter
    2541                      .dwattr $C$DW$142, DW_AT_name("f")
    2542                      .dwattr $C$DW$142, DW_AT_type(*$C$DW$T$16)
    2543                      .dwattr $C$DW$142, DW_AT_location[DW_OP_regx 0x2b]
    2544              
    2545              
    2546              ;***************************************************************
    2547              ;* FNAME: __isinff                      FR SIZE:   0           *
    2548              ;*                                                             *
    2549              ;* FUNCTION ENVIRONMENT                                        *
    2550              ;*                                                             *
    2551              ;* FUNCTION PROPERTIES                                         *
    2552              ;*                            0 Parameter,  0 Auto,  0 SOE     *
    2553              ;***************************************************************
    2554              
    2555              ||__isinff||:
    2556              ;* PL    assigned to $O$K3
    2557              ;* AR6   assigned to $O$S1
    2558              ;* R0    assigned to f
    2559              $C$DW$143       .dwtag  DW_TAG_variable
    2560                      .dwattr $C$DW$143, DW_AT_name("f")
    2561                      .dwattr $C$DW$143, DW_AT_type(*$C$DW$T$133)
    2562                      .dwattr $C$DW$143, DW_AT_location[DW_OP_regx 0x2b]
    2563              
    2564                      .dwcfi  cfa_offset, -2
    2565                      .dwcfi  save_reg_to_mem, 26, 0
TMS320C2000 Assembler PC v22.6.0 Mon Apr 21 09:03:31 2025

Copyright (c) 1996-2018 Texas Instruments Incorporated
hal_pwm_TMS320F280049C.asm                                           PAGE   52

    2566                      .dwpsn  file "C:/ti/ccs1210/ccs/tools/compiler/ti-cgt-c2000_22.6.0.LTS/include/_defs.h",line 375,colu
    2567 00000000 BFAB          MOV32     P,R0H                 ; [CPU_FPU] |375| 
         00000001 0F12 
    2568 00000002 CCAA          AND       AL,PH,#0x7f80         ; [CPU_ALU] |375| 
         00000003 7F80 
    2569 00000004 80A9          MOVZ      AR7,AL                ; [CPU_ALU] |375| 
    2570 00000005 BE00          MOVB      XAR6,#0               ; [CPU_ALU] |375| 
    2571 00000006 FF20          MOV       ACC,#32640            ; [CPU_ALU] |375| 
         00000007 7F80 
    2572 00000008 0FA7          CMPL      ACC,XAR7              ; [CPU_ALU] |375| 
    2573 00000009 6006          B         ||$C$L8||,NEQ         ; [CPU_ALU] |375| 
    2574                      ; branchcc occurs ; [] |375| 
    2575 0000000a A9A9          MOVL      ACC,P                 ; [CPU_ALU] |375| 
    2576 0000000b 917F          ANDB      AH,#127               ; [CPU_ALU] |375| 
    2577 0000000c FF58          TEST      ACC                   ; [CPU_ALU] |375| 
    2578 0000000d 56B1          MOVB      XAR6,#1,EQ            ; [CPU_ALU] |375| 
         0000000e 01A6 
    2579 0000000f       ||$C$L8||:    
    2580 0000000f 92A6          MOV       AL,AR6                ; [CPU_ALU] |375| 
    2581              $C$DW$144       .dwtag  DW_TAG_TI_branch
    2582                      .dwattr $C$DW$144, DW_AT_low_pc(0x00)
    2583                      .dwattr $C$DW$144, DW_AT_TI_return
    2584              
    2585 00000010 0006          LRETR     ; [CPU_ALU] 
    2586                      ; return occurs ; [] 
    2587                      .dwattr $C$DW$141, DW_AT_TI_end_file("C:/ti/ccs1210/ccs/tools/compiler/ti-cgt-c2000_22.6.0.LTS/includ
    2588                      .dwattr $C$DW$141, DW_AT_TI_end_line(0x177)
    2589                      .dwattr $C$DW$141, DW_AT_TI_end_column(0x48)
    2590                      .dwendentry
    2591                      .dwendtag $C$DW$141
    2592              
    2593 00000000               .sect   ".text:__isinf"
    2594                      .clink
    2595                      .global ||__isinf||
    2596              
    2597              $C$DW$145       .dwtag  DW_TAG_subprogram
    2598                      .dwattr $C$DW$145, DW_AT_name("__isinf")
    2599                      .dwattr $C$DW$145, DW_AT_low_pc(||__isinf||)
    2600                      .dwattr $C$DW$145, DW_AT_high_pc(0x00)
    2601                      .dwattr $C$DW$145, DW_AT_linkage_name("__isinf")
    2602                      .dwattr $C$DW$145, DW_AT_external
    2603                      .dwattr $C$DW$145, DW_AT_type(*$C$DW$T$10)
    2604                      .dwattr $C$DW$145, DW_AT_decl_file("C:/ti/ccs1210/ccs/tools/compiler/ti-cgt-c2000_22.6.0.LTS/include/
    2605                      .dwattr $C$DW$145, DW_AT_decl_line(0x178)
    2606                      .dwattr $C$DW$145, DW_AT_decl_column(0x18)
    2607                      .dwattr $C$DW$145, DW_AT_TI_max_frame_size(-6)
    2608                      .dwpsn  file "C:/ti/ccs1210/ccs/tools/compiler/ti-cgt-c2000_22.6.0.LTS/include/_defs.h",line 377,colu
    2609              
    2610                      .dwfde $C$DW$CIE, ||__isinf||
    2611              $C$DW$146       .dwtag  DW_TAG_formal_parameter
    2612                      .dwattr $C$DW$146, DW_AT_name("d")
    2613                      .dwattr $C$DW$146, DW_AT_type(*$C$DW$T$134)
    2614                      .dwattr $C$DW$146, DW_AT_location[DW_OP_reg12]
    2615              
    2616              
TMS320C2000 Assembler PC v22.6.0 Mon Apr 21 09:03:31 2025

Copyright (c) 1996-2018 Texas Instruments Incorporated
hal_pwm_TMS320F280049C.asm                                           PAGE   53

    2617              ;***************************************************************
    2618              ;* FNAME: __isinf                       FR SIZE:   4           *
    2619              ;*                                                             *
    2620              ;* FUNCTION ENVIRONMENT                                        *
    2621              ;*                                                             *
    2622              ;* FUNCTION PROPERTIES                                         *
    2623              ;*                            4 Parameter,  0 Auto,  0 SOE     *
    2624              ;***************************************************************
    2625              
    2626              ||__isinf||:
    2627              ;* AR7   assigned to $O$C2
    2628              ;* AR4   assigned to $O$S1
    2629              ;* AR4   assigned to d
    2630              $C$DW$147       .dwtag  DW_TAG_variable
    2631                      .dwattr $C$DW$147, DW_AT_name("d")
    2632                      .dwattr $C$DW$147, DW_AT_type(*$C$DW$T$135)
    2633                      .dwattr $C$DW$147, DW_AT_location[DW_OP_reg12]
    2634              
    2635                      .dwcfi  cfa_offset, -2
    2636                      .dwcfi  save_reg_to_mem, 26, 0
    2637 00000000 FE04          ADDB      SP,#4                 ; [CPU_ARAU] 
    2638                      .dwcfi  cfa_offset, -6
    2639                      .dwpsn  file "C:/ti/ccs1210/ccs/tools/compiler/ti-cgt-c2000_22.6.0.LTS/include/_defs.h",line 377,colu
    2640 00000001 C5C4          MOVL      XAR7,*+XAR4[0]        ; [CPU_ALU] |377| 
    2641 00000002 06D4          MOVL      ACC,*+XAR4[2]         ; [CPU_ALU] |377| 
    2642 00000003 28AC          MOV       T,#48                 ; [CPU_ALU] |377| 
         00000004 0030 
    2643 00000005 1EA6          MOVL      XAR6,ACC              ; [CPU_ALU] |377| 
    2644 00000006 A3A7          MOVL      P,XAR7                ; [CPU_ALU] |377| 
    2645 00000007 D400          MOVB      XAR4,#0               ; [CPU_ALU] |377| 
    2646 00000008 565B          LSR64     ACC:P,T               ; [CPU_ALU] |377| 
    2647 00000009 2BAA          MOV       PH,#0                 ; [CPU_ALU] |377| 
    2648 0000000a 18AB          AND       PL,#0x7ff0            ; [CPU_ALU] |377| 
         0000000b 7FF0 
    2649 0000000c FF20          MOV       ACC,#32752            ; [CPU_ALU] |377| 
         0000000d 7FF0 
    2650 0000000e 0FAB          CMPL      ACC,P                 ; [CPU_ALU] |377| 
    2651 0000000f 6013          B         ||$C$L9||,NEQ         ; [CPU_ALU] |377| 
    2652                      ; branchcc occurs ; [] |377| 
    2653 00000010 06A6          MOVL      ACC,XAR6              ; [CPU_ALU] |377| 
    2654 00000011 A3A7          MOVL      P,XAR7                ; [CPU_ALU] |377| 
    2655 00000012 BE00          MOVB      XAR6,#0               ; [CPU_ALU] |377| 
    2656 00000013 18A9          AND       AL,#65535             ; [CPU_ALU] |377| 
         00000014 FFFF 
    2657 00000015 910F          ANDB      AH,#15                ; [CPU_ALU] |377| 
    2658 00000016 18AB          AND       PL,#65535             ; [CPU_ALU] |377| 
         00000017 FFFF 
    2659 00000018 18AA          AND       PH,#65535             ; [CPU_ALU] |377| 
         00000019 FFFF 
    2660 0000001a C244          MOVL      *-SP[4],XAR6          ; [CPU_FPU] |377| 
    2661 0000001b 2B42          MOV       *-SP[2],#0            ; [CPU_FPU] |377| 
    2662 0000001c 2B41          MOV       *-SP[1],#0            ; [CPU_FPU] |377| 
    2663              $C$DW$148       .dwtag  DW_TAG_TI_branch
    2664                      .dwattr $C$DW$148, DW_AT_low_pc(0x00)
    2665                      .dwattr $C$DW$148, DW_AT_name("__c28xabi_cmpull")
TMS320C2000 Assembler PC v22.6.0 Mon Apr 21 09:03:31 2025

Copyright (c) 1996-2018 Texas Instruments Incorporated
hal_pwm_TMS320F280049C.asm                                           PAGE   54

    2666                      .dwattr $C$DW$148, DW_AT_TI_call
    2667              
    2668 0000001d 7640!         LCR       #||__c28xabi_cmpull|| ; [CPU_ALU] |377| 
         0000001e 0000 
    2669                      ; call occurs [#||__c28xabi_cmpull||] ; [] |377| 
    2670 0000001f 5200          CMPB      AL,#0                 ; [CPU_ALU] |377| 
    2671 00000020 56B1          MOVB      XAR4,#1,EQ            ; [CPU_ALU] |377| 
         00000021 01A4 
    2672 00000022       ||$C$L9||:    
    2673 00000022 FE84          SUBB      SP,#4                 ; [CPU_ARAU] 
    2674                      .dwcfi  cfa_offset, -2
    2675 00000023 92A4          MOV       AL,AR4                ; [CPU_ALU] |377| 
    2676              $C$DW$149       .dwtag  DW_TAG_TI_branch
    2677                      .dwattr $C$DW$149, DW_AT_low_pc(0x00)
    2678                      .dwattr $C$DW$149, DW_AT_TI_return
    2679              
    2680 00000024 0006          LRETR     ; [CPU_ALU] 
    2681                      ; return occurs ; [] 
    2682                      .dwattr $C$DW$145, DW_AT_TI_end_file("C:/ti/ccs1210/ccs/tools/compiler/ti-cgt-c2000_22.6.0.LTS/includ
    2683                      .dwattr $C$DW$145, DW_AT_TI_end_line(0x179)
    2684                      .dwattr $C$DW$145, DW_AT_TI_end_column(0x4a)
    2685                      .dwendentry
    2686                      .dwendtag $C$DW$145
    2687              
    2688 00000000               .sect   ".text:__isfinitel"
    2689                      .clink
    2690                      .global ||__isfinitel||
    2691              
    2692              $C$DW$150       .dwtag  DW_TAG_subprogram
    2693                      .dwattr $C$DW$150, DW_AT_name("__isfinitel")
    2694                      .dwattr $C$DW$150, DW_AT_low_pc(||__isfinitel||)
    2695                      .dwattr $C$DW$150, DW_AT_high_pc(0x00)
    2696                      .dwattr $C$DW$150, DW_AT_linkage_name("__isfinitel")
    2697                      .dwattr $C$DW$150, DW_AT_external
    2698                      .dwattr $C$DW$150, DW_AT_type(*$C$DW$T$10)
    2699                      .dwattr $C$DW$150, DW_AT_decl_file("C:/ti/ccs1210/ccs/tools/compiler/ti-cgt-c2000_22.6.0.LTS/include/
    2700                      .dwattr $C$DW$150, DW_AT_decl_line(0x152)
    2701                      .dwattr $C$DW$150, DW_AT_decl_column(0x18)
    2702                      .dwattr $C$DW$150, DW_AT_TI_max_frame_size(-2)
    2703                      .dwpsn  file "C:/ti/ccs1210/ccs/tools/compiler/ti-cgt-c2000_22.6.0.LTS/include/_defs.h",line 339,colu
    2704              
    2705                      .dwfde $C$DW$CIE, ||__isfinitel||
    2706              $C$DW$151       .dwtag  DW_TAG_formal_parameter
    2707                      .dwattr $C$DW$151, DW_AT_name("e")
    2708                      .dwattr $C$DW$151, DW_AT_type(*$C$DW$T$136)
    2709                      .dwattr $C$DW$151, DW_AT_location[DW_OP_reg12]
    2710              
    2711              
    2712              ;***************************************************************
    2713              ;* FNAME: __isfinitel                   FR SIZE:   0           *
    2714              ;*                                                             *
    2715              ;* FUNCTION ENVIRONMENT                                        *
    2716              ;*                                                             *
    2717              ;* FUNCTION PROPERTIES                                         *
    2718              ;*                            0 Parameter,  0 Auto,  0 SOE     *
TMS320C2000 Assembler PC v22.6.0 Mon Apr 21 09:03:31 2025

Copyright (c) 1996-2018 Texas Instruments Incorporated
hal_pwm_TMS320F280049C.asm                                           PAGE   55

    2719              ;***************************************************************
    2720              
    2721              ||__isfinitel||:
    2722              ;* AR4   assigned to e
    2723              $C$DW$152       .dwtag  DW_TAG_variable
    2724                      .dwattr $C$DW$152, DW_AT_name("e")
    2725                      .dwattr $C$DW$152, DW_AT_type(*$C$DW$T$137)
    2726                      .dwattr $C$DW$152, DW_AT_location[DW_OP_reg12]
    2727              
    2728                      .dwcfi  cfa_offset, -2
    2729                      .dwcfi  save_reg_to_mem, 26, 0
    2730                      .dwpsn  file "C:/ti/ccs1210/ccs/tools/compiler/ti-cgt-c2000_22.6.0.LTS/include/_defs.h",line 339,colu
    2731 00000000 A3C4          MOVL      P,*+XAR4[0]           ; [CPU_ALU] |339| 
    2732 00000001 06D4          MOVL      ACC,*+XAR4[2]         ; [CPU_ALU] |339| 
    2733 00000002 28AC          MOV       T,#48                 ; [CPU_ALU] |339| 
         00000003 0030 
    2734 00000004 565B          LSR64     ACC:P,T               ; [CPU_ALU] |339| 
    2735 00000005 18AB          AND       PL,#0x7ff0            ; [CPU_ALU] |339| 
         00000006 7FF0 
    2736 00000007 80AB          MOVZ      AR7,PL                ; [CPU_ALU] |339| 
    2737 00000008 FF20          MOV       ACC,#32752            ; [CPU_ALU] |339| 
         00000009 7FF0 
    2738 0000000a BE00          MOVB      XAR6,#0               ; [CPU_ALU] |339| 
    2739 0000000b 0FA7          CMPL      ACC,XAR7              ; [CPU_ALU] |339| 
    2740 0000000c 56B0          MOVB      XAR6,#1,NEQ           ; [CPU_ALU] |339| 
         0000000d 01A6 
    2741 0000000e 92A6          MOV       AL,AR6                ; [CPU_ALU] |339| 
    2742              $C$DW$153       .dwtag  DW_TAG_TI_branch
    2743                      .dwattr $C$DW$153, DW_AT_low_pc(0x00)
    2744                      .dwattr $C$DW$153, DW_AT_TI_return
    2745              
    2746 0000000f 0006          LRETR     ; [CPU_ALU] 
    2747                      ; return occurs ; [] 
    2748                      .dwattr $C$DW$150, DW_AT_TI_end_file("C:/ti/ccs1210/ccs/tools/compiler/ti-cgt-c2000_22.6.0.LTS/includ
    2749                      .dwattr $C$DW$150, DW_AT_TI_end_line(0x153)
    2750                      .dwattr $C$DW$150, DW_AT_TI_end_column(0x2f)
    2751                      .dwendentry
    2752                      .dwendtag $C$DW$150
    2753              
    2754 00000000               .sect   ".text:__isfinitef"
    2755                      .clink
    2756                      .global ||__isfinitef||
    2757              
    2758              $C$DW$154       .dwtag  DW_TAG_subprogram
    2759                      .dwattr $C$DW$154, DW_AT_name("__isfinitef")
    2760                      .dwattr $C$DW$154, DW_AT_low_pc(||__isfinitef||)
    2761                      .dwattr $C$DW$154, DW_AT_high_pc(0x00)
    2762                      .dwattr $C$DW$154, DW_AT_linkage_name("__isfinitef")
    2763                      .dwattr $C$DW$154, DW_AT_external
    2764                      .dwattr $C$DW$154, DW_AT_type(*$C$DW$T$10)
    2765                      .dwattr $C$DW$154, DW_AT_decl_file("C:/ti/ccs1210/ccs/tools/compiler/ti-cgt-c2000_22.6.0.LTS/include/
    2766                      .dwattr $C$DW$154, DW_AT_decl_line(0x150)
    2767                      .dwattr $C$DW$154, DW_AT_decl_column(0x18)
    2768                      .dwattr $C$DW$154, DW_AT_TI_max_frame_size(-2)
    2769                      .dwpsn  file "C:/ti/ccs1210/ccs/tools/compiler/ti-cgt-c2000_22.6.0.LTS/include/_defs.h",line 337,colu
TMS320C2000 Assembler PC v22.6.0 Mon Apr 21 09:03:31 2025

Copyright (c) 1996-2018 Texas Instruments Incorporated
hal_pwm_TMS320F280049C.asm                                           PAGE   56

    2770              
    2771                      .dwfde $C$DW$CIE, ||__isfinitef||
    2772              $C$DW$155       .dwtag  DW_TAG_formal_parameter
    2773                      .dwattr $C$DW$155, DW_AT_name("f")
    2774                      .dwattr $C$DW$155, DW_AT_type(*$C$DW$T$16)
    2775                      .dwattr $C$DW$155, DW_AT_location[DW_OP_regx 0x2b]
    2776              
    2777              
    2778              ;***************************************************************
    2779              ;* FNAME: __isfinitef                   FR SIZE:   0           *
    2780              ;*                                                             *
    2781              ;* FUNCTION ENVIRONMENT                                        *
    2782              ;*                                                             *
    2783              ;* FUNCTION PROPERTIES                                         *
    2784              ;*                            0 Parameter,  0 Auto,  0 SOE     *
    2785              ;***************************************************************
    2786              
    2787              ||__isfinitef||:
    2788              ;* R0    assigned to f
    2789              $C$DW$156       .dwtag  DW_TAG_variable
    2790                      .dwattr $C$DW$156, DW_AT_name("f")
    2791                      .dwattr $C$DW$156, DW_AT_type(*$C$DW$T$133)
    2792                      .dwattr $C$DW$156, DW_AT_location[DW_OP_regx 0x2b]
    2793              
    2794                      .dwcfi  cfa_offset, -2
    2795                      .dwcfi  save_reg_to_mem, 26, 0
    2796                      .dwpsn  file "C:/ti/ccs1210/ccs/tools/compiler/ti-cgt-c2000_22.6.0.LTS/include/_defs.h",line 337,colu
    2797 00000000 BFAB          MOV32     P,R0H                 ; [CPU_FPU] |337| 
         00000001 0F12 
    2798 00000002 18AA          AND       PH,#0x7f80            ; [CPU_ALU] |337| 
         00000003 7F80 
    2799 00000004 80AA          MOVZ      AR7,PH                ; [CPU_ALU] |337| 
    2800 00000005 FF20          MOV       ACC,#32640            ; [CPU_ALU] |337| 
         00000006 7F80 
    2801 00000007 BE00          MOVB      XAR6,#0               ; [CPU_ALU] |337| 
    2802 00000008 0FA7          CMPL      ACC,XAR7              ; [CPU_ALU] |337| 
    2803 00000009 56B0          MOVB      XAR6,#1,NEQ           ; [CPU_ALU] |337| 
         0000000a 01A6 
    2804 0000000b 92A6          MOV       AL,AR6                ; [CPU_ALU] |337| 
    2805              $C$DW$157       .dwtag  DW_TAG_TI_branch
    2806                      .dwattr $C$DW$157, DW_AT_low_pc(0x00)
    2807                      .dwattr $C$DW$157, DW_AT_TI_return
    2808              
    2809 0000000c 0006          LRETR     ; [CPU_ALU] 
    2810                      ; return occurs ; [] 
    2811                      .dwattr $C$DW$154, DW_AT_TI_end_file("C:/ti/ccs1210/ccs/tools/compiler/ti-cgt-c2000_22.6.0.LTS/includ
    2812                      .dwattr $C$DW$154, DW_AT_TI_end_line(0x151)
    2813                      .dwattr $C$DW$154, DW_AT_TI_end_column(0x2d)
    2814                      .dwendentry
    2815                      .dwendtag $C$DW$154
    2816              
    2817 00000000               .sect   ".text:__isfinite"
    2818                      .clink
    2819                      .global ||__isfinite||
    2820              
TMS320C2000 Assembler PC v22.6.0 Mon Apr 21 09:03:31 2025

Copyright (c) 1996-2018 Texas Instruments Incorporated
hal_pwm_TMS320F280049C.asm                                           PAGE   57

    2821              $C$DW$158       .dwtag  DW_TAG_subprogram
    2822                      .dwattr $C$DW$158, DW_AT_name("__isfinite")
    2823                      .dwattr $C$DW$158, DW_AT_low_pc(||__isfinite||)
    2824                      .dwattr $C$DW$158, DW_AT_high_pc(0x00)
    2825                      .dwattr $C$DW$158, DW_AT_linkage_name("__isfinite")
    2826                      .dwattr $C$DW$158, DW_AT_external
    2827                      .dwattr $C$DW$158, DW_AT_type(*$C$DW$T$10)
    2828                      .dwattr $C$DW$158, DW_AT_decl_file("C:/ti/ccs1210/ccs/tools/compiler/ti-cgt-c2000_22.6.0.LTS/include/
    2829                      .dwattr $C$DW$158, DW_AT_decl_line(0x14e)
    2830                      .dwattr $C$DW$158, DW_AT_decl_column(0x18)
    2831                      .dwattr $C$DW$158, DW_AT_TI_max_frame_size(-2)
    2832                      .dwpsn  file "C:/ti/ccs1210/ccs/tools/compiler/ti-cgt-c2000_22.6.0.LTS/include/_defs.h",line 335,colu
    2833              
    2834                      .dwfde $C$DW$CIE, ||__isfinite||
    2835              $C$DW$159       .dwtag  DW_TAG_formal_parameter
    2836                      .dwattr $C$DW$159, DW_AT_name("d")
    2837                      .dwattr $C$DW$159, DW_AT_type(*$C$DW$T$134)
    2838                      .dwattr $C$DW$159, DW_AT_location[DW_OP_reg12]
    2839              
    2840              
    2841              ;***************************************************************
    2842              ;* FNAME: __isfinite                    FR SIZE:   0           *
    2843              ;*                                                             *
    2844              ;* FUNCTION ENVIRONMENT                                        *
    2845              ;*                                                             *
    2846              ;* FUNCTION PROPERTIES                                         *
    2847              ;*                            0 Parameter,  0 Auto,  0 SOE     *
    2848              ;***************************************************************
    2849              
    2850              ||__isfinite||:
    2851              ;* AR4   assigned to d
    2852              $C$DW$160       .dwtag  DW_TAG_variable
    2853                      .dwattr $C$DW$160, DW_AT_name("d")
    2854                      .dwattr $C$DW$160, DW_AT_type(*$C$DW$T$135)
    2855                      .dwattr $C$DW$160, DW_AT_location[DW_OP_reg12]
    2856              
    2857                      .dwcfi  cfa_offset, -2
    2858                      .dwcfi  save_reg_to_mem, 26, 0
    2859                      .dwpsn  file "C:/ti/ccs1210/ccs/tools/compiler/ti-cgt-c2000_22.6.0.LTS/include/_defs.h",line 335,colu
    2860 00000000 A3C4          MOVL      P,*+XAR4[0]           ; [CPU_ALU] |335| 
    2861 00000001 06D4          MOVL      ACC,*+XAR4[2]         ; [CPU_ALU] |335| 
    2862 00000002 28AC          MOV       T,#48                 ; [CPU_ALU] |335| 
         00000003 0030 
    2863 00000004 565B          LSR64     ACC:P,T               ; [CPU_ALU] |335| 
    2864 00000005 18AB          AND       PL,#0x7ff0            ; [CPU_ALU] |335| 
         00000006 7FF0 
    2865 00000007 80AB          MOVZ      AR7,PL                ; [CPU_ALU] |335| 
    2866 00000008 FF20          MOV       ACC,#32752            ; [CPU_ALU] |335| 
         00000009 7FF0 
    2867 0000000a BE00          MOVB      XAR6,#0               ; [CPU_ALU] |335| 
    2868 0000000b 0FA7          CMPL      ACC,XAR7              ; [CPU_ALU] |335| 
    2869 0000000c 56B0          MOVB      XAR6,#1,NEQ           ; [CPU_ALU] |335| 
         0000000d 01A6 
    2870 0000000e 92A6          MOV       AL,AR6                ; [CPU_ALU] |335| 
    2871              $C$DW$161       .dwtag  DW_TAG_TI_branch
TMS320C2000 Assembler PC v22.6.0 Mon Apr 21 09:03:31 2025

Copyright (c) 1996-2018 Texas Instruments Incorporated
hal_pwm_TMS320F280049C.asm                                           PAGE   58

    2872                      .dwattr $C$DW$161, DW_AT_low_pc(0x00)
    2873                      .dwattr $C$DW$161, DW_AT_TI_return
    2874              
    2875 0000000f 0006          LRETR     ; [CPU_ALU] 
    2876                      ; return occurs ; [] 
    2877                      .dwattr $C$DW$158, DW_AT_TI_end_file("C:/ti/ccs1210/ccs/tools/compiler/ti-cgt-c2000_22.6.0.LTS/includ
    2878                      .dwattr $C$DW$158, DW_AT_TI_end_line(0x14f)
    2879                      .dwattr $C$DW$158, DW_AT_TI_end_column(0x2e)
    2880                      .dwendentry
    2881                      .dwendtag $C$DW$158
    2882              
    2883 00000000               .sect   ".text:__fpclassifyl"
    2884                      .clink
    2885                      .global ||__fpclassifyl||
    2886              
    2887              $C$DW$162       .dwtag  DW_TAG_subprogram
    2888                      .dwattr $C$DW$162, DW_AT_name("__fpclassifyl")
    2889                      .dwattr $C$DW$162, DW_AT_low_pc(||__fpclassifyl||)
    2890                      .dwattr $C$DW$162, DW_AT_high_pc(0x00)
    2891                      .dwattr $C$DW$162, DW_AT_linkage_name("__fpclassifyl")
    2892                      .dwattr $C$DW$162, DW_AT_external
    2893                      .dwattr $C$DW$162, DW_AT_type(*$C$DW$T$10)
    2894                      .dwattr $C$DW$162, DW_AT_decl_file("C:/ti/ccs1210/ccs/tools/compiler/ti-cgt-c2000_22.6.0.LTS/include/
    2895                      .dwattr $C$DW$162, DW_AT_decl_line(0x1ae)
    2896                      .dwattr $C$DW$162, DW_AT_decl_column(0x18)
    2897                      .dwattr $C$DW$162, DW_AT_TI_max_frame_size(-10)
    2898                      .dwpsn  file "C:/ti/ccs1210/ccs/tools/compiler/ti-cgt-c2000_22.6.0.LTS/include/_defs.h",line 431,colu
    2899              
    2900                      .dwfde $C$DW$CIE, ||__fpclassifyl||
    2901              $C$DW$163       .dwtag  DW_TAG_formal_parameter
    2902                      .dwattr $C$DW$163, DW_AT_name("e")
    2903                      .dwattr $C$DW$163, DW_AT_type(*$C$DW$T$136)
    2904                      .dwattr $C$DW$163, DW_AT_location[DW_OP_reg12]
    2905              
    2906              
    2907              ;***************************************************************
    2908              ;* FNAME: __fpclassifyl                 FR SIZE:   8           *
    2909              ;*                                                             *
    2910              ;* FUNCTION ENVIRONMENT                                        *
    2911              ;*                                                             *
    2912              ;* FUNCTION PROPERTIES                                         *
    2913              ;*                            4 Parameter,  4 Auto,  0 SOE     *
    2914              ;***************************************************************
    2915              
    2916              ||__fpclassifyl||:
    2917              $C$DW$164       .dwtag  DW_TAG_variable
    2918                      .dwattr $C$DW$164, DW_AT_name("e")
    2919                      .dwattr $C$DW$164, DW_AT_type(*$C$DW$T$18)
    2920                      .dwattr $C$DW$164, DW_AT_location[DW_OP_breg20 -8]
    2921              
    2922              ;* AR5   assigned to $O$C1
    2923              ;* AR4   assigned to e
    2924              $C$DW$165       .dwtag  DW_TAG_variable
    2925                      .dwattr $C$DW$165, DW_AT_name("e")
    2926                      .dwattr $C$DW$165, DW_AT_type(*$C$DW$T$137)
TMS320C2000 Assembler PC v22.6.0 Mon Apr 21 09:03:31 2025

Copyright (c) 1996-2018 Texas Instruments Incorporated
hal_pwm_TMS320F280049C.asm                                           PAGE   59

    2927                      .dwattr $C$DW$165, DW_AT_location[DW_OP_reg12]
    2928              
    2929                      .dwcfi  cfa_offset, -2
    2930                      .dwcfi  save_reg_to_mem, 26, 0
    2931 00000000 FE08          ADDB      SP,#8                 ; [CPU_ARAU] 
    2932                      .dwcfi  cfa_offset, -10
    2933 00000001 C4D4          MOVL      XAR6,*+XAR4[2]        ; [CPU_ALU] |431| 
    2934 00000002 06C4          MOVL      ACC,*+XAR4[0]         ; [CPU_ALU] |431| 
    2935 00000003 1E48          MOVL      *-SP[8],ACC           ; [CPU_ALU] |431| 
    2936 00000004 C246          MOVL      *-SP[6],XAR6          ; [CPU_ALU] |431| 
    2937                      .dwpsn  file "C:/ti/ccs1210/ccs/tools/compiler/ti-cgt-c2000_22.6.0.LTS/include/_defs.h",line 432,colu
    2938 00000005 8348          MOVL      XAR5,*-SP[8]          ; [CPU_ALU] |432| 
    2939 00000006 8A46          MOVL      XAR4,*-SP[6]          ; [CPU_ALU] |432| 
    2940                      .dwpsn  file "C:/ti/ccs1210/ccs/tools/compiler/ti-cgt-c2000_22.6.0.LTS/include/_defs.h",line 436,colu
    2941 00000007 28AC          MOV       T,#48                 ; [CPU_ALU] |436| 
         00000008 0030 
    2942 00000009 A0AB          MOVL      P,XAR5                ; [CPU_ALU] |436| 
    2943 0000000a A8A9          MOVL      ACC,XAR4              ; [CPU_ALU] |436| 
    2944 0000000b 565B          LSR64     ACC:P,T               ; [CPU_ALU] |436| 
    2945 0000000c 18AB          AND       PL,#0x7ff0            ; [CPU_ALU] |436| 
         0000000d 7FF0 
    2946 0000000e 88AB          MOVZ      AR6,PL                ; [CPU_ALU] |436| 
    2947 0000000f FF20          MOV       ACC,#32752            ; [CPU_ALU] |436| 
         00000010 7FF0 
    2948 00000011 0FA6          CMPL      ACC,XAR6              ; [CPU_ALU] |436| 
    2949 00000012 6016          B         ||$C$L11||,NEQ        ; [CPU_ALU] |436| 
    2950                      ; branchcc occurs ; [] |436| 
    2951 00000013 0200          MOVB      ACC,#0                ; [CPU_ALU] |436| 
    2952 00000014 1E44          MOVL      *-SP[4],ACC           ; [CPU_ALU] |436| 
    2953 00000015 2B42          MOV       *-SP[2],#0            ; [CPU_ALU] |436| 
    2954 00000016 2B41          MOV       *-SP[1],#0            ; [CPU_ALU] |436| 
    2955 00000017 A348          MOVL      P,*-SP[8]             ; [CPU_ALU] |436| 
    2956 00000018 0646          MOVL      ACC,*-SP[6]           ; [CPU_ALU] |436| 
    2957 00000019 18AB          AND       PL,#65535             ; [CPU_ALU] |436| 
         0000001a FFFF 
    2958 0000001b 18AA          AND       PH,#65535             ; [CPU_ALU] |436| 
         0000001c FFFF 
    2959 0000001d 18A9          AND       AL,#65535             ; [CPU_ALU] |436| 
         0000001e FFFF 
    2960 0000001f 910F          ANDB      AH,#15                ; [CPU_ALU] |436| 
    2961              $C$DW$166       .dwtag  DW_TAG_TI_branch
    2962                      .dwattr $C$DW$166, DW_AT_low_pc(0x00)
    2963                      .dwattr $C$DW$166, DW_AT_name("__c28xabi_cmpull")
    2964                      .dwattr $C$DW$166, DW_AT_TI_call
    2965              
    2966 00000020 7640!         LCR       #||__c28xabi_cmpull|| ; [CPU_ALU] |436| 
         00000021 0000 
    2967                      ; call occurs [#||__c28xabi_cmpull||] ; [] |436| 
    2968 00000022 5200          CMPB      AL,#0                 ; [CPU_ALU] |436| 
    2969 00000023 6103          B         ||$C$L10||,EQ         ; [CPU_ALU] |436| 
    2970                      ; branchcc occurs ; [] |436| 
    2971 00000024 9A02          MOVB      AL,#2                 ; [CPU_ALU] |436| 
    2972 00000025 6F2D          B         ||$C$L14||,UNC        ; [CPU_ALU] |436| 
    2973                      ; branch occurs ; [] |436| 
    2974 00000026       ||$C$L10||:    
TMS320C2000 Assembler PC v22.6.0 Mon Apr 21 09:03:31 2025

Copyright (c) 1996-2018 Texas Instruments Incorporated
hal_pwm_TMS320F280049C.asm                                           PAGE   60

    2975 00000026 9A01          MOVB      AL,#1                 ; [CPU_ALU] |436| 
    2976 00000027 6F2B          B         ||$C$L14||,UNC        ; [CPU_ALU] |436| 
    2977                      ; branch occurs ; [] |436| 
    2978 00000028       ||$C$L11||:    
    2979 00000028 BE00          MOVB      XAR6,#0               ; [CPU_ALU] |436| 
    2980 00000029 A0AB          MOVL      P,XAR5                ; [CPU_ALU] |436| 
    2981 0000002a A8A9          MOVL      ACC,XAR4              ; [CPU_ALU] |436| 
    2982 0000002b 28AC          MOV       T,#52                 ; [CPU_ALU] |436| 
         0000002c 0034 
    2983 0000002d C244          MOVL      *-SP[4],XAR6          ; [CPU_ALU] |436| 
    2984 0000002e 2B42          MOV       *-SP[2],#0            ; [CPU_ALU] |436| 
    2985 0000002f 565B          LSR64     ACC:P,T               ; [CPU_ALU] |436| 
    2986 00000030 2B41          MOV       *-SP[1],#0            ; [CPU_FPU] |436| 
    2987 00000031 9000          ANDB      AL,#0                 ; [CPU_ALU] |436| 
    2988 00000032 9100          ANDB      AH,#0                 ; [CPU_ALU] |436| 
    2989 00000033 18AB          AND       PL,#2047              ; [CPU_ALU] |436| 
         00000034 07FF 
    2990 00000035 18AA          AND       PH,#0                 ; [CPU_ALU] |436| 
         00000036 0000 
    2991              $C$DW$167       .dwtag  DW_TAG_TI_branch
    2992                      .dwattr $C$DW$167, DW_AT_low_pc(0x00)
    2993                      .dwattr $C$DW$167, DW_AT_name("__c28xabi_cmpull")
    2994                      .dwattr $C$DW$167, DW_AT_TI_call
    2995              
    2996 00000037 7640!         LCR       #||__c28xabi_cmpull|| ; [CPU_ALU] |436| 
         00000038 0000 
    2997                      ; call occurs [#||__c28xabi_cmpull||] ; [] |436| 
    2998 00000039 5200          CMPB      AL,#0                 ; [CPU_ALU] |436| 
    2999 0000003a 6104          B         ||$C$L12||,EQ         ; [CPU_ALU] |436| 
    3000                      ; branchcc occurs ; [] |436| 
    3001 0000003b 28A9          MOV       AL,#-1                ; [CPU_ALU] |436| 
         0000003c FFFF 
    3002 0000003d 6F15          B         ||$C$L14||,UNC        ; [CPU_ALU] |436| 
    3003                      ; branch occurs ; [] |436| 
    3004 0000003e       ||$C$L12||:    
    3005 0000003e C244          MOVL      *-SP[4],XAR6          ; [CPU_ALU] |436| 
    3006 0000003f A8A9          MOVL      ACC,XAR4              ; [CPU_ALU] |436| 
    3007 00000040 A0AB          MOVL      P,XAR5                ; [CPU_ALU] |436| 
    3008 00000041 2B42          MOV       *-SP[2],#0            ; [CPU_ALU] |436| 
    3009 00000042 18A9          AND       AL,#65535             ; [CPU_ALU] |436| 
         00000043 FFFF 
    3010 00000044 910F          ANDB      AH,#15                ; [CPU_ALU] |436| 
    3011 00000045 18AB          AND       PL,#65535             ; [CPU_ALU] |436| 
         00000046 FFFF 
    3012 00000047 18AA          AND       PH,#65535             ; [CPU_ALU] |436| 
         00000048 FFFF 
    3013 00000049 2B41          MOV       *-SP[1],#0            ; [CPU_FPU] |436| 
    3014              $C$DW$168       .dwtag  DW_TAG_TI_branch
    3015                      .dwattr $C$DW$168, DW_AT_low_pc(0x00)
    3016                      .dwattr $C$DW$168, DW_AT_name("__c28xabi_cmpull")
    3017                      .dwattr $C$DW$168, DW_AT_TI_call
    3018              
    3019 0000004a 7640!         LCR       #||__c28xabi_cmpull|| ; [CPU_ALU] |436| 
         0000004b 0000 
    3020                      ; call occurs [#||__c28xabi_cmpull||] ; [] |436| 
TMS320C2000 Assembler PC v22.6.0 Mon Apr 21 09:03:31 2025

Copyright (c) 1996-2018 Texas Instruments Incorporated
hal_pwm_TMS320F280049C.asm                                           PAGE   61

    3021 0000004c 5200          CMPB      AL,#0                 ; [CPU_ALU] |436| 
    3022 0000004d 6104          B         ||$C$L13||,EQ         ; [CPU_ALU] |436| 
    3023                      ; branchcc occurs ; [] |436| 
    3024 0000004e 28A9          MOV       AL,#-2                ; [CPU_ALU] |436| 
         0000004f FFFE 
    3025 00000050 6F02          B         ||$C$L14||,UNC        ; [CPU_ALU] |436| 
    3026                      ; branch occurs ; [] |436| 
    3027 00000051       ||$C$L13||:    
    3028 00000051 9A00          MOVB      AL,#0                 ; [CPU_ALU] |436| 
    3029 00000052       ||$C$L14||:    
    3030 00000052 FE88          SUBB      SP,#8                 ; [CPU_ARAU] 
    3031                      .dwcfi  cfa_offset, -2
    3032              $C$DW$169       .dwtag  DW_TAG_TI_branch
    3033                      .dwattr $C$DW$169, DW_AT_low_pc(0x00)
    3034                      .dwattr $C$DW$169, DW_AT_TI_return
    3035              
    3036 00000053 0006          LRETR     ; [CPU_ALU] 
    3037                      ; return occurs ; [] 
    3038                      .dwattr $C$DW$162, DW_AT_TI_end_file("C:/ti/ccs1210/ccs/tools/compiler/ti-cgt-c2000_22.6.0.LTS/includ
    3039                      .dwattr $C$DW$162, DW_AT_TI_end_line(0x1bd)
    3040                      .dwattr $C$DW$162, DW_AT_TI_end_column(0x01)
    3041                      .dwendentry
    3042                      .dwendtag $C$DW$162
    3043              
    3044 00000000               .sect   ".text:__fpclassifyf"
    3045                      .clink
    3046                      .global ||__fpclassifyf||
    3047              
    3048              $C$DW$170       .dwtag  DW_TAG_subprogram
    3049                      .dwattr $C$DW$170, DW_AT_name("__fpclassifyf")
    3050                      .dwattr $C$DW$170, DW_AT_low_pc(||__fpclassifyf||)
    3051                      .dwattr $C$DW$170, DW_AT_high_pc(0x00)
    3052                      .dwattr $C$DW$170, DW_AT_linkage_name("__fpclassifyf")
    3053                      .dwattr $C$DW$170, DW_AT_external
    3054                      .dwattr $C$DW$170, DW_AT_type(*$C$DW$T$10)
    3055                      .dwattr $C$DW$170, DW_AT_decl_file("C:/ti/ccs1210/ccs/tools/compiler/ti-cgt-c2000_22.6.0.LTS/include/
    3056                      .dwattr $C$DW$170, DW_AT_decl_line(0x18c)
    3057                      .dwattr $C$DW$170, DW_AT_decl_column(0x18)
    3058                      .dwattr $C$DW$170, DW_AT_TI_max_frame_size(-2)
    3059                      .dwpsn  file "C:/ti/ccs1210/ccs/tools/compiler/ti-cgt-c2000_22.6.0.LTS/include/_defs.h",line 397,colu
    3060              
    3061                      .dwfde $C$DW$CIE, ||__fpclassifyf||
    3062              $C$DW$171       .dwtag  DW_TAG_formal_parameter
    3063                      .dwattr $C$DW$171, DW_AT_name("f")
    3064                      .dwattr $C$DW$171, DW_AT_type(*$C$DW$T$16)
    3065                      .dwattr $C$DW$171, DW_AT_location[DW_OP_regx 0x2b]
    3066              
    3067              
    3068              ;***************************************************************
    3069              ;* FNAME: __fpclassifyf                 FR SIZE:   0           *
    3070              ;*                                                             *
    3071              ;* FUNCTION ENVIRONMENT                                        *
    3072              ;*                                                             *
    3073              ;* FUNCTION PROPERTIES                                         *
    3074              ;*                            0 Parameter,  0 Auto,  0 SOE     *
TMS320C2000 Assembler PC v22.6.0 Mon Apr 21 09:03:31 2025

Copyright (c) 1996-2018 Texas Instruments Incorporated
hal_pwm_TMS320F280049C.asm                                           PAGE   62

    3075              ;***************************************************************
    3076              
    3077              ||__fpclassifyf||:
    3078              ;* PL    assigned to $O$K1
    3079              ;* R0    assigned to f
    3080              $C$DW$172       .dwtag  DW_TAG_variable
    3081                      .dwattr $C$DW$172, DW_AT_name("f")
    3082                      .dwattr $C$DW$172, DW_AT_type(*$C$DW$T$133)
    3083                      .dwattr $C$DW$172, DW_AT_location[DW_OP_regx 0x2b]
    3084              
    3085                      .dwcfi  cfa_offset, -2
    3086                      .dwcfi  save_reg_to_mem, 26, 0
    3087                      .dwpsn  file "C:/ti/ccs1210/ccs/tools/compiler/ti-cgt-c2000_22.6.0.LTS/include/_defs.h",line 398,colu
    3088 00000000 BFAB          MOV32     P,R0H                 ; [CPU_FPU] |398| 
         00000001 0F12 
    3089                      .dwpsn  file "C:/ti/ccs1210/ccs/tools/compiler/ti-cgt-c2000_22.6.0.LTS/include/_defs.h",line 402,colu
    3090 00000002 CCAA          AND       AL,PH,#0x7f80         ; [CPU_ALU] |402| 
         00000003 7F80 
    3091 00000004 88A9          MOVZ      AR6,AL                ; [CPU_ALU] |402| 
    3092 00000005 FF20          MOV       ACC,#32640            ; [CPU_ALU] |402| 
         00000006 7F80 
    3093 00000007 0FA6          CMPL      ACC,XAR6              ; [CPU_ALU] |402| 
    3094 00000008 6009          B         ||$C$L16||,NEQ        ; [CPU_ALU] |402| 
    3095                      ; branchcc occurs ; [] |402| 
    3096 00000009 A9A9          MOVL      ACC,P                 ; [CPU_ALU] |402| 
    3097 0000000a 917F          ANDB      AH,#127               ; [CPU_ALU] |402| 
    3098 0000000b FF58          TEST      ACC                   ; [CPU_ALU] |402| 
    3099 0000000c 6103          B         ||$C$L15||,EQ         ; [CPU_ALU] |402| 
    3100                      ; branchcc occurs ; [] |402| 
    3101                      .dwcfi  remember_state
    3102 0000000d 9A02          MOVB      AL,#2                 ; [CPU_ALU] |402| 
    3103              $C$DW$173       .dwtag  DW_TAG_TI_branch
    3104                      .dwattr $C$DW$173, DW_AT_low_pc(0x00)
    3105                      .dwattr $C$DW$173, DW_AT_TI_return
    3106              
    3107 0000000e 0006          LRETR     ; [CPU_ALU] 
    3108                      ; return occurs ; [] 
    3109                      .dwcfi  restore_state
    3110 0000000f       ||$C$L15||:    
    3111                      .dwcfi  remember_state
    3112 0000000f 9A01          MOVB      AL,#1                 ; [CPU_ALU] |402| 
    3113              $C$DW$174       .dwtag  DW_TAG_TI_branch
    3114                      .dwattr $C$DW$174, DW_AT_low_pc(0x00)
    3115                      .dwattr $C$DW$174, DW_AT_TI_return
    3116              
    3117 00000010 0006          LRETR     ; [CPU_ALU] 
    3118                      ; return occurs ; [] 
    3119                      .dwcfi  restore_state
    3120 00000011       ||$C$L16||:    
    3121 00000011 A9A9          MOVL      ACC,P                 ; [CPU_ALU] |402| 
    3122 00000012 28AC          MOV       T,#23                 ; [CPU_ALU] |402| 
         00000013 0017 
    3123 00000014 5622          LSRL      ACC,T                 ; [CPU_ALU] |402| 
    3124 00000015 90FF          ANDB      AL,#0xff              ; [CPU_ALU] |402| 
    3125 00000016 6104          B         ||$C$L17||,EQ         ; [CPU_ALU] |402| 
TMS320C2000 Assembler PC v22.6.0 Mon Apr 21 09:03:31 2025

Copyright (c) 1996-2018 Texas Instruments Incorporated
hal_pwm_TMS320F280049C.asm                                           PAGE   63

    3126                      ; branchcc occurs ; [] |402| 
    3127                      .dwcfi  remember_state
    3128 00000017 28A9          MOV       AL,#-1                ; [CPU_ALU] |402| 
         00000018 FFFF 
    3129              $C$DW$175       .dwtag  DW_TAG_TI_branch
    3130                      .dwattr $C$DW$175, DW_AT_low_pc(0x00)
    3131                      .dwattr $C$DW$175, DW_AT_TI_return
    3132              
    3133 00000019 0006          LRETR     ; [CPU_ALU] 
    3134                      ; return occurs ; [] 
    3135                      .dwcfi  restore_state
    3136 0000001a       ||$C$L17||:    
    3137 0000001a A9A9          MOVL      ACC,P                 ; [CPU_ALU] |402| 
    3138 0000001b 917F          ANDB      AH,#127               ; [CPU_ALU] |402| 
    3139 0000001c FF58          TEST      ACC                   ; [CPU_ALU] |402| 
    3140 0000001d 6104          B         ||$C$L18||,EQ         ; [CPU_ALU] |402| 
    3141                      ; branchcc occurs ; [] |402| 
    3142                      .dwcfi  remember_state
    3143 0000001e 28A9          MOV       AL,#-2                ; [CPU_ALU] |402| 
         0000001f FFFE 
    3144              $C$DW$176       .dwtag  DW_TAG_TI_branch
    3145                      .dwattr $C$DW$176, DW_AT_low_pc(0x00)
    3146                      .dwattr $C$DW$176, DW_AT_TI_return
    3147              
    3148 00000020 0006          LRETR     ; [CPU_ALU] 
    3149                      ; return occurs ; [] 
    3150                      .dwcfi  restore_state
    3151 00000021       ||$C$L18||:    
    3152 00000021 9A00          MOVB      AL,#0                 ; [CPU_ALU] |402| 
    3153              $C$DW$177       .dwtag  DW_TAG_TI_branch
    3154                      .dwattr $C$DW$177, DW_AT_low_pc(0x00)
    3155                      .dwattr $C$DW$177, DW_AT_TI_return
    3156              
    3157 00000022 0006          LRETR     ; [CPU_ALU] 
    3158                      ; return occurs ; [] 
    3159                      .dwattr $C$DW$170, DW_AT_TI_end_file("C:/ti/ccs1210/ccs/tools/compiler/ti-cgt-c2000_22.6.0.LTS/includ
    3160                      .dwattr $C$DW$170, DW_AT_TI_end_line(0x19b)
    3161                      .dwattr $C$DW$170, DW_AT_TI_end_column(0x01)
    3162                      .dwendentry
    3163                      .dwendtag $C$DW$170
    3164              
    3165 00000000               .sect   ".text:__fpclassify"
    3166                      .clink
    3167                      .global ||__fpclassify||
    3168              
    3169              $C$DW$178       .dwtag  DW_TAG_subprogram
    3170                      .dwattr $C$DW$178, DW_AT_name("__fpclassify")
    3171                      .dwattr $C$DW$178, DW_AT_low_pc(||__fpclassify||)
    3172                      .dwattr $C$DW$178, DW_AT_high_pc(0x00)
    3173                      .dwattr $C$DW$178, DW_AT_linkage_name("__fpclassify")
    3174                      .dwattr $C$DW$178, DW_AT_external
    3175                      .dwattr $C$DW$178, DW_AT_type(*$C$DW$T$10)
    3176                      .dwattr $C$DW$178, DW_AT_decl_file("C:/ti/ccs1210/ccs/tools/compiler/ti-cgt-c2000_22.6.0.LTS/include/
    3177                      .dwattr $C$DW$178, DW_AT_decl_line(0x19d)
    3178                      .dwattr $C$DW$178, DW_AT_decl_column(0x18)
TMS320C2000 Assembler PC v22.6.0 Mon Apr 21 09:03:31 2025

Copyright (c) 1996-2018 Texas Instruments Incorporated
hal_pwm_TMS320F280049C.asm                                           PAGE   64

    3179                      .dwattr $C$DW$178, DW_AT_TI_max_frame_size(-10)
    3180                      .dwpsn  file "C:/ti/ccs1210/ccs/tools/compiler/ti-cgt-c2000_22.6.0.LTS/include/_defs.h",line 414,colu
    3181              
    3182                      .dwfde $C$DW$CIE, ||__fpclassify||
    3183              $C$DW$179       .dwtag  DW_TAG_formal_parameter
    3184                      .dwattr $C$DW$179, DW_AT_name("d")
    3185                      .dwattr $C$DW$179, DW_AT_type(*$C$DW$T$134)
    3186                      .dwattr $C$DW$179, DW_AT_location[DW_OP_reg12]
    3187              
    3188              
    3189              ;***************************************************************
    3190              ;* FNAME: __fpclassify                  FR SIZE:   8           *
    3191              ;*                                                             *
    3192              ;* FUNCTION ENVIRONMENT                                        *
    3193              ;*                                                             *
    3194              ;* FUNCTION PROPERTIES                                         *
    3195              ;*                            4 Parameter,  4 Auto,  0 SOE     *
    3196              ;***************************************************************
    3197              
    3198              ||__fpclassify||:
    3199              $C$DW$180       .dwtag  DW_TAG_variable
    3200                      .dwattr $C$DW$180, DW_AT_name("d")
    3201                      .dwattr $C$DW$180, DW_AT_type(*$C$DW$T$17)
    3202                      .dwattr $C$DW$180, DW_AT_location[DW_OP_breg20 -8]
    3203              
    3204              ;* AR5   assigned to $O$C1
    3205              ;* AR4   assigned to d
    3206              $C$DW$181       .dwtag  DW_TAG_variable
    3207                      .dwattr $C$DW$181, DW_AT_name("d")
    3208                      .dwattr $C$DW$181, DW_AT_type(*$C$DW$T$135)
    3209                      .dwattr $C$DW$181, DW_AT_location[DW_OP_reg12]
    3210              
    3211                      .dwcfi  cfa_offset, -2
    3212                      .dwcfi  save_reg_to_mem, 26, 0
    3213 00000000 FE08          ADDB      SP,#8                 ; [CPU_ARAU] 
    3214                      .dwcfi  cfa_offset, -10
    3215 00000001 C4D4          MOVL      XAR6,*+XAR4[2]        ; [CPU_ALU] |414| 
    3216 00000002 06C4          MOVL      ACC,*+XAR4[0]         ; [CPU_ALU] |414| 
    3217 00000003 1E48          MOVL      *-SP[8],ACC           ; [CPU_ALU] |414| 
    3218 00000004 C246          MOVL      *-SP[6],XAR6          ; [CPU_ALU] |414| 
    3219                      .dwpsn  file "C:/ti/ccs1210/ccs/tools/compiler/ti-cgt-c2000_22.6.0.LTS/include/_defs.h",line 415,colu
    3220 00000005 8348          MOVL      XAR5,*-SP[8]          ; [CPU_ALU] |415| 
    3221 00000006 8A46          MOVL      XAR4,*-SP[6]          ; [CPU_ALU] |415| 
    3222                      .dwpsn  file "C:/ti/ccs1210/ccs/tools/compiler/ti-cgt-c2000_22.6.0.LTS/include/_defs.h",line 419,colu
    3223 00000007 28AC          MOV       T,#48                 ; [CPU_ALU] |419| 
         00000008 0030 
    3224 00000009 A0AB          MOVL      P,XAR5                ; [CPU_ALU] |419| 
    3225 0000000a A8A9          MOVL      ACC,XAR4              ; [CPU_ALU] |419| 
    3226 0000000b 565B          LSR64     ACC:P,T               ; [CPU_ALU] |419| 
    3227 0000000c 18AB          AND       PL,#0x7ff0            ; [CPU_ALU] |419| 
         0000000d 7FF0 
    3228 0000000e 88AB          MOVZ      AR6,PL                ; [CPU_ALU] |419| 
    3229 0000000f FF20          MOV       ACC,#32752            ; [CPU_ALU] |419| 
         00000010 7FF0 
    3230 00000011 0FA6          CMPL      ACC,XAR6              ; [CPU_ALU] |419| 
TMS320C2000 Assembler PC v22.6.0 Mon Apr 21 09:03:31 2025

Copyright (c) 1996-2018 Texas Instruments Incorporated
hal_pwm_TMS320F280049C.asm                                           PAGE   65

    3231 00000012 6016          B         ||$C$L20||,NEQ        ; [CPU_ALU] |419| 
    3232                      ; branchcc occurs ; [] |419| 
    3233 00000013 0200          MOVB      ACC,#0                ; [CPU_ALU] |419| 
    3234 00000014 1E44          MOVL      *-SP[4],ACC           ; [CPU_ALU] |419| 
    3235 00000015 2B42          MOV       *-SP[2],#0            ; [CPU_ALU] |419| 
    3236 00000016 2B41          MOV       *-SP[1],#0            ; [CPU_ALU] |419| 
    3237 00000017 A348          MOVL      P,*-SP[8]             ; [CPU_ALU] |419| 
    3238 00000018 0646          MOVL      ACC,*-SP[6]           ; [CPU_ALU] |419| 
    3239 00000019 18AB          AND       PL,#65535             ; [CPU_ALU] |419| 
         0000001a FFFF 
    3240 0000001b 18AA          AND       PH,#65535             ; [CPU_ALU] |419| 
         0000001c FFFF 
    3241 0000001d 18A9          AND       AL,#65535             ; [CPU_ALU] |419| 
         0000001e FFFF 
    3242 0000001f 910F          ANDB      AH,#15                ; [CPU_ALU] |419| 
    3243              $C$DW$182       .dwtag  DW_TAG_TI_branch
    3244                      .dwattr $C$DW$182, DW_AT_low_pc(0x00)
    3245                      .dwattr $C$DW$182, DW_AT_name("__c28xabi_cmpull")
    3246                      .dwattr $C$DW$182, DW_AT_TI_call
    3247              
    3248 00000020 7640!         LCR       #||__c28xabi_cmpull|| ; [CPU_ALU] |419| 
         00000021 0000 
    3249                      ; call occurs [#||__c28xabi_cmpull||] ; [] |419| 
    3250 00000022 5200          CMPB      AL,#0                 ; [CPU_ALU] |419| 
    3251 00000023 6103          B         ||$C$L19||,EQ         ; [CPU_ALU] |419| 
    3252                      ; branchcc occurs ; [] |419| 
    3253 00000024 9A02          MOVB      AL,#2                 ; [CPU_ALU] |419| 
    3254 00000025 6F2D          B         ||$C$L23||,UNC        ; [CPU_ALU] |419| 
    3255                      ; branch occurs ; [] |419| 
    3256 00000026       ||$C$L19||:    
    3257 00000026 9A01          MOVB      AL,#1                 ; [CPU_ALU] |419| 
    3258 00000027 6F2B          B         ||$C$L23||,UNC        ; [CPU_ALU] |419| 
    3259                      ; branch occurs ; [] |419| 
    3260 00000028       ||$C$L20||:    
    3261 00000028 BE00          MOVB      XAR6,#0               ; [CPU_ALU] |419| 
    3262 00000029 A0AB          MOVL      P,XAR5                ; [CPU_ALU] |419| 
    3263 0000002a A8A9          MOVL      ACC,XAR4              ; [CPU_ALU] |419| 
    3264 0000002b 28AC          MOV       T,#52                 ; [CPU_ALU] |419| 
         0000002c 0034 
    3265 0000002d C244          MOVL      *-SP[4],XAR6          ; [CPU_ALU] |419| 
    3266 0000002e 2B42          MOV       *-SP[2],#0            ; [CPU_ALU] |419| 
    3267 0000002f 565B          LSR64     ACC:P,T               ; [CPU_ALU] |419| 
    3268 00000030 2B41          MOV       *-SP[1],#0            ; [CPU_FPU] |419| 
    3269 00000031 9000          ANDB      AL,#0                 ; [CPU_ALU] |419| 
    3270 00000032 9100          ANDB      AH,#0                 ; [CPU_ALU] |419| 
    3271 00000033 18AB          AND       PL,#2047              ; [CPU_ALU] |419| 
         00000034 07FF 
    3272 00000035 18AA          AND       PH,#0                 ; [CPU_ALU] |419| 
         00000036 0000 
    3273              $C$DW$183       .dwtag  DW_TAG_TI_branch
    3274                      .dwattr $C$DW$183, DW_AT_low_pc(0x00)
    3275                      .dwattr $C$DW$183, DW_AT_name("__c28xabi_cmpull")
    3276                      .dwattr $C$DW$183, DW_AT_TI_call
    3277              
    3278 00000037 7640!         LCR       #||__c28xabi_cmpull|| ; [CPU_ALU] |419| 
TMS320C2000 Assembler PC v22.6.0 Mon Apr 21 09:03:31 2025

Copyright (c) 1996-2018 Texas Instruments Incorporated
hal_pwm_TMS320F280049C.asm                                           PAGE   66

         00000038 0000 
    3279                      ; call occurs [#||__c28xabi_cmpull||] ; [] |419| 
    3280 00000039 5200          CMPB      AL,#0                 ; [CPU_ALU] |419| 
    3281 0000003a 6104          B         ||$C$L21||,EQ         ; [CPU_ALU] |419| 
    3282                      ; branchcc occurs ; [] |419| 
    3283 0000003b 28A9          MOV       AL,#-1                ; [CPU_ALU] |419| 
         0000003c FFFF 
    3284 0000003d 6F15          B         ||$C$L23||,UNC        ; [CPU_ALU] |419| 
    3285                      ; branch occurs ; [] |419| 
    3286 0000003e       ||$C$L21||:    
    3287 0000003e C244          MOVL      *-SP[4],XAR6          ; [CPU_ALU] |419| 
    3288 0000003f A8A9          MOVL      ACC,XAR4              ; [CPU_ALU] |419| 
    3289 00000040 A0AB          MOVL      P,XAR5                ; [CPU_ALU] |419| 
    3290 00000041 2B42          MOV       *-SP[2],#0            ; [CPU_ALU] |419| 
    3291 00000042 18A9          AND       AL,#65535             ; [CPU_ALU] |419| 
         00000043 FFFF 
    3292 00000044 910F          ANDB      AH,#15                ; [CPU_ALU] |419| 
    3293 00000045 18AB          AND       PL,#65535             ; [CPU_ALU] |419| 
         00000046 FFFF 
    3294 00000047 18AA          AND       PH,#65535             ; [CPU_ALU] |419| 
         00000048 FFFF 
    3295 00000049 2B41          MOV       *-SP[1],#0            ; [CPU_FPU] |419| 
    3296              $C$DW$184       .dwtag  DW_TAG_TI_branch
    3297                      .dwattr $C$DW$184, DW_AT_low_pc(0x00)
    3298                      .dwattr $C$DW$184, DW_AT_name("__c28xabi_cmpull")
    3299                      .dwattr $C$DW$184, DW_AT_TI_call
    3300              
    3301 0000004a 7640!         LCR       #||__c28xabi_cmpull|| ; [CPU_ALU] |419| 
         0000004b 0000 
    3302                      ; call occurs [#||__c28xabi_cmpull||] ; [] |419| 
    3303 0000004c 5200          CMPB      AL,#0                 ; [CPU_ALU] |419| 
    3304 0000004d 6104          B         ||$C$L22||,EQ         ; [CPU_ALU] |419| 
    3305                      ; branchcc occurs ; [] |419| 
    3306 0000004e 28A9          MOV       AL,#-2                ; [CPU_ALU] |419| 
         0000004f FFFE 
    3307 00000050 6F02          B         ||$C$L23||,UNC        ; [CPU_ALU] |419| 
    3308                      ; branch occurs ; [] |419| 
    3309 00000051       ||$C$L22||:    
    3310 00000051 9A00          MOVB      AL,#0                 ; [CPU_ALU] |419| 
    3311 00000052       ||$C$L23||:    
    3312 00000052 FE88          SUBB      SP,#8                 ; [CPU_ARAU] 
    3313                      .dwcfi  cfa_offset, -2
    3314              $C$DW$185       .dwtag  DW_TAG_TI_branch
    3315                      .dwattr $C$DW$185, DW_AT_low_pc(0x00)
    3316                      .dwattr $C$DW$185, DW_AT_TI_return
    3317              
    3318 00000053 0006          LRETR     ; [CPU_ALU] 
    3319                      ; return occurs ; [] 
    3320                      .dwattr $C$DW$178, DW_AT_TI_end_file("C:/ti/ccs1210/ccs/tools/compiler/ti-cgt-c2000_22.6.0.LTS/includ
    3321                      .dwattr $C$DW$178, DW_AT_TI_end_line(0x1ac)
    3322                      .dwattr $C$DW$178, DW_AT_TI_end_column(0x01)
    3323                      .dwendentry
    3324                      .dwendtag $C$DW$178
    3325              
    3326              ;**************************************************************
TMS320C2000 Assembler PC v22.6.0 Mon Apr 21 09:03:31 2025

Copyright (c) 1996-2018 Texas Instruments Incorporated
hal_pwm_TMS320F280049C.asm                                           PAGE   67

    3327              ;* UNDEFINED EXTERNAL REFERENCES                              *
    3328              ;**************************************************************
    3329                      .global ||XBAR_setEPWMMuxConfig||
    3330                      .global ||XBAR_clearInputFlag||
    3331                      .global ||__c28xabi_cmpull||
    3332              ;**************************************************************
    3333              ;* SECTION GROUPS                                             *
    3334              ;**************************************************************
    3335                      .group    "__fpclassify", 1
    3336                      .gmember  ".text:__fpclassify"
    3337                      .endgroup
    3338                      .group    "__fpclassifyf", 1
    3339                      .gmember  ".text:__fpclassifyf"
    3340                      .endgroup
    3341                      .group    "__fpclassifyl", 1
    3342                      .gmember  ".text:__fpclassifyl"
    3343                      .endgroup
    3344                      .group    "__isfinite", 1
    3345                      .gmember  ".text:__isfinite"
    3346                      .endgroup
    3347                      .group    "__isfinitef", 1
    3348                      .gmember  ".text:__isfinitef"
    3349                      .endgroup
    3350                      .group    "__isfinitel", 1
    3351                      .gmember  ".text:__isfinitel"
    3352                      .endgroup
    3353                      .group    "__isinf", 1
    3354                      .gmember  ".text:__isinf"
    3355                      .endgroup
    3356                      .group    "__isinff", 1
    3357                      .gmember  ".text:__isinff"
    3358                      .endgroup
    3359                      .group    "__isinfl", 1
    3360                      .gmember  ".text:__isinfl"
    3361                      .endgroup
    3362                      .group    "__isnan", 1
    3363                      .gmember  ".text:__isnan"
    3364                      .endgroup
    3365                      .group    "__isnanf", 1
    3366                      .gmember  ".text:__isnanf"
    3367                      .endgroup
    3368                      .group    "__isnanl", 1
    3369                      .gmember  ".text:__isnanl"
    3370                      .endgroup
    3371                      .group    "__isnormal", 1
    3372                      .gmember  ".text:__isnormal"
    3373                      .endgroup
    3374                      .group    "__isnormalf", 1
    3375                      .gmember  ".text:__isnormalf"
    3376                      .endgroup
    3377                      .group    "__isnormall", 1
    3378                      .gmember  ".text:__isnormall"
    3379                      .endgroup
    3380                      .group    "__relaxed_atan2f", 1
    3381                      .gmember  ".text:__relaxed_atan2f"
TMS320C2000 Assembler PC v22.6.0 Mon Apr 21 09:03:31 2025

Copyright (c) 1996-2018 Texas Instruments Incorporated
hal_pwm_TMS320F280049C.asm                                           PAGE   68

    3382                      .endgroup
    3383                      .group    "__relaxed_atanf", 1
    3384                      .gmember  ".text:__relaxed_atanf"
    3385                      .endgroup
    3386                      .group    "__relaxed_cosf", 1
    3387                      .gmember  ".text:__relaxed_cosf"
    3388                      .endgroup
    3389                      .group    "__relaxed_fmaxf", 1
    3390                      .gmember  ".text:__relaxed_fmaxf"
    3391                      .endgroup
    3392                      .group    "__relaxed_fminf", 1
    3393                      .gmember  ".text:__relaxed_fminf"
    3394                      .endgroup
    3395                      .group    "__relaxed_fmodf", 1
    3396                      .gmember  ".text:__relaxed_fmodf"
    3397                      .endgroup
    3398                      .group    "__relaxed_sinf", 1
    3399                      .gmember  ".text:__relaxed_sinf"
    3400                      .endgroup
    3401                      .group    "__relaxed_sqrtf", 1
    3402                      .gmember  ".text:__relaxed_sqrtf"
    3403                      .endgroup
    3404                      .group    "__signbit", 1
    3405                      .gmember  ".text:__signbit"
    3406                      .endgroup
    3407                      .group    "__signbitf", 1
    3408                      .gmember  ".text:__signbitf"
    3409                      .endgroup
    3410                      .group    "__signbitl", 1
    3411                      .gmember  ".text:__signbitl"
    3412                      .endgroup
    3413              
    3414              
    3415              ;***************************************************************
    3416              ;* BUILD ATTRIBUTES                                            *
    3417              ;***************************************************************
    3418                      .battr "c28xabi", Tag_File, 1, Tag_float_args(1)
    3419                      .battr "c28xabi", Tag_File, 1, Tag_double_args(1)
    3420                      .dwattr $C$DW$CU, DW_AT_language(DW_LANG_C)
    3421              
    3422              ;***************************************************************
    3423              ;* DWARF CIE ENTRIES                                           *
    3424              ;***************************************************************
    3425              
    3426              $C$DW$CIE       .dwcie 26
    3427                      .dwcfi  cfa_register, 20
    3428                      .dwcfi  cfa_offset, 0
    3429                      .dwcfi  same_value, 28
    3430                      .dwcfi  same_value, 6
    3431                      .dwcfi  same_value, 7
    3432                      .dwcfi  same_value, 8
    3433                      .dwcfi  same_value, 9
    3434                      .dwcfi  same_value, 10
    3435                      .dwcfi  same_value, 11
    3436                      .dwcfi  same_value, 59
TMS320C2000 Assembler PC v22.6.0 Mon Apr 21 09:03:31 2025

Copyright (c) 1996-2018 Texas Instruments Incorporated
hal_pwm_TMS320F280049C.asm                                           PAGE   69

    3437                      .dwcfi  same_value, 63
    3438                      .dwcfi  same_value, 67
    3439                      .dwcfi  same_value, 71
    3440                      .dwendentry
    3441                      .dwendtag $C$DW$CU
    3442              
    3443              
    3444              ;***************************************************************
    3445              ;* TYPE INFORMATION                                            *
    3446              ;***************************************************************
    3447              
    3448              $C$DW$TU$19     .dwtag  DW_TAG_type_unit
    3449                      .dwmtype  $C$DW$T$19
    3450              
    3451              $C$DW$T$19      .dwtag  DW_TAG_enumeration_type
    3452                      .dwattr $C$DW$T$19, DW_AT_byte_size(0x01)
    3453              $C$DW$186       .dwtag  DW_TAG_enumerator
    3454                      .dwattr $C$DW$186, DW_AT_name("SYSCTL_PERIPH_CLK_CLA1")
    3455                      .dwattr $C$DW$186, DW_AT_const_value(0x00)
    3456                      .dwattr $C$DW$186, DW_AT_decl_file("D:\15_Delta\14. ANPC Converter\ANPC_3Layer\TMS320F280049C\device\
    3457                      .dwattr $C$DW$186, DW_AT_decl_line(0x12a)
    3458                      .dwattr $C$DW$186, DW_AT_decl_column(0x05)
    3459              
    3460              $C$DW$187       .dwtag  DW_TAG_enumerator
    3461                      .dwattr $C$DW$187, DW_AT_name("SYSCTL_PERIPH_CLK_DMA")
    3462                      .dwattr $C$DW$187, DW_AT_const_value(0x200)
    3463                      .dwattr $C$DW$187, DW_AT_decl_file("D:\15_Delta\14. ANPC Converter\ANPC_3Layer\TMS320F280049C\device\
    3464                      .dwattr $C$DW$187, DW_AT_decl_line(0x12b)
    3465                      .dwattr $C$DW$187, DW_AT_decl_column(0x05)
    3466              
    3467              $C$DW$188       .dwtag  DW_TAG_enumerator
    3468                      .dwattr $C$DW$188, DW_AT_name("SYSCTL_PERIPH_CLK_TIMER0")
    3469                      .dwattr $C$DW$188, DW_AT_const_value(0x300)
    3470                      .dwattr $C$DW$188, DW_AT_decl_file("D:\15_Delta\14. ANPC Converter\ANPC_3Layer\TMS320F280049C\device\
    3471                      .dwattr $C$DW$188, DW_AT_decl_line(0x12c)
    3472                      .dwattr $C$DW$188, DW_AT_decl_column(0x05)
    3473              
    3474              $C$DW$189       .dwtag  DW_TAG_enumerator
    3475                      .dwattr $C$DW$189, DW_AT_name("SYSCTL_PERIPH_CLK_TIMER1")
    3476                      .dwattr $C$DW$189, DW_AT_const_value(0x400)
    3477                      .dwattr $C$DW$189, DW_AT_decl_file("D:\15_Delta\14. ANPC Converter\ANPC_3Layer\TMS320F280049C\device\
    3478                      .dwattr $C$DW$189, DW_AT_decl_line(0x12d)
    3479                      .dwattr $C$DW$189, DW_AT_decl_column(0x05)
    3480              
    3481              $C$DW$190       .dwtag  DW_TAG_enumerator
    3482                      .dwattr $C$DW$190, DW_AT_name("SYSCTL_PERIPH_CLK_TIMER2")
    3483                      .dwattr $C$DW$190, DW_AT_const_value(0x500)
    3484                      .dwattr $C$DW$190, DW_AT_decl_file("D:\15_Delta\14. ANPC Converter\ANPC_3Layer\TMS320F280049C\device\
    3485                      .dwattr $C$DW$190, DW_AT_decl_line(0x12e)
    3486                      .dwattr $C$DW$190, DW_AT_decl_column(0x05)
    3487              
    3488              $C$DW$191       .dwtag  DW_TAG_enumerator
    3489                      .dwattr $C$DW$191, DW_AT_name("SYSCTL_PERIPH_CLK_HRPWM")
    3490                      .dwattr $C$DW$191, DW_AT_const_value(0x1000)
    3491                      .dwattr $C$DW$191, DW_AT_decl_file("D:\15_Delta\14. ANPC Converter\ANPC_3Layer\TMS320F280049C\device\
TMS320C2000 Assembler PC v22.6.0 Mon Apr 21 09:03:31 2025

Copyright (c) 1996-2018 Texas Instruments Incorporated
hal_pwm_TMS320F280049C.asm                                           PAGE   70

    3492                      .dwattr $C$DW$191, DW_AT_decl_line(0x12f)
    3493                      .dwattr $C$DW$191, DW_AT_decl_column(0x05)
    3494              
    3495              $C$DW$192       .dwtag  DW_TAG_enumerator
    3496                      .dwattr $C$DW$192, DW_AT_name("SYSCTL_PERIPH_CLK_TBCLKSYNC")
    3497                      .dwattr $C$DW$192, DW_AT_const_value(0x1200)
    3498                      .dwattr $C$DW$192, DW_AT_decl_file("D:\15_Delta\14. ANPC Converter\ANPC_3Layer\TMS320F280049C\device\
    3499                      .dwattr $C$DW$192, DW_AT_decl_line(0x130)
    3500                      .dwattr $C$DW$192, DW_AT_decl_column(0x05)
    3501              
    3502              $C$DW$193       .dwtag  DW_TAG_enumerator
    3503                      .dwattr $C$DW$193, DW_AT_name("SYSCTL_PERIPH_CLK_EPWM1")
    3504                      .dwattr $C$DW$193, DW_AT_const_value(0x02)
    3505                      .dwattr $C$DW$193, DW_AT_decl_file("D:\15_Delta\14. ANPC Converter\ANPC_3Layer\TMS320F280049C\device\
    3506                      .dwattr $C$DW$193, DW_AT_decl_line(0x131)
    3507                      .dwattr $C$DW$193, DW_AT_decl_column(0x05)
    3508              
    3509              $C$DW$194       .dwtag  DW_TAG_enumerator
    3510                      .dwattr $C$DW$194, DW_AT_name("SYSCTL_PERIPH_CLK_EPWM2")
    3511                      .dwattr $C$DW$194, DW_AT_const_value(0x102)
    3512                      .dwattr $C$DW$194, DW_AT_decl_file("D:\15_Delta\14. ANPC Converter\ANPC_3Layer\TMS320F280049C\device\
    3513                      .dwattr $C$DW$194, DW_AT_decl_line(0x132)
    3514                      .dwattr $C$DW$194, DW_AT_decl_column(0x05)
    3515              
    3516              $C$DW$195       .dwtag  DW_TAG_enumerator
    3517                      .dwattr $C$DW$195, DW_AT_name("SYSCTL_PERIPH_CLK_EPWM3")
    3518                      .dwattr $C$DW$195, DW_AT_const_value(0x202)
    3519                      .dwattr $C$DW$195, DW_AT_decl_file("D:\15_Delta\14. ANPC Converter\ANPC_3Layer\TMS320F280049C\device\
    3520                      .dwattr $C$DW$195, DW_AT_decl_line(0x133)
    3521                      .dwattr $C$DW$195, DW_AT_decl_column(0x05)
    3522              
    3523              $C$DW$196       .dwtag  DW_TAG_enumerator
    3524                      .dwattr $C$DW$196, DW_AT_name("SYSCTL_PERIPH_CLK_EPWM4")
    3525                      .dwattr $C$DW$196, DW_AT_const_value(0x302)
    3526                      .dwattr $C$DW$196, DW_AT_decl_file("D:\15_Delta\14. ANPC Converter\ANPC_3Layer\TMS320F280049C\device\
    3527                      .dwattr $C$DW$196, DW_AT_decl_line(0x134)
    3528                      .dwattr $C$DW$196, DW_AT_decl_column(0x05)
    3529              
    3530              $C$DW$197       .dwtag  DW_TAG_enumerator
    3531                      .dwattr $C$DW$197, DW_AT_name("SYSCTL_PERIPH_CLK_EPWM5")
    3532                      .dwattr $C$DW$197, DW_AT_const_value(0x402)
    3533                      .dwattr $C$DW$197, DW_AT_decl_file("D:\15_Delta\14. ANPC Converter\ANPC_3Layer\TMS320F280049C\device\
    3534                      .dwattr $C$DW$197, DW_AT_decl_line(0x135)
    3535                      .dwattr $C$DW$197, DW_AT_decl_column(0x05)
    3536              
    3537              $C$DW$198       .dwtag  DW_TAG_enumerator
    3538                      .dwattr $C$DW$198, DW_AT_name("SYSCTL_PERIPH_CLK_EPWM6")
    3539                      .dwattr $C$DW$198, DW_AT_const_value(0x502)
    3540                      .dwattr $C$DW$198, DW_AT_decl_file("D:\15_Delta\14. ANPC Converter\ANPC_3Layer\TMS320F280049C\device\
    3541                      .dwattr $C$DW$198, DW_AT_decl_line(0x136)
    3542                      .dwattr $C$DW$198, DW_AT_decl_column(0x05)
    3543              
    3544              $C$DW$199       .dwtag  DW_TAG_enumerator
    3545                      .dwattr $C$DW$199, DW_AT_name("SYSCTL_PERIPH_CLK_EPWM7")
    3546                      .dwattr $C$DW$199, DW_AT_const_value(0x602)
TMS320C2000 Assembler PC v22.6.0 Mon Apr 21 09:03:31 2025

Copyright (c) 1996-2018 Texas Instruments Incorporated
hal_pwm_TMS320F280049C.asm                                           PAGE   71

    3547                      .dwattr $C$DW$199, DW_AT_decl_file("D:\15_Delta\14. ANPC Converter\ANPC_3Layer\TMS320F280049C\device\
    3548                      .dwattr $C$DW$199, DW_AT_decl_line(0x137)
    3549                      .dwattr $C$DW$199, DW_AT_decl_column(0x05)
    3550              
    3551              $C$DW$200       .dwtag  DW_TAG_enumerator
    3552                      .dwattr $C$DW$200, DW_AT_name("SYSCTL_PERIPH_CLK_EPWM8")
    3553                      .dwattr $C$DW$200, DW_AT_const_value(0x702)
    3554                      .dwattr $C$DW$200, DW_AT_decl_file("D:\15_Delta\14. ANPC Converter\ANPC_3Layer\TMS320F280049C\device\
    3555                      .dwattr $C$DW$200, DW_AT_decl_line(0x138)
    3556                      .dwattr $C$DW$200, DW_AT_decl_column(0x05)
    3557              
    3558              $C$DW$201       .dwtag  DW_TAG_enumerator
    3559                      .dwattr $C$DW$201, DW_AT_name("SYSCTL_PERIPH_CLK_ECAP1")
    3560                      .dwattr $C$DW$201, DW_AT_const_value(0x03)
    3561                      .dwattr $C$DW$201, DW_AT_decl_file("D:\15_Delta\14. ANPC Converter\ANPC_3Layer\TMS320F280049C\device\
    3562                      .dwattr $C$DW$201, DW_AT_decl_line(0x139)
    3563                      .dwattr $C$DW$201, DW_AT_decl_column(0x05)
    3564              
    3565              $C$DW$202       .dwtag  DW_TAG_enumerator
    3566                      .dwattr $C$DW$202, DW_AT_name("SYSCTL_PERIPH_CLK_ECAP2")
    3567                      .dwattr $C$DW$202, DW_AT_const_value(0x103)
    3568                      .dwattr $C$DW$202, DW_AT_decl_file("D:\15_Delta\14. ANPC Converter\ANPC_3Layer\TMS320F280049C\device\
    3569                      .dwattr $C$DW$202, DW_AT_decl_line(0x13a)
    3570                      .dwattr $C$DW$202, DW_AT_decl_column(0x05)
    3571              
    3572              $C$DW$203       .dwtag  DW_TAG_enumerator
    3573                      .dwattr $C$DW$203, DW_AT_name("SYSCTL_PERIPH_CLK_ECAP3")
    3574                      .dwattr $C$DW$203, DW_AT_const_value(0x203)
    3575                      .dwattr $C$DW$203, DW_AT_decl_file("D:\15_Delta\14. ANPC Converter\ANPC_3Layer\TMS320F280049C\device\
    3576                      .dwattr $C$DW$203, DW_AT_decl_line(0x13b)
    3577                      .dwattr $C$DW$203, DW_AT_decl_column(0x05)
    3578              
    3579              $C$DW$204       .dwtag  DW_TAG_enumerator
    3580                      .dwattr $C$DW$204, DW_AT_name("SYSCTL_PERIPH_CLK_ECAP4")
    3581                      .dwattr $C$DW$204, DW_AT_const_value(0x303)
    3582                      .dwattr $C$DW$204, DW_AT_decl_file("D:\15_Delta\14. ANPC Converter\ANPC_3Layer\TMS320F280049C\device\
    3583                      .dwattr $C$DW$204, DW_AT_decl_line(0x13c)
    3584                      .dwattr $C$DW$204, DW_AT_decl_column(0x05)
    3585              
    3586              $C$DW$205       .dwtag  DW_TAG_enumerator
    3587                      .dwattr $C$DW$205, DW_AT_name("SYSCTL_PERIPH_CLK_ECAP5")
    3588                      .dwattr $C$DW$205, DW_AT_const_value(0x403)
    3589                      .dwattr $C$DW$205, DW_AT_decl_file("D:\15_Delta\14. ANPC Converter\ANPC_3Layer\TMS320F280049C\device\
    3590                      .dwattr $C$DW$205, DW_AT_decl_line(0x13d)
    3591                      .dwattr $C$DW$205, DW_AT_decl_column(0x05)
    3592              
    3593              $C$DW$206       .dwtag  DW_TAG_enumerator
    3594                      .dwattr $C$DW$206, DW_AT_name("SYSCTL_PERIPH_CLK_ECAP6")
    3595                      .dwattr $C$DW$206, DW_AT_const_value(0x503)
    3596                      .dwattr $C$DW$206, DW_AT_decl_file("D:\15_Delta\14. ANPC Converter\ANPC_3Layer\TMS320F280049C\device\
    3597                      .dwattr $C$DW$206, DW_AT_decl_line(0x13e)
    3598                      .dwattr $C$DW$206, DW_AT_decl_column(0x05)
    3599              
    3600              $C$DW$207       .dwtag  DW_TAG_enumerator
    3601                      .dwattr $C$DW$207, DW_AT_name("SYSCTL_PERIPH_CLK_ECAP7")
TMS320C2000 Assembler PC v22.6.0 Mon Apr 21 09:03:31 2025

Copyright (c) 1996-2018 Texas Instruments Incorporated
hal_pwm_TMS320F280049C.asm                                           PAGE   72

    3602                      .dwattr $C$DW$207, DW_AT_const_value(0x603)
    3603                      .dwattr $C$DW$207, DW_AT_decl_file("D:\15_Delta\14. ANPC Converter\ANPC_3Layer\TMS320F280049C\device\
    3604                      .dwattr $C$DW$207, DW_AT_decl_line(0x13f)
    3605                      .dwattr $C$DW$207, DW_AT_decl_column(0x05)
    3606              
    3607              $C$DW$208       .dwtag  DW_TAG_enumerator
    3608                      .dwattr $C$DW$208, DW_AT_name("SYSCTL_PERIPH_CLK_EQEP1")
    3609                      .dwattr $C$DW$208, DW_AT_const_value(0x04)
    3610                      .dwattr $C$DW$208, DW_AT_decl_file("D:\15_Delta\14. ANPC Converter\ANPC_3Layer\TMS320F280049C\device\
    3611                      .dwattr $C$DW$208, DW_AT_decl_line(0x140)
    3612                      .dwattr $C$DW$208, DW_AT_decl_column(0x05)
    3613              
    3614              $C$DW$209       .dwtag  DW_TAG_enumerator
    3615                      .dwattr $C$DW$209, DW_AT_name("SYSCTL_PERIPH_CLK_EQEP2")
    3616                      .dwattr $C$DW$209, DW_AT_const_value(0x104)
    3617                      .dwattr $C$DW$209, DW_AT_decl_file("D:\15_Delta\14. ANPC Converter\ANPC_3Layer\TMS320F280049C\device\
    3618                      .dwattr $C$DW$209, DW_AT_decl_line(0x141)
    3619                      .dwattr $C$DW$209, DW_AT_decl_column(0x05)
    3620              
    3621              $C$DW$210       .dwtag  DW_TAG_enumerator
    3622                      .dwattr $C$DW$210, DW_AT_name("SYSCTL_PERIPH_CLK_SD1")
    3623                      .dwattr $C$DW$210, DW_AT_const_value(0x06)
    3624                      .dwattr $C$DW$210, DW_AT_decl_file("D:\15_Delta\14. ANPC Converter\ANPC_3Layer\TMS320F280049C\device\
    3625                      .dwattr $C$DW$210, DW_AT_decl_line(0x142)
    3626                      .dwattr $C$DW$210, DW_AT_decl_column(0x05)
    3627              
    3628              $C$DW$211       .dwtag  DW_TAG_enumerator
    3629                      .dwattr $C$DW$211, DW_AT_name("SYSCTL_PERIPH_CLK_SCIA")
    3630                      .dwattr $C$DW$211, DW_AT_const_value(0x07)
    3631                      .dwattr $C$DW$211, DW_AT_decl_file("D:\15_Delta\14. ANPC Converter\ANPC_3Layer\TMS320F280049C\device\
    3632                      .dwattr $C$DW$211, DW_AT_decl_line(0x143)
    3633                      .dwattr $C$DW$211, DW_AT_decl_column(0x05)
    3634              
    3635              $C$DW$212       .dwtag  DW_TAG_enumerator
    3636                      .dwattr $C$DW$212, DW_AT_name("SYSCTL_PERIPH_CLK_SCIB")
    3637                      .dwattr $C$DW$212, DW_AT_const_value(0x107)
    3638                      .dwattr $C$DW$212, DW_AT_decl_file("D:\15_Delta\14. ANPC Converter\ANPC_3Layer\TMS320F280049C\device\
    3639                      .dwattr $C$DW$212, DW_AT_decl_line(0x144)
    3640                      .dwattr $C$DW$212, DW_AT_decl_column(0x05)
    3641              
    3642              $C$DW$213       .dwtag  DW_TAG_enumerator
    3643                      .dwattr $C$DW$213, DW_AT_name("SYSCTL_PERIPH_CLK_SPIA")
    3644                      .dwattr $C$DW$213, DW_AT_const_value(0x08)
    3645                      .dwattr $C$DW$213, DW_AT_decl_file("D:\15_Delta\14. ANPC Converter\ANPC_3Layer\TMS320F280049C\device\
    3646                      .dwattr $C$DW$213, DW_AT_decl_line(0x145)
    3647                      .dwattr $C$DW$213, DW_AT_decl_column(0x05)
    3648              
    3649              $C$DW$214       .dwtag  DW_TAG_enumerator
    3650                      .dwattr $C$DW$214, DW_AT_name("SYSCTL_PERIPH_CLK_SPIB")
    3651                      .dwattr $C$DW$214, DW_AT_const_value(0x108)
    3652                      .dwattr $C$DW$214, DW_AT_decl_file("D:\15_Delta\14. ANPC Converter\ANPC_3Layer\TMS320F280049C\device\
    3653                      .dwattr $C$DW$214, DW_AT_decl_line(0x146)
    3654                      .dwattr $C$DW$214, DW_AT_decl_column(0x05)
    3655              
    3656              $C$DW$215       .dwtag  DW_TAG_enumerator
TMS320C2000 Assembler PC v22.6.0 Mon Apr 21 09:03:31 2025

Copyright (c) 1996-2018 Texas Instruments Incorporated
hal_pwm_TMS320F280049C.asm                                           PAGE   73

    3657                      .dwattr $C$DW$215, DW_AT_name("SYSCTL_PERIPH_CLK_I2CA")
    3658                      .dwattr $C$DW$215, DW_AT_const_value(0x09)
    3659                      .dwattr $C$DW$215, DW_AT_decl_file("D:\15_Delta\14. ANPC Converter\ANPC_3Layer\TMS320F280049C\device\
    3660                      .dwattr $C$DW$215, DW_AT_decl_line(0x147)
    3661                      .dwattr $C$DW$215, DW_AT_decl_column(0x05)
    3662              
    3663              $C$DW$216       .dwtag  DW_TAG_enumerator
    3664                      .dwattr $C$DW$216, DW_AT_name("SYSCTL_PERIPH_CLK_CANA")
    3665                      .dwattr $C$DW$216, DW_AT_const_value(0x0a)
    3666                      .dwattr $C$DW$216, DW_AT_decl_file("D:\15_Delta\14. ANPC Converter\ANPC_3Layer\TMS320F280049C\device\
    3667                      .dwattr $C$DW$216, DW_AT_decl_line(0x148)
    3668                      .dwattr $C$DW$216, DW_AT_decl_column(0x05)
    3669              
    3670              $C$DW$217       .dwtag  DW_TAG_enumerator
    3671                      .dwattr $C$DW$217, DW_AT_name("SYSCTL_PERIPH_CLK_CANB")
    3672                      .dwattr $C$DW$217, DW_AT_const_value(0x10a)
    3673                      .dwattr $C$DW$217, DW_AT_decl_file("D:\15_Delta\14. ANPC Converter\ANPC_3Layer\TMS320F280049C\device\
    3674                      .dwattr $C$DW$217, DW_AT_decl_line(0x149)
    3675                      .dwattr $C$DW$217, DW_AT_decl_column(0x05)
    3676              
    3677              $C$DW$218       .dwtag  DW_TAG_enumerator
    3678                      .dwattr $C$DW$218, DW_AT_name("SYSCTL_PERIPH_CLK_ADCA")
    3679                      .dwattr $C$DW$218, DW_AT_const_value(0x0d)
    3680                      .dwattr $C$DW$218, DW_AT_decl_file("D:\15_Delta\14. ANPC Converter\ANPC_3Layer\TMS320F280049C\device\
    3681                      .dwattr $C$DW$218, DW_AT_decl_line(0x14a)
    3682                      .dwattr $C$DW$218, DW_AT_decl_column(0x05)
    3683              
    3684              $C$DW$219       .dwtag  DW_TAG_enumerator
    3685                      .dwattr $C$DW$219, DW_AT_name("SYSCTL_PERIPH_CLK_ADCB")
    3686                      .dwattr $C$DW$219, DW_AT_const_value(0x10d)
    3687                      .dwattr $C$DW$219, DW_AT_decl_file("D:\15_Delta\14. ANPC Converter\ANPC_3Layer\TMS320F280049C\device\
    3688                      .dwattr $C$DW$219, DW_AT_decl_line(0x14b)
    3689                      .dwattr $C$DW$219, DW_AT_decl_column(0x05)
    3690              
    3691              $C$DW$220       .dwtag  DW_TAG_enumerator
    3692                      .dwattr $C$DW$220, DW_AT_name("SYSCTL_PERIPH_CLK_ADCC")
    3693                      .dwattr $C$DW$220, DW_AT_const_value(0x20d)
    3694                      .dwattr $C$DW$220, DW_AT_decl_file("D:\15_Delta\14. ANPC Converter\ANPC_3Layer\TMS320F280049C\device\
    3695                      .dwattr $C$DW$220, DW_AT_decl_line(0x14c)
    3696                      .dwattr $C$DW$220, DW_AT_decl_column(0x05)
    3697              
    3698              $C$DW$221       .dwtag  DW_TAG_enumerator
    3699                      .dwattr $C$DW$221, DW_AT_name("SYSCTL_PERIPH_CLK_CMPSS1")
    3700                      .dwattr $C$DW$221, DW_AT_const_value(0x0e)
    3701                      .dwattr $C$DW$221, DW_AT_decl_file("D:\15_Delta\14. ANPC Converter\ANPC_3Layer\TMS320F280049C\device\
    3702                      .dwattr $C$DW$221, DW_AT_decl_line(0x14d)
    3703                      .dwattr $C$DW$221, DW_AT_decl_column(0x05)
    3704              
    3705              $C$DW$222       .dwtag  DW_TAG_enumerator
    3706                      .dwattr $C$DW$222, DW_AT_name("SYSCTL_PERIPH_CLK_CMPSS2")
    3707                      .dwattr $C$DW$222, DW_AT_const_value(0x10e)
    3708                      .dwattr $C$DW$222, DW_AT_decl_file("D:\15_Delta\14. ANPC Converter\ANPC_3Layer\TMS320F280049C\device\
    3709                      .dwattr $C$DW$222, DW_AT_decl_line(0x14e)
    3710                      .dwattr $C$DW$222, DW_AT_decl_column(0x05)
    3711              
TMS320C2000 Assembler PC v22.6.0 Mon Apr 21 09:03:31 2025

Copyright (c) 1996-2018 Texas Instruments Incorporated
hal_pwm_TMS320F280049C.asm                                           PAGE   74

    3712              $C$DW$223       .dwtag  DW_TAG_enumerator
    3713                      .dwattr $C$DW$223, DW_AT_name("SYSCTL_PERIPH_CLK_CMPSS3")
    3714                      .dwattr $C$DW$223, DW_AT_const_value(0x20e)
    3715                      .dwattr $C$DW$223, DW_AT_decl_file("D:\15_Delta\14. ANPC Converter\ANPC_3Layer\TMS320F280049C\device\
    3716                      .dwattr $C$DW$223, DW_AT_decl_line(0x14f)
    3717                      .dwattr $C$DW$223, DW_AT_decl_column(0x05)
    3718              
    3719              $C$DW$224       .dwtag  DW_TAG_enumerator
    3720                      .dwattr $C$DW$224, DW_AT_name("SYSCTL_PERIPH_CLK_CMPSS4")
    3721                      .dwattr $C$DW$224, DW_AT_const_value(0x30e)
    3722                      .dwattr $C$DW$224, DW_AT_decl_file("D:\15_Delta\14. ANPC Converter\ANPC_3Layer\TMS320F280049C\device\
    3723                      .dwattr $C$DW$224, DW_AT_decl_line(0x150)
    3724                      .dwattr $C$DW$224, DW_AT_decl_column(0x05)
    3725              
    3726              $C$DW$225       .dwtag  DW_TAG_enumerator
    3727                      .dwattr $C$DW$225, DW_AT_name("SYSCTL_PERIPH_CLK_CMPSS5")
    3728                      .dwattr $C$DW$225, DW_AT_const_value(0x40e)
    3729                      .dwattr $C$DW$225, DW_AT_decl_file("D:\15_Delta\14. ANPC Converter\ANPC_3Layer\TMS320F280049C\device\
    3730                      .dwattr $C$DW$225, DW_AT_decl_line(0x151)
    3731                      .dwattr $C$DW$225, DW_AT_decl_column(0x05)
    3732              
    3733              $C$DW$226       .dwtag  DW_TAG_enumerator
    3734                      .dwattr $C$DW$226, DW_AT_name("SYSCTL_PERIPH_CLK_CMPSS6")
    3735                      .dwattr $C$DW$226, DW_AT_const_value(0x50e)
    3736                      .dwattr $C$DW$226, DW_AT_decl_file("D:\15_Delta\14. ANPC Converter\ANPC_3Layer\TMS320F280049C\device\
    3737                      .dwattr $C$DW$226, DW_AT_decl_line(0x152)
    3738                      .dwattr $C$DW$226, DW_AT_decl_column(0x05)
    3739              
    3740              $C$DW$227       .dwtag  DW_TAG_enumerator
    3741                      .dwattr $C$DW$227, DW_AT_name("SYSCTL_PERIPH_CLK_CMPSS7")
    3742                      .dwattr $C$DW$227, DW_AT_const_value(0x60e)
    3743                      .dwattr $C$DW$227, DW_AT_decl_file("D:\15_Delta\14. ANPC Converter\ANPC_3Layer\TMS320F280049C\device\
    3744                      .dwattr $C$DW$227, DW_AT_decl_line(0x153)
    3745                      .dwattr $C$DW$227, DW_AT_decl_column(0x05)
    3746              
    3747              $C$DW$228       .dwtag  DW_TAG_enumerator
    3748                      .dwattr $C$DW$228, DW_AT_name("SYSCTL_PERIPH_CLK_PGA1")
    3749                      .dwattr $C$DW$228, DW_AT_const_value(0x0f)
    3750                      .dwattr $C$DW$228, DW_AT_decl_file("D:\15_Delta\14. ANPC Converter\ANPC_3Layer\TMS320F280049C\device\
    3751                      .dwattr $C$DW$228, DW_AT_decl_line(0x154)
    3752                      .dwattr $C$DW$228, DW_AT_decl_column(0x05)
    3753              
    3754              $C$DW$229       .dwtag  DW_TAG_enumerator
    3755                      .dwattr $C$DW$229, DW_AT_name("SYSCTL_PERIPH_CLK_PGA2")
    3756                      .dwattr $C$DW$229, DW_AT_const_value(0x10f)
    3757                      .dwattr $C$DW$229, DW_AT_decl_file("D:\15_Delta\14. ANPC Converter\ANPC_3Layer\TMS320F280049C\device\
    3758                      .dwattr $C$DW$229, DW_AT_decl_line(0x155)
    3759                      .dwattr $C$DW$229, DW_AT_decl_column(0x05)
    3760              
    3761              $C$DW$230       .dwtag  DW_TAG_enumerator
    3762                      .dwattr $C$DW$230, DW_AT_name("SYSCTL_PERIPH_CLK_PGA3")
    3763                      .dwattr $C$DW$230, DW_AT_const_value(0x20f)
    3764                      .dwattr $C$DW$230, DW_AT_decl_file("D:\15_Delta\14. ANPC Converter\ANPC_3Layer\TMS320F280049C\device\
    3765                      .dwattr $C$DW$230, DW_AT_decl_line(0x156)
    3766                      .dwattr $C$DW$230, DW_AT_decl_column(0x05)
TMS320C2000 Assembler PC v22.6.0 Mon Apr 21 09:03:31 2025

Copyright (c) 1996-2018 Texas Instruments Incorporated
hal_pwm_TMS320F280049C.asm                                           PAGE   75

    3767              
    3768              $C$DW$231       .dwtag  DW_TAG_enumerator
    3769                      .dwattr $C$DW$231, DW_AT_name("SYSCTL_PERIPH_CLK_PGA4")
    3770                      .dwattr $C$DW$231, DW_AT_const_value(0x30f)
    3771                      .dwattr $C$DW$231, DW_AT_decl_file("D:\15_Delta\14. ANPC Converter\ANPC_3Layer\TMS320F280049C\device\
    3772                      .dwattr $C$DW$231, DW_AT_decl_line(0x157)
    3773                      .dwattr $C$DW$231, DW_AT_decl_column(0x05)
    3774              
    3775              $C$DW$232       .dwtag  DW_TAG_enumerator
    3776                      .dwattr $C$DW$232, DW_AT_name("SYSCTL_PERIPH_CLK_PGA5")
    3777                      .dwattr $C$DW$232, DW_AT_const_value(0x40f)
    3778                      .dwattr $C$DW$232, DW_AT_decl_file("D:\15_Delta\14. ANPC Converter\ANPC_3Layer\TMS320F280049C\device\
    3779                      .dwattr $C$DW$232, DW_AT_decl_line(0x158)
    3780                      .dwattr $C$DW$232, DW_AT_decl_column(0x05)
    3781              
    3782              $C$DW$233       .dwtag  DW_TAG_enumerator
    3783                      .dwattr $C$DW$233, DW_AT_name("SYSCTL_PERIPH_CLK_PGA6")
    3784                      .dwattr $C$DW$233, DW_AT_const_value(0x50f)
    3785                      .dwattr $C$DW$233, DW_AT_decl_file("D:\15_Delta\14. ANPC Converter\ANPC_3Layer\TMS320F280049C\device\
    3786                      .dwattr $C$DW$233, DW_AT_decl_line(0x159)
    3787                      .dwattr $C$DW$233, DW_AT_decl_column(0x05)
    3788              
    3789              $C$DW$234       .dwtag  DW_TAG_enumerator
    3790                      .dwattr $C$DW$234, DW_AT_name("SYSCTL_PERIPH_CLK_PGA7")
    3791                      .dwattr $C$DW$234, DW_AT_const_value(0x60f)
    3792                      .dwattr $C$DW$234, DW_AT_decl_file("D:\15_Delta\14. ANPC Converter\ANPC_3Layer\TMS320F280049C\device\
    3793                      .dwattr $C$DW$234, DW_AT_decl_line(0x15a)
    3794                      .dwattr $C$DW$234, DW_AT_decl_column(0x05)
    3795              
    3796              $C$DW$235       .dwtag  DW_TAG_enumerator
    3797                      .dwattr $C$DW$235, DW_AT_name("SYSCTL_PERIPH_CLK_DACA")
    3798                      .dwattr $C$DW$235, DW_AT_const_value(0x1010)
    3799                      .dwattr $C$DW$235, DW_AT_decl_file("D:\15_Delta\14. ANPC Converter\ANPC_3Layer\TMS320F280049C\device\
    3800                      .dwattr $C$DW$235, DW_AT_decl_line(0x15b)
    3801                      .dwattr $C$DW$235, DW_AT_decl_column(0x05)
    3802              
    3803              $C$DW$236       .dwtag  DW_TAG_enumerator
    3804                      .dwattr $C$DW$236, DW_AT_name("SYSCTL_PERIPH_CLK_DACB")
    3805                      .dwattr $C$DW$236, DW_AT_const_value(0x1110)
    3806                      .dwattr $C$DW$236, DW_AT_decl_file("D:\15_Delta\14. ANPC Converter\ANPC_3Layer\TMS320F280049C\device\
    3807                      .dwattr $C$DW$236, DW_AT_decl_line(0x15c)
    3808                      .dwattr $C$DW$236, DW_AT_decl_column(0x05)
    3809              
    3810              $C$DW$237       .dwtag  DW_TAG_enumerator
    3811                      .dwattr $C$DW$237, DW_AT_name("SYSCTL_PERIPH_CLK_CLB1")
    3812                      .dwattr $C$DW$237, DW_AT_const_value(0x11)
    3813                      .dwattr $C$DW$237, DW_AT_decl_file("D:\15_Delta\14. ANPC Converter\ANPC_3Layer\TMS320F280049C\device\
    3814                      .dwattr $C$DW$237, DW_AT_decl_line(0x15d)
    3815                      .dwattr $C$DW$237, DW_AT_decl_column(0x05)
    3816              
    3817              $C$DW$238       .dwtag  DW_TAG_enumerator
    3818                      .dwattr $C$DW$238, DW_AT_name("SYSCTL_PERIPH_CLK_CLB2")
    3819                      .dwattr $C$DW$238, DW_AT_const_value(0x111)
    3820                      .dwattr $C$DW$238, DW_AT_decl_file("D:\15_Delta\14. ANPC Converter\ANPC_3Layer\TMS320F280049C\device\
    3821                      .dwattr $C$DW$238, DW_AT_decl_line(0x15e)
TMS320C2000 Assembler PC v22.6.0 Mon Apr 21 09:03:31 2025

Copyright (c) 1996-2018 Texas Instruments Incorporated
hal_pwm_TMS320F280049C.asm                                           PAGE   76

    3822                      .dwattr $C$DW$238, DW_AT_decl_column(0x05)
    3823              
    3824              $C$DW$239       .dwtag  DW_TAG_enumerator
    3825                      .dwattr $C$DW$239, DW_AT_name("SYSCTL_PERIPH_CLK_CLB3")
    3826                      .dwattr $C$DW$239, DW_AT_const_value(0x211)
    3827                      .dwattr $C$DW$239, DW_AT_decl_file("D:\15_Delta\14. ANPC Converter\ANPC_3Layer\TMS320F280049C\device\
    3828                      .dwattr $C$DW$239, DW_AT_decl_line(0x15f)
    3829                      .dwattr $C$DW$239, DW_AT_decl_column(0x05)
    3830              
    3831              $C$DW$240       .dwtag  DW_TAG_enumerator
    3832                      .dwattr $C$DW$240, DW_AT_name("SYSCTL_PERIPH_CLK_CLB4")
    3833                      .dwattr $C$DW$240, DW_AT_const_value(0x311)
    3834                      .dwattr $C$DW$240, DW_AT_decl_file("D:\15_Delta\14. ANPC Converter\ANPC_3Layer\TMS320F280049C\device\
    3835                      .dwattr $C$DW$240, DW_AT_decl_line(0x160)
    3836                      .dwattr $C$DW$240, DW_AT_decl_column(0x05)
    3837              
    3838              $C$DW$241       .dwtag  DW_TAG_enumerator
    3839                      .dwattr $C$DW$241, DW_AT_name("SYSCTL_PERIPH_CLK_FSITXA")
    3840                      .dwattr $C$DW$241, DW_AT_const_value(0x12)
    3841                      .dwattr $C$DW$241, DW_AT_decl_file("D:\15_Delta\14. ANPC Converter\ANPC_3Layer\TMS320F280049C\device\
    3842                      .dwattr $C$DW$241, DW_AT_decl_line(0x161)
    3843                      .dwattr $C$DW$241, DW_AT_decl_column(0x05)
    3844              
    3845              $C$DW$242       .dwtag  DW_TAG_enumerator
    3846                      .dwattr $C$DW$242, DW_AT_name("SYSCTL_PERIPH_CLK_FSIRXA")
    3847                      .dwattr $C$DW$242, DW_AT_const_value(0x112)
    3848                      .dwattr $C$DW$242, DW_AT_decl_file("D:\15_Delta\14. ANPC Converter\ANPC_3Layer\TMS320F280049C\device\
    3849                      .dwattr $C$DW$242, DW_AT_decl_line(0x162)
    3850                      .dwattr $C$DW$242, DW_AT_decl_column(0x05)
    3851              
    3852              $C$DW$243       .dwtag  DW_TAG_enumerator
    3853                      .dwattr $C$DW$243, DW_AT_name("SYSCTL_PERIPH_CLK_LINA")
    3854                      .dwattr $C$DW$243, DW_AT_const_value(0x13)
    3855                      .dwattr $C$DW$243, DW_AT_decl_file("D:\15_Delta\14. ANPC Converter\ANPC_3Layer\TMS320F280049C\device\
    3856                      .dwattr $C$DW$243, DW_AT_decl_line(0x163)
    3857                      .dwattr $C$DW$243, DW_AT_decl_column(0x05)
    3858              
    3859              $C$DW$244       .dwtag  DW_TAG_enumerator
    3860                      .dwattr $C$DW$244, DW_AT_name("SYSCTL_PERIPH_CLK_PMBUSA")
    3861                      .dwattr $C$DW$244, DW_AT_const_value(0x14)
    3862                      .dwattr $C$DW$244, DW_AT_decl_file("D:\15_Delta\14. ANPC Converter\ANPC_3Layer\TMS320F280049C\device\
    3863                      .dwattr $C$DW$244, DW_AT_decl_line(0x164)
    3864                      .dwattr $C$DW$244, DW_AT_decl_column(0x05)
    3865              
    3866              $C$DW$245       .dwtag  DW_TAG_enumerator
    3867                      .dwattr $C$DW$245, DW_AT_name("SYSCTL_PERIPH_CLK_DCC0")
    3868                      .dwattr $C$DW$245, DW_AT_const_value(0x15)
    3869                      .dwattr $C$DW$245, DW_AT_decl_file("D:\15_Delta\14. ANPC Converter\ANPC_3Layer\TMS320F280049C\device\
    3870                      .dwattr $C$DW$245, DW_AT_decl_line(0x165)
    3871                      .dwattr $C$DW$245, DW_AT_decl_column(0x05)
    3872              
    3873                      .dwattr $C$DW$T$19, DW_AT_decl_file("D:\15_Delta\14. ANPC Converter\ANPC_3Layer\TMS320F280049C\device
    3874                      .dwattr $C$DW$T$19, DW_AT_decl_line(0x129)
    3875                      .dwattr $C$DW$T$19, DW_AT_decl_column(0x01)
    3876                      .dwendtag $C$DW$T$19
TMS320C2000 Assembler PC v22.6.0 Mon Apr 21 09:03:31 2025

Copyright (c) 1996-2018 Texas Instruments Incorporated
hal_pwm_TMS320F280049C.asm                                           PAGE   77

    3877              
    3878                      .dwendtag $C$DW$TU$19
    3879              
    3880              
    3881              $C$DW$TU$20     .dwtag  DW_TAG_type_unit
    3882                      .dwmtype  $C$DW$T$20
    3883              $C$DW$T$20      .dwtag  DW_TAG_typedef
    3884                      .dwattr $C$DW$T$20, DW_AT_name("SysCtl_PeripheralPCLOCKCR")
    3885                      .dwattr $C$DW$T$20, DW_AT_type(*$C$DW$T$19)
    3886                      .dwattr $C$DW$T$20, DW_AT_decl_file("D:\15_Delta\14. ANPC Converter\ANPC_3Layer\TMS320F280049C\device
    3887                      .dwattr $C$DW$T$20, DW_AT_decl_line(0x166)
    3888                      .dwattr $C$DW$T$20, DW_AT_decl_column(0x03)
    3889              
    3890                      .dwendtag $C$DW$TU$20
    3891              
    3892              
    3893              $C$DW$TU$21     .dwtag  DW_TAG_type_unit
    3894                      .dwmtype  $C$DW$T$21
    3895              
    3896              $C$DW$T$21      .dwtag  DW_TAG_enumeration_type
    3897                      .dwattr $C$DW$T$21, DW_AT_byte_size(0x01)
    3898              $C$DW$246       .dwtag  DW_TAG_enumerator
    3899                      .dwattr $C$DW$246, DW_AT_name("EPWM_COUNT_MODE_DOWN_AFTER_SYNC")
    3900                      .dwattr $C$DW$246, DW_AT_const_value(0x00)
    3901                      .dwattr $C$DW$246, DW_AT_decl_file("D:/15_Delta/14. ANPC Converter/ANPC_3Layer/TMS320F280049C/device/
    3902                      .dwattr $C$DW$246, DW_AT_decl_line(0x62)
    3903                      .dwattr $C$DW$246, DW_AT_decl_column(0x04)
    3904              
    3905              $C$DW$247       .dwtag  DW_TAG_enumerator
    3906                      .dwattr $C$DW$247, DW_AT_name("EPWM_COUNT_MODE_UP_AFTER_SYNC")
    3907                      .dwattr $C$DW$247, DW_AT_const_value(0x01)
    3908                      .dwattr $C$DW$247, DW_AT_decl_file("D:/15_Delta/14. ANPC Converter/ANPC_3Layer/TMS320F280049C/device/
    3909                      .dwattr $C$DW$247, DW_AT_decl_line(0x63)
    3910                      .dwattr $C$DW$247, DW_AT_decl_column(0x04)
    3911              
    3912                      .dwattr $C$DW$T$21, DW_AT_decl_file("D:/15_Delta/14. ANPC Converter/ANPC_3Layer/TMS320F280049C/device
    3913                      .dwattr $C$DW$T$21, DW_AT_decl_line(0x61)
    3914                      .dwattr $C$DW$T$21, DW_AT_decl_column(0x01)
    3915                      .dwendtag $C$DW$T$21
    3916              
    3917                      .dwendtag $C$DW$TU$21
    3918              
    3919              
    3920              $C$DW$TU$22     .dwtag  DW_TAG_type_unit
    3921                      .dwmtype  $C$DW$T$22
    3922              $C$DW$T$22      .dwtag  DW_TAG_typedef
    3923                      .dwattr $C$DW$T$22, DW_AT_name("EPWM_SyncCountMode")
    3924                      .dwattr $C$DW$T$22, DW_AT_type(*$C$DW$T$21)
    3925                      .dwattr $C$DW$T$22, DW_AT_decl_file("D:/15_Delta/14. ANPC Converter/ANPC_3Layer/TMS320F280049C/device
    3926                      .dwattr $C$DW$T$22, DW_AT_decl_line(0x64)
    3927                      .dwattr $C$DW$T$22, DW_AT_decl_column(0x03)
    3928              
    3929                      .dwendtag $C$DW$TU$22
    3930              
    3931              
TMS320C2000 Assembler PC v22.6.0 Mon Apr 21 09:03:31 2025

Copyright (c) 1996-2018 Texas Instruments Incorporated
hal_pwm_TMS320F280049C.asm                                           PAGE   78

    3932              $C$DW$TU$23     .dwtag  DW_TAG_type_unit
    3933                      .dwmtype  $C$DW$T$23
    3934              
    3935              $C$DW$T$23      .dwtag  DW_TAG_enumeration_type
    3936                      .dwattr $C$DW$T$23, DW_AT_byte_size(0x01)
    3937              $C$DW$248       .dwtag  DW_TAG_enumerator
    3938                      .dwattr $C$DW$248, DW_AT_name("EPWM_CLOCK_DIVIDER_1")
    3939                      .dwattr $C$DW$248, DW_AT_const_value(0x00)
    3940                      .dwattr $C$DW$248, DW_AT_decl_file("D:/15_Delta/14. ANPC Converter/ANPC_3Layer/TMS320F280049C/device/
    3941                      .dwattr $C$DW$248, DW_AT_decl_line(0x6e)
    3942                      .dwattr $C$DW$248, DW_AT_decl_column(0x05)
    3943              
    3944              $C$DW$249       .dwtag  DW_TAG_enumerator
    3945                      .dwattr $C$DW$249, DW_AT_name("EPWM_CLOCK_DIVIDER_2")
    3946                      .dwattr $C$DW$249, DW_AT_const_value(0x01)
    3947                      .dwattr $C$DW$249, DW_AT_decl_file("D:/15_Delta/14. ANPC Converter/ANPC_3Layer/TMS320F280049C/device/
    3948                      .dwattr $C$DW$249, DW_AT_decl_line(0x6f)
    3949                      .dwattr $C$DW$249, DW_AT_decl_column(0x05)
    3950              
    3951              $C$DW$250       .dwtag  DW_TAG_enumerator
    3952                      .dwattr $C$DW$250, DW_AT_name("EPWM_CLOCK_DIVIDER_4")
    3953                      .dwattr $C$DW$250, DW_AT_const_value(0x02)
    3954                      .dwattr $C$DW$250, DW_AT_decl_file("D:/15_Delta/14. ANPC Converter/ANPC_3Layer/TMS320F280049C/device/
    3955                      .dwattr $C$DW$250, DW_AT_decl_line(0x70)
    3956                      .dwattr $C$DW$250, DW_AT_decl_column(0x05)
    3957              
    3958              $C$DW$251       .dwtag  DW_TAG_enumerator
    3959                      .dwattr $C$DW$251, DW_AT_name("EPWM_CLOCK_DIVIDER_8")
    3960                      .dwattr $C$DW$251, DW_AT_const_value(0x03)
    3961                      .dwattr $C$DW$251, DW_AT_decl_file("D:/15_Delta/14. ANPC Converter/ANPC_3Layer/TMS320F280049C/device/
    3962                      .dwattr $C$DW$251, DW_AT_decl_line(0x71)
    3963                      .dwattr $C$DW$251, DW_AT_decl_column(0x05)
    3964              
    3965              $C$DW$252       .dwtag  DW_TAG_enumerator
    3966                      .dwattr $C$DW$252, DW_AT_name("EPWM_CLOCK_DIVIDER_16")
    3967                      .dwattr $C$DW$252, DW_AT_const_value(0x04)
    3968                      .dwattr $C$DW$252, DW_AT_decl_file("D:/15_Delta/14. ANPC Converter/ANPC_3Layer/TMS320F280049C/device/
    3969                      .dwattr $C$DW$252, DW_AT_decl_line(0x72)
    3970                      .dwattr $C$DW$252, DW_AT_decl_column(0x05)
    3971              
    3972              $C$DW$253       .dwtag  DW_TAG_enumerator
    3973                      .dwattr $C$DW$253, DW_AT_name("EPWM_CLOCK_DIVIDER_32")
    3974                      .dwattr $C$DW$253, DW_AT_const_value(0x05)
    3975                      .dwattr $C$DW$253, DW_AT_decl_file("D:/15_Delta/14. ANPC Converter/ANPC_3Layer/TMS320F280049C/device/
    3976                      .dwattr $C$DW$253, DW_AT_decl_line(0x73)
    3977                      .dwattr $C$DW$253, DW_AT_decl_column(0x05)
    3978              
    3979              $C$DW$254       .dwtag  DW_TAG_enumerator
    3980                      .dwattr $C$DW$254, DW_AT_name("EPWM_CLOCK_DIVIDER_64")
    3981                      .dwattr $C$DW$254, DW_AT_const_value(0x06)
    3982                      .dwattr $C$DW$254, DW_AT_decl_file("D:/15_Delta/14. ANPC Converter/ANPC_3Layer/TMS320F280049C/device/
    3983                      .dwattr $C$DW$254, DW_AT_decl_line(0x74)
    3984                      .dwattr $C$DW$254, DW_AT_decl_column(0x05)
    3985              
    3986              $C$DW$255       .dwtag  DW_TAG_enumerator
TMS320C2000 Assembler PC v22.6.0 Mon Apr 21 09:03:31 2025

Copyright (c) 1996-2018 Texas Instruments Incorporated
hal_pwm_TMS320F280049C.asm                                           PAGE   79

    3987                      .dwattr $C$DW$255, DW_AT_name("EPWM_CLOCK_DIVIDER_128")
    3988                      .dwattr $C$DW$255, DW_AT_const_value(0x07)
    3989                      .dwattr $C$DW$255, DW_AT_decl_file("D:/15_Delta/14. ANPC Converter/ANPC_3Layer/TMS320F280049C/device/
    3990                      .dwattr $C$DW$255, DW_AT_decl_line(0x75)
    3991                      .dwattr $C$DW$255, DW_AT_decl_column(0x05)
    3992              
    3993                      .dwattr $C$DW$T$23, DW_AT_decl_file("D:/15_Delta/14. ANPC Converter/ANPC_3Layer/TMS320F280049C/device
    3994                      .dwattr $C$DW$T$23, DW_AT_decl_line(0x6d)
    3995                      .dwattr $C$DW$T$23, DW_AT_decl_column(0x01)
    3996                      .dwendtag $C$DW$T$23
    3997              
    3998                      .dwendtag $C$DW$TU$23
    3999              
    4000              
    4001              $C$DW$TU$24     .dwtag  DW_TAG_type_unit
    4002                      .dwmtype  $C$DW$T$24
    4003              $C$DW$T$24      .dwtag  DW_TAG_typedef
    4004                      .dwattr $C$DW$T$24, DW_AT_name("EPWM_ClockDivider")
    4005                      .dwattr $C$DW$T$24, DW_AT_type(*$C$DW$T$23)
    4006                      .dwattr $C$DW$T$24, DW_AT_decl_file("D:/15_Delta/14. ANPC Converter/ANPC_3Layer/TMS320F280049C/device
    4007                      .dwattr $C$DW$T$24, DW_AT_decl_line(0x76)
    4008                      .dwattr $C$DW$T$24, DW_AT_decl_column(0x03)
    4009              
    4010                      .dwendtag $C$DW$TU$24
    4011              
    4012              
    4013              $C$DW$TU$25     .dwtag  DW_TAG_type_unit
    4014                      .dwmtype  $C$DW$T$25
    4015              
    4016              $C$DW$T$25      .dwtag  DW_TAG_enumeration_type
    4017                      .dwattr $C$DW$T$25, DW_AT_byte_size(0x01)
    4018              $C$DW$256       .dwtag  DW_TAG_enumerator
    4019                      .dwattr $C$DW$256, DW_AT_name("EPWM_HSCLOCK_DIVIDER_1")
    4020                      .dwattr $C$DW$256, DW_AT_const_value(0x00)
    4021                      .dwattr $C$DW$256, DW_AT_decl_file("D:/15_Delta/14. ANPC Converter/ANPC_3Layer/TMS320F280049C/device/
    4022                      .dwattr $C$DW$256, DW_AT_decl_line(0x80)
    4023                      .dwattr $C$DW$256, DW_AT_decl_column(0x05)
    4024              
    4025              $C$DW$257       .dwtag  DW_TAG_enumerator
    4026                      .dwattr $C$DW$257, DW_AT_name("EPWM_HSCLOCK_DIVIDER_2")
    4027                      .dwattr $C$DW$257, DW_AT_const_value(0x01)
    4028                      .dwattr $C$DW$257, DW_AT_decl_file("D:/15_Delta/14. ANPC Converter/ANPC_3Layer/TMS320F280049C/device/
    4029                      .dwattr $C$DW$257, DW_AT_decl_line(0x81)
    4030                      .dwattr $C$DW$257, DW_AT_decl_column(0x05)
    4031              
    4032              $C$DW$258       .dwtag  DW_TAG_enumerator
    4033                      .dwattr $C$DW$258, DW_AT_name("EPWM_HSCLOCK_DIVIDER_4")
    4034                      .dwattr $C$DW$258, DW_AT_const_value(0x02)
    4035                      .dwattr $C$DW$258, DW_AT_decl_file("D:/15_Delta/14. ANPC Converter/ANPC_3Layer/TMS320F280049C/device/
    4036                      .dwattr $C$DW$258, DW_AT_decl_line(0x82)
    4037                      .dwattr $C$DW$258, DW_AT_decl_column(0x05)
    4038              
    4039              $C$DW$259       .dwtag  DW_TAG_enumerator
    4040                      .dwattr $C$DW$259, DW_AT_name("EPWM_HSCLOCK_DIVIDER_6")
    4041                      .dwattr $C$DW$259, DW_AT_const_value(0x03)
TMS320C2000 Assembler PC v22.6.0 Mon Apr 21 09:03:31 2025

Copyright (c) 1996-2018 Texas Instruments Incorporated
hal_pwm_TMS320F280049C.asm                                           PAGE   80

    4042                      .dwattr $C$DW$259, DW_AT_decl_file("D:/15_Delta/14. ANPC Converter/ANPC_3Layer/TMS320F280049C/device/
    4043                      .dwattr $C$DW$259, DW_AT_decl_line(0x83)
    4044                      .dwattr $C$DW$259, DW_AT_decl_column(0x05)
    4045              
    4046              $C$DW$260       .dwtag  DW_TAG_enumerator
    4047                      .dwattr $C$DW$260, DW_AT_name("EPWM_HSCLOCK_DIVIDER_8")
    4048                      .dwattr $C$DW$260, DW_AT_const_value(0x04)
    4049                      .dwattr $C$DW$260, DW_AT_decl_file("D:/15_Delta/14. ANPC Converter/ANPC_3Layer/TMS320F280049C/device/
    4050                      .dwattr $C$DW$260, DW_AT_decl_line(0x84)
    4051                      .dwattr $C$DW$260, DW_AT_decl_column(0x05)
    4052              
    4053              $C$DW$261       .dwtag  DW_TAG_enumerator
    4054                      .dwattr $C$DW$261, DW_AT_name("EPWM_HSCLOCK_DIVIDER_10")
    4055                      .dwattr $C$DW$261, DW_AT_const_value(0x05)
    4056                      .dwattr $C$DW$261, DW_AT_decl_file("D:/15_Delta/14. ANPC Converter/ANPC_3Layer/TMS320F280049C/device/
    4057                      .dwattr $C$DW$261, DW_AT_decl_line(0x85)
    4058                      .dwattr $C$DW$261, DW_AT_decl_column(0x05)
    4059              
    4060              $C$DW$262       .dwtag  DW_TAG_enumerator
    4061                      .dwattr $C$DW$262, DW_AT_name("EPWM_HSCLOCK_DIVIDER_12")
    4062                      .dwattr $C$DW$262, DW_AT_const_value(0x06)
    4063                      .dwattr $C$DW$262, DW_AT_decl_file("D:/15_Delta/14. ANPC Converter/ANPC_3Layer/TMS320F280049C/device/
    4064                      .dwattr $C$DW$262, DW_AT_decl_line(0x86)
    4065                      .dwattr $C$DW$262, DW_AT_decl_column(0x05)
    4066              
    4067              $C$DW$263       .dwtag  DW_TAG_enumerator
    4068                      .dwattr $C$DW$263, DW_AT_name("EPWM_HSCLOCK_DIVIDER_14")
    4069                      .dwattr $C$DW$263, DW_AT_const_value(0x07)
    4070                      .dwattr $C$DW$263, DW_AT_decl_file("D:/15_Delta/14. ANPC Converter/ANPC_3Layer/TMS320F280049C/device/
    4071                      .dwattr $C$DW$263, DW_AT_decl_line(0x87)
    4072                      .dwattr $C$DW$263, DW_AT_decl_column(0x05)
    4073              
    4074                      .dwattr $C$DW$T$25, DW_AT_decl_file("D:/15_Delta/14. ANPC Converter/ANPC_3Layer/TMS320F280049C/device
    4075                      .dwattr $C$DW$T$25, DW_AT_decl_line(0x7f)
    4076                      .dwattr $C$DW$T$25, DW_AT_decl_column(0x01)
    4077                      .dwendtag $C$DW$T$25
    4078              
    4079                      .dwendtag $C$DW$TU$25
    4080              
    4081              
    4082              $C$DW$TU$26     .dwtag  DW_TAG_type_unit
    4083                      .dwmtype  $C$DW$T$26
    4084              $C$DW$T$26      .dwtag  DW_TAG_typedef
    4085                      .dwattr $C$DW$T$26, DW_AT_name("EPWM_HSClockDivider")
    4086                      .dwattr $C$DW$T$26, DW_AT_type(*$C$DW$T$25)
    4087                      .dwattr $C$DW$T$26, DW_AT_decl_file("D:/15_Delta/14. ANPC Converter/ANPC_3Layer/TMS320F280049C/device
    4088                      .dwattr $C$DW$T$26, DW_AT_decl_line(0x88)
    4089                      .dwattr $C$DW$T$26, DW_AT_decl_column(0x03)
    4090              
    4091                      .dwendtag $C$DW$TU$26
    4092              
    4093              
    4094              $C$DW$TU$27     .dwtag  DW_TAG_type_unit
    4095                      .dwmtype  $C$DW$T$27
    4096              
TMS320C2000 Assembler PC v22.6.0 Mon Apr 21 09:03:31 2025

Copyright (c) 1996-2018 Texas Instruments Incorporated
hal_pwm_TMS320F280049C.asm                                           PAGE   81

    4097              $C$DW$T$27      .dwtag  DW_TAG_enumeration_type
    4098                      .dwattr $C$DW$T$27, DW_AT_byte_size(0x01)
    4099              $C$DW$264       .dwtag  DW_TAG_enumerator
    4100                      .dwattr $C$DW$264, DW_AT_name("EPWM_SYNC_OUT_PULSE_ON_SOFTWARE")
    4101                      .dwattr $C$DW$264, DW_AT_const_value(0x00)
    4102                      .dwattr $C$DW$264, DW_AT_decl_file("D:/15_Delta/14. ANPC Converter/ANPC_3Layer/TMS320F280049C/device/
    4103                      .dwattr $C$DW$264, DW_AT_decl_line(0x93)
    4104                      .dwattr $C$DW$264, DW_AT_decl_column(0x05)
    4105              
    4106              $C$DW$265       .dwtag  DW_TAG_enumerator
    4107                      .dwattr $C$DW$265, DW_AT_name("EPWM_SYNC_OUT_PULSE_ON_EPWMxSYNCIN")
    4108                      .dwattr $C$DW$265, DW_AT_const_value(0x00)
    4109                      .dwattr $C$DW$265, DW_AT_decl_file("D:/15_Delta/14. ANPC Converter/ANPC_3Layer/TMS320F280049C/device/
    4110                      .dwattr $C$DW$265, DW_AT_decl_line(0x95)
    4111                      .dwattr $C$DW$265, DW_AT_decl_column(0x05)
    4112              
    4113              $C$DW$266       .dwtag  DW_TAG_enumerator
    4114                      .dwattr $C$DW$266, DW_AT_name("EPWM_SYNC_OUT_PULSE_ON_COUNTER_ZERO")
    4115                      .dwattr $C$DW$266, DW_AT_const_value(0x01)
    4116                      .dwattr $C$DW$266, DW_AT_decl_file("D:/15_Delta/14. ANPC Converter/ANPC_3Layer/TMS320F280049C/device/
    4117                      .dwattr $C$DW$266, DW_AT_decl_line(0x97)
    4118                      .dwattr $C$DW$266, DW_AT_decl_column(0x05)
    4119              
    4120              $C$DW$267       .dwtag  DW_TAG_enumerator
    4121                      .dwattr $C$DW$267, DW_AT_name("EPWM_SYNC_OUT_PULSE_ON_COUNTER_COMPARE_B")
    4122                      .dwattr $C$DW$267, DW_AT_const_value(0x02)
    4123                      .dwattr $C$DW$267, DW_AT_decl_file("D:/15_Delta/14. ANPC Converter/ANPC_3Layer/TMS320F280049C/device/
    4124                      .dwattr $C$DW$267, DW_AT_decl_line(0x99)
    4125                      .dwattr $C$DW$267, DW_AT_decl_column(0x05)
    4126              
    4127              $C$DW$268       .dwtag  DW_TAG_enumerator
    4128                      .dwattr $C$DW$268, DW_AT_name("EPWM_SYNC_OUT_PULSE_DISABLED")
    4129                      .dwattr $C$DW$268, DW_AT_const_value(0x04)
    4130                      .dwattr $C$DW$268, DW_AT_decl_file("D:/15_Delta/14. ANPC Converter/ANPC_3Layer/TMS320F280049C/device/
    4131                      .dwattr $C$DW$268, DW_AT_decl_line(0x9b)
    4132                      .dwattr $C$DW$268, DW_AT_decl_column(0x05)
    4133              
    4134              $C$DW$269       .dwtag  DW_TAG_enumerator
    4135                      .dwattr $C$DW$269, DW_AT_name("EPWM_SYNC_OUT_PULSE_ON_COUNTER_COMPARE_C")
    4136                      .dwattr $C$DW$269, DW_AT_const_value(0x05)
    4137                      .dwattr $C$DW$269, DW_AT_decl_file("D:/15_Delta/14. ANPC Converter/ANPC_3Layer/TMS320F280049C/device/
    4138                      .dwattr $C$DW$269, DW_AT_decl_line(0x9d)
    4139                      .dwattr $C$DW$269, DW_AT_decl_column(0x05)
    4140              
    4141              $C$DW$270       .dwtag  DW_TAG_enumerator
    4142                      .dwattr $C$DW$270, DW_AT_name("EPWM_SYNC_OUT_PULSE_ON_COUNTER_COMPARE_D")
    4143                      .dwattr $C$DW$270, DW_AT_const_value(0x06)
    4144                      .dwattr $C$DW$270, DW_AT_decl_file("D:/15_Delta/14. ANPC Converter/ANPC_3Layer/TMS320F280049C/device/
    4145                      .dwattr $C$DW$270, DW_AT_decl_line(0x9f)
    4146                      .dwattr $C$DW$270, DW_AT_decl_column(0x05)
    4147              
    4148                      .dwattr $C$DW$T$27, DW_AT_decl_file("D:/15_Delta/14. ANPC Converter/ANPC_3Layer/TMS320F280049C/device
    4149                      .dwattr $C$DW$T$27, DW_AT_decl_line(0x91)
    4150                      .dwattr $C$DW$T$27, DW_AT_decl_column(0x01)
    4151                      .dwendtag $C$DW$T$27
TMS320C2000 Assembler PC v22.6.0 Mon Apr 21 09:03:31 2025

Copyright (c) 1996-2018 Texas Instruments Incorporated
hal_pwm_TMS320F280049C.asm                                           PAGE   82

    4152              
    4153                      .dwendtag $C$DW$TU$27
    4154              
    4155              
    4156              $C$DW$TU$28     .dwtag  DW_TAG_type_unit
    4157                      .dwmtype  $C$DW$T$28
    4158              $C$DW$T$28      .dwtag  DW_TAG_typedef
    4159                      .dwattr $C$DW$T$28, DW_AT_name("EPWM_SyncOutPulseMode")
    4160                      .dwattr $C$DW$T$28, DW_AT_type(*$C$DW$T$27)
    4161                      .dwattr $C$DW$T$28, DW_AT_decl_file("D:/15_Delta/14. ANPC Converter/ANPC_3Layer/TMS320F280049C/device
    4162                      .dwattr $C$DW$T$28, DW_AT_decl_line(0xa0)
    4163                      .dwattr $C$DW$T$28, DW_AT_decl_column(0x03)
    4164              
    4165                      .dwendtag $C$DW$TU$28
    4166              
    4167              
    4168              $C$DW$TU$29     .dwtag  DW_TAG_type_unit
    4169                      .dwmtype  $C$DW$T$29
    4170              
    4171              $C$DW$T$29      .dwtag  DW_TAG_enumeration_type
    4172                      .dwattr $C$DW$T$29, DW_AT_byte_size(0x01)
    4173              $C$DW$271       .dwtag  DW_TAG_enumerator
    4174                      .dwattr $C$DW$271, DW_AT_name("EPWM_PERIOD_SHADOW_LOAD")
    4175                      .dwattr $C$DW$271, DW_AT_const_value(0x00)
    4176                      .dwattr $C$DW$271, DW_AT_decl_file("D:/15_Delta/14. ANPC Converter/ANPC_3Layer/TMS320F280049C/device/
    4177                      .dwattr $C$DW$271, DW_AT_decl_line(0xab)
    4178                      .dwattr $C$DW$271, DW_AT_decl_column(0x05)
    4179              
    4180              $C$DW$272       .dwtag  DW_TAG_enumerator
    4181                      .dwattr $C$DW$272, DW_AT_name("EPWM_PERIOD_DIRECT_LOAD")
    4182                      .dwattr $C$DW$272, DW_AT_const_value(0x01)
    4183                      .dwattr $C$DW$272, DW_AT_decl_file("D:/15_Delta/14. ANPC Converter/ANPC_3Layer/TMS320F280049C/device/
    4184                      .dwattr $C$DW$272, DW_AT_decl_line(0xad)
    4185                      .dwattr $C$DW$272, DW_AT_decl_column(0x05)
    4186              
    4187                      .dwattr $C$DW$T$29, DW_AT_decl_file("D:/15_Delta/14. ANPC Converter/ANPC_3Layer/TMS320F280049C/device
    4188                      .dwattr $C$DW$T$29, DW_AT_decl_line(0xa9)
    4189                      .dwattr $C$DW$T$29, DW_AT_decl_column(0x01)
    4190                      .dwendtag $C$DW$T$29
    4191              
    4192                      .dwendtag $C$DW$TU$29
    4193              
    4194              
    4195              $C$DW$TU$30     .dwtag  DW_TAG_type_unit
    4196                      .dwmtype  $C$DW$T$30
    4197              $C$DW$T$30      .dwtag  DW_TAG_typedef
    4198                      .dwattr $C$DW$T$30, DW_AT_name("EPWM_PeriodLoadMode")
    4199                      .dwattr $C$DW$T$30, DW_AT_type(*$C$DW$T$29)
    4200                      .dwattr $C$DW$T$30, DW_AT_decl_file("D:/15_Delta/14. ANPC Converter/ANPC_3Layer/TMS320F280049C/device
    4201                      .dwattr $C$DW$T$30, DW_AT_decl_line(0xae)
    4202                      .dwattr $C$DW$T$30, DW_AT_decl_column(0x03)
    4203              
    4204                      .dwendtag $C$DW$TU$30
    4205              
    4206              
TMS320C2000 Assembler PC v22.6.0 Mon Apr 21 09:03:31 2025

Copyright (c) 1996-2018 Texas Instruments Incorporated
hal_pwm_TMS320F280049C.asm                                           PAGE   83

    4207              $C$DW$TU$31     .dwtag  DW_TAG_type_unit
    4208                      .dwmtype  $C$DW$T$31
    4209              
    4210              $C$DW$T$31      .dwtag  DW_TAG_enumeration_type
    4211                      .dwattr $C$DW$T$31, DW_AT_byte_size(0x01)
    4212              $C$DW$273       .dwtag  DW_TAG_enumerator
    4213                      .dwattr $C$DW$273, DW_AT_name("EPWM_COUNTER_MODE_UP")
    4214                      .dwattr $C$DW$273, DW_AT_const_value(0x00)
    4215                      .dwattr $C$DW$273, DW_AT_decl_file("D:/15_Delta/14. ANPC Converter/ANPC_3Layer/TMS320F280049C/device/
    4216                      .dwattr $C$DW$273, DW_AT_decl_line(0xb8)
    4217                      .dwattr $C$DW$273, DW_AT_decl_column(0x05)
    4218              
    4219              $C$DW$274       .dwtag  DW_TAG_enumerator
    4220                      .dwattr $C$DW$274, DW_AT_name("EPWM_COUNTER_MODE_DOWN")
    4221                      .dwattr $C$DW$274, DW_AT_const_value(0x01)
    4222                      .dwattr $C$DW$274, DW_AT_decl_file("D:/15_Delta/14. ANPC Converter/ANPC_3Layer/TMS320F280049C/device/
    4223                      .dwattr $C$DW$274, DW_AT_decl_line(0xb9)
    4224                      .dwattr $C$DW$274, DW_AT_decl_column(0x05)
    4225              
    4226              $C$DW$275       .dwtag  DW_TAG_enumerator
    4227                      .dwattr $C$DW$275, DW_AT_name("EPWM_COUNTER_MODE_UP_DOWN")
    4228                      .dwattr $C$DW$275, DW_AT_const_value(0x02)
    4229                      .dwattr $C$DW$275, DW_AT_decl_file("D:/15_Delta/14. ANPC Converter/ANPC_3Layer/TMS320F280049C/device/
    4230                      .dwattr $C$DW$275, DW_AT_decl_line(0xba)
    4231                      .dwattr $C$DW$275, DW_AT_decl_column(0x05)
    4232              
    4233              $C$DW$276       .dwtag  DW_TAG_enumerator
    4234                      .dwattr $C$DW$276, DW_AT_name("EPWM_COUNTER_MODE_STOP_FREEZE")
    4235                      .dwattr $C$DW$276, DW_AT_const_value(0x03)
    4236                      .dwattr $C$DW$276, DW_AT_decl_file("D:/15_Delta/14. ANPC Converter/ANPC_3Layer/TMS320F280049C/device/
    4237                      .dwattr $C$DW$276, DW_AT_decl_line(0xbb)
    4238                      .dwattr $C$DW$276, DW_AT_decl_column(0x05)
    4239              
    4240                      .dwattr $C$DW$T$31, DW_AT_decl_file("D:/15_Delta/14. ANPC Converter/ANPC_3Layer/TMS320F280049C/device
    4241                      .dwattr $C$DW$T$31, DW_AT_decl_line(0xb7)
    4242                      .dwattr $C$DW$T$31, DW_AT_decl_column(0x01)
    4243                      .dwendtag $C$DW$T$31
    4244              
    4245                      .dwendtag $C$DW$TU$31
    4246              
    4247              
    4248              $C$DW$TU$32     .dwtag  DW_TAG_type_unit
    4249                      .dwmtype  $C$DW$T$32
    4250              $C$DW$T$32      .dwtag  DW_TAG_typedef
    4251                      .dwattr $C$DW$T$32, DW_AT_name("EPWM_TimeBaseCountMode")
    4252                      .dwattr $C$DW$T$32, DW_AT_type(*$C$DW$T$31)
    4253                      .dwattr $C$DW$T$32, DW_AT_decl_file("D:/15_Delta/14. ANPC Converter/ANPC_3Layer/TMS320F280049C/device
    4254                      .dwattr $C$DW$T$32, DW_AT_decl_line(0xbc)
    4255                      .dwattr $C$DW$T$32, DW_AT_decl_column(0x03)
    4256              
    4257                      .dwendtag $C$DW$TU$32
    4258              
    4259              
    4260              $C$DW$TU$33     .dwtag  DW_TAG_type_unit
    4261                      .dwmtype  $C$DW$T$33
TMS320C2000 Assembler PC v22.6.0 Mon Apr 21 09:03:31 2025

Copyright (c) 1996-2018 Texas Instruments Incorporated
hal_pwm_TMS320F280049C.asm                                           PAGE   84

    4262              
    4263              $C$DW$T$33      .dwtag  DW_TAG_enumeration_type
    4264                      .dwattr $C$DW$T$33, DW_AT_byte_size(0x01)
    4265              $C$DW$277       .dwtag  DW_TAG_enumerator
    4266                      .dwattr $C$DW$277, DW_AT_name("EPWM_COUNTER_COMPARE_A")
    4267                      .dwattr $C$DW$277, DW_AT_const_value(0x00)
    4268                      .dwattr $C$DW$277, DW_AT_decl_file("D:/15_Delta/14. ANPC Converter/ANPC_3Layer/TMS320F280049C/device/
    4269                      .dwattr $C$DW$277, DW_AT_decl_line(0x10a)
    4270                      .dwattr $C$DW$277, DW_AT_decl_column(0x05)
    4271              
    4272              $C$DW$278       .dwtag  DW_TAG_enumerator
    4273                      .dwattr $C$DW$278, DW_AT_name("EPWM_COUNTER_COMPARE_B")
    4274                      .dwattr $C$DW$278, DW_AT_const_value(0x02)
    4275                      .dwattr $C$DW$278, DW_AT_decl_file("D:/15_Delta/14. ANPC Converter/ANPC_3Layer/TMS320F280049C/device/
    4276                      .dwattr $C$DW$278, DW_AT_decl_line(0x10b)
    4277                      .dwattr $C$DW$278, DW_AT_decl_column(0x05)
    4278              
    4279              $C$DW$279       .dwtag  DW_TAG_enumerator
    4280                      .dwattr $C$DW$279, DW_AT_name("EPWM_COUNTER_COMPARE_C")
    4281                      .dwattr $C$DW$279, DW_AT_const_value(0x05)
    4282                      .dwattr $C$DW$279, DW_AT_decl_file("D:/15_Delta/14. ANPC Converter/ANPC_3Layer/TMS320F280049C/device/
    4283                      .dwattr $C$DW$279, DW_AT_decl_line(0x10c)
    4284                      .dwattr $C$DW$279, DW_AT_decl_column(0x05)
    4285              
    4286              $C$DW$280       .dwtag  DW_TAG_enumerator
    4287                      .dwattr $C$DW$280, DW_AT_name("EPWM_COUNTER_COMPARE_D")
    4288                      .dwattr $C$DW$280, DW_AT_const_value(0x07)
    4289                      .dwattr $C$DW$280, DW_AT_decl_file("D:/15_Delta/14. ANPC Converter/ANPC_3Layer/TMS320F280049C/device/
    4290                      .dwattr $C$DW$280, DW_AT_decl_line(0x10d)
    4291                      .dwattr $C$DW$280, DW_AT_decl_column(0x05)
    4292              
    4293                      .dwattr $C$DW$T$33, DW_AT_decl_file("D:/15_Delta/14. ANPC Converter/ANPC_3Layer/TMS320F280049C/device
    4294                      .dwattr $C$DW$T$33, DW_AT_decl_line(0x109)
    4295                      .dwattr $C$DW$T$33, DW_AT_decl_column(0x01)
    4296                      .dwendtag $C$DW$T$33
    4297              
    4298                      .dwendtag $C$DW$TU$33
    4299              
    4300              
    4301              $C$DW$TU$34     .dwtag  DW_TAG_type_unit
    4302                      .dwmtype  $C$DW$T$34
    4303              $C$DW$T$34      .dwtag  DW_TAG_typedef
    4304                      .dwattr $C$DW$T$34, DW_AT_name("EPWM_CounterCompareModule")
    4305                      .dwattr $C$DW$T$34, DW_AT_type(*$C$DW$T$33)
    4306                      .dwattr $C$DW$T$34, DW_AT_decl_file("D:/15_Delta/14. ANPC Converter/ANPC_3Layer/TMS320F280049C/device
    4307                      .dwattr $C$DW$T$34, DW_AT_decl_line(0x10e)
    4308                      .dwattr $C$DW$T$34, DW_AT_decl_column(0x03)
    4309              
    4310                      .dwendtag $C$DW$TU$34
    4311              
    4312              
    4313              $C$DW$TU$35     .dwtag  DW_TAG_type_unit
    4314                      .dwmtype  $C$DW$T$35
    4315              
    4316              $C$DW$T$35      .dwtag  DW_TAG_enumeration_type
TMS320C2000 Assembler PC v22.6.0 Mon Apr 21 09:03:31 2025

Copyright (c) 1996-2018 Texas Instruments Incorporated
hal_pwm_TMS320F280049C.asm                                           PAGE   85

    4317                      .dwattr $C$DW$T$35, DW_AT_byte_size(0x01)
    4318              $C$DW$281       .dwtag  DW_TAG_enumerator
    4319                      .dwattr $C$DW$281, DW_AT_name("EPWM_COMP_LOAD_ON_CNTR_ZERO")
    4320                      .dwattr $C$DW$281, DW_AT_const_value(0x00)
    4321                      .dwattr $C$DW$281, DW_AT_decl_file("D:/15_Delta/14. ANPC Converter/ANPC_3Layer/TMS320F280049C/device/
    4322                      .dwattr $C$DW$281, DW_AT_decl_line(0x119)
    4323                      .dwattr $C$DW$281, DW_AT_decl_column(0x05)
    4324              
    4325              $C$DW$282       .dwtag  DW_TAG_enumerator
    4326                      .dwattr $C$DW$282, DW_AT_name("EPWM_COMP_LOAD_ON_CNTR_PERIOD")
    4327                      .dwattr $C$DW$282, DW_AT_const_value(0x01)
    4328                      .dwattr $C$DW$282, DW_AT_decl_file("D:/15_Delta/14. ANPC Converter/ANPC_3Layer/TMS320F280049C/device/
    4329                      .dwattr $C$DW$282, DW_AT_decl_line(0x11b)
    4330                      .dwattr $C$DW$282, DW_AT_decl_column(0x05)
    4331              
    4332              $C$DW$283       .dwtag  DW_TAG_enumerator
    4333                      .dwattr $C$DW$283, DW_AT_name("EPWM_COMP_LOAD_ON_CNTR_ZERO_PERIOD")
    4334                      .dwattr $C$DW$283, DW_AT_const_value(0x02)
    4335                      .dwattr $C$DW$283, DW_AT_decl_file("D:/15_Delta/14. ANPC Converter/ANPC_3Layer/TMS320F280049C/device/
    4336                      .dwattr $C$DW$283, DW_AT_decl_line(0x11d)
    4337                      .dwattr $C$DW$283, DW_AT_decl_column(0x05)
    4338              
    4339              $C$DW$284       .dwtag  DW_TAG_enumerator
    4340                      .dwattr $C$DW$284, DW_AT_name("EPWM_COMP_LOAD_FREEZE")
    4341                      .dwattr $C$DW$284, DW_AT_const_value(0x03)
    4342                      .dwattr $C$DW$284, DW_AT_decl_file("D:/15_Delta/14. ANPC Converter/ANPC_3Layer/TMS320F280049C/device/
    4343                      .dwattr $C$DW$284, DW_AT_decl_line(0x11f)
    4344                      .dwattr $C$DW$284, DW_AT_decl_column(0x05)
    4345              
    4346              $C$DW$285       .dwtag  DW_TAG_enumerator
    4347                      .dwattr $C$DW$285, DW_AT_name("EPWM_COMP_LOAD_ON_SYNC_CNTR_ZERO")
    4348                      .dwattr $C$DW$285, DW_AT_const_value(0x04)
    4349                      .dwattr $C$DW$285, DW_AT_decl_file("D:/15_Delta/14. ANPC Converter/ANPC_3Layer/TMS320F280049C/device/
    4350                      .dwattr $C$DW$285, DW_AT_decl_line(0x121)
    4351                      .dwattr $C$DW$285, DW_AT_decl_column(0x05)
    4352              
    4353              $C$DW$286       .dwtag  DW_TAG_enumerator
    4354                      .dwattr $C$DW$286, DW_AT_name("EPWM_COMP_LOAD_ON_SYNC_CNTR_PERIOD")
    4355                      .dwattr $C$DW$286, DW_AT_const_value(0x05)
    4356                      .dwattr $C$DW$286, DW_AT_decl_file("D:/15_Delta/14. ANPC Converter/ANPC_3Layer/TMS320F280049C/device/
    4357                      .dwattr $C$DW$286, DW_AT_decl_line(0x123)
    4358                      .dwattr $C$DW$286, DW_AT_decl_column(0x05)
    4359              
    4360              $C$DW$287       .dwtag  DW_TAG_enumerator
    4361                      .dwattr $C$DW$287, DW_AT_name("EPWM_COMP_LOAD_ON_SYNC_CNTR_ZERO_PERIOD")
    4362                      .dwattr $C$DW$287, DW_AT_const_value(0x06)
    4363                      .dwattr $C$DW$287, DW_AT_decl_file("D:/15_Delta/14. ANPC Converter/ANPC_3Layer/TMS320F280049C/device/
    4364                      .dwattr $C$DW$287, DW_AT_decl_line(0x125)
    4365                      .dwattr $C$DW$287, DW_AT_decl_column(0x05)
    4366              
    4367              $C$DW$288       .dwtag  DW_TAG_enumerator
    4368                      .dwattr $C$DW$288, DW_AT_name("EPWM_COMP_LOAD_ON_SYNC_ONLY")
    4369                      .dwattr $C$DW$288, DW_AT_const_value(0x08)
    4370                      .dwattr $C$DW$288, DW_AT_decl_file("D:/15_Delta/14. ANPC Converter/ANPC_3Layer/TMS320F280049C/device/
    4371                      .dwattr $C$DW$288, DW_AT_decl_line(0x127)
TMS320C2000 Assembler PC v22.6.0 Mon Apr 21 09:03:31 2025

Copyright (c) 1996-2018 Texas Instruments Incorporated
hal_pwm_TMS320F280049C.asm                                           PAGE   86

    4372                      .dwattr $C$DW$288, DW_AT_decl_column(0x05)
    4373              
    4374                      .dwattr $C$DW$T$35, DW_AT_decl_file("D:/15_Delta/14. ANPC Converter/ANPC_3Layer/TMS320F280049C/device
    4375                      .dwattr $C$DW$T$35, DW_AT_decl_line(0x117)
    4376                      .dwattr $C$DW$T$35, DW_AT_decl_column(0x01)
    4377                      .dwendtag $C$DW$T$35
    4378              
    4379                      .dwendtag $C$DW$TU$35
    4380              
    4381              
    4382              $C$DW$TU$36     .dwtag  DW_TAG_type_unit
    4383                      .dwmtype  $C$DW$T$36
    4384              $C$DW$T$36      .dwtag  DW_TAG_typedef
    4385                      .dwattr $C$DW$T$36, DW_AT_name("EPWM_CounterCompareLoadMode")
    4386                      .dwattr $C$DW$T$36, DW_AT_type(*$C$DW$T$35)
    4387                      .dwattr $C$DW$T$36, DW_AT_decl_file("D:/15_Delta/14. ANPC Converter/ANPC_3Layer/TMS320F280049C/device
    4388                      .dwattr $C$DW$T$36, DW_AT_decl_line(0x128)
    4389                      .dwattr $C$DW$T$36, DW_AT_decl_column(0x03)
    4390              
    4391                      .dwendtag $C$DW$TU$36
    4392              
    4393              
    4394              $C$DW$TU$37     .dwtag  DW_TAG_type_unit
    4395                      .dwmtype  $C$DW$T$37
    4396              
    4397              $C$DW$T$37      .dwtag  DW_TAG_enumeration_type
    4398                      .dwattr $C$DW$T$37, DW_AT_byte_size(0x01)
    4399              $C$DW$289       .dwtag  DW_TAG_enumerator
    4400                      .dwattr $C$DW$289, DW_AT_name("EPWM_AQ_OUTPUT_A")
    4401                      .dwattr $C$DW$289, DW_AT_const_value(0x00)
    4402                      .dwattr $C$DW$289, DW_AT_decl_file("D:/15_Delta/14. ANPC Converter/ANPC_3Layer/TMS320F280049C/device/
    4403                      .dwattr $C$DW$289, DW_AT_decl_line(0x20d)
    4404                      .dwattr $C$DW$289, DW_AT_decl_column(0x05)
    4405              
    4406              $C$DW$290       .dwtag  DW_TAG_enumerator
    4407                      .dwattr $C$DW$290, DW_AT_name("EPWM_AQ_OUTPUT_B")
    4408                      .dwattr $C$DW$290, DW_AT_const_value(0x02)
    4409                      .dwattr $C$DW$290, DW_AT_decl_file("D:/15_Delta/14. ANPC Converter/ANPC_3Layer/TMS320F280049C/device/
    4410                      .dwattr $C$DW$290, DW_AT_decl_line(0x20e)
    4411                      .dwattr $C$DW$290, DW_AT_decl_column(0x05)
    4412              
    4413                      .dwattr $C$DW$T$37, DW_AT_decl_file("D:/15_Delta/14. ANPC Converter/ANPC_3Layer/TMS320F280049C/device
    4414                      .dwattr $C$DW$T$37, DW_AT_decl_line(0x20c)
    4415                      .dwattr $C$DW$T$37, DW_AT_decl_column(0x01)
    4416                      .dwendtag $C$DW$T$37
    4417              
    4418                      .dwendtag $C$DW$TU$37
    4419              
    4420              
    4421              $C$DW$TU$38     .dwtag  DW_TAG_type_unit
    4422                      .dwmtype  $C$DW$T$38
    4423              $C$DW$T$38      .dwtag  DW_TAG_typedef
    4424                      .dwattr $C$DW$T$38, DW_AT_name("EPWM_ActionQualifierOutputModule")
    4425                      .dwattr $C$DW$T$38, DW_AT_type(*$C$DW$T$37)
    4426                      .dwattr $C$DW$T$38, DW_AT_decl_file("D:/15_Delta/14. ANPC Converter/ANPC_3Layer/TMS320F280049C/device
TMS320C2000 Assembler PC v22.6.0 Mon Apr 21 09:03:31 2025

Copyright (c) 1996-2018 Texas Instruments Incorporated
hal_pwm_TMS320F280049C.asm                                           PAGE   87

    4427                      .dwattr $C$DW$T$38, DW_AT_decl_line(0x20f)
    4428                      .dwattr $C$DW$T$38, DW_AT_decl_column(0x03)
    4429              
    4430                      .dwendtag $C$DW$TU$38
    4431              
    4432              
    4433              $C$DW$TU$39     .dwtag  DW_TAG_type_unit
    4434                      .dwmtype  $C$DW$T$39
    4435              
    4436              $C$DW$T$39      .dwtag  DW_TAG_enumeration_type
    4437                      .dwattr $C$DW$T$39, DW_AT_byte_size(0x01)
    4438              $C$DW$291       .dwtag  DW_TAG_enumerator
    4439                      .dwattr $C$DW$291, DW_AT_name("EPWM_AQ_OUTPUT_NO_CHANGE")
    4440                      .dwattr $C$DW$291, DW_AT_const_value(0x00)
    4441                      .dwattr $C$DW$291, DW_AT_decl_file("D:/15_Delta/14. ANPC Converter/ANPC_3Layer/TMS320F280049C/device/
    4442                      .dwattr $C$DW$291, DW_AT_decl_line(0x18c)
    4443                      .dwattr $C$DW$291, DW_AT_decl_column(0x05)
    4444              
    4445              $C$DW$292       .dwtag  DW_TAG_enumerator
    4446                      .dwattr $C$DW$292, DW_AT_name("EPWM_AQ_OUTPUT_LOW")
    4447                      .dwattr $C$DW$292, DW_AT_const_value(0x01)
    4448                      .dwattr $C$DW$292, DW_AT_decl_file("D:/15_Delta/14. ANPC Converter/ANPC_3Layer/TMS320F280049C/device/
    4449                      .dwattr $C$DW$292, DW_AT_decl_line(0x18d)
    4450                      .dwattr $C$DW$292, DW_AT_decl_column(0x05)
    4451              
    4452              $C$DW$293       .dwtag  DW_TAG_enumerator
    4453                      .dwattr $C$DW$293, DW_AT_name("EPWM_AQ_OUTPUT_HIGH")
    4454                      .dwattr $C$DW$293, DW_AT_const_value(0x02)
    4455                      .dwattr $C$DW$293, DW_AT_decl_file("D:/15_Delta/14. ANPC Converter/ANPC_3Layer/TMS320F280049C/device/
    4456                      .dwattr $C$DW$293, DW_AT_decl_line(0x18e)
    4457                      .dwattr $C$DW$293, DW_AT_decl_column(0x05)
    4458              
    4459              $C$DW$294       .dwtag  DW_TAG_enumerator
    4460                      .dwattr $C$DW$294, DW_AT_name("EPWM_AQ_OUTPUT_TOGGLE")
    4461                      .dwattr $C$DW$294, DW_AT_const_value(0x03)
    4462                      .dwattr $C$DW$294, DW_AT_decl_file("D:/15_Delta/14. ANPC Converter/ANPC_3Layer/TMS320F280049C/device/
    4463                      .dwattr $C$DW$294, DW_AT_decl_line(0x18f)
    4464                      .dwattr $C$DW$294, DW_AT_decl_column(0x05)
    4465              
    4466                      .dwattr $C$DW$T$39, DW_AT_decl_file("D:/15_Delta/14. ANPC Converter/ANPC_3Layer/TMS320F280049C/device
    4467                      .dwattr $C$DW$T$39, DW_AT_decl_line(0x18b)
    4468                      .dwattr $C$DW$T$39, DW_AT_decl_column(0x01)
    4469                      .dwendtag $C$DW$T$39
    4470              
    4471                      .dwendtag $C$DW$TU$39
    4472              
    4473              
    4474              $C$DW$TU$40     .dwtag  DW_TAG_type_unit
    4475                      .dwmtype  $C$DW$T$40
    4476              $C$DW$T$40      .dwtag  DW_TAG_typedef
    4477                      .dwattr $C$DW$T$40, DW_AT_name("EPWM_ActionQualifierOutput")
    4478                      .dwattr $C$DW$T$40, DW_AT_type(*$C$DW$T$39)
    4479                      .dwattr $C$DW$T$40, DW_AT_decl_file("D:/15_Delta/14. ANPC Converter/ANPC_3Layer/TMS320F280049C/device
    4480                      .dwattr $C$DW$T$40, DW_AT_decl_line(0x190)
    4481                      .dwattr $C$DW$T$40, DW_AT_decl_column(0x03)
TMS320C2000 Assembler PC v22.6.0 Mon Apr 21 09:03:31 2025

Copyright (c) 1996-2018 Texas Instruments Incorporated
hal_pwm_TMS320F280049C.asm                                           PAGE   88

    4482              
    4483                      .dwendtag $C$DW$TU$40
    4484              
    4485              
    4486              $C$DW$TU$41     .dwtag  DW_TAG_type_unit
    4487                      .dwmtype  $C$DW$T$41
    4488              
    4489              $C$DW$T$41      .dwtag  DW_TAG_enumeration_type
    4490                      .dwattr $C$DW$T$41, DW_AT_byte_size(0x01)
    4491              $C$DW$295       .dwtag  DW_TAG_enumerator
    4492                      .dwattr $C$DW$295, DW_AT_name("EPWM_AQ_OUTPUT_ON_TIMEBASE_ZERO")
    4493                      .dwattr $C$DW$295, DW_AT_const_value(0x00)
    4494                      .dwattr $C$DW$295, DW_AT_decl_file("D:/15_Delta/14. ANPC Converter/ANPC_3Layer/TMS320F280049C/device/
    4495                      .dwattr $C$DW$295, DW_AT_decl_line(0x16f)
    4496                      .dwattr $C$DW$295, DW_AT_decl_column(0x05)
    4497              
    4498              $C$DW$296       .dwtag  DW_TAG_enumerator
    4499                      .dwattr $C$DW$296, DW_AT_name("EPWM_AQ_OUTPUT_ON_TIMEBASE_PERIOD")
    4500                      .dwattr $C$DW$296, DW_AT_const_value(0x02)
    4501                      .dwattr $C$DW$296, DW_AT_decl_file("D:/15_Delta/14. ANPC Converter/ANPC_3Layer/TMS320F280049C/device/
    4502                      .dwattr $C$DW$296, DW_AT_decl_line(0x171)
    4503                      .dwattr $C$DW$296, DW_AT_decl_column(0x05)
    4504              
    4505              $C$DW$297       .dwtag  DW_TAG_enumerator
    4506                      .dwattr $C$DW$297, DW_AT_name("EPWM_AQ_OUTPUT_ON_TIMEBASE_UP_CMPA")
    4507                      .dwattr $C$DW$297, DW_AT_const_value(0x04)
    4508                      .dwattr $C$DW$297, DW_AT_decl_file("D:/15_Delta/14. ANPC Converter/ANPC_3Layer/TMS320F280049C/device/
    4509                      .dwattr $C$DW$297, DW_AT_decl_line(0x173)
    4510                      .dwattr $C$DW$297, DW_AT_decl_column(0x05)
    4511              
    4512              $C$DW$298       .dwtag  DW_TAG_enumerator
    4513                      .dwattr $C$DW$298, DW_AT_name("EPWM_AQ_OUTPUT_ON_TIMEBASE_DOWN_CMPA")
    4514                      .dwattr $C$DW$298, DW_AT_const_value(0x06)
    4515                      .dwattr $C$DW$298, DW_AT_decl_file("D:/15_Delta/14. ANPC Converter/ANPC_3Layer/TMS320F280049C/device/
    4516                      .dwattr $C$DW$298, DW_AT_decl_line(0x175)
    4517                      .dwattr $C$DW$298, DW_AT_decl_column(0x05)
    4518              
    4519              $C$DW$299       .dwtag  DW_TAG_enumerator
    4520                      .dwattr $C$DW$299, DW_AT_name("EPWM_AQ_OUTPUT_ON_TIMEBASE_UP_CMPB")
    4521                      .dwattr $C$DW$299, DW_AT_const_value(0x08)
    4522                      .dwattr $C$DW$299, DW_AT_decl_file("D:/15_Delta/14. ANPC Converter/ANPC_3Layer/TMS320F280049C/device/
    4523                      .dwattr $C$DW$299, DW_AT_decl_line(0x177)
    4524                      .dwattr $C$DW$299, DW_AT_decl_column(0x05)
    4525              
    4526              $C$DW$300       .dwtag  DW_TAG_enumerator
    4527                      .dwattr $C$DW$300, DW_AT_name("EPWM_AQ_OUTPUT_ON_TIMEBASE_DOWN_CMPB")
    4528                      .dwattr $C$DW$300, DW_AT_const_value(0x0a)
    4529                      .dwattr $C$DW$300, DW_AT_decl_file("D:/15_Delta/14. ANPC Converter/ANPC_3Layer/TMS320F280049C/device/
    4530                      .dwattr $C$DW$300, DW_AT_decl_line(0x179)
    4531                      .dwattr $C$DW$300, DW_AT_decl_column(0x05)
    4532              
    4533              $C$DW$301       .dwtag  DW_TAG_enumerator
    4534                      .dwattr $C$DW$301, DW_AT_name("EPWM_AQ_OUTPUT_ON_T1_COUNT_UP")
    4535                      .dwattr $C$DW$301, DW_AT_const_value(0x01)
    4536                      .dwattr $C$DW$301, DW_AT_decl_file("D:/15_Delta/14. ANPC Converter/ANPC_3Layer/TMS320F280049C/device/
TMS320C2000 Assembler PC v22.6.0 Mon Apr 21 09:03:31 2025

Copyright (c) 1996-2018 Texas Instruments Incorporated
hal_pwm_TMS320F280049C.asm                                           PAGE   89

    4537                      .dwattr $C$DW$301, DW_AT_decl_line(0x17b)
    4538                      .dwattr $C$DW$301, DW_AT_decl_column(0x05)
    4539              
    4540              $C$DW$302       .dwtag  DW_TAG_enumerator
    4541                      .dwattr $C$DW$302, DW_AT_name("EPWM_AQ_OUTPUT_ON_T1_COUNT_DOWN")
    4542                      .dwattr $C$DW$302, DW_AT_const_value(0x03)
    4543                      .dwattr $C$DW$302, DW_AT_decl_file("D:/15_Delta/14. ANPC Converter/ANPC_3Layer/TMS320F280049C/device/
    4544                      .dwattr $C$DW$302, DW_AT_decl_line(0x17d)
    4545                      .dwattr $C$DW$302, DW_AT_decl_column(0x05)
    4546              
    4547              $C$DW$303       .dwtag  DW_TAG_enumerator
    4548                      .dwattr $C$DW$303, DW_AT_name("EPWM_AQ_OUTPUT_ON_T2_COUNT_UP")
    4549                      .dwattr $C$DW$303, DW_AT_const_value(0x05)
    4550                      .dwattr $C$DW$303, DW_AT_decl_file("D:/15_Delta/14. ANPC Converter/ANPC_3Layer/TMS320F280049C/device/
    4551                      .dwattr $C$DW$303, DW_AT_decl_line(0x17f)
    4552                      .dwattr $C$DW$303, DW_AT_decl_column(0x05)
    4553              
    4554              $C$DW$304       .dwtag  DW_TAG_enumerator
    4555                      .dwattr $C$DW$304, DW_AT_name("EPWM_AQ_OUTPUT_ON_T2_COUNT_DOWN")
    4556                      .dwattr $C$DW$304, DW_AT_const_value(0x07)
    4557                      .dwattr $C$DW$304, DW_AT_decl_file("D:/15_Delta/14. ANPC Converter/ANPC_3Layer/TMS320F280049C/device/
    4558                      .dwattr $C$DW$304, DW_AT_decl_line(0x181)
    4559                      .dwattr $C$DW$304, DW_AT_decl_column(0x05)
    4560              
    4561                      .dwattr $C$DW$T$41, DW_AT_decl_file("D:/15_Delta/14. ANPC Converter/ANPC_3Layer/TMS320F280049C/device
    4562                      .dwattr $C$DW$T$41, DW_AT_decl_line(0x16d)
    4563                      .dwattr $C$DW$T$41, DW_AT_decl_column(0x01)
    4564                      .dwendtag $C$DW$T$41
    4565              
    4566                      .dwendtag $C$DW$TU$41
    4567              
    4568              
    4569              $C$DW$TU$42     .dwtag  DW_TAG_type_unit
    4570                      .dwmtype  $C$DW$T$42
    4571              $C$DW$T$42      .dwtag  DW_TAG_typedef
    4572                      .dwattr $C$DW$T$42, DW_AT_name("EPWM_ActionQualifierOutputEvent")
    4573                      .dwattr $C$DW$T$42, DW_AT_type(*$C$DW$T$41)
    4574                      .dwattr $C$DW$T$42, DW_AT_decl_file("D:/15_Delta/14. ANPC Converter/ANPC_3Layer/TMS320F280049C/device
    4575                      .dwattr $C$DW$T$42, DW_AT_decl_line(0x182)
    4576                      .dwattr $C$DW$T$42, DW_AT_decl_column(0x03)
    4577              
    4578                      .dwendtag $C$DW$TU$42
    4579              
    4580              
    4581              $C$DW$TU$43     .dwtag  DW_TAG_type_unit
    4582                      .dwmtype  $C$DW$T$43
    4583              
    4584              $C$DW$T$43      .dwtag  DW_TAG_enumeration_type
    4585                      .dwattr $C$DW$T$43, DW_AT_byte_size(0x01)
    4586              $C$DW$305       .dwtag  DW_TAG_enumerator
    4587                      .dwattr $C$DW$305, DW_AT_name("EPWM_AQ_SW_SH_LOAD_ON_CNTR_ZERO")
    4588                      .dwattr $C$DW$305, DW_AT_const_value(0x00)
    4589                      .dwattr $C$DW$305, DW_AT_decl_file("D:/15_Delta/14. ANPC Converter/ANPC_3Layer/TMS320F280049C/device/
    4590                      .dwattr $C$DW$305, DW_AT_decl_line(0x21a)
    4591                      .dwattr $C$DW$305, DW_AT_decl_column(0x05)
TMS320C2000 Assembler PC v22.6.0 Mon Apr 21 09:03:31 2025

Copyright (c) 1996-2018 Texas Instruments Incorporated
hal_pwm_TMS320F280049C.asm                                           PAGE   90

    4592              
    4593              $C$DW$306       .dwtag  DW_TAG_enumerator
    4594                      .dwattr $C$DW$306, DW_AT_name("EPWM_AQ_SW_SH_LOAD_ON_CNTR_PERIOD")
    4595                      .dwattr $C$DW$306, DW_AT_const_value(0x01)
    4596                      .dwattr $C$DW$306, DW_AT_decl_file("D:/15_Delta/14. ANPC Converter/ANPC_3Layer/TMS320F280049C/device/
    4597                      .dwattr $C$DW$306, DW_AT_decl_line(0x21c)
    4598                      .dwattr $C$DW$306, DW_AT_decl_column(0x05)
    4599              
    4600              $C$DW$307       .dwtag  DW_TAG_enumerator
    4601                      .dwattr $C$DW$307, DW_AT_name("EPWM_AQ_SW_SH_LOAD_ON_CNTR_ZERO_PERIOD")
    4602                      .dwattr $C$DW$307, DW_AT_const_value(0x02)
    4603                      .dwattr $C$DW$307, DW_AT_decl_file("D:/15_Delta/14. ANPC Converter/ANPC_3Layer/TMS320F280049C/device/
    4604                      .dwattr $C$DW$307, DW_AT_decl_line(0x21e)
    4605                      .dwattr $C$DW$307, DW_AT_decl_column(0x05)
    4606              
    4607              $C$DW$308       .dwtag  DW_TAG_enumerator
    4608                      .dwattr $C$DW$308, DW_AT_name("EPWM_AQ_SW_IMMEDIATE_LOAD")
    4609                      .dwattr $C$DW$308, DW_AT_const_value(0x03)
    4610                      .dwattr $C$DW$308, DW_AT_decl_file("D:/15_Delta/14. ANPC Converter/ANPC_3Layer/TMS320F280049C/device/
    4611                      .dwattr $C$DW$308, DW_AT_decl_line(0x220)
    4612                      .dwattr $C$DW$308, DW_AT_decl_column(0x05)
    4613              
    4614                      .dwattr $C$DW$T$43, DW_AT_decl_file("D:/15_Delta/14. ANPC Converter/ANPC_3Layer/TMS320F280049C/device
    4615                      .dwattr $C$DW$T$43, DW_AT_decl_line(0x218)
    4616                      .dwattr $C$DW$T$43, DW_AT_decl_column(0x01)
    4617                      .dwendtag $C$DW$T$43
    4618              
    4619                      .dwendtag $C$DW$TU$43
    4620              
    4621              
    4622              $C$DW$TU$44     .dwtag  DW_TAG_type_unit
    4623                      .dwmtype  $C$DW$T$44
    4624              $C$DW$T$44      .dwtag  DW_TAG_typedef
    4625                      .dwattr $C$DW$T$44, DW_AT_name("EPWM_ActionQualifierContForce")
    4626                      .dwattr $C$DW$T$44, DW_AT_type(*$C$DW$T$43)
    4627                      .dwattr $C$DW$T$44, DW_AT_decl_file("D:/15_Delta/14. ANPC Converter/ANPC_3Layer/TMS320F280049C/device
    4628                      .dwattr $C$DW$T$44, DW_AT_decl_line(0x221)
    4629                      .dwattr $C$DW$T$44, DW_AT_decl_column(0x03)
    4630              
    4631                      .dwendtag $C$DW$TU$44
    4632              
    4633              
    4634              $C$DW$TU$45     .dwtag  DW_TAG_type_unit
    4635                      .dwmtype  $C$DW$T$45
    4636              
    4637              $C$DW$T$45      .dwtag  DW_TAG_enumeration_type
    4638                      .dwattr $C$DW$T$45, DW_AT_byte_size(0x01)
    4639              $C$DW$309       .dwtag  DW_TAG_enumerator
    4640                      .dwattr $C$DW$309, DW_AT_name("EPWM_DB_RED")
    4641                      .dwattr $C$DW$309, DW_AT_const_value(0x01)
    4642                      .dwattr $C$DW$309, DW_AT_decl_file("D:/15_Delta/14. ANPC Converter/ANPC_3Layer/TMS320F280049C/device/
    4643                      .dwattr $C$DW$309, DW_AT_decl_line(0x237)
    4644                      .dwattr $C$DW$309, DW_AT_decl_column(0x05)
    4645              
    4646              $C$DW$310       .dwtag  DW_TAG_enumerator
TMS320C2000 Assembler PC v22.6.0 Mon Apr 21 09:03:31 2025

Copyright (c) 1996-2018 Texas Instruments Incorporated
hal_pwm_TMS320F280049C.asm                                           PAGE   91

    4647                      .dwattr $C$DW$310, DW_AT_name("EPWM_DB_FED")
    4648                      .dwattr $C$DW$310, DW_AT_const_value(0x00)
    4649                      .dwattr $C$DW$310, DW_AT_decl_file("D:/15_Delta/14. ANPC Converter/ANPC_3Layer/TMS320F280049C/device/
    4650                      .dwattr $C$DW$310, DW_AT_decl_line(0x238)
    4651                      .dwattr $C$DW$310, DW_AT_decl_column(0x05)
    4652              
    4653                      .dwattr $C$DW$T$45, DW_AT_decl_file("D:/15_Delta/14. ANPC Converter/ANPC_3Layer/TMS320F280049C/device
    4654                      .dwattr $C$DW$T$45, DW_AT_decl_line(0x236)
    4655                      .dwattr $C$DW$T$45, DW_AT_decl_column(0x01)
    4656                      .dwendtag $C$DW$T$45
    4657              
    4658                      .dwendtag $C$DW$TU$45
    4659              
    4660              
    4661              $C$DW$TU$46     .dwtag  DW_TAG_type_unit
    4662                      .dwmtype  $C$DW$T$46
    4663              $C$DW$T$46      .dwtag  DW_TAG_typedef
    4664                      .dwattr $C$DW$T$46, DW_AT_name("EPWM_DeadBandDelayMode")
    4665                      .dwattr $C$DW$T$46, DW_AT_type(*$C$DW$T$45)
    4666                      .dwattr $C$DW$T$46, DW_AT_decl_file("D:/15_Delta/14. ANPC Converter/ANPC_3Layer/TMS320F280049C/device
    4667                      .dwattr $C$DW$T$46, DW_AT_decl_line(0x239)
    4668                      .dwattr $C$DW$T$46, DW_AT_decl_column(0x03)
    4669              
    4670                      .dwendtag $C$DW$TU$46
    4671              
    4672              
    4673              $C$DW$TU$47     .dwtag  DW_TAG_type_unit
    4674                      .dwmtype  $C$DW$T$47
    4675              
    4676              $C$DW$T$47      .dwtag  DW_TAG_enumeration_type
    4677                      .dwattr $C$DW$T$47, DW_AT_byte_size(0x01)
    4678              $C$DW$311       .dwtag  DW_TAG_enumerator
    4679                      .dwattr $C$DW$311, DW_AT_name("EPWM_DB_POLARITY_ACTIVE_HIGH")
    4680                      .dwattr $C$DW$311, DW_AT_const_value(0x00)
    4681                      .dwattr $C$DW$311, DW_AT_decl_file("D:/15_Delta/14. ANPC Converter/ANPC_3Layer/TMS320F280049C/device/
    4682                      .dwattr $C$DW$311, DW_AT_decl_line(0x243)
    4683                      .dwattr $C$DW$311, DW_AT_decl_column(0x05)
    4684              
    4685              $C$DW$312       .dwtag  DW_TAG_enumerator
    4686                      .dwattr $C$DW$312, DW_AT_name("EPWM_DB_POLARITY_ACTIVE_LOW")
    4687                      .dwattr $C$DW$312, DW_AT_const_value(0x01)
    4688                      .dwattr $C$DW$312, DW_AT_decl_file("D:/15_Delta/14. ANPC Converter/ANPC_3Layer/TMS320F280049C/device/
    4689                      .dwattr $C$DW$312, DW_AT_decl_line(0x244)
    4690                      .dwattr $C$DW$312, DW_AT_decl_column(0x05)
    4691              
    4692                      .dwattr $C$DW$T$47, DW_AT_decl_file("D:/15_Delta/14. ANPC Converter/ANPC_3Layer/TMS320F280049C/device
    4693                      .dwattr $C$DW$T$47, DW_AT_decl_line(0x242)
    4694                      .dwattr $C$DW$T$47, DW_AT_decl_column(0x01)
    4695                      .dwendtag $C$DW$T$47
    4696              
    4697                      .dwendtag $C$DW$TU$47
    4698              
    4699              
    4700              $C$DW$TU$48     .dwtag  DW_TAG_type_unit
    4701                      .dwmtype  $C$DW$T$48
TMS320C2000 Assembler PC v22.6.0 Mon Apr 21 09:03:31 2025

Copyright (c) 1996-2018 Texas Instruments Incorporated
hal_pwm_TMS320F280049C.asm                                           PAGE   92

    4702              $C$DW$T$48      .dwtag  DW_TAG_typedef
    4703                      .dwattr $C$DW$T$48, DW_AT_name("EPWM_DeadBandPolarity")
    4704                      .dwattr $C$DW$T$48, DW_AT_type(*$C$DW$T$47)
    4705                      .dwattr $C$DW$T$48, DW_AT_decl_file("D:/15_Delta/14. ANPC Converter/ANPC_3Layer/TMS320F280049C/device
    4706                      .dwattr $C$DW$T$48, DW_AT_decl_line(0x245)
    4707                      .dwattr $C$DW$T$48, DW_AT_decl_column(0x03)
    4708              
    4709                      .dwendtag $C$DW$TU$48
    4710              
    4711              
    4712              $C$DW$TU$49     .dwtag  DW_TAG_type_unit
    4713                      .dwmtype  $C$DW$T$49
    4714              
    4715              $C$DW$T$49      .dwtag  DW_TAG_enumeration_type
    4716                      .dwattr $C$DW$T$49, DW_AT_byte_size(0x01)
    4717              $C$DW$313       .dwtag  DW_TAG_enumerator
    4718                      .dwattr $C$DW$313, DW_AT_name("EPWM_DB_COUNTER_CLOCK_FULL_CYCLE")
    4719                      .dwattr $C$DW$313, DW_AT_const_value(0x00)
    4720                      .dwattr $C$DW$313, DW_AT_decl_file("D:/15_Delta/14. ANPC Converter/ANPC_3Layer/TMS320F280049C/device/
    4721                      .dwattr $C$DW$313, DW_AT_decl_line(0x296)
    4722                      .dwattr $C$DW$313, DW_AT_decl_column(0x05)
    4723              
    4724              $C$DW$314       .dwtag  DW_TAG_enumerator
    4725                      .dwattr $C$DW$314, DW_AT_name("EPWM_DB_COUNTER_CLOCK_HALF_CYCLE")
    4726                      .dwattr $C$DW$314, DW_AT_const_value(0x01)
    4727                      .dwattr $C$DW$314, DW_AT_decl_file("D:/15_Delta/14. ANPC Converter/ANPC_3Layer/TMS320F280049C/device/
    4728                      .dwattr $C$DW$314, DW_AT_decl_line(0x298)
    4729                      .dwattr $C$DW$314, DW_AT_decl_column(0x05)
    4730              
    4731                      .dwattr $C$DW$T$49, DW_AT_decl_file("D:/15_Delta/14. ANPC Converter/ANPC_3Layer/TMS320F280049C/device
    4732                      .dwattr $C$DW$T$49, DW_AT_decl_line(0x294)
    4733                      .dwattr $C$DW$T$49, DW_AT_decl_column(0x01)
    4734                      .dwendtag $C$DW$T$49
    4735              
    4736                      .dwendtag $C$DW$TU$49
    4737              
    4738              
    4739              $C$DW$TU$50     .dwtag  DW_TAG_type_unit
    4740                      .dwmtype  $C$DW$T$50
    4741              $C$DW$T$50      .dwtag  DW_TAG_typedef
    4742                      .dwattr $C$DW$T$50, DW_AT_name("EPWM_DeadBandClockMode")
    4743                      .dwattr $C$DW$T$50, DW_AT_type(*$C$DW$T$49)
    4744                      .dwattr $C$DW$T$50, DW_AT_decl_file("D:/15_Delta/14. ANPC Converter/ANPC_3Layer/TMS320F280049C/device
    4745                      .dwattr $C$DW$T$50, DW_AT_decl_line(0x299)
    4746                      .dwattr $C$DW$T$50, DW_AT_decl_column(0x03)
    4747              
    4748                      .dwendtag $C$DW$TU$50
    4749              
    4750              
    4751              $C$DW$TU$51     .dwtag  DW_TAG_type_unit
    4752                      .dwmtype  $C$DW$T$51
    4753              
    4754              $C$DW$T$51      .dwtag  DW_TAG_enumeration_type
    4755                      .dwattr $C$DW$T$51, DW_AT_byte_size(0x01)
    4756              $C$DW$315       .dwtag  DW_TAG_enumerator
TMS320C2000 Assembler PC v22.6.0 Mon Apr 21 09:03:31 2025

Copyright (c) 1996-2018 Texas Instruments Incorporated
hal_pwm_TMS320F280049C.asm                                           PAGE   93

    4757                      .dwattr $C$DW$315, DW_AT_name("EPWM_TZ_DC_OUTPUT_A1")
    4758                      .dwattr $C$DW$315, DW_AT_const_value(0x00)
    4759                      .dwattr $C$DW$315, DW_AT_decl_file("D:/15_Delta/14. ANPC Converter/ANPC_3Layer/TMS320F280049C/device/
    4760                      .dwattr $C$DW$315, DW_AT_decl_line(0x2dd)
    4761                      .dwattr $C$DW$315, DW_AT_decl_column(0x05)
    4762              
    4763              $C$DW$316       .dwtag  DW_TAG_enumerator
    4764                      .dwattr $C$DW$316, DW_AT_name("EPWM_TZ_DC_OUTPUT_A2")
    4765                      .dwattr $C$DW$316, DW_AT_const_value(0x03)
    4766                      .dwattr $C$DW$316, DW_AT_decl_file("D:/15_Delta/14. ANPC Converter/ANPC_3Layer/TMS320F280049C/device/
    4767                      .dwattr $C$DW$316, DW_AT_decl_line(0x2de)
    4768                      .dwattr $C$DW$316, DW_AT_decl_column(0x05)
    4769              
    4770              $C$DW$317       .dwtag  DW_TAG_enumerator
    4771                      .dwattr $C$DW$317, DW_AT_name("EPWM_TZ_DC_OUTPUT_B1")
    4772                      .dwattr $C$DW$317, DW_AT_const_value(0x06)
    4773                      .dwattr $C$DW$317, DW_AT_decl_file("D:/15_Delta/14. ANPC Converter/ANPC_3Layer/TMS320F280049C/device/
    4774                      .dwattr $C$DW$317, DW_AT_decl_line(0x2df)
    4775                      .dwattr $C$DW$317, DW_AT_decl_column(0x05)
    4776              
    4777              $C$DW$318       .dwtag  DW_TAG_enumerator
    4778                      .dwattr $C$DW$318, DW_AT_name("EPWM_TZ_DC_OUTPUT_B2")
    4779                      .dwattr $C$DW$318, DW_AT_const_value(0x09)
    4780                      .dwattr $C$DW$318, DW_AT_decl_file("D:/15_Delta/14. ANPC Converter/ANPC_3Layer/TMS320F280049C/device/
    4781                      .dwattr $C$DW$318, DW_AT_decl_line(0x2e0)
    4782                      .dwattr $C$DW$318, DW_AT_decl_column(0x05)
    4783              
    4784                      .dwattr $C$DW$T$51, DW_AT_decl_file("D:/15_Delta/14. ANPC Converter/ANPC_3Layer/TMS320F280049C/device
    4785                      .dwattr $C$DW$T$51, DW_AT_decl_line(0x2dc)
    4786                      .dwattr $C$DW$T$51, DW_AT_decl_column(0x01)
    4787                      .dwendtag $C$DW$T$51
    4788              
    4789                      .dwendtag $C$DW$TU$51
    4790              
    4791              
    4792              $C$DW$TU$52     .dwtag  DW_TAG_type_unit
    4793                      .dwmtype  $C$DW$T$52
    4794              $C$DW$T$52      .dwtag  DW_TAG_typedef
    4795                      .dwattr $C$DW$T$52, DW_AT_name("EPWM_TripZoneDigitalCompareOutput")
    4796                      .dwattr $C$DW$T$52, DW_AT_type(*$C$DW$T$51)
    4797                      .dwattr $C$DW$T$52, DW_AT_decl_file("D:/15_Delta/14. ANPC Converter/ANPC_3Layer/TMS320F280049C/device
    4798                      .dwattr $C$DW$T$52, DW_AT_decl_line(0x2e1)
    4799                      .dwattr $C$DW$T$52, DW_AT_decl_column(0x03)
    4800              
    4801                      .dwendtag $C$DW$TU$52
    4802              
    4803              
    4804              $C$DW$TU$53     .dwtag  DW_TAG_type_unit
    4805                      .dwmtype  $C$DW$T$53
    4806              
    4807              $C$DW$T$53      .dwtag  DW_TAG_enumeration_type
    4808                      .dwattr $C$DW$T$53, DW_AT_byte_size(0x01)
    4809              $C$DW$319       .dwtag  DW_TAG_enumerator
    4810                      .dwattr $C$DW$319, DW_AT_name("EPWM_TZ_EVENT_DC_DISABLED")
    4811                      .dwattr $C$DW$319, DW_AT_const_value(0x00)
TMS320C2000 Assembler PC v22.6.0 Mon Apr 21 09:03:31 2025

Copyright (c) 1996-2018 Texas Instruments Incorporated
hal_pwm_TMS320F280049C.asm                                           PAGE   94

    4812                      .dwattr $C$DW$319, DW_AT_decl_file("D:/15_Delta/14. ANPC Converter/ANPC_3Layer/TMS320F280049C/device/
    4813                      .dwattr $C$DW$319, DW_AT_decl_line(0x2eb)
    4814                      .dwattr $C$DW$319, DW_AT_decl_column(0x05)
    4815              
    4816              $C$DW$320       .dwtag  DW_TAG_enumerator
    4817                      .dwattr $C$DW$320, DW_AT_name("EPWM_TZ_EVENT_DCXH_LOW")
    4818                      .dwattr $C$DW$320, DW_AT_const_value(0x01)
    4819                      .dwattr $C$DW$320, DW_AT_decl_file("D:/15_Delta/14. ANPC Converter/ANPC_3Layer/TMS320F280049C/device/
    4820                      .dwattr $C$DW$320, DW_AT_decl_line(0x2ec)
    4821                      .dwattr $C$DW$320, DW_AT_decl_column(0x05)
    4822              
    4823              $C$DW$321       .dwtag  DW_TAG_enumerator
    4824                      .dwattr $C$DW$321, DW_AT_name("EPWM_TZ_EVENT_DCXH_HIGH")
    4825                      .dwattr $C$DW$321, DW_AT_const_value(0x02)
    4826                      .dwattr $C$DW$321, DW_AT_decl_file("D:/15_Delta/14. ANPC Converter/ANPC_3Layer/TMS320F280049C/device/
    4827                      .dwattr $C$DW$321, DW_AT_decl_line(0x2ed)
    4828                      .dwattr $C$DW$321, DW_AT_decl_column(0x05)
    4829              
    4830              $C$DW$322       .dwtag  DW_TAG_enumerator
    4831                      .dwattr $C$DW$322, DW_AT_name("EPWM_TZ_EVENT_DCXL_LOW")
    4832                      .dwattr $C$DW$322, DW_AT_const_value(0x03)
    4833                      .dwattr $C$DW$322, DW_AT_decl_file("D:/15_Delta/14. ANPC Converter/ANPC_3Layer/TMS320F280049C/device/
    4834                      .dwattr $C$DW$322, DW_AT_decl_line(0x2ee)
    4835                      .dwattr $C$DW$322, DW_AT_decl_column(0x05)
    4836              
    4837              $C$DW$323       .dwtag  DW_TAG_enumerator
    4838                      .dwattr $C$DW$323, DW_AT_name("EPWM_TZ_EVENT_DCXL_HIGH")
    4839                      .dwattr $C$DW$323, DW_AT_const_value(0x04)
    4840                      .dwattr $C$DW$323, DW_AT_decl_file("D:/15_Delta/14. ANPC Converter/ANPC_3Layer/TMS320F280049C/device/
    4841                      .dwattr $C$DW$323, DW_AT_decl_line(0x2ef)
    4842                      .dwattr $C$DW$323, DW_AT_decl_column(0x05)
    4843              
    4844              $C$DW$324       .dwtag  DW_TAG_enumerator
    4845                      .dwattr $C$DW$324, DW_AT_name("EPWM_TZ_EVENT_DCXL_HIGH_DCXH_LOW")
    4846                      .dwattr $C$DW$324, DW_AT_const_value(0x05)
    4847                      .dwattr $C$DW$324, DW_AT_decl_file("D:/15_Delta/14. ANPC Converter/ANPC_3Layer/TMS320F280049C/device/
    4848                      .dwattr $C$DW$324, DW_AT_decl_line(0x2f0)
    4849                      .dwattr $C$DW$324, DW_AT_decl_column(0x05)
    4850              
    4851                      .dwattr $C$DW$T$53, DW_AT_decl_file("D:/15_Delta/14. ANPC Converter/ANPC_3Layer/TMS320F280049C/device
    4852                      .dwattr $C$DW$T$53, DW_AT_decl_line(0x2ea)
    4853                      .dwattr $C$DW$T$53, DW_AT_decl_column(0x01)
    4854                      .dwendtag $C$DW$T$53
    4855              
    4856                      .dwendtag $C$DW$TU$53
    4857              
    4858              
    4859              $C$DW$TU$54     .dwtag  DW_TAG_type_unit
    4860                      .dwmtype  $C$DW$T$54
    4861              $C$DW$T$54      .dwtag  DW_TAG_typedef
    4862                      .dwattr $C$DW$T$54, DW_AT_name("EPWM_TripZoneDigitalCompareOutputEvent")
    4863                      .dwattr $C$DW$T$54, DW_AT_type(*$C$DW$T$53)
    4864                      .dwattr $C$DW$T$54, DW_AT_decl_file("D:/15_Delta/14. ANPC Converter/ANPC_3Layer/TMS320F280049C/device
    4865                      .dwattr $C$DW$T$54, DW_AT_decl_line(0x2f1)
    4866                      .dwattr $C$DW$T$54, DW_AT_decl_column(0x03)
TMS320C2000 Assembler PC v22.6.0 Mon Apr 21 09:03:31 2025

Copyright (c) 1996-2018 Texas Instruments Incorporated
hal_pwm_TMS320F280049C.asm                                           PAGE   95

    4867              
    4868                      .dwendtag $C$DW$TU$54
    4869              
    4870              
    4871              $C$DW$TU$55     .dwtag  DW_TAG_type_unit
    4872                      .dwmtype  $C$DW$T$55
    4873              
    4874              $C$DW$T$55      .dwtag  DW_TAG_enumeration_type
    4875                      .dwattr $C$DW$T$55, DW_AT_byte_size(0x01)
    4876              $C$DW$325       .dwtag  DW_TAG_enumerator
    4877                      .dwattr $C$DW$325, DW_AT_name("EPWM_TZ_ACTION_EVENT_TZA")
    4878                      .dwattr $C$DW$325, DW_AT_const_value(0x00)
    4879                      .dwattr $C$DW$325, DW_AT_decl_file("D:/15_Delta/14. ANPC Converter/ANPC_3Layer/TMS320F280049C/device/
    4880                      .dwattr $C$DW$325, DW_AT_decl_line(0x2fb)
    4881                      .dwattr $C$DW$325, DW_AT_decl_column(0x05)
    4882              
    4883              $C$DW$326       .dwtag  DW_TAG_enumerator
    4884                      .dwattr $C$DW$326, DW_AT_name("EPWM_TZ_ACTION_EVENT_TZB")
    4885                      .dwattr $C$DW$326, DW_AT_const_value(0x02)
    4886                      .dwattr $C$DW$326, DW_AT_decl_file("D:/15_Delta/14. ANPC Converter/ANPC_3Layer/TMS320F280049C/device/
    4887                      .dwattr $C$DW$326, DW_AT_decl_line(0x2fc)
    4888                      .dwattr $C$DW$326, DW_AT_decl_column(0x05)
    4889              
    4890              $C$DW$327       .dwtag  DW_TAG_enumerator
    4891                      .dwattr $C$DW$327, DW_AT_name("EPWM_TZ_ACTION_EVENT_DCAEVT1")
    4892                      .dwattr $C$DW$327, DW_AT_const_value(0x04)
    4893                      .dwattr $C$DW$327, DW_AT_decl_file("D:/15_Delta/14. ANPC Converter/ANPC_3Layer/TMS320F280049C/device/
    4894                      .dwattr $C$DW$327, DW_AT_decl_line(0x2fd)
    4895                      .dwattr $C$DW$327, DW_AT_decl_column(0x05)
    4896              
    4897              $C$DW$328       .dwtag  DW_TAG_enumerator
    4898                      .dwattr $C$DW$328, DW_AT_name("EPWM_TZ_ACTION_EVENT_DCAEVT2")
    4899                      .dwattr $C$DW$328, DW_AT_const_value(0x06)
    4900                      .dwattr $C$DW$328, DW_AT_decl_file("D:/15_Delta/14. ANPC Converter/ANPC_3Layer/TMS320F280049C/device/
    4901                      .dwattr $C$DW$328, DW_AT_decl_line(0x2fe)
    4902                      .dwattr $C$DW$328, DW_AT_decl_column(0x05)
    4903              
    4904              $C$DW$329       .dwtag  DW_TAG_enumerator
    4905                      .dwattr $C$DW$329, DW_AT_name("EPWM_TZ_ACTION_EVENT_DCBEVT1")
    4906                      .dwattr $C$DW$329, DW_AT_const_value(0x08)
    4907                      .dwattr $C$DW$329, DW_AT_decl_file("D:/15_Delta/14. ANPC Converter/ANPC_3Layer/TMS320F280049C/device/
    4908                      .dwattr $C$DW$329, DW_AT_decl_line(0x2ff)
    4909                      .dwattr $C$DW$329, DW_AT_decl_column(0x05)
    4910              
    4911              $C$DW$330       .dwtag  DW_TAG_enumerator
    4912                      .dwattr $C$DW$330, DW_AT_name("EPWM_TZ_ACTION_EVENT_DCBEVT2")
    4913                      .dwattr $C$DW$330, DW_AT_const_value(0x0a)
    4914                      .dwattr $C$DW$330, DW_AT_decl_file("D:/15_Delta/14. ANPC Converter/ANPC_3Layer/TMS320F280049C/device/
    4915                      .dwattr $C$DW$330, DW_AT_decl_line(0x300)
    4916                      .dwattr $C$DW$330, DW_AT_decl_column(0x05)
    4917              
    4918                      .dwattr $C$DW$T$55, DW_AT_decl_file("D:/15_Delta/14. ANPC Converter/ANPC_3Layer/TMS320F280049C/device
    4919                      .dwattr $C$DW$T$55, DW_AT_decl_line(0x2fa)
    4920                      .dwattr $C$DW$T$55, DW_AT_decl_column(0x01)
    4921                      .dwendtag $C$DW$T$55
TMS320C2000 Assembler PC v22.6.0 Mon Apr 21 09:03:31 2025

Copyright (c) 1996-2018 Texas Instruments Incorporated
hal_pwm_TMS320F280049C.asm                                           PAGE   96

    4922              
    4923                      .dwendtag $C$DW$TU$55
    4924              
    4925              
    4926              $C$DW$TU$56     .dwtag  DW_TAG_type_unit
    4927                      .dwmtype  $C$DW$T$56
    4928              $C$DW$T$56      .dwtag  DW_TAG_typedef
    4929                      .dwattr $C$DW$T$56, DW_AT_name("EPWM_TripZoneEvent")
    4930                      .dwattr $C$DW$T$56, DW_AT_type(*$C$DW$T$55)
    4931                      .dwattr $C$DW$T$56, DW_AT_decl_file("D:/15_Delta/14. ANPC Converter/ANPC_3Layer/TMS320F280049C/device
    4932                      .dwattr $C$DW$T$56, DW_AT_decl_line(0x301)
    4933                      .dwattr $C$DW$T$56, DW_AT_decl_column(0x03)
    4934              
    4935                      .dwendtag $C$DW$TU$56
    4936              
    4937              
    4938              $C$DW$TU$57     .dwtag  DW_TAG_type_unit
    4939                      .dwmtype  $C$DW$T$57
    4940              
    4941              $C$DW$T$57      .dwtag  DW_TAG_enumeration_type
    4942                      .dwattr $C$DW$T$57, DW_AT_byte_size(0x01)
    4943              $C$DW$331       .dwtag  DW_TAG_enumerator
    4944                      .dwattr $C$DW$331, DW_AT_name("EPWM_TZ_ACTION_HIGH_Z")
    4945                      .dwattr $C$DW$331, DW_AT_const_value(0x00)
    4946                      .dwattr $C$DW$331, DW_AT_decl_file("D:/15_Delta/14. ANPC Converter/ANPC_3Layer/TMS320F280049C/device/
    4947                      .dwattr $C$DW$331, DW_AT_decl_line(0x30b)
    4948                      .dwattr $C$DW$331, DW_AT_decl_column(0x05)
    4949              
    4950              $C$DW$332       .dwtag  DW_TAG_enumerator
    4951                      .dwattr $C$DW$332, DW_AT_name("EPWM_TZ_ACTION_HIGH")
    4952                      .dwattr $C$DW$332, DW_AT_const_value(0x01)
    4953                      .dwattr $C$DW$332, DW_AT_decl_file("D:/15_Delta/14. ANPC Converter/ANPC_3Layer/TMS320F280049C/device/
    4954                      .dwattr $C$DW$332, DW_AT_decl_line(0x30c)
    4955                      .dwattr $C$DW$332, DW_AT_decl_column(0x05)
    4956              
    4957              $C$DW$333       .dwtag  DW_TAG_enumerator
    4958                      .dwattr $C$DW$333, DW_AT_name("EPWM_TZ_ACTION_LOW")
    4959                      .dwattr $C$DW$333, DW_AT_const_value(0x02)
    4960                      .dwattr $C$DW$333, DW_AT_decl_file("D:/15_Delta/14. ANPC Converter/ANPC_3Layer/TMS320F280049C/device/
    4961                      .dwattr $C$DW$333, DW_AT_decl_line(0x30d)
    4962                      .dwattr $C$DW$333, DW_AT_decl_column(0x05)
    4963              
    4964              $C$DW$334       .dwtag  DW_TAG_enumerator
    4965                      .dwattr $C$DW$334, DW_AT_name("EPWM_TZ_ACTION_DISABLE")
    4966                      .dwattr $C$DW$334, DW_AT_const_value(0x03)
    4967                      .dwattr $C$DW$334, DW_AT_decl_file("D:/15_Delta/14. ANPC Converter/ANPC_3Layer/TMS320F280049C/device/
    4968                      .dwattr $C$DW$334, DW_AT_decl_line(0x30e)
    4969                      .dwattr $C$DW$334, DW_AT_decl_column(0x05)
    4970              
    4971                      .dwattr $C$DW$T$57, DW_AT_decl_file("D:/15_Delta/14. ANPC Converter/ANPC_3Layer/TMS320F280049C/device
    4972                      .dwattr $C$DW$T$57, DW_AT_decl_line(0x30a)
    4973                      .dwattr $C$DW$T$57, DW_AT_decl_column(0x01)
    4974                      .dwendtag $C$DW$T$57
    4975              
    4976                      .dwendtag $C$DW$TU$57
TMS320C2000 Assembler PC v22.6.0 Mon Apr 21 09:03:31 2025

Copyright (c) 1996-2018 Texas Instruments Incorporated
hal_pwm_TMS320F280049C.asm                                           PAGE   97

    4977              
    4978              
    4979              $C$DW$TU$58     .dwtag  DW_TAG_type_unit
    4980                      .dwmtype  $C$DW$T$58
    4981              $C$DW$T$58      .dwtag  DW_TAG_typedef
    4982                      .dwattr $C$DW$T$58, DW_AT_name("EPWM_TripZoneAction")
    4983                      .dwattr $C$DW$T$58, DW_AT_type(*$C$DW$T$57)
    4984                      .dwattr $C$DW$T$58, DW_AT_decl_file("D:/15_Delta/14. ANPC Converter/ANPC_3Layer/TMS320F280049C/device
    4985                      .dwattr $C$DW$T$58, DW_AT_decl_line(0x30f)
    4986                      .dwattr $C$DW$T$58, DW_AT_decl_column(0x03)
    4987              
    4988                      .dwendtag $C$DW$TU$58
    4989              
    4990              
    4991              $C$DW$TU$59     .dwtag  DW_TAG_type_unit
    4992                      .dwmtype  $C$DW$T$59
    4993              
    4994              $C$DW$T$59      .dwtag  DW_TAG_enumeration_type
    4995                      .dwattr $C$DW$T$59, DW_AT_byte_size(0x01)
    4996              $C$DW$335       .dwtag  DW_TAG_enumerator
    4997                      .dwattr $C$DW$335, DW_AT_name("EPWM_SOC_A")
    4998                      .dwattr $C$DW$335, DW_AT_const_value(0x00)
    4999                      .dwattr $C$DW$335, DW_AT_decl_file("D:/15_Delta/14. ANPC Converter/ANPC_3Layer/TMS320F280049C/device/
    5000                      .dwattr $C$DW$335, DW_AT_decl_line(0x423)
    5001                      .dwattr $C$DW$335, DW_AT_decl_column(0x05)
    5002              
    5003              $C$DW$336       .dwtag  DW_TAG_enumerator
    5004                      .dwattr $C$DW$336, DW_AT_name("EPWM_SOC_B")
    5005                      .dwattr $C$DW$336, DW_AT_const_value(0x01)
    5006                      .dwattr $C$DW$336, DW_AT_decl_file("D:/15_Delta/14. ANPC Converter/ANPC_3Layer/TMS320F280049C/device/
    5007                      .dwattr $C$DW$336, DW_AT_decl_line(0x424)
    5008                      .dwattr $C$DW$336, DW_AT_decl_column(0x05)
    5009              
    5010                      .dwattr $C$DW$T$59, DW_AT_decl_file("D:/15_Delta/14. ANPC Converter/ANPC_3Layer/TMS320F280049C/device
    5011                      .dwattr $C$DW$T$59, DW_AT_decl_line(0x422)
    5012                      .dwattr $C$DW$T$59, DW_AT_decl_column(0x01)
    5013                      .dwendtag $C$DW$T$59
    5014              
    5015                      .dwendtag $C$DW$TU$59
    5016              
    5017              
    5018              $C$DW$TU$60     .dwtag  DW_TAG_type_unit
    5019                      .dwmtype  $C$DW$T$60
    5020              $C$DW$T$60      .dwtag  DW_TAG_typedef
    5021                      .dwattr $C$DW$T$60, DW_AT_name("EPWM_ADCStartOfConversionType")
    5022                      .dwattr $C$DW$T$60, DW_AT_type(*$C$DW$T$59)
    5023                      .dwattr $C$DW$T$60, DW_AT_decl_file("D:/15_Delta/14. ANPC Converter/ANPC_3Layer/TMS320F280049C/device
    5024                      .dwattr $C$DW$T$60, DW_AT_decl_line(0x425)
    5025                      .dwattr $C$DW$T$60, DW_AT_decl_column(0x03)
    5026              
    5027                      .dwendtag $C$DW$TU$60
    5028              
    5029              
    5030              $C$DW$TU$61     .dwtag  DW_TAG_type_unit
    5031                      .dwmtype  $C$DW$T$61
TMS320C2000 Assembler PC v22.6.0 Mon Apr 21 09:03:31 2025

Copyright (c) 1996-2018 Texas Instruments Incorporated
hal_pwm_TMS320F280049C.asm                                           PAGE   98

    5032              
    5033              $C$DW$T$61      .dwtag  DW_TAG_enumeration_type
    5034                      .dwattr $C$DW$T$61, DW_AT_byte_size(0x01)
    5035              $C$DW$337       .dwtag  DW_TAG_enumerator
    5036                      .dwattr $C$DW$337, DW_AT_name("EPWM_SOC_DCxEVT1")
    5037                      .dwattr $C$DW$337, DW_AT_const_value(0x00)
    5038                      .dwattr $C$DW$337, DW_AT_decl_file("D:/15_Delta/14. ANPC Converter/ANPC_3Layer/TMS320F280049C/device/
    5039                      .dwattr $C$DW$337, DW_AT_decl_line(0x430)
    5040                      .dwattr $C$DW$337, DW_AT_decl_column(0x05)
    5041              
    5042              $C$DW$338       .dwtag  DW_TAG_enumerator
    5043                      .dwattr $C$DW$338, DW_AT_name("EPWM_SOC_TBCTR_ZERO")
    5044                      .dwattr $C$DW$338, DW_AT_const_value(0x01)
    5045                      .dwattr $C$DW$338, DW_AT_decl_file("D:/15_Delta/14. ANPC Converter/ANPC_3Layer/TMS320F280049C/device/
    5046                      .dwattr $C$DW$338, DW_AT_decl_line(0x432)
    5047                      .dwattr $C$DW$338, DW_AT_decl_column(0x05)
    5048              
    5049              $C$DW$339       .dwtag  DW_TAG_enumerator
    5050                      .dwattr $C$DW$339, DW_AT_name("EPWM_SOC_TBCTR_PERIOD")
    5051                      .dwattr $C$DW$339, DW_AT_const_value(0x02)
    5052                      .dwattr $C$DW$339, DW_AT_decl_file("D:/15_Delta/14. ANPC Converter/ANPC_3Layer/TMS320F280049C/device/
    5053                      .dwattr $C$DW$339, DW_AT_decl_line(0x434)
    5054                      .dwattr $C$DW$339, DW_AT_decl_column(0x05)
    5055              
    5056              $C$DW$340       .dwtag  DW_TAG_enumerator
    5057                      .dwattr $C$DW$340, DW_AT_name("EPWM_SOC_TBCTR_ZERO_OR_PERIOD")
    5058                      .dwattr $C$DW$340, DW_AT_const_value(0x03)
    5059                      .dwattr $C$DW$340, DW_AT_decl_file("D:/15_Delta/14. ANPC Converter/ANPC_3Layer/TMS320F280049C/device/
    5060                      .dwattr $C$DW$340, DW_AT_decl_line(0x436)
    5061                      .dwattr $C$DW$340, DW_AT_decl_column(0x05)
    5062              
    5063              $C$DW$341       .dwtag  DW_TAG_enumerator
    5064                      .dwattr $C$DW$341, DW_AT_name("EPWM_SOC_TBCTR_U_CMPA")
    5065                      .dwattr $C$DW$341, DW_AT_const_value(0x04)
    5066                      .dwattr $C$DW$341, DW_AT_decl_file("D:/15_Delta/14. ANPC Converter/ANPC_3Layer/TMS320F280049C/device/
    5067                      .dwattr $C$DW$341, DW_AT_decl_line(0x438)
    5068                      .dwattr $C$DW$341, DW_AT_decl_column(0x05)
    5069              
    5070              $C$DW$342       .dwtag  DW_TAG_enumerator
    5071                      .dwattr $C$DW$342, DW_AT_name("EPWM_SOC_TBCTR_U_CMPC")
    5072                      .dwattr $C$DW$342, DW_AT_const_value(0x08)
    5073                      .dwattr $C$DW$342, DW_AT_decl_file("D:/15_Delta/14. ANPC Converter/ANPC_3Layer/TMS320F280049C/device/
    5074                      .dwattr $C$DW$342, DW_AT_decl_line(0x43a)
    5075                      .dwattr $C$DW$342, DW_AT_decl_column(0x05)
    5076              
    5077              $C$DW$343       .dwtag  DW_TAG_enumerator
    5078                      .dwattr $C$DW$343, DW_AT_name("EPWM_SOC_TBCTR_D_CMPA")
    5079                      .dwattr $C$DW$343, DW_AT_const_value(0x05)
    5080                      .dwattr $C$DW$343, DW_AT_decl_file("D:/15_Delta/14. ANPC Converter/ANPC_3Layer/TMS320F280049C/device/
    5081                      .dwattr $C$DW$343, DW_AT_decl_line(0x43c)
    5082                      .dwattr $C$DW$343, DW_AT_decl_column(0x05)
    5083              
    5084              $C$DW$344       .dwtag  DW_TAG_enumerator
    5085                      .dwattr $C$DW$344, DW_AT_name("EPWM_SOC_TBCTR_D_CMPC")
    5086                      .dwattr $C$DW$344, DW_AT_const_value(0x0a)
TMS320C2000 Assembler PC v22.6.0 Mon Apr 21 09:03:31 2025

Copyright (c) 1996-2018 Texas Instruments Incorporated
hal_pwm_TMS320F280049C.asm                                           PAGE   99

    5087                      .dwattr $C$DW$344, DW_AT_decl_file("D:/15_Delta/14. ANPC Converter/ANPC_3Layer/TMS320F280049C/device/
    5088                      .dwattr $C$DW$344, DW_AT_decl_line(0x43e)
    5089                      .dwattr $C$DW$344, DW_AT_decl_column(0x05)
    5090              
    5091              $C$DW$345       .dwtag  DW_TAG_enumerator
    5092                      .dwattr $C$DW$345, DW_AT_name("EPWM_SOC_TBCTR_U_CMPB")
    5093                      .dwattr $C$DW$345, DW_AT_const_value(0x06)
    5094                      .dwattr $C$DW$345, DW_AT_decl_file("D:/15_Delta/14. ANPC Converter/ANPC_3Layer/TMS320F280049C/device/
    5095                      .dwattr $C$DW$345, DW_AT_decl_line(0x440)
    5096                      .dwattr $C$DW$345, DW_AT_decl_column(0x05)
    5097              
    5098              $C$DW$346       .dwtag  DW_TAG_enumerator
    5099                      .dwattr $C$DW$346, DW_AT_name("EPWM_SOC_TBCTR_U_CMPD")
    5100                      .dwattr $C$DW$346, DW_AT_const_value(0x0c)
    5101                      .dwattr $C$DW$346, DW_AT_decl_file("D:/15_Delta/14. ANPC Converter/ANPC_3Layer/TMS320F280049C/device/
    5102                      .dwattr $C$DW$346, DW_AT_decl_line(0x442)
    5103                      .dwattr $C$DW$346, DW_AT_decl_column(0x05)
    5104              
    5105              $C$DW$347       .dwtag  DW_TAG_enumerator
    5106                      .dwattr $C$DW$347, DW_AT_name("EPWM_SOC_TBCTR_D_CMPB")
    5107                      .dwattr $C$DW$347, DW_AT_const_value(0x07)
    5108                      .dwattr $C$DW$347, DW_AT_decl_file("D:/15_Delta/14. ANPC Converter/ANPC_3Layer/TMS320F280049C/device/
    5109                      .dwattr $C$DW$347, DW_AT_decl_line(0x444)
    5110                      .dwattr $C$DW$347, DW_AT_decl_column(0x05)
    5111              
    5112              $C$DW$348       .dwtag  DW_TAG_enumerator
    5113                      .dwattr $C$DW$348, DW_AT_name("EPWM_SOC_TBCTR_D_CMPD")
    5114                      .dwattr $C$DW$348, DW_AT_const_value(0x0e)
    5115                      .dwattr $C$DW$348, DW_AT_decl_file("D:/15_Delta/14. ANPC Converter/ANPC_3Layer/TMS320F280049C/device/
    5116                      .dwattr $C$DW$348, DW_AT_decl_line(0x446)
    5117                      .dwattr $C$DW$348, DW_AT_decl_column(0x05)
    5118              
    5119                      .dwattr $C$DW$T$61, DW_AT_decl_file("D:/15_Delta/14. ANPC Converter/ANPC_3Layer/TMS320F280049C/device
    5120                      .dwattr $C$DW$T$61, DW_AT_decl_line(0x42e)
    5121                      .dwattr $C$DW$T$61, DW_AT_decl_column(0x01)
    5122                      .dwendtag $C$DW$T$61
    5123              
    5124                      .dwendtag $C$DW$TU$61
    5125              
    5126              
    5127              $C$DW$TU$62     .dwtag  DW_TAG_type_unit
    5128                      .dwmtype  $C$DW$T$62
    5129              $C$DW$T$62      .dwtag  DW_TAG_typedef
    5130                      .dwattr $C$DW$T$62, DW_AT_name("EPWM_ADCStartOfConversionSource")
    5131                      .dwattr $C$DW$T$62, DW_AT_type(*$C$DW$T$61)
    5132                      .dwattr $C$DW$T$62, DW_AT_decl_file("D:/15_Delta/14. ANPC Converter/ANPC_3Layer/TMS320F280049C/device
    5133                      .dwattr $C$DW$T$62, DW_AT_decl_line(0x447)
    5134                      .dwattr $C$DW$T$62, DW_AT_decl_column(0x03)
    5135              
    5136                      .dwendtag $C$DW$TU$62
    5137              
    5138              
    5139              $C$DW$TU$63     .dwtag  DW_TAG_type_unit
    5140                      .dwmtype  $C$DW$T$63
    5141              
TMS320C2000 Assembler PC v22.6.0 Mon Apr 21 09:03:31 2025

Copyright (c) 1996-2018 Texas Instruments Incorporated
hal_pwm_TMS320F280049C.asm                                           PAGE  100

    5142              $C$DW$T$63      .dwtag  DW_TAG_enumeration_type
    5143                      .dwattr $C$DW$T$63, DW_AT_byte_size(0x01)
    5144              $C$DW$349       .dwtag  DW_TAG_enumerator
    5145                      .dwattr $C$DW$349, DW_AT_name("EPWM_DC_TRIP_TRIPIN1")
    5146                      .dwattr $C$DW$349, DW_AT_const_value(0x00)
    5147                      .dwattr $C$DW$349, DW_AT_decl_file("D:/15_Delta/14. ANPC Converter/ANPC_3Layer/TMS320F280049C/device/
    5148                      .dwattr $C$DW$349, DW_AT_decl_line(0x464)
    5149                      .dwattr $C$DW$349, DW_AT_decl_column(0x05)
    5150              
    5151              $C$DW$350       .dwtag  DW_TAG_enumerator
    5152                      .dwattr $C$DW$350, DW_AT_name("EPWM_DC_TRIP_TRIPIN2")
    5153                      .dwattr $C$DW$350, DW_AT_const_value(0x01)
    5154                      .dwattr $C$DW$350, DW_AT_decl_file("D:/15_Delta/14. ANPC Converter/ANPC_3Layer/TMS320F280049C/device/
    5155                      .dwattr $C$DW$350, DW_AT_decl_line(0x465)
    5156                      .dwattr $C$DW$350, DW_AT_decl_column(0x05)
    5157              
    5158              $C$DW$351       .dwtag  DW_TAG_enumerator
    5159                      .dwattr $C$DW$351, DW_AT_name("EPWM_DC_TRIP_TRIPIN3")
    5160                      .dwattr $C$DW$351, DW_AT_const_value(0x02)
    5161                      .dwattr $C$DW$351, DW_AT_decl_file("D:/15_Delta/14. ANPC Converter/ANPC_3Layer/TMS320F280049C/device/
    5162                      .dwattr $C$DW$351, DW_AT_decl_line(0x466)
    5163                      .dwattr $C$DW$351, DW_AT_decl_column(0x05)
    5164              
    5165              $C$DW$352       .dwtag  DW_TAG_enumerator
    5166                      .dwattr $C$DW$352, DW_AT_name("EPWM_DC_TRIP_TRIPIN4")
    5167                      .dwattr $C$DW$352, DW_AT_const_value(0x03)
    5168                      .dwattr $C$DW$352, DW_AT_decl_file("D:/15_Delta/14. ANPC Converter/ANPC_3Layer/TMS320F280049C/device/
    5169                      .dwattr $C$DW$352, DW_AT_decl_line(0x467)
    5170                      .dwattr $C$DW$352, DW_AT_decl_column(0x05)
    5171              
    5172              $C$DW$353       .dwtag  DW_TAG_enumerator
    5173                      .dwattr $C$DW$353, DW_AT_name("EPWM_DC_TRIP_TRIPIN5")
    5174                      .dwattr $C$DW$353, DW_AT_const_value(0x04)
    5175                      .dwattr $C$DW$353, DW_AT_decl_file("D:/15_Delta/14. ANPC Converter/ANPC_3Layer/TMS320F280049C/device/
    5176                      .dwattr $C$DW$353, DW_AT_decl_line(0x468)
    5177                      .dwattr $C$DW$353, DW_AT_decl_column(0x05)
    5178              
    5179              $C$DW$354       .dwtag  DW_TAG_enumerator
    5180                      .dwattr $C$DW$354, DW_AT_name("EPWM_DC_TRIP_TRIPIN6")
    5181                      .dwattr $C$DW$354, DW_AT_const_value(0x05)
    5182                      .dwattr $C$DW$354, DW_AT_decl_file("D:/15_Delta/14. ANPC Converter/ANPC_3Layer/TMS320F280049C/device/
    5183                      .dwattr $C$DW$354, DW_AT_decl_line(0x469)
    5184                      .dwattr $C$DW$354, DW_AT_decl_column(0x05)
    5185              
    5186              $C$DW$355       .dwtag  DW_TAG_enumerator
    5187                      .dwattr $C$DW$355, DW_AT_name("EPWM_DC_TRIP_TRIPIN7")
    5188                      .dwattr $C$DW$355, DW_AT_const_value(0x06)
    5189                      .dwattr $C$DW$355, DW_AT_decl_file("D:/15_Delta/14. ANPC Converter/ANPC_3Layer/TMS320F280049C/device/
    5190                      .dwattr $C$DW$355, DW_AT_decl_line(0x46a)
    5191                      .dwattr $C$DW$355, DW_AT_decl_column(0x05)
    5192              
    5193              $C$DW$356       .dwtag  DW_TAG_enumerator
    5194                      .dwattr $C$DW$356, DW_AT_name("EPWM_DC_TRIP_TRIPIN8")
    5195                      .dwattr $C$DW$356, DW_AT_const_value(0x07)
    5196                      .dwattr $C$DW$356, DW_AT_decl_file("D:/15_Delta/14. ANPC Converter/ANPC_3Layer/TMS320F280049C/device/
TMS320C2000 Assembler PC v22.6.0 Mon Apr 21 09:03:31 2025

Copyright (c) 1996-2018 Texas Instruments Incorporated
hal_pwm_TMS320F280049C.asm                                           PAGE  101

    5197                      .dwattr $C$DW$356, DW_AT_decl_line(0x46b)
    5198                      .dwattr $C$DW$356, DW_AT_decl_column(0x05)
    5199              
    5200              $C$DW$357       .dwtag  DW_TAG_enumerator
    5201                      .dwattr $C$DW$357, DW_AT_name("EPWM_DC_TRIP_TRIPIN9")
    5202                      .dwattr $C$DW$357, DW_AT_const_value(0x08)
    5203                      .dwattr $C$DW$357, DW_AT_decl_file("D:/15_Delta/14. ANPC Converter/ANPC_3Layer/TMS320F280049C/device/
    5204                      .dwattr $C$DW$357, DW_AT_decl_line(0x46c)
    5205                      .dwattr $C$DW$357, DW_AT_decl_column(0x05)
    5206              
    5207              $C$DW$358       .dwtag  DW_TAG_enumerator
    5208                      .dwattr $C$DW$358, DW_AT_name("EPWM_DC_TRIP_TRIPIN10")
    5209                      .dwattr $C$DW$358, DW_AT_const_value(0x09)
    5210                      .dwattr $C$DW$358, DW_AT_decl_file("D:/15_Delta/14. ANPC Converter/ANPC_3Layer/TMS320F280049C/device/
    5211                      .dwattr $C$DW$358, DW_AT_decl_line(0x46d)
    5212                      .dwattr $C$DW$358, DW_AT_decl_column(0x05)
    5213              
    5214              $C$DW$359       .dwtag  DW_TAG_enumerator
    5215                      .dwattr $C$DW$359, DW_AT_name("EPWM_DC_TRIP_TRIPIN11")
    5216                      .dwattr $C$DW$359, DW_AT_const_value(0x0a)
    5217                      .dwattr $C$DW$359, DW_AT_decl_file("D:/15_Delta/14. ANPC Converter/ANPC_3Layer/TMS320F280049C/device/
    5218                      .dwattr $C$DW$359, DW_AT_decl_line(0x46e)
    5219                      .dwattr $C$DW$359, DW_AT_decl_column(0x05)
    5220              
    5221              $C$DW$360       .dwtag  DW_TAG_enumerator
    5222                      .dwattr $C$DW$360, DW_AT_name("EPWM_DC_TRIP_TRIPIN12")
    5223                      .dwattr $C$DW$360, DW_AT_const_value(0x0b)
    5224                      .dwattr $C$DW$360, DW_AT_decl_file("D:/15_Delta/14. ANPC Converter/ANPC_3Layer/TMS320F280049C/device/
    5225                      .dwattr $C$DW$360, DW_AT_decl_line(0x46f)
    5226                      .dwattr $C$DW$360, DW_AT_decl_column(0x05)
    5227              
    5228              $C$DW$361       .dwtag  DW_TAG_enumerator
    5229                      .dwattr $C$DW$361, DW_AT_name("EPWM_DC_TRIP_TRIPIN14")
    5230                      .dwattr $C$DW$361, DW_AT_const_value(0x0d)
    5231                      .dwattr $C$DW$361, DW_AT_decl_file("D:/15_Delta/14. ANPC Converter/ANPC_3Layer/TMS320F280049C/device/
    5232                      .dwattr $C$DW$361, DW_AT_decl_line(0x470)
    5233                      .dwattr $C$DW$361, DW_AT_decl_column(0x05)
    5234              
    5235              $C$DW$362       .dwtag  DW_TAG_enumerator
    5236                      .dwattr $C$DW$362, DW_AT_name("EPWM_DC_TRIP_TRIPIN15")
    5237                      .dwattr $C$DW$362, DW_AT_const_value(0x0e)
    5238                      .dwattr $C$DW$362, DW_AT_decl_file("D:/15_Delta/14. ANPC Converter/ANPC_3Layer/TMS320F280049C/device/
    5239                      .dwattr $C$DW$362, DW_AT_decl_line(0x471)
    5240                      .dwattr $C$DW$362, DW_AT_decl_column(0x05)
    5241              
    5242              $C$DW$363       .dwtag  DW_TAG_enumerator
    5243                      .dwattr $C$DW$363, DW_AT_name("EPWM_DC_TRIP_COMBINATION")
    5244                      .dwattr $C$DW$363, DW_AT_const_value(0x0f)
    5245                      .dwattr $C$DW$363, DW_AT_decl_file("D:/15_Delta/14. ANPC Converter/ANPC_3Layer/TMS320F280049C/device/
    5246                      .dwattr $C$DW$363, DW_AT_decl_line(0x472)
    5247                      .dwattr $C$DW$363, DW_AT_decl_column(0x05)
    5248              
    5249                      .dwattr $C$DW$T$63, DW_AT_decl_file("D:/15_Delta/14. ANPC Converter/ANPC_3Layer/TMS320F280049C/device
    5250                      .dwattr $C$DW$T$63, DW_AT_decl_line(0x463)
    5251                      .dwattr $C$DW$T$63, DW_AT_decl_column(0x01)
TMS320C2000 Assembler PC v22.6.0 Mon Apr 21 09:03:31 2025

Copyright (c) 1996-2018 Texas Instruments Incorporated
hal_pwm_TMS320F280049C.asm                                           PAGE  102

    5252                      .dwendtag $C$DW$T$63
    5253              
    5254                      .dwendtag $C$DW$TU$63
    5255              
    5256              
    5257              $C$DW$TU$64     .dwtag  DW_TAG_type_unit
    5258                      .dwmtype  $C$DW$T$64
    5259              $C$DW$T$64      .dwtag  DW_TAG_typedef
    5260                      .dwattr $C$DW$T$64, DW_AT_name("EPWM_DigitalCompareTripInput")
    5261                      .dwattr $C$DW$T$64, DW_AT_type(*$C$DW$T$63)
    5262                      .dwattr $C$DW$T$64, DW_AT_decl_file("D:/15_Delta/14. ANPC Converter/ANPC_3Layer/TMS320F280049C/device
    5263                      .dwattr $C$DW$T$64, DW_AT_decl_line(0x473)
    5264                      .dwattr $C$DW$T$64, DW_AT_decl_column(0x03)
    5265              
    5266                      .dwendtag $C$DW$TU$64
    5267              
    5268              
    5269              $C$DW$TU$65     .dwtag  DW_TAG_type_unit
    5270                      .dwmtype  $C$DW$T$65
    5271              
    5272              $C$DW$T$65      .dwtag  DW_TAG_enumeration_type
    5273                      .dwattr $C$DW$T$65, DW_AT_byte_size(0x01)
    5274              $C$DW$364       .dwtag  DW_TAG_enumerator
    5275                      .dwattr $C$DW$364, DW_AT_name("EPWM_DC_TYPE_DCAH")
    5276                      .dwattr $C$DW$364, DW_AT_const_value(0x00)
    5277                      .dwattr $C$DW$364, DW_AT_decl_file("D:/15_Delta/14. ANPC Converter/ANPC_3Layer/TMS320F280049C/device/
    5278                      .dwattr $C$DW$364, DW_AT_decl_line(0x456)
    5279                      .dwattr $C$DW$364, DW_AT_decl_column(0x05)
    5280              
    5281              $C$DW$365       .dwtag  DW_TAG_enumerator
    5282                      .dwattr $C$DW$365, DW_AT_name("EPWM_DC_TYPE_DCAL")
    5283                      .dwattr $C$DW$365, DW_AT_const_value(0x01)
    5284                      .dwattr $C$DW$365, DW_AT_decl_file("D:/15_Delta/14. ANPC Converter/ANPC_3Layer/TMS320F280049C/device/
    5285                      .dwattr $C$DW$365, DW_AT_decl_line(0x457)
    5286                      .dwattr $C$DW$365, DW_AT_decl_column(0x05)
    5287              
    5288              $C$DW$366       .dwtag  DW_TAG_enumerator
    5289                      .dwattr $C$DW$366, DW_AT_name("EPWM_DC_TYPE_DCBH")
    5290                      .dwattr $C$DW$366, DW_AT_const_value(0x02)
    5291                      .dwattr $C$DW$366, DW_AT_decl_file("D:/15_Delta/14. ANPC Converter/ANPC_3Layer/TMS320F280049C/device/
    5292                      .dwattr $C$DW$366, DW_AT_decl_line(0x458)
    5293                      .dwattr $C$DW$366, DW_AT_decl_column(0x05)
    5294              
    5295              $C$DW$367       .dwtag  DW_TAG_enumerator
    5296                      .dwattr $C$DW$367, DW_AT_name("EPWM_DC_TYPE_DCBL")
    5297                      .dwattr $C$DW$367, DW_AT_const_value(0x03)
    5298                      .dwattr $C$DW$367, DW_AT_decl_file("D:/15_Delta/14. ANPC Converter/ANPC_3Layer/TMS320F280049C/device/
    5299                      .dwattr $C$DW$367, DW_AT_decl_line(0x459)
    5300                      .dwattr $C$DW$367, DW_AT_decl_column(0x05)
    5301              
    5302                      .dwattr $C$DW$T$65, DW_AT_decl_file("D:/15_Delta/14. ANPC Converter/ANPC_3Layer/TMS320F280049C/device
    5303                      .dwattr $C$DW$T$65, DW_AT_decl_line(0x455)
    5304                      .dwattr $C$DW$T$65, DW_AT_decl_column(0x01)
    5305                      .dwendtag $C$DW$T$65
    5306              
TMS320C2000 Assembler PC v22.6.0 Mon Apr 21 09:03:31 2025

Copyright (c) 1996-2018 Texas Instruments Incorporated
hal_pwm_TMS320F280049C.asm                                           PAGE  103

    5307                      .dwendtag $C$DW$TU$65
    5308              
    5309              
    5310              $C$DW$TU$66     .dwtag  DW_TAG_type_unit
    5311                      .dwmtype  $C$DW$T$66
    5312              $C$DW$T$66      .dwtag  DW_TAG_typedef
    5313                      .dwattr $C$DW$T$66, DW_AT_name("EPWM_DigitalCompareType")
    5314                      .dwattr $C$DW$T$66, DW_AT_type(*$C$DW$T$65)
    5315                      .dwattr $C$DW$T$66, DW_AT_decl_file("D:/15_Delta/14. ANPC Converter/ANPC_3Layer/TMS320F280049C/device
    5316                      .dwattr $C$DW$T$66, DW_AT_decl_line(0x45a)
    5317                      .dwattr $C$DW$T$66, DW_AT_decl_column(0x03)
    5318              
    5319                      .dwendtag $C$DW$TU$66
    5320              
    5321              
    5322              $C$DW$TU$67     .dwtag  DW_TAG_type_unit
    5323                      .dwmtype  $C$DW$T$67
    5324              
    5325              $C$DW$T$67      .dwtag  DW_TAG_enumeration_type
    5326                      .dwattr $C$DW$T$67, DW_AT_byte_size(0x01)
    5327              $C$DW$368       .dwtag  DW_TAG_enumerator
    5328                      .dwattr $C$DW$368, DW_AT_name("EPWM_DC_MODULE_A")
    5329                      .dwattr $C$DW$368, DW_AT_const_value(0x00)
    5330                      .dwattr $C$DW$368, DW_AT_decl_file("D:/15_Delta/14. ANPC Converter/ANPC_3Layer/TMS320F280049C/device/
    5331                      .dwattr $C$DW$368, DW_AT_decl_line(0x4cf)
    5332                      .dwattr $C$DW$368, DW_AT_decl_column(0x05)
    5333              
    5334              $C$DW$369       .dwtag  DW_TAG_enumerator
    5335                      .dwattr $C$DW$369, DW_AT_name("EPWM_DC_MODULE_B")
    5336                      .dwattr $C$DW$369, DW_AT_const_value(0x01)
    5337                      .dwattr $C$DW$369, DW_AT_decl_file("D:/15_Delta/14. ANPC Converter/ANPC_3Layer/TMS320F280049C/device/
    5338                      .dwattr $C$DW$369, DW_AT_decl_line(0x4d0)
    5339                      .dwattr $C$DW$369, DW_AT_decl_column(0x05)
    5340              
    5341                      .dwattr $C$DW$T$67, DW_AT_decl_file("D:/15_Delta/14. ANPC Converter/ANPC_3Layer/TMS320F280049C/device
    5342                      .dwattr $C$DW$T$67, DW_AT_decl_line(0x4ce)
    5343                      .dwattr $C$DW$T$67, DW_AT_decl_column(0x01)
    5344                      .dwendtag $C$DW$T$67
    5345              
    5346                      .dwendtag $C$DW$TU$67
    5347              
    5348              
    5349              $C$DW$TU$68     .dwtag  DW_TAG_type_unit
    5350                      .dwmtype  $C$DW$T$68
    5351              $C$DW$T$68      .dwtag  DW_TAG_typedef
    5352                      .dwattr $C$DW$T$68, DW_AT_name("EPWM_DigitalCompareModule")
    5353                      .dwattr $C$DW$T$68, DW_AT_type(*$C$DW$T$67)
    5354                      .dwattr $C$DW$T$68, DW_AT_decl_file("D:/15_Delta/14. ANPC Converter/ANPC_3Layer/TMS320F280049C/device
    5355                      .dwattr $C$DW$T$68, DW_AT_decl_line(0x4d1)
    5356                      .dwattr $C$DW$T$68, DW_AT_decl_column(0x03)
    5357              
    5358                      .dwendtag $C$DW$TU$68
    5359              
    5360              
    5361              $C$DW$TU$69     .dwtag  DW_TAG_type_unit
TMS320C2000 Assembler PC v22.6.0 Mon Apr 21 09:03:31 2025

Copyright (c) 1996-2018 Texas Instruments Incorporated
hal_pwm_TMS320F280049C.asm                                           PAGE  104

    5362                      .dwmtype  $C$DW$T$69
    5363              
    5364              $C$DW$T$69      .dwtag  DW_TAG_enumeration_type
    5365                      .dwattr $C$DW$T$69, DW_AT_byte_size(0x01)
    5366              $C$DW$370       .dwtag  DW_TAG_enumerator
    5367                      .dwattr $C$DW$370, DW_AT_name("EPWM_DC_EVENT_1")
    5368                      .dwattr $C$DW$370, DW_AT_const_value(0x00)
    5369                      .dwattr $C$DW$370, DW_AT_decl_file("D:/15_Delta/14. ANPC Converter/ANPC_3Layer/TMS320F280049C/device/
    5370                      .dwattr $C$DW$370, DW_AT_decl_line(0x4db)
    5371                      .dwattr $C$DW$370, DW_AT_decl_column(0x05)
    5372              
    5373              $C$DW$371       .dwtag  DW_TAG_enumerator
    5374                      .dwattr $C$DW$371, DW_AT_name("EPWM_DC_EVENT_2")
    5375                      .dwattr $C$DW$371, DW_AT_const_value(0x01)
    5376                      .dwattr $C$DW$371, DW_AT_decl_file("D:/15_Delta/14. ANPC Converter/ANPC_3Layer/TMS320F280049C/device/
    5377                      .dwattr $C$DW$371, DW_AT_decl_line(0x4dc)
    5378                      .dwattr $C$DW$371, DW_AT_decl_column(0x05)
    5379              
    5380                      .dwattr $C$DW$T$69, DW_AT_decl_file("D:/15_Delta/14. ANPC Converter/ANPC_3Layer/TMS320F280049C/device
    5381                      .dwattr $C$DW$T$69, DW_AT_decl_line(0x4da)
    5382                      .dwattr $C$DW$T$69, DW_AT_decl_column(0x01)
    5383                      .dwendtag $C$DW$T$69
    5384              
    5385                      .dwendtag $C$DW$TU$69
    5386              
    5387              
    5388              $C$DW$TU$70     .dwtag  DW_TAG_type_unit
    5389                      .dwmtype  $C$DW$T$70
    5390              $C$DW$T$70      .dwtag  DW_TAG_typedef
    5391                      .dwattr $C$DW$T$70, DW_AT_name("EPWM_DigitalCompareEvent")
    5392                      .dwattr $C$DW$T$70, DW_AT_type(*$C$DW$T$69)
    5393                      .dwattr $C$DW$T$70, DW_AT_decl_file("D:/15_Delta/14. ANPC Converter/ANPC_3Layer/TMS320F280049C/device
    5394                      .dwattr $C$DW$T$70, DW_AT_decl_line(0x4dd)
    5395                      .dwattr $C$DW$T$70, DW_AT_decl_column(0x03)
    5396              
    5397                      .dwendtag $C$DW$TU$70
    5398              
    5399              
    5400              $C$DW$TU$71     .dwtag  DW_TAG_type_unit
    5401                      .dwmtype  $C$DW$T$71
    5402              
    5403              $C$DW$T$71      .dwtag  DW_TAG_enumeration_type
    5404                      .dwattr $C$DW$T$71, DW_AT_byte_size(0x01)
    5405              $C$DW$372       .dwtag  DW_TAG_enumerator
    5406                      .dwattr $C$DW$372, DW_AT_name("EPWM_DC_EVENT_SOURCE_ORIG_SIGNAL")
    5407                      .dwattr $C$DW$372, DW_AT_const_value(0x00)
    5408                      .dwattr $C$DW$372, DW_AT_decl_file("D:/15_Delta/14. ANPC Converter/ANPC_3Layer/TMS320F280049C/device/
    5409                      .dwattr $C$DW$372, DW_AT_decl_line(0x4e8)
    5410                      .dwattr $C$DW$372, DW_AT_decl_column(0x05)
    5411              
    5412              $C$DW$373       .dwtag  DW_TAG_enumerator
    5413                      .dwattr $C$DW$373, DW_AT_name("EPWM_DC_EVENT_SOURCE_FILT_SIGNAL")
    5414                      .dwattr $C$DW$373, DW_AT_const_value(0x01)
    5415                      .dwattr $C$DW$373, DW_AT_decl_file("D:/15_Delta/14. ANPC Converter/ANPC_3Layer/TMS320F280049C/device/
    5416                      .dwattr $C$DW$373, DW_AT_decl_line(0x4ea)
TMS320C2000 Assembler PC v22.6.0 Mon Apr 21 09:03:31 2025

Copyright (c) 1996-2018 Texas Instruments Incorporated
hal_pwm_TMS320F280049C.asm                                           PAGE  105

    5417                      .dwattr $C$DW$373, DW_AT_decl_column(0x05)
    5418              
    5419                      .dwattr $C$DW$T$71, DW_AT_decl_file("D:/15_Delta/14. ANPC Converter/ANPC_3Layer/TMS320F280049C/device
    5420                      .dwattr $C$DW$T$71, DW_AT_decl_line(0x4e6)
    5421                      .dwattr $C$DW$T$71, DW_AT_decl_column(0x01)
    5422                      .dwendtag $C$DW$T$71
    5423              
    5424                      .dwendtag $C$DW$TU$71
    5425              
    5426              
    5427              $C$DW$TU$72     .dwtag  DW_TAG_type_unit
    5428                      .dwmtype  $C$DW$T$72
    5429              $C$DW$T$72      .dwtag  DW_TAG_typedef
    5430                      .dwattr $C$DW$T$72, DW_AT_name("EPWM_DigitalCompareEventSource")
    5431                      .dwattr $C$DW$T$72, DW_AT_type(*$C$DW$T$71)
    5432                      .dwattr $C$DW$T$72, DW_AT_decl_file("D:/15_Delta/14. ANPC Converter/ANPC_3Layer/TMS320F280049C/device
    5433                      .dwattr $C$DW$T$72, DW_AT_decl_line(0x4eb)
    5434                      .dwattr $C$DW$T$72, DW_AT_decl_column(0x03)
    5435              
    5436                      .dwendtag $C$DW$TU$72
    5437              
    5438              
    5439              $C$DW$TU$73     .dwtag  DW_TAG_type_unit
    5440                      .dwmtype  $C$DW$T$73
    5441              
    5442              $C$DW$T$73      .dwtag  DW_TAG_enumeration_type
    5443                      .dwattr $C$DW$T$73, DW_AT_byte_size(0x01)
    5444              $C$DW$374       .dwtag  DW_TAG_enumerator
    5445                      .dwattr $C$DW$374, DW_AT_name("EPWM_DC_EVENT_INPUT_SYNCED")
    5446                      .dwattr $C$DW$374, DW_AT_const_value(0x00)
    5447                      .dwattr $C$DW$374, DW_AT_decl_file("D:/15_Delta/14. ANPC Converter/ANPC_3Layer/TMS320F280049C/device/
    5448                      .dwattr $C$DW$374, DW_AT_decl_line(0x4f6)
    5449                      .dwattr $C$DW$374, DW_AT_decl_column(0x05)
    5450              
    5451              $C$DW$375       .dwtag  DW_TAG_enumerator
    5452                      .dwattr $C$DW$375, DW_AT_name("EPWM_DC_EVENT_INPUT_NOT_SYNCED")
    5453                      .dwattr $C$DW$375, DW_AT_const_value(0x01)
    5454                      .dwattr $C$DW$375, DW_AT_decl_file("D:/15_Delta/14. ANPC Converter/ANPC_3Layer/TMS320F280049C/device/
    5455                      .dwattr $C$DW$375, DW_AT_decl_line(0x4f8)
    5456                      .dwattr $C$DW$375, DW_AT_decl_column(0x05)
    5457              
    5458                      .dwattr $C$DW$T$73, DW_AT_decl_file("D:/15_Delta/14. ANPC Converter/ANPC_3Layer/TMS320F280049C/device
    5459                      .dwattr $C$DW$T$73, DW_AT_decl_line(0x4f4)
    5460                      .dwattr $C$DW$T$73, DW_AT_decl_column(0x01)
    5461                      .dwendtag $C$DW$T$73
    5462              
    5463                      .dwendtag $C$DW$TU$73
    5464              
    5465              
    5466              $C$DW$TU$74     .dwtag  DW_TAG_type_unit
    5467                      .dwmtype  $C$DW$T$74
    5468              $C$DW$T$74      .dwtag  DW_TAG_typedef
    5469                      .dwattr $C$DW$T$74, DW_AT_name("EPWM_DigitalCompareSyncMode")
    5470                      .dwattr $C$DW$T$74, DW_AT_type(*$C$DW$T$73)
    5471                      .dwattr $C$DW$T$74, DW_AT_decl_file("D:/15_Delta/14. ANPC Converter/ANPC_3Layer/TMS320F280049C/device
TMS320C2000 Assembler PC v22.6.0 Mon Apr 21 09:03:31 2025

Copyright (c) 1996-2018 Texas Instruments Incorporated
hal_pwm_TMS320F280049C.asm                                           PAGE  106

    5472                      .dwattr $C$DW$T$74, DW_AT_decl_line(0x4f9)
    5473                      .dwattr $C$DW$T$74, DW_AT_decl_column(0x03)
    5474              
    5475                      .dwendtag $C$DW$TU$74
    5476              
    5477              
    5478              $C$DW$TU$75     .dwtag  DW_TAG_type_unit
    5479                      .dwmtype  $C$DW$T$75
    5480              
    5481              $C$DW$T$75      .dwtag  DW_TAG_enumeration_type
    5482                      .dwattr $C$DW$T$75, DW_AT_byte_size(0x01)
    5483              $C$DW$376       .dwtag  DW_TAG_enumerator
    5484                      .dwattr $C$DW$376, DW_AT_name("XBAR_TRIP4")
    5485                      .dwattr $C$DW$376, DW_AT_const_value(0x00)
    5486                      .dwattr $C$DW$376, DW_AT_decl_file("D:\15_Delta\14. ANPC Converter\ANPC_3Layer\TMS320F280049C\device\
    5487                      .dwattr $C$DW$376, DW_AT_decl_line(0xab)
    5488                      .dwattr $C$DW$376, DW_AT_decl_column(0x05)
    5489              
    5490              $C$DW$377       .dwtag  DW_TAG_enumerator
    5491                      .dwattr $C$DW$377, DW_AT_name("XBAR_TRIP5")
    5492                      .dwattr $C$DW$377, DW_AT_const_value(0x02)
    5493                      .dwattr $C$DW$377, DW_AT_decl_file("D:\15_Delta\14. ANPC Converter\ANPC_3Layer\TMS320F280049C\device\
    5494                      .dwattr $C$DW$377, DW_AT_decl_line(0xac)
    5495                      .dwattr $C$DW$377, DW_AT_decl_column(0x05)
    5496              
    5497              $C$DW$378       .dwtag  DW_TAG_enumerator
    5498                      .dwattr $C$DW$378, DW_AT_name("XBAR_TRIP7")
    5499                      .dwattr $C$DW$378, DW_AT_const_value(0x04)
    5500                      .dwattr $C$DW$378, DW_AT_decl_file("D:\15_Delta\14. ANPC Converter\ANPC_3Layer\TMS320F280049C\device\
    5501                      .dwattr $C$DW$378, DW_AT_decl_line(0xad)
    5502                      .dwattr $C$DW$378, DW_AT_decl_column(0x05)
    5503              
    5504              $C$DW$379       .dwtag  DW_TAG_enumerator
    5505                      .dwattr $C$DW$379, DW_AT_name("XBAR_TRIP8")
    5506                      .dwattr $C$DW$379, DW_AT_const_value(0x06)
    5507                      .dwattr $C$DW$379, DW_AT_decl_file("D:\15_Delta\14. ANPC Converter\ANPC_3Layer\TMS320F280049C\device\
    5508                      .dwattr $C$DW$379, DW_AT_decl_line(0xae)
    5509                      .dwattr $C$DW$379, DW_AT_decl_column(0x05)
    5510              
    5511              $C$DW$380       .dwtag  DW_TAG_enumerator
    5512                      .dwattr $C$DW$380, DW_AT_name("XBAR_TRIP9")
    5513                      .dwattr $C$DW$380, DW_AT_const_value(0x08)
    5514                      .dwattr $C$DW$380, DW_AT_decl_file("D:\15_Delta\14. ANPC Converter\ANPC_3Layer\TMS320F280049C\device\
    5515                      .dwattr $C$DW$380, DW_AT_decl_line(0xaf)
    5516                      .dwattr $C$DW$380, DW_AT_decl_column(0x05)
    5517              
    5518              $C$DW$381       .dwtag  DW_TAG_enumerator
    5519                      .dwattr $C$DW$381, DW_AT_name("XBAR_TRIP10")
    5520                      .dwattr $C$DW$381, DW_AT_const_value(0x0a)
    5521                      .dwattr $C$DW$381, DW_AT_decl_file("D:\15_Delta\14. ANPC Converter\ANPC_3Layer\TMS320F280049C\device\
    5522                      .dwattr $C$DW$381, DW_AT_decl_line(0xb0)
    5523                      .dwattr $C$DW$381, DW_AT_decl_column(0x05)
    5524              
    5525              $C$DW$382       .dwtag  DW_TAG_enumerator
    5526                      .dwattr $C$DW$382, DW_AT_name("XBAR_TRIP11")
TMS320C2000 Assembler PC v22.6.0 Mon Apr 21 09:03:31 2025

Copyright (c) 1996-2018 Texas Instruments Incorporated
hal_pwm_TMS320F280049C.asm                                           PAGE  107

    5527                      .dwattr $C$DW$382, DW_AT_const_value(0x0c)
    5528                      .dwattr $C$DW$382, DW_AT_decl_file("D:\15_Delta\14. ANPC Converter\ANPC_3Layer\TMS320F280049C\device\
    5529                      .dwattr $C$DW$382, DW_AT_decl_line(0xb1)
    5530                      .dwattr $C$DW$382, DW_AT_decl_column(0x05)
    5531              
    5532              $C$DW$383       .dwtag  DW_TAG_enumerator
    5533                      .dwattr $C$DW$383, DW_AT_name("XBAR_TRIP12")
    5534                      .dwattr $C$DW$383, DW_AT_const_value(0x0e)
    5535                      .dwattr $C$DW$383, DW_AT_decl_file("D:\15_Delta\14. ANPC Converter\ANPC_3Layer\TMS320F280049C\device\
    5536                      .dwattr $C$DW$383, DW_AT_decl_line(0xb2)
    5537                      .dwattr $C$DW$383, DW_AT_decl_column(0x05)
    5538              
    5539                      .dwattr $C$DW$T$75, DW_AT_decl_file("D:\15_Delta\14. ANPC Converter\ANPC_3Layer\TMS320F280049C\device
    5540                      .dwattr $C$DW$T$75, DW_AT_decl_line(0xaa)
    5541                      .dwattr $C$DW$T$75, DW_AT_decl_column(0x01)
    5542                      .dwendtag $C$DW$T$75
    5543              
    5544                      .dwendtag $C$DW$TU$75
    5545              
    5546              
    5547              $C$DW$TU$76     .dwtag  DW_TAG_type_unit
    5548                      .dwmtype  $C$DW$T$76
    5549              $C$DW$T$76      .dwtag  DW_TAG_typedef
    5550                      .dwattr $C$DW$T$76, DW_AT_name("XBAR_TripNum")
    5551                      .dwattr $C$DW$T$76, DW_AT_type(*$C$DW$T$75)
    5552                      .dwattr $C$DW$T$76, DW_AT_decl_file("D:\15_Delta\14. ANPC Converter\ANPC_3Layer\TMS320F280049C\device
    5553                      .dwattr $C$DW$T$76, DW_AT_decl_line(0xb3)
    5554                      .dwattr $C$DW$T$76, DW_AT_decl_column(0x03)
    5555              
    5556                      .dwendtag $C$DW$TU$76
    5557              
    5558              
    5559              $C$DW$TU$77     .dwtag  DW_TAG_type_unit
    5560                      .dwmtype  $C$DW$T$77
    5561              
    5562              $C$DW$T$77      .dwtag  DW_TAG_enumeration_type
    5563                      .dwattr $C$DW$T$77, DW_AT_byte_size(0x01)
    5564              $C$DW$384       .dwtag  DW_TAG_enumerator
    5565                      .dwattr $C$DW$384, DW_AT_name("XBAR_EPWM_MUX00_CMPSS1_CTRIPH")
    5566                      .dwattr $C$DW$384, DW_AT_const_value(0x00)
    5567                      .dwattr $C$DW$384, DW_AT_decl_file("D:\15_Delta\14. ANPC Converter\ANPC_3Layer\TMS320F280049C\device\
    5568                      .dwattr $C$DW$384, DW_AT_decl_line(0x13d)
    5569                      .dwattr $C$DW$384, DW_AT_decl_column(0x05)
    5570              
    5571              $C$DW$385       .dwtag  DW_TAG_enumerator
    5572                      .dwattr $C$DW$385, DW_AT_name("XBAR_EPWM_MUX00_CMPSS1_CTRIPH_OR_L")
    5573                      .dwattr $C$DW$385, DW_AT_const_value(0x01)
    5574                      .dwattr $C$DW$385, DW_AT_decl_file("D:\15_Delta\14. ANPC Converter\ANPC_3Layer\TMS320F280049C\device\
    5575                      .dwattr $C$DW$385, DW_AT_decl_line(0x13e)
    5576                      .dwattr $C$DW$385, DW_AT_decl_column(0x05)
    5577              
    5578              $C$DW$386       .dwtag  DW_TAG_enumerator
    5579                      .dwattr $C$DW$386, DW_AT_name("XBAR_EPWM_MUX00_ADCAEVT1")
    5580                      .dwattr $C$DW$386, DW_AT_const_value(0x02)
    5581                      .dwattr $C$DW$386, DW_AT_decl_file("D:\15_Delta\14. ANPC Converter\ANPC_3Layer\TMS320F280049C\device\
TMS320C2000 Assembler PC v22.6.0 Mon Apr 21 09:03:31 2025

Copyright (c) 1996-2018 Texas Instruments Incorporated
hal_pwm_TMS320F280049C.asm                                           PAGE  108

    5582                      .dwattr $C$DW$386, DW_AT_decl_line(0x13f)
    5583                      .dwattr $C$DW$386, DW_AT_decl_column(0x05)
    5584              
    5585              $C$DW$387       .dwtag  DW_TAG_enumerator
    5586                      .dwattr $C$DW$387, DW_AT_name("XBAR_EPWM_MUX00_ECAP1_OUT")
    5587                      .dwattr $C$DW$387, DW_AT_const_value(0x03)
    5588                      .dwattr $C$DW$387, DW_AT_decl_file("D:\15_Delta\14. ANPC Converter\ANPC_3Layer\TMS320F280049C\device\
    5589                      .dwattr $C$DW$387, DW_AT_decl_line(0x140)
    5590                      .dwattr $C$DW$387, DW_AT_decl_column(0x05)
    5591              
    5592              $C$DW$388       .dwtag  DW_TAG_enumerator
    5593                      .dwattr $C$DW$388, DW_AT_name("XBAR_EPWM_MUX01_CMPSS1_CTRIPL")
    5594                      .dwattr $C$DW$388, DW_AT_const_value(0x200)
    5595                      .dwattr $C$DW$388, DW_AT_decl_file("D:\15_Delta\14. ANPC Converter\ANPC_3Layer\TMS320F280049C\device\
    5596                      .dwattr $C$DW$388, DW_AT_decl_line(0x141)
    5597                      .dwattr $C$DW$388, DW_AT_decl_column(0x05)
    5598              
    5599              $C$DW$389       .dwtag  DW_TAG_enumerator
    5600                      .dwattr $C$DW$389, DW_AT_name("XBAR_EPWM_MUX01_INPUTXBAR1")
    5601                      .dwattr $C$DW$389, DW_AT_const_value(0x201)
    5602                      .dwattr $C$DW$389, DW_AT_decl_file("D:\15_Delta\14. ANPC Converter\ANPC_3Layer\TMS320F280049C\device\
    5603                      .dwattr $C$DW$389, DW_AT_decl_line(0x142)
    5604                      .dwattr $C$DW$389, DW_AT_decl_column(0x05)
    5605              
    5606              $C$DW$390       .dwtag  DW_TAG_enumerator
    5607                      .dwattr $C$DW$390, DW_AT_name("XBAR_EPWM_MUX01_CLB1_OUT4")
    5608                      .dwattr $C$DW$390, DW_AT_const_value(0x202)
    5609                      .dwattr $C$DW$390, DW_AT_decl_file("D:\15_Delta\14. ANPC Converter\ANPC_3Layer\TMS320F280049C\device\
    5610                      .dwattr $C$DW$390, DW_AT_decl_line(0x143)
    5611                      .dwattr $C$DW$390, DW_AT_decl_column(0x05)
    5612              
    5613              $C$DW$391       .dwtag  DW_TAG_enumerator
    5614                      .dwattr $C$DW$391, DW_AT_name("XBAR_EPWM_MUX01_ADCCEVT1")
    5615                      .dwattr $C$DW$391, DW_AT_const_value(0x203)
    5616                      .dwattr $C$DW$391, DW_AT_decl_file("D:\15_Delta\14. ANPC Converter\ANPC_3Layer\TMS320F280049C\device\
    5617                      .dwattr $C$DW$391, DW_AT_decl_line(0x144)
    5618                      .dwattr $C$DW$391, DW_AT_decl_column(0x05)
    5619              
    5620              $C$DW$392       .dwtag  DW_TAG_enumerator
    5621                      .dwattr $C$DW$392, DW_AT_name("XBAR_EPWM_MUX02_CMPSS2_CTRIPH")
    5622                      .dwattr $C$DW$392, DW_AT_const_value(0x400)
    5623                      .dwattr $C$DW$392, DW_AT_decl_file("D:\15_Delta\14. ANPC Converter\ANPC_3Layer\TMS320F280049C\device\
    5624                      .dwattr $C$DW$392, DW_AT_decl_line(0x145)
    5625                      .dwattr $C$DW$392, DW_AT_decl_column(0x05)
    5626              
    5627              $C$DW$393       .dwtag  DW_TAG_enumerator
    5628                      .dwattr $C$DW$393, DW_AT_name("XBAR_EPWM_MUX02_CMPSS2_CTRIPH_OR_L")
    5629                      .dwattr $C$DW$393, DW_AT_const_value(0x401)
    5630                      .dwattr $C$DW$393, DW_AT_decl_file("D:\15_Delta\14. ANPC Converter\ANPC_3Layer\TMS320F280049C\device\
    5631                      .dwattr $C$DW$393, DW_AT_decl_line(0x146)
    5632                      .dwattr $C$DW$393, DW_AT_decl_column(0x05)
    5633              
    5634              $C$DW$394       .dwtag  DW_TAG_enumerator
    5635                      .dwattr $C$DW$394, DW_AT_name("XBAR_EPWM_MUX02_ADCAEVT2")
    5636                      .dwattr $C$DW$394, DW_AT_const_value(0x402)
TMS320C2000 Assembler PC v22.6.0 Mon Apr 21 09:03:31 2025

Copyright (c) 1996-2018 Texas Instruments Incorporated
hal_pwm_TMS320F280049C.asm                                           PAGE  109

    5637                      .dwattr $C$DW$394, DW_AT_decl_file("D:\15_Delta\14. ANPC Converter\ANPC_3Layer\TMS320F280049C\device\
    5638                      .dwattr $C$DW$394, DW_AT_decl_line(0x147)
    5639                      .dwattr $C$DW$394, DW_AT_decl_column(0x05)
    5640              
    5641              $C$DW$395       .dwtag  DW_TAG_enumerator
    5642                      .dwattr $C$DW$395, DW_AT_name("XBAR_EPWM_MUX02_ECAP2_OUT")
    5643                      .dwattr $C$DW$395, DW_AT_const_value(0x403)
    5644                      .dwattr $C$DW$395, DW_AT_decl_file("D:\15_Delta\14. ANPC Converter\ANPC_3Layer\TMS320F280049C\device\
    5645                      .dwattr $C$DW$395, DW_AT_decl_line(0x148)
    5646                      .dwattr $C$DW$395, DW_AT_decl_column(0x05)
    5647              
    5648              $C$DW$396       .dwtag  DW_TAG_enumerator
    5649                      .dwattr $C$DW$396, DW_AT_name("XBAR_EPWM_MUX03_CMPSS2_CTRIPL")
    5650                      .dwattr $C$DW$396, DW_AT_const_value(0x600)
    5651                      .dwattr $C$DW$396, DW_AT_decl_file("D:\15_Delta\14. ANPC Converter\ANPC_3Layer\TMS320F280049C\device\
    5652                      .dwattr $C$DW$396, DW_AT_decl_line(0x149)
    5653                      .dwattr $C$DW$396, DW_AT_decl_column(0x05)
    5654              
    5655              $C$DW$397       .dwtag  DW_TAG_enumerator
    5656                      .dwattr $C$DW$397, DW_AT_name("XBAR_EPWM_MUX03_INPUTXBAR2")
    5657                      .dwattr $C$DW$397, DW_AT_const_value(0x601)
    5658                      .dwattr $C$DW$397, DW_AT_decl_file("D:\15_Delta\14. ANPC Converter\ANPC_3Layer\TMS320F280049C\device\
    5659                      .dwattr $C$DW$397, DW_AT_decl_line(0x14a)
    5660                      .dwattr $C$DW$397, DW_AT_decl_column(0x05)
    5661              
    5662              $C$DW$398       .dwtag  DW_TAG_enumerator
    5663                      .dwattr $C$DW$398, DW_AT_name("XBAR_EPWM_MUX03_CLB1_OUT5")
    5664                      .dwattr $C$DW$398, DW_AT_const_value(0x602)
    5665                      .dwattr $C$DW$398, DW_AT_decl_file("D:\15_Delta\14. ANPC Converter\ANPC_3Layer\TMS320F280049C\device\
    5666                      .dwattr $C$DW$398, DW_AT_decl_line(0x14b)
    5667                      .dwattr $C$DW$398, DW_AT_decl_column(0x05)
    5668              
    5669              $C$DW$399       .dwtag  DW_TAG_enumerator
    5670                      .dwattr $C$DW$399, DW_AT_name("XBAR_EPWM_MUX03_ADCCEVT2")
    5671                      .dwattr $C$DW$399, DW_AT_const_value(0x603)
    5672                      .dwattr $C$DW$399, DW_AT_decl_file("D:\15_Delta\14. ANPC Converter\ANPC_3Layer\TMS320F280049C\device\
    5673                      .dwattr $C$DW$399, DW_AT_decl_line(0x14c)
    5674                      .dwattr $C$DW$399, DW_AT_decl_column(0x05)
    5675              
    5676              $C$DW$400       .dwtag  DW_TAG_enumerator
    5677                      .dwattr $C$DW$400, DW_AT_name("XBAR_EPWM_MUX04_CMPSS3_CTRIPH")
    5678                      .dwattr $C$DW$400, DW_AT_const_value(0x800)
    5679                      .dwattr $C$DW$400, DW_AT_decl_file("D:\15_Delta\14. ANPC Converter\ANPC_3Layer\TMS320F280049C\device\
    5680                      .dwattr $C$DW$400, DW_AT_decl_line(0x14d)
    5681                      .dwattr $C$DW$400, DW_AT_decl_column(0x05)
    5682              
    5683              $C$DW$401       .dwtag  DW_TAG_enumerator
    5684                      .dwattr $C$DW$401, DW_AT_name("XBAR_EPWM_MUX04_CMPSS3_CTRIPH_OR_L")
    5685                      .dwattr $C$DW$401, DW_AT_const_value(0x801)
    5686                      .dwattr $C$DW$401, DW_AT_decl_file("D:\15_Delta\14. ANPC Converter\ANPC_3Layer\TMS320F280049C\device\
    5687                      .dwattr $C$DW$401, DW_AT_decl_line(0x14e)
    5688                      .dwattr $C$DW$401, DW_AT_decl_column(0x05)
    5689              
    5690              $C$DW$402       .dwtag  DW_TAG_enumerator
    5691                      .dwattr $C$DW$402, DW_AT_name("XBAR_EPWM_MUX04_ADCAEVT3")
TMS320C2000 Assembler PC v22.6.0 Mon Apr 21 09:03:31 2025

Copyright (c) 1996-2018 Texas Instruments Incorporated
hal_pwm_TMS320F280049C.asm                                           PAGE  110

    5692                      .dwattr $C$DW$402, DW_AT_const_value(0x802)
    5693                      .dwattr $C$DW$402, DW_AT_decl_file("D:\15_Delta\14. ANPC Converter\ANPC_3Layer\TMS320F280049C\device\
    5694                      .dwattr $C$DW$402, DW_AT_decl_line(0x14f)
    5695                      .dwattr $C$DW$402, DW_AT_decl_column(0x05)
    5696              
    5697              $C$DW$403       .dwtag  DW_TAG_enumerator
    5698                      .dwattr $C$DW$403, DW_AT_name("XBAR_EPWM_MUX04_ECAP3_OUT")
    5699                      .dwattr $C$DW$403, DW_AT_const_value(0x803)
    5700                      .dwattr $C$DW$403, DW_AT_decl_file("D:\15_Delta\14. ANPC Converter\ANPC_3Layer\TMS320F280049C\device\
    5701                      .dwattr $C$DW$403, DW_AT_decl_line(0x150)
    5702                      .dwattr $C$DW$403, DW_AT_decl_column(0x05)
    5703              
    5704              $C$DW$404       .dwtag  DW_TAG_enumerator
    5705                      .dwattr $C$DW$404, DW_AT_name("XBAR_EPWM_MUX05_CMPSS3_CTRIPL")
    5706                      .dwattr $C$DW$404, DW_AT_const_value(0xa00)
    5707                      .dwattr $C$DW$404, DW_AT_decl_file("D:\15_Delta\14. ANPC Converter\ANPC_3Layer\TMS320F280049C\device\
    5708                      .dwattr $C$DW$404, DW_AT_decl_line(0x151)
    5709                      .dwattr $C$DW$404, DW_AT_decl_column(0x05)
    5710              
    5711              $C$DW$405       .dwtag  DW_TAG_enumerator
    5712                      .dwattr $C$DW$405, DW_AT_name("XBAR_EPWM_MUX05_INPUTXBAR3")
    5713                      .dwattr $C$DW$405, DW_AT_const_value(0xa01)
    5714                      .dwattr $C$DW$405, DW_AT_decl_file("D:\15_Delta\14. ANPC Converter\ANPC_3Layer\TMS320F280049C\device\
    5715                      .dwattr $C$DW$405, DW_AT_decl_line(0x152)
    5716                      .dwattr $C$DW$405, DW_AT_decl_column(0x05)
    5717              
    5718              $C$DW$406       .dwtag  DW_TAG_enumerator
    5719                      .dwattr $C$DW$406, DW_AT_name("XBAR_EPWM_MUX05_CLB2_OUT4")
    5720                      .dwattr $C$DW$406, DW_AT_const_value(0xa02)
    5721                      .dwattr $C$DW$406, DW_AT_decl_file("D:\15_Delta\14. ANPC Converter\ANPC_3Layer\TMS320F280049C\device\
    5722                      .dwattr $C$DW$406, DW_AT_decl_line(0x153)
    5723                      .dwattr $C$DW$406, DW_AT_decl_column(0x05)
    5724              
    5725              $C$DW$407       .dwtag  DW_TAG_enumerator
    5726                      .dwattr $C$DW$407, DW_AT_name("XBAR_EPWM_MUX05_ADCCEVT3")
    5727                      .dwattr $C$DW$407, DW_AT_const_value(0xa03)
    5728                      .dwattr $C$DW$407, DW_AT_decl_file("D:\15_Delta\14. ANPC Converter\ANPC_3Layer\TMS320F280049C\device\
    5729                      .dwattr $C$DW$407, DW_AT_decl_line(0x154)
    5730                      .dwattr $C$DW$407, DW_AT_decl_column(0x05)
    5731              
    5732              $C$DW$408       .dwtag  DW_TAG_enumerator
    5733                      .dwattr $C$DW$408, DW_AT_name("XBAR_EPWM_MUX06_CMPSS4_CTRIPH")
    5734                      .dwattr $C$DW$408, DW_AT_const_value(0xc00)
    5735                      .dwattr $C$DW$408, DW_AT_decl_file("D:\15_Delta\14. ANPC Converter\ANPC_3Layer\TMS320F280049C\device\
    5736                      .dwattr $C$DW$408, DW_AT_decl_line(0x155)
    5737                      .dwattr $C$DW$408, DW_AT_decl_column(0x05)
    5738              
    5739              $C$DW$409       .dwtag  DW_TAG_enumerator
    5740                      .dwattr $C$DW$409, DW_AT_name("XBAR_EPWM_MUX06_CMPSS4_CTRIPH_OR_L")
    5741                      .dwattr $C$DW$409, DW_AT_const_value(0xc01)
    5742                      .dwattr $C$DW$409, DW_AT_decl_file("D:\15_Delta\14. ANPC Converter\ANPC_3Layer\TMS320F280049C\device\
    5743                      .dwattr $C$DW$409, DW_AT_decl_line(0x156)
    5744                      .dwattr $C$DW$409, DW_AT_decl_column(0x05)
    5745              
    5746              $C$DW$410       .dwtag  DW_TAG_enumerator
TMS320C2000 Assembler PC v22.6.0 Mon Apr 21 09:03:31 2025

Copyright (c) 1996-2018 Texas Instruments Incorporated
hal_pwm_TMS320F280049C.asm                                           PAGE  111

    5747                      .dwattr $C$DW$410, DW_AT_name("XBAR_EPWM_MUX06_ADCAEVT4")
    5748                      .dwattr $C$DW$410, DW_AT_const_value(0xc02)
    5749                      .dwattr $C$DW$410, DW_AT_decl_file("D:\15_Delta\14. ANPC Converter\ANPC_3Layer\TMS320F280049C\device\
    5750                      .dwattr $C$DW$410, DW_AT_decl_line(0x157)
    5751                      .dwattr $C$DW$410, DW_AT_decl_column(0x05)
    5752              
    5753              $C$DW$411       .dwtag  DW_TAG_enumerator
    5754                      .dwattr $C$DW$411, DW_AT_name("XBAR_EPWM_MUX06_ECAP4_OUT")
    5755                      .dwattr $C$DW$411, DW_AT_const_value(0xc03)
    5756                      .dwattr $C$DW$411, DW_AT_decl_file("D:\15_Delta\14. ANPC Converter\ANPC_3Layer\TMS320F280049C\device\
    5757                      .dwattr $C$DW$411, DW_AT_decl_line(0x158)
    5758                      .dwattr $C$DW$411, DW_AT_decl_column(0x05)
    5759              
    5760              $C$DW$412       .dwtag  DW_TAG_enumerator
    5761                      .dwattr $C$DW$412, DW_AT_name("XBAR_EPWM_MUX07_CMPSS4_CTRIPL")
    5762                      .dwattr $C$DW$412, DW_AT_const_value(0xe00)
    5763                      .dwattr $C$DW$412, DW_AT_decl_file("D:\15_Delta\14. ANPC Converter\ANPC_3Layer\TMS320F280049C\device\
    5764                      .dwattr $C$DW$412, DW_AT_decl_line(0x159)
    5765                      .dwattr $C$DW$412, DW_AT_decl_column(0x05)
    5766              
    5767              $C$DW$413       .dwtag  DW_TAG_enumerator
    5768                      .dwattr $C$DW$413, DW_AT_name("XBAR_EPWM_MUX07_INPUTXBAR4")
    5769                      .dwattr $C$DW$413, DW_AT_const_value(0xe01)
    5770                      .dwattr $C$DW$413, DW_AT_decl_file("D:\15_Delta\14. ANPC Converter\ANPC_3Layer\TMS320F280049C\device\
    5771                      .dwattr $C$DW$413, DW_AT_decl_line(0x15a)
    5772                      .dwattr $C$DW$413, DW_AT_decl_column(0x05)
    5773              
    5774              $C$DW$414       .dwtag  DW_TAG_enumerator
    5775                      .dwattr $C$DW$414, DW_AT_name("XBAR_EPWM_MUX07_CLB2_OUT5")
    5776                      .dwattr $C$DW$414, DW_AT_const_value(0xe02)
    5777                      .dwattr $C$DW$414, DW_AT_decl_file("D:\15_Delta\14. ANPC Converter\ANPC_3Layer\TMS320F280049C\device\
    5778                      .dwattr $C$DW$414, DW_AT_decl_line(0x15b)
    5779                      .dwattr $C$DW$414, DW_AT_decl_column(0x05)
    5780              
    5781              $C$DW$415       .dwtag  DW_TAG_enumerator
    5782                      .dwattr $C$DW$415, DW_AT_name("XBAR_EPWM_MUX07_ADCCEVT4")
    5783                      .dwattr $C$DW$415, DW_AT_const_value(0xe03)
    5784                      .dwattr $C$DW$415, DW_AT_decl_file("D:\15_Delta\14. ANPC Converter\ANPC_3Layer\TMS320F280049C\device\
    5785                      .dwattr $C$DW$415, DW_AT_decl_line(0x15c)
    5786                      .dwattr $C$DW$415, DW_AT_decl_column(0x05)
    5787              
    5788              $C$DW$416       .dwtag  DW_TAG_enumerator
    5789                      .dwattr $C$DW$416, DW_AT_name("XBAR_EPWM_MUX08_CMPSS5_CTRIPH")
    5790                      .dwattr $C$DW$416, DW_AT_const_value(0x1000)
    5791                      .dwattr $C$DW$416, DW_AT_decl_file("D:\15_Delta\14. ANPC Converter\ANPC_3Layer\TMS320F280049C\device\
    5792                      .dwattr $C$DW$416, DW_AT_decl_line(0x15d)
    5793                      .dwattr $C$DW$416, DW_AT_decl_column(0x05)
    5794              
    5795              $C$DW$417       .dwtag  DW_TAG_enumerator
    5796                      .dwattr $C$DW$417, DW_AT_name("XBAR_EPWM_MUX08_CMPSS5_CTRIPH_OR_L")
    5797                      .dwattr $C$DW$417, DW_AT_const_value(0x1001)
    5798                      .dwattr $C$DW$417, DW_AT_decl_file("D:\15_Delta\14. ANPC Converter\ANPC_3Layer\TMS320F280049C\device\
    5799                      .dwattr $C$DW$417, DW_AT_decl_line(0x15e)
    5800                      .dwattr $C$DW$417, DW_AT_decl_column(0x05)
    5801              
TMS320C2000 Assembler PC v22.6.0 Mon Apr 21 09:03:31 2025

Copyright (c) 1996-2018 Texas Instruments Incorporated
hal_pwm_TMS320F280049C.asm                                           PAGE  112

    5802              $C$DW$418       .dwtag  DW_TAG_enumerator
    5803                      .dwattr $C$DW$418, DW_AT_name("XBAR_EPWM_MUX08_ADCBEVT1")
    5804                      .dwattr $C$DW$418, DW_AT_const_value(0x1002)
    5805                      .dwattr $C$DW$418, DW_AT_decl_file("D:\15_Delta\14. ANPC Converter\ANPC_3Layer\TMS320F280049C\device\
    5806                      .dwattr $C$DW$418, DW_AT_decl_line(0x15f)
    5807                      .dwattr $C$DW$418, DW_AT_decl_column(0x05)
    5808              
    5809              $C$DW$419       .dwtag  DW_TAG_enumerator
    5810                      .dwattr $C$DW$419, DW_AT_name("XBAR_EPWM_MUX08_ECAP5_OUT")
    5811                      .dwattr $C$DW$419, DW_AT_const_value(0x1003)
    5812                      .dwattr $C$DW$419, DW_AT_decl_file("D:\15_Delta\14. ANPC Converter\ANPC_3Layer\TMS320F280049C\device\
    5813                      .dwattr $C$DW$419, DW_AT_decl_line(0x160)
    5814                      .dwattr $C$DW$419, DW_AT_decl_column(0x05)
    5815              
    5816              $C$DW$420       .dwtag  DW_TAG_enumerator
    5817                      .dwattr $C$DW$420, DW_AT_name("XBAR_EPWM_MUX09_CMPSS5_CTRIPL")
    5818                      .dwattr $C$DW$420, DW_AT_const_value(0x1200)
    5819                      .dwattr $C$DW$420, DW_AT_decl_file("D:\15_Delta\14. ANPC Converter\ANPC_3Layer\TMS320F280049C\device\
    5820                      .dwattr $C$DW$420, DW_AT_decl_line(0x161)
    5821                      .dwattr $C$DW$420, DW_AT_decl_column(0x05)
    5822              
    5823              $C$DW$421       .dwtag  DW_TAG_enumerator
    5824                      .dwattr $C$DW$421, DW_AT_name("XBAR_EPWM_MUX09_INPUTXBAR5")
    5825                      .dwattr $C$DW$421, DW_AT_const_value(0x1201)
    5826                      .dwattr $C$DW$421, DW_AT_decl_file("D:\15_Delta\14. ANPC Converter\ANPC_3Layer\TMS320F280049C\device\
    5827                      .dwattr $C$DW$421, DW_AT_decl_line(0x162)
    5828                      .dwattr $C$DW$421, DW_AT_decl_column(0x05)
    5829              
    5830              $C$DW$422       .dwtag  DW_TAG_enumerator
    5831                      .dwattr $C$DW$422, DW_AT_name("XBAR_EPWM_MUX09_CLB3_OUT4")
    5832                      .dwattr $C$DW$422, DW_AT_const_value(0x1202)
    5833                      .dwattr $C$DW$422, DW_AT_decl_file("D:\15_Delta\14. ANPC Converter\ANPC_3Layer\TMS320F280049C\device\
    5834                      .dwattr $C$DW$422, DW_AT_decl_line(0x163)
    5835                      .dwattr $C$DW$422, DW_AT_decl_column(0x05)
    5836              
    5837              $C$DW$423       .dwtag  DW_TAG_enumerator
    5838                      .dwattr $C$DW$423, DW_AT_name("XBAR_EPWM_MUX10_CMPSS6_CTRIPH")
    5839                      .dwattr $C$DW$423, DW_AT_const_value(0x1400)
    5840                      .dwattr $C$DW$423, DW_AT_decl_file("D:\15_Delta\14. ANPC Converter\ANPC_3Layer\TMS320F280049C\device\
    5841                      .dwattr $C$DW$423, DW_AT_decl_line(0x164)
    5842                      .dwattr $C$DW$423, DW_AT_decl_column(0x05)
    5843              
    5844              $C$DW$424       .dwtag  DW_TAG_enumerator
    5845                      .dwattr $C$DW$424, DW_AT_name("XBAR_EPWM_MUX10_CMPSS6_CTRIPH_OR_L")
    5846                      .dwattr $C$DW$424, DW_AT_const_value(0x1401)
    5847                      .dwattr $C$DW$424, DW_AT_decl_file("D:\15_Delta\14. ANPC Converter\ANPC_3Layer\TMS320F280049C\device\
    5848                      .dwattr $C$DW$424, DW_AT_decl_line(0x165)
    5849                      .dwattr $C$DW$424, DW_AT_decl_column(0x05)
    5850              
    5851              $C$DW$425       .dwtag  DW_TAG_enumerator
    5852                      .dwattr $C$DW$425, DW_AT_name("XBAR_EPWM_MUX10_ADCBEVT2")
    5853                      .dwattr $C$DW$425, DW_AT_const_value(0x1402)
    5854                      .dwattr $C$DW$425, DW_AT_decl_file("D:\15_Delta\14. ANPC Converter\ANPC_3Layer\TMS320F280049C\device\
    5855                      .dwattr $C$DW$425, DW_AT_decl_line(0x166)
    5856                      .dwattr $C$DW$425, DW_AT_decl_column(0x05)
TMS320C2000 Assembler PC v22.6.0 Mon Apr 21 09:03:31 2025

Copyright (c) 1996-2018 Texas Instruments Incorporated
hal_pwm_TMS320F280049C.asm                                           PAGE  113

    5857              
    5858              $C$DW$426       .dwtag  DW_TAG_enumerator
    5859                      .dwattr $C$DW$426, DW_AT_name("XBAR_EPWM_MUX10_ECAP6_OUT")
    5860                      .dwattr $C$DW$426, DW_AT_const_value(0x1403)
    5861                      .dwattr $C$DW$426, DW_AT_decl_file("D:\15_Delta\14. ANPC Converter\ANPC_3Layer\TMS320F280049C\device\
    5862                      .dwattr $C$DW$426, DW_AT_decl_line(0x167)
    5863                      .dwattr $C$DW$426, DW_AT_decl_column(0x05)
    5864              
    5865              $C$DW$427       .dwtag  DW_TAG_enumerator
    5866                      .dwattr $C$DW$427, DW_AT_name("XBAR_EPWM_MUX11_CMPSS6_CTRIPL")
    5867                      .dwattr $C$DW$427, DW_AT_const_value(0x1600)
    5868                      .dwattr $C$DW$427, DW_AT_decl_file("D:\15_Delta\14. ANPC Converter\ANPC_3Layer\TMS320F280049C\device\
    5869                      .dwattr $C$DW$427, DW_AT_decl_line(0x168)
    5870                      .dwattr $C$DW$427, DW_AT_decl_column(0x05)
    5871              
    5872              $C$DW$428       .dwtag  DW_TAG_enumerator
    5873                      .dwattr $C$DW$428, DW_AT_name("XBAR_EPWM_MUX11_INPUTXBAR6")
    5874                      .dwattr $C$DW$428, DW_AT_const_value(0x1601)
    5875                      .dwattr $C$DW$428, DW_AT_decl_file("D:\15_Delta\14. ANPC Converter\ANPC_3Layer\TMS320F280049C\device\
    5876                      .dwattr $C$DW$428, DW_AT_decl_line(0x169)
    5877                      .dwattr $C$DW$428, DW_AT_decl_column(0x05)
    5878              
    5879              $C$DW$429       .dwtag  DW_TAG_enumerator
    5880                      .dwattr $C$DW$429, DW_AT_name("XBAR_EPWM_MUX11_CLB3_OUT5")
    5881                      .dwattr $C$DW$429, DW_AT_const_value(0x1602)
    5882                      .dwattr $C$DW$429, DW_AT_decl_file("D:\15_Delta\14. ANPC Converter\ANPC_3Layer\TMS320F280049C\device\
    5883                      .dwattr $C$DW$429, DW_AT_decl_line(0x16a)
    5884                      .dwattr $C$DW$429, DW_AT_decl_column(0x05)
    5885              
    5886              $C$DW$430       .dwtag  DW_TAG_enumerator
    5887                      .dwattr $C$DW$430, DW_AT_name("XBAR_EPWM_MUX12_CMPSS7_CTRIPH")
    5888                      .dwattr $C$DW$430, DW_AT_const_value(0x1800)
    5889                      .dwattr $C$DW$430, DW_AT_decl_file("D:\15_Delta\14. ANPC Converter\ANPC_3Layer\TMS320F280049C\device\
    5890                      .dwattr $C$DW$430, DW_AT_decl_line(0x16b)
    5891                      .dwattr $C$DW$430, DW_AT_decl_column(0x05)
    5892              
    5893              $C$DW$431       .dwtag  DW_TAG_enumerator
    5894                      .dwattr $C$DW$431, DW_AT_name("XBAR_EPWM_MUX12_CMPSS7_CTRIPH_OR_L")
    5895                      .dwattr $C$DW$431, DW_AT_const_value(0x1801)
    5896                      .dwattr $C$DW$431, DW_AT_decl_file("D:\15_Delta\14. ANPC Converter\ANPC_3Layer\TMS320F280049C\device\
    5897                      .dwattr $C$DW$431, DW_AT_decl_line(0x16c)
    5898                      .dwattr $C$DW$431, DW_AT_decl_column(0x05)
    5899              
    5900              $C$DW$432       .dwtag  DW_TAG_enumerator
    5901                      .dwattr $C$DW$432, DW_AT_name("XBAR_EPWM_MUX12_ADCBEVT3")
    5902                      .dwattr $C$DW$432, DW_AT_const_value(0x1802)
    5903                      .dwattr $C$DW$432, DW_AT_decl_file("D:\15_Delta\14. ANPC Converter\ANPC_3Layer\TMS320F280049C\device\
    5904                      .dwattr $C$DW$432, DW_AT_decl_line(0x16d)
    5905                      .dwattr $C$DW$432, DW_AT_decl_column(0x05)
    5906              
    5907              $C$DW$433       .dwtag  DW_TAG_enumerator
    5908                      .dwattr $C$DW$433, DW_AT_name("XBAR_EPWM_MUX12_ECAP7_OUT")
    5909                      .dwattr $C$DW$433, DW_AT_const_value(0x1803)
    5910                      .dwattr $C$DW$433, DW_AT_decl_file("D:\15_Delta\14. ANPC Converter\ANPC_3Layer\TMS320F280049C\device\
    5911                      .dwattr $C$DW$433, DW_AT_decl_line(0x16e)
TMS320C2000 Assembler PC v22.6.0 Mon Apr 21 09:03:31 2025

Copyright (c) 1996-2018 Texas Instruments Incorporated
hal_pwm_TMS320F280049C.asm                                           PAGE  114

    5912                      .dwattr $C$DW$433, DW_AT_decl_column(0x05)
    5913              
    5914              $C$DW$434       .dwtag  DW_TAG_enumerator
    5915                      .dwattr $C$DW$434, DW_AT_name("XBAR_EPWM_MUX13_CMPSS7_CTRIPL")
    5916                      .dwattr $C$DW$434, DW_AT_const_value(0x1a00)
    5917                      .dwattr $C$DW$434, DW_AT_decl_file("D:\15_Delta\14. ANPC Converter\ANPC_3Layer\TMS320F280049C\device\
    5918                      .dwattr $C$DW$434, DW_AT_decl_line(0x16f)
    5919                      .dwattr $C$DW$434, DW_AT_decl_column(0x05)
    5920              
    5921              $C$DW$435       .dwtag  DW_TAG_enumerator
    5922                      .dwattr $C$DW$435, DW_AT_name("XBAR_EPWM_MUX13_ADCSOCA")
    5923                      .dwattr $C$DW$435, DW_AT_const_value(0x1a01)
    5924                      .dwattr $C$DW$435, DW_AT_decl_file("D:\15_Delta\14. ANPC Converter\ANPC_3Layer\TMS320F280049C\device\
    5925                      .dwattr $C$DW$435, DW_AT_decl_line(0x170)
    5926                      .dwattr $C$DW$435, DW_AT_decl_column(0x05)
    5927              
    5928              $C$DW$436       .dwtag  DW_TAG_enumerator
    5929                      .dwattr $C$DW$436, DW_AT_name("XBAR_EPWM_MUX13_CLB4_OUT4")
    5930                      .dwattr $C$DW$436, DW_AT_const_value(0x1a02)
    5931                      .dwattr $C$DW$436, DW_AT_decl_file("D:\15_Delta\14. ANPC Converter\ANPC_3Layer\TMS320F280049C\device\
    5932                      .dwattr $C$DW$436, DW_AT_decl_line(0x171)
    5933                      .dwattr $C$DW$436, DW_AT_decl_column(0x05)
    5934              
    5935              $C$DW$437       .dwtag  DW_TAG_enumerator
    5936                      .dwattr $C$DW$437, DW_AT_name("XBAR_EPWM_MUX14_ADCBEVT4")
    5937                      .dwattr $C$DW$437, DW_AT_const_value(0x1c02)
    5938                      .dwattr $C$DW$437, DW_AT_decl_file("D:\15_Delta\14. ANPC Converter\ANPC_3Layer\TMS320F280049C\device\
    5939                      .dwattr $C$DW$437, DW_AT_decl_line(0x172)
    5940                      .dwattr $C$DW$437, DW_AT_decl_column(0x05)
    5941              
    5942              $C$DW$438       .dwtag  DW_TAG_enumerator
    5943                      .dwattr $C$DW$438, DW_AT_name("XBAR_EPWM_MUX14_EXTSYNCOUT")
    5944                      .dwattr $C$DW$438, DW_AT_const_value(0x1c03)
    5945                      .dwattr $C$DW$438, DW_AT_decl_file("D:\15_Delta\14. ANPC Converter\ANPC_3Layer\TMS320F280049C\device\
    5946                      .dwattr $C$DW$438, DW_AT_decl_line(0x173)
    5947                      .dwattr $C$DW$438, DW_AT_decl_column(0x05)
    5948              
    5949              $C$DW$439       .dwtag  DW_TAG_enumerator
    5950                      .dwattr $C$DW$439, DW_AT_name("XBAR_EPWM_MUX15_ADCSOCB")
    5951                      .dwattr $C$DW$439, DW_AT_const_value(0x1e01)
    5952                      .dwattr $C$DW$439, DW_AT_decl_file("D:\15_Delta\14. ANPC Converter\ANPC_3Layer\TMS320F280049C\device\
    5953                      .dwattr $C$DW$439, DW_AT_decl_line(0x174)
    5954                      .dwattr $C$DW$439, DW_AT_decl_column(0x05)
    5955              
    5956              $C$DW$440       .dwtag  DW_TAG_enumerator
    5957                      .dwattr $C$DW$440, DW_AT_name("XBAR_EPWM_MUX15_CLB4_OUT5")
    5958                      .dwattr $C$DW$440, DW_AT_const_value(0x1e02)
    5959                      .dwattr $C$DW$440, DW_AT_decl_file("D:\15_Delta\14. ANPC Converter\ANPC_3Layer\TMS320F280049C\device\
    5960                      .dwattr $C$DW$440, DW_AT_decl_line(0x175)
    5961                      .dwattr $C$DW$440, DW_AT_decl_column(0x05)
    5962              
    5963              $C$DW$441       .dwtag  DW_TAG_enumerator
    5964                      .dwattr $C$DW$441, DW_AT_name("XBAR_EPWM_MUX16_SD1FLT1_COMPH")
    5965                      .dwattr $C$DW$441, DW_AT_const_value(0x2000)
    5966                      .dwattr $C$DW$441, DW_AT_decl_file("D:\15_Delta\14. ANPC Converter\ANPC_3Layer\TMS320F280049C\device\
TMS320C2000 Assembler PC v22.6.0 Mon Apr 21 09:03:31 2025

Copyright (c) 1996-2018 Texas Instruments Incorporated
hal_pwm_TMS320F280049C.asm                                           PAGE  115

    5967                      .dwattr $C$DW$441, DW_AT_decl_line(0x176)
    5968                      .dwattr $C$DW$441, DW_AT_decl_column(0x05)
    5969              
    5970              $C$DW$442       .dwtag  DW_TAG_enumerator
    5971                      .dwattr $C$DW$442, DW_AT_name("XBAR_EPWM_MUX16_SD1FLT1_COMPH_OR_COMPL")
    5972                      .dwattr $C$DW$442, DW_AT_const_value(0x2001)
    5973                      .dwattr $C$DW$442, DW_AT_decl_file("D:\15_Delta\14. ANPC Converter\ANPC_3Layer\TMS320F280049C\device\
    5974                      .dwattr $C$DW$442, DW_AT_decl_line(0x177)
    5975                      .dwattr $C$DW$442, DW_AT_decl_column(0x05)
    5976              
    5977              $C$DW$443       .dwtag  DW_TAG_enumerator
    5978                      .dwattr $C$DW$443, DW_AT_name("XBAR_EPWM_MUX17_SD1FLT1_COMPL")
    5979                      .dwattr $C$DW$443, DW_AT_const_value(0x2200)
    5980                      .dwattr $C$DW$443, DW_AT_decl_file("D:\15_Delta\14. ANPC Converter\ANPC_3Layer\TMS320F280049C\device\
    5981                      .dwattr $C$DW$443, DW_AT_decl_line(0x178)
    5982                      .dwattr $C$DW$443, DW_AT_decl_column(0x05)
    5983              
    5984              $C$DW$444       .dwtag  DW_TAG_enumerator
    5985                      .dwattr $C$DW$444, DW_AT_name("XBAR_EPWM_MUX17_INPUTXBAR7")
    5986                      .dwattr $C$DW$444, DW_AT_const_value(0x2201)
    5987                      .dwattr $C$DW$444, DW_AT_decl_file("D:\15_Delta\14. ANPC Converter\ANPC_3Layer\TMS320F280049C\device\
    5988                      .dwattr $C$DW$444, DW_AT_decl_line(0x179)
    5989                      .dwattr $C$DW$444, DW_AT_decl_column(0x05)
    5990              
    5991              $C$DW$445       .dwtag  DW_TAG_enumerator
    5992                      .dwattr $C$DW$445, DW_AT_name("XBAR_EPWM_MUX17_CLAHALT")
    5993                      .dwattr $C$DW$445, DW_AT_const_value(0x2203)
    5994                      .dwattr $C$DW$445, DW_AT_decl_file("D:\15_Delta\14. ANPC Converter\ANPC_3Layer\TMS320F280049C\device\
    5995                      .dwattr $C$DW$445, DW_AT_decl_line(0x17a)
    5996                      .dwattr $C$DW$445, DW_AT_decl_column(0x05)
    5997              
    5998              $C$DW$446       .dwtag  DW_TAG_enumerator
    5999                      .dwattr $C$DW$446, DW_AT_name("XBAR_EPWM_MUX18_SD1FLT2_COMPH")
    6000                      .dwattr $C$DW$446, DW_AT_const_value(0x2400)
    6001                      .dwattr $C$DW$446, DW_AT_decl_file("D:\15_Delta\14. ANPC Converter\ANPC_3Layer\TMS320F280049C\device\
    6002                      .dwattr $C$DW$446, DW_AT_decl_line(0x17b)
    6003                      .dwattr $C$DW$446, DW_AT_decl_column(0x05)
    6004              
    6005              $C$DW$447       .dwtag  DW_TAG_enumerator
    6006                      .dwattr $C$DW$447, DW_AT_name("XBAR_EPWM_MUX18_SD1FLT2_COMPH_OR_COMPL")
    6007                      .dwattr $C$DW$447, DW_AT_const_value(0x2401)
    6008                      .dwattr $C$DW$447, DW_AT_decl_file("D:\15_Delta\14. ANPC Converter\ANPC_3Layer\TMS320F280049C\device\
    6009                      .dwattr $C$DW$447, DW_AT_decl_line(0x17c)
    6010                      .dwattr $C$DW$447, DW_AT_decl_column(0x05)
    6011              
    6012              $C$DW$448       .dwtag  DW_TAG_enumerator
    6013                      .dwattr $C$DW$448, DW_AT_name("XBAR_EPWM_MUX19_SD1FLT2_COMPL")
    6014                      .dwattr $C$DW$448, DW_AT_const_value(0x2600)
    6015                      .dwattr $C$DW$448, DW_AT_decl_file("D:\15_Delta\14. ANPC Converter\ANPC_3Layer\TMS320F280049C\device\
    6016                      .dwattr $C$DW$448, DW_AT_decl_line(0x17d)
    6017                      .dwattr $C$DW$448, DW_AT_decl_column(0x05)
    6018              
    6019              $C$DW$449       .dwtag  DW_TAG_enumerator
    6020                      .dwattr $C$DW$449, DW_AT_name("XBAR_EPWM_MUX19_INPUTXBAR8")
    6021                      .dwattr $C$DW$449, DW_AT_const_value(0x2601)
TMS320C2000 Assembler PC v22.6.0 Mon Apr 21 09:03:31 2025

Copyright (c) 1996-2018 Texas Instruments Incorporated
hal_pwm_TMS320F280049C.asm                                           PAGE  116

    6022                      .dwattr $C$DW$449, DW_AT_decl_file("D:\15_Delta\14. ANPC Converter\ANPC_3Layer\TMS320F280049C\device\
    6023                      .dwattr $C$DW$449, DW_AT_decl_line(0x17e)
    6024                      .dwattr $C$DW$449, DW_AT_decl_column(0x05)
    6025              
    6026              $C$DW$450       .dwtag  DW_TAG_enumerator
    6027                      .dwattr $C$DW$450, DW_AT_name("XBAR_EPWM_MUX20_SD1FLT3_COMPH")
    6028                      .dwattr $C$DW$450, DW_AT_const_value(0x2800)
    6029                      .dwattr $C$DW$450, DW_AT_decl_file("D:\15_Delta\14. ANPC Converter\ANPC_3Layer\TMS320F280049C\device\
    6030                      .dwattr $C$DW$450, DW_AT_decl_line(0x17f)
    6031                      .dwattr $C$DW$450, DW_AT_decl_column(0x05)
    6032              
    6033              $C$DW$451       .dwtag  DW_TAG_enumerator
    6034                      .dwattr $C$DW$451, DW_AT_name("XBAR_EPWM_MUX20_SD1FLT3_COMPH_OR_COMPL")
    6035                      .dwattr $C$DW$451, DW_AT_const_value(0x2801)
    6036                      .dwattr $C$DW$451, DW_AT_decl_file("D:\15_Delta\14. ANPC Converter\ANPC_3Layer\TMS320F280049C\device\
    6037                      .dwattr $C$DW$451, DW_AT_decl_line(0x180)
    6038                      .dwattr $C$DW$451, DW_AT_decl_column(0x05)
    6039              
    6040              $C$DW$452       .dwtag  DW_TAG_enumerator
    6041                      .dwattr $C$DW$452, DW_AT_name("XBAR_EPWM_MUX21_SD1FLT3_COMPL")
    6042                      .dwattr $C$DW$452, DW_AT_const_value(0x2a00)
    6043                      .dwattr $C$DW$452, DW_AT_decl_file("D:\15_Delta\14. ANPC Converter\ANPC_3Layer\TMS320F280049C\device\
    6044                      .dwattr $C$DW$452, DW_AT_decl_line(0x181)
    6045                      .dwattr $C$DW$452, DW_AT_decl_column(0x05)
    6046              
    6047              $C$DW$453       .dwtag  DW_TAG_enumerator
    6048                      .dwattr $C$DW$453, DW_AT_name("XBAR_EPWM_MUX21_INPUTXBAR9")
    6049                      .dwattr $C$DW$453, DW_AT_const_value(0x2a01)
    6050                      .dwattr $C$DW$453, DW_AT_decl_file("D:\15_Delta\14. ANPC Converter\ANPC_3Layer\TMS320F280049C\device\
    6051                      .dwattr $C$DW$453, DW_AT_decl_line(0x182)
    6052                      .dwattr $C$DW$453, DW_AT_decl_column(0x05)
    6053              
    6054              $C$DW$454       .dwtag  DW_TAG_enumerator
    6055                      .dwattr $C$DW$454, DW_AT_name("XBAR_EPWM_MUX22_SD1FLT4_COMPH")
    6056                      .dwattr $C$DW$454, DW_AT_const_value(0x2c00)
    6057                      .dwattr $C$DW$454, DW_AT_decl_file("D:\15_Delta\14. ANPC Converter\ANPC_3Layer\TMS320F280049C\device\
    6058                      .dwattr $C$DW$454, DW_AT_decl_line(0x183)
    6059                      .dwattr $C$DW$454, DW_AT_decl_column(0x05)
    6060              
    6061              $C$DW$455       .dwtag  DW_TAG_enumerator
    6062                      .dwattr $C$DW$455, DW_AT_name("XBAR_EPWM_MUX22_SD1FLT4_COMPH_OR_COMPL")
    6063                      .dwattr $C$DW$455, DW_AT_const_value(0x2c01)
    6064                      .dwattr $C$DW$455, DW_AT_decl_file("D:\15_Delta\14. ANPC Converter\ANPC_3Layer\TMS320F280049C\device\
    6065                      .dwattr $C$DW$455, DW_AT_decl_line(0x184)
    6066                      .dwattr $C$DW$455, DW_AT_decl_column(0x05)
    6067              
    6068              $C$DW$456       .dwtag  DW_TAG_enumerator
    6069                      .dwattr $C$DW$456, DW_AT_name("XBAR_EPWM_MUX23_SD1FLT4_COMPL")
    6070                      .dwattr $C$DW$456, DW_AT_const_value(0x2e00)
    6071                      .dwattr $C$DW$456, DW_AT_decl_file("D:\15_Delta\14. ANPC Converter\ANPC_3Layer\TMS320F280049C\device\
    6072                      .dwattr $C$DW$456, DW_AT_decl_line(0x185)
    6073                      .dwattr $C$DW$456, DW_AT_decl_column(0x05)
    6074              
    6075              $C$DW$457       .dwtag  DW_TAG_enumerator
    6076                      .dwattr $C$DW$457, DW_AT_name("XBAR_EPWM_MUX23_INPUTXBAR10")
TMS320C2000 Assembler PC v22.6.0 Mon Apr 21 09:03:31 2025

Copyright (c) 1996-2018 Texas Instruments Incorporated
hal_pwm_TMS320F280049C.asm                                           PAGE  117

    6077                      .dwattr $C$DW$457, DW_AT_const_value(0x2e01)
    6078                      .dwattr $C$DW$457, DW_AT_decl_file("D:\15_Delta\14. ANPC Converter\ANPC_3Layer\TMS320F280049C\device\
    6079                      .dwattr $C$DW$457, DW_AT_decl_line(0x186)
    6080                      .dwattr $C$DW$457, DW_AT_decl_column(0x05)
    6081              
    6082              $C$DW$458       .dwtag  DW_TAG_enumerator
    6083                      .dwattr $C$DW$458, DW_AT_name("XBAR_EPWM_MUX25_INPUTXBAR11")
    6084                      .dwattr $C$DW$458, DW_AT_const_value(0x3201)
    6085                      .dwattr $C$DW$458, DW_AT_decl_file("D:\15_Delta\14. ANPC Converter\ANPC_3Layer\TMS320F280049C\device\
    6086                      .dwattr $C$DW$458, DW_AT_decl_line(0x187)
    6087                      .dwattr $C$DW$458, DW_AT_decl_column(0x05)
    6088              
    6089              $C$DW$459       .dwtag  DW_TAG_enumerator
    6090                      .dwattr $C$DW$459, DW_AT_name("XBAR_EPWM_MUX27_INPUTXBAR12")
    6091                      .dwattr $C$DW$459, DW_AT_const_value(0x3601)
    6092                      .dwattr $C$DW$459, DW_AT_decl_file("D:\15_Delta\14. ANPC Converter\ANPC_3Layer\TMS320F280049C\device\
    6093                      .dwattr $C$DW$459, DW_AT_decl_line(0x188)
    6094                      .dwattr $C$DW$459, DW_AT_decl_column(0x05)
    6095              
    6096              $C$DW$460       .dwtag  DW_TAG_enumerator
    6097                      .dwattr $C$DW$460, DW_AT_name("XBAR_EPWM_MUX29_INPUTXBAR13")
    6098                      .dwattr $C$DW$460, DW_AT_const_value(0x3a01)
    6099                      .dwattr $C$DW$460, DW_AT_decl_file("D:\15_Delta\14. ANPC Converter\ANPC_3Layer\TMS320F280049C\device\
    6100                      .dwattr $C$DW$460, DW_AT_decl_line(0x189)
    6101                      .dwattr $C$DW$460, DW_AT_decl_column(0x05)
    6102              
    6103              $C$DW$461       .dwtag  DW_TAG_enumerator
    6104                      .dwattr $C$DW$461, DW_AT_name("XBAR_EPWM_MUX31_INPUTXBAR14")
    6105                      .dwattr $C$DW$461, DW_AT_const_value(0x3e01)
    6106                      .dwattr $C$DW$461, DW_AT_decl_file("D:\15_Delta\14. ANPC Converter\ANPC_3Layer\TMS320F280049C\device\
    6107                      .dwattr $C$DW$461, DW_AT_decl_line(0x18a)
    6108                      .dwattr $C$DW$461, DW_AT_decl_column(0x05)
    6109              
    6110                      .dwattr $C$DW$T$77, DW_AT_decl_file("D:\15_Delta\14. ANPC Converter\ANPC_3Layer\TMS320F280049C\device
    6111                      .dwattr $C$DW$T$77, DW_AT_decl_line(0x13c)
    6112                      .dwattr $C$DW$T$77, DW_AT_decl_column(0x01)
    6113                      .dwendtag $C$DW$T$77
    6114              
    6115                      .dwendtag $C$DW$TU$77
    6116              
    6117              
    6118              $C$DW$TU$78     .dwtag  DW_TAG_type_unit
    6119                      .dwmtype  $C$DW$T$78
    6120              $C$DW$T$78      .dwtag  DW_TAG_typedef
    6121                      .dwattr $C$DW$T$78, DW_AT_name("XBAR_EPWMMuxConfig")
    6122                      .dwattr $C$DW$T$78, DW_AT_type(*$C$DW$T$77)
    6123                      .dwattr $C$DW$T$78, DW_AT_decl_file("D:\15_Delta\14. ANPC Converter\ANPC_3Layer\TMS320F280049C\device
    6124                      .dwattr $C$DW$T$78, DW_AT_decl_line(0x18b)
    6125                      .dwattr $C$DW$T$78, DW_AT_decl_column(0x03)
    6126              
    6127                      .dwendtag $C$DW$TU$78
    6128              
    6129              
    6130              $C$DW$TU$79     .dwtag  DW_TAG_type_unit
    6131                      .dwmtype  $C$DW$T$79
TMS320C2000 Assembler PC v22.6.0 Mon Apr 21 09:03:31 2025

Copyright (c) 1996-2018 Texas Instruments Incorporated
hal_pwm_TMS320F280049C.asm                                           PAGE  118

    6132              
    6133              $C$DW$T$79      .dwtag  DW_TAG_enumeration_type
    6134                      .dwattr $C$DW$T$79, DW_AT_byte_size(0x01)
    6135              $C$DW$462       .dwtag  DW_TAG_enumerator
    6136                      .dwattr $C$DW$462, DW_AT_name("XBAR_INPUT_FLG_CMPSS1_CTRIPL")
    6137                      .dwattr $C$DW$462, DW_AT_const_value(0x00)
    6138                      .dwattr $C$DW$462, DW_AT_decl_file("D:\15_Delta\14. ANPC Converter\ANPC_3Layer\TMS320F280049C\device\
    6139                      .dwattr $C$DW$462, DW_AT_decl_line(0x1f9)
    6140                      .dwattr $C$DW$462, DW_AT_decl_column(0x05)
    6141              
    6142              $C$DW$463       .dwtag  DW_TAG_enumerator
    6143                      .dwattr $C$DW$463, DW_AT_name("XBAR_INPUT_FLG_CMPSS1_CTRIPH")
    6144                      .dwattr $C$DW$463, DW_AT_const_value(0x01)
    6145                      .dwattr $C$DW$463, DW_AT_decl_file("D:\15_Delta\14. ANPC Converter\ANPC_3Layer\TMS320F280049C\device\
    6146                      .dwattr $C$DW$463, DW_AT_decl_line(0x1fa)
    6147                      .dwattr $C$DW$463, DW_AT_decl_column(0x05)
    6148              
    6149              $C$DW$464       .dwtag  DW_TAG_enumerator
    6150                      .dwattr $C$DW$464, DW_AT_name("XBAR_INPUT_FLG_CMPSS2_CTRIPL")
    6151                      .dwattr $C$DW$464, DW_AT_const_value(0x02)
    6152                      .dwattr $C$DW$464, DW_AT_decl_file("D:\15_Delta\14. ANPC Converter\ANPC_3Layer\TMS320F280049C\device\
    6153                      .dwattr $C$DW$464, DW_AT_decl_line(0x1fb)
    6154                      .dwattr $C$DW$464, DW_AT_decl_column(0x05)
    6155              
    6156              $C$DW$465       .dwtag  DW_TAG_enumerator
    6157                      .dwattr $C$DW$465, DW_AT_name("XBAR_INPUT_FLG_CMPSS2_CTRIPH")
    6158                      .dwattr $C$DW$465, DW_AT_const_value(0x03)
    6159                      .dwattr $C$DW$465, DW_AT_decl_file("D:\15_Delta\14. ANPC Converter\ANPC_3Layer\TMS320F280049C\device\
    6160                      .dwattr $C$DW$465, DW_AT_decl_line(0x1fc)
    6161                      .dwattr $C$DW$465, DW_AT_decl_column(0x05)
    6162              
    6163              $C$DW$466       .dwtag  DW_TAG_enumerator
    6164                      .dwattr $C$DW$466, DW_AT_name("XBAR_INPUT_FLG_CMPSS3_CTRIPL")
    6165                      .dwattr $C$DW$466, DW_AT_const_value(0x04)
    6166                      .dwattr $C$DW$466, DW_AT_decl_file("D:\15_Delta\14. ANPC Converter\ANPC_3Layer\TMS320F280049C\device\
    6167                      .dwattr $C$DW$466, DW_AT_decl_line(0x1fd)
    6168                      .dwattr $C$DW$466, DW_AT_decl_column(0x05)
    6169              
    6170              $C$DW$467       .dwtag  DW_TAG_enumerator
    6171                      .dwattr $C$DW$467, DW_AT_name("XBAR_INPUT_FLG_CMPSS3_CTRIPH")
    6172                      .dwattr $C$DW$467, DW_AT_const_value(0x05)
    6173                      .dwattr $C$DW$467, DW_AT_decl_file("D:\15_Delta\14. ANPC Converter\ANPC_3Layer\TMS320F280049C\device\
    6174                      .dwattr $C$DW$467, DW_AT_decl_line(0x1fe)
    6175                      .dwattr $C$DW$467, DW_AT_decl_column(0x05)
    6176              
    6177              $C$DW$468       .dwtag  DW_TAG_enumerator
    6178                      .dwattr $C$DW$468, DW_AT_name("XBAR_INPUT_FLG_CMPSS4_CTRIPL")
    6179                      .dwattr $C$DW$468, DW_AT_const_value(0x06)
    6180                      .dwattr $C$DW$468, DW_AT_decl_file("D:\15_Delta\14. ANPC Converter\ANPC_3Layer\TMS320F280049C\device\
    6181                      .dwattr $C$DW$468, DW_AT_decl_line(0x1ff)
    6182                      .dwattr $C$DW$468, DW_AT_decl_column(0x05)
    6183              
    6184              $C$DW$469       .dwtag  DW_TAG_enumerator
    6185                      .dwattr $C$DW$469, DW_AT_name("XBAR_INPUT_FLG_CMPSS4_CTRIPH")
    6186                      .dwattr $C$DW$469, DW_AT_const_value(0x07)
TMS320C2000 Assembler PC v22.6.0 Mon Apr 21 09:03:31 2025

Copyright (c) 1996-2018 Texas Instruments Incorporated
hal_pwm_TMS320F280049C.asm                                           PAGE  119

    6187                      .dwattr $C$DW$469, DW_AT_decl_file("D:\15_Delta\14. ANPC Converter\ANPC_3Layer\TMS320F280049C\device\
    6188                      .dwattr $C$DW$469, DW_AT_decl_line(0x200)
    6189                      .dwattr $C$DW$469, DW_AT_decl_column(0x05)
    6190              
    6191              $C$DW$470       .dwtag  DW_TAG_enumerator
    6192                      .dwattr $C$DW$470, DW_AT_name("XBAR_INPUT_FLG_CMPSS5_CTRIPL")
    6193                      .dwattr $C$DW$470, DW_AT_const_value(0x08)
    6194                      .dwattr $C$DW$470, DW_AT_decl_file("D:\15_Delta\14. ANPC Converter\ANPC_3Layer\TMS320F280049C\device\
    6195                      .dwattr $C$DW$470, DW_AT_decl_line(0x201)
    6196                      .dwattr $C$DW$470, DW_AT_decl_column(0x05)
    6197              
    6198              $C$DW$471       .dwtag  DW_TAG_enumerator
    6199                      .dwattr $C$DW$471, DW_AT_name("XBAR_INPUT_FLG_CMPSS5_CTRIPH")
    6200                      .dwattr $C$DW$471, DW_AT_const_value(0x09)
    6201                      .dwattr $C$DW$471, DW_AT_decl_file("D:\15_Delta\14. ANPC Converter\ANPC_3Layer\TMS320F280049C\device\
    6202                      .dwattr $C$DW$471, DW_AT_decl_line(0x202)
    6203                      .dwattr $C$DW$471, DW_AT_decl_column(0x05)
    6204              
    6205              $C$DW$472       .dwtag  DW_TAG_enumerator
    6206                      .dwattr $C$DW$472, DW_AT_name("XBAR_INPUT_FLG_CMPSS6_CTRIPL")
    6207                      .dwattr $C$DW$472, DW_AT_const_value(0x0a)
    6208                      .dwattr $C$DW$472, DW_AT_decl_file("D:\15_Delta\14. ANPC Converter\ANPC_3Layer\TMS320F280049C\device\
    6209                      .dwattr $C$DW$472, DW_AT_decl_line(0x203)
    6210                      .dwattr $C$DW$472, DW_AT_decl_column(0x05)
    6211              
    6212              $C$DW$473       .dwtag  DW_TAG_enumerator
    6213                      .dwattr $C$DW$473, DW_AT_name("XBAR_INPUT_FLG_CMPSS6_CTRIPH")
    6214                      .dwattr $C$DW$473, DW_AT_const_value(0x0b)
    6215                      .dwattr $C$DW$473, DW_AT_decl_file("D:\15_Delta\14. ANPC Converter\ANPC_3Layer\TMS320F280049C\device\
    6216                      .dwattr $C$DW$473, DW_AT_decl_line(0x204)
    6217                      .dwattr $C$DW$473, DW_AT_decl_column(0x05)
    6218              
    6219              $C$DW$474       .dwtag  DW_TAG_enumerator
    6220                      .dwattr $C$DW$474, DW_AT_name("XBAR_INPUT_FLG_CMPSS7_CTRIPL")
    6221                      .dwattr $C$DW$474, DW_AT_const_value(0x0c)
    6222                      .dwattr $C$DW$474, DW_AT_decl_file("D:\15_Delta\14. ANPC Converter\ANPC_3Layer\TMS320F280049C\device\
    6223                      .dwattr $C$DW$474, DW_AT_decl_line(0x205)
    6224                      .dwattr $C$DW$474, DW_AT_decl_column(0x05)
    6225              
    6226              $C$DW$475       .dwtag  DW_TAG_enumerator
    6227                      .dwattr $C$DW$475, DW_AT_name("XBAR_INPUT_FLG_CMPSS7_CTRIPH")
    6228                      .dwattr $C$DW$475, DW_AT_const_value(0x0d)
    6229                      .dwattr $C$DW$475, DW_AT_decl_file("D:\15_Delta\14. ANPC Converter\ANPC_3Layer\TMS320F280049C\device\
    6230                      .dwattr $C$DW$475, DW_AT_decl_line(0x206)
    6231                      .dwattr $C$DW$475, DW_AT_decl_column(0x05)
    6232              
    6233              $C$DW$476       .dwtag  DW_TAG_enumerator
    6234                      .dwattr $C$DW$476, DW_AT_name("XBAR_INPUT_FLG_CMPSS8_CTRIPL")
    6235                      .dwattr $C$DW$476, DW_AT_const_value(0x0e)
    6236                      .dwattr $C$DW$476, DW_AT_decl_file("D:\15_Delta\14. ANPC Converter\ANPC_3Layer\TMS320F280049C\device\
    6237                      .dwattr $C$DW$476, DW_AT_decl_line(0x207)
    6238                      .dwattr $C$DW$476, DW_AT_decl_column(0x05)
    6239              
    6240              $C$DW$477       .dwtag  DW_TAG_enumerator
    6241                      .dwattr $C$DW$477, DW_AT_name("XBAR_INPUT_FLG_CMPSS8_CTRIPH")
TMS320C2000 Assembler PC v22.6.0 Mon Apr 21 09:03:31 2025

Copyright (c) 1996-2018 Texas Instruments Incorporated
hal_pwm_TMS320F280049C.asm                                           PAGE  120

    6242                      .dwattr $C$DW$477, DW_AT_const_value(0x0f)
    6243                      .dwattr $C$DW$477, DW_AT_decl_file("D:\15_Delta\14. ANPC Converter\ANPC_3Layer\TMS320F280049C\device\
    6244                      .dwattr $C$DW$477, DW_AT_decl_line(0x208)
    6245                      .dwattr $C$DW$477, DW_AT_decl_column(0x05)
    6246              
    6247              $C$DW$478       .dwtag  DW_TAG_enumerator
    6248                      .dwattr $C$DW$478, DW_AT_name("XBAR_INPUT_FLG_CMPSS1_CTRIPOUTL")
    6249                      .dwattr $C$DW$478, DW_AT_const_value(0x10)
    6250                      .dwattr $C$DW$478, DW_AT_decl_file("D:\15_Delta\14. ANPC Converter\ANPC_3Layer\TMS320F280049C\device\
    6251                      .dwattr $C$DW$478, DW_AT_decl_line(0x209)
    6252                      .dwattr $C$DW$478, DW_AT_decl_column(0x05)
    6253              
    6254              $C$DW$479       .dwtag  DW_TAG_enumerator
    6255                      .dwattr $C$DW$479, DW_AT_name("XBAR_INPUT_FLG_CMPSS1_CTRIPOUTH")
    6256                      .dwattr $C$DW$479, DW_AT_const_value(0x11)
    6257                      .dwattr $C$DW$479, DW_AT_decl_file("D:\15_Delta\14. ANPC Converter\ANPC_3Layer\TMS320F280049C\device\
    6258                      .dwattr $C$DW$479, DW_AT_decl_line(0x20a)
    6259                      .dwattr $C$DW$479, DW_AT_decl_column(0x05)
    6260              
    6261              $C$DW$480       .dwtag  DW_TAG_enumerator
    6262                      .dwattr $C$DW$480, DW_AT_name("XBAR_INPUT_FLG_CMPSS2_CTRIPOUTL")
    6263                      .dwattr $C$DW$480, DW_AT_const_value(0x12)
    6264                      .dwattr $C$DW$480, DW_AT_decl_file("D:\15_Delta\14. ANPC Converter\ANPC_3Layer\TMS320F280049C\device\
    6265                      .dwattr $C$DW$480, DW_AT_decl_line(0x20b)
    6266                      .dwattr $C$DW$480, DW_AT_decl_column(0x05)
    6267              
    6268              $C$DW$481       .dwtag  DW_TAG_enumerator
    6269                      .dwattr $C$DW$481, DW_AT_name("XBAR_INPUT_FLG_CMPSS2_CTRIPOUTH")
    6270                      .dwattr $C$DW$481, DW_AT_const_value(0x13)
    6271                      .dwattr $C$DW$481, DW_AT_decl_file("D:\15_Delta\14. ANPC Converter\ANPC_3Layer\TMS320F280049C\device\
    6272                      .dwattr $C$DW$481, DW_AT_decl_line(0x20c)
    6273                      .dwattr $C$DW$481, DW_AT_decl_column(0x05)
    6274              
    6275              $C$DW$482       .dwtag  DW_TAG_enumerator
    6276                      .dwattr $C$DW$482, DW_AT_name("XBAR_INPUT_FLG_CMPSS3_CTRIPOUTL")
    6277                      .dwattr $C$DW$482, DW_AT_const_value(0x14)
    6278                      .dwattr $C$DW$482, DW_AT_decl_file("D:\15_Delta\14. ANPC Converter\ANPC_3Layer\TMS320F280049C\device\
    6279                      .dwattr $C$DW$482, DW_AT_decl_line(0x20d)
    6280                      .dwattr $C$DW$482, DW_AT_decl_column(0x05)
    6281              
    6282              $C$DW$483       .dwtag  DW_TAG_enumerator
    6283                      .dwattr $C$DW$483, DW_AT_name("XBAR_INPUT_FLG_CMPSS3_CTRIPOUTH")
    6284                      .dwattr $C$DW$483, DW_AT_const_value(0x15)
    6285                      .dwattr $C$DW$483, DW_AT_decl_file("D:\15_Delta\14. ANPC Converter\ANPC_3Layer\TMS320F280049C\device\
    6286                      .dwattr $C$DW$483, DW_AT_decl_line(0x20e)
    6287                      .dwattr $C$DW$483, DW_AT_decl_column(0x05)
    6288              
    6289              $C$DW$484       .dwtag  DW_TAG_enumerator
    6290                      .dwattr $C$DW$484, DW_AT_name("XBAR_INPUT_FLG_CMPSS4_CTRIPOUTL")
    6291                      .dwattr $C$DW$484, DW_AT_const_value(0x16)
    6292                      .dwattr $C$DW$484, DW_AT_decl_file("D:\15_Delta\14. ANPC Converter\ANPC_3Layer\TMS320F280049C\device\
    6293                      .dwattr $C$DW$484, DW_AT_decl_line(0x20f)
    6294                      .dwattr $C$DW$484, DW_AT_decl_column(0x05)
    6295              
    6296              $C$DW$485       .dwtag  DW_TAG_enumerator
TMS320C2000 Assembler PC v22.6.0 Mon Apr 21 09:03:31 2025

Copyright (c) 1996-2018 Texas Instruments Incorporated
hal_pwm_TMS320F280049C.asm                                           PAGE  121

    6297                      .dwattr $C$DW$485, DW_AT_name("XBAR_INPUT_FLG_CMPSS4_CTRIPOUTH")
    6298                      .dwattr $C$DW$485, DW_AT_const_value(0x17)
    6299                      .dwattr $C$DW$485, DW_AT_decl_file("D:\15_Delta\14. ANPC Converter\ANPC_3Layer\TMS320F280049C\device\
    6300                      .dwattr $C$DW$485, DW_AT_decl_line(0x210)
    6301                      .dwattr $C$DW$485, DW_AT_decl_column(0x05)
    6302              
    6303              $C$DW$486       .dwtag  DW_TAG_enumerator
    6304                      .dwattr $C$DW$486, DW_AT_name("XBAR_INPUT_FLG_CMPSS5_CTRIPOUTL")
    6305                      .dwattr $C$DW$486, DW_AT_const_value(0x18)
    6306                      .dwattr $C$DW$486, DW_AT_decl_file("D:\15_Delta\14. ANPC Converter\ANPC_3Layer\TMS320F280049C\device\
    6307                      .dwattr $C$DW$486, DW_AT_decl_line(0x211)
    6308                      .dwattr $C$DW$486, DW_AT_decl_column(0x05)
    6309              
    6310              $C$DW$487       .dwtag  DW_TAG_enumerator
    6311                      .dwattr $C$DW$487, DW_AT_name("XBAR_INPUT_FLG_CMPSS5_CTRIPOUTH")
    6312                      .dwattr $C$DW$487, DW_AT_const_value(0x19)
    6313                      .dwattr $C$DW$487, DW_AT_decl_file("D:\15_Delta\14. ANPC Converter\ANPC_3Layer\TMS320F280049C\device\
    6314                      .dwattr $C$DW$487, DW_AT_decl_line(0x212)
    6315                      .dwattr $C$DW$487, DW_AT_decl_column(0x05)
    6316              
    6317              $C$DW$488       .dwtag  DW_TAG_enumerator
    6318                      .dwattr $C$DW$488, DW_AT_name("XBAR_INPUT_FLG_CMPSS6_CTRIPOUTL")
    6319                      .dwattr $C$DW$488, DW_AT_const_value(0x1a)
    6320                      .dwattr $C$DW$488, DW_AT_decl_file("D:\15_Delta\14. ANPC Converter\ANPC_3Layer\TMS320F280049C\device\
    6321                      .dwattr $C$DW$488, DW_AT_decl_line(0x213)
    6322                      .dwattr $C$DW$488, DW_AT_decl_column(0x05)
    6323              
    6324              $C$DW$489       .dwtag  DW_TAG_enumerator
    6325                      .dwattr $C$DW$489, DW_AT_name("XBAR_INPUT_FLG_CMPSS6_CTRIPOUTH")
    6326                      .dwattr $C$DW$489, DW_AT_const_value(0x1b)
    6327                      .dwattr $C$DW$489, DW_AT_decl_file("D:\15_Delta\14. ANPC Converter\ANPC_3Layer\TMS320F280049C\device\
    6328                      .dwattr $C$DW$489, DW_AT_decl_line(0x214)
    6329                      .dwattr $C$DW$489, DW_AT_decl_column(0x05)
    6330              
    6331              $C$DW$490       .dwtag  DW_TAG_enumerator
    6332                      .dwattr $C$DW$490, DW_AT_name("XBAR_INPUT_FLG_CMPSS7_CTRIPOUTL")
    6333                      .dwattr $C$DW$490, DW_AT_const_value(0x1c)
    6334                      .dwattr $C$DW$490, DW_AT_decl_file("D:\15_Delta\14. ANPC Converter\ANPC_3Layer\TMS320F280049C\device\
    6335                      .dwattr $C$DW$490, DW_AT_decl_line(0x215)
    6336                      .dwattr $C$DW$490, DW_AT_decl_column(0x05)
    6337              
    6338              $C$DW$491       .dwtag  DW_TAG_enumerator
    6339                      .dwattr $C$DW$491, DW_AT_name("XBAR_INPUT_FLG_CMPSS7_CTRIPOUTH")
    6340                      .dwattr $C$DW$491, DW_AT_const_value(0x1d)
    6341                      .dwattr $C$DW$491, DW_AT_decl_file("D:\15_Delta\14. ANPC Converter\ANPC_3Layer\TMS320F280049C\device\
    6342                      .dwattr $C$DW$491, DW_AT_decl_line(0x216)
    6343                      .dwattr $C$DW$491, DW_AT_decl_column(0x05)
    6344              
    6345              $C$DW$492       .dwtag  DW_TAG_enumerator
    6346                      .dwattr $C$DW$492, DW_AT_name("XBAR_INPUT_FLG_CMPSS8_CTRIPOUTL")
    6347                      .dwattr $C$DW$492, DW_AT_const_value(0x1e)
    6348                      .dwattr $C$DW$492, DW_AT_decl_file("D:\15_Delta\14. ANPC Converter\ANPC_3Layer\TMS320F280049C\device\
    6349                      .dwattr $C$DW$492, DW_AT_decl_line(0x217)
    6350                      .dwattr $C$DW$492, DW_AT_decl_column(0x05)
    6351              
TMS320C2000 Assembler PC v22.6.0 Mon Apr 21 09:03:31 2025

Copyright (c) 1996-2018 Texas Instruments Incorporated
hal_pwm_TMS320F280049C.asm                                           PAGE  122

    6352              $C$DW$493       .dwtag  DW_TAG_enumerator
    6353                      .dwattr $C$DW$493, DW_AT_name("XBAR_INPUT_FLG_CMPSS8_CTRIPOUTH")
    6354                      .dwattr $C$DW$493, DW_AT_const_value(0x1f)
    6355                      .dwattr $C$DW$493, DW_AT_decl_file("D:\15_Delta\14. ANPC Converter\ANPC_3Layer\TMS320F280049C\device\
    6356                      .dwattr $C$DW$493, DW_AT_decl_line(0x218)
    6357                      .dwattr $C$DW$493, DW_AT_decl_column(0x05)
    6358              
    6359              $C$DW$494       .dwtag  DW_TAG_enumerator
    6360                      .dwattr $C$DW$494, DW_AT_name("XBAR_INPUT_FLG_INPUT1")
    6361                      .dwattr $C$DW$494, DW_AT_const_value(0x100)
    6362                      .dwattr $C$DW$494, DW_AT_decl_file("D:\15_Delta\14. ANPC Converter\ANPC_3Layer\TMS320F280049C\device\
    6363                      .dwattr $C$DW$494, DW_AT_decl_line(0x21c)
    6364                      .dwattr $C$DW$494, DW_AT_decl_column(0x05)
    6365              
    6366              $C$DW$495       .dwtag  DW_TAG_enumerator
    6367                      .dwattr $C$DW$495, DW_AT_name("XBAR_INPUT_FLG_INPUT2")
    6368                      .dwattr $C$DW$495, DW_AT_const_value(0x101)
    6369                      .dwattr $C$DW$495, DW_AT_decl_file("D:\15_Delta\14. ANPC Converter\ANPC_3Layer\TMS320F280049C\device\
    6370                      .dwattr $C$DW$495, DW_AT_decl_line(0x21d)
    6371                      .dwattr $C$DW$495, DW_AT_decl_column(0x05)
    6372              
    6373              $C$DW$496       .dwtag  DW_TAG_enumerator
    6374                      .dwattr $C$DW$496, DW_AT_name("XBAR_INPUT_FLG_INPUT3")
    6375                      .dwattr $C$DW$496, DW_AT_const_value(0x102)
    6376                      .dwattr $C$DW$496, DW_AT_decl_file("D:\15_Delta\14. ANPC Converter\ANPC_3Layer\TMS320F280049C\device\
    6377                      .dwattr $C$DW$496, DW_AT_decl_line(0x21e)
    6378                      .dwattr $C$DW$496, DW_AT_decl_column(0x05)
    6379              
    6380              $C$DW$497       .dwtag  DW_TAG_enumerator
    6381                      .dwattr $C$DW$497, DW_AT_name("XBAR_INPUT_FLG_INPUT4")
    6382                      .dwattr $C$DW$497, DW_AT_const_value(0x103)
    6383                      .dwattr $C$DW$497, DW_AT_decl_file("D:\15_Delta\14. ANPC Converter\ANPC_3Layer\TMS320F280049C\device\
    6384                      .dwattr $C$DW$497, DW_AT_decl_line(0x21f)
    6385                      .dwattr $C$DW$497, DW_AT_decl_column(0x05)
    6386              
    6387              $C$DW$498       .dwtag  DW_TAG_enumerator
    6388                      .dwattr $C$DW$498, DW_AT_name("XBAR_INPUT_FLG_INPUT5")
    6389                      .dwattr $C$DW$498, DW_AT_const_value(0x104)
    6390                      .dwattr $C$DW$498, DW_AT_decl_file("D:\15_Delta\14. ANPC Converter\ANPC_3Layer\TMS320F280049C\device\
    6391                      .dwattr $C$DW$498, DW_AT_decl_line(0x220)
    6392                      .dwattr $C$DW$498, DW_AT_decl_column(0x05)
    6393              
    6394              $C$DW$499       .dwtag  DW_TAG_enumerator
    6395                      .dwattr $C$DW$499, DW_AT_name("XBAR_INPUT_FLG_INPUT6")
    6396                      .dwattr $C$DW$499, DW_AT_const_value(0x105)
    6397                      .dwattr $C$DW$499, DW_AT_decl_file("D:\15_Delta\14. ANPC Converter\ANPC_3Layer\TMS320F280049C\device\
    6398                      .dwattr $C$DW$499, DW_AT_decl_line(0x221)
    6399                      .dwattr $C$DW$499, DW_AT_decl_column(0x05)
    6400              
    6401              $C$DW$500       .dwtag  DW_TAG_enumerator
    6402                      .dwattr $C$DW$500, DW_AT_name("XBAR_INPUT_FLG_ADCSOCA")
    6403                      .dwattr $C$DW$500, DW_AT_const_value(0x106)
    6404                      .dwattr $C$DW$500, DW_AT_decl_file("D:\15_Delta\14. ANPC Converter\ANPC_3Layer\TMS320F280049C\device\
    6405                      .dwattr $C$DW$500, DW_AT_decl_line(0x222)
    6406                      .dwattr $C$DW$500, DW_AT_decl_column(0x05)
TMS320C2000 Assembler PC v22.6.0 Mon Apr 21 09:03:31 2025

Copyright (c) 1996-2018 Texas Instruments Incorporated
hal_pwm_TMS320F280049C.asm                                           PAGE  123

    6407              
    6408              $C$DW$501       .dwtag  DW_TAG_enumerator
    6409                      .dwattr $C$DW$501, DW_AT_name("XBAR_INPUT_FLG_ADCSOCB")
    6410                      .dwattr $C$DW$501, DW_AT_const_value(0x107)
    6411                      .dwattr $C$DW$501, DW_AT_decl_file("D:\15_Delta\14. ANPC Converter\ANPC_3Layer\TMS320F280049C\device\
    6412                      .dwattr $C$DW$501, DW_AT_decl_line(0x223)
    6413                      .dwattr $C$DW$501, DW_AT_decl_column(0x05)
    6414              
    6415              $C$DW$502       .dwtag  DW_TAG_enumerator
    6416                      .dwattr $C$DW$502, DW_AT_name("XBAR_INPUT_FLG_INPUT7")
    6417                      .dwattr $C$DW$502, DW_AT_const_value(0x108)
    6418                      .dwattr $C$DW$502, DW_AT_decl_file("D:\15_Delta\14. ANPC Converter\ANPC_3Layer\TMS320F280049C\device\
    6419                      .dwattr $C$DW$502, DW_AT_decl_line(0x224)
    6420                      .dwattr $C$DW$502, DW_AT_decl_column(0x05)
    6421              
    6422              $C$DW$503       .dwtag  DW_TAG_enumerator
    6423                      .dwattr $C$DW$503, DW_AT_name("XBAR_INPUT_FLG_INPUT8")
    6424                      .dwattr $C$DW$503, DW_AT_const_value(0x109)
    6425                      .dwattr $C$DW$503, DW_AT_decl_file("D:\15_Delta\14. ANPC Converter\ANPC_3Layer\TMS320F280049C\device\
    6426                      .dwattr $C$DW$503, DW_AT_decl_line(0x225)
    6427                      .dwattr $C$DW$503, DW_AT_decl_column(0x05)
    6428              
    6429              $C$DW$504       .dwtag  DW_TAG_enumerator
    6430                      .dwattr $C$DW$504, DW_AT_name("XBAR_INPUT_FLG_INPUT9")
    6431                      .dwattr $C$DW$504, DW_AT_const_value(0x10a)
    6432                      .dwattr $C$DW$504, DW_AT_decl_file("D:\15_Delta\14. ANPC Converter\ANPC_3Layer\TMS320F280049C\device\
    6433                      .dwattr $C$DW$504, DW_AT_decl_line(0x226)
    6434                      .dwattr $C$DW$504, DW_AT_decl_column(0x05)
    6435              
    6436              $C$DW$505       .dwtag  DW_TAG_enumerator
    6437                      .dwattr $C$DW$505, DW_AT_name("XBAR_INPUT_FLG_INPUT10")
    6438                      .dwattr $C$DW$505, DW_AT_const_value(0x10b)
    6439                      .dwattr $C$DW$505, DW_AT_decl_file("D:\15_Delta\14. ANPC Converter\ANPC_3Layer\TMS320F280049C\device\
    6440                      .dwattr $C$DW$505, DW_AT_decl_line(0x227)
    6441                      .dwattr $C$DW$505, DW_AT_decl_column(0x05)
    6442              
    6443              $C$DW$506       .dwtag  DW_TAG_enumerator
    6444                      .dwattr $C$DW$506, DW_AT_name("XBAR_INPUT_FLG_INPUT11")
    6445                      .dwattr $C$DW$506, DW_AT_const_value(0x10c)
    6446                      .dwattr $C$DW$506, DW_AT_decl_file("D:\15_Delta\14. ANPC Converter\ANPC_3Layer\TMS320F280049C\device\
    6447                      .dwattr $C$DW$506, DW_AT_decl_line(0x228)
    6448                      .dwattr $C$DW$506, DW_AT_decl_column(0x05)
    6449              
    6450              $C$DW$507       .dwtag  DW_TAG_enumerator
    6451                      .dwattr $C$DW$507, DW_AT_name("XBAR_INPUT_FLG_INPUT12")
    6452                      .dwattr $C$DW$507, DW_AT_const_value(0x10d)
    6453                      .dwattr $C$DW$507, DW_AT_decl_file("D:\15_Delta\14. ANPC Converter\ANPC_3Layer\TMS320F280049C\device\
    6454                      .dwattr $C$DW$507, DW_AT_decl_line(0x229)
    6455                      .dwattr $C$DW$507, DW_AT_decl_column(0x05)
    6456              
    6457              $C$DW$508       .dwtag  DW_TAG_enumerator
    6458                      .dwattr $C$DW$508, DW_AT_name("XBAR_INPUT_FLG_INPUT13")
    6459                      .dwattr $C$DW$508, DW_AT_const_value(0x10e)
    6460                      .dwattr $C$DW$508, DW_AT_decl_file("D:\15_Delta\14. ANPC Converter\ANPC_3Layer\TMS320F280049C\device\
    6461                      .dwattr $C$DW$508, DW_AT_decl_line(0x22a)
TMS320C2000 Assembler PC v22.6.0 Mon Apr 21 09:03:31 2025

Copyright (c) 1996-2018 Texas Instruments Incorporated
hal_pwm_TMS320F280049C.asm                                           PAGE  124

    6462                      .dwattr $C$DW$508, DW_AT_decl_column(0x05)
    6463              
    6464              $C$DW$509       .dwtag  DW_TAG_enumerator
    6465                      .dwattr $C$DW$509, DW_AT_name("XBAR_INPUT_FLG_INPUT14")
    6466                      .dwattr $C$DW$509, DW_AT_const_value(0x10f)
    6467                      .dwattr $C$DW$509, DW_AT_decl_file("D:\15_Delta\14. ANPC Converter\ANPC_3Layer\TMS320F280049C\device\
    6468                      .dwattr $C$DW$509, DW_AT_decl_line(0x22b)
    6469                      .dwattr $C$DW$509, DW_AT_decl_column(0x05)
    6470              
    6471              $C$DW$510       .dwtag  DW_TAG_enumerator
    6472                      .dwattr $C$DW$510, DW_AT_name("XBAR_INPUT_FLG_ECAP1_OUT")
    6473                      .dwattr $C$DW$510, DW_AT_const_value(0x110)
    6474                      .dwattr $C$DW$510, DW_AT_decl_file("D:\15_Delta\14. ANPC Converter\ANPC_3Layer\TMS320F280049C\device\
    6475                      .dwattr $C$DW$510, DW_AT_decl_line(0x22c)
    6476                      .dwattr $C$DW$510, DW_AT_decl_column(0x05)
    6477              
    6478              $C$DW$511       .dwtag  DW_TAG_enumerator
    6479                      .dwattr $C$DW$511, DW_AT_name("XBAR_INPUT_FLG_ECAP2_OUT")
    6480                      .dwattr $C$DW$511, DW_AT_const_value(0x111)
    6481                      .dwattr $C$DW$511, DW_AT_decl_file("D:\15_Delta\14. ANPC Converter\ANPC_3Layer\TMS320F280049C\device\
    6482                      .dwattr $C$DW$511, DW_AT_decl_line(0x22d)
    6483                      .dwattr $C$DW$511, DW_AT_decl_column(0x05)
    6484              
    6485              $C$DW$512       .dwtag  DW_TAG_enumerator
    6486                      .dwattr $C$DW$512, DW_AT_name("XBAR_INPUT_FLG_ECAP3_OUT")
    6487                      .dwattr $C$DW$512, DW_AT_const_value(0x112)
    6488                      .dwattr $C$DW$512, DW_AT_decl_file("D:\15_Delta\14. ANPC Converter\ANPC_3Layer\TMS320F280049C\device\
    6489                      .dwattr $C$DW$512, DW_AT_decl_line(0x22e)
    6490                      .dwattr $C$DW$512, DW_AT_decl_column(0x05)
    6491              
    6492              $C$DW$513       .dwtag  DW_TAG_enumerator
    6493                      .dwattr $C$DW$513, DW_AT_name("XBAR_INPUT_FLG_ECAP4_OUT")
    6494                      .dwattr $C$DW$513, DW_AT_const_value(0x113)
    6495                      .dwattr $C$DW$513, DW_AT_decl_file("D:\15_Delta\14. ANPC Converter\ANPC_3Layer\TMS320F280049C\device\
    6496                      .dwattr $C$DW$513, DW_AT_decl_line(0x22f)
    6497                      .dwattr $C$DW$513, DW_AT_decl_column(0x05)
    6498              
    6499              $C$DW$514       .dwtag  DW_TAG_enumerator
    6500                      .dwattr $C$DW$514, DW_AT_name("XBAR_INPUT_FLG_ECAP5_OUT")
    6501                      .dwattr $C$DW$514, DW_AT_const_value(0x114)
    6502                      .dwattr $C$DW$514, DW_AT_decl_file("D:\15_Delta\14. ANPC Converter\ANPC_3Layer\TMS320F280049C\device\
    6503                      .dwattr $C$DW$514, DW_AT_decl_line(0x230)
    6504                      .dwattr $C$DW$514, DW_AT_decl_column(0x05)
    6505              
    6506              $C$DW$515       .dwtag  DW_TAG_enumerator
    6507                      .dwattr $C$DW$515, DW_AT_name("XBAR_INPUT_FLG_ECAP6_OUT")
    6508                      .dwattr $C$DW$515, DW_AT_const_value(0x115)
    6509                      .dwattr $C$DW$515, DW_AT_decl_file("D:\15_Delta\14. ANPC Converter\ANPC_3Layer\TMS320F280049C\device\
    6510                      .dwattr $C$DW$515, DW_AT_decl_line(0x231)
    6511                      .dwattr $C$DW$515, DW_AT_decl_column(0x05)
    6512              
    6513              $C$DW$516       .dwtag  DW_TAG_enumerator
    6514                      .dwattr $C$DW$516, DW_AT_name("XBAR_INPUT_FLG_EXTSYNCOUT")
    6515                      .dwattr $C$DW$516, DW_AT_const_value(0x116)
    6516                      .dwattr $C$DW$516, DW_AT_decl_file("D:\15_Delta\14. ANPC Converter\ANPC_3Layer\TMS320F280049C\device\
TMS320C2000 Assembler PC v22.6.0 Mon Apr 21 09:03:31 2025

Copyright (c) 1996-2018 Texas Instruments Incorporated
hal_pwm_TMS320F280049C.asm                                           PAGE  125

    6517                      .dwattr $C$DW$516, DW_AT_decl_line(0x232)
    6518                      .dwattr $C$DW$516, DW_AT_decl_column(0x05)
    6519              
    6520              $C$DW$517       .dwtag  DW_TAG_enumerator
    6521                      .dwattr $C$DW$517, DW_AT_name("XBAR_INPUT_FLG_ADCAEVT1")
    6522                      .dwattr $C$DW$517, DW_AT_const_value(0x117)
    6523                      .dwattr $C$DW$517, DW_AT_decl_file("D:\15_Delta\14. ANPC Converter\ANPC_3Layer\TMS320F280049C\device\
    6524                      .dwattr $C$DW$517, DW_AT_decl_line(0x233)
    6525                      .dwattr $C$DW$517, DW_AT_decl_column(0x05)
    6526              
    6527              $C$DW$518       .dwtag  DW_TAG_enumerator
    6528                      .dwattr $C$DW$518, DW_AT_name("XBAR_INPUT_FLG_ADCAEVT2")
    6529                      .dwattr $C$DW$518, DW_AT_const_value(0x118)
    6530                      .dwattr $C$DW$518, DW_AT_decl_file("D:\15_Delta\14. ANPC Converter\ANPC_3Layer\TMS320F280049C\device\
    6531                      .dwattr $C$DW$518, DW_AT_decl_line(0x234)
    6532                      .dwattr $C$DW$518, DW_AT_decl_column(0x05)
    6533              
    6534              $C$DW$519       .dwtag  DW_TAG_enumerator
    6535                      .dwattr $C$DW$519, DW_AT_name("XBAR_INPUT_FLG_ADCAEVT3")
    6536                      .dwattr $C$DW$519, DW_AT_const_value(0x119)
    6537                      .dwattr $C$DW$519, DW_AT_decl_file("D:\15_Delta\14. ANPC Converter\ANPC_3Layer\TMS320F280049C\device\
    6538                      .dwattr $C$DW$519, DW_AT_decl_line(0x235)
    6539                      .dwattr $C$DW$519, DW_AT_decl_column(0x05)
    6540              
    6541              $C$DW$520       .dwtag  DW_TAG_enumerator
    6542                      .dwattr $C$DW$520, DW_AT_name("XBAR_INPUT_FLG_ADCAEVT4")
    6543                      .dwattr $C$DW$520, DW_AT_const_value(0x11a)
    6544                      .dwattr $C$DW$520, DW_AT_decl_file("D:\15_Delta\14. ANPC Converter\ANPC_3Layer\TMS320F280049C\device\
    6545                      .dwattr $C$DW$520, DW_AT_decl_line(0x236)
    6546                      .dwattr $C$DW$520, DW_AT_decl_column(0x05)
    6547              
    6548              $C$DW$521       .dwtag  DW_TAG_enumerator
    6549                      .dwattr $C$DW$521, DW_AT_name("XBAR_INPUT_FLG_ADCBEVT1")
    6550                      .dwattr $C$DW$521, DW_AT_const_value(0x11b)
    6551                      .dwattr $C$DW$521, DW_AT_decl_file("D:\15_Delta\14. ANPC Converter\ANPC_3Layer\TMS320F280049C\device\
    6552                      .dwattr $C$DW$521, DW_AT_decl_line(0x237)
    6553                      .dwattr $C$DW$521, DW_AT_decl_column(0x05)
    6554              
    6555              $C$DW$522       .dwtag  DW_TAG_enumerator
    6556                      .dwattr $C$DW$522, DW_AT_name("XBAR_INPUT_FLG_ADCBEVT2")
    6557                      .dwattr $C$DW$522, DW_AT_const_value(0x11c)
    6558                      .dwattr $C$DW$522, DW_AT_decl_file("D:\15_Delta\14. ANPC Converter\ANPC_3Layer\TMS320F280049C\device\
    6559                      .dwattr $C$DW$522, DW_AT_decl_line(0x238)
    6560                      .dwattr $C$DW$522, DW_AT_decl_column(0x05)
    6561              
    6562              $C$DW$523       .dwtag  DW_TAG_enumerator
    6563                      .dwattr $C$DW$523, DW_AT_name("XBAR_INPUT_FLG_ADCBEVT3")
    6564                      .dwattr $C$DW$523, DW_AT_const_value(0x11d)
    6565                      .dwattr $C$DW$523, DW_AT_decl_file("D:\15_Delta\14. ANPC Converter\ANPC_3Layer\TMS320F280049C\device\
    6566                      .dwattr $C$DW$523, DW_AT_decl_line(0x239)
    6567                      .dwattr $C$DW$523, DW_AT_decl_column(0x05)
    6568              
    6569              $C$DW$524       .dwtag  DW_TAG_enumerator
    6570                      .dwattr $C$DW$524, DW_AT_name("XBAR_INPUT_FLG_ADCBEVT4")
    6571                      .dwattr $C$DW$524, DW_AT_const_value(0x11e)
TMS320C2000 Assembler PC v22.6.0 Mon Apr 21 09:03:31 2025

Copyright (c) 1996-2018 Texas Instruments Incorporated
hal_pwm_TMS320F280049C.asm                                           PAGE  126

    6572                      .dwattr $C$DW$524, DW_AT_decl_file("D:\15_Delta\14. ANPC Converter\ANPC_3Layer\TMS320F280049C\device\
    6573                      .dwattr $C$DW$524, DW_AT_decl_line(0x23a)
    6574                      .dwattr $C$DW$524, DW_AT_decl_column(0x05)
    6575              
    6576              $C$DW$525       .dwtag  DW_TAG_enumerator
    6577                      .dwattr $C$DW$525, DW_AT_name("XBAR_INPUT_FLG_ADCCEVT1")
    6578                      .dwattr $C$DW$525, DW_AT_const_value(0x11f)
    6579                      .dwattr $C$DW$525, DW_AT_decl_file("D:\15_Delta\14. ANPC Converter\ANPC_3Layer\TMS320F280049C\device\
    6580                      .dwattr $C$DW$525, DW_AT_decl_line(0x23b)
    6581                      .dwattr $C$DW$525, DW_AT_decl_column(0x05)
    6582              
    6583              $C$DW$526       .dwtag  DW_TAG_enumerator
    6584                      .dwattr $C$DW$526, DW_AT_name("XBAR_INPUT_FLG_ADCCEVT2")
    6585                      .dwattr $C$DW$526, DW_AT_const_value(0x200)
    6586                      .dwattr $C$DW$526, DW_AT_decl_file("D:\15_Delta\14. ANPC Converter\ANPC_3Layer\TMS320F280049C\device\
    6587                      .dwattr $C$DW$526, DW_AT_decl_line(0x23f)
    6588                      .dwattr $C$DW$526, DW_AT_decl_column(0x05)
    6589              
    6590              $C$DW$527       .dwtag  DW_TAG_enumerator
    6591                      .dwattr $C$DW$527, DW_AT_name("XBAR_INPUT_FLG_ADCCEVT3")
    6592                      .dwattr $C$DW$527, DW_AT_const_value(0x201)
    6593                      .dwattr $C$DW$527, DW_AT_decl_file("D:\15_Delta\14. ANPC Converter\ANPC_3Layer\TMS320F280049C\device\
    6594                      .dwattr $C$DW$527, DW_AT_decl_line(0x240)
    6595                      .dwattr $C$DW$527, DW_AT_decl_column(0x05)
    6596              
    6597              $C$DW$528       .dwtag  DW_TAG_enumerator
    6598                      .dwattr $C$DW$528, DW_AT_name("XBAR_INPUT_FLG_ADCCEVT4")
    6599                      .dwattr $C$DW$528, DW_AT_const_value(0x202)
    6600                      .dwattr $C$DW$528, DW_AT_decl_file("D:\15_Delta\14. ANPC Converter\ANPC_3Layer\TMS320F280049C\device\
    6601                      .dwattr $C$DW$528, DW_AT_decl_line(0x241)
    6602                      .dwattr $C$DW$528, DW_AT_decl_column(0x05)
    6603              
    6604              $C$DW$529       .dwtag  DW_TAG_enumerator
    6605                      .dwattr $C$DW$529, DW_AT_name("XBAR_INPUT_FLG_ADCDEVT1")
    6606                      .dwattr $C$DW$529, DW_AT_const_value(0x203)
    6607                      .dwattr $C$DW$529, DW_AT_decl_file("D:\15_Delta\14. ANPC Converter\ANPC_3Layer\TMS320F280049C\device\
    6608                      .dwattr $C$DW$529, DW_AT_decl_line(0x242)
    6609                      .dwattr $C$DW$529, DW_AT_decl_column(0x05)
    6610              
    6611              $C$DW$530       .dwtag  DW_TAG_enumerator
    6612                      .dwattr $C$DW$530, DW_AT_name("XBAR_INPUT_FLG_ADCDEVT2")
    6613                      .dwattr $C$DW$530, DW_AT_const_value(0x204)
    6614                      .dwattr $C$DW$530, DW_AT_decl_file("D:\15_Delta\14. ANPC Converter\ANPC_3Layer\TMS320F280049C\device\
    6615                      .dwattr $C$DW$530, DW_AT_decl_line(0x243)
    6616                      .dwattr $C$DW$530, DW_AT_decl_column(0x05)
    6617              
    6618              $C$DW$531       .dwtag  DW_TAG_enumerator
    6619                      .dwattr $C$DW$531, DW_AT_name("XBAR_INPUT_FLG_ADCDEVT3")
    6620                      .dwattr $C$DW$531, DW_AT_const_value(0x205)
    6621                      .dwattr $C$DW$531, DW_AT_decl_file("D:\15_Delta\14. ANPC Converter\ANPC_3Layer\TMS320F280049C\device\
    6622                      .dwattr $C$DW$531, DW_AT_decl_line(0x244)
    6623                      .dwattr $C$DW$531, DW_AT_decl_column(0x05)
    6624              
    6625              $C$DW$532       .dwtag  DW_TAG_enumerator
    6626                      .dwattr $C$DW$532, DW_AT_name("XBAR_INPUT_FLG_ADCDEVT4")
TMS320C2000 Assembler PC v22.6.0 Mon Apr 21 09:03:31 2025

Copyright (c) 1996-2018 Texas Instruments Incorporated
hal_pwm_TMS320F280049C.asm                                           PAGE  127

    6627                      .dwattr $C$DW$532, DW_AT_const_value(0x206)
    6628                      .dwattr $C$DW$532, DW_AT_decl_file("D:\15_Delta\14. ANPC Converter\ANPC_3Layer\TMS320F280049C\device\
    6629                      .dwattr $C$DW$532, DW_AT_decl_line(0x245)
    6630                      .dwattr $C$DW$532, DW_AT_decl_column(0x05)
    6631              
    6632              $C$DW$533       .dwtag  DW_TAG_enumerator
    6633                      .dwattr $C$DW$533, DW_AT_name("XBAR_INPUT_FLG_SD1FLT1_COMPL")
    6634                      .dwattr $C$DW$533, DW_AT_const_value(0x207)
    6635                      .dwattr $C$DW$533, DW_AT_decl_file("D:\15_Delta\14. ANPC Converter\ANPC_3Layer\TMS320F280049C\device\
    6636                      .dwattr $C$DW$533, DW_AT_decl_line(0x246)
    6637                      .dwattr $C$DW$533, DW_AT_decl_column(0x05)
    6638              
    6639              $C$DW$534       .dwtag  DW_TAG_enumerator
    6640                      .dwattr $C$DW$534, DW_AT_name("XBAR_INPUT_FLG_SD1FLT1_COMPH")
    6641                      .dwattr $C$DW$534, DW_AT_const_value(0x208)
    6642                      .dwattr $C$DW$534, DW_AT_decl_file("D:\15_Delta\14. ANPC Converter\ANPC_3Layer\TMS320F280049C\device\
    6643                      .dwattr $C$DW$534, DW_AT_decl_line(0x247)
    6644                      .dwattr $C$DW$534, DW_AT_decl_column(0x05)
    6645              
    6646              $C$DW$535       .dwtag  DW_TAG_enumerator
    6647                      .dwattr $C$DW$535, DW_AT_name("XBAR_INPUT_FLG_SD1FLT2_COMPL")
    6648                      .dwattr $C$DW$535, DW_AT_const_value(0x209)
    6649                      .dwattr $C$DW$535, DW_AT_decl_file("D:\15_Delta\14. ANPC Converter\ANPC_3Layer\TMS320F280049C\device\
    6650                      .dwattr $C$DW$535, DW_AT_decl_line(0x248)
    6651                      .dwattr $C$DW$535, DW_AT_decl_column(0x05)
    6652              
    6653              $C$DW$536       .dwtag  DW_TAG_enumerator
    6654                      .dwattr $C$DW$536, DW_AT_name("XBAR_INPUT_FLG_SD1FLT2_COMPH")
    6655                      .dwattr $C$DW$536, DW_AT_const_value(0x20a)
    6656                      .dwattr $C$DW$536, DW_AT_decl_file("D:\15_Delta\14. ANPC Converter\ANPC_3Layer\TMS320F280049C\device\
    6657                      .dwattr $C$DW$536, DW_AT_decl_line(0x249)
    6658                      .dwattr $C$DW$536, DW_AT_decl_column(0x05)
    6659              
    6660              $C$DW$537       .dwtag  DW_TAG_enumerator
    6661                      .dwattr $C$DW$537, DW_AT_name("XBAR_INPUT_FLG_SD1FLT3_COMPL")
    6662                      .dwattr $C$DW$537, DW_AT_const_value(0x20b)
    6663                      .dwattr $C$DW$537, DW_AT_decl_file("D:\15_Delta\14. ANPC Converter\ANPC_3Layer\TMS320F280049C\device\
    6664                      .dwattr $C$DW$537, DW_AT_decl_line(0x24a)
    6665                      .dwattr $C$DW$537, DW_AT_decl_column(0x05)
    6666              
    6667              $C$DW$538       .dwtag  DW_TAG_enumerator
    6668                      .dwattr $C$DW$538, DW_AT_name("XBAR_INPUT_FLG_SD1FLT3_COMPH")
    6669                      .dwattr $C$DW$538, DW_AT_const_value(0x20c)
    6670                      .dwattr $C$DW$538, DW_AT_decl_file("D:\15_Delta\14. ANPC Converter\ANPC_3Layer\TMS320F280049C\device\
    6671                      .dwattr $C$DW$538, DW_AT_decl_line(0x24b)
    6672                      .dwattr $C$DW$538, DW_AT_decl_column(0x05)
    6673              
    6674              $C$DW$539       .dwtag  DW_TAG_enumerator
    6675                      .dwattr $C$DW$539, DW_AT_name("XBAR_INPUT_FLG_SD1FLT4_COMPL")
    6676                      .dwattr $C$DW$539, DW_AT_const_value(0x20d)
    6677                      .dwattr $C$DW$539, DW_AT_decl_file("D:\15_Delta\14. ANPC Converter\ANPC_3Layer\TMS320F280049C\device\
    6678                      .dwattr $C$DW$539, DW_AT_decl_line(0x24c)
    6679                      .dwattr $C$DW$539, DW_AT_decl_column(0x05)
    6680              
    6681              $C$DW$540       .dwtag  DW_TAG_enumerator
TMS320C2000 Assembler PC v22.6.0 Mon Apr 21 09:03:31 2025

Copyright (c) 1996-2018 Texas Instruments Incorporated
hal_pwm_TMS320F280049C.asm                                           PAGE  128

    6682                      .dwattr $C$DW$540, DW_AT_name("XBAR_INPUT_FLG_SD1FLT4_COMPH")
    6683                      .dwattr $C$DW$540, DW_AT_const_value(0x20e)
    6684                      .dwattr $C$DW$540, DW_AT_decl_file("D:\15_Delta\14. ANPC Converter\ANPC_3Layer\TMS320F280049C\device\
    6685                      .dwattr $C$DW$540, DW_AT_decl_line(0x24d)
    6686                      .dwattr $C$DW$540, DW_AT_decl_column(0x05)
    6687              
    6688              $C$DW$541       .dwtag  DW_TAG_enumerator
    6689                      .dwattr $C$DW$541, DW_AT_name("XBAR_INPUT_FLG_ECAP7_OUT")
    6690                      .dwattr $C$DW$541, DW_AT_const_value(0x217)
    6691                      .dwattr $C$DW$541, DW_AT_decl_file("D:\15_Delta\14. ANPC Converter\ANPC_3Layer\TMS320F280049C\device\
    6692                      .dwattr $C$DW$541, DW_AT_decl_line(0x24e)
    6693                      .dwattr $C$DW$541, DW_AT_decl_column(0x05)
    6694              
    6695              $C$DW$542       .dwtag  DW_TAG_enumerator
    6696                      .dwattr $C$DW$542, DW_AT_name("XBAR_INPUT_FLG_SD1FLT1_COMPZ")
    6697                      .dwattr $C$DW$542, DW_AT_const_value(0x218)
    6698                      .dwattr $C$DW$542, DW_AT_decl_file("D:\15_Delta\14. ANPC Converter\ANPC_3Layer\TMS320F280049C\device\
    6699                      .dwattr $C$DW$542, DW_AT_decl_line(0x24f)
    6700                      .dwattr $C$DW$542, DW_AT_decl_column(0x05)
    6701              
    6702              $C$DW$543       .dwtag  DW_TAG_enumerator
    6703                      .dwattr $C$DW$543, DW_AT_name("XBAR_INPUT_FLG_SD1FLT1_DRINT")
    6704                      .dwattr $C$DW$543, DW_AT_const_value(0x219)
    6705                      .dwattr $C$DW$543, DW_AT_decl_file("D:\15_Delta\14. ANPC Converter\ANPC_3Layer\TMS320F280049C\device\
    6706                      .dwattr $C$DW$543, DW_AT_decl_line(0x250)
    6707                      .dwattr $C$DW$543, DW_AT_decl_column(0x05)
    6708              
    6709              $C$DW$544       .dwtag  DW_TAG_enumerator
    6710                      .dwattr $C$DW$544, DW_AT_name("XBAR_INPUT_FLG_SD1FLT2_COMPZ")
    6711                      .dwattr $C$DW$544, DW_AT_const_value(0x21a)
    6712                      .dwattr $C$DW$544, DW_AT_decl_file("D:\15_Delta\14. ANPC Converter\ANPC_3Layer\TMS320F280049C\device\
    6713                      .dwattr $C$DW$544, DW_AT_decl_line(0x251)
    6714                      .dwattr $C$DW$544, DW_AT_decl_column(0x05)
    6715              
    6716              $C$DW$545       .dwtag  DW_TAG_enumerator
    6717                      .dwattr $C$DW$545, DW_AT_name("XBAR_INPUT_FLG_SD1FLT2_DRINT")
    6718                      .dwattr $C$DW$545, DW_AT_const_value(0x21b)
    6719                      .dwattr $C$DW$545, DW_AT_decl_file("D:\15_Delta\14. ANPC Converter\ANPC_3Layer\TMS320F280049C\device\
    6720                      .dwattr $C$DW$545, DW_AT_decl_line(0x252)
    6721                      .dwattr $C$DW$545, DW_AT_decl_column(0x05)
    6722              
    6723              $C$DW$546       .dwtag  DW_TAG_enumerator
    6724                      .dwattr $C$DW$546, DW_AT_name("XBAR_INPUT_FLG_SD1FLT3_COMPZ")
    6725                      .dwattr $C$DW$546, DW_AT_const_value(0x21c)
    6726                      .dwattr $C$DW$546, DW_AT_decl_file("D:\15_Delta\14. ANPC Converter\ANPC_3Layer\TMS320F280049C\device\
    6727                      .dwattr $C$DW$546, DW_AT_decl_line(0x253)
    6728                      .dwattr $C$DW$546, DW_AT_decl_column(0x05)
    6729              
    6730              $C$DW$547       .dwtag  DW_TAG_enumerator
    6731                      .dwattr $C$DW$547, DW_AT_name("XBAR_INPUT_FLG_SD1FLT3_DRINT")
    6732                      .dwattr $C$DW$547, DW_AT_const_value(0x21d)
    6733                      .dwattr $C$DW$547, DW_AT_decl_file("D:\15_Delta\14. ANPC Converter\ANPC_3Layer\TMS320F280049C\device\
    6734                      .dwattr $C$DW$547, DW_AT_decl_line(0x254)
    6735                      .dwattr $C$DW$547, DW_AT_decl_column(0x05)
    6736              
TMS320C2000 Assembler PC v22.6.0 Mon Apr 21 09:03:31 2025

Copyright (c) 1996-2018 Texas Instruments Incorporated
hal_pwm_TMS320F280049C.asm                                           PAGE  129

    6737              $C$DW$548       .dwtag  DW_TAG_enumerator
    6738                      .dwattr $C$DW$548, DW_AT_name("XBAR_INPUT_FLG_SD1FLT4_COMPZ")
    6739                      .dwattr $C$DW$548, DW_AT_const_value(0x21e)
    6740                      .dwattr $C$DW$548, DW_AT_decl_file("D:\15_Delta\14. ANPC Converter\ANPC_3Layer\TMS320F280049C\device\
    6741                      .dwattr $C$DW$548, DW_AT_decl_line(0x255)
    6742                      .dwattr $C$DW$548, DW_AT_decl_column(0x05)
    6743              
    6744              $C$DW$549       .dwtag  DW_TAG_enumerator
    6745                      .dwattr $C$DW$549, DW_AT_name("XBAR_INPUT_FLG_SD1FLT4_DRINT")
    6746                      .dwattr $C$DW$549, DW_AT_const_value(0x21f)
    6747                      .dwattr $C$DW$549, DW_AT_decl_file("D:\15_Delta\14. ANPC Converter\ANPC_3Layer\TMS320F280049C\device\
    6748                      .dwattr $C$DW$549, DW_AT_decl_line(0x256)
    6749                      .dwattr $C$DW$549, DW_AT_decl_column(0x05)
    6750              
    6751              $C$DW$550       .dwtag  DW_TAG_enumerator
    6752                      .dwattr $C$DW$550, DW_AT_name("XBAR_INPUT_FLG_CLB1_OUT4")
    6753                      .dwattr $C$DW$550, DW_AT_const_value(0x310)
    6754                      .dwattr $C$DW$550, DW_AT_decl_file("D:\15_Delta\14. ANPC Converter\ANPC_3Layer\TMS320F280049C\device\
    6755                      .dwattr $C$DW$550, DW_AT_decl_line(0x25a)
    6756                      .dwattr $C$DW$550, DW_AT_decl_column(0x05)
    6757              
    6758              $C$DW$551       .dwtag  DW_TAG_enumerator
    6759                      .dwattr $C$DW$551, DW_AT_name("XBAR_INPUT_FLG_CLB1_OUT5")
    6760                      .dwattr $C$DW$551, DW_AT_const_value(0x311)
    6761                      .dwattr $C$DW$551, DW_AT_decl_file("D:\15_Delta\14. ANPC Converter\ANPC_3Layer\TMS320F280049C\device\
    6762                      .dwattr $C$DW$551, DW_AT_decl_line(0x25b)
    6763                      .dwattr $C$DW$551, DW_AT_decl_column(0x05)
    6764              
    6765              $C$DW$552       .dwtag  DW_TAG_enumerator
    6766                      .dwattr $C$DW$552, DW_AT_name("XBAR_INPUT_FLG_CLB2_OUT4")
    6767                      .dwattr $C$DW$552, DW_AT_const_value(0x312)
    6768                      .dwattr $C$DW$552, DW_AT_decl_file("D:\15_Delta\14. ANPC Converter\ANPC_3Layer\TMS320F280049C\device\
    6769                      .dwattr $C$DW$552, DW_AT_decl_line(0x25c)
    6770                      .dwattr $C$DW$552, DW_AT_decl_column(0x05)
    6771              
    6772              $C$DW$553       .dwtag  DW_TAG_enumerator
    6773                      .dwattr $C$DW$553, DW_AT_name("XBAR_INPUT_FLG_CLB2_OUT5")
    6774                      .dwattr $C$DW$553, DW_AT_const_value(0x313)
    6775                      .dwattr $C$DW$553, DW_AT_decl_file("D:\15_Delta\14. ANPC Converter\ANPC_3Layer\TMS320F280049C\device\
    6776                      .dwattr $C$DW$553, DW_AT_decl_line(0x25d)
    6777                      .dwattr $C$DW$553, DW_AT_decl_column(0x05)
    6778              
    6779              $C$DW$554       .dwtag  DW_TAG_enumerator
    6780                      .dwattr $C$DW$554, DW_AT_name("XBAR_INPUT_FLG_CLB3_OUT4")
    6781                      .dwattr $C$DW$554, DW_AT_const_value(0x314)
    6782                      .dwattr $C$DW$554, DW_AT_decl_file("D:\15_Delta\14. ANPC Converter\ANPC_3Layer\TMS320F280049C\device\
    6783                      .dwattr $C$DW$554, DW_AT_decl_line(0x25e)
    6784                      .dwattr $C$DW$554, DW_AT_decl_column(0x05)
    6785              
    6786              $C$DW$555       .dwtag  DW_TAG_enumerator
    6787                      .dwattr $C$DW$555, DW_AT_name("XBAR_INPUT_FLG_CLB3_OUT5")
    6788                      .dwattr $C$DW$555, DW_AT_const_value(0x315)
    6789                      .dwattr $C$DW$555, DW_AT_decl_file("D:\15_Delta\14. ANPC Converter\ANPC_3Layer\TMS320F280049C\device\
    6790                      .dwattr $C$DW$555, DW_AT_decl_line(0x25f)
    6791                      .dwattr $C$DW$555, DW_AT_decl_column(0x05)
TMS320C2000 Assembler PC v22.6.0 Mon Apr 21 09:03:31 2025

Copyright (c) 1996-2018 Texas Instruments Incorporated
hal_pwm_TMS320F280049C.asm                                           PAGE  130

    6792              
    6793              $C$DW$556       .dwtag  DW_TAG_enumerator
    6794                      .dwattr $C$DW$556, DW_AT_name("XBAR_INPUT_FLG_CLB4_OUT4")
    6795                      .dwattr $C$DW$556, DW_AT_const_value(0x316)
    6796                      .dwattr $C$DW$556, DW_AT_decl_file("D:\15_Delta\14. ANPC Converter\ANPC_3Layer\TMS320F280049C\device\
    6797                      .dwattr $C$DW$556, DW_AT_decl_line(0x260)
    6798                      .dwattr $C$DW$556, DW_AT_decl_column(0x05)
    6799              
    6800              $C$DW$557       .dwtag  DW_TAG_enumerator
    6801                      .dwattr $C$DW$557, DW_AT_name("XBAR_INPUT_FLG_CLB4_OUT5")
    6802                      .dwattr $C$DW$557, DW_AT_const_value(0x317)
    6803                      .dwattr $C$DW$557, DW_AT_decl_file("D:\15_Delta\14. ANPC Converter\ANPC_3Layer\TMS320F280049C\device\
    6804                      .dwattr $C$DW$557, DW_AT_decl_line(0x261)
    6805                      .dwattr $C$DW$557, DW_AT_decl_column(0x05)
    6806              
    6807              $C$DW$558       .dwtag  DW_TAG_enumerator
    6808                      .dwattr $C$DW$558, DW_AT_name("XBAR_INPUT_FLG_CLAHALT")
    6809                      .dwattr $C$DW$558, DW_AT_const_value(0x31f)
    6810                      .dwattr $C$DW$558, DW_AT_decl_file("D:\15_Delta\14. ANPC Converter\ANPC_3Layer\TMS320F280049C\device\
    6811                      .dwattr $C$DW$558, DW_AT_decl_line(0x262)
    6812                      .dwattr $C$DW$558, DW_AT_decl_column(0x05)
    6813              
    6814                      .dwattr $C$DW$T$79, DW_AT_decl_file("D:\15_Delta\14. ANPC Converter\ANPC_3Layer\TMS320F280049C\device
    6815                      .dwattr $C$DW$T$79, DW_AT_decl_line(0x1f5)
    6816                      .dwattr $C$DW$T$79, DW_AT_decl_column(0x01)
    6817                      .dwendtag $C$DW$T$79
    6818              
    6819                      .dwendtag $C$DW$TU$79
    6820              
    6821              
    6822              $C$DW$TU$80     .dwtag  DW_TAG_type_unit
    6823                      .dwmtype  $C$DW$T$80
    6824              $C$DW$T$80      .dwtag  DW_TAG_typedef
    6825                      .dwattr $C$DW$T$80, DW_AT_name("XBAR_InputFlag")
    6826                      .dwattr $C$DW$T$80, DW_AT_type(*$C$DW$T$79)
    6827                      .dwattr $C$DW$T$80, DW_AT_decl_file("D:\15_Delta\14. ANPC Converter\ANPC_3Layer\TMS320F280049C\device
    6828                      .dwattr $C$DW$T$80, DW_AT_decl_line(0x263)
    6829                      .dwattr $C$DW$T$80, DW_AT_decl_column(0x03)
    6830              
    6831                      .dwendtag $C$DW$TU$80
    6832              
    6833              
    6834              $C$DW$TU$2      .dwtag  DW_TAG_type_unit
    6835                      .dwmtype  $C$DW$T$2
    6836              $C$DW$T$2       .dwtag  DW_TAG_unspecified_type
    6837                      .dwattr $C$DW$T$2, DW_AT_name("void")
    6838              
    6839                      .dwendtag $C$DW$TU$2
    6840              
    6841              
    6842              $C$DW$TU$4      .dwtag  DW_TAG_type_unit
    6843                      .dwmtype  $C$DW$T$4
    6844              $C$DW$T$4       .dwtag  DW_TAG_base_type
    6845                      .dwattr $C$DW$T$4, DW_AT_encoding(DW_ATE_boolean)
    6846                      .dwattr $C$DW$T$4, DW_AT_name("bool")
TMS320C2000 Assembler PC v22.6.0 Mon Apr 21 09:03:31 2025

Copyright (c) 1996-2018 Texas Instruments Incorporated
hal_pwm_TMS320F280049C.asm                                           PAGE  131

    6847                      .dwattr $C$DW$T$4, DW_AT_byte_size(0x01)
    6848              
    6849                      .dwendtag $C$DW$TU$4
    6850              
    6851              
    6852              $C$DW$TU$5      .dwtag  DW_TAG_type_unit
    6853                      .dwmtype  $C$DW$T$5
    6854              $C$DW$T$5       .dwtag  DW_TAG_base_type
    6855                      .dwattr $C$DW$T$5, DW_AT_encoding(DW_ATE_signed_char)
    6856                      .dwattr $C$DW$T$5, DW_AT_name("signed char")
    6857                      .dwattr $C$DW$T$5, DW_AT_byte_size(0x01)
    6858              
    6859                      .dwendtag $C$DW$TU$5
    6860              
    6861              
    6862              $C$DW$TU$6      .dwtag  DW_TAG_type_unit
    6863                      .dwmtype  $C$DW$T$6
    6864              $C$DW$T$6       .dwtag  DW_TAG_base_type
    6865                      .dwattr $C$DW$T$6, DW_AT_encoding(DW_ATE_unsigned_char)
    6866                      .dwattr $C$DW$T$6, DW_AT_name("unsigned char")
    6867                      .dwattr $C$DW$T$6, DW_AT_byte_size(0x01)
    6868              
    6869                      .dwendtag $C$DW$TU$6
    6870              
    6871              
    6872              $C$DW$TU$7      .dwtag  DW_TAG_type_unit
    6873                      .dwmtype  $C$DW$T$7
    6874              $C$DW$T$7       .dwtag  DW_TAG_base_type
    6875                      .dwattr $C$DW$T$7, DW_AT_encoding(DW_ATE_signed_char)
    6876                      .dwattr $C$DW$T$7, DW_AT_name("wchar_t")
    6877                      .dwattr $C$DW$T$7, DW_AT_byte_size(0x02)
    6878              
    6879                      .dwendtag $C$DW$TU$7
    6880              
    6881              
    6882              $C$DW$TU$8      .dwtag  DW_TAG_type_unit
    6883                      .dwmtype  $C$DW$T$8
    6884              $C$DW$T$8       .dwtag  DW_TAG_base_type
    6885                      .dwattr $C$DW$T$8, DW_AT_encoding(DW_ATE_signed)
    6886                      .dwattr $C$DW$T$8, DW_AT_name("short")
    6887                      .dwattr $C$DW$T$8, DW_AT_byte_size(0x01)
    6888              
    6889                      .dwendtag $C$DW$TU$8
    6890              
    6891              
    6892              $C$DW$TU$9      .dwtag  DW_TAG_type_unit
    6893                      .dwmtype  $C$DW$T$9
    6894              $C$DW$T$9       .dwtag  DW_TAG_base_type
    6895                      .dwattr $C$DW$T$9, DW_AT_encoding(DW_ATE_unsigned)
    6896                      .dwattr $C$DW$T$9, DW_AT_name("unsigned short")
    6897                      .dwattr $C$DW$T$9, DW_AT_byte_size(0x01)
    6898              
    6899                      .dwendtag $C$DW$TU$9
    6900              
    6901              
TMS320C2000 Assembler PC v22.6.0 Mon Apr 21 09:03:31 2025

Copyright (c) 1996-2018 Texas Instruments Incorporated
hal_pwm_TMS320F280049C.asm                                           PAGE  132

    6902              $C$DW$TU$10     .dwtag  DW_TAG_type_unit
    6903                      .dwmtype  $C$DW$T$10
    6904              $C$DW$T$10      .dwtag  DW_TAG_base_type
    6905                      .dwattr $C$DW$T$10, DW_AT_encoding(DW_ATE_signed)
    6906                      .dwattr $C$DW$T$10, DW_AT_name("int")
    6907                      .dwattr $C$DW$T$10, DW_AT_byte_size(0x01)
    6908              
    6909                      .dwendtag $C$DW$TU$10
    6910              
    6911              
    6912              $C$DW$TU$11     .dwtag  DW_TAG_type_unit
    6913                      .dwmtype  $C$DW$T$11
    6914              $C$DW$T$11      .dwtag  DW_TAG_base_type
    6915                      .dwattr $C$DW$T$11, DW_AT_encoding(DW_ATE_unsigned)
    6916                      .dwattr $C$DW$T$11, DW_AT_name("unsigned int")
    6917                      .dwattr $C$DW$T$11, DW_AT_byte_size(0x01)
    6918              
    6919                      .dwendtag $C$DW$TU$11
    6920              
    6921              
    6922              $C$DW$TU$85     .dwtag  DW_TAG_type_unit
    6923                      .dwmtype  $C$DW$T$85
    6924              $C$DW$T$85      .dwtag  DW_TAG_typedef
    6925                      .dwattr $C$DW$T$85, DW_AT_name("__uint16_t")
    6926                      .dwattr $C$DW$T$85, DW_AT_type(*$C$DW$T$11)
    6927                      .dwattr $C$DW$T$85, DW_AT_decl_file("C:/ti/ccs1210/ccs/tools/compiler/ti-cgt-c2000_22.6.0.LTS/include
    6928                      .dwattr $C$DW$T$85, DW_AT_decl_line(0x41)
    6929                      .dwattr $C$DW$T$85, DW_AT_decl_column(0x1c)
    6930              
    6931                      .dwendtag $C$DW$TU$85
    6932              
    6933              
    6934              $C$DW$TU$86     .dwtag  DW_TAG_type_unit
    6935                      .dwmtype  $C$DW$T$86
    6936              $C$DW$T$86      .dwtag  DW_TAG_typedef
    6937                      .dwattr $C$DW$T$86, DW_AT_name("uint16_t")
    6938                      .dwattr $C$DW$T$86, DW_AT_type(*$C$DW$T$85)
    6939                      .dwattr $C$DW$T$86, DW_AT_decl_file("C:/ti/ccs1210/ccs/tools/compiler/ti-cgt-c2000_22.6.0.LTS/include
    6940                      .dwattr $C$DW$T$86, DW_AT_decl_line(0x41)
    6941                      .dwattr $C$DW$T$86, DW_AT_decl_column(0x15)
    6942              
    6943                      .dwendtag $C$DW$TU$86
    6944              
    6945              
    6946              $C$DW$TU$126    .dwtag  DW_TAG_type_unit
    6947                      .dwmtype  $C$DW$T$126
    6948              $C$DW$559       .dwtag  DW_TAG_TI_far_type
    6949                      .dwattr $C$DW$559, DW_AT_type(*$C$DW$T$86)
    6950              
    6951              $C$DW$T$126     .dwtag  DW_TAG_const_type
    6952                      .dwattr $C$DW$T$126, DW_AT_type(*$C$DW$559)
    6953              
    6954                      .dwendtag $C$DW$TU$126
    6955              
    6956              
TMS320C2000 Assembler PC v22.6.0 Mon Apr 21 09:03:31 2025

Copyright (c) 1996-2018 Texas Instruments Incorporated
hal_pwm_TMS320F280049C.asm                                           PAGE  133

    6957              $C$DW$TU$12     .dwtag  DW_TAG_type_unit
    6958                      .dwmtype  $C$DW$T$12
    6959              $C$DW$T$12      .dwtag  DW_TAG_base_type
    6960                      .dwattr $C$DW$T$12, DW_AT_encoding(DW_ATE_signed)
    6961                      .dwattr $C$DW$T$12, DW_AT_name("long")
    6962                      .dwattr $C$DW$T$12, DW_AT_byte_size(0x02)
    6963              
    6964                      .dwendtag $C$DW$TU$12
    6965              
    6966              
    6967              $C$DW$TU$13     .dwtag  DW_TAG_type_unit
    6968                      .dwmtype  $C$DW$T$13
    6969              $C$DW$T$13      .dwtag  DW_TAG_base_type
    6970                      .dwattr $C$DW$T$13, DW_AT_encoding(DW_ATE_unsigned)
    6971                      .dwattr $C$DW$T$13, DW_AT_name("unsigned long")
    6972                      .dwattr $C$DW$T$13, DW_AT_byte_size(0x02)
    6973              
    6974                      .dwendtag $C$DW$TU$13
    6975              
    6976              
    6977              $C$DW$TU$83     .dwtag  DW_TAG_type_unit
    6978                      .dwmtype  $C$DW$T$83
    6979              $C$DW$T$83      .dwtag  DW_TAG_typedef
    6980                      .dwattr $C$DW$T$83, DW_AT_name("__uint32_t")
    6981                      .dwattr $C$DW$T$83, DW_AT_type(*$C$DW$T$13)
    6982                      .dwattr $C$DW$T$83, DW_AT_decl_file("C:/ti/ccs1210/ccs/tools/compiler/ti-cgt-c2000_22.6.0.LTS/include
    6983                      .dwattr $C$DW$T$83, DW_AT_decl_line(0x43)
    6984                      .dwattr $C$DW$T$83, DW_AT_decl_column(0x1c)
    6985              
    6986                      .dwendtag $C$DW$TU$83
    6987              
    6988              
    6989              $C$DW$TU$84     .dwtag  DW_TAG_type_unit
    6990                      .dwmtype  $C$DW$T$84
    6991              $C$DW$T$84      .dwtag  DW_TAG_typedef
    6992                      .dwattr $C$DW$T$84, DW_AT_name("uint32_t")
    6993                      .dwattr $C$DW$T$84, DW_AT_type(*$C$DW$T$83)
    6994                      .dwattr $C$DW$T$84, DW_AT_decl_file("C:/ti/ccs1210/ccs/tools/compiler/ti-cgt-c2000_22.6.0.LTS/include
    6995                      .dwattr $C$DW$T$84, DW_AT_decl_line(0x46)
    6996                      .dwattr $C$DW$T$84, DW_AT_decl_column(0x15)
    6997              
    6998                      .dwendtag $C$DW$TU$84
    6999              
    7000              
    7001              $C$DW$TU$130    .dwtag  DW_TAG_type_unit
    7002                      .dwmtype  $C$DW$T$130
    7003              $C$DW$560       .dwtag  DW_TAG_TI_far_type
    7004                      .dwattr $C$DW$560, DW_AT_type(*$C$DW$T$84)
    7005              
    7006              $C$DW$T$130     .dwtag  DW_TAG_const_type
    7007                      .dwattr $C$DW$T$130, DW_AT_type(*$C$DW$560)
    7008              
    7009                      .dwendtag $C$DW$TU$130
    7010              
    7011              
TMS320C2000 Assembler PC v22.6.0 Mon Apr 21 09:03:31 2025

Copyright (c) 1996-2018 Texas Instruments Incorporated
hal_pwm_TMS320F280049C.asm                                           PAGE  134

    7012              $C$DW$TU$14     .dwtag  DW_TAG_type_unit
    7013                      .dwmtype  $C$DW$T$14
    7014              $C$DW$T$14      .dwtag  DW_TAG_base_type
    7015                      .dwattr $C$DW$T$14, DW_AT_encoding(DW_ATE_signed)
    7016                      .dwattr $C$DW$T$14, DW_AT_name("long long")
    7017                      .dwattr $C$DW$T$14, DW_AT_byte_size(0x04)
    7018              
    7019                      .dwendtag $C$DW$TU$14
    7020              
    7021              
    7022              $C$DW$TU$15     .dwtag  DW_TAG_type_unit
    7023                      .dwmtype  $C$DW$T$15
    7024              $C$DW$T$15      .dwtag  DW_TAG_base_type
    7025                      .dwattr $C$DW$T$15, DW_AT_encoding(DW_ATE_unsigned)
    7026                      .dwattr $C$DW$T$15, DW_AT_name("unsigned long long")
    7027                      .dwattr $C$DW$T$15, DW_AT_byte_size(0x04)
    7028              
    7029                      .dwendtag $C$DW$TU$15
    7030              
    7031              
    7032              $C$DW$TU$16     .dwtag  DW_TAG_type_unit
    7033                      .dwmtype  $C$DW$T$16
    7034              $C$DW$T$16      .dwtag  DW_TAG_base_type
    7035                      .dwattr $C$DW$T$16, DW_AT_encoding(DW_ATE_float)
    7036                      .dwattr $C$DW$T$16, DW_AT_name("float")
    7037                      .dwattr $C$DW$T$16, DW_AT_byte_size(0x02)
    7038              
    7039                      .dwendtag $C$DW$TU$16
    7040              
    7041              
    7042              $C$DW$TU$133    .dwtag  DW_TAG_type_unit
    7043                      .dwmtype  $C$DW$T$133
    7044              $C$DW$561       .dwtag  DW_TAG_TI_far_type
    7045                      .dwattr $C$DW$561, DW_AT_type(*$C$DW$T$16)
    7046              
    7047              $C$DW$T$133     .dwtag  DW_TAG_const_type
    7048                      .dwattr $C$DW$T$133, DW_AT_type(*$C$DW$561)
    7049              
    7050                      .dwendtag $C$DW$TU$133
    7051              
    7052              
    7053              $C$DW$TU$17     .dwtag  DW_TAG_type_unit
    7054                      .dwmtype  $C$DW$T$17
    7055              $C$DW$T$17      .dwtag  DW_TAG_base_type
    7056                      .dwattr $C$DW$T$17, DW_AT_encoding(DW_ATE_float)
    7057                      .dwattr $C$DW$T$17, DW_AT_name("double")
    7058                      .dwattr $C$DW$T$17, DW_AT_byte_size(0x04)
    7059              
    7060                      .dwendtag $C$DW$TU$17
    7061              
    7062              
    7063              $C$DW$TU$134    .dwtag  DW_TAG_type_unit
    7064                      .dwmtype  $C$DW$T$134
    7065              $C$DW$T$134     .dwtag  DW_TAG_pointer_type
    7066                      .dwattr $C$DW$T$134, DW_AT_type(*$C$DW$T$17)
TMS320C2000 Assembler PC v22.6.0 Mon Apr 21 09:03:31 2025

Copyright (c) 1996-2018 Texas Instruments Incorporated
hal_pwm_TMS320F280049C.asm                                           PAGE  135

    7067                      .dwattr $C$DW$T$134, DW_AT_address_class(0x20)
    7068              
    7069                      .dwendtag $C$DW$TU$134
    7070              
    7071              
    7072              $C$DW$TU$135    .dwtag  DW_TAG_type_unit
    7073                      .dwmtype  $C$DW$T$135
    7074              $C$DW$562       .dwtag  DW_TAG_TI_far_type
    7075                      .dwattr $C$DW$562, DW_AT_type(*$C$DW$T$134)
    7076              
    7077              $C$DW$T$135     .dwtag  DW_TAG_const_type
    7078                      .dwattr $C$DW$T$135, DW_AT_type(*$C$DW$562)
    7079              
    7080                      .dwendtag $C$DW$TU$135
    7081              
    7082              
    7083              $C$DW$TU$18     .dwtag  DW_TAG_type_unit
    7084                      .dwmtype  $C$DW$T$18
    7085              $C$DW$T$18      .dwtag  DW_TAG_base_type
    7086                      .dwattr $C$DW$T$18, DW_AT_encoding(DW_ATE_float)
    7087                      .dwattr $C$DW$T$18, DW_AT_name("long double")
    7088                      .dwattr $C$DW$T$18, DW_AT_byte_size(0x04)
    7089              
    7090                      .dwendtag $C$DW$TU$18
    7091              
    7092              
    7093              $C$DW$TU$136    .dwtag  DW_TAG_type_unit
    7094                      .dwmtype  $C$DW$T$136
    7095              $C$DW$T$136     .dwtag  DW_TAG_pointer_type
    7096                      .dwattr $C$DW$T$136, DW_AT_type(*$C$DW$T$18)
    7097                      .dwattr $C$DW$T$136, DW_AT_address_class(0x20)
    7098              
    7099                      .dwendtag $C$DW$TU$136
    7100              
    7101              
    7102              $C$DW$TU$137    .dwtag  DW_TAG_type_unit
    7103                      .dwmtype  $C$DW$T$137
    7104              $C$DW$563       .dwtag  DW_TAG_TI_far_type
    7105                      .dwattr $C$DW$563, DW_AT_type(*$C$DW$T$136)
    7106              
    7107              $C$DW$T$137     .dwtag  DW_TAG_const_type
    7108                      .dwattr $C$DW$T$137, DW_AT_type(*$C$DW$563)
    7109              
    7110                      .dwendtag $C$DW$TU$137
    7111              
    7112              
    7113              $C$DW$TU$100    .dwtag  DW_TAG_type_unit
    7114                      .dwmtype  $C$DW$T$100
    7115              $C$DW$T$100     .dwtag  DW_TAG_base_type
    7116                      .dwattr $C$DW$T$100, DW_AT_encoding(DW_ATE_unsigned_char)
    7117                      .dwattr $C$DW$T$100, DW_AT_name("unsigned char")
    7118                      .dwattr $C$DW$T$100, DW_AT_byte_size(0x01)
    7119              
    7120                      .dwendtag $C$DW$TU$100
    7121              
TMS320C2000 Assembler PC v22.6.0 Mon Apr 21 09:03:31 2025

Copyright (c) 1996-2018 Texas Instruments Incorporated
hal_pwm_TMS320F280049C.asm                                           PAGE  136


No Assembly Errors, No Assembly Warnings
