TMS320C2000 Assembler PC v22.6.2 Tue Nov 18 13:15:16 2025

Copyright (c) 1996-2018 Texas Instruments Incorporated
app_anpc_operation.asm                                               PAGE    1

       1              ;***************************************************************
       2              ;* TMS320C2000 G3 C/C++ Codegen                               PC v22.6.2.LTS *
       3              ;* Date/Time created: Tue Nov 18 13:15:16 2025                 *
       4              ;***************************************************************
       5                      .compiler_opts --abi=eabi --cla_support=cla2 --diag_wrap=off --float_support=fpu32 --hll_source=on --
       6                      .asg    XAR2, FP
       7              
       8              $C$DW$CU        .dwtag  DW_TAG_compile_unit
       9                      .dwattr $C$DW$CU, DW_AT_name("C:/SIMPLIS simulation/ANPC Final Version/anpc-3layer/Source/app/app_anp
      10                      .dwattr $C$DW$CU, DW_AT_producer("TI TMS320C2000 G3 C/C++ Codegen PC v22.6.2.LTS Copyright (c) 1996-2
      11                      .dwattr $C$DW$CU, DW_AT_TI_version(0x01)
      12                      .dwattr $C$DW$CU, DW_AT_comp_dir("C:\SIMPLIS simulation\ANPC Final Version\anpc-3layer\TMS320F280049C
      13              $C$DW$1 .dwtag  DW_TAG_variable
      14                      .dwattr $C$DW$1, DW_AT_name("StateFlag")
      15                      .dwattr $C$DW$1, DW_AT_linkage_name("StateFlag")
      16                      .dwattr $C$DW$1, DW_AT_type(*$C$DW$T$40)
      17                      .dwattr $C$DW$1, DW_AT_declaration
      18                      .dwattr $C$DW$1, DW_AT_external
      19                      .dwattr $C$DW$1, DW_AT_decl_file("C:\SIMPLIS simulation\ANPC Final Version\anpc-3layer\Source\app\app
      20                      .dwattr $C$DW$1, DW_AT_decl_line(0x3f)
      21                      .dwattr $C$DW$1, DW_AT_decl_column(0x19)
      22              
      23              
      24              $C$DW$2 .dwtag  DW_TAG_subprogram
      25                      .dwattr $C$DW$2, DW_AT_name("state_IsSoftStart")
      26                      .dwattr $C$DW$2, DW_AT_linkage_name("state_IsSoftStart")
      27                      .dwattr $C$DW$2, DW_AT_type(*$C$DW$T$61)
      28                      .dwattr $C$DW$2, DW_AT_declaration
      29                      .dwattr $C$DW$2, DW_AT_external
      30                      .dwattr $C$DW$2, DW_AT_decl_file("C:\SIMPLIS simulation\ANPC Final Version\anpc-3layer\Source\app\app
      31                      .dwattr $C$DW$2, DW_AT_decl_line(0x4e)
      32                      .dwattr $C$DW$2, DW_AT_decl_column(0x06)
      33                      .dwendtag $C$DW$2
      34              
      35              
      36              $C$DW$3 .dwtag  DW_TAG_subprogram
      37                      .dwattr $C$DW$3, DW_AT_name("state_IsNormalOperation")
      38                      .dwattr $C$DW$3, DW_AT_linkage_name("state_IsNormalOperation")
      39                      .dwattr $C$DW$3, DW_AT_type(*$C$DW$T$61)
      40                      .dwattr $C$DW$3, DW_AT_declaration
      41                      .dwattr $C$DW$3, DW_AT_external
      42                      .dwattr $C$DW$3, DW_AT_decl_file("C:\SIMPLIS simulation\ANPC Final Version\anpc-3layer\Source\app\app
      43                      .dwattr $C$DW$3, DW_AT_decl_line(0x4f)
      44                      .dwattr $C$DW$3, DW_AT_decl_column(0x06)
      45                      .dwendtag $C$DW$3
      46              
      47              $C$DW$4 .dwtag  DW_TAG_variable
      48                      .dwattr $C$DW$4, DW_AT_name("VICtrl")
      49                      .dwattr $C$DW$4, DW_AT_linkage_name("VICtrl")
      50                      .dwattr $C$DW$4, DW_AT_type(*$C$DW$T$39)
      51                      .dwattr $C$DW$4, DW_AT_declaration
      52                      .dwattr $C$DW$4, DW_AT_external
      53                      .dwattr $C$DW$4, DW_AT_decl_file("C:\SIMPLIS simulation\ANPC Final Version\anpc-3layer\Source\app\app
      54                      .dwattr $C$DW$4, DW_AT_decl_line(0x107)
      55                      .dwattr $C$DW$4, DW_AT_decl_column(0x16)
TMS320C2000 Assembler PC v22.6.2 Tue Nov 18 13:15:16 2025

Copyright (c) 1996-2018 Texas Instruments Incorporated
app_anpc_operation.asm                                               PAGE    2

      56              
      57              $C$DW$5 .dwtag  DW_TAG_variable
      58                      .dwattr $C$DW$5, DW_AT_name("PhyValue")
      59                      .dwattr $C$DW$5, DW_AT_linkage_name("PhyValue")
      60                      .dwattr $C$DW$5, DW_AT_type(*$C$DW$T$38)
      61                      .dwattr $C$DW$5, DW_AT_declaration
      62                      .dwattr $C$DW$5, DW_AT_external
      63                      .dwattr $C$DW$5, DW_AT_decl_file("C:\SIMPLIS simulation\ANPC Final Version\anpc-3layer\Source\app\app
      64                      .dwattr $C$DW$5, DW_AT_decl_line(0x9b)
      65                      .dwattr $C$DW$5, DW_AT_decl_column(0x1d)
      66              
      67              ;       C:\ti\ccs2030\ccs\tools\compiler\ti-cgt-c2000_22.6.2.LTS\bin\opt2000.exe C:\\Users\\justs\\AppData\\L
      68              ;       C:\ti\ccs2030\ccs\tools\compiler\ti-cgt-c2000_22.6.2.LTS\bin\acia2000.exe -@C:\\Users\\justs\\AppData
      69 00000000               .sect   ".text"
      70                      .clink
      71                      .global ||anpc_Vbus_PIControl_Change||
      72              
      73              $C$DW$6 .dwtag  DW_TAG_subprogram
      74                      .dwattr $C$DW$6, DW_AT_name("anpc_Vbus_PIControl_Change")
      75                      .dwattr $C$DW$6, DW_AT_low_pc(||anpc_Vbus_PIControl_Change||)
      76                      .dwattr $C$DW$6, DW_AT_high_pc(0x00)
      77                      .dwattr $C$DW$6, DW_AT_linkage_name("anpc_Vbus_PIControl_Change")
      78                      .dwattr $C$DW$6, DW_AT_external
      79                      .dwattr $C$DW$6, DW_AT_decl_file("C:/SIMPLIS simulation/ANPC Final Version/anpc-3layer/Source/app/app
      80                      .dwattr $C$DW$6, DW_AT_decl_line(0x67)
      81                      .dwattr $C$DW$6, DW_AT_decl_column(0x06)
      82                      .dwattr $C$DW$6, DW_AT_TI_max_frame_size(-4)
      83                      .dwpsn  file "C:/SIMPLIS simulation/ANPC Final Version/anpc-3layer/Source/app/app_anpc_operation.c",l
      84              
      85                      .dwfde $C$DW$CIE, ||anpc_Vbus_PIControl_Change||
      86              
      87              ;***************************************************************
      88              ;* FNAME: anpc_Vbus_PIControl_Change    FR SIZE:   2           *
      89              ;*                                                             *
      90              ;* FUNCTION ENVIRONMENT                                        *
      91              ;*                                                             *
      92              ;* FUNCTION PROPERTIES                                         *
      93              ;*                            2 Parameter,  0 Auto,  0 SOE     *
      94              ;***************************************************************
      95              
      96 00000000       ||anpc_Vbus_PIControl_Change||:
      97              ;* R0    assigned to $O$C1
      98                      .dwcfi  cfa_offset, -2
      99                      .dwcfi  save_reg_to_mem, 26, 0
     100 00000000 FE02          ADDB      SP,#2                 ; [CPU_ARAU] 
     101                      .dwcfi  cfa_offset, -4
     102                      .dwpsn  file "C:/SIMPLIS simulation/ANPC Final Version/anpc-3layer/Source/app/app_anpc_operation.c",l
     103              $C$DW$7 .dwtag  DW_TAG_TI_branch
     104                      .dwattr $C$DW$7, DW_AT_low_pc(0x00)
     105                      .dwattr $C$DW$7, DW_AT_name("state_IsNormalOperation")
     106                      .dwattr $C$DW$7, DW_AT_TI_call
     107              
     108 00000001 7640!         LCR       #||state_IsNormalOperation|| ; [CPU_ALU] |105| 
         00000002 0000 
     109                      ; call occurs [#||state_IsNormalOperation||] ; [] |105| 
TMS320C2000 Assembler PC v22.6.2 Tue Nov 18 13:15:16 2025

Copyright (c) 1996-2018 Texas Instruments Incorporated
app_anpc_operation.asm                                               PAGE    3

     110 00000003 5200          CMPB      AL,#0                 ; [CPU_ALU] |105| 
     111 00000004 6123          B         ||$C$L4||,EQ          ; [CPU_ALU] |105| 
     112                      ; branchcc occurs ; [] |105| 
     113 00000005 761F!         MOVW      DP,#||PhyValue||+548  ; [CPU_ARAU] 
         00000006 0008 
     114                      .dwpsn  file "C:/SIMPLIS simulation/ANPC Final Version/anpc-3layer/Source/app/app_anpc_operation.c",l
     115 00000007 E2AF!         MOV32     R0H,@$BLOCKED(||PhyValue||)+548 ; [CPU_FPU] |107| 
         00000008 0024 
     116 00000009 E8B1          ADDF32    R0H,R0H,#50248        ; [CPU_FPU] |107| 
         0000000a 1200 
     117 0000000b 7700          NOP       ; [CPU_ALU] 
     118 0000000c E812          CMPF32    R0H,#16672            ; [CPU_FPU] |107| 
         0000000d 0900 
     119 0000000e AD14          MOVST0    ZF, NF                ; [CPU_FPU] |107| 
     120 0000000f 6210          B         ||$C$L2||,GT          ; [CPU_ALU] |107| 
     121                      ; branchcc occurs ; [] |107| 
     122 00000010 E816          CMPF32    R0H,#49440            ; [CPU_FPU] |107| 
         00000011 0900 
     123 00000012 AD14          MOVST0    ZF, NF                ; [CPU_FPU] |107| 
     124 00000013 640C          B         ||$C$L2||,LT          ; [CPU_ALU] |107| 
     125                      ; branchcc occurs ; [] |107| 
     126                      .dwpsn  file "C:/SIMPLIS simulation/ANPC Final Version/anpc-3layer/Source/app/app_anpc_operation.c",l
     127 00000014 E812          CMPF32    R0H,#16640            ; [CPU_FPU] |112| 
         00000015 0800 
     128 00000016 AD14          MOVST0    ZF, NF                ; [CPU_FPU] |112| 
     129 00000017 6405          B         ||$C$L1||,LT          ; [CPU_ALU] |112| 
     130                      ; branchcc occurs ; [] |112| 
     131 00000018 E816          CMPF32    R0H,#49408            ; [CPU_FPU] |112| 
         00000019 0800 
     132 0000001a AD14          MOVST0    ZF, NF                ; [CPU_FPU] |112| 
     133 0000001b 630C          B         ||$C$L4||,GEQ         ; [CPU_ALU] |112| 
     134                      ; branchcc occurs ; [] |112| 
     135 0000001c       ||$C$L1||:    
     136                      .dwpsn  file "C:/SIMPLIS simulation/ANPC Final Version/anpc-3layer/Source/app/app_anpc_operation.c",l
     137 0000001c E801          MOVIZ     R0H,#15692            ; [CPU_FPU] |115| 
         0000001d EA60 
     138 0000001e 6F03          B         ||$C$L3||,UNC         ; [CPU_ALU] |115| 
     139                      ; branch occurs ; [] |115| 
     140 0000001f       ||$C$L2||:    
     141                      .dwpsn  file "C:/SIMPLIS simulation/ANPC Final Version/anpc-3layer/Source/app/app_anpc_operation.c",l
     142 0000001f E801          MOVIZ     R0H,#15948            ; [CPU_FPU] |110| 
         00000020 F260 
     143 00000021       ||$C$L3||:    
     144 00000021 E80E          MOVXI     R0H,#52429            ; [CPU_FPU] |110| 
         00000022 6668 
     145 00000023 761F!         MOVW      DP,#||VICtrl||+4      ; [CPU_ARAU] 
         00000024 0000 
     146 00000025 E203!         MOV32     @$BLOCKED(||VICtrl||)+4,R0H ; [CPU_FPU] |110| 
         00000026 0004 
     147 00000027       ||$C$L4||:    
     148 00000027 FE82          SUBB      SP,#2                 ; [CPU_ARAU] 
     149                      .dwcfi  cfa_offset, -2
     150              $C$DW$8 .dwtag  DW_TAG_TI_branch
     151                      .dwattr $C$DW$8, DW_AT_low_pc(0x00)
     152                      .dwattr $C$DW$8, DW_AT_TI_return
TMS320C2000 Assembler PC v22.6.2 Tue Nov 18 13:15:16 2025

Copyright (c) 1996-2018 Texas Instruments Incorporated
app_anpc_operation.asm                                               PAGE    4

     153              
     154 00000028 0006          LRETR     ; [CPU_ALU] 
     155                      ; return occurs ; [] 
     156                      .dwattr $C$DW$6, DW_AT_TI_end_file("C:/SIMPLIS simulation/ANPC Final Version/anpc-3layer/Source/app/a
     157                      .dwattr $C$DW$6, DW_AT_TI_end_line(0x76)
     158                      .dwattr $C$DW$6, DW_AT_TI_end_column(0x01)
     159                      .dwendentry
     160                      .dwendtag $C$DW$6
     161              
     162 00000029               .sect   ".text"
     163                      .clink
     164                      .global ||anpc_SoftStart_VbusAdjustment||
     165              
     166              $C$DW$9 .dwtag  DW_TAG_subprogram
     167                      .dwattr $C$DW$9, DW_AT_name("anpc_SoftStart_VbusAdjustment")
     168                      .dwattr $C$DW$9, DW_AT_low_pc(||anpc_SoftStart_VbusAdjustment||)
     169                      .dwattr $C$DW$9, DW_AT_high_pc(0x00)
     170                      .dwattr $C$DW$9, DW_AT_linkage_name("anpc_SoftStart_VbusAdjustment")
     171                      .dwattr $C$DW$9, DW_AT_external
     172                      .dwattr $C$DW$9, DW_AT_decl_file("C:/SIMPLIS simulation/ANPC Final Version/anpc-3layer/Source/app/app
     173                      .dwattr $C$DW$9, DW_AT_decl_line(0x22)
     174                      .dwattr $C$DW$9, DW_AT_decl_column(0x06)
     175                      .dwattr $C$DW$9, DW_AT_TI_max_frame_size(-4)
     176                      .dwpsn  file "C:/SIMPLIS simulation/ANPC Final Version/anpc-3layer/Source/app/app_anpc_operation.c",l
     177              
     178                      .dwfde $C$DW$CIE, ||anpc_SoftStart_VbusAdjustment||
     179              
     180              ;***************************************************************
     181              ;* FNAME: anpc_SoftStart_VbusAdjustment FR SIZE:   2           *
     182              ;*                                                             *
     183              ;* FUNCTION ENVIRONMENT                                        *
     184              ;*                                                             *
     185              ;* FUNCTION PROPERTIES                                         *
     186              ;*                            2 Parameter,  0 Auto,  0 SOE     *
     187              ;***************************************************************
     188              
     189 00000029       ||anpc_SoftStart_VbusAdjustment||:
     190              ;* R2    assigned to $O$C1
     191              ;* R1    assigned to $O$C2
     192              ;* R3    assigned to $O$v1
     193                      .dwcfi  cfa_offset, -2
     194                      .dwcfi  save_reg_to_mem, 26, 0
     195 00000029 FE02          ADDB      SP,#2                 ; [CPU_ARAU] 
     196                      .dwcfi  cfa_offset, -4
     197                      .dwpsn  file "C:/SIMPLIS simulation/ANPC Final Version/anpc-3layer/Source/app/app_anpc_operation.c",l
     198              $C$DW$10        .dwtag  DW_TAG_TI_branch
     199                      .dwattr $C$DW$10, DW_AT_low_pc(0x00)
     200                      .dwattr $C$DW$10, DW_AT_name("state_IsSoftStart")
     201                      .dwattr $C$DW$10, DW_AT_TI_call
     202              
     203 0000002a 7640!         LCR       #||state_IsSoftStart|| ; [CPU_ALU] |37| 
         0000002b 0000 
     204                      ; call occurs [#||state_IsSoftStart||] ; [] |37| 
     205 0000002c 5200          CMPB      AL,#0                 ; [CPU_ALU] |37| 
     206 0000002d 6131          B         ||$C$L8||,EQ          ; [CPU_ALU] |37| 
TMS320C2000 Assembler PC v22.6.2 Tue Nov 18 13:15:16 2025

Copyright (c) 1996-2018 Texas Instruments Incorporated
app_anpc_operation.asm                                               PAGE    5

     207                      ; branchcc occurs ; [] |37| 
     208 0000002e 761F!         MOVW      DP,#||StateFlag||     ; [CPU_ARAU] 
         0000002f 0000 
     209 00000030 4200!         TBIT      @||StateFlag||,#2     ; [CPU_ALU] |37| 
     210 00000031 6C2D          B         ||$C$L8||,NTC         ; [CPU_ALU] |37| 
     211                      ; branchcc occurs ; [] |37| 
     212 00000032 761F!         MOVW      DP,#||VICtrl||+2      ; [CPU_ARAU] 
         00000033 0000 
     213                      .dwpsn  file "C:/SIMPLIS simulation/ANPC Final Version/anpc-3layer/Source/app/app_anpc_operation.c",l
     214 00000034 E801          MOVIZ     R0H,#15820            ; [CPU_FPU] |39| 
         00000035 EE60 
     215 00000036 E2AF!         MOV32     R3H,@$BLOCKED(||VICtrl||)+2 ; [CPU_FPU] |39| 
         00000037 0302 
     216 00000038 E2AF!         MOV32     R2H,@$BLOCKED(||VICtrl||) ; [CPU_FPU] |39| 
         00000039 0200 
     217 0000003a E720          SUBF32    R1H,R2H,R3H           ; [CPU_FPU] |39| 
         0000003b 00D1 
     218 0000003c E80E          MOVXI     R0H,#52429            ; [CPU_FPU] |39| 
         0000003d 6668 
     219 0000003e E694          CMPF32    R1H,R0H               ; [CPU_FPU] |39| 
         0000003f 0001 
     220 00000040 AD14          MOVST0    ZF, NF                ; [CPU_FPU] |39| 
     221 00000041 6213          B         ||$C$L6||,GT          ; [CPU_ALU] |39| 
     222                      ; branchcc occurs ; [] |39| 
     223                      .dwpsn  file "C:/SIMPLIS simulation/ANPC Final Version/anpc-3layer/Source/app/app_anpc_operation.c",l
     224 00000042 E805          MOVIZ     R0H,#48588            ; [CPU_FPU] |43| 
         00000043 EE60 
     225 00000044 E80E          MOVXI     R0H,#52429            ; [CPU_FPU] |43| 
         00000045 6668 
     226 00000046 E694          CMPF32    R1H,R0H               ; [CPU_FPU] |43| 
         00000047 0001 
     227 00000048 AD14          MOVST0    ZF, NF                ; [CPU_FPU] |43| 
     228 00000049 6404          B         ||$C$L5||,LT          ; [CPU_ALU] |43| 
     229                      ; branchcc occurs ; [] |43| 
     230                      .dwpsn  file "C:/SIMPLIS simulation/ANPC Final Version/anpc-3layer/Source/app/app_anpc_operation.c",l
     231 0000004a E203!         MOV32     @$BLOCKED(||VICtrl||)+2,R2H ; [CPU_FPU] |49| 
         0000004b 0202 
     232 0000004c 6F12          B         ||$C$L8||,UNC         ; [CPU_ALU] |49| 
     233                      ; branch occurs ; [] |49| 
     234 0000004d       ||$C$L5||:    
     235                      .dwpsn  file "C:/SIMPLIS simulation/ANPC Final Version/anpc-3layer/Source/app/app_anpc_operation.c",l
     236 0000004d E801          MOVIZ     R0H,#15820            ; [CPU_FPU] |45| 
         0000004e EE60 
     237 0000004f E80E          MOVXI     R0H,#52429            ; [CPU_FPU] |45| 
         00000050 6668 
     238 00000051 E720          SUBF32    R3H,R3H,R0H           ; [CPU_FPU] |45| 
         00000052 001B 
     239 00000053 6F09          B         ||$C$L7||,UNC         ; [CPU_ALU] 
     240                      ; branch occurs ; [] 
     241 00000054       ||$C$L6||:    
     242                      .dwpsn  file "C:/SIMPLIS simulation/ANPC Final Version/anpc-3layer/Source/app/app_anpc_operation.c",l
     243 00000054 E801          MOVIZ     R2H,#15820            ; [CPU_FPU] |41| 
         00000055 EE62 
     244 00000056 E80E          MOVXI     R2H,#52429            ; [CPU_FPU] |41| 
         00000057 666A 
TMS320C2000 Assembler PC v22.6.2 Tue Nov 18 13:15:16 2025

Copyright (c) 1996-2018 Texas Instruments Incorporated
app_anpc_operation.asm                                               PAGE    6

     245 00000058 E710          ADDF32    R3H,R3H,R2H           ; [CPU_FPU] |41| 
         00000059 009B 
     246 0000005a 7700          NOP       ; [CPU_ALU] 
     247 0000005b 7700          NOP       ; [CPU_ALU] 
     248 0000005c       ||$C$L7||:    
     249 0000005c E203!         MOV32     @$BLOCKED(||VICtrl||)+2,R3H ; [CPU_FPU] |41| 
         0000005d 0302 
     250 0000005e       ||$C$L8||:    
     251 0000005e FE82          SUBB      SP,#2                 ; [CPU_ARAU] 
     252                      .dwcfi  cfa_offset, -2
     253              $C$DW$11        .dwtag  DW_TAG_TI_branch
     254                      .dwattr $C$DW$11, DW_AT_low_pc(0x00)
     255                      .dwattr $C$DW$11, DW_AT_TI_return
     256              
     257 0000005f 0006          LRETR     ; [CPU_ALU] 
     258                      ; return occurs ; [] 
     259                      .dwattr $C$DW$9, DW_AT_TI_end_file("C:/SIMPLIS simulation/ANPC Final Version/anpc-3layer/Source/app/a
     260                      .dwattr $C$DW$9, DW_AT_TI_end_line(0x35)
     261                      .dwattr $C$DW$9, DW_AT_TI_end_column(0x01)
     262                      .dwendentry
     263                      .dwendtag $C$DW$9
     264              
     265 00000060               .sect   ".text"
     266                      .clink
     267                      .global ||anpc_SoftStart_ConstantCurrent||
     268              
     269              $C$DW$12        .dwtag  DW_TAG_subprogram
     270                      .dwattr $C$DW$12, DW_AT_name("anpc_SoftStart_ConstantCurrent")
     271                      .dwattr $C$DW$12, DW_AT_low_pc(||anpc_SoftStart_ConstantCurrent||)
     272                      .dwattr $C$DW$12, DW_AT_high_pc(0x00)
     273                      .dwattr $C$DW$12, DW_AT_linkage_name("anpc_SoftStart_ConstantCurrent")
     274                      .dwattr $C$DW$12, DW_AT_external
     275                      .dwattr $C$DW$12, DW_AT_decl_file("C:/SIMPLIS simulation/ANPC Final Version/anpc-3layer/Source/app/ap
     276                      .dwattr $C$DW$12, DW_AT_decl_line(0x3a)
     277                      .dwattr $C$DW$12, DW_AT_decl_column(0x06)
     278                      .dwattr $C$DW$12, DW_AT_TI_max_frame_size(-2)
     279                      .dwpsn  file "C:/SIMPLIS simulation/ANPC Final Version/anpc-3layer/Source/app/app_anpc_operation.c",l
     280              
     281                      .dwfde $C$DW$CIE, ||anpc_SoftStart_ConstantCurrent||
     282              
     283              ;***************************************************************
     284              ;* FNAME: anpc_SoftStart_ConstantCurrent FR SIZE:   0           *
     285              ;*                                                             *
     286              ;* FUNCTION ENVIRONMENT                                        *
     287              ;*                                                             *
     288              ;* FUNCTION PROPERTIES                                         *
     289              ;*                            0 Parameter,  0 Auto,  0 SOE     *
     290              ;***************************************************************
     291              
     292 00000060       ||anpc_SoftStart_ConstantCurrent||:
     293                      .dwcfi  cfa_offset, -2
     294                      .dwcfi  save_reg_to_mem, 26, 0
     295                      .dwpsn  file "C:/SIMPLIS simulation/ANPC Final Version/anpc-3layer/Source/app/app_anpc_operation.c",l
     296              $C$DW$13        .dwtag  DW_TAG_TI_branch
     297                      .dwattr $C$DW$13, DW_AT_low_pc(0x00)
TMS320C2000 Assembler PC v22.6.2 Tue Nov 18 13:15:16 2025

Copyright (c) 1996-2018 Texas Instruments Incorporated
app_anpc_operation.asm                                               PAGE    7

     298                      .dwattr $C$DW$13, DW_AT_name("state_IsSoftStart")
     299                      .dwattr $C$DW$13, DW_AT_TI_call
     300              
     301 00000060 7640!         LCR       #||state_IsSoftStart|| ; [CPU_ALU] |60| 
         00000061 0000 
     302                      ; call occurs [#||state_IsSoftStart||] ; [] |60| 
     303 00000062 5200          CMPB      AL,#0                 ; [CPU_ALU] |60| 
     304 00000063 6119          B         ||$C$L9||,EQ          ; [CPU_ALU] |60| 
     305                      ; branchcc occurs ; [] |60| 
     306 00000064 761F!         MOVW      DP,#||StateFlag||     ; [CPU_ARAU] 
         00000065 0000 
     307 00000066 4200!         TBIT      @||StateFlag||,#2     ; [CPU_ALU] |60| 
     308 00000067 6C15          B         ||$C$L9||,NTC         ; [CPU_ALU] |60| 
     309                      ; branchcc occurs ; [] |60| 
     310 00000068 761F!         MOVW      DP,#||VICtrl||        ; [CPU_ARAU] 
         00000069 0000 
     311                      .dwpsn  file "C:/SIMPLIS simulation/ANPC Final Version/anpc-3layer/Source/app/app_anpc_operation.c",l
     312 0000006a E802          MOVIZ     R2H,#16384            ; [CPU_FPU] |70| 
         0000006b 0002 
     313                      .dwpsn  file "C:/SIMPLIS simulation/ANPC Final Version/anpc-3layer/Source/app/app_anpc_operation.c",l
     314 0000006c E802          MOVIZ     R1H,#16384            ; [CPU_FPU] |71| 
         0000006d 0001 
     315                      .dwpsn  file "C:/SIMPLIS simulation/ANPC Final Version/anpc-3layer/Source/app/app_anpc_operation.c",l
     316 0000006e 0600!         MOVL      ACC,@$BLOCKED(||VICtrl||) ; [CPU_ALU] |76| 
     317                      .dwpsn  file "C:/SIMPLIS simulation/ANPC Final Version/anpc-3layer/Source/app/app_anpc_operation.c",l
     318 0000006f E802          MOVIZ     R0H,#16384            ; [CPU_FPU] |72| 
         00000070 0000 
     319 00000071 761F!         MOVW      DP,#||VICtrl||+118    ; [CPU_ARAU] 
         00000072 0001 
     320                      .dwpsn  file "C:/SIMPLIS simulation/ANPC Final Version/anpc-3layer/Source/app/app_anpc_operation.c",l
     321 00000073 E203!         MOV32     @$BLOCKED(||VICtrl||)+118,R2H ; [CPU_FPU] |70| 
         00000074 0236 
     322                      .dwpsn  file "C:/SIMPLIS simulation/ANPC Final Version/anpc-3layer/Source/app/app_anpc_operation.c",l
     323 00000075 E203!         MOV32     @$BLOCKED(||VICtrl||)+120,R1H ; [CPU_FPU] |71| 
         00000076 0138 
     324                      .dwpsn  file "C:/SIMPLIS simulation/ANPC Final Version/anpc-3layer/Source/app/app_anpc_operation.c",l
     325 00000077 E203!         MOV32     @$BLOCKED(||VICtrl||)+122,R0H ; [CPU_FPU] |72| 
         00000078 003A 
     326 00000079 761F!         MOVW      DP,#||VICtrl||+2      ; [CPU_ARAU] 
         0000007a 0000 
     327                      .dwpsn  file "C:/SIMPLIS simulation/ANPC Final Version/anpc-3layer/Source/app/app_anpc_operation.c",l
     328 0000007b 1E02!         MOVL      @$BLOCKED(||VICtrl||)+2,ACC ; [CPU_ALU] |76| 
     329              ||$C$L9||:    
     330              $C$DW$14        .dwtag  DW_TAG_TI_branch
     331                      .dwattr $C$DW$14, DW_AT_low_pc(0x00)
     332                      .dwattr $C$DW$14, DW_AT_TI_return
     333              
     334 0000007c 0006          LRETR     ; [CPU_ALU] 
     335                      ; return occurs ; [] 
     336                      .dwattr $C$DW$12, DW_AT_TI_end_file("C:/SIMPLIS simulation/ANPC Final Version/anpc-3layer/Source/app/
     337                      .dwattr $C$DW$12, DW_AT_TI_end_line(0x4e)
     338                      .dwattr $C$DW$12, DW_AT_TI_end_column(0x01)
     339                      .dwendentry
     340                      .dwendtag $C$DW$12
     341              
TMS320C2000 Assembler PC v22.6.2 Tue Nov 18 13:15:16 2025

Copyright (c) 1996-2018 Texas Instruments Incorporated
app_anpc_operation.asm                                               PAGE    8

     342 0000007d               .sect   ".text"
     343                      .clink
     344                      .global ||anpc_ResetOperationVariables||
     345              
     346              $C$DW$15        .dwtag  DW_TAG_subprogram
     347                      .dwattr $C$DW$15, DW_AT_name("anpc_ResetOperationVariables")
     348                      .dwattr $C$DW$15, DW_AT_low_pc(||anpc_ResetOperationVariables||)
     349                      .dwattr $C$DW$15, DW_AT_high_pc(0x00)
     350                      .dwattr $C$DW$15, DW_AT_linkage_name("anpc_ResetOperationVariables")
     351                      .dwattr $C$DW$15, DW_AT_external
     352                      .dwattr $C$DW$15, DW_AT_decl_file("C:/SIMPLIS simulation/ANPC Final Version/anpc-3layer/Source/app/ap
     353                      .dwattr $C$DW$15, DW_AT_decl_line(0xf8)
     354                      .dwattr $C$DW$15, DW_AT_decl_column(0x06)
     355                      .dwattr $C$DW$15, DW_AT_TI_max_frame_size(-2)
     356                      .dwpsn  file "C:/SIMPLIS simulation/ANPC Final Version/anpc-3layer/Source/app/app_anpc_operation.c",l
     357              
     358                      .dwfde $C$DW$CIE, ||anpc_ResetOperationVariables||
     359              
     360              ;***************************************************************
     361              ;* FNAME: anpc_ResetOperationVariables  FR SIZE:   0           *
     362              ;*                                                             *
     363              ;* FUNCTION ENVIRONMENT                                        *
     364              ;*                                                             *
     365              ;* FUNCTION PROPERTIES                                         *
     366              ;*                            0 Parameter,  0 Auto,  0 SOE     *
     367              ;***************************************************************
     368              
     369 0000007d       ||anpc_ResetOperationVariables||:
     370                      .dwcfi  cfa_offset, -2
     371                      .dwcfi  save_reg_to_mem, 26, 0
     372              $C$DW$16        .dwtag  DW_TAG_TI_branch
     373                      .dwattr $C$DW$16, DW_AT_low_pc(0x00)
     374                      .dwattr $C$DW$16, DW_AT_TI_return
     375              
     376 0000007d 0006          LRETR     ; [CPU_ALU] 
     377                      ; return occurs ; [] 
     378                      .dwattr $C$DW$15, DW_AT_TI_end_file("C:/SIMPLIS simulation/ANPC Final Version/anpc-3layer/Source/app/
     379                      .dwattr $C$DW$15, DW_AT_TI_end_line(0xfb)
     380                      .dwattr $C$DW$15, DW_AT_TI_end_column(0x01)
     381                      .dwendentry
     382                      .dwendtag $C$DW$15
     383              
     384 0000007e               .sect   ".text"
     385                      .clink
     386                      .global ||anpc_Load_Judgment||
     387              
     388              $C$DW$17        .dwtag  DW_TAG_subprogram
     389                      .dwattr $C$DW$17, DW_AT_name("anpc_Load_Judgment")
     390                      .dwattr $C$DW$17, DW_AT_low_pc(||anpc_Load_Judgment||)
     391                      .dwattr $C$DW$17, DW_AT_high_pc(0x00)
     392                      .dwattr $C$DW$17, DW_AT_linkage_name("anpc_Load_Judgment")
     393                      .dwattr $C$DW$17, DW_AT_external
     394                      .dwattr $C$DW$17, DW_AT_decl_file("C:/SIMPLIS simulation/ANPC Final Version/anpc-3layer/Source/app/ap
     395                      .dwattr $C$DW$17, DW_AT_decl_line(0x53)
     396                      .dwattr $C$DW$17, DW_AT_decl_column(0x06)
TMS320C2000 Assembler PC v22.6.2 Tue Nov 18 13:15:16 2025

Copyright (c) 1996-2018 Texas Instruments Incorporated
app_anpc_operation.asm                                               PAGE    9

     397                      .dwattr $C$DW$17, DW_AT_TI_max_frame_size(-2)
     398                      .dwpsn  file "C:/SIMPLIS simulation/ANPC Final Version/anpc-3layer/Source/app/app_anpc_operation.c",l
     399              
     400                      .dwfde $C$DW$CIE, ||anpc_Load_Judgment||
     401              
     402              ;***************************************************************
     403              ;* FNAME: anpc_Load_Judgment            FR SIZE:   0           *
     404              ;*                                                             *
     405              ;* FUNCTION ENVIRONMENT                                        *
     406              ;*                                                             *
     407              ;* FUNCTION PROPERTIES                                         *
     408              ;*                            0 Parameter,  0 Auto,  0 SOE     *
     409              ;***************************************************************
     410              
     411 0000007e       ||anpc_Load_Judgment||:
     412                      .dwcfi  cfa_offset, -2
     413                      .dwcfi  save_reg_to_mem, 26, 0
     414                      .dwpsn  file "C:/SIMPLIS simulation/ANPC Final Version/anpc-3layer/TMS320F280049C/device/driverlib/gp
     415 0000007e FF2F          MOV       ACC,#16384 << 15      ; [CPU_ALU] |462| 
         0000007f 4000 
     416 00000080 BDA9          MOV32     *(0:0x7f04),ACC       ; [CPU_FPU] |462| 
         00000081 7F04 
     417              $C$DW$18        .dwtag  DW_TAG_TI_branch
     418                      .dwattr $C$DW$18, DW_AT_low_pc(0x00)
     419                      .dwattr $C$DW$18, DW_AT_TI_return
     420              
     421 00000082 0006          LRETR     ; [CPU_ALU] 
     422                      ; return occurs ; [] 
     423                      .dwattr $C$DW$17, DW_AT_TI_end_file("C:/SIMPLIS simulation/ANPC Final Version/anpc-3layer/Source/app/
     424                      .dwattr $C$DW$17, DW_AT_TI_end_line(0x62)
     425                      .dwattr $C$DW$17, DW_AT_TI_end_column(0x01)
     426                      .dwendentry
     427                      .dwendtag $C$DW$17
     428              
     429 00000083               .sect   ".text"
     430                      .clink
     431                      .global ||anpc_Current_Control_Change||
     432              
     433              $C$DW$19        .dwtag  DW_TAG_subprogram
     434                      .dwattr $C$DW$19, DW_AT_name("anpc_Current_Control_Change")
     435                      .dwattr $C$DW$19, DW_AT_low_pc(||anpc_Current_Control_Change||)
     436                      .dwattr $C$DW$19, DW_AT_high_pc(0x00)
     437                      .dwattr $C$DW$19, DW_AT_linkage_name("anpc_Current_Control_Change")
     438                      .dwattr $C$DW$19, DW_AT_external
     439                      .dwattr $C$DW$19, DW_AT_decl_file("C:/SIMPLIS simulation/ANPC Final Version/anpc-3layer/Source/app/ap
     440                      .dwattr $C$DW$19, DW_AT_decl_line(0x7b)
     441                      .dwattr $C$DW$19, DW_AT_decl_column(0x06)
     442                      .dwattr $C$DW$19, DW_AT_TI_max_frame_size(-4)
     443                      .dwpsn  file "C:/SIMPLIS simulation/ANPC Final Version/anpc-3layer/Source/app/app_anpc_operation.c",l
     444              
     445                      .dwfde $C$DW$CIE, ||anpc_Current_Control_Change||
     446              
     447              ;***************************************************************
     448              ;* FNAME: anpc_Current_Control_Change   FR SIZE:   2           *
     449              ;*                                                             *
TMS320C2000 Assembler PC v22.6.2 Tue Nov 18 13:15:16 2025

Copyright (c) 1996-2018 Texas Instruments Incorporated
app_anpc_operation.asm                                               PAGE   10

     450              ;* FUNCTION ENVIRONMENT                                        *
     451              ;*                                                             *
     452              ;* FUNCTION PROPERTIES                                         *
     453              ;*                            2 Parameter,  0 Auto,  0 SOE     *
     454              ;***************************************************************
     455              
     456 00000083       ||anpc_Current_Control_Change||:
     457              ;* R0    assigned to $O$U6
     458              ;* R0    assigned to $O$U55
     459              ;* R0    assigned to $O$U83
     460                      .dwcfi  cfa_offset, -2
     461                      .dwcfi  save_reg_to_mem, 26, 0
     462 00000083 FE02          ADDB      SP,#2                 ; [CPU_ARAU] 
     463                      .dwcfi  cfa_offset, -4
     464                      .dwpsn  file "C:/SIMPLIS simulation/ANPC Final Version/anpc-3layer/Source/app/app_anpc_operation.c",l
     465              $C$DW$20        .dwtag  DW_TAG_TI_branch
     466                      .dwattr $C$DW$20, DW_AT_low_pc(0x00)
     467                      .dwattr $C$DW$20, DW_AT_name("state_IsNormalOperation")
     468                      .dwattr $C$DW$20, DW_AT_TI_call
     469              
     470 00000084 7640!         LCR       #||state_IsNormalOperation|| ; [CPU_ALU] |126| 
         00000085 0000 
     471                      ; call occurs [#||state_IsNormalOperation||] ; [] |126| 
     472 00000086 5200          CMPB      AL,#0                 ; [CPU_ALU] |126| 
     473 00000087 FFE1          B         ||$C$L60||,EQ         ; [CPU_ALU] |126| 
         00000088 0179 
     474                      ; branchcc occurs ; [] |126| 
     475 00000089 761F!         MOVW      DP,#||PhyValue||+310  ; [CPU_ARAU] 
         0000008a 0004 
     476                      .dwpsn  file "C:/SIMPLIS simulation/ANPC Final Version/anpc-3layer/Source/app/app_anpc_operation.c",l
     477 0000008b E801          MOVIZ     R1H,#16230            ; [CPU_FPU] |131| 
         0000008c FB31 
     478 0000008d E2AF!         MOV32     R0H,@$BLOCKED(||PhyValue||)+310 ; [CPU_FPU] |131| 
         0000008e 0036 
     479 0000008f E80B          MOVXI     R1H,#26214            ; [CPU_FPU] |131| 
         00000090 3331 
     480 00000091 E694          CMPF32    R0H,R1H               ; [CPU_FPU] |131| 
         00000092 0008 
     481 00000093 AD14          MOVST0    ZF, NF                ; [CPU_FPU] |131| 
     482 00000094 6469          B         ||$C$L25||,LT         ; [CPU_ALU] |131| 
     483                      ; branchcc occurs ; [] |131| 
     484                      .dwpsn  file "C:/SIMPLIS simulation/ANPC Final Version/anpc-3layer/Source/app/app_anpc_operation.c",l
     485 00000095 E801          MOVIZ     R1H,#16268            ; [CPU_FPU] |136| 
         00000096 FC61 
     486 00000097 E80E          MOVXI     R1H,#52429            ; [CPU_FPU] |136| 
         00000098 6669 
     487 00000099 E694          CMPF32    R0H,R1H               ; [CPU_FPU] |136| 
         0000009a 0008 
     488 0000009b AD14          MOVST0    ZF, NF                ; [CPU_FPU] |136| 
     489 0000009c 6409          B         ||$C$L10||,LT         ; [CPU_ALU] |136| 
     490                      ; branchcc occurs ; [] |136| 
     491 0000009d E801          MOVIZ     R1H,#16294            ; [CPU_FPU] |136| 
         0000009e FD31 
     492 0000009f E80B          MOVXI     R1H,#26214            ; [CPU_FPU] |136| 
         000000a0 3331 
TMS320C2000 Assembler PC v22.6.2 Tue Nov 18 13:15:16 2025

Copyright (c) 1996-2018 Texas Instruments Incorporated
app_anpc_operation.asm                                               PAGE   11

     493 000000a1 E694          CMPF32    R0H,R1H               ; [CPU_FPU] |136| 
         000000a2 0008 
     494 000000a3 AD14          MOVST0    ZF, NF                ; [CPU_FPU] |136| 
     495 000000a4 644C          B         ||$C$L21||,LT         ; [CPU_ALU] |136| 
     496                      ; branchcc occurs ; [] |136| 
     497 000000a5       ||$C$L10||:    
     498                      .dwpsn  file "C:/SIMPLIS simulation/ANPC Final Version/anpc-3layer/Source/app/app_anpc_operation.c",l
     499 000000a5 E811          CMPF32    R0H,#16320            ; [CPU_FPU] |141| 
         000000a6 FE00 
     500 000000a7 AD14          MOVST0    ZF, NF                ; [CPU_FPU] |141| 
     501 000000a8 6405          B         ||$C$L11||,LT         ; [CPU_ALU] |141| 
     502                      ; branchcc occurs ; [] |141| 
     503 000000a9 E812          CMPF32    R0H,#16512            ; [CPU_FPU] |141| 
         000000aa 0400 
     504 000000ab AD14          MOVST0    ZF, NF                ; [CPU_FPU] |141| 
     505 000000ac 6441          B         ||$C$L20||,LT         ; [CPU_ALU] |141| 
     506                      ; branchcc occurs ; [] |141| 
     507 000000ad       ||$C$L11||:    
     508                      .dwpsn  file "C:/SIMPLIS simulation/ANPC Final Version/anpc-3layer/Source/app/app_anpc_operation.c",l
     509 000000ad E802          MOVIZ     R1H,#16521            ; [CPU_FPU] |146| 
         000000ae 0449 
     510 000000af E80C          MOVXI     R1H,#39322            ; [CPU_FPU] |146| 
         000000b0 CCD1 
     511 000000b1 E694          CMPF32    R0H,R1H               ; [CPU_FPU] |146| 
         000000b2 0008 
     512 000000b3 AD14          MOVST0    ZF, NF                ; [CPU_FPU] |146| 
     513 000000b4 6405          B         ||$C$L12||,LT         ; [CPU_ALU] |146| 
     514                      ; branchcc occurs ; [] |146| 
     515 000000b5 E812          CMPF32    R0H,#16560            ; [CPU_FPU] |146| 
         000000b6 0580 
     516 000000b7 AD14          MOVST0    ZF, NF                ; [CPU_FPU] |146| 
     517 000000b8 642E          B         ||$C$L18||,LT         ; [CPU_ALU] |146| 
     518                      ; branchcc occurs ; [] |146| 
     519 000000b9       ||$C$L12||:    
     520                      .dwpsn  file "C:/SIMPLIS simulation/ANPC Final Version/anpc-3layer/Source/app/app_anpc_operation.c",l
     521 000000b9 E802          MOVIZ     R1H,#16569            ; [CPU_FPU] |151| 
         000000ba 05C9 
     522 000000bb E80C          MOVXI     R1H,#39322            ; [CPU_FPU] |151| 
         000000bc CCD1 
     523 000000bd E694          CMPF32    R0H,R1H               ; [CPU_FPU] |151| 
         000000be 0008 
     524 000000bf AD14          MOVST0    ZF, NF                ; [CPU_FPU] |151| 
     525 000000c0 6405          B         ||$C$L13||,LT         ; [CPU_ALU] |151| 
     526                      ; branchcc occurs ; [] |151| 
     527 000000c1 E812          CMPF32    R0H,#16608            ; [CPU_FPU] |151| 
         000000c2 0700 
     528 000000c3 AD14          MOVST0    ZF, NF                ; [CPU_FPU] |151| 
     529 000000c4 641D          B         ||$C$L17||,LT         ; [CPU_ALU] |151| 
     530                      ; branchcc occurs ; [] |151| 
     531 000000c5       ||$C$L13||:    
     532                      .dwpsn  file "C:/SIMPLIS simulation/ANPC Final Version/anpc-3layer/Source/app/app_anpc_operation.c",l
     533 000000c5 E802          MOVIZ     R1H,#16614            ; [CPU_FPU] |156| 
         000000c6 0731 
     534 000000c7 E80B          MOVXI     R1H,#26214            ; [CPU_FPU] |156| 
         000000c8 3331 
TMS320C2000 Assembler PC v22.6.2 Tue Nov 18 13:15:16 2025

Copyright (c) 1996-2018 Texas Instruments Incorporated
app_anpc_operation.asm                                               PAGE   12

     535 000000c9 E694          CMPF32    R0H,R1H               ; [CPU_FPU] |156| 
         000000ca 0008 
     536 000000cb AD14          MOVST0    ZF, NF                ; [CPU_FPU] |156| 
     537 000000cc 6405          B         ||$C$L14||,LT         ; [CPU_ALU] |156| 
     538                      ; branchcc occurs ; [] |156| 
     539 000000cd E812          CMPF32    R0H,#16672            ; [CPU_FPU] |156| 
         000000ce 0900 
     540 000000cf AD14          MOVST0    ZF, NF                ; [CPU_FPU] |156| 
     541 000000d0 640A          B         ||$C$L15||,LT         ; [CPU_ALU] |156| 
     542                      ; branchcc occurs ; [] |156| 
     543 000000d1       ||$C$L14||:    
     544                      .dwpsn  file "C:/SIMPLIS simulation/ANPC Final Version/anpc-3layer/Source/app/app_anpc_operation.c",l
     545 000000d1 E812          CMPF32    R0H,#16680            ; [CPU_FPU] |161| 
         000000d2 0940 
     546 000000d3 AD14          MOVST0    ZF, NF                ; [CPU_FPU] |161| 
     547 000000d4 6432          B         ||$C$L26||,LT         ; [CPU_ALU] |161| 
     548                      ; branchcc occurs ; [] |161| 
     549                      .dwpsn  file "C:/SIMPLIS simulation/ANPC Final Version/anpc-3layer/Source/app/app_anpc_operation.c",l
     550 000000d5 E801          MOVIZ     R1H,#16025            ; [CPU_FPU] |163| 
         000000d6 F4C9 
     551 000000d7 E80C          MOVXI     R1H,#39322            ; [CPU_FPU] |163| 
         000000d8 CCD1 
     552                      .dwpsn  file "C:/SIMPLIS simulation/ANPC Final Version/anpc-3layer/Source/app/app_anpc_operation.c",l
     553 000000d9 6F05          B         ||$C$L16||,UNC        ; [CPU_ALU] |164| 
     554                      ; branch occurs ; [] |164| 
     555 000000da       ||$C$L15||:    
     556                      .dwpsn  file "C:/SIMPLIS simulation/ANPC Final Version/anpc-3layer/Source/app/app_anpc_operation.c",l
     557 000000da E801          MOVIZ     R1H,#16076            ; [CPU_FPU] |158| 
         000000db F661 
     558 000000dc E80E          MOVXI     R1H,#52429            ; [CPU_FPU] |158| 
         000000dd 6669 
     559 000000de       ||$C$L16||:    
     560                      .dwpsn  file "C:/SIMPLIS simulation/ANPC Final Version/anpc-3layer/Source/app/app_anpc_operation.c",l
     561 000000de E801          MOVIZ     R0H,#16076            ; [CPU_FPU] |159| 
         000000df F660 
     562 000000e0 6F14          B         ||$C$L23||,UNC        ; [CPU_ALU] 
     563                      ; branch occurs ; [] 
     564 000000e1       ||$C$L17||:    
     565                      .dwpsn  file "C:/SIMPLIS simulation/ANPC Final Version/anpc-3layer/Source/app/app_anpc_operation.c",l
     566 000000e1 E801          MOVIZ     R0H,#16076            ; [CPU_FPU] |154| 
         000000e2 F660 
     567 000000e3 E80E          MOVXI     R0H,#52429            ; [CPU_FPU] |154| 
         000000e4 6668 
     568 000000e5 6F05          B         ||$C$L19||,UNC        ; [CPU_ALU] 
     569                      ; branch occurs ; [] 
     570 000000e6       ||$C$L18||:    
     571                      .dwpsn  file "C:/SIMPLIS simulation/ANPC Final Version/anpc-3layer/Source/app/app_anpc_operation.c",l
     572 000000e6 E801          MOVIZ     R0H,#16025            ; [CPU_FPU] |149| 
         000000e7 F4C8 
     573 000000e8 E80C          MOVXI     R0H,#39322            ; [CPU_FPU] |149| 
         000000e9 CCD0 
     574 000000ea       ||$C$L19||:    
     575                      .dwpsn  file "C:/SIMPLIS simulation/ANPC Final Version/anpc-3layer/Source/app/app_anpc_operation.c",l
     576 000000ea E801          MOVIZ     R1H,#16128            ; [CPU_FPU] |148| 
         000000eb F801 
TMS320C2000 Assembler PC v22.6.2 Tue Nov 18 13:15:16 2025

Copyright (c) 1996-2018 Texas Instruments Incorporated
app_anpc_operation.asm                                               PAGE   13

     577 000000ec 6F0A          B         ||$C$L24||,UNC        ; [CPU_ALU] 
     578                      ; branch occurs ; [] 
     579 000000ed       ||$C$L20||:    
     580                      .dwpsn  file "C:/SIMPLIS simulation/ANPC Final Version/anpc-3layer/Source/app/app_anpc_operation.c",l
     581 000000ed E801          MOVIZ     R0H,#15948            ; [CPU_FPU] |144| 
         000000ee F260 
     582 000000ef 6F03          B         ||$C$L22||,UNC        ; [CPU_ALU] 
     583                      ; branch occurs ; [] 
     584 000000f0       ||$C$L21||:    
     585                      .dwpsn  file "C:/SIMPLIS simulation/ANPC Final Version/anpc-3layer/Source/app/app_anpc_operation.c",l
     586 000000f0 E801          MOVIZ     R0H,#15820            ; [CPU_FPU] |139| 
         000000f1 EE60 
     587 000000f2       ||$C$L22||:    
     588                      .dwpsn  file "C:/SIMPLIS simulation/ANPC Final Version/anpc-3layer/Source/app/app_anpc_operation.c",l
     589 000000f2 E801          MOVIZ     R1H,#16128            ; [CPU_FPU] |138| 
         000000f3 F801 
     590 000000f4       ||$C$L23||:    
     591                      .dwpsn  file "C:/SIMPLIS simulation/ANPC Final Version/anpc-3layer/Source/app/app_anpc_operation.c",l
     592 000000f4 E80E          MOVXI     R0H,#52429            ; [CPU_FPU] |139| 
         000000f5 6668 
     593 000000f6       ||$C$L24||:    
     594 000000f6 761F!         MOVW      DP,#||VICtrl||+264    ; [CPU_ARAU] 
         000000f7 0004 
     595                      .dwpsn  file "C:/SIMPLIS simulation/ANPC Final Version/anpc-3layer/Source/app/app_anpc_operation.c",l
     596 000000f8 E203!         MOV32     @$BLOCKED(||VICtrl||)+264,R1H ; [CPU_FPU] |138| 
         000000f9 0108 
     597                      .dwpsn  file "C:/SIMPLIS simulation/ANPC Final Version/anpc-3layer/Source/app/app_anpc_operation.c",l
     598 000000fa E203!         MOV32     @$BLOCKED(||VICtrl||)+266,R0H ; [CPU_FPU] |139| 
         000000fb 000A 
     599 000000fc 6F0A          B         ||$C$L26||,UNC        ; [CPU_ALU] 
     600                      ; branch occurs ; [] 
     601 000000fd       ||$C$L25||:    
     602                      .dwpsn  file "C:/SIMPLIS simulation/ANPC Final Version/anpc-3layer/Source/app/app_anpc_operation.c",l
     603 000000fd E801          MOVIZ     R0H,#16128            ; [CPU_FPU] |133| 
         000000fe F800 
     604 000000ff 761F!         MOVW      DP,#||VICtrl||+264    ; [CPU_ARAU] 
         00000100 0004 
     605                      .dwpsn  file "C:/SIMPLIS simulation/ANPC Final Version/anpc-3layer/Source/app/app_anpc_operation.c",l
     606 00000101 E591          ZERO      R1H                   ; [CPU_FPU] |134| 
     607                      .dwpsn  file "C:/SIMPLIS simulation/ANPC Final Version/anpc-3layer/Source/app/app_anpc_operation.c",l
     608 00000102 E203!         MOV32     @$BLOCKED(||VICtrl||)+264,R0H ; [CPU_FPU] |133| 
         00000103 0008 
     609                      .dwpsn  file "C:/SIMPLIS simulation/ANPC Final Version/anpc-3layer/Source/app/app_anpc_operation.c",l
     610 00000104 E203!         MOV32     @$BLOCKED(||VICtrl||)+266,R1H ; [CPU_FPU] |134| 
         00000105 010A 
     611 00000106       ||$C$L26||:    
     612 00000106 761F!         MOVW      DP,#||PhyValue||+328  ; [CPU_ARAU] 
         00000107 0005 
     613                      .dwpsn  file "C:/SIMPLIS simulation/ANPC Final Version/anpc-3layer/Source/app/app_anpc_operation.c",l
     614 00000108 E801          MOVIZ     R1H,#16230            ; [CPU_FPU] |170| 
         00000109 FB31 
     615 0000010a E2AF!         MOV32     R0H,@$BLOCKED(||PhyValue||)+328 ; [CPU_FPU] |170| 
         0000010b 0008 
     616 0000010c E80B          MOVXI     R1H,#26214            ; [CPU_FPU] |170| 
         0000010d 3331 
TMS320C2000 Assembler PC v22.6.2 Tue Nov 18 13:15:16 2025

Copyright (c) 1996-2018 Texas Instruments Incorporated
app_anpc_operation.asm                                               PAGE   14

     617 0000010e E694          CMPF32    R0H,R1H               ; [CPU_FPU] |170| 
         0000010f 0008 
     618 00000110 AD14          MOVST0    ZF, NF                ; [CPU_FPU] |170| 
     619 00000111 6469          B         ||$C$L42||,LT         ; [CPU_ALU] |170| 
     620                      ; branchcc occurs ; [] |170| 
     621                      .dwpsn  file "C:/SIMPLIS simulation/ANPC Final Version/anpc-3layer/Source/app/app_anpc_operation.c",l
     622 00000112 E801          MOVIZ     R1H,#16268            ; [CPU_FPU] |175| 
         00000113 FC61 
     623 00000114 E80E          MOVXI     R1H,#52429            ; [CPU_FPU] |175| 
         00000115 6669 
     624 00000116 E694          CMPF32    R0H,R1H               ; [CPU_FPU] |175| 
         00000117 0008 
     625 00000118 AD14          MOVST0    ZF, NF                ; [CPU_FPU] |175| 
     626 00000119 6409          B         ||$C$L27||,LT         ; [CPU_ALU] |175| 
     627                      ; branchcc occurs ; [] |175| 
     628 0000011a E801          MOVIZ     R1H,#16294            ; [CPU_FPU] |175| 
         0000011b FD31 
     629 0000011c E80B          MOVXI     R1H,#26214            ; [CPU_FPU] |175| 
         0000011d 3331 
     630 0000011e E694          CMPF32    R0H,R1H               ; [CPU_FPU] |175| 
         0000011f 0008 
     631 00000120 AD14          MOVST0    ZF, NF                ; [CPU_FPU] |175| 
     632 00000121 644C          B         ||$C$L38||,LT         ; [CPU_ALU] |175| 
     633                      ; branchcc occurs ; [] |175| 
     634 00000122       ||$C$L27||:    
     635                      .dwpsn  file "C:/SIMPLIS simulation/ANPC Final Version/anpc-3layer/Source/app/app_anpc_operation.c",l
     636 00000122 E811          CMPF32    R0H,#16320            ; [CPU_FPU] |180| 
         00000123 FE00 
     637 00000124 AD14          MOVST0    ZF, NF                ; [CPU_FPU] |180| 
     638 00000125 6405          B         ||$C$L28||,LT         ; [CPU_ALU] |180| 
     639                      ; branchcc occurs ; [] |180| 
     640 00000126 E812          CMPF32    R0H,#16512            ; [CPU_FPU] |180| 
         00000127 0400 
     641 00000128 AD14          MOVST0    ZF, NF                ; [CPU_FPU] |180| 
     642 00000129 6441          B         ||$C$L37||,LT         ; [CPU_ALU] |180| 
     643                      ; branchcc occurs ; [] |180| 
     644 0000012a       ||$C$L28||:    
     645                      .dwpsn  file "C:/SIMPLIS simulation/ANPC Final Version/anpc-3layer/Source/app/app_anpc_operation.c",l
     646 0000012a E802          MOVIZ     R1H,#16521            ; [CPU_FPU] |185| 
         0000012b 0449 
     647 0000012c E80C          MOVXI     R1H,#39322            ; [CPU_FPU] |185| 
         0000012d CCD1 
     648 0000012e E694          CMPF32    R0H,R1H               ; [CPU_FPU] |185| 
         0000012f 0008 
     649 00000130 AD14          MOVST0    ZF, NF                ; [CPU_FPU] |185| 
     650 00000131 6405          B         ||$C$L29||,LT         ; [CPU_ALU] |185| 
     651                      ; branchcc occurs ; [] |185| 
     652 00000132 E812          CMPF32    R0H,#16560            ; [CPU_FPU] |185| 
         00000133 0580 
     653 00000134 AD14          MOVST0    ZF, NF                ; [CPU_FPU] |185| 
     654 00000135 642E          B         ||$C$L35||,LT         ; [CPU_ALU] |185| 
     655                      ; branchcc occurs ; [] |185| 
     656 00000136       ||$C$L29||:    
     657                      .dwpsn  file "C:/SIMPLIS simulation/ANPC Final Version/anpc-3layer/Source/app/app_anpc_operation.c",l
     658 00000136 E802          MOVIZ     R1H,#16569            ; [CPU_FPU] |190| 
TMS320C2000 Assembler PC v22.6.2 Tue Nov 18 13:15:16 2025

Copyright (c) 1996-2018 Texas Instruments Incorporated
app_anpc_operation.asm                                               PAGE   15

         00000137 05C9 
     659 00000138 E80C          MOVXI     R1H,#39322            ; [CPU_FPU] |190| 
         00000139 CCD1 
     660 0000013a E694          CMPF32    R0H,R1H               ; [CPU_FPU] |190| 
         0000013b 0008 
     661 0000013c AD14          MOVST0    ZF, NF                ; [CPU_FPU] |190| 
     662 0000013d 6405          B         ||$C$L30||,LT         ; [CPU_ALU] |190| 
     663                      ; branchcc occurs ; [] |190| 
     664 0000013e E812          CMPF32    R0H,#16608            ; [CPU_FPU] |190| 
         0000013f 0700 
     665 00000140 AD14          MOVST0    ZF, NF                ; [CPU_FPU] |190| 
     666 00000141 641D          B         ||$C$L34||,LT         ; [CPU_ALU] |190| 
     667                      ; branchcc occurs ; [] |190| 
     668 00000142       ||$C$L30||:    
     669                      .dwpsn  file "C:/SIMPLIS simulation/ANPC Final Version/anpc-3layer/Source/app/app_anpc_operation.c",l
     670 00000142 E802          MOVIZ     R1H,#16614            ; [CPU_FPU] |195| 
         00000143 0731 
     671 00000144 E80B          MOVXI     R1H,#26214            ; [CPU_FPU] |195| 
         00000145 3331 
     672 00000146 E694          CMPF32    R0H,R1H               ; [CPU_FPU] |195| 
         00000147 0008 
     673 00000148 AD14          MOVST0    ZF, NF                ; [CPU_FPU] |195| 
     674 00000149 6405          B         ||$C$L31||,LT         ; [CPU_ALU] |195| 
     675                      ; branchcc occurs ; [] |195| 
     676 0000014a E812          CMPF32    R0H,#16672            ; [CPU_FPU] |195| 
         0000014b 0900 
     677 0000014c AD14          MOVST0    ZF, NF                ; [CPU_FPU] |195| 
     678 0000014d 640A          B         ||$C$L32||,LT         ; [CPU_ALU] |195| 
     679                      ; branchcc occurs ; [] |195| 
     680 0000014e       ||$C$L31||:    
     681                      .dwpsn  file "C:/SIMPLIS simulation/ANPC Final Version/anpc-3layer/Source/app/app_anpc_operation.c",l
     682 0000014e E812          CMPF32    R0H,#16680            ; [CPU_FPU] |200| 
         0000014f 0940 
     683 00000150 AD14          MOVST0    ZF, NF                ; [CPU_FPU] |200| 
     684 00000151 6432          B         ||$C$L43||,LT         ; [CPU_ALU] |200| 
     685                      ; branchcc occurs ; [] |200| 
     686                      .dwpsn  file "C:/SIMPLIS simulation/ANPC Final Version/anpc-3layer/Source/app/app_anpc_operation.c",l
     687 00000152 E801          MOVIZ     R1H,#16025            ; [CPU_FPU] |202| 
         00000153 F4C9 
     688 00000154 E80C          MOVXI     R1H,#39322            ; [CPU_FPU] |202| 
         00000155 CCD1 
     689                      .dwpsn  file "C:/SIMPLIS simulation/ANPC Final Version/anpc-3layer/Source/app/app_anpc_operation.c",l
     690 00000156 6F05          B         ||$C$L33||,UNC        ; [CPU_ALU] |203| 
     691                      ; branch occurs ; [] |203| 
     692 00000157       ||$C$L32||:    
     693                      .dwpsn  file "C:/SIMPLIS simulation/ANPC Final Version/anpc-3layer/Source/app/app_anpc_operation.c",l
     694 00000157 E801          MOVIZ     R1H,#16076            ; [CPU_FPU] |197| 
         00000158 F661 
     695 00000159 E80E          MOVXI     R1H,#52429            ; [CPU_FPU] |197| 
         0000015a 6669 
     696 0000015b       ||$C$L33||:    
     697                      .dwpsn  file "C:/SIMPLIS simulation/ANPC Final Version/anpc-3layer/Source/app/app_anpc_operation.c",l
     698 0000015b E801          MOVIZ     R0H,#16076            ; [CPU_FPU] |198| 
         0000015c F660 
     699 0000015d 6F14          B         ||$C$L40||,UNC        ; [CPU_ALU] 
TMS320C2000 Assembler PC v22.6.2 Tue Nov 18 13:15:16 2025

Copyright (c) 1996-2018 Texas Instruments Incorporated
app_anpc_operation.asm                                               PAGE   16

     700                      ; branch occurs ; [] 
     701 0000015e       ||$C$L34||:    
     702                      .dwpsn  file "C:/SIMPLIS simulation/ANPC Final Version/anpc-3layer/Source/app/app_anpc_operation.c",l
     703 0000015e E801          MOVIZ     R0H,#16076            ; [CPU_FPU] |193| 
         0000015f F660 
     704 00000160 E80E          MOVXI     R0H,#52429            ; [CPU_FPU] |193| 
         00000161 6668 
     705 00000162 6F05          B         ||$C$L36||,UNC        ; [CPU_ALU] 
     706                      ; branch occurs ; [] 
     707 00000163       ||$C$L35||:    
     708                      .dwpsn  file "C:/SIMPLIS simulation/ANPC Final Version/anpc-3layer/Source/app/app_anpc_operation.c",l
     709 00000163 E801          MOVIZ     R0H,#16025            ; [CPU_FPU] |188| 
         00000164 F4C8 
     710 00000165 E80C          MOVXI     R0H,#39322            ; [CPU_FPU] |188| 
         00000166 CCD0 
     711 00000167       ||$C$L36||:    
     712                      .dwpsn  file "C:/SIMPLIS simulation/ANPC Final Version/anpc-3layer/Source/app/app_anpc_operation.c",l
     713 00000167 E801          MOVIZ     R1H,#16128            ; [CPU_FPU] |187| 
         00000168 F801 
     714 00000169 6F0A          B         ||$C$L41||,UNC        ; [CPU_ALU] 
     715                      ; branch occurs ; [] 
     716 0000016a       ||$C$L37||:    
     717                      .dwpsn  file "C:/SIMPLIS simulation/ANPC Final Version/anpc-3layer/Source/app/app_anpc_operation.c",l
     718 0000016a E801          MOVIZ     R0H,#15948            ; [CPU_FPU] |183| 
         0000016b F260 
     719 0000016c 6F03          B         ||$C$L39||,UNC        ; [CPU_ALU] 
     720                      ; branch occurs ; [] 
     721 0000016d       ||$C$L38||:    
     722                      .dwpsn  file "C:/SIMPLIS simulation/ANPC Final Version/anpc-3layer/Source/app/app_anpc_operation.c",l
     723 0000016d E801          MOVIZ     R0H,#15820            ; [CPU_FPU] |178| 
         0000016e EE60 
     724 0000016f       ||$C$L39||:    
     725                      .dwpsn  file "C:/SIMPLIS simulation/ANPC Final Version/anpc-3layer/Source/app/app_anpc_operation.c",l
     726 0000016f E801          MOVIZ     R1H,#16128            ; [CPU_FPU] |177| 
         00000170 F801 
     727 00000171       ||$C$L40||:    
     728                      .dwpsn  file "C:/SIMPLIS simulation/ANPC Final Version/anpc-3layer/Source/app/app_anpc_operation.c",l
     729 00000171 E80E          MOVXI     R0H,#52429            ; [CPU_FPU] |178| 
         00000172 6668 
     730 00000173       ||$C$L41||:    
     731 00000173 761F!         MOVW      DP,#||VICtrl||+268    ; [CPU_ARAU] 
         00000174 0004 
     732                      .dwpsn  file "C:/SIMPLIS simulation/ANPC Final Version/anpc-3layer/Source/app/app_anpc_operation.c",l
     733 00000175 E203!         MOV32     @$BLOCKED(||VICtrl||)+268,R1H ; [CPU_FPU] |177| 
         00000176 010C 
     734                      .dwpsn  file "C:/SIMPLIS simulation/ANPC Final Version/anpc-3layer/Source/app/app_anpc_operation.c",l
     735 00000177 E203!         MOV32     @$BLOCKED(||VICtrl||)+270,R0H ; [CPU_FPU] |178| 
         00000178 000E 
     736 00000179 6F0A          B         ||$C$L43||,UNC        ; [CPU_ALU] 
     737                      ; branch occurs ; [] 
     738 0000017a       ||$C$L42||:    
     739                      .dwpsn  file "C:/SIMPLIS simulation/ANPC Final Version/anpc-3layer/Source/app/app_anpc_operation.c",l
     740 0000017a E801          MOVIZ     R0H,#16128            ; [CPU_FPU] |172| 
         0000017b F800 
     741 0000017c 761F!         MOVW      DP,#||VICtrl||+268    ; [CPU_ARAU] 
TMS320C2000 Assembler PC v22.6.2 Tue Nov 18 13:15:16 2025

Copyright (c) 1996-2018 Texas Instruments Incorporated
app_anpc_operation.asm                                               PAGE   17

         0000017d 0004 
     742                      .dwpsn  file "C:/SIMPLIS simulation/ANPC Final Version/anpc-3layer/Source/app/app_anpc_operation.c",l
     743 0000017e E591          ZERO      R1H                   ; [CPU_FPU] |173| 
     744                      .dwpsn  file "C:/SIMPLIS simulation/ANPC Final Version/anpc-3layer/Source/app/app_anpc_operation.c",l
     745 0000017f E203!         MOV32     @$BLOCKED(||VICtrl||)+268,R0H ; [CPU_FPU] |172| 
         00000180 000C 
     746                      .dwpsn  file "C:/SIMPLIS simulation/ANPC Final Version/anpc-3layer/Source/app/app_anpc_operation.c",l
     747 00000181 E203!         MOV32     @$BLOCKED(||VICtrl||)+270,R1H ; [CPU_FPU] |173| 
         00000182 010E 
     748 00000183       ||$C$L43||:    
     749 00000183 761F!         MOVW      DP,#||PhyValue||+346  ; [CPU_ARAU] 
         00000184 0005 
     750                      .dwpsn  file "C:/SIMPLIS simulation/ANPC Final Version/anpc-3layer/Source/app/app_anpc_operation.c",l
     751 00000185 E801          MOVIZ     R1H,#16230            ; [CPU_FPU] |209| 
         00000186 FB31 
     752 00000187 E2AF!         MOV32     R0H,@$BLOCKED(||PhyValue||)+346 ; [CPU_FPU] |209| 
         00000188 001A 
     753 00000189 E80B          MOVXI     R1H,#26214            ; [CPU_FPU] |209| 
         0000018a 3331 
     754 0000018b E694          CMPF32    R0H,R1H               ; [CPU_FPU] |209| 
         0000018c 0008 
     755 0000018d AD14          MOVST0    ZF, NF                ; [CPU_FPU] |209| 
     756 0000018e 6469          B         ||$C$L59||,LT         ; [CPU_ALU] |209| 
     757                      ; branchcc occurs ; [] |209| 
     758                      .dwpsn  file "C:/SIMPLIS simulation/ANPC Final Version/anpc-3layer/Source/app/app_anpc_operation.c",l
     759 0000018f E801          MOVIZ     R1H,#16268            ; [CPU_FPU] |214| 
         00000190 FC61 
     760 00000191 E80E          MOVXI     R1H,#52429            ; [CPU_FPU] |214| 
         00000192 6669 
     761 00000193 E694          CMPF32    R0H,R1H               ; [CPU_FPU] |214| 
         00000194 0008 
     762 00000195 AD14          MOVST0    ZF, NF                ; [CPU_FPU] |214| 
     763 00000196 6409          B         ||$C$L44||,LT         ; [CPU_ALU] |214| 
     764                      ; branchcc occurs ; [] |214| 
     765 00000197 E801          MOVIZ     R1H,#16294            ; [CPU_FPU] |214| 
         00000198 FD31 
     766 00000199 E80B          MOVXI     R1H,#26214            ; [CPU_FPU] |214| 
         0000019a 3331 
     767 0000019b E694          CMPF32    R0H,R1H               ; [CPU_FPU] |214| 
         0000019c 0008 
     768 0000019d AD14          MOVST0    ZF, NF                ; [CPU_FPU] |214| 
     769 0000019e 644C          B         ||$C$L55||,LT         ; [CPU_ALU] |214| 
     770                      ; branchcc occurs ; [] |214| 
     771 0000019f       ||$C$L44||:    
     772                      .dwpsn  file "C:/SIMPLIS simulation/ANPC Final Version/anpc-3layer/Source/app/app_anpc_operation.c",l
     773 0000019f E811          CMPF32    R0H,#16320            ; [CPU_FPU] |219| 
         000001a0 FE00 
     774 000001a1 AD14          MOVST0    ZF, NF                ; [CPU_FPU] |219| 
     775 000001a2 6405          B         ||$C$L45||,LT         ; [CPU_ALU] |219| 
     776                      ; branchcc occurs ; [] |219| 
     777 000001a3 E812          CMPF32    R0H,#16512            ; [CPU_FPU] |219| 
         000001a4 0400 
     778 000001a5 AD14          MOVST0    ZF, NF                ; [CPU_FPU] |219| 
     779 000001a6 6441          B         ||$C$L54||,LT         ; [CPU_ALU] |219| 
     780                      ; branchcc occurs ; [] |219| 
TMS320C2000 Assembler PC v22.6.2 Tue Nov 18 13:15:16 2025

Copyright (c) 1996-2018 Texas Instruments Incorporated
app_anpc_operation.asm                                               PAGE   18

     781 000001a7       ||$C$L45||:    
     782                      .dwpsn  file "C:/SIMPLIS simulation/ANPC Final Version/anpc-3layer/Source/app/app_anpc_operation.c",l
     783 000001a7 E802          MOVIZ     R1H,#16521            ; [CPU_FPU] |224| 
         000001a8 0449 
     784 000001a9 E80C          MOVXI     R1H,#39322            ; [CPU_FPU] |224| 
         000001aa CCD1 
     785 000001ab E694          CMPF32    R0H,R1H               ; [CPU_FPU] |224| 
         000001ac 0008 
     786 000001ad AD14          MOVST0    ZF, NF                ; [CPU_FPU] |224| 
     787 000001ae 6405          B         ||$C$L46||,LT         ; [CPU_ALU] |224| 
     788                      ; branchcc occurs ; [] |224| 
     789 000001af E812          CMPF32    R0H,#16560            ; [CPU_FPU] |224| 
         000001b0 0580 
     790 000001b1 AD14          MOVST0    ZF, NF                ; [CPU_FPU] |224| 
     791 000001b2 642E          B         ||$C$L52||,LT         ; [CPU_ALU] |224| 
     792                      ; branchcc occurs ; [] |224| 
     793 000001b3       ||$C$L46||:    
     794                      .dwpsn  file "C:/SIMPLIS simulation/ANPC Final Version/anpc-3layer/Source/app/app_anpc_operation.c",l
     795 000001b3 E802          MOVIZ     R1H,#16569            ; [CPU_FPU] |229| 
         000001b4 05C9 
     796 000001b5 E80C          MOVXI     R1H,#39322            ; [CPU_FPU] |229| 
         000001b6 CCD1 
     797 000001b7 E694          CMPF32    R0H,R1H               ; [CPU_FPU] |229| 
         000001b8 0008 
     798 000001b9 AD14          MOVST0    ZF, NF                ; [CPU_FPU] |229| 
     799 000001ba 6405          B         ||$C$L47||,LT         ; [CPU_ALU] |229| 
     800                      ; branchcc occurs ; [] |229| 
     801 000001bb E812          CMPF32    R0H,#16608            ; [CPU_FPU] |229| 
         000001bc 0700 
     802 000001bd AD14          MOVST0    ZF, NF                ; [CPU_FPU] |229| 
     803 000001be 641D          B         ||$C$L51||,LT         ; [CPU_ALU] |229| 
     804                      ; branchcc occurs ; [] |229| 
     805 000001bf       ||$C$L47||:    
     806                      .dwpsn  file "C:/SIMPLIS simulation/ANPC Final Version/anpc-3layer/Source/app/app_anpc_operation.c",l
     807 000001bf E802          MOVIZ     R1H,#16614            ; [CPU_FPU] |234| 
         000001c0 0731 
     808 000001c1 E80B          MOVXI     R1H,#26214            ; [CPU_FPU] |234| 
         000001c2 3331 
     809 000001c3 E694          CMPF32    R0H,R1H               ; [CPU_FPU] |234| 
         000001c4 0008 
     810 000001c5 AD14          MOVST0    ZF, NF                ; [CPU_FPU] |234| 
     811 000001c6 6405          B         ||$C$L48||,LT         ; [CPU_ALU] |234| 
     812                      ; branchcc occurs ; [] |234| 
     813 000001c7 E812          CMPF32    R0H,#16672            ; [CPU_FPU] |234| 
         000001c8 0900 
     814 000001c9 AD14          MOVST0    ZF, NF                ; [CPU_FPU] |234| 
     815 000001ca 640A          B         ||$C$L49||,LT         ; [CPU_ALU] |234| 
     816                      ; branchcc occurs ; [] |234| 
     817 000001cb       ||$C$L48||:    
     818                      .dwpsn  file "C:/SIMPLIS simulation/ANPC Final Version/anpc-3layer/Source/app/app_anpc_operation.c",l
     819 000001cb E812          CMPF32    R0H,#16680            ; [CPU_FPU] |239| 
         000001cc 0940 
     820 000001cd AD14          MOVST0    ZF, NF                ; [CPU_FPU] |239| 
     821 000001ce 6432          B         ||$C$L60||,LT         ; [CPU_ALU] |239| 
     822                      ; branchcc occurs ; [] |239| 
TMS320C2000 Assembler PC v22.6.2 Tue Nov 18 13:15:16 2025

Copyright (c) 1996-2018 Texas Instruments Incorporated
app_anpc_operation.asm                                               PAGE   19

     823                      .dwpsn  file "C:/SIMPLIS simulation/ANPC Final Version/anpc-3layer/Source/app/app_anpc_operation.c",l
     824 000001cf E801          MOVIZ     R1H,#16025            ; [CPU_FPU] |241| 
         000001d0 F4C9 
     825 000001d1 E80C          MOVXI     R1H,#39322            ; [CPU_FPU] |241| 
         000001d2 CCD1 
     826                      .dwpsn  file "C:/SIMPLIS simulation/ANPC Final Version/anpc-3layer/Source/app/app_anpc_operation.c",l
     827 000001d3 6F05          B         ||$C$L50||,UNC        ; [CPU_ALU] |242| 
     828                      ; branch occurs ; [] |242| 
     829 000001d4       ||$C$L49||:    
     830                      .dwpsn  file "C:/SIMPLIS simulation/ANPC Final Version/anpc-3layer/Source/app/app_anpc_operation.c",l
     831 000001d4 E801          MOVIZ     R1H,#16076            ; [CPU_FPU] |236| 
         000001d5 F661 
     832 000001d6 E80E          MOVXI     R1H,#52429            ; [CPU_FPU] |236| 
         000001d7 6669 
     833 000001d8       ||$C$L50||:    
     834                      .dwpsn  file "C:/SIMPLIS simulation/ANPC Final Version/anpc-3layer/Source/app/app_anpc_operation.c",l
     835 000001d8 E801          MOVIZ     R0H,#16076            ; [CPU_FPU] |237| 
         000001d9 F660 
     836 000001da 6F14          B         ||$C$L57||,UNC        ; [CPU_ALU] 
     837                      ; branch occurs ; [] 
     838 000001db       ||$C$L51||:    
     839                      .dwpsn  file "C:/SIMPLIS simulation/ANPC Final Version/anpc-3layer/Source/app/app_anpc_operation.c",l
     840 000001db E801          MOVIZ     R0H,#16076            ; [CPU_FPU] |232| 
         000001dc F660 
     841 000001dd E80E          MOVXI     R0H,#52429            ; [CPU_FPU] |232| 
         000001de 6668 
     842 000001df 6F05          B         ||$C$L53||,UNC        ; [CPU_ALU] 
     843                      ; branch occurs ; [] 
     844 000001e0       ||$C$L52||:    
     845                      .dwpsn  file "C:/SIMPLIS simulation/ANPC Final Version/anpc-3layer/Source/app/app_anpc_operation.c",l
     846 000001e0 E801          MOVIZ     R0H,#16025            ; [CPU_FPU] |227| 
         000001e1 F4C8 
     847 000001e2 E80C          MOVXI     R0H,#39322            ; [CPU_FPU] |227| 
         000001e3 CCD0 
     848 000001e4       ||$C$L53||:    
     849                      .dwpsn  file "C:/SIMPLIS simulation/ANPC Final Version/anpc-3layer/Source/app/app_anpc_operation.c",l
     850 000001e4 E801          MOVIZ     R1H,#16128            ; [CPU_FPU] |226| 
         000001e5 F801 
     851 000001e6 6F0A          B         ||$C$L58||,UNC        ; [CPU_ALU] 
     852                      ; branch occurs ; [] 
     853 000001e7       ||$C$L54||:    
     854                      .dwpsn  file "C:/SIMPLIS simulation/ANPC Final Version/anpc-3layer/Source/app/app_anpc_operation.c",l
     855 000001e7 E801          MOVIZ     R0H,#15948            ; [CPU_FPU] |222| 
         000001e8 F260 
     856 000001e9 6F03          B         ||$C$L56||,UNC        ; [CPU_ALU] 
     857                      ; branch occurs ; [] 
     858 000001ea       ||$C$L55||:    
     859                      .dwpsn  file "C:/SIMPLIS simulation/ANPC Final Version/anpc-3layer/Source/app/app_anpc_operation.c",l
     860 000001ea E801          MOVIZ     R0H,#15820            ; [CPU_FPU] |217| 
         000001eb EE60 
     861 000001ec       ||$C$L56||:    
     862                      .dwpsn  file "C:/SIMPLIS simulation/ANPC Final Version/anpc-3layer/Source/app/app_anpc_operation.c",l
     863 000001ec E801          MOVIZ     R1H,#16128            ; [CPU_FPU] |216| 
         000001ed F801 
     864 000001ee       ||$C$L57||:    
TMS320C2000 Assembler PC v22.6.2 Tue Nov 18 13:15:16 2025

Copyright (c) 1996-2018 Texas Instruments Incorporated
app_anpc_operation.asm                                               PAGE   20

     865                      .dwpsn  file "C:/SIMPLIS simulation/ANPC Final Version/anpc-3layer/Source/app/app_anpc_operation.c",l
     866 000001ee E80E          MOVXI     R0H,#52429            ; [CPU_FPU] |217| 
         000001ef 6668 
     867 000001f0       ||$C$L58||:    
     868 000001f0 761F!         MOVW      DP,#||VICtrl||+272    ; [CPU_ARAU] 
         000001f1 0004 
     869                      .dwpsn  file "C:/SIMPLIS simulation/ANPC Final Version/anpc-3layer/Source/app/app_anpc_operation.c",l
     870 000001f2 E203!         MOV32     @$BLOCKED(||VICtrl||)+272,R1H ; [CPU_FPU] |216| 
         000001f3 0110 
     871                      .dwpsn  file "C:/SIMPLIS simulation/ANPC Final Version/anpc-3layer/Source/app/app_anpc_operation.c",l
     872 000001f4 E203!         MOV32     @$BLOCKED(||VICtrl||)+274,R0H ; [CPU_FPU] |217| 
         000001f5 0012 
     873 000001f6 6F0A          B         ||$C$L60||,UNC        ; [CPU_ALU] 
     874                      ; branch occurs ; [] 
     875 000001f7       ||$C$L59||:    
     876                      .dwpsn  file "C:/SIMPLIS simulation/ANPC Final Version/anpc-3layer/Source/app/app_anpc_operation.c",l
     877 000001f7 E801          MOVIZ     R0H,#16128            ; [CPU_FPU] |211| 
         000001f8 F800 
     878 000001f9 761F!         MOVW      DP,#||VICtrl||+272    ; [CPU_ARAU] 
         000001fa 0004 
     879                      .dwpsn  file "C:/SIMPLIS simulation/ANPC Final Version/anpc-3layer/Source/app/app_anpc_operation.c",l
     880 000001fb E591          ZERO      R1H                   ; [CPU_FPU] |212| 
     881                      .dwpsn  file "C:/SIMPLIS simulation/ANPC Final Version/anpc-3layer/Source/app/app_anpc_operation.c",l
     882 000001fc E203!         MOV32     @$BLOCKED(||VICtrl||)+272,R0H ; [CPU_FPU] |211| 
         000001fd 0010 
     883                      .dwpsn  file "C:/SIMPLIS simulation/ANPC Final Version/anpc-3layer/Source/app/app_anpc_operation.c",l
     884 000001fe E203!         MOV32     @$BLOCKED(||VICtrl||)+274,R1H ; [CPU_FPU] |212| 
         000001ff 0112 
     885 00000200       ||$C$L60||:    
     886 00000200 FE82          SUBB      SP,#2                 ; [CPU_ARAU] 
     887                      .dwcfi  cfa_offset, -2
     888              $C$DW$21        .dwtag  DW_TAG_TI_branch
     889                      .dwattr $C$DW$21, DW_AT_low_pc(0x00)
     890                      .dwattr $C$DW$21, DW_AT_TI_return
     891              
     892 00000201 0006          LRETR     ; [CPU_ALU] 
     893                      ; return occurs ; [] 
     894                      .dwattr $C$DW$19, DW_AT_TI_end_file("C:/SIMPLIS simulation/ANPC Final Version/anpc-3layer/Source/app/
     895                      .dwattr $C$DW$19, DW_AT_TI_end_line(0xf6)
     896                      .dwattr $C$DW$19, DW_AT_TI_end_column(0x01)
     897                      .dwendentry
     898                      .dwendtag $C$DW$19
     899              
     900 00000000               .sect   ".text:__signbitl"
     901                      .clink
     902                      .global ||__signbitl||
     903              
     904              $C$DW$22        .dwtag  DW_TAG_subprogram
     905                      .dwattr $C$DW$22, DW_AT_name("__signbitl")
     906                      .dwattr $C$DW$22, DW_AT_low_pc(||__signbitl||)
     907                      .dwattr $C$DW$22, DW_AT_high_pc(0x00)
     908                      .dwattr $C$DW$22, DW_AT_linkage_name("__signbitl")
     909                      .dwattr $C$DW$22, DW_AT_external
     910                      .dwattr $C$DW$22, DW_AT_type(*$C$DW$T$10)
     911                      .dwattr $C$DW$22, DW_AT_decl_file("C:/ti/ccs2030/ccs/tools/compiler/ti-cgt-c2000_22.6.2.LTS/include/_
TMS320C2000 Assembler PC v22.6.2 Tue Nov 18 13:15:16 2025

Copyright (c) 1996-2018 Texas Instruments Incorporated
app_anpc_operation.asm                                               PAGE   21

     912                      .dwattr $C$DW$22, DW_AT_decl_line(0x16f)
     913                      .dwattr $C$DW$22, DW_AT_decl_column(0x18)
     914                      .dwattr $C$DW$22, DW_AT_TI_max_frame_size(-6)
     915                      .dwpsn  file "C:/ti/ccs2030/ccs/tools/compiler/ti-cgt-c2000_22.6.2.LTS/include/_defs.h",line 368,colu
     916              
     917                      .dwfde $C$DW$CIE, ||__signbitl||
     918              $C$DW$23        .dwtag  DW_TAG_formal_parameter
     919                      .dwattr $C$DW$23, DW_AT_name("e")
     920                      .dwattr $C$DW$23, DW_AT_type(*$C$DW$T$59)
     921                      .dwattr $C$DW$23, DW_AT_location[DW_OP_reg12]
     922              
     923              
     924              ;***************************************************************
     925              ;* FNAME: __signbitl                    FR SIZE:   4           *
     926              ;*                                                             *
     927              ;* FUNCTION ENVIRONMENT                                        *
     928              ;*                                                             *
     929              ;* FUNCTION PROPERTIES                                         *
     930              ;*                            4 Parameter,  0 Auto,  0 SOE     *
     931              ;***************************************************************
     932              
     933              ||__signbitl||:
     934              ;* AR4   assigned to e
     935              $C$DW$24        .dwtag  DW_TAG_variable
     936                      .dwattr $C$DW$24, DW_AT_name("e")
     937                      .dwattr $C$DW$24, DW_AT_type(*$C$DW$T$60)
     938                      .dwattr $C$DW$24, DW_AT_location[DW_OP_reg12]
     939              
     940                      .dwcfi  cfa_offset, -2
     941                      .dwcfi  save_reg_to_mem, 26, 0
     942 00000000 FE04          ADDB      SP,#4                 ; [CPU_ARAU] 
     943                      .dwcfi  cfa_offset, -6
     944                      .dwpsn  file "C:/ti/ccs2030/ccs/tools/compiler/ti-cgt-c2000_22.6.2.LTS/include/_defs.h",line 368,colu
     945 00000001 0200          MOVB      ACC,#0                ; [CPU_ALU] |368| 
     946 00000002 1E44          MOVL      *-SP[4],ACC           ; [CPU_ALU] |368| 
     947 00000003 2B42          MOV       *-SP[2],#0            ; [CPU_ALU] |368| 
     948 00000004 2B41          MOV       *-SP[1],#0            ; [CPU_ALU] |368| 
     949 00000005 A3C4          MOVL      P,*+XAR4[0]           ; [CPU_ALU] |368| 
     950 00000006 06D4          MOVL      ACC,*+XAR4[2]         ; [CPU_ALU] |368| 
     951 00000007 18AB          AND       PL,#0                 ; [CPU_ALU] |368| 
         00000008 0000 
     952 00000009 18AA          AND       PH,#0                 ; [CPU_ALU] |368| 
         0000000a 0000 
     953 0000000b 9000          ANDB      AL,#0                 ; [CPU_ALU] |368| 
     954 0000000c 18A8          AND       AH,#32768             ; [CPU_ALU] |368| 
         0000000d 8000 
     955              $C$DW$25        .dwtag  DW_TAG_TI_branch
     956                      .dwattr $C$DW$25, DW_AT_low_pc(0x00)
     957                      .dwattr $C$DW$25, DW_AT_name("__c28xabi_cmpull")
     958                      .dwattr $C$DW$25, DW_AT_TI_call
     959              
     960 0000000e 7640!         LCR       #||__c28xabi_cmpull|| ; [CPU_ALU] |368| 
         0000000f 0000 
     961                      ; call occurs [#||__c28xabi_cmpull||] ; [] |368| 
     962 00000010 9B00          MOVB      AH,#0                 ; [CPU_ALU] |368| 
TMS320C2000 Assembler PC v22.6.2 Tue Nov 18 13:15:16 2025

Copyright (c) 1996-2018 Texas Instruments Incorporated
app_anpc_operation.asm                                               PAGE   22

     963 00000011 5200          CMPB      AL,#0                 ; [CPU_ALU] |368| 
     964 00000012 56B0          MOVB      AH,#1,NEQ             ; [CPU_ALU] |368| 
         00000013 01A8 
     965 00000014 92A8          MOV       AL,AH                 ; [CPU_ALU] |368| 
     966 00000015 FE84          SUBB      SP,#4                 ; [CPU_ARAU] 
     967                      .dwcfi  cfa_offset, -2
     968              $C$DW$26        .dwtag  DW_TAG_TI_branch
     969                      .dwattr $C$DW$26, DW_AT_low_pc(0x00)
     970                      .dwattr $C$DW$26, DW_AT_TI_return
     971              
     972 00000016 0006          LRETR     ; [CPU_ALU] 
     973                      ; return occurs ; [] 
     974                      .dwattr $C$DW$22, DW_AT_TI_end_file("C:/ti/ccs2030/ccs/tools/compiler/ti-cgt-c2000_22.6.2.LTS/include
     975                      .dwattr $C$DW$22, DW_AT_TI_end_line(0x170)
     976                      .dwattr $C$DW$22, DW_AT_TI_end_column(0x2b)
     977                      .dwendentry
     978                      .dwendtag $C$DW$22
     979              
     980 00000000               .sect   ".text:__signbitf"
     981                      .clink
     982                      .global ||__signbitf||
     983              
     984              $C$DW$27        .dwtag  DW_TAG_subprogram
     985                      .dwattr $C$DW$27, DW_AT_name("__signbitf")
     986                      .dwattr $C$DW$27, DW_AT_low_pc(||__signbitf||)
     987                      .dwattr $C$DW$27, DW_AT_high_pc(0x00)
     988                      .dwattr $C$DW$27, DW_AT_linkage_name("__signbitf")
     989                      .dwattr $C$DW$27, DW_AT_external
     990                      .dwattr $C$DW$27, DW_AT_type(*$C$DW$T$10)
     991                      .dwattr $C$DW$27, DW_AT_decl_file("C:/ti/ccs2030/ccs/tools/compiler/ti-cgt-c2000_22.6.2.LTS/include/_
     992                      .dwattr $C$DW$27, DW_AT_decl_line(0x16d)
     993                      .dwattr $C$DW$27, DW_AT_decl_column(0x18)
     994                      .dwattr $C$DW$27, DW_AT_TI_max_frame_size(-2)
     995                      .dwpsn  file "C:/ti/ccs2030/ccs/tools/compiler/ti-cgt-c2000_22.6.2.LTS/include/_defs.h",line 366,colu
     996              
     997                      .dwfde $C$DW$CIE, ||__signbitf||
     998              $C$DW$28        .dwtag  DW_TAG_formal_parameter
     999                      .dwattr $C$DW$28, DW_AT_name("f")
    1000                      .dwattr $C$DW$28, DW_AT_type(*$C$DW$T$16)
    1001                      .dwattr $C$DW$28, DW_AT_location[DW_OP_regx 0x2b]
    1002              
    1003              
    1004              ;***************************************************************
    1005              ;* FNAME: __signbitf                    FR SIZE:   0           *
    1006              ;*                                                             *
    1007              ;* FUNCTION ENVIRONMENT                                        *
    1008              ;*                                                             *
    1009              ;* FUNCTION PROPERTIES                                         *
    1010              ;*                            0 Parameter,  0 Auto,  0 SOE     *
    1011              ;***************************************************************
    1012              
    1013              ||__signbitf||:
    1014              ;* R0    assigned to f
    1015              $C$DW$29        .dwtag  DW_TAG_variable
    1016                      .dwattr $C$DW$29, DW_AT_name("f")
TMS320C2000 Assembler PC v22.6.2 Tue Nov 18 13:15:16 2025

Copyright (c) 1996-2018 Texas Instruments Incorporated
app_anpc_operation.asm                                               PAGE   23

    1017                      .dwattr $C$DW$29, DW_AT_type(*$C$DW$T$56)
    1018                      .dwattr $C$DW$29, DW_AT_location[DW_OP_regx 0x2b]
    1019              
    1020                      .dwcfi  cfa_offset, -2
    1021                      .dwcfi  save_reg_to_mem, 26, 0
    1022                      .dwpsn  file "C:/ti/ccs2030/ccs/tools/compiler/ti-cgt-c2000_22.6.2.LTS/include/_defs.h",line 366,colu
    1023 00000000 BFA9          MOV32     ACC,R0H               ; [CPU_FPU] |366| 
         00000001 0F12 
    1024 00000002 BE00          MOVB      XAR6,#0               ; [CPU_ALU] |366| 
    1025 00000003 9000          ANDB      AL,#0                 ; [CPU_ALU] |366| 
    1026 00000004 18A8          AND       AH,#32768             ; [CPU_ALU] |366| 
         00000005 8000 
    1027 00000006 FF58          TEST      ACC                   ; [CPU_ALU] |366| 
    1028 00000007 56B0          MOVB      XAR6,#1,NEQ           ; [CPU_ALU] |366| 
         00000008 01A6 
    1029 00000009 92A6          MOV       AL,AR6                ; [CPU_ALU] |366| 
    1030              $C$DW$30        .dwtag  DW_TAG_TI_branch
    1031                      .dwattr $C$DW$30, DW_AT_low_pc(0x00)
    1032                      .dwattr $C$DW$30, DW_AT_TI_return
    1033              
    1034 0000000a 0006          LRETR     ; [CPU_ALU] 
    1035                      ; return occurs ; [] 
    1036                      .dwattr $C$DW$27, DW_AT_TI_end_file("C:/ti/ccs2030/ccs/tools/compiler/ti-cgt-c2000_22.6.2.LTS/include
    1037                      .dwattr $C$DW$27, DW_AT_TI_end_line(0x16e)
    1038                      .dwattr $C$DW$27, DW_AT_TI_end_column(0x29)
    1039                      .dwendentry
    1040                      .dwendtag $C$DW$27
    1041              
    1042 00000000               .sect   ".text:__signbit"
    1043                      .clink
    1044                      .global ||__signbit||
    1045              
    1046              $C$DW$31        .dwtag  DW_TAG_subprogram
    1047                      .dwattr $C$DW$31, DW_AT_name("__signbit")
    1048                      .dwattr $C$DW$31, DW_AT_low_pc(||__signbit||)
    1049                      .dwattr $C$DW$31, DW_AT_high_pc(0x00)
    1050                      .dwattr $C$DW$31, DW_AT_linkage_name("__signbit")
    1051                      .dwattr $C$DW$31, DW_AT_external
    1052                      .dwattr $C$DW$31, DW_AT_type(*$C$DW$T$10)
    1053                      .dwattr $C$DW$31, DW_AT_decl_file("C:/ti/ccs2030/ccs/tools/compiler/ti-cgt-c2000_22.6.2.LTS/include/_
    1054                      .dwattr $C$DW$31, DW_AT_decl_line(0x16b)
    1055                      .dwattr $C$DW$31, DW_AT_decl_column(0x18)
    1056                      .dwattr $C$DW$31, DW_AT_TI_max_frame_size(-6)
    1057                      .dwpsn  file "C:/ti/ccs2030/ccs/tools/compiler/ti-cgt-c2000_22.6.2.LTS/include/_defs.h",line 364,colu
    1058              
    1059                      .dwfde $C$DW$CIE, ||__signbit||
    1060              $C$DW$32        .dwtag  DW_TAG_formal_parameter
    1061                      .dwattr $C$DW$32, DW_AT_name("d")
    1062                      .dwattr $C$DW$32, DW_AT_type(*$C$DW$T$57)
    1063                      .dwattr $C$DW$32, DW_AT_location[DW_OP_reg12]
    1064              
    1065              
    1066              ;***************************************************************
    1067              ;* FNAME: __signbit                     FR SIZE:   4           *
    1068              ;*                                                             *
TMS320C2000 Assembler PC v22.6.2 Tue Nov 18 13:15:16 2025

Copyright (c) 1996-2018 Texas Instruments Incorporated
app_anpc_operation.asm                                               PAGE   24

    1069              ;* FUNCTION ENVIRONMENT                                        *
    1070              ;*                                                             *
    1071              ;* FUNCTION PROPERTIES                                         *
    1072              ;*                            4 Parameter,  0 Auto,  0 SOE     *
    1073              ;***************************************************************
    1074              
    1075              ||__signbit||:
    1076              ;* AR4   assigned to d
    1077              $C$DW$33        .dwtag  DW_TAG_variable
    1078                      .dwattr $C$DW$33, DW_AT_name("d")
    1079                      .dwattr $C$DW$33, DW_AT_type(*$C$DW$T$58)
    1080                      .dwattr $C$DW$33, DW_AT_location[DW_OP_reg12]
    1081              
    1082                      .dwcfi  cfa_offset, -2
    1083                      .dwcfi  save_reg_to_mem, 26, 0
    1084 00000000 FE04          ADDB      SP,#4                 ; [CPU_ARAU] 
    1085                      .dwcfi  cfa_offset, -6
    1086                      .dwpsn  file "C:/ti/ccs2030/ccs/tools/compiler/ti-cgt-c2000_22.6.2.LTS/include/_defs.h",line 364,colu
    1087 00000001 0200          MOVB      ACC,#0                ; [CPU_ALU] |364| 
    1088 00000002 1E44          MOVL      *-SP[4],ACC           ; [CPU_ALU] |364| 
    1089 00000003 2B42          MOV       *-SP[2],#0            ; [CPU_ALU] |364| 
    1090 00000004 2B41          MOV       *-SP[1],#0            ; [CPU_ALU] |364| 
    1091 00000005 A3C4          MOVL      P,*+XAR4[0]           ; [CPU_ALU] |364| 
    1092 00000006 06D4          MOVL      ACC,*+XAR4[2]         ; [CPU_ALU] |364| 
    1093 00000007 18AB          AND       PL,#0                 ; [CPU_ALU] |364| 
         00000008 0000 
    1094 00000009 18AA          AND       PH,#0                 ; [CPU_ALU] |364| 
         0000000a 0000 
    1095 0000000b 9000          ANDB      AL,#0                 ; [CPU_ALU] |364| 
    1096 0000000c 18A8          AND       AH,#32768             ; [CPU_ALU] |364| 
         0000000d 8000 
    1097              $C$DW$34        .dwtag  DW_TAG_TI_branch
    1098                      .dwattr $C$DW$34, DW_AT_low_pc(0x00)
    1099                      .dwattr $C$DW$34, DW_AT_name("__c28xabi_cmpull")
    1100                      .dwattr $C$DW$34, DW_AT_TI_call
    1101              
    1102 0000000e 7640!         LCR       #||__c28xabi_cmpull|| ; [CPU_ALU] |364| 
         0000000f 0000 
    1103                      ; call occurs [#||__c28xabi_cmpull||] ; [] |364| 
    1104 00000010 9B00          MOVB      AH,#0                 ; [CPU_ALU] |364| 
    1105 00000011 5200          CMPB      AL,#0                 ; [CPU_ALU] |364| 
    1106 00000012 56B0          MOVB      AH,#1,NEQ             ; [CPU_ALU] |364| 
         00000013 01A8 
    1107 00000014 92A8          MOV       AL,AH                 ; [CPU_ALU] |364| 
    1108 00000015 FE84          SUBB      SP,#4                 ; [CPU_ARAU] 
    1109                      .dwcfi  cfa_offset, -2
    1110              $C$DW$35        .dwtag  DW_TAG_TI_branch
    1111                      .dwattr $C$DW$35, DW_AT_low_pc(0x00)
    1112                      .dwattr $C$DW$35, DW_AT_TI_return
    1113              
    1114 00000016 0006          LRETR     ; [CPU_ALU] 
    1115                      ; return occurs ; [] 
    1116                      .dwattr $C$DW$31, DW_AT_TI_end_file("C:/ti/ccs2030/ccs/tools/compiler/ti-cgt-c2000_22.6.2.LTS/include
    1117                      .dwattr $C$DW$31, DW_AT_TI_end_line(0x16c)
    1118                      .dwattr $C$DW$31, DW_AT_TI_end_column(0x2a)
TMS320C2000 Assembler PC v22.6.2 Tue Nov 18 13:15:16 2025

Copyright (c) 1996-2018 Texas Instruments Incorporated
app_anpc_operation.asm                                               PAGE   25

    1119                      .dwendentry
    1120                      .dwendtag $C$DW$31
    1121              
    1122 00000000               .sect   ".text:__relaxed_sqrtf"
    1123                      .clink
    1124                      .global ||__relaxed_sqrtf||
    1125              
    1126              $C$DW$36        .dwtag  DW_TAG_subprogram
    1127                      .dwattr $C$DW$36, DW_AT_name("__relaxed_sqrtf")
    1128                      .dwattr $C$DW$36, DW_AT_low_pc(||__relaxed_sqrtf||)
    1129                      .dwattr $C$DW$36, DW_AT_high_pc(0x00)
    1130                      .dwattr $C$DW$36, DW_AT_linkage_name("__relaxed_sqrtf")
    1131                      .dwattr $C$DW$36, DW_AT_external
    1132                      .dwattr $C$DW$36, DW_AT_type(*$C$DW$T$16)
    1133                      .dwattr $C$DW$36, DW_AT_decl_file("C:/ti/ccs2030/ccs/tools/compiler/ti-cgt-c2000_22.6.2.LTS/include/m
    1134                      .dwattr $C$DW$36, DW_AT_decl_line(0x103)
    1135                      .dwattr $C$DW$36, DW_AT_decl_column(0x10)
    1136                      .dwattr $C$DW$36, DW_AT_TI_max_frame_size(-2)
    1137                      .dwpsn  file "C:/ti/ccs2030/ccs/tools/compiler/ti-cgt-c2000_22.6.2.LTS/include/math.h",line 260,colum
    1138              
    1139                      .dwfde $C$DW$CIE, ||__relaxed_sqrtf||
    1140              $C$DW$37        .dwtag  DW_TAG_formal_parameter
    1141                      .dwattr $C$DW$37, DW_AT_name("x")
    1142                      .dwattr $C$DW$37, DW_AT_type(*$C$DW$T$16)
    1143                      .dwattr $C$DW$37, DW_AT_location[DW_OP_regx 0x2b]
    1144              
    1145              
    1146              ;***************************************************************
    1147              ;* FNAME: __relaxed_sqrtf               FR SIZE:   0           *
    1148              ;*                                                             *
    1149              ;* FUNCTION ENVIRONMENT                                        *
    1150              ;*                                                             *
    1151              ;* FUNCTION PROPERTIES                                         *
    1152              ;*                            0 Parameter,  0 Auto,  0 SOE     *
    1153              ;***************************************************************
    1154              
    1155              ||__relaxed_sqrtf||:
    1156              ;* R0    assigned to x
    1157              $C$DW$38        .dwtag  DW_TAG_variable
    1158                      .dwattr $C$DW$38, DW_AT_name("x")
    1159                      .dwattr $C$DW$38, DW_AT_type(*$C$DW$T$56)
    1160                      .dwattr $C$DW$38, DW_AT_location[DW_OP_regx 0x2b]
    1161              
    1162                      .dwcfi  cfa_offset, -2
    1163                      .dwcfi  save_reg_to_mem, 26, 0
    1164                      .dwpsn  file "C:/ti/ccs2030/ccs/tools/compiler/ti-cgt-c2000_22.6.2.LTS/include/math.h",line 261,colum
    1165 00000000 E277          SQRTF32   R0H,R0H               ; [CPU_FPU] |261| 
         00000001 0000 
    1166 00000002 7700          NOP       ; [CPU_ALU] 
    1167 00000003 7700          NOP       ; [CPU_ALU] 
    1168 00000004 7700          NOP       ; [CPU_ALU] 
    1169              $C$DW$39        .dwtag  DW_TAG_TI_branch
    1170                      .dwattr $C$DW$39, DW_AT_low_pc(0x00)
    1171                      .dwattr $C$DW$39, DW_AT_TI_return
    1172              
TMS320C2000 Assembler PC v22.6.2 Tue Nov 18 13:15:16 2025

Copyright (c) 1996-2018 Texas Instruments Incorporated
app_anpc_operation.asm                                               PAGE   26

    1173 00000005 0006          LRETR     ; [CPU_ALU] 
    1174                      ; return occurs ; [] 
    1175                      .dwattr $C$DW$36, DW_AT_TI_end_file("C:/ti/ccs2030/ccs/tools/compiler/ti-cgt-c2000_22.6.2.LTS/include
    1176                      .dwattr $C$DW$36, DW_AT_TI_end_line(0x106)
    1177                      .dwattr $C$DW$36, DW_AT_TI_end_column(0x01)
    1178                      .dwendentry
    1179                      .dwendtag $C$DW$36
    1180              
    1181 00000000               .sect   ".text:__relaxed_sinf"
    1182                      .clink
    1183                      .global ||__relaxed_sinf||
    1184              
    1185              $C$DW$40        .dwtag  DW_TAG_subprogram
    1186                      .dwattr $C$DW$40, DW_AT_name("__relaxed_sinf")
    1187                      .dwattr $C$DW$40, DW_AT_low_pc(||__relaxed_sinf||)
    1188                      .dwattr $C$DW$40, DW_AT_high_pc(0x00)
    1189                      .dwattr $C$DW$40, DW_AT_linkage_name("__relaxed_sinf")
    1190                      .dwattr $C$DW$40, DW_AT_external
    1191                      .dwattr $C$DW$40, DW_AT_type(*$C$DW$T$16)
    1192                      .dwattr $C$DW$40, DW_AT_decl_file("C:/ti/ccs2030/ccs/tools/compiler/ti-cgt-c2000_22.6.2.LTS/include/m
    1193                      .dwattr $C$DW$40, DW_AT_decl_line(0x108)
    1194                      .dwattr $C$DW$40, DW_AT_decl_column(0x10)
    1195                      .dwattr $C$DW$40, DW_AT_TI_max_frame_size(-2)
    1196                      .dwpsn  file "C:/ti/ccs2030/ccs/tools/compiler/ti-cgt-c2000_22.6.2.LTS/include/math.h",line 265,colum
    1197              
    1198                      .dwfde $C$DW$CIE, ||__relaxed_sinf||
    1199              $C$DW$41        .dwtag  DW_TAG_formal_parameter
    1200                      .dwattr $C$DW$41, DW_AT_name("x")
    1201                      .dwattr $C$DW$41, DW_AT_type(*$C$DW$T$16)
    1202                      .dwattr $C$DW$41, DW_AT_location[DW_OP_regx 0x2b]
    1203              
    1204              
    1205              ;***************************************************************
    1206              ;* FNAME: __relaxed_sinf                FR SIZE:   0           *
    1207              ;*                                                             *
    1208              ;* FUNCTION ENVIRONMENT                                        *
    1209              ;*                                                             *
    1210              ;* FUNCTION PROPERTIES                                         *
    1211              ;*                            0 Parameter,  0 Auto,  0 SOE     *
    1212              ;***************************************************************
    1213              
    1214              ||__relaxed_sinf||:
    1215              ;* R0    assigned to x
    1216              $C$DW$42        .dwtag  DW_TAG_variable
    1217                      .dwattr $C$DW$42, DW_AT_name("x")
    1218                      .dwattr $C$DW$42, DW_AT_type(*$C$DW$T$56)
    1219                      .dwattr $C$DW$42, DW_AT_location[DW_OP_regx 0x2b]
    1220              
    1221                      .dwcfi  cfa_offset, -2
    1222                      .dwcfi  save_reg_to_mem, 26, 0
    1223                      .dwpsn  file "C:/ti/ccs2030/ccs/tools/compiler/ti-cgt-c2000_22.6.2.LTS/include/math.h",line 266,colum
    1224 00000000 E271          DIV2PIF32 R0H,R0H               ; [CPU_FPU] |266| 
         00000001 0000 
    1225 00000002 7700          NOP       ; [CPU_ALU] 
    1226 00000003 E278          SINPUF32  R0H,R0H               ; [CPU_FPU] |266| 
TMS320C2000 Assembler PC v22.6.2 Tue Nov 18 13:15:16 2025

Copyright (c) 1996-2018 Texas Instruments Incorporated
app_anpc_operation.asm                                               PAGE   27

         00000004 0000 
    1227 00000005 7700          NOP       ; [CPU_ALU] 
    1228 00000006 7700          NOP       ; [CPU_ALU] 
    1229              $C$DW$43        .dwtag  DW_TAG_TI_branch
    1230                      .dwattr $C$DW$43, DW_AT_low_pc(0x00)
    1231                      .dwattr $C$DW$43, DW_AT_TI_return
    1232              
    1233 00000007 0006          LRETR     ; [CPU_ALU] 
    1234                      ; return occurs ; [] 
    1235                      .dwattr $C$DW$40, DW_AT_TI_end_file("C:/ti/ccs2030/ccs/tools/compiler/ti-cgt-c2000_22.6.2.LTS/include
    1236                      .dwattr $C$DW$40, DW_AT_TI_end_line(0x10b)
    1237                      .dwattr $C$DW$40, DW_AT_TI_end_column(0x01)
    1238                      .dwendentry
    1239                      .dwendtag $C$DW$40
    1240              
    1241 00000000               .sect   ".text:__relaxed_fmodf"
    1242                      .clink
    1243                      .global ||__relaxed_fmodf||
    1244              
    1245              $C$DW$44        .dwtag  DW_TAG_subprogram
    1246                      .dwattr $C$DW$44, DW_AT_name("__relaxed_fmodf")
    1247                      .dwattr $C$DW$44, DW_AT_low_pc(||__relaxed_fmodf||)
    1248                      .dwattr $C$DW$44, DW_AT_high_pc(0x00)
    1249                      .dwattr $C$DW$44, DW_AT_linkage_name("__relaxed_fmodf")
    1250                      .dwattr $C$DW$44, DW_AT_external
    1251                      .dwattr $C$DW$44, DW_AT_type(*$C$DW$T$16)
    1252                      .dwattr $C$DW$44, DW_AT_decl_file("C:/ti/ccs2030/ccs/tools/compiler/ti-cgt-c2000_22.6.2.LTS/include/m
    1253                      .dwattr $C$DW$44, DW_AT_decl_line(0x11c)
    1254                      .dwattr $C$DW$44, DW_AT_decl_column(0x10)
    1255                      .dwattr $C$DW$44, DW_AT_TI_max_frame_size(-2)
    1256                      .dwpsn  file "C:/ti/ccs2030/ccs/tools/compiler/ti-cgt-c2000_22.6.2.LTS/include/math.h",line 285,colum
    1257              
    1258                      .dwfde $C$DW$CIE, ||__relaxed_fmodf||
    1259              $C$DW$45        .dwtag  DW_TAG_formal_parameter
    1260                      .dwattr $C$DW$45, DW_AT_name("y")
    1261                      .dwattr $C$DW$45, DW_AT_type(*$C$DW$T$16)
    1262                      .dwattr $C$DW$45, DW_AT_location[DW_OP_regx 0x2b]
    1263              
    1264              $C$DW$46        .dwtag  DW_TAG_formal_parameter
    1265                      .dwattr $C$DW$46, DW_AT_name("x")
    1266                      .dwattr $C$DW$46, DW_AT_type(*$C$DW$T$16)
    1267                      .dwattr $C$DW$46, DW_AT_location[DW_OP_regx 0x2f]
    1268              
    1269              
    1270              ;***************************************************************
    1271              ;* FNAME: __relaxed_fmodf               FR SIZE:   0           *
    1272              ;*                                                             *
    1273              ;* FUNCTION ENVIRONMENT                                        *
    1274              ;*                                                             *
    1275              ;* FUNCTION PROPERTIES                                         *
    1276              ;*                            0 Parameter,  0 Auto,  0 SOE     *
    1277              ;***************************************************************
    1278              
    1279              ||__relaxed_fmodf||:
    1280              ;* R0    assigned to y
TMS320C2000 Assembler PC v22.6.2 Tue Nov 18 13:15:16 2025

Copyright (c) 1996-2018 Texas Instruments Incorporated
app_anpc_operation.asm                                               PAGE   28

    1281              $C$DW$47        .dwtag  DW_TAG_variable
    1282                      .dwattr $C$DW$47, DW_AT_name("y")
    1283                      .dwattr $C$DW$47, DW_AT_type(*$C$DW$T$56)
    1284                      .dwattr $C$DW$47, DW_AT_location[DW_OP_regx 0x2b]
    1285              
    1286              ;* R1    assigned to x
    1287              $C$DW$48        .dwtag  DW_TAG_variable
    1288                      .dwattr $C$DW$48, DW_AT_name("x")
    1289                      .dwattr $C$DW$48, DW_AT_type(*$C$DW$T$56)
    1290                      .dwattr $C$DW$48, DW_AT_location[DW_OP_regx 0x2f]
    1291              
    1292                      .dwcfi  cfa_offset, -2
    1293                      .dwcfi  save_reg_to_mem, 26, 0
    1294                      .dwpsn  file "C:/ti/ccs2030/ccs/tools/compiler/ti-cgt-c2000_22.6.2.LTS/include/math.h",line 286,colum
    1295 00000000 E274          DIVF32    R2H,R0H,R1H           ; [CPU_FPU] |286| 
         00000001 0042 
    1296 00000002 7700          NOP       ; [CPU_ALU] 
    1297 00000003 7700          NOP       ; [CPU_ALU] 
    1298 00000004 7700          NOP       ; [CPU_ALU] 
    1299 00000005 7700          NOP       ; [CPU_ALU] 
    1300 00000006 E688          F32TOI32  R2H,R2H               ; [CPU_FPU] |286| 
         00000007 0012 
    1301 00000008 7700          NOP       ; [CPU_ALU] 
    1302 00000009 E689          I32TOF32  R2H,R2H               ; [CPU_FPU] |286| 
         0000000a 0012 
    1303 0000000b 7700          NOP       ; [CPU_ALU] 
    1304 0000000c E700          MPYF32    R1H,R1H,R2H           ; [CPU_FPU] |286| 
         0000000d 0089 
    1305 0000000e 7700          NOP       ; [CPU_ALU] 
    1306 0000000f E720          SUBF32    R0H,R0H,R1H           ; [CPU_FPU] |286| 
         00000010 0040 
    1307              $C$DW$49        .dwtag  DW_TAG_TI_branch
    1308                      .dwattr $C$DW$49, DW_AT_low_pc(0x00)
    1309                      .dwattr $C$DW$49, DW_AT_TI_return
    1310              
    1311 00000011 0006          LRETR     ; [CPU_ALU] 
    1312                      ; return occurs ; [] 
    1313                      .dwattr $C$DW$44, DW_AT_TI_end_file("C:/ti/ccs2030/ccs/tools/compiler/ti-cgt-c2000_22.6.2.LTS/include
    1314                      .dwattr $C$DW$44, DW_AT_TI_end_line(0x11f)
    1315                      .dwattr $C$DW$44, DW_AT_TI_end_column(0x01)
    1316                      .dwendentry
    1317                      .dwendtag $C$DW$44
    1318              
    1319 00000000               .sect   ".text:__relaxed_fminf"
    1320                      .clink
    1321                      .global ||__relaxed_fminf||
    1322              
    1323              $C$DW$50        .dwtag  DW_TAG_subprogram
    1324                      .dwattr $C$DW$50, DW_AT_name("__relaxed_fminf")
    1325                      .dwattr $C$DW$50, DW_AT_low_pc(||__relaxed_fminf||)
    1326                      .dwattr $C$DW$50, DW_AT_high_pc(0x00)
    1327                      .dwattr $C$DW$50, DW_AT_linkage_name("__relaxed_fminf")
    1328                      .dwattr $C$DW$50, DW_AT_external
    1329                      .dwattr $C$DW$50, DW_AT_type(*$C$DW$T$16)
    1330                      .dwattr $C$DW$50, DW_AT_decl_file("C:/ti/ccs2030/ccs/tools/compiler/ti-cgt-c2000_22.6.2.LTS/include/m
TMS320C2000 Assembler PC v22.6.2 Tue Nov 18 13:15:16 2025

Copyright (c) 1996-2018 Texas Instruments Incorporated
app_anpc_operation.asm                                               PAGE   29

    1331                      .dwattr $C$DW$50, DW_AT_decl_line(0xee)
    1332                      .dwattr $C$DW$50, DW_AT_decl_column(0x10)
    1333                      .dwattr $C$DW$50, DW_AT_TI_max_frame_size(-2)
    1334                      .dwpsn  file "C:/ti/ccs2030/ccs/tools/compiler/ti-cgt-c2000_22.6.2.LTS/include/math.h",line 239,colum
    1335              
    1336                      .dwfde $C$DW$CIE, ||__relaxed_fminf||
    1337              $C$DW$51        .dwtag  DW_TAG_formal_parameter
    1338                      .dwattr $C$DW$51, DW_AT_name("x")
    1339                      .dwattr $C$DW$51, DW_AT_type(*$C$DW$T$16)
    1340                      .dwattr $C$DW$51, DW_AT_location[DW_OP_regx 0x2b]
    1341              
    1342              $C$DW$52        .dwtag  DW_TAG_formal_parameter
    1343                      .dwattr $C$DW$52, DW_AT_name("y")
    1344                      .dwattr $C$DW$52, DW_AT_type(*$C$DW$T$16)
    1345                      .dwattr $C$DW$52, DW_AT_location[DW_OP_regx 0x2f]
    1346              
    1347              
    1348              ;***************************************************************
    1349              ;* FNAME: __relaxed_fminf               FR SIZE:   0           *
    1350              ;*                                                             *
    1351              ;* FUNCTION ENVIRONMENT                                        *
    1352              ;*                                                             *
    1353              ;* FUNCTION PROPERTIES                                         *
    1354              ;*                            0 Parameter,  0 Auto,  0 SOE     *
    1355              ;***************************************************************
    1356              
    1357              ||__relaxed_fminf||:
    1358              ;* R1    assigned to y
    1359              $C$DW$53        .dwtag  DW_TAG_variable
    1360                      .dwattr $C$DW$53, DW_AT_name("y")
    1361                      .dwattr $C$DW$53, DW_AT_type(*$C$DW$T$56)
    1362                      .dwattr $C$DW$53, DW_AT_location[DW_OP_regx 0x2f]
    1363              
    1364                      .dwcfi  cfa_offset, -2
    1365                      .dwcfi  save_reg_to_mem, 26, 0
    1366                      .dwpsn  file "C:/ti/ccs2030/ccs/tools/compiler/ti-cgt-c2000_22.6.2.LTS/include/math.h",line 240,colum
    1367 00000000 E697          MINF32    R0H,R1H               ; [CPU_FPU] |240| 
         00000001 0008 
    1368              $C$DW$54        .dwtag  DW_TAG_TI_branch
    1369                      .dwattr $C$DW$54, DW_AT_low_pc(0x00)
    1370                      .dwattr $C$DW$54, DW_AT_TI_return
    1371              
    1372 00000002 0006          LRETR     ; [CPU_ALU] 
    1373                      ; return occurs ; [] 
    1374                      .dwattr $C$DW$50, DW_AT_TI_end_file("C:/ti/ccs2030/ccs/tools/compiler/ti-cgt-c2000_22.6.2.LTS/include
    1375                      .dwattr $C$DW$50, DW_AT_TI_end_line(0xf1)
    1376                      .dwattr $C$DW$50, DW_AT_TI_end_column(0x01)
    1377                      .dwendentry
    1378                      .dwendtag $C$DW$50
    1379              
    1380 00000000               .sect   ".text:__relaxed_fmaxf"
    1381                      .clink
    1382                      .global ||__relaxed_fmaxf||
    1383              
    1384              $C$DW$55        .dwtag  DW_TAG_subprogram
TMS320C2000 Assembler PC v22.6.2 Tue Nov 18 13:15:16 2025

Copyright (c) 1996-2018 Texas Instruments Incorporated
app_anpc_operation.asm                                               PAGE   30

    1385                      .dwattr $C$DW$55, DW_AT_name("__relaxed_fmaxf")
    1386                      .dwattr $C$DW$55, DW_AT_low_pc(||__relaxed_fmaxf||)
    1387                      .dwattr $C$DW$55, DW_AT_high_pc(0x00)
    1388                      .dwattr $C$DW$55, DW_AT_linkage_name("__relaxed_fmaxf")
    1389                      .dwattr $C$DW$55, DW_AT_external
    1390                      .dwattr $C$DW$55, DW_AT_type(*$C$DW$T$16)
    1391                      .dwattr $C$DW$55, DW_AT_decl_file("C:/ti/ccs2030/ccs/tools/compiler/ti-cgt-c2000_22.6.2.LTS/include/m
    1392                      .dwattr $C$DW$55, DW_AT_decl_line(0xe8)
    1393                      .dwattr $C$DW$55, DW_AT_decl_column(0x10)
    1394                      .dwattr $C$DW$55, DW_AT_TI_max_frame_size(-2)
    1395                      .dwpsn  file "C:/ti/ccs2030/ccs/tools/compiler/ti-cgt-c2000_22.6.2.LTS/include/math.h",line 233,colum
    1396              
    1397                      .dwfde $C$DW$CIE, ||__relaxed_fmaxf||
    1398              $C$DW$56        .dwtag  DW_TAG_formal_parameter
    1399                      .dwattr $C$DW$56, DW_AT_name("x")
    1400                      .dwattr $C$DW$56, DW_AT_type(*$C$DW$T$16)
    1401                      .dwattr $C$DW$56, DW_AT_location[DW_OP_regx 0x2b]
    1402              
    1403              $C$DW$57        .dwtag  DW_TAG_formal_parameter
    1404                      .dwattr $C$DW$57, DW_AT_name("y")
    1405                      .dwattr $C$DW$57, DW_AT_type(*$C$DW$T$16)
    1406                      .dwattr $C$DW$57, DW_AT_location[DW_OP_regx 0x2f]
    1407              
    1408              
    1409              ;***************************************************************
    1410              ;* FNAME: __relaxed_fmaxf               FR SIZE:   0           *
    1411              ;*                                                             *
    1412              ;* FUNCTION ENVIRONMENT                                        *
    1413              ;*                                                             *
    1414              ;* FUNCTION PROPERTIES                                         *
    1415              ;*                            0 Parameter,  0 Auto,  0 SOE     *
    1416              ;***************************************************************
    1417              
    1418              ||__relaxed_fmaxf||:
    1419              ;* R1    assigned to y
    1420              $C$DW$58        .dwtag  DW_TAG_variable
    1421                      .dwattr $C$DW$58, DW_AT_name("y")
    1422                      .dwattr $C$DW$58, DW_AT_type(*$C$DW$T$56)
    1423                      .dwattr $C$DW$58, DW_AT_location[DW_OP_regx 0x2f]
    1424              
    1425                      .dwcfi  cfa_offset, -2
    1426                      .dwcfi  save_reg_to_mem, 26, 0
    1427                      .dwpsn  file "C:/ti/ccs2030/ccs/tools/compiler/ti-cgt-c2000_22.6.2.LTS/include/math.h",line 234,colum
    1428 00000000 E696          MAXF32    R0H,R1H               ; [CPU_FPU] |234| 
         00000001 0008 
    1429              $C$DW$59        .dwtag  DW_TAG_TI_branch
    1430                      .dwattr $C$DW$59, DW_AT_low_pc(0x00)
    1431                      .dwattr $C$DW$59, DW_AT_TI_return
    1432              
    1433 00000002 0006          LRETR     ; [CPU_ALU] 
    1434                      ; return occurs ; [] 
    1435                      .dwattr $C$DW$55, DW_AT_TI_end_file("C:/ti/ccs2030/ccs/tools/compiler/ti-cgt-c2000_22.6.2.LTS/include
    1436                      .dwattr $C$DW$55, DW_AT_TI_end_line(0xeb)
    1437                      .dwattr $C$DW$55, DW_AT_TI_end_column(0x01)
    1438                      .dwendentry
TMS320C2000 Assembler PC v22.6.2 Tue Nov 18 13:15:16 2025

Copyright (c) 1996-2018 Texas Instruments Incorporated
app_anpc_operation.asm                                               PAGE   31

    1439                      .dwendtag $C$DW$55
    1440              
    1441 00000000               .sect   ".text:__relaxed_cosf"
    1442                      .clink
    1443                      .global ||__relaxed_cosf||
    1444              
    1445              $C$DW$60        .dwtag  DW_TAG_subprogram
    1446                      .dwattr $C$DW$60, DW_AT_name("__relaxed_cosf")
    1447                      .dwattr $C$DW$60, DW_AT_low_pc(||__relaxed_cosf||)
    1448                      .dwattr $C$DW$60, DW_AT_high_pc(0x00)
    1449                      .dwattr $C$DW$60, DW_AT_linkage_name("__relaxed_cosf")
    1450                      .dwattr $C$DW$60, DW_AT_external
    1451                      .dwattr $C$DW$60, DW_AT_type(*$C$DW$T$16)
    1452                      .dwattr $C$DW$60, DW_AT_decl_file("C:/ti/ccs2030/ccs/tools/compiler/ti-cgt-c2000_22.6.2.LTS/include/m
    1453                      .dwattr $C$DW$60, DW_AT_decl_line(0x10d)
    1454                      .dwattr $C$DW$60, DW_AT_decl_column(0x10)
    1455                      .dwattr $C$DW$60, DW_AT_TI_max_frame_size(-2)
    1456                      .dwpsn  file "C:/ti/ccs2030/ccs/tools/compiler/ti-cgt-c2000_22.6.2.LTS/include/math.h",line 270,colum
    1457              
    1458                      .dwfde $C$DW$CIE, ||__relaxed_cosf||
    1459              $C$DW$61        .dwtag  DW_TAG_formal_parameter
    1460                      .dwattr $C$DW$61, DW_AT_name("x")
    1461                      .dwattr $C$DW$61, DW_AT_type(*$C$DW$T$16)
    1462                      .dwattr $C$DW$61, DW_AT_location[DW_OP_regx 0x2b]
    1463              
    1464              
    1465              ;***************************************************************
    1466              ;* FNAME: __relaxed_cosf                FR SIZE:   0           *
    1467              ;*                                                             *
    1468              ;* FUNCTION ENVIRONMENT                                        *
    1469              ;*                                                             *
    1470              ;* FUNCTION PROPERTIES                                         *
    1471              ;*                            0 Parameter,  0 Auto,  0 SOE     *
    1472              ;***************************************************************
    1473              
    1474              ||__relaxed_cosf||:
    1475              ;* R0    assigned to x
    1476              $C$DW$62        .dwtag  DW_TAG_variable
    1477                      .dwattr $C$DW$62, DW_AT_name("x")
    1478                      .dwattr $C$DW$62, DW_AT_type(*$C$DW$T$56)
    1479                      .dwattr $C$DW$62, DW_AT_location[DW_OP_regx 0x2b]
    1480              
    1481                      .dwcfi  cfa_offset, -2
    1482                      .dwcfi  save_reg_to_mem, 26, 0
    1483                      .dwpsn  file "C:/ti/ccs2030/ccs/tools/compiler/ti-cgt-c2000_22.6.2.LTS/include/math.h",line 271,colum
    1484 00000000 E271          DIV2PIF32 R0H,R0H               ; [CPU_FPU] |271| 
         00000001 0000 
    1485 00000002 7700          NOP       ; [CPU_ALU] 
    1486 00000003 E279          COSPUF32  R0H,R0H               ; [CPU_FPU] |271| 
         00000004 0000 
    1487 00000005 7700          NOP       ; [CPU_ALU] 
    1488 00000006 7700          NOP       ; [CPU_ALU] 
    1489              $C$DW$63        .dwtag  DW_TAG_TI_branch
    1490                      .dwattr $C$DW$63, DW_AT_low_pc(0x00)
    1491                      .dwattr $C$DW$63, DW_AT_TI_return
TMS320C2000 Assembler PC v22.6.2 Tue Nov 18 13:15:16 2025

Copyright (c) 1996-2018 Texas Instruments Incorporated
app_anpc_operation.asm                                               PAGE   32

    1492              
    1493 00000007 0006          LRETR     ; [CPU_ALU] 
    1494                      ; return occurs ; [] 
    1495                      .dwattr $C$DW$60, DW_AT_TI_end_file("C:/ti/ccs2030/ccs/tools/compiler/ti-cgt-c2000_22.6.2.LTS/include
    1496                      .dwattr $C$DW$60, DW_AT_TI_end_line(0x110)
    1497                      .dwattr $C$DW$60, DW_AT_TI_end_column(0x01)
    1498                      .dwendentry
    1499                      .dwendtag $C$DW$60
    1500              
    1501 00000000               .sect   ".text:__relaxed_atanf"
    1502                      .clink
    1503                      .global ||__relaxed_atanf||
    1504              
    1505              $C$DW$64        .dwtag  DW_TAG_subprogram
    1506                      .dwattr $C$DW$64, DW_AT_name("__relaxed_atanf")
    1507                      .dwattr $C$DW$64, DW_AT_low_pc(||__relaxed_atanf||)
    1508                      .dwattr $C$DW$64, DW_AT_high_pc(0x00)
    1509                      .dwattr $C$DW$64, DW_AT_linkage_name("__relaxed_atanf")
    1510                      .dwattr $C$DW$64, DW_AT_external
    1511                      .dwattr $C$DW$64, DW_AT_type(*$C$DW$T$16)
    1512                      .dwattr $C$DW$64, DW_AT_decl_file("C:/ti/ccs2030/ccs/tools/compiler/ti-cgt-c2000_22.6.2.LTS/include/m
    1513                      .dwattr $C$DW$64, DW_AT_decl_line(0x112)
    1514                      .dwattr $C$DW$64, DW_AT_decl_column(0x10)
    1515                      .dwattr $C$DW$64, DW_AT_TI_max_frame_size(-2)
    1516                      .dwpsn  file "C:/ti/ccs2030/ccs/tools/compiler/ti-cgt-c2000_22.6.2.LTS/include/math.h",line 275,colum
    1517              
    1518                      .dwfde $C$DW$CIE, ||__relaxed_atanf||
    1519              $C$DW$65        .dwtag  DW_TAG_formal_parameter
    1520                      .dwattr $C$DW$65, DW_AT_name("x")
    1521                      .dwattr $C$DW$65, DW_AT_type(*$C$DW$T$16)
    1522                      .dwattr $C$DW$65, DW_AT_location[DW_OP_regx 0x2b]
    1523              
    1524              
    1525              ;***************************************************************
    1526              ;* FNAME: __relaxed_atanf               FR SIZE:   0           *
    1527              ;*                                                             *
    1528              ;* FUNCTION ENVIRONMENT                                        *
    1529              ;*                                                             *
    1530              ;* FUNCTION PROPERTIES                                         *
    1531              ;*                            0 Parameter,  0 Auto,  0 SOE     *
    1532              ;***************************************************************
    1533              
    1534              ||__relaxed_atanf||:
    1535              ;* R0    assigned to x
    1536              $C$DW$66        .dwtag  DW_TAG_variable
    1537                      .dwattr $C$DW$66, DW_AT_name("x")
    1538                      .dwattr $C$DW$66, DW_AT_type(*$C$DW$T$56)
    1539                      .dwattr $C$DW$66, DW_AT_location[DW_OP_regx 0x2b]
    1540              
    1541                      .dwcfi  cfa_offset, -2
    1542                      .dwcfi  save_reg_to_mem, 26, 0
    1543                      .dwpsn  file "C:/ti/ccs2030/ccs/tools/compiler/ti-cgt-c2000_22.6.2.LTS/include/math.h",line 276,colum
    1544 00000000 E801          MOVIZ     R1H,#16256            ; [CPU_FPU] |276| 
         00000001 FC01 
    1545 00000002 E27C          QUADF32   R1H,R0H,R0H,R1H       ; [CPU_FPU] |276| 
TMS320C2000 Assembler PC v22.6.2 Tue Nov 18 13:15:16 2025

Copyright (c) 1996-2018 Texas Instruments Incorporated
app_anpc_operation.asm                                               PAGE   33

         00000003 0201 
    1546 00000004 7700          NOP       ; [CPU_ALU] 
    1547 00000005 7700          NOP       ; [CPU_ALU] 
    1548 00000006 7700          NOP       ; [CPU_ALU] 
    1549 00000007 7700          NOP       ; [CPU_ALU] 
    1550 00000008 E27A          ATANPUF32 R0H,R0H               ; [CPU_FPU] |276| 
         00000009 0000 
    1551 0000000a 7700          NOP       ; [CPU_ALU] 
    1552 0000000b 7700          NOP       ; [CPU_ALU] 
    1553 0000000c 7700          NOP       ; [CPU_ALU] 
    1554 0000000d E710          ADDF32    R0H,R0H,R1H           ; [CPU_FPU] |276| 
         0000000e 0040 
    1555 0000000f 7700          NOP       ; [CPU_ALU] 
    1556 00000010 7700          NOP       ; [CPU_ALU] 
    1557 00000011 E270          MPY2PIF32 R0H,R0H               ; [CPU_FPU] |276| 
         00000012 0000 
    1558 00000013 7700          NOP       ; [CPU_ALU] 
    1559              $C$DW$67        .dwtag  DW_TAG_TI_branch
    1560                      .dwattr $C$DW$67, DW_AT_low_pc(0x00)
    1561                      .dwattr $C$DW$67, DW_AT_TI_return
    1562              
    1563 00000014 0006          LRETR     ; [CPU_ALU] 
    1564                      ; return occurs ; [] 
    1565                      .dwattr $C$DW$64, DW_AT_TI_end_file("C:/ti/ccs2030/ccs/tools/compiler/ti-cgt-c2000_22.6.2.LTS/include
    1566                      .dwattr $C$DW$64, DW_AT_TI_end_line(0x115)
    1567                      .dwattr $C$DW$64, DW_AT_TI_end_column(0x01)
    1568                      .dwendentry
    1569                      .dwendtag $C$DW$64
    1570              
    1571 00000000               .sect   ".text:__relaxed_atan2f"
    1572                      .clink
    1573                      .global ||__relaxed_atan2f||
    1574              
    1575              $C$DW$68        .dwtag  DW_TAG_subprogram
    1576                      .dwattr $C$DW$68, DW_AT_name("__relaxed_atan2f")
    1577                      .dwattr $C$DW$68, DW_AT_low_pc(||__relaxed_atan2f||)
    1578                      .dwattr $C$DW$68, DW_AT_high_pc(0x00)
    1579                      .dwattr $C$DW$68, DW_AT_linkage_name("__relaxed_atan2f")
    1580                      .dwattr $C$DW$68, DW_AT_external
    1581                      .dwattr $C$DW$68, DW_AT_type(*$C$DW$T$16)
    1582                      .dwattr $C$DW$68, DW_AT_decl_file("C:/ti/ccs2030/ccs/tools/compiler/ti-cgt-c2000_22.6.2.LTS/include/m
    1583                      .dwattr $C$DW$68, DW_AT_decl_line(0x117)
    1584                      .dwattr $C$DW$68, DW_AT_decl_column(0x10)
    1585                      .dwattr $C$DW$68, DW_AT_TI_max_frame_size(-2)
    1586                      .dwpsn  file "C:/ti/ccs2030/ccs/tools/compiler/ti-cgt-c2000_22.6.2.LTS/include/math.h",line 280,colum
    1587              
    1588                      .dwfde $C$DW$CIE, ||__relaxed_atan2f||
    1589              $C$DW$69        .dwtag  DW_TAG_formal_parameter
    1590                      .dwattr $C$DW$69, DW_AT_name("y")
    1591                      .dwattr $C$DW$69, DW_AT_type(*$C$DW$T$16)
    1592                      .dwattr $C$DW$69, DW_AT_location[DW_OP_regx 0x2b]
    1593              
    1594              $C$DW$70        .dwtag  DW_TAG_formal_parameter
    1595                      .dwattr $C$DW$70, DW_AT_name("x")
    1596                      .dwattr $C$DW$70, DW_AT_type(*$C$DW$T$16)
TMS320C2000 Assembler PC v22.6.2 Tue Nov 18 13:15:16 2025

Copyright (c) 1996-2018 Texas Instruments Incorporated
app_anpc_operation.asm                                               PAGE   34

    1597                      .dwattr $C$DW$70, DW_AT_location[DW_OP_regx 0x2f]
    1598              
    1599              
    1600              ;***************************************************************
    1601              ;* FNAME: __relaxed_atan2f              FR SIZE:   0           *
    1602              ;*                                                             *
    1603              ;* FUNCTION ENVIRONMENT                                        *
    1604              ;*                                                             *
    1605              ;* FUNCTION PROPERTIES                                         *
    1606              ;*                            0 Parameter,  0 Auto,  0 SOE     *
    1607              ;***************************************************************
    1608              
    1609              ||__relaxed_atan2f||:
    1610              ;* R0    assigned to y
    1611              $C$DW$71        .dwtag  DW_TAG_variable
    1612                      .dwattr $C$DW$71, DW_AT_name("y")
    1613                      .dwattr $C$DW$71, DW_AT_type(*$C$DW$T$56)
    1614                      .dwattr $C$DW$71, DW_AT_location[DW_OP_regx 0x2b]
    1615              
    1616              ;* R1    assigned to x
    1617              $C$DW$72        .dwtag  DW_TAG_variable
    1618                      .dwattr $C$DW$72, DW_AT_name("x")
    1619                      .dwattr $C$DW$72, DW_AT_type(*$C$DW$T$56)
    1620                      .dwattr $C$DW$72, DW_AT_location[DW_OP_regx 0x2f]
    1621              
    1622                      .dwcfi  cfa_offset, -2
    1623                      .dwcfi  save_reg_to_mem, 26, 0
    1624                      .dwpsn  file "C:/ti/ccs2030/ccs/tools/compiler/ti-cgt-c2000_22.6.2.LTS/include/math.h",line 281,colum
    1625 00000000 E27C          QUADF32   R1H,R0H,R0H,R1H       ; [CPU_FPU] |281| 
         00000001 0201 
    1626 00000002 7700          NOP       ; [CPU_ALU] 
    1627 00000003 7700          NOP       ; [CPU_ALU] 
    1628 00000004 7700          NOP       ; [CPU_ALU] 
    1629 00000005 7700          NOP       ; [CPU_ALU] 
    1630 00000006 E27A          ATANPUF32 R0H,R0H               ; [CPU_FPU] |281| 
         00000007 0000 
    1631 00000008 7700          NOP       ; [CPU_ALU] 
    1632 00000009 7700          NOP       ; [CPU_ALU] 
    1633 0000000a 7700          NOP       ; [CPU_ALU] 
    1634 0000000b E710          ADDF32    R0H,R0H,R1H           ; [CPU_FPU] |281| 
         0000000c 0040 
    1635 0000000d 7700          NOP       ; [CPU_ALU] 
    1636 0000000e 7700          NOP       ; [CPU_ALU] 
    1637 0000000f E270          MPY2PIF32 R0H,R0H               ; [CPU_FPU] |281| 
         00000010 0000 
    1638 00000011 7700          NOP       ; [CPU_ALU] 
    1639              $C$DW$73        .dwtag  DW_TAG_TI_branch
    1640                      .dwattr $C$DW$73, DW_AT_low_pc(0x00)
    1641                      .dwattr $C$DW$73, DW_AT_TI_return
    1642              
    1643 00000012 0006          LRETR     ; [CPU_ALU] 
    1644                      ; return occurs ; [] 
    1645                      .dwattr $C$DW$68, DW_AT_TI_end_file("C:/ti/ccs2030/ccs/tools/compiler/ti-cgt-c2000_22.6.2.LTS/include
    1646                      .dwattr $C$DW$68, DW_AT_TI_end_line(0x11a)
    1647                      .dwattr $C$DW$68, DW_AT_TI_end_column(0x01)
TMS320C2000 Assembler PC v22.6.2 Tue Nov 18 13:15:16 2025

Copyright (c) 1996-2018 Texas Instruments Incorporated
app_anpc_operation.asm                                               PAGE   35

    1648                      .dwendentry
    1649                      .dwendtag $C$DW$68
    1650              
    1651 00000000               .sect   ".text:__isnormall"
    1652                      .clink
    1653                      .global ||__isnormall||
    1654              
    1655              $C$DW$74        .dwtag  DW_TAG_subprogram
    1656                      .dwattr $C$DW$74, DW_AT_name("__isnormall")
    1657                      .dwattr $C$DW$74, DW_AT_low_pc(||__isnormall||)
    1658                      .dwattr $C$DW$74, DW_AT_high_pc(0x00)
    1659                      .dwattr $C$DW$74, DW_AT_linkage_name("__isnormall")
    1660                      .dwattr $C$DW$74, DW_AT_external
    1661                      .dwattr $C$DW$74, DW_AT_type(*$C$DW$T$10)
    1662                      .dwattr $C$DW$74, DW_AT_decl_file("C:/ti/ccs2030/ccs/tools/compiler/ti-cgt-c2000_22.6.2.LTS/include/_
    1663                      .dwattr $C$DW$74, DW_AT_decl_line(0x167)
    1664                      .dwattr $C$DW$74, DW_AT_decl_column(0x18)
    1665                      .dwattr $C$DW$74, DW_AT_TI_max_frame_size(-6)
    1666                      .dwpsn  file "C:/ti/ccs2030/ccs/tools/compiler/ti-cgt-c2000_22.6.2.LTS/include/_defs.h",line 360,colu
    1667              
    1668                      .dwfde $C$DW$CIE, ||__isnormall||
    1669              $C$DW$75        .dwtag  DW_TAG_formal_parameter
    1670                      .dwattr $C$DW$75, DW_AT_name("e")
    1671                      .dwattr $C$DW$75, DW_AT_type(*$C$DW$T$59)
    1672                      .dwattr $C$DW$75, DW_AT_location[DW_OP_reg12]
    1673              
    1674              
    1675              ;***************************************************************
    1676              ;* FNAME: __isnormall                   FR SIZE:   4           *
    1677              ;*                                                             *
    1678              ;* FUNCTION ENVIRONMENT                                        *
    1679              ;*                                                             *
    1680              ;* FUNCTION PROPERTIES                                         *
    1681              ;*                            4 Parameter,  0 Auto,  0 SOE     *
    1682              ;***************************************************************
    1683              
    1684              ||__isnormall||:
    1685              ;* AR5   assigned to $O$C2
    1686              ;* AR6   assigned to $O$S1
    1687              ;* AR4   assigned to e
    1688              $C$DW$76        .dwtag  DW_TAG_variable
    1689                      .dwattr $C$DW$76, DW_AT_name("e")
    1690                      .dwattr $C$DW$76, DW_AT_type(*$C$DW$T$60)
    1691                      .dwattr $C$DW$76, DW_AT_location[DW_OP_reg12]
    1692              
    1693                      .dwcfi  cfa_offset, -2
    1694                      .dwcfi  save_reg_to_mem, 26, 0
    1695 00000000 FE04          ADDB      SP,#4                 ; [CPU_ARAU] 
    1696                      .dwcfi  cfa_offset, -6
    1697                      .dwpsn  file "C:/ti/ccs2030/ccs/tools/compiler/ti-cgt-c2000_22.6.2.LTS/include/_defs.h",line 360,colu
    1698 00000001 83C4          MOVL      XAR5,*+XAR4[0]        ; [CPU_ALU] |360| 
    1699 00000002 8AD4          MOVL      XAR4,*+XAR4[2]        ; [CPU_ALU] |360| 
    1700 00000003 BE00          MOVB      XAR6,#0               ; [CPU_ALU] |360| 
    1701 00000004 28AC          MOV       T,#52                 ; [CPU_ALU] |360| 
         00000005 0034 
TMS320C2000 Assembler PC v22.6.2 Tue Nov 18 13:15:16 2025

Copyright (c) 1996-2018 Texas Instruments Incorporated
app_anpc_operation.asm                                               PAGE   36

    1702 00000006 A0AB          MOVL      P,XAR5                ; [CPU_ALU] |360| 
    1703 00000007 A8A9          MOVL      ACC,XAR4              ; [CPU_ALU] |360| 
    1704 00000008 C244          MOVL      *-SP[4],XAR6          ; [CPU_ALU] |360| 
    1705 00000009 2B42          MOV       *-SP[2],#0            ; [CPU_ALU] |360| 
    1706 0000000a 565B          LSR64     ACC:P,T               ; [CPU_ALU] |360| 
    1707 0000000b 2B41          MOV       *-SP[1],#0            ; [CPU_FPU] |360| 
    1708 0000000c 9000          ANDB      AL,#0                 ; [CPU_ALU] |360| 
    1709 0000000d 9100          ANDB      AH,#0                 ; [CPU_ALU] |360| 
    1710 0000000e 18AB          AND       PL,#2047              ; [CPU_ALU] |360| 
         0000000f 07FF 
    1711 00000010 18AA          AND       PH,#0                 ; [CPU_ALU] |360| 
         00000011 0000 
    1712              $C$DW$77        .dwtag  DW_TAG_TI_branch
    1713                      .dwattr $C$DW$77, DW_AT_low_pc(0x00)
    1714                      .dwattr $C$DW$77, DW_AT_name("__c28xabi_cmpull")
    1715                      .dwattr $C$DW$77, DW_AT_TI_call
    1716              
    1717 00000012 7640!         LCR       #||__c28xabi_cmpull|| ; [CPU_ALU] |360| 
         00000013 0000 
    1718                      ; call occurs [#||__c28xabi_cmpull||] ; [] |360| 
    1719 00000014 BE00          MOVB      XAR6,#0               ; [CPU_ALU] |360| 
    1720 00000015 5200          CMPB      AL,#0                 ; [CPU_ALU] |360| 
    1721 00000016 610E          B         ||$C$L61||,EQ         ; [CPU_ALU] |360| 
    1722                      ; branchcc occurs ; [] |360| 
    1723 00000017 A0AB          MOVL      P,XAR5                ; [CPU_ALU] |360| 
    1724 00000018 A8A9          MOVL      ACC,XAR4              ; [CPU_ALU] |360| 
    1725 00000019 28AC          MOV       T,#48                 ; [CPU_ALU] |360| 
         0000001a 0030 
    1726 0000001b 565B          LSR64     ACC:P,T               ; [CPU_ALU] |360| 
    1727 0000001c 18AB          AND       PL,#0x7ff0            ; [CPU_ALU] |360| 
         0000001d 7FF0 
    1728 0000001e 80AB          MOVZ      AR7,PL                ; [CPU_ALU] |360| 
    1729 0000001f FF20          MOV       ACC,#32752            ; [CPU_ALU] |360| 
         00000020 7FF0 
    1730 00000021 0FA7          CMPL      ACC,XAR7              ; [CPU_ALU] |360| 
    1731 00000022 56B0          MOVB      XAR6,#1,NEQ           ; [CPU_ALU] |360| 
         00000023 01A6 
    1732 00000024       ||$C$L61||:    
    1733 00000024 FE84          SUBB      SP,#4                 ; [CPU_ARAU] 
    1734                      .dwcfi  cfa_offset, -2
    1735 00000025 92A6          MOV       AL,AR6                ; [CPU_ALU] |360| 
    1736              $C$DW$78        .dwtag  DW_TAG_TI_branch
    1737                      .dwattr $C$DW$78, DW_AT_low_pc(0x00)
    1738                      .dwattr $C$DW$78, DW_AT_TI_return
    1739              
    1740 00000026 0006          LRETR     ; [CPU_ALU] 
    1741                      ; return occurs ; [] 
    1742                      .dwattr $C$DW$74, DW_AT_TI_end_file("C:/ti/ccs2030/ccs/tools/compiler/ti-cgt-c2000_22.6.2.LTS/include
    1743                      .dwattr $C$DW$74, DW_AT_TI_end_line(0x169)
    1744                      .dwattr $C$DW$74, DW_AT_TI_end_column(0x31)
    1745                      .dwendentry
    1746                      .dwendtag $C$DW$74
    1747              
    1748 00000000               .sect   ".text:__isnormalf"
    1749                      .clink
TMS320C2000 Assembler PC v22.6.2 Tue Nov 18 13:15:16 2025

Copyright (c) 1996-2018 Texas Instruments Incorporated
app_anpc_operation.asm                                               PAGE   37

    1750                      .global ||__isnormalf||
    1751              
    1752              $C$DW$79        .dwtag  DW_TAG_subprogram
    1753                      .dwattr $C$DW$79, DW_AT_name("__isnormalf")
    1754                      .dwattr $C$DW$79, DW_AT_low_pc(||__isnormalf||)
    1755                      .dwattr $C$DW$79, DW_AT_high_pc(0x00)
    1756                      .dwattr $C$DW$79, DW_AT_linkage_name("__isnormalf")
    1757                      .dwattr $C$DW$79, DW_AT_external
    1758                      .dwattr $C$DW$79, DW_AT_type(*$C$DW$T$10)
    1759                      .dwattr $C$DW$79, DW_AT_decl_file("C:/ti/ccs2030/ccs/tools/compiler/ti-cgt-c2000_22.6.2.LTS/include/_
    1760                      .dwattr $C$DW$79, DW_AT_decl_line(0x163)
    1761                      .dwattr $C$DW$79, DW_AT_decl_column(0x18)
    1762                      .dwattr $C$DW$79, DW_AT_TI_max_frame_size(-2)
    1763                      .dwpsn  file "C:/ti/ccs2030/ccs/tools/compiler/ti-cgt-c2000_22.6.2.LTS/include/_defs.h",line 356,colu
    1764              
    1765                      .dwfde $C$DW$CIE, ||__isnormalf||
    1766              $C$DW$80        .dwtag  DW_TAG_formal_parameter
    1767                      .dwattr $C$DW$80, DW_AT_name("f")
    1768                      .dwattr $C$DW$80, DW_AT_type(*$C$DW$T$16)
    1769                      .dwattr $C$DW$80, DW_AT_location[DW_OP_regx 0x2b]
    1770              
    1771              
    1772              ;***************************************************************
    1773              ;* FNAME: __isnormalf                   FR SIZE:   0           *
    1774              ;*                                                             *
    1775              ;* FUNCTION ENVIRONMENT                                        *
    1776              ;*                                                             *
    1777              ;* FUNCTION PROPERTIES                                         *
    1778              ;*                            0 Parameter,  0 Auto,  0 SOE     *
    1779              ;***************************************************************
    1780              
    1781              ||__isnormalf||:
    1782              ;* PL    assigned to $O$K3
    1783              ;* AR6   assigned to $O$S1
    1784              ;* R0    assigned to f
    1785              $C$DW$81        .dwtag  DW_TAG_variable
    1786                      .dwattr $C$DW$81, DW_AT_name("f")
    1787                      .dwattr $C$DW$81, DW_AT_type(*$C$DW$T$56)
    1788                      .dwattr $C$DW$81, DW_AT_location[DW_OP_regx 0x2b]
    1789              
    1790                      .dwcfi  cfa_offset, -2
    1791                      .dwcfi  save_reg_to_mem, 26, 0
    1792                      .dwpsn  file "C:/ti/ccs2030/ccs/tools/compiler/ti-cgt-c2000_22.6.2.LTS/include/_defs.h",line 356,colu
    1793 00000000 BFAB          MOV32     P,R0H                 ; [CPU_FPU] |356| 
         00000001 0F12 
    1794 00000002 28AC          MOV       T,#23                 ; [CPU_ALU] |356| 
         00000003 0017 
    1795 00000004 A9A9          MOVL      ACC,P                 ; [CPU_ALU] |356| 
    1796 00000005 BE00          MOVB      XAR6,#0               ; [CPU_ALU] |356| 
    1797 00000006 5622          LSRL      ACC,T                 ; [CPU_ALU] |356| 
    1798 00000007 90FF          ANDB      AL,#0xff              ; [CPU_ALU] |356| 
    1799 00000008 6109          B         ||$C$L62||,EQ         ; [CPU_ALU] |356| 
    1800                      ; branchcc occurs ; [] |356| 
    1801 00000009 CCAA          AND       AL,PH,#0x7f80         ; [CPU_ALU] |356| 
         0000000a 7F80 
TMS320C2000 Assembler PC v22.6.2 Tue Nov 18 13:15:16 2025

Copyright (c) 1996-2018 Texas Instruments Incorporated
app_anpc_operation.asm                                               PAGE   38

    1802 0000000b 80A9          MOVZ      AR7,AL                ; [CPU_ALU] |356| 
    1803 0000000c FF20          MOV       ACC,#32640            ; [CPU_ALU] |356| 
         0000000d 7F80 
    1804 0000000e 0FA7          CMPL      ACC,XAR7              ; [CPU_ALU] |356| 
    1805 0000000f 56B0          MOVB      XAR6,#1,NEQ           ; [CPU_ALU] |356| 
         00000010 01A6 
    1806 00000011       ||$C$L62||:    
    1807 00000011 92A6          MOV       AL,AR6                ; [CPU_ALU] |356| 
    1808              $C$DW$82        .dwtag  DW_TAG_TI_branch
    1809                      .dwattr $C$DW$82, DW_AT_low_pc(0x00)
    1810                      .dwattr $C$DW$82, DW_AT_TI_return
    1811              
    1812 00000012 0006          LRETR     ; [CPU_ALU] 
    1813                      ; return occurs ; [] 
    1814                      .dwattr $C$DW$79, DW_AT_TI_end_file("C:/ti/ccs2030/ccs/tools/compiler/ti-cgt-c2000_22.6.2.LTS/include
    1815                      .dwattr $C$DW$79, DW_AT_TI_end_line(0x165)
    1816                      .dwattr $C$DW$79, DW_AT_TI_end_column(0x2f)
    1817                      .dwendentry
    1818                      .dwendtag $C$DW$79
    1819              
    1820 00000000               .sect   ".text:__isnormal"
    1821                      .clink
    1822                      .global ||__isnormal||
    1823              
    1824              $C$DW$83        .dwtag  DW_TAG_subprogram
    1825                      .dwattr $C$DW$83, DW_AT_name("__isnormal")
    1826                      .dwattr $C$DW$83, DW_AT_low_pc(||__isnormal||)
    1827                      .dwattr $C$DW$83, DW_AT_high_pc(0x00)
    1828                      .dwattr $C$DW$83, DW_AT_linkage_name("__isnormal")
    1829                      .dwattr $C$DW$83, DW_AT_external
    1830                      .dwattr $C$DW$83, DW_AT_type(*$C$DW$T$10)
    1831                      .dwattr $C$DW$83, DW_AT_decl_file("C:/ti/ccs2030/ccs/tools/compiler/ti-cgt-c2000_22.6.2.LTS/include/_
    1832                      .dwattr $C$DW$83, DW_AT_decl_line(0x15f)
    1833                      .dwattr $C$DW$83, DW_AT_decl_column(0x18)
    1834                      .dwattr $C$DW$83, DW_AT_TI_max_frame_size(-6)
    1835                      .dwpsn  file "C:/ti/ccs2030/ccs/tools/compiler/ti-cgt-c2000_22.6.2.LTS/include/_defs.h",line 352,colu
    1836              
    1837                      .dwfde $C$DW$CIE, ||__isnormal||
    1838              $C$DW$84        .dwtag  DW_TAG_formal_parameter
    1839                      .dwattr $C$DW$84, DW_AT_name("d")
    1840                      .dwattr $C$DW$84, DW_AT_type(*$C$DW$T$57)
    1841                      .dwattr $C$DW$84, DW_AT_location[DW_OP_reg12]
    1842              
    1843              
    1844              ;***************************************************************
    1845              ;* FNAME: __isnormal                    FR SIZE:   4           *
    1846              ;*                                                             *
    1847              ;* FUNCTION ENVIRONMENT                                        *
    1848              ;*                                                             *
    1849              ;* FUNCTION PROPERTIES                                         *
    1850              ;*                            4 Parameter,  0 Auto,  0 SOE     *
    1851              ;***************************************************************
    1852              
    1853              ||__isnormal||:
    1854              ;* AR5   assigned to $O$C2
TMS320C2000 Assembler PC v22.6.2 Tue Nov 18 13:15:16 2025

Copyright (c) 1996-2018 Texas Instruments Incorporated
app_anpc_operation.asm                                               PAGE   39

    1855              ;* AR6   assigned to $O$S1
    1856              ;* AR4   assigned to d
    1857              $C$DW$85        .dwtag  DW_TAG_variable
    1858                      .dwattr $C$DW$85, DW_AT_name("d")
    1859                      .dwattr $C$DW$85, DW_AT_type(*$C$DW$T$58)
    1860                      .dwattr $C$DW$85, DW_AT_location[DW_OP_reg12]
    1861              
    1862                      .dwcfi  cfa_offset, -2
    1863                      .dwcfi  save_reg_to_mem, 26, 0
    1864 00000000 FE04          ADDB      SP,#4                 ; [CPU_ARAU] 
    1865                      .dwcfi  cfa_offset, -6
    1866                      .dwpsn  file "C:/ti/ccs2030/ccs/tools/compiler/ti-cgt-c2000_22.6.2.LTS/include/_defs.h",line 352,colu
    1867 00000001 83C4          MOVL      XAR5,*+XAR4[0]        ; [CPU_ALU] |352| 
    1868 00000002 8AD4          MOVL      XAR4,*+XAR4[2]        ; [CPU_ALU] |352| 
    1869 00000003 BE00          MOVB      XAR6,#0               ; [CPU_ALU] |352| 
    1870 00000004 28AC          MOV       T,#52                 ; [CPU_ALU] |352| 
         00000005 0034 
    1871 00000006 A0AB          MOVL      P,XAR5                ; [CPU_ALU] |352| 
    1872 00000007 A8A9          MOVL      ACC,XAR4              ; [CPU_ALU] |352| 
    1873 00000008 C244          MOVL      *-SP[4],XAR6          ; [CPU_ALU] |352| 
    1874 00000009 2B42          MOV       *-SP[2],#0            ; [CPU_ALU] |352| 
    1875 0000000a 565B          LSR64     ACC:P,T               ; [CPU_ALU] |352| 
    1876 0000000b 2B41          MOV       *-SP[1],#0            ; [CPU_FPU] |352| 
    1877 0000000c 9000          ANDB      AL,#0                 ; [CPU_ALU] |352| 
    1878 0000000d 9100          ANDB      AH,#0                 ; [CPU_ALU] |352| 
    1879 0000000e 18AB          AND       PL,#2047              ; [CPU_ALU] |352| 
         0000000f 07FF 
    1880 00000010 18AA          AND       PH,#0                 ; [CPU_ALU] |352| 
         00000011 0000 
    1881              $C$DW$86        .dwtag  DW_TAG_TI_branch
    1882                      .dwattr $C$DW$86, DW_AT_low_pc(0x00)
    1883                      .dwattr $C$DW$86, DW_AT_name("__c28xabi_cmpull")
    1884                      .dwattr $C$DW$86, DW_AT_TI_call
    1885              
    1886 00000012 7640!         LCR       #||__c28xabi_cmpull|| ; [CPU_ALU] |352| 
         00000013 0000 
    1887                      ; call occurs [#||__c28xabi_cmpull||] ; [] |352| 
    1888 00000014 BE00          MOVB      XAR6,#0               ; [CPU_ALU] |352| 
    1889 00000015 5200          CMPB      AL,#0                 ; [CPU_ALU] |352| 
    1890 00000016 610E          B         ||$C$L63||,EQ         ; [CPU_ALU] |352| 
    1891                      ; branchcc occurs ; [] |352| 
    1892 00000017 A0AB          MOVL      P,XAR5                ; [CPU_ALU] |352| 
    1893 00000018 A8A9          MOVL      ACC,XAR4              ; [CPU_ALU] |352| 
    1894 00000019 28AC          MOV       T,#48                 ; [CPU_ALU] |352| 
         0000001a 0030 
    1895 0000001b 565B          LSR64     ACC:P,T               ; [CPU_ALU] |352| 
    1896 0000001c 18AB          AND       PL,#0x7ff0            ; [CPU_ALU] |352| 
         0000001d 7FF0 
    1897 0000001e 80AB          MOVZ      AR7,PL                ; [CPU_ALU] |352| 
    1898 0000001f FF20          MOV       ACC,#32752            ; [CPU_ALU] |352| 
         00000020 7FF0 
    1899 00000021 0FA7          CMPL      ACC,XAR7              ; [CPU_ALU] |352| 
    1900 00000022 56B0          MOVB      XAR6,#1,NEQ           ; [CPU_ALU] |352| 
         00000023 01A6 
    1901 00000024       ||$C$L63||:    
TMS320C2000 Assembler PC v22.6.2 Tue Nov 18 13:15:16 2025

Copyright (c) 1996-2018 Texas Instruments Incorporated
app_anpc_operation.asm                                               PAGE   40

    1902 00000024 FE84          SUBB      SP,#4                 ; [CPU_ARAU] 
    1903                      .dwcfi  cfa_offset, -2
    1904 00000025 92A6          MOV       AL,AR6                ; [CPU_ALU] |352| 
    1905              $C$DW$87        .dwtag  DW_TAG_TI_branch
    1906                      .dwattr $C$DW$87, DW_AT_low_pc(0x00)
    1907                      .dwattr $C$DW$87, DW_AT_TI_return
    1908              
    1909 00000026 0006          LRETR     ; [CPU_ALU] 
    1910                      ; return occurs ; [] 
    1911                      .dwattr $C$DW$83, DW_AT_TI_end_file("C:/ti/ccs2030/ccs/tools/compiler/ti-cgt-c2000_22.6.2.LTS/include
    1912                      .dwattr $C$DW$83, DW_AT_TI_end_line(0x161)
    1913                      .dwattr $C$DW$83, DW_AT_TI_end_column(0x30)
    1914                      .dwendentry
    1915                      .dwendtag $C$DW$83
    1916              
    1917 00000000               .sect   ".text:__isnanl"
    1918                      .clink
    1919                      .global ||__isnanl||
    1920              
    1921              $C$DW$88        .dwtag  DW_TAG_subprogram
    1922                      .dwattr $C$DW$88, DW_AT_name("__isnanl")
    1923                      .dwattr $C$DW$88, DW_AT_low_pc(||__isnanl||)
    1924                      .dwattr $C$DW$88, DW_AT_high_pc(0x00)
    1925                      .dwattr $C$DW$88, DW_AT_linkage_name("__isnanl")
    1926                      .dwattr $C$DW$88, DW_AT_external
    1927                      .dwattr $C$DW$88, DW_AT_type(*$C$DW$T$10)
    1928                      .dwattr $C$DW$88, DW_AT_decl_file("C:/ti/ccs2030/ccs/tools/compiler/ti-cgt-c2000_22.6.2.LTS/include/_
    1929                      .dwattr $C$DW$88, DW_AT_decl_line(0x15b)
    1930                      .dwattr $C$DW$88, DW_AT_decl_column(0x18)
    1931                      .dwattr $C$DW$88, DW_AT_TI_max_frame_size(-6)
    1932                      .dwpsn  file "C:/ti/ccs2030/ccs/tools/compiler/ti-cgt-c2000_22.6.2.LTS/include/_defs.h",line 348,colu
    1933              
    1934                      .dwfde $C$DW$CIE, ||__isnanl||
    1935              $C$DW$89        .dwtag  DW_TAG_formal_parameter
    1936                      .dwattr $C$DW$89, DW_AT_name("e")
    1937                      .dwattr $C$DW$89, DW_AT_type(*$C$DW$T$59)
    1938                      .dwattr $C$DW$89, DW_AT_location[DW_OP_reg12]
    1939              
    1940              
    1941              ;***************************************************************
    1942              ;* FNAME: __isnanl                      FR SIZE:   4           *
    1943              ;*                                                             *
    1944              ;* FUNCTION ENVIRONMENT                                        *
    1945              ;*                                                             *
    1946              ;* FUNCTION PROPERTIES                                         *
    1947              ;*                            4 Parameter,  0 Auto,  0 SOE     *
    1948              ;***************************************************************
    1949              
    1950              ||__isnanl||:
    1951              ;* AR7   assigned to $O$C2
    1952              ;* AR4   assigned to $O$S1
    1953              ;* AR4   assigned to e
    1954              $C$DW$90        .dwtag  DW_TAG_variable
    1955                      .dwattr $C$DW$90, DW_AT_name("e")
    1956                      .dwattr $C$DW$90, DW_AT_type(*$C$DW$T$60)
TMS320C2000 Assembler PC v22.6.2 Tue Nov 18 13:15:16 2025

Copyright (c) 1996-2018 Texas Instruments Incorporated
app_anpc_operation.asm                                               PAGE   41

    1957                      .dwattr $C$DW$90, DW_AT_location[DW_OP_reg12]
    1958              
    1959                      .dwcfi  cfa_offset, -2
    1960                      .dwcfi  save_reg_to_mem, 26, 0
    1961 00000000 FE04          ADDB      SP,#4                 ; [CPU_ARAU] 
    1962                      .dwcfi  cfa_offset, -6
    1963                      .dwpsn  file "C:/ti/ccs2030/ccs/tools/compiler/ti-cgt-c2000_22.6.2.LTS/include/_defs.h",line 348,colu
    1964 00000001 C5C4          MOVL      XAR7,*+XAR4[0]        ; [CPU_ALU] |348| 
    1965 00000002 06D4          MOVL      ACC,*+XAR4[2]         ; [CPU_ALU] |348| 
    1966 00000003 28AC          MOV       T,#48                 ; [CPU_ALU] |348| 
         00000004 0030 
    1967 00000005 1EA6          MOVL      XAR6,ACC              ; [CPU_ALU] |348| 
    1968 00000006 A3A7          MOVL      P,XAR7                ; [CPU_ALU] |348| 
    1969 00000007 D400          MOVB      XAR4,#0               ; [CPU_ALU] |348| 
    1970 00000008 565B          LSR64     ACC:P,T               ; [CPU_ALU] |348| 
    1971 00000009 2BAA          MOV       PH,#0                 ; [CPU_ALU] |348| 
    1972 0000000a 18AB          AND       PL,#0x7ff0            ; [CPU_ALU] |348| 
         0000000b 7FF0 
    1973 0000000c FF20          MOV       ACC,#32752            ; [CPU_ALU] |348| 
         0000000d 7FF0 
    1974 0000000e 0FAB          CMPL      ACC,P                 ; [CPU_ALU] |348| 
    1975 0000000f 6013          B         ||$C$L64||,NEQ        ; [CPU_ALU] |348| 
    1976                      ; branchcc occurs ; [] |348| 
    1977 00000010 06A6          MOVL      ACC,XAR6              ; [CPU_ALU] |348| 
    1978 00000011 A3A7          MOVL      P,XAR7                ; [CPU_ALU] |348| 
    1979 00000012 BE00          MOVB      XAR6,#0               ; [CPU_ALU] |348| 
    1980 00000013 18A9          AND       AL,#65535             ; [CPU_ALU] |348| 
         00000014 FFFF 
    1981 00000015 910F          ANDB      AH,#15                ; [CPU_ALU] |348| 
    1982 00000016 18AB          AND       PL,#65535             ; [CPU_ALU] |348| 
         00000017 FFFF 
    1983 00000018 18AA          AND       PH,#65535             ; [CPU_ALU] |348| 
         00000019 FFFF 
    1984 0000001a C244          MOVL      *-SP[4],XAR6          ; [CPU_FPU] |348| 
    1985 0000001b 2B42          MOV       *-SP[2],#0            ; [CPU_FPU] |348| 
    1986 0000001c 2B41          MOV       *-SP[1],#0            ; [CPU_FPU] |348| 
    1987              $C$DW$91        .dwtag  DW_TAG_TI_branch
    1988                      .dwattr $C$DW$91, DW_AT_low_pc(0x00)
    1989                      .dwattr $C$DW$91, DW_AT_name("__c28xabi_cmpull")
    1990                      .dwattr $C$DW$91, DW_AT_TI_call
    1991              
    1992 0000001d 7640!         LCR       #||__c28xabi_cmpull|| ; [CPU_ALU] |348| 
         0000001e 0000 
    1993                      ; call occurs [#||__c28xabi_cmpull||] ; [] |348| 
    1994 0000001f 5200          CMPB      AL,#0                 ; [CPU_ALU] |348| 
    1995 00000020 56B0          MOVB      XAR4,#1,NEQ           ; [CPU_ALU] |348| 
         00000021 01A4 
    1996 00000022       ||$C$L64||:    
    1997 00000022 FE84          SUBB      SP,#4                 ; [CPU_ARAU] 
    1998                      .dwcfi  cfa_offset, -2
    1999 00000023 92A4          MOV       AL,AR4                ; [CPU_ALU] |348| 
    2000              $C$DW$92        .dwtag  DW_TAG_TI_branch
    2001                      .dwattr $C$DW$92, DW_AT_low_pc(0x00)
    2002                      .dwattr $C$DW$92, DW_AT_TI_return
    2003              
TMS320C2000 Assembler PC v22.6.2 Tue Nov 18 13:15:16 2025

Copyright (c) 1996-2018 Texas Instruments Incorporated
app_anpc_operation.asm                                               PAGE   42

    2004 00000024 0006          LRETR     ; [CPU_ALU] 
    2005                      ; return occurs ; [] 
    2006                      .dwattr $C$DW$88, DW_AT_TI_end_file("C:/ti/ccs2030/ccs/tools/compiler/ti-cgt-c2000_22.6.2.LTS/include
    2007                      .dwattr $C$DW$88, DW_AT_TI_end_line(0x15d)
    2008                      .dwattr $C$DW$88, DW_AT_TI_end_column(0x30)
    2009                      .dwendentry
    2010                      .dwendtag $C$DW$88
    2011              
    2012 00000000               .sect   ".text:__isnanf"
    2013                      .clink
    2014                      .global ||__isnanf||
    2015              
    2016              $C$DW$93        .dwtag  DW_TAG_subprogram
    2017                      .dwattr $C$DW$93, DW_AT_name("__isnanf")
    2018                      .dwattr $C$DW$93, DW_AT_low_pc(||__isnanf||)
    2019                      .dwattr $C$DW$93, DW_AT_high_pc(0x00)
    2020                      .dwattr $C$DW$93, DW_AT_linkage_name("__isnanf")
    2021                      .dwattr $C$DW$93, DW_AT_external
    2022                      .dwattr $C$DW$93, DW_AT_type(*$C$DW$T$10)
    2023                      .dwattr $C$DW$93, DW_AT_decl_file("C:/ti/ccs2030/ccs/tools/compiler/ti-cgt-c2000_22.6.2.LTS/include/_
    2024                      .dwattr $C$DW$93, DW_AT_decl_line(0x158)
    2025                      .dwattr $C$DW$93, DW_AT_decl_column(0x18)
    2026                      .dwattr $C$DW$93, DW_AT_TI_max_frame_size(-2)
    2027                      .dwpsn  file "C:/ti/ccs2030/ccs/tools/compiler/ti-cgt-c2000_22.6.2.LTS/include/_defs.h",line 345,colu
    2028              
    2029                      .dwfde $C$DW$CIE, ||__isnanf||
    2030              $C$DW$94        .dwtag  DW_TAG_formal_parameter
    2031                      .dwattr $C$DW$94, DW_AT_name("f")
    2032                      .dwattr $C$DW$94, DW_AT_type(*$C$DW$T$16)
    2033                      .dwattr $C$DW$94, DW_AT_location[DW_OP_regx 0x2b]
    2034              
    2035              
    2036              ;***************************************************************
    2037              ;* FNAME: __isnanf                      FR SIZE:   0           *
    2038              ;*                                                             *
    2039              ;* FUNCTION ENVIRONMENT                                        *
    2040              ;*                                                             *
    2041              ;* FUNCTION PROPERTIES                                         *
    2042              ;*                            0 Parameter,  0 Auto,  0 SOE     *
    2043              ;***************************************************************
    2044              
    2045              ||__isnanf||:
    2046              ;* PL    assigned to $O$K3
    2047              ;* AR6   assigned to $O$S1
    2048              ;* R0    assigned to f
    2049              $C$DW$95        .dwtag  DW_TAG_variable
    2050                      .dwattr $C$DW$95, DW_AT_name("f")
    2051                      .dwattr $C$DW$95, DW_AT_type(*$C$DW$T$56)
    2052                      .dwattr $C$DW$95, DW_AT_location[DW_OP_regx 0x2b]
    2053              
    2054                      .dwcfi  cfa_offset, -2
    2055                      .dwcfi  save_reg_to_mem, 26, 0
    2056                      .dwpsn  file "C:/ti/ccs2030/ccs/tools/compiler/ti-cgt-c2000_22.6.2.LTS/include/_defs.h",line 345,colu
    2057 00000000 BFAB          MOV32     P,R0H                 ; [CPU_FPU] |345| 
         00000001 0F12 
TMS320C2000 Assembler PC v22.6.2 Tue Nov 18 13:15:16 2025

Copyright (c) 1996-2018 Texas Instruments Incorporated
app_anpc_operation.asm                                               PAGE   43

    2058 00000002 CCAA          AND       AL,PH,#0x7f80         ; [CPU_ALU] |345| 
         00000003 7F80 
    2059 00000004 80A9          MOVZ      AR7,AL                ; [CPU_ALU] |345| 
    2060 00000005 BE00          MOVB      XAR6,#0               ; [CPU_ALU] |345| 
    2061 00000006 FF20          MOV       ACC,#32640            ; [CPU_ALU] |345| 
         00000007 7F80 
    2062 00000008 0FA7          CMPL      ACC,XAR7              ; [CPU_ALU] |345| 
    2063 00000009 6006          B         ||$C$L65||,NEQ        ; [CPU_ALU] |345| 
    2064                      ; branchcc occurs ; [] |345| 
    2065 0000000a A9A9          MOVL      ACC,P                 ; [CPU_ALU] |345| 
    2066 0000000b 917F          ANDB      AH,#127               ; [CPU_ALU] |345| 
    2067 0000000c FF58          TEST      ACC                   ; [CPU_ALU] |345| 
    2068 0000000d 56B0          MOVB      XAR6,#1,NEQ           ; [CPU_ALU] |345| 
         0000000e 01A6 
    2069 0000000f       ||$C$L65||:    
    2070 0000000f 92A6          MOV       AL,AR6                ; [CPU_ALU] |345| 
    2071              $C$DW$96        .dwtag  DW_TAG_TI_branch
    2072                      .dwattr $C$DW$96, DW_AT_low_pc(0x00)
    2073                      .dwattr $C$DW$96, DW_AT_TI_return
    2074              
    2075 00000010 0006          LRETR     ; [CPU_ALU] 
    2076                      ; return occurs ; [] 
    2077                      .dwattr $C$DW$93, DW_AT_TI_end_file("C:/ti/ccs2030/ccs/tools/compiler/ti-cgt-c2000_22.6.2.LTS/include
    2078                      .dwattr $C$DW$93, DW_AT_TI_end_line(0x15a)
    2079                      .dwattr $C$DW$93, DW_AT_TI_end_column(0x2e)
    2080                      .dwendentry
    2081                      .dwendtag $C$DW$93
    2082              
    2083 00000000               .sect   ".text:__isnan"
    2084                      .clink
    2085                      .global ||__isnan||
    2086              
    2087              $C$DW$97        .dwtag  DW_TAG_subprogram
    2088                      .dwattr $C$DW$97, DW_AT_name("__isnan")
    2089                      .dwattr $C$DW$97, DW_AT_low_pc(||__isnan||)
    2090                      .dwattr $C$DW$97, DW_AT_high_pc(0x00)
    2091                      .dwattr $C$DW$97, DW_AT_linkage_name("__isnan")
    2092                      .dwattr $C$DW$97, DW_AT_external
    2093                      .dwattr $C$DW$97, DW_AT_type(*$C$DW$T$10)
    2094                      .dwattr $C$DW$97, DW_AT_decl_file("C:/ti/ccs2030/ccs/tools/compiler/ti-cgt-c2000_22.6.2.LTS/include/_
    2095                      .dwattr $C$DW$97, DW_AT_decl_line(0x155)
    2096                      .dwattr $C$DW$97, DW_AT_decl_column(0x18)
    2097                      .dwattr $C$DW$97, DW_AT_TI_max_frame_size(-6)
    2098                      .dwpsn  file "C:/ti/ccs2030/ccs/tools/compiler/ti-cgt-c2000_22.6.2.LTS/include/_defs.h",line 342,colu
    2099              
    2100                      .dwfde $C$DW$CIE, ||__isnan||
    2101              $C$DW$98        .dwtag  DW_TAG_formal_parameter
    2102                      .dwattr $C$DW$98, DW_AT_name("d")
    2103                      .dwattr $C$DW$98, DW_AT_type(*$C$DW$T$57)
    2104                      .dwattr $C$DW$98, DW_AT_location[DW_OP_reg12]
    2105              
    2106              
    2107              ;***************************************************************
    2108              ;* FNAME: __isnan                       FR SIZE:   4           *
    2109              ;*                                                             *
TMS320C2000 Assembler PC v22.6.2 Tue Nov 18 13:15:16 2025

Copyright (c) 1996-2018 Texas Instruments Incorporated
app_anpc_operation.asm                                               PAGE   44

    2110              ;* FUNCTION ENVIRONMENT                                        *
    2111              ;*                                                             *
    2112              ;* FUNCTION PROPERTIES                                         *
    2113              ;*                            4 Parameter,  0 Auto,  0 SOE     *
    2114              ;***************************************************************
    2115              
    2116              ||__isnan||:
    2117              ;* AR7   assigned to $O$C2
    2118              ;* AR4   assigned to $O$S1
    2119              ;* AR4   assigned to d
    2120              $C$DW$99        .dwtag  DW_TAG_variable
    2121                      .dwattr $C$DW$99, DW_AT_name("d")
    2122                      .dwattr $C$DW$99, DW_AT_type(*$C$DW$T$58)
    2123                      .dwattr $C$DW$99, DW_AT_location[DW_OP_reg12]
    2124              
    2125                      .dwcfi  cfa_offset, -2
    2126                      .dwcfi  save_reg_to_mem, 26, 0
    2127 00000000 FE04          ADDB      SP,#4                 ; [CPU_ARAU] 
    2128                      .dwcfi  cfa_offset, -6
    2129                      .dwpsn  file "C:/ti/ccs2030/ccs/tools/compiler/ti-cgt-c2000_22.6.2.LTS/include/_defs.h",line 342,colu
    2130 00000001 C5C4          MOVL      XAR7,*+XAR4[0]        ; [CPU_ALU] |342| 
    2131 00000002 06D4          MOVL      ACC,*+XAR4[2]         ; [CPU_ALU] |342| 
    2132 00000003 28AC          MOV       T,#48                 ; [CPU_ALU] |342| 
         00000004 0030 
    2133 00000005 1EA6          MOVL      XAR6,ACC              ; [CPU_ALU] |342| 
    2134 00000006 A3A7          MOVL      P,XAR7                ; [CPU_ALU] |342| 
    2135 00000007 D400          MOVB      XAR4,#0               ; [CPU_ALU] |342| 
    2136 00000008 565B          LSR64     ACC:P,T               ; [CPU_ALU] |342| 
    2137 00000009 2BAA          MOV       PH,#0                 ; [CPU_ALU] |342| 
    2138 0000000a 18AB          AND       PL,#0x7ff0            ; [CPU_ALU] |342| 
         0000000b 7FF0 
    2139 0000000c FF20          MOV       ACC,#32752            ; [CPU_ALU] |342| 
         0000000d 7FF0 
    2140 0000000e 0FAB          CMPL      ACC,P                 ; [CPU_ALU] |342| 
    2141 0000000f 6013          B         ||$C$L66||,NEQ        ; [CPU_ALU] |342| 
    2142                      ; branchcc occurs ; [] |342| 
    2143 00000010 06A6          MOVL      ACC,XAR6              ; [CPU_ALU] |342| 
    2144 00000011 A3A7          MOVL      P,XAR7                ; [CPU_ALU] |342| 
    2145 00000012 BE00          MOVB      XAR6,#0               ; [CPU_ALU] |342| 
    2146 00000013 18A9          AND       AL,#65535             ; [CPU_ALU] |342| 
         00000014 FFFF 
    2147 00000015 910F          ANDB      AH,#15                ; [CPU_ALU] |342| 
    2148 00000016 18AB          AND       PL,#65535             ; [CPU_ALU] |342| 
         00000017 FFFF 
    2149 00000018 18AA          AND       PH,#65535             ; [CPU_ALU] |342| 
         00000019 FFFF 
    2150 0000001a C244          MOVL      *-SP[4],XAR6          ; [CPU_FPU] |342| 
    2151 0000001b 2B42          MOV       *-SP[2],#0            ; [CPU_FPU] |342| 
    2152 0000001c 2B41          MOV       *-SP[1],#0            ; [CPU_FPU] |342| 
    2153              $C$DW$100       .dwtag  DW_TAG_TI_branch
    2154                      .dwattr $C$DW$100, DW_AT_low_pc(0x00)
    2155                      .dwattr $C$DW$100, DW_AT_name("__c28xabi_cmpull")
    2156                      .dwattr $C$DW$100, DW_AT_TI_call
    2157              
    2158 0000001d 7640!         LCR       #||__c28xabi_cmpull|| ; [CPU_ALU] |342| 
TMS320C2000 Assembler PC v22.6.2 Tue Nov 18 13:15:16 2025

Copyright (c) 1996-2018 Texas Instruments Incorporated
app_anpc_operation.asm                                               PAGE   45

         0000001e 0000 
    2159                      ; call occurs [#||__c28xabi_cmpull||] ; [] |342| 
    2160 0000001f 5200          CMPB      AL,#0                 ; [CPU_ALU] |342| 
    2161 00000020 56B0          MOVB      XAR4,#1,NEQ           ; [CPU_ALU] |342| 
         00000021 01A4 
    2162 00000022       ||$C$L66||:    
    2163 00000022 FE84          SUBB      SP,#4                 ; [CPU_ARAU] 
    2164                      .dwcfi  cfa_offset, -2
    2165 00000023 92A4          MOV       AL,AR4                ; [CPU_ALU] |342| 
    2166              $C$DW$101       .dwtag  DW_TAG_TI_branch
    2167                      .dwattr $C$DW$101, DW_AT_low_pc(0x00)
    2168                      .dwattr $C$DW$101, DW_AT_TI_return
    2169              
    2170 00000024 0006          LRETR     ; [CPU_ALU] 
    2171                      ; return occurs ; [] 
    2172                      .dwattr $C$DW$97, DW_AT_TI_end_file("C:/ti/ccs2030/ccs/tools/compiler/ti-cgt-c2000_22.6.2.LTS/include
    2173                      .dwattr $C$DW$97, DW_AT_TI_end_line(0x157)
    2174                      .dwattr $C$DW$97, DW_AT_TI_end_column(0x2f)
    2175                      .dwendentry
    2176                      .dwendtag $C$DW$97
    2177              
    2178 00000000               .sect   ".text:__isinfl"
    2179                      .clink
    2180                      .global ||__isinfl||
    2181              
    2182              $C$DW$102       .dwtag  DW_TAG_subprogram
    2183                      .dwattr $C$DW$102, DW_AT_name("__isinfl")
    2184                      .dwattr $C$DW$102, DW_AT_low_pc(||__isinfl||)
    2185                      .dwattr $C$DW$102, DW_AT_high_pc(0x00)
    2186                      .dwattr $C$DW$102, DW_AT_linkage_name("__isinfl")
    2187                      .dwattr $C$DW$102, DW_AT_external
    2188                      .dwattr $C$DW$102, DW_AT_type(*$C$DW$T$10)
    2189                      .dwattr $C$DW$102, DW_AT_decl_file("C:/ti/ccs2030/ccs/tools/compiler/ti-cgt-c2000_22.6.2.LTS/include/
    2190                      .dwattr $C$DW$102, DW_AT_decl_line(0x17a)
    2191                      .dwattr $C$DW$102, DW_AT_decl_column(0x18)
    2192                      .dwattr $C$DW$102, DW_AT_TI_max_frame_size(-6)
    2193                      .dwpsn  file "C:/ti/ccs2030/ccs/tools/compiler/ti-cgt-c2000_22.6.2.LTS/include/_defs.h",line 379,colu
    2194              
    2195                      .dwfde $C$DW$CIE, ||__isinfl||
    2196              $C$DW$103       .dwtag  DW_TAG_formal_parameter
    2197                      .dwattr $C$DW$103, DW_AT_name("e")
    2198                      .dwattr $C$DW$103, DW_AT_type(*$C$DW$T$59)
    2199                      .dwattr $C$DW$103, DW_AT_location[DW_OP_reg12]
    2200              
    2201              
    2202              ;***************************************************************
    2203              ;* FNAME: __isinfl                      FR SIZE:   4           *
    2204              ;*                                                             *
    2205              ;* FUNCTION ENVIRONMENT                                        *
    2206              ;*                                                             *
    2207              ;* FUNCTION PROPERTIES                                         *
    2208              ;*                            4 Parameter,  0 Auto,  0 SOE     *
    2209              ;***************************************************************
    2210              
    2211              ||__isinfl||:
TMS320C2000 Assembler PC v22.6.2 Tue Nov 18 13:15:16 2025

Copyright (c) 1996-2018 Texas Instruments Incorporated
app_anpc_operation.asm                                               PAGE   46

    2212              ;* AR7   assigned to $O$C2
    2213              ;* AR4   assigned to $O$S1
    2214              ;* AR4   assigned to e
    2215              $C$DW$104       .dwtag  DW_TAG_variable
    2216                      .dwattr $C$DW$104, DW_AT_name("e")
    2217                      .dwattr $C$DW$104, DW_AT_type(*$C$DW$T$60)
    2218                      .dwattr $C$DW$104, DW_AT_location[DW_OP_reg12]
    2219              
    2220                      .dwcfi  cfa_offset, -2
    2221                      .dwcfi  save_reg_to_mem, 26, 0
    2222 00000000 FE04          ADDB      SP,#4                 ; [CPU_ARAU] 
    2223                      .dwcfi  cfa_offset, -6
    2224                      .dwpsn  file "C:/ti/ccs2030/ccs/tools/compiler/ti-cgt-c2000_22.6.2.LTS/include/_defs.h",line 379,colu
    2225 00000001 C5C4          MOVL      XAR7,*+XAR4[0]        ; [CPU_ALU] |379| 
    2226 00000002 06D4          MOVL      ACC,*+XAR4[2]         ; [CPU_ALU] |379| 
    2227 00000003 28AC          MOV       T,#48                 ; [CPU_ALU] |379| 
         00000004 0030 
    2228 00000005 1EA6          MOVL      XAR6,ACC              ; [CPU_ALU] |379| 
    2229 00000006 A3A7          MOVL      P,XAR7                ; [CPU_ALU] |379| 
    2230 00000007 D400          MOVB      XAR4,#0               ; [CPU_ALU] |379| 
    2231 00000008 565B          LSR64     ACC:P,T               ; [CPU_ALU] |379| 
    2232 00000009 2BAA          MOV       PH,#0                 ; [CPU_ALU] |379| 
    2233 0000000a 18AB          AND       PL,#0x7ff0            ; [CPU_ALU] |379| 
         0000000b 7FF0 
    2234 0000000c FF20          MOV       ACC,#32752            ; [CPU_ALU] |379| 
         0000000d 7FF0 
    2235 0000000e 0FAB          CMPL      ACC,P                 ; [CPU_ALU] |379| 
    2236 0000000f 6013          B         ||$C$L67||,NEQ        ; [CPU_ALU] |379| 
    2237                      ; branchcc occurs ; [] |379| 
    2238 00000010 06A6          MOVL      ACC,XAR6              ; [CPU_ALU] |379| 
    2239 00000011 A3A7          MOVL      P,XAR7                ; [CPU_ALU] |379| 
    2240 00000012 BE00          MOVB      XAR6,#0               ; [CPU_ALU] |379| 
    2241 00000013 18A9          AND       AL,#65535             ; [CPU_ALU] |379| 
         00000014 FFFF 
    2242 00000015 910F          ANDB      AH,#15                ; [CPU_ALU] |379| 
    2243 00000016 18AB          AND       PL,#65535             ; [CPU_ALU] |379| 
         00000017 FFFF 
    2244 00000018 18AA          AND       PH,#65535             ; [CPU_ALU] |379| 
         00000019 FFFF 
    2245 0000001a C244          MOVL      *-SP[4],XAR6          ; [CPU_FPU] |379| 
    2246 0000001b 2B42          MOV       *-SP[2],#0            ; [CPU_FPU] |379| 
    2247 0000001c 2B41          MOV       *-SP[1],#0            ; [CPU_FPU] |379| 
    2248              $C$DW$105       .dwtag  DW_TAG_TI_branch
    2249                      .dwattr $C$DW$105, DW_AT_low_pc(0x00)
    2250                      .dwattr $C$DW$105, DW_AT_name("__c28xabi_cmpull")
    2251                      .dwattr $C$DW$105, DW_AT_TI_call
    2252              
    2253 0000001d 7640!         LCR       #||__c28xabi_cmpull|| ; [CPU_ALU] |379| 
         0000001e 0000 
    2254                      ; call occurs [#||__c28xabi_cmpull||] ; [] |379| 
    2255 0000001f 5200          CMPB      AL,#0                 ; [CPU_ALU] |379| 
    2256 00000020 56B1          MOVB      XAR4,#1,EQ            ; [CPU_ALU] |379| 
         00000021 01A4 
    2257 00000022       ||$C$L67||:    
    2258 00000022 FE84          SUBB      SP,#4                 ; [CPU_ARAU] 
TMS320C2000 Assembler PC v22.6.2 Tue Nov 18 13:15:16 2025

Copyright (c) 1996-2018 Texas Instruments Incorporated
app_anpc_operation.asm                                               PAGE   47

    2259                      .dwcfi  cfa_offset, -2
    2260 00000023 92A4          MOV       AL,AR4                ; [CPU_ALU] |379| 
    2261              $C$DW$106       .dwtag  DW_TAG_TI_branch
    2262                      .dwattr $C$DW$106, DW_AT_low_pc(0x00)
    2263                      .dwattr $C$DW$106, DW_AT_TI_return
    2264              
    2265 00000024 0006          LRETR     ; [CPU_ALU] 
    2266                      ; return occurs ; [] 
    2267                      .dwattr $C$DW$102, DW_AT_TI_end_file("C:/ti/ccs2030/ccs/tools/compiler/ti-cgt-c2000_22.6.2.LTS/includ
    2268                      .dwattr $C$DW$102, DW_AT_TI_end_line(0x17b)
    2269                      .dwattr $C$DW$102, DW_AT_TI_end_column(0x4c)
    2270                      .dwendentry
    2271                      .dwendtag $C$DW$102
    2272              
    2273 00000000               .sect   ".text:__isinff"
    2274                      .clink
    2275                      .global ||__isinff||
    2276              
    2277              $C$DW$107       .dwtag  DW_TAG_subprogram
    2278                      .dwattr $C$DW$107, DW_AT_name("__isinff")
    2279                      .dwattr $C$DW$107, DW_AT_low_pc(||__isinff||)
    2280                      .dwattr $C$DW$107, DW_AT_high_pc(0x00)
    2281                      .dwattr $C$DW$107, DW_AT_linkage_name("__isinff")
    2282                      .dwattr $C$DW$107, DW_AT_external
    2283                      .dwattr $C$DW$107, DW_AT_type(*$C$DW$T$10)
    2284                      .dwattr $C$DW$107, DW_AT_decl_file("C:/ti/ccs2030/ccs/tools/compiler/ti-cgt-c2000_22.6.2.LTS/include/
    2285                      .dwattr $C$DW$107, DW_AT_decl_line(0x176)
    2286                      .dwattr $C$DW$107, DW_AT_decl_column(0x18)
    2287                      .dwattr $C$DW$107, DW_AT_TI_max_frame_size(-2)
    2288                      .dwpsn  file "C:/ti/ccs2030/ccs/tools/compiler/ti-cgt-c2000_22.6.2.LTS/include/_defs.h",line 375,colu
    2289              
    2290                      .dwfde $C$DW$CIE, ||__isinff||
    2291              $C$DW$108       .dwtag  DW_TAG_formal_parameter
    2292                      .dwattr $C$DW$108, DW_AT_name("f")
    2293                      .dwattr $C$DW$108, DW_AT_type(*$C$DW$T$16)
    2294                      .dwattr $C$DW$108, DW_AT_location[DW_OP_regx 0x2b]
    2295              
    2296              
    2297              ;***************************************************************
    2298              ;* FNAME: __isinff                      FR SIZE:   0           *
    2299              ;*                                                             *
    2300              ;* FUNCTION ENVIRONMENT                                        *
    2301              ;*                                                             *
    2302              ;* FUNCTION PROPERTIES                                         *
    2303              ;*                            0 Parameter,  0 Auto,  0 SOE     *
    2304              ;***************************************************************
    2305              
    2306              ||__isinff||:
    2307              ;* PL    assigned to $O$K3
    2308              ;* AR6   assigned to $O$S1
    2309              ;* R0    assigned to f
    2310              $C$DW$109       .dwtag  DW_TAG_variable
    2311                      .dwattr $C$DW$109, DW_AT_name("f")
    2312                      .dwattr $C$DW$109, DW_AT_type(*$C$DW$T$56)
    2313                      .dwattr $C$DW$109, DW_AT_location[DW_OP_regx 0x2b]
TMS320C2000 Assembler PC v22.6.2 Tue Nov 18 13:15:16 2025

Copyright (c) 1996-2018 Texas Instruments Incorporated
app_anpc_operation.asm                                               PAGE   48

    2314              
    2315                      .dwcfi  cfa_offset, -2
    2316                      .dwcfi  save_reg_to_mem, 26, 0
    2317                      .dwpsn  file "C:/ti/ccs2030/ccs/tools/compiler/ti-cgt-c2000_22.6.2.LTS/include/_defs.h",line 375,colu
    2318 00000000 BFAB          MOV32     P,R0H                 ; [CPU_FPU] |375| 
         00000001 0F12 
    2319 00000002 CCAA          AND       AL,PH,#0x7f80         ; [CPU_ALU] |375| 
         00000003 7F80 
    2320 00000004 80A9          MOVZ      AR7,AL                ; [CPU_ALU] |375| 
    2321 00000005 BE00          MOVB      XAR6,#0               ; [CPU_ALU] |375| 
    2322 00000006 FF20          MOV       ACC,#32640            ; [CPU_ALU] |375| 
         00000007 7F80 
    2323 00000008 0FA7          CMPL      ACC,XAR7              ; [CPU_ALU] |375| 
    2324 00000009 6006          B         ||$C$L68||,NEQ        ; [CPU_ALU] |375| 
    2325                      ; branchcc occurs ; [] |375| 
    2326 0000000a A9A9          MOVL      ACC,P                 ; [CPU_ALU] |375| 
    2327 0000000b 917F          ANDB      AH,#127               ; [CPU_ALU] |375| 
    2328 0000000c FF58          TEST      ACC                   ; [CPU_ALU] |375| 
    2329 0000000d 56B1          MOVB      XAR6,#1,EQ            ; [CPU_ALU] |375| 
         0000000e 01A6 
    2330 0000000f       ||$C$L68||:    
    2331 0000000f 92A6          MOV       AL,AR6                ; [CPU_ALU] |375| 
    2332              $C$DW$110       .dwtag  DW_TAG_TI_branch
    2333                      .dwattr $C$DW$110, DW_AT_low_pc(0x00)
    2334                      .dwattr $C$DW$110, DW_AT_TI_return
    2335              
    2336 00000010 0006          LRETR     ; [CPU_ALU] 
    2337                      ; return occurs ; [] 
    2338                      .dwattr $C$DW$107, DW_AT_TI_end_file("C:/ti/ccs2030/ccs/tools/compiler/ti-cgt-c2000_22.6.2.LTS/includ
    2339                      .dwattr $C$DW$107, DW_AT_TI_end_line(0x177)
    2340                      .dwattr $C$DW$107, DW_AT_TI_end_column(0x48)
    2341                      .dwendentry
    2342                      .dwendtag $C$DW$107
    2343              
    2344 00000000               .sect   ".text:__isinf"
    2345                      .clink
    2346                      .global ||__isinf||
    2347              
    2348              $C$DW$111       .dwtag  DW_TAG_subprogram
    2349                      .dwattr $C$DW$111, DW_AT_name("__isinf")
    2350                      .dwattr $C$DW$111, DW_AT_low_pc(||__isinf||)
    2351                      .dwattr $C$DW$111, DW_AT_high_pc(0x00)
    2352                      .dwattr $C$DW$111, DW_AT_linkage_name("__isinf")
    2353                      .dwattr $C$DW$111, DW_AT_external
    2354                      .dwattr $C$DW$111, DW_AT_type(*$C$DW$T$10)
    2355                      .dwattr $C$DW$111, DW_AT_decl_file("C:/ti/ccs2030/ccs/tools/compiler/ti-cgt-c2000_22.6.2.LTS/include/
    2356                      .dwattr $C$DW$111, DW_AT_decl_line(0x178)
    2357                      .dwattr $C$DW$111, DW_AT_decl_column(0x18)
    2358                      .dwattr $C$DW$111, DW_AT_TI_max_frame_size(-6)
    2359                      .dwpsn  file "C:/ti/ccs2030/ccs/tools/compiler/ti-cgt-c2000_22.6.2.LTS/include/_defs.h",line 377,colu
    2360              
    2361                      .dwfde $C$DW$CIE, ||__isinf||
    2362              $C$DW$112       .dwtag  DW_TAG_formal_parameter
    2363                      .dwattr $C$DW$112, DW_AT_name("d")
    2364                      .dwattr $C$DW$112, DW_AT_type(*$C$DW$T$57)
TMS320C2000 Assembler PC v22.6.2 Tue Nov 18 13:15:16 2025

Copyright (c) 1996-2018 Texas Instruments Incorporated
app_anpc_operation.asm                                               PAGE   49

    2365                      .dwattr $C$DW$112, DW_AT_location[DW_OP_reg12]
    2366              
    2367              
    2368              ;***************************************************************
    2369              ;* FNAME: __isinf                       FR SIZE:   4           *
    2370              ;*                                                             *
    2371              ;* FUNCTION ENVIRONMENT                                        *
    2372              ;*                                                             *
    2373              ;* FUNCTION PROPERTIES                                         *
    2374              ;*                            4 Parameter,  0 Auto,  0 SOE     *
    2375              ;***************************************************************
    2376              
    2377              ||__isinf||:
    2378              ;* AR7   assigned to $O$C2
    2379              ;* AR4   assigned to $O$S1
    2380              ;* AR4   assigned to d
    2381              $C$DW$113       .dwtag  DW_TAG_variable
    2382                      .dwattr $C$DW$113, DW_AT_name("d")
    2383                      .dwattr $C$DW$113, DW_AT_type(*$C$DW$T$58)
    2384                      .dwattr $C$DW$113, DW_AT_location[DW_OP_reg12]
    2385              
    2386                      .dwcfi  cfa_offset, -2
    2387                      .dwcfi  save_reg_to_mem, 26, 0
    2388 00000000 FE04          ADDB      SP,#4                 ; [CPU_ARAU] 
    2389                      .dwcfi  cfa_offset, -6
    2390                      .dwpsn  file "C:/ti/ccs2030/ccs/tools/compiler/ti-cgt-c2000_22.6.2.LTS/include/_defs.h",line 377,colu
    2391 00000001 C5C4          MOVL      XAR7,*+XAR4[0]        ; [CPU_ALU] |377| 
    2392 00000002 06D4          MOVL      ACC,*+XAR4[2]         ; [CPU_ALU] |377| 
    2393 00000003 28AC          MOV       T,#48                 ; [CPU_ALU] |377| 
         00000004 0030 
    2394 00000005 1EA6          MOVL      XAR6,ACC              ; [CPU_ALU] |377| 
    2395 00000006 A3A7          MOVL      P,XAR7                ; [CPU_ALU] |377| 
    2396 00000007 D400          MOVB      XAR4,#0               ; [CPU_ALU] |377| 
    2397 00000008 565B          LSR64     ACC:P,T               ; [CPU_ALU] |377| 
    2398 00000009 2BAA          MOV       PH,#0                 ; [CPU_ALU] |377| 
    2399 0000000a 18AB          AND       PL,#0x7ff0            ; [CPU_ALU] |377| 
         0000000b 7FF0 
    2400 0000000c FF20          MOV       ACC,#32752            ; [CPU_ALU] |377| 
         0000000d 7FF0 
    2401 0000000e 0FAB          CMPL      ACC,P                 ; [CPU_ALU] |377| 
    2402 0000000f 6013          B         ||$C$L69||,NEQ        ; [CPU_ALU] |377| 
    2403                      ; branchcc occurs ; [] |377| 
    2404 00000010 06A6          MOVL      ACC,XAR6              ; [CPU_ALU] |377| 
    2405 00000011 A3A7          MOVL      P,XAR7                ; [CPU_ALU] |377| 
    2406 00000012 BE00          MOVB      XAR6,#0               ; [CPU_ALU] |377| 
    2407 00000013 18A9          AND       AL,#65535             ; [CPU_ALU] |377| 
         00000014 FFFF 
    2408 00000015 910F          ANDB      AH,#15                ; [CPU_ALU] |377| 
    2409 00000016 18AB          AND       PL,#65535             ; [CPU_ALU] |377| 
         00000017 FFFF 
    2410 00000018 18AA          AND       PH,#65535             ; [CPU_ALU] |377| 
         00000019 FFFF 
    2411 0000001a C244          MOVL      *-SP[4],XAR6          ; [CPU_FPU] |377| 
    2412 0000001b 2B42          MOV       *-SP[2],#0            ; [CPU_FPU] |377| 
    2413 0000001c 2B41          MOV       *-SP[1],#0            ; [CPU_FPU] |377| 
TMS320C2000 Assembler PC v22.6.2 Tue Nov 18 13:15:16 2025

Copyright (c) 1996-2018 Texas Instruments Incorporated
app_anpc_operation.asm                                               PAGE   50

    2414              $C$DW$114       .dwtag  DW_TAG_TI_branch
    2415                      .dwattr $C$DW$114, DW_AT_low_pc(0x00)
    2416                      .dwattr $C$DW$114, DW_AT_name("__c28xabi_cmpull")
    2417                      .dwattr $C$DW$114, DW_AT_TI_call
    2418              
    2419 0000001d 7640!         LCR       #||__c28xabi_cmpull|| ; [CPU_ALU] |377| 
         0000001e 0000 
    2420                      ; call occurs [#||__c28xabi_cmpull||] ; [] |377| 
    2421 0000001f 5200          CMPB      AL,#0                 ; [CPU_ALU] |377| 
    2422 00000020 56B1          MOVB      XAR4,#1,EQ            ; [CPU_ALU] |377| 
         00000021 01A4 
    2423 00000022       ||$C$L69||:    
    2424 00000022 FE84          SUBB      SP,#4                 ; [CPU_ARAU] 
    2425                      .dwcfi  cfa_offset, -2
    2426 00000023 92A4          MOV       AL,AR4                ; [CPU_ALU] |377| 
    2427              $C$DW$115       .dwtag  DW_TAG_TI_branch
    2428                      .dwattr $C$DW$115, DW_AT_low_pc(0x00)
    2429                      .dwattr $C$DW$115, DW_AT_TI_return
    2430              
    2431 00000024 0006          LRETR     ; [CPU_ALU] 
    2432                      ; return occurs ; [] 
    2433                      .dwattr $C$DW$111, DW_AT_TI_end_file("C:/ti/ccs2030/ccs/tools/compiler/ti-cgt-c2000_22.6.2.LTS/includ
    2434                      .dwattr $C$DW$111, DW_AT_TI_end_line(0x179)
    2435                      .dwattr $C$DW$111, DW_AT_TI_end_column(0x4a)
    2436                      .dwendentry
    2437                      .dwendtag $C$DW$111
    2438              
    2439 00000000               .sect   ".text:__isfinitel"
    2440                      .clink
    2441                      .global ||__isfinitel||
    2442              
    2443              $C$DW$116       .dwtag  DW_TAG_subprogram
    2444                      .dwattr $C$DW$116, DW_AT_name("__isfinitel")
    2445                      .dwattr $C$DW$116, DW_AT_low_pc(||__isfinitel||)
    2446                      .dwattr $C$DW$116, DW_AT_high_pc(0x00)
    2447                      .dwattr $C$DW$116, DW_AT_linkage_name("__isfinitel")
    2448                      .dwattr $C$DW$116, DW_AT_external
    2449                      .dwattr $C$DW$116, DW_AT_type(*$C$DW$T$10)
    2450                      .dwattr $C$DW$116, DW_AT_decl_file("C:/ti/ccs2030/ccs/tools/compiler/ti-cgt-c2000_22.6.2.LTS/include/
    2451                      .dwattr $C$DW$116, DW_AT_decl_line(0x152)
    2452                      .dwattr $C$DW$116, DW_AT_decl_column(0x18)
    2453                      .dwattr $C$DW$116, DW_AT_TI_max_frame_size(-2)
    2454                      .dwpsn  file "C:/ti/ccs2030/ccs/tools/compiler/ti-cgt-c2000_22.6.2.LTS/include/_defs.h",line 339,colu
    2455              
    2456                      .dwfde $C$DW$CIE, ||__isfinitel||
    2457              $C$DW$117       .dwtag  DW_TAG_formal_parameter
    2458                      .dwattr $C$DW$117, DW_AT_name("e")
    2459                      .dwattr $C$DW$117, DW_AT_type(*$C$DW$T$59)
    2460                      .dwattr $C$DW$117, DW_AT_location[DW_OP_reg12]
    2461              
    2462              
    2463              ;***************************************************************
    2464              ;* FNAME: __isfinitel                   FR SIZE:   0           *
    2465              ;*                                                             *
    2466              ;* FUNCTION ENVIRONMENT                                        *
TMS320C2000 Assembler PC v22.6.2 Tue Nov 18 13:15:16 2025

Copyright (c) 1996-2018 Texas Instruments Incorporated
app_anpc_operation.asm                                               PAGE   51

    2467              ;*                                                             *
    2468              ;* FUNCTION PROPERTIES                                         *
    2469              ;*                            0 Parameter,  0 Auto,  0 SOE     *
    2470              ;***************************************************************
    2471              
    2472              ||__isfinitel||:
    2473              ;* AR4   assigned to e
    2474              $C$DW$118       .dwtag  DW_TAG_variable
    2475                      .dwattr $C$DW$118, DW_AT_name("e")
    2476                      .dwattr $C$DW$118, DW_AT_type(*$C$DW$T$60)
    2477                      .dwattr $C$DW$118, DW_AT_location[DW_OP_reg12]
    2478              
    2479                      .dwcfi  cfa_offset, -2
    2480                      .dwcfi  save_reg_to_mem, 26, 0
    2481                      .dwpsn  file "C:/ti/ccs2030/ccs/tools/compiler/ti-cgt-c2000_22.6.2.LTS/include/_defs.h",line 339,colu
    2482 00000000 A3C4          MOVL      P,*+XAR4[0]           ; [CPU_ALU] |339| 
    2483 00000001 06D4          MOVL      ACC,*+XAR4[2]         ; [CPU_ALU] |339| 
    2484 00000002 28AC          MOV       T,#48                 ; [CPU_ALU] |339| 
         00000003 0030 
    2485 00000004 565B          LSR64     ACC:P,T               ; [CPU_ALU] |339| 
    2486 00000005 18AB          AND       PL,#0x7ff0            ; [CPU_ALU] |339| 
         00000006 7FF0 
    2487 00000007 80AB          MOVZ      AR7,PL                ; [CPU_ALU] |339| 
    2488 00000008 FF20          MOV       ACC,#32752            ; [CPU_ALU] |339| 
         00000009 7FF0 
    2489 0000000a BE00          MOVB      XAR6,#0               ; [CPU_ALU] |339| 
    2490 0000000b 0FA7          CMPL      ACC,XAR7              ; [CPU_ALU] |339| 
    2491 0000000c 56B0          MOVB      XAR6,#1,NEQ           ; [CPU_ALU] |339| 
         0000000d 01A6 
    2492 0000000e 92A6          MOV       AL,AR6                ; [CPU_ALU] |339| 
    2493              $C$DW$119       .dwtag  DW_TAG_TI_branch
    2494                      .dwattr $C$DW$119, DW_AT_low_pc(0x00)
    2495                      .dwattr $C$DW$119, DW_AT_TI_return
    2496              
    2497 0000000f 0006          LRETR     ; [CPU_ALU] 
    2498                      ; return occurs ; [] 
    2499                      .dwattr $C$DW$116, DW_AT_TI_end_file("C:/ti/ccs2030/ccs/tools/compiler/ti-cgt-c2000_22.6.2.LTS/includ
    2500                      .dwattr $C$DW$116, DW_AT_TI_end_line(0x153)
    2501                      .dwattr $C$DW$116, DW_AT_TI_end_column(0x2f)
    2502                      .dwendentry
    2503                      .dwendtag $C$DW$116
    2504              
    2505 00000000               .sect   ".text:__isfinitef"
    2506                      .clink
    2507                      .global ||__isfinitef||
    2508              
    2509              $C$DW$120       .dwtag  DW_TAG_subprogram
    2510                      .dwattr $C$DW$120, DW_AT_name("__isfinitef")
    2511                      .dwattr $C$DW$120, DW_AT_low_pc(||__isfinitef||)
    2512                      .dwattr $C$DW$120, DW_AT_high_pc(0x00)
    2513                      .dwattr $C$DW$120, DW_AT_linkage_name("__isfinitef")
    2514                      .dwattr $C$DW$120, DW_AT_external
    2515                      .dwattr $C$DW$120, DW_AT_type(*$C$DW$T$10)
    2516                      .dwattr $C$DW$120, DW_AT_decl_file("C:/ti/ccs2030/ccs/tools/compiler/ti-cgt-c2000_22.6.2.LTS/include/
    2517                      .dwattr $C$DW$120, DW_AT_decl_line(0x150)
TMS320C2000 Assembler PC v22.6.2 Tue Nov 18 13:15:16 2025

Copyright (c) 1996-2018 Texas Instruments Incorporated
app_anpc_operation.asm                                               PAGE   52

    2518                      .dwattr $C$DW$120, DW_AT_decl_column(0x18)
    2519                      .dwattr $C$DW$120, DW_AT_TI_max_frame_size(-2)
    2520                      .dwpsn  file "C:/ti/ccs2030/ccs/tools/compiler/ti-cgt-c2000_22.6.2.LTS/include/_defs.h",line 337,colu
    2521              
    2522                      .dwfde $C$DW$CIE, ||__isfinitef||
    2523              $C$DW$121       .dwtag  DW_TAG_formal_parameter
    2524                      .dwattr $C$DW$121, DW_AT_name("f")
    2525                      .dwattr $C$DW$121, DW_AT_type(*$C$DW$T$16)
    2526                      .dwattr $C$DW$121, DW_AT_location[DW_OP_regx 0x2b]
    2527              
    2528              
    2529              ;***************************************************************
    2530              ;* FNAME: __isfinitef                   FR SIZE:   0           *
    2531              ;*                                                             *
    2532              ;* FUNCTION ENVIRONMENT                                        *
    2533              ;*                                                             *
    2534              ;* FUNCTION PROPERTIES                                         *
    2535              ;*                            0 Parameter,  0 Auto,  0 SOE     *
    2536              ;***************************************************************
    2537              
    2538              ||__isfinitef||:
    2539              ;* R0    assigned to f
    2540              $C$DW$122       .dwtag  DW_TAG_variable
    2541                      .dwattr $C$DW$122, DW_AT_name("f")
    2542                      .dwattr $C$DW$122, DW_AT_type(*$C$DW$T$56)
    2543                      .dwattr $C$DW$122, DW_AT_location[DW_OP_regx 0x2b]
    2544              
    2545                      .dwcfi  cfa_offset, -2
    2546                      .dwcfi  save_reg_to_mem, 26, 0
    2547                      .dwpsn  file "C:/ti/ccs2030/ccs/tools/compiler/ti-cgt-c2000_22.6.2.LTS/include/_defs.h",line 337,colu
    2548 00000000 BFAB          MOV32     P,R0H                 ; [CPU_FPU] |337| 
         00000001 0F12 
    2549 00000002 18AA          AND       PH,#0x7f80            ; [CPU_ALU] |337| 
         00000003 7F80 
    2550 00000004 80AA          MOVZ      AR7,PH                ; [CPU_ALU] |337| 
    2551 00000005 FF20          MOV       ACC,#32640            ; [CPU_ALU] |337| 
         00000006 7F80 
    2552 00000007 BE00          MOVB      XAR6,#0               ; [CPU_ALU] |337| 
    2553 00000008 0FA7          CMPL      ACC,XAR7              ; [CPU_ALU] |337| 
    2554 00000009 56B0          MOVB      XAR6,#1,NEQ           ; [CPU_ALU] |337| 
         0000000a 01A6 
    2555 0000000b 92A6          MOV       AL,AR6                ; [CPU_ALU] |337| 
    2556              $C$DW$123       .dwtag  DW_TAG_TI_branch
    2557                      .dwattr $C$DW$123, DW_AT_low_pc(0x00)
    2558                      .dwattr $C$DW$123, DW_AT_TI_return
    2559              
    2560 0000000c 0006          LRETR     ; [CPU_ALU] 
    2561                      ; return occurs ; [] 
    2562                      .dwattr $C$DW$120, DW_AT_TI_end_file("C:/ti/ccs2030/ccs/tools/compiler/ti-cgt-c2000_22.6.2.LTS/includ
    2563                      .dwattr $C$DW$120, DW_AT_TI_end_line(0x151)
    2564                      .dwattr $C$DW$120, DW_AT_TI_end_column(0x2d)
    2565                      .dwendentry
    2566                      .dwendtag $C$DW$120
    2567              
    2568 00000000               .sect   ".text:__isfinite"
TMS320C2000 Assembler PC v22.6.2 Tue Nov 18 13:15:16 2025

Copyright (c) 1996-2018 Texas Instruments Incorporated
app_anpc_operation.asm                                               PAGE   53

    2569                      .clink
    2570                      .global ||__isfinite||
    2571              
    2572              $C$DW$124       .dwtag  DW_TAG_subprogram
    2573                      .dwattr $C$DW$124, DW_AT_name("__isfinite")
    2574                      .dwattr $C$DW$124, DW_AT_low_pc(||__isfinite||)
    2575                      .dwattr $C$DW$124, DW_AT_high_pc(0x00)
    2576                      .dwattr $C$DW$124, DW_AT_linkage_name("__isfinite")
    2577                      .dwattr $C$DW$124, DW_AT_external
    2578                      .dwattr $C$DW$124, DW_AT_type(*$C$DW$T$10)
    2579                      .dwattr $C$DW$124, DW_AT_decl_file("C:/ti/ccs2030/ccs/tools/compiler/ti-cgt-c2000_22.6.2.LTS/include/
    2580                      .dwattr $C$DW$124, DW_AT_decl_line(0x14e)
    2581                      .dwattr $C$DW$124, DW_AT_decl_column(0x18)
    2582                      .dwattr $C$DW$124, DW_AT_TI_max_frame_size(-2)
    2583                      .dwpsn  file "C:/ti/ccs2030/ccs/tools/compiler/ti-cgt-c2000_22.6.2.LTS/include/_defs.h",line 335,colu
    2584              
    2585                      .dwfde $C$DW$CIE, ||__isfinite||
    2586              $C$DW$125       .dwtag  DW_TAG_formal_parameter
    2587                      .dwattr $C$DW$125, DW_AT_name("d")
    2588                      .dwattr $C$DW$125, DW_AT_type(*$C$DW$T$57)
    2589                      .dwattr $C$DW$125, DW_AT_location[DW_OP_reg12]
    2590              
    2591              
    2592              ;***************************************************************
    2593              ;* FNAME: __isfinite                    FR SIZE:   0           *
    2594              ;*                                                             *
    2595              ;* FUNCTION ENVIRONMENT                                        *
    2596              ;*                                                             *
    2597              ;* FUNCTION PROPERTIES                                         *
    2598              ;*                            0 Parameter,  0 Auto,  0 SOE     *
    2599              ;***************************************************************
    2600              
    2601              ||__isfinite||:
    2602              ;* AR4   assigned to d
    2603              $C$DW$126       .dwtag  DW_TAG_variable
    2604                      .dwattr $C$DW$126, DW_AT_name("d")
    2605                      .dwattr $C$DW$126, DW_AT_type(*$C$DW$T$58)
    2606                      .dwattr $C$DW$126, DW_AT_location[DW_OP_reg12]
    2607              
    2608                      .dwcfi  cfa_offset, -2
    2609                      .dwcfi  save_reg_to_mem, 26, 0
    2610                      .dwpsn  file "C:/ti/ccs2030/ccs/tools/compiler/ti-cgt-c2000_22.6.2.LTS/include/_defs.h",line 335,colu
    2611 00000000 A3C4          MOVL      P,*+XAR4[0]           ; [CPU_ALU] |335| 
    2612 00000001 06D4          MOVL      ACC,*+XAR4[2]         ; [CPU_ALU] |335| 
    2613 00000002 28AC          MOV       T,#48                 ; [CPU_ALU] |335| 
         00000003 0030 
    2614 00000004 565B          LSR64     ACC:P,T               ; [CPU_ALU] |335| 
    2615 00000005 18AB          AND       PL,#0x7ff0            ; [CPU_ALU] |335| 
         00000006 7FF0 
    2616 00000007 80AB          MOVZ      AR7,PL                ; [CPU_ALU] |335| 
    2617 00000008 FF20          MOV       ACC,#32752            ; [CPU_ALU] |335| 
         00000009 7FF0 
    2618 0000000a BE00          MOVB      XAR6,#0               ; [CPU_ALU] |335| 
    2619 0000000b 0FA7          CMPL      ACC,XAR7              ; [CPU_ALU] |335| 
    2620 0000000c 56B0          MOVB      XAR6,#1,NEQ           ; [CPU_ALU] |335| 
TMS320C2000 Assembler PC v22.6.2 Tue Nov 18 13:15:16 2025

Copyright (c) 1996-2018 Texas Instruments Incorporated
app_anpc_operation.asm                                               PAGE   54

         0000000d 01A6 
    2621 0000000e 92A6          MOV       AL,AR6                ; [CPU_ALU] |335| 
    2622              $C$DW$127       .dwtag  DW_TAG_TI_branch
    2623                      .dwattr $C$DW$127, DW_AT_low_pc(0x00)
    2624                      .dwattr $C$DW$127, DW_AT_TI_return
    2625              
    2626 0000000f 0006          LRETR     ; [CPU_ALU] 
    2627                      ; return occurs ; [] 
    2628                      .dwattr $C$DW$124, DW_AT_TI_end_file("C:/ti/ccs2030/ccs/tools/compiler/ti-cgt-c2000_22.6.2.LTS/includ
    2629                      .dwattr $C$DW$124, DW_AT_TI_end_line(0x14f)
    2630                      .dwattr $C$DW$124, DW_AT_TI_end_column(0x2e)
    2631                      .dwendentry
    2632                      .dwendtag $C$DW$124
    2633              
    2634 00000000               .sect   ".text:__fpclassifyl"
    2635                      .clink
    2636                      .global ||__fpclassifyl||
    2637              
    2638              $C$DW$128       .dwtag  DW_TAG_subprogram
    2639                      .dwattr $C$DW$128, DW_AT_name("__fpclassifyl")
    2640                      .dwattr $C$DW$128, DW_AT_low_pc(||__fpclassifyl||)
    2641                      .dwattr $C$DW$128, DW_AT_high_pc(0x00)
    2642                      .dwattr $C$DW$128, DW_AT_linkage_name("__fpclassifyl")
    2643                      .dwattr $C$DW$128, DW_AT_external
    2644                      .dwattr $C$DW$128, DW_AT_type(*$C$DW$T$10)
    2645                      .dwattr $C$DW$128, DW_AT_decl_file("C:/ti/ccs2030/ccs/tools/compiler/ti-cgt-c2000_22.6.2.LTS/include/
    2646                      .dwattr $C$DW$128, DW_AT_decl_line(0x1ae)
    2647                      .dwattr $C$DW$128, DW_AT_decl_column(0x18)
    2648                      .dwattr $C$DW$128, DW_AT_TI_max_frame_size(-10)
    2649                      .dwpsn  file "C:/ti/ccs2030/ccs/tools/compiler/ti-cgt-c2000_22.6.2.LTS/include/_defs.h",line 431,colu
    2650              
    2651                      .dwfde $C$DW$CIE, ||__fpclassifyl||
    2652              $C$DW$129       .dwtag  DW_TAG_formal_parameter
    2653                      .dwattr $C$DW$129, DW_AT_name("e")
    2654                      .dwattr $C$DW$129, DW_AT_type(*$C$DW$T$59)
    2655                      .dwattr $C$DW$129, DW_AT_location[DW_OP_reg12]
    2656              
    2657              
    2658              ;***************************************************************
    2659              ;* FNAME: __fpclassifyl                 FR SIZE:   8           *
    2660              ;*                                                             *
    2661              ;* FUNCTION ENVIRONMENT                                        *
    2662              ;*                                                             *
    2663              ;* FUNCTION PROPERTIES                                         *
    2664              ;*                            4 Parameter,  4 Auto,  0 SOE     *
    2665              ;***************************************************************
    2666              
    2667              ||__fpclassifyl||:
    2668              $C$DW$130       .dwtag  DW_TAG_variable
    2669                      .dwattr $C$DW$130, DW_AT_name("e")
    2670                      .dwattr $C$DW$130, DW_AT_type(*$C$DW$T$18)
    2671                      .dwattr $C$DW$130, DW_AT_location[DW_OP_breg20 -8]
    2672              
    2673              ;* AR5   assigned to $O$C1
    2674              ;* AR4   assigned to e
TMS320C2000 Assembler PC v22.6.2 Tue Nov 18 13:15:16 2025

Copyright (c) 1996-2018 Texas Instruments Incorporated
app_anpc_operation.asm                                               PAGE   55

    2675              $C$DW$131       .dwtag  DW_TAG_variable
    2676                      .dwattr $C$DW$131, DW_AT_name("e")
    2677                      .dwattr $C$DW$131, DW_AT_type(*$C$DW$T$60)
    2678                      .dwattr $C$DW$131, DW_AT_location[DW_OP_reg12]
    2679              
    2680                      .dwcfi  cfa_offset, -2
    2681                      .dwcfi  save_reg_to_mem, 26, 0
    2682 00000000 FE08          ADDB      SP,#8                 ; [CPU_ARAU] 
    2683                      .dwcfi  cfa_offset, -10
    2684 00000001 C4D4          MOVL      XAR6,*+XAR4[2]        ; [CPU_ALU] |431| 
    2685 00000002 06C4          MOVL      ACC,*+XAR4[0]         ; [CPU_ALU] |431| 
    2686 00000003 1E48          MOVL      *-SP[8],ACC           ; [CPU_ALU] |431| 
    2687 00000004 C246          MOVL      *-SP[6],XAR6          ; [CPU_ALU] |431| 
    2688                      .dwpsn  file "C:/ti/ccs2030/ccs/tools/compiler/ti-cgt-c2000_22.6.2.LTS/include/_defs.h",line 432,colu
    2689 00000005 8348          MOVL      XAR5,*-SP[8]          ; [CPU_ALU] |432| 
    2690 00000006 8A46          MOVL      XAR4,*-SP[6]          ; [CPU_ALU] |432| 
    2691                      .dwpsn  file "C:/ti/ccs2030/ccs/tools/compiler/ti-cgt-c2000_22.6.2.LTS/include/_defs.h",line 436,colu
    2692 00000007 28AC          MOV       T,#48                 ; [CPU_ALU] |436| 
         00000008 0030 
    2693 00000009 A0AB          MOVL      P,XAR5                ; [CPU_ALU] |436| 
    2694 0000000a A8A9          MOVL      ACC,XAR4              ; [CPU_ALU] |436| 
    2695 0000000b 565B          LSR64     ACC:P,T               ; [CPU_ALU] |436| 
    2696 0000000c 18AB          AND       PL,#0x7ff0            ; [CPU_ALU] |436| 
         0000000d 7FF0 
    2697 0000000e 88AB          MOVZ      AR6,PL                ; [CPU_ALU] |436| 
    2698 0000000f FF20          MOV       ACC,#32752            ; [CPU_ALU] |436| 
         00000010 7FF0 
    2699 00000011 0FA6          CMPL      ACC,XAR6              ; [CPU_ALU] |436| 
    2700 00000012 6016          B         ||$C$L71||,NEQ        ; [CPU_ALU] |436| 
    2701                      ; branchcc occurs ; [] |436| 
    2702 00000013 0200          MOVB      ACC,#0                ; [CPU_ALU] |436| 
    2703 00000014 1E44          MOVL      *-SP[4],ACC           ; [CPU_ALU] |436| 
    2704 00000015 2B42          MOV       *-SP[2],#0            ; [CPU_ALU] |436| 
    2705 00000016 2B41          MOV       *-SP[1],#0            ; [CPU_ALU] |436| 
    2706 00000017 A348          MOVL      P,*-SP[8]             ; [CPU_ALU] |436| 
    2707 00000018 0646          MOVL      ACC,*-SP[6]           ; [CPU_ALU] |436| 
    2708 00000019 18AB          AND       PL,#65535             ; [CPU_ALU] |436| 
         0000001a FFFF 
    2709 0000001b 18AA          AND       PH,#65535             ; [CPU_ALU] |436| 
         0000001c FFFF 
    2710 0000001d 18A9          AND       AL,#65535             ; [CPU_ALU] |436| 
         0000001e FFFF 
    2711 0000001f 910F          ANDB      AH,#15                ; [CPU_ALU] |436| 
    2712              $C$DW$132       .dwtag  DW_TAG_TI_branch
    2713                      .dwattr $C$DW$132, DW_AT_low_pc(0x00)
    2714                      .dwattr $C$DW$132, DW_AT_name("__c28xabi_cmpull")
    2715                      .dwattr $C$DW$132, DW_AT_TI_call
    2716              
    2717 00000020 7640!         LCR       #||__c28xabi_cmpull|| ; [CPU_ALU] |436| 
         00000021 0000 
    2718                      ; call occurs [#||__c28xabi_cmpull||] ; [] |436| 
    2719 00000022 5200          CMPB      AL,#0                 ; [CPU_ALU] |436| 
    2720 00000023 6103          B         ||$C$L70||,EQ         ; [CPU_ALU] |436| 
    2721                      ; branchcc occurs ; [] |436| 
    2722 00000024 9A02          MOVB      AL,#2                 ; [CPU_ALU] |436| 
TMS320C2000 Assembler PC v22.6.2 Tue Nov 18 13:15:16 2025

Copyright (c) 1996-2018 Texas Instruments Incorporated
app_anpc_operation.asm                                               PAGE   56

    2723 00000025 6F2D          B         ||$C$L74||,UNC        ; [CPU_ALU] |436| 
    2724                      ; branch occurs ; [] |436| 
    2725 00000026       ||$C$L70||:    
    2726 00000026 9A01          MOVB      AL,#1                 ; [CPU_ALU] |436| 
    2727 00000027 6F2B          B         ||$C$L74||,UNC        ; [CPU_ALU] |436| 
    2728                      ; branch occurs ; [] |436| 
    2729 00000028       ||$C$L71||:    
    2730 00000028 BE00          MOVB      XAR6,#0               ; [CPU_ALU] |436| 
    2731 00000029 A0AB          MOVL      P,XAR5                ; [CPU_ALU] |436| 
    2732 0000002a A8A9          MOVL      ACC,XAR4              ; [CPU_ALU] |436| 
    2733 0000002b 28AC          MOV       T,#52                 ; [CPU_ALU] |436| 
         0000002c 0034 
    2734 0000002d C244          MOVL      *-SP[4],XAR6          ; [CPU_ALU] |436| 
    2735 0000002e 2B42          MOV       *-SP[2],#0            ; [CPU_ALU] |436| 
    2736 0000002f 565B          LSR64     ACC:P,T               ; [CPU_ALU] |436| 
    2737 00000030 2B41          MOV       *-SP[1],#0            ; [CPU_FPU] |436| 
    2738 00000031 9000          ANDB      AL,#0                 ; [CPU_ALU] |436| 
    2739 00000032 9100          ANDB      AH,#0                 ; [CPU_ALU] |436| 
    2740 00000033 18AB          AND       PL,#2047              ; [CPU_ALU] |436| 
         00000034 07FF 
    2741 00000035 18AA          AND       PH,#0                 ; [CPU_ALU] |436| 
         00000036 0000 
    2742              $C$DW$133       .dwtag  DW_TAG_TI_branch
    2743                      .dwattr $C$DW$133, DW_AT_low_pc(0x00)
    2744                      .dwattr $C$DW$133, DW_AT_name("__c28xabi_cmpull")
    2745                      .dwattr $C$DW$133, DW_AT_TI_call
    2746              
    2747 00000037 7640!         LCR       #||__c28xabi_cmpull|| ; [CPU_ALU] |436| 
         00000038 0000 
    2748                      ; call occurs [#||__c28xabi_cmpull||] ; [] |436| 
    2749 00000039 5200          CMPB      AL,#0                 ; [CPU_ALU] |436| 
    2750 0000003a 6104          B         ||$C$L72||,EQ         ; [CPU_ALU] |436| 
    2751                      ; branchcc occurs ; [] |436| 
    2752 0000003b 28A9          MOV       AL,#-1                ; [CPU_ALU] |436| 
         0000003c FFFF 
    2753 0000003d 6F15          B         ||$C$L74||,UNC        ; [CPU_ALU] |436| 
    2754                      ; branch occurs ; [] |436| 
    2755 0000003e       ||$C$L72||:    
    2756 0000003e C244          MOVL      *-SP[4],XAR6          ; [CPU_ALU] |436| 
    2757 0000003f A8A9          MOVL      ACC,XAR4              ; [CPU_ALU] |436| 
    2758 00000040 A0AB          MOVL      P,XAR5                ; [CPU_ALU] |436| 
    2759 00000041 2B42          MOV       *-SP[2],#0            ; [CPU_ALU] |436| 
    2760 00000042 18A9          AND       AL,#65535             ; [CPU_ALU] |436| 
         00000043 FFFF 
    2761 00000044 910F          ANDB      AH,#15                ; [CPU_ALU] |436| 
    2762 00000045 18AB          AND       PL,#65535             ; [CPU_ALU] |436| 
         00000046 FFFF 
    2763 00000047 18AA          AND       PH,#65535             ; [CPU_ALU] |436| 
         00000048 FFFF 
    2764 00000049 2B41          MOV       *-SP[1],#0            ; [CPU_FPU] |436| 
    2765              $C$DW$134       .dwtag  DW_TAG_TI_branch
    2766                      .dwattr $C$DW$134, DW_AT_low_pc(0x00)
    2767                      .dwattr $C$DW$134, DW_AT_name("__c28xabi_cmpull")
    2768                      .dwattr $C$DW$134, DW_AT_TI_call
    2769              
TMS320C2000 Assembler PC v22.6.2 Tue Nov 18 13:15:16 2025

Copyright (c) 1996-2018 Texas Instruments Incorporated
app_anpc_operation.asm                                               PAGE   57

    2770 0000004a 7640!         LCR       #||__c28xabi_cmpull|| ; [CPU_ALU] |436| 
         0000004b 0000 
    2771                      ; call occurs [#||__c28xabi_cmpull||] ; [] |436| 
    2772 0000004c 5200          CMPB      AL,#0                 ; [CPU_ALU] |436| 
    2773 0000004d 6104          B         ||$C$L73||,EQ         ; [CPU_ALU] |436| 
    2774                      ; branchcc occurs ; [] |436| 
    2775 0000004e 28A9          MOV       AL,#-2                ; [CPU_ALU] |436| 
         0000004f FFFE 
    2776 00000050 6F02          B         ||$C$L74||,UNC        ; [CPU_ALU] |436| 
    2777                      ; branch occurs ; [] |436| 
    2778 00000051       ||$C$L73||:    
    2779 00000051 9A00          MOVB      AL,#0                 ; [CPU_ALU] |436| 
    2780 00000052       ||$C$L74||:    
    2781 00000052 FE88          SUBB      SP,#8                 ; [CPU_ARAU] 
    2782                      .dwcfi  cfa_offset, -2
    2783              $C$DW$135       .dwtag  DW_TAG_TI_branch
    2784                      .dwattr $C$DW$135, DW_AT_low_pc(0x00)
    2785                      .dwattr $C$DW$135, DW_AT_TI_return
    2786              
    2787 00000053 0006          LRETR     ; [CPU_ALU] 
    2788                      ; return occurs ; [] 
    2789                      .dwattr $C$DW$128, DW_AT_TI_end_file("C:/ti/ccs2030/ccs/tools/compiler/ti-cgt-c2000_22.6.2.LTS/includ
    2790                      .dwattr $C$DW$128, DW_AT_TI_end_line(0x1bd)
    2791                      .dwattr $C$DW$128, DW_AT_TI_end_column(0x01)
    2792                      .dwendentry
    2793                      .dwendtag $C$DW$128
    2794              
    2795 00000000               .sect   ".text:__fpclassifyf"
    2796                      .clink
    2797                      .global ||__fpclassifyf||
    2798              
    2799              $C$DW$136       .dwtag  DW_TAG_subprogram
    2800                      .dwattr $C$DW$136, DW_AT_name("__fpclassifyf")
    2801                      .dwattr $C$DW$136, DW_AT_low_pc(||__fpclassifyf||)
    2802                      .dwattr $C$DW$136, DW_AT_high_pc(0x00)
    2803                      .dwattr $C$DW$136, DW_AT_linkage_name("__fpclassifyf")
    2804                      .dwattr $C$DW$136, DW_AT_external
    2805                      .dwattr $C$DW$136, DW_AT_type(*$C$DW$T$10)
    2806                      .dwattr $C$DW$136, DW_AT_decl_file("C:/ti/ccs2030/ccs/tools/compiler/ti-cgt-c2000_22.6.2.LTS/include/
    2807                      .dwattr $C$DW$136, DW_AT_decl_line(0x18c)
    2808                      .dwattr $C$DW$136, DW_AT_decl_column(0x18)
    2809                      .dwattr $C$DW$136, DW_AT_TI_max_frame_size(-2)
    2810                      .dwpsn  file "C:/ti/ccs2030/ccs/tools/compiler/ti-cgt-c2000_22.6.2.LTS/include/_defs.h",line 397,colu
    2811              
    2812                      .dwfde $C$DW$CIE, ||__fpclassifyf||
    2813              $C$DW$137       .dwtag  DW_TAG_formal_parameter
    2814                      .dwattr $C$DW$137, DW_AT_name("f")
    2815                      .dwattr $C$DW$137, DW_AT_type(*$C$DW$T$16)
    2816                      .dwattr $C$DW$137, DW_AT_location[DW_OP_regx 0x2b]
    2817              
    2818              
    2819              ;***************************************************************
    2820              ;* FNAME: __fpclassifyf                 FR SIZE:   0           *
    2821              ;*                                                             *
    2822              ;* FUNCTION ENVIRONMENT                                        *
TMS320C2000 Assembler PC v22.6.2 Tue Nov 18 13:15:16 2025

Copyright (c) 1996-2018 Texas Instruments Incorporated
app_anpc_operation.asm                                               PAGE   58

    2823              ;*                                                             *
    2824              ;* FUNCTION PROPERTIES                                         *
    2825              ;*                            0 Parameter,  0 Auto,  0 SOE     *
    2826              ;***************************************************************
    2827              
    2828              ||__fpclassifyf||:
    2829              ;* PL    assigned to $O$K1
    2830              ;* R0    assigned to f
    2831              $C$DW$138       .dwtag  DW_TAG_variable
    2832                      .dwattr $C$DW$138, DW_AT_name("f")
    2833                      .dwattr $C$DW$138, DW_AT_type(*$C$DW$T$56)
    2834                      .dwattr $C$DW$138, DW_AT_location[DW_OP_regx 0x2b]
    2835              
    2836                      .dwcfi  cfa_offset, -2
    2837                      .dwcfi  save_reg_to_mem, 26, 0
    2838                      .dwpsn  file "C:/ti/ccs2030/ccs/tools/compiler/ti-cgt-c2000_22.6.2.LTS/include/_defs.h",line 398,colu
    2839 00000000 BFAB          MOV32     P,R0H                 ; [CPU_FPU] |398| 
         00000001 0F12 
    2840                      .dwpsn  file "C:/ti/ccs2030/ccs/tools/compiler/ti-cgt-c2000_22.6.2.LTS/include/_defs.h",line 402,colu
    2841 00000002 CCAA          AND       AL,PH,#0x7f80         ; [CPU_ALU] |402| 
         00000003 7F80 
    2842 00000004 88A9          MOVZ      AR6,AL                ; [CPU_ALU] |402| 
    2843 00000005 FF20          MOV       ACC,#32640            ; [CPU_ALU] |402| 
         00000006 7F80 
    2844 00000007 0FA6          CMPL      ACC,XAR6              ; [CPU_ALU] |402| 
    2845 00000008 6009          B         ||$C$L76||,NEQ        ; [CPU_ALU] |402| 
    2846                      ; branchcc occurs ; [] |402| 
    2847 00000009 A9A9          MOVL      ACC,P                 ; [CPU_ALU] |402| 
    2848 0000000a 917F          ANDB      AH,#127               ; [CPU_ALU] |402| 
    2849 0000000b FF58          TEST      ACC                   ; [CPU_ALU] |402| 
    2850 0000000c 6103          B         ||$C$L75||,EQ         ; [CPU_ALU] |402| 
    2851                      ; branchcc occurs ; [] |402| 
    2852                      .dwcfi  remember_state
    2853 0000000d 9A02          MOVB      AL,#2                 ; [CPU_ALU] |402| 
    2854              $C$DW$139       .dwtag  DW_TAG_TI_branch
    2855                      .dwattr $C$DW$139, DW_AT_low_pc(0x00)
    2856                      .dwattr $C$DW$139, DW_AT_TI_return
    2857              
    2858 0000000e 0006          LRETR     ; [CPU_ALU] 
    2859                      ; return occurs ; [] 
    2860                      .dwcfi  restore_state
    2861 0000000f       ||$C$L75||:    
    2862                      .dwcfi  remember_state
    2863 0000000f 9A01          MOVB      AL,#1                 ; [CPU_ALU] |402| 
    2864              $C$DW$140       .dwtag  DW_TAG_TI_branch
    2865                      .dwattr $C$DW$140, DW_AT_low_pc(0x00)
    2866                      .dwattr $C$DW$140, DW_AT_TI_return
    2867              
    2868 00000010 0006          LRETR     ; [CPU_ALU] 
    2869                      ; return occurs ; [] 
    2870                      .dwcfi  restore_state
    2871 00000011       ||$C$L76||:    
    2872 00000011 A9A9          MOVL      ACC,P                 ; [CPU_ALU] |402| 
    2873 00000012 28AC          MOV       T,#23                 ; [CPU_ALU] |402| 
         00000013 0017 
TMS320C2000 Assembler PC v22.6.2 Tue Nov 18 13:15:16 2025

Copyright (c) 1996-2018 Texas Instruments Incorporated
app_anpc_operation.asm                                               PAGE   59

    2874 00000014 5622          LSRL      ACC,T                 ; [CPU_ALU] |402| 
    2875 00000015 90FF          ANDB      AL,#0xff              ; [CPU_ALU] |402| 
    2876 00000016 6104          B         ||$C$L77||,EQ         ; [CPU_ALU] |402| 
    2877                      ; branchcc occurs ; [] |402| 
    2878                      .dwcfi  remember_state
    2879 00000017 28A9          MOV       AL,#-1                ; [CPU_ALU] |402| 
         00000018 FFFF 
    2880              $C$DW$141       .dwtag  DW_TAG_TI_branch
    2881                      .dwattr $C$DW$141, DW_AT_low_pc(0x00)
    2882                      .dwattr $C$DW$141, DW_AT_TI_return
    2883              
    2884 00000019 0006          LRETR     ; [CPU_ALU] 
    2885                      ; return occurs ; [] 
    2886                      .dwcfi  restore_state
    2887 0000001a       ||$C$L77||:    
    2888 0000001a A9A9          MOVL      ACC,P                 ; [CPU_ALU] |402| 
    2889 0000001b 917F          ANDB      AH,#127               ; [CPU_ALU] |402| 
    2890 0000001c FF58          TEST      ACC                   ; [CPU_ALU] |402| 
    2891 0000001d 6104          B         ||$C$L78||,EQ         ; [CPU_ALU] |402| 
    2892                      ; branchcc occurs ; [] |402| 
    2893                      .dwcfi  remember_state
    2894 0000001e 28A9          MOV       AL,#-2                ; [CPU_ALU] |402| 
         0000001f FFFE 
    2895              $C$DW$142       .dwtag  DW_TAG_TI_branch
    2896                      .dwattr $C$DW$142, DW_AT_low_pc(0x00)
    2897                      .dwattr $C$DW$142, DW_AT_TI_return
    2898              
    2899 00000020 0006          LRETR     ; [CPU_ALU] 
    2900                      ; return occurs ; [] 
    2901                      .dwcfi  restore_state
    2902 00000021       ||$C$L78||:    
    2903 00000021 9A00          MOVB      AL,#0                 ; [CPU_ALU] |402| 
    2904              $C$DW$143       .dwtag  DW_TAG_TI_branch
    2905                      .dwattr $C$DW$143, DW_AT_low_pc(0x00)
    2906                      .dwattr $C$DW$143, DW_AT_TI_return
    2907              
    2908 00000022 0006          LRETR     ; [CPU_ALU] 
    2909                      ; return occurs ; [] 
    2910                      .dwattr $C$DW$136, DW_AT_TI_end_file("C:/ti/ccs2030/ccs/tools/compiler/ti-cgt-c2000_22.6.2.LTS/includ
    2911                      .dwattr $C$DW$136, DW_AT_TI_end_line(0x19b)
    2912                      .dwattr $C$DW$136, DW_AT_TI_end_column(0x01)
    2913                      .dwendentry
    2914                      .dwendtag $C$DW$136
    2915              
    2916 00000000               .sect   ".text:__fpclassify"
    2917                      .clink
    2918                      .global ||__fpclassify||
    2919              
    2920              $C$DW$144       .dwtag  DW_TAG_subprogram
    2921                      .dwattr $C$DW$144, DW_AT_name("__fpclassify")
    2922                      .dwattr $C$DW$144, DW_AT_low_pc(||__fpclassify||)
    2923                      .dwattr $C$DW$144, DW_AT_high_pc(0x00)
    2924                      .dwattr $C$DW$144, DW_AT_linkage_name("__fpclassify")
    2925                      .dwattr $C$DW$144, DW_AT_external
    2926                      .dwattr $C$DW$144, DW_AT_type(*$C$DW$T$10)
TMS320C2000 Assembler PC v22.6.2 Tue Nov 18 13:15:16 2025

Copyright (c) 1996-2018 Texas Instruments Incorporated
app_anpc_operation.asm                                               PAGE   60

    2927                      .dwattr $C$DW$144, DW_AT_decl_file("C:/ti/ccs2030/ccs/tools/compiler/ti-cgt-c2000_22.6.2.LTS/include/
    2928                      .dwattr $C$DW$144, DW_AT_decl_line(0x19d)
    2929                      .dwattr $C$DW$144, DW_AT_decl_column(0x18)
    2930                      .dwattr $C$DW$144, DW_AT_TI_max_frame_size(-10)
    2931                      .dwpsn  file "C:/ti/ccs2030/ccs/tools/compiler/ti-cgt-c2000_22.6.2.LTS/include/_defs.h",line 414,colu
    2932              
    2933                      .dwfde $C$DW$CIE, ||__fpclassify||
    2934              $C$DW$145       .dwtag  DW_TAG_formal_parameter
    2935                      .dwattr $C$DW$145, DW_AT_name("d")
    2936                      .dwattr $C$DW$145, DW_AT_type(*$C$DW$T$57)
    2937                      .dwattr $C$DW$145, DW_AT_location[DW_OP_reg12]
    2938              
    2939              
    2940              ;***************************************************************
    2941              ;* FNAME: __fpclassify                  FR SIZE:   8           *
    2942              ;*                                                             *
    2943              ;* FUNCTION ENVIRONMENT                                        *
    2944              ;*                                                             *
    2945              ;* FUNCTION PROPERTIES                                         *
    2946              ;*                            4 Parameter,  4 Auto,  0 SOE     *
    2947              ;***************************************************************
    2948              
    2949              ||__fpclassify||:
    2950              $C$DW$146       .dwtag  DW_TAG_variable
    2951                      .dwattr $C$DW$146, DW_AT_name("d")
    2952                      .dwattr $C$DW$146, DW_AT_type(*$C$DW$T$17)
    2953                      .dwattr $C$DW$146, DW_AT_location[DW_OP_breg20 -8]
    2954              
    2955              ;* AR5   assigned to $O$C1
    2956              ;* AR4   assigned to d
    2957              $C$DW$147       .dwtag  DW_TAG_variable
    2958                      .dwattr $C$DW$147, DW_AT_name("d")
    2959                      .dwattr $C$DW$147, DW_AT_type(*$C$DW$T$58)
    2960                      .dwattr $C$DW$147, DW_AT_location[DW_OP_reg12]
    2961              
    2962                      .dwcfi  cfa_offset, -2
    2963                      .dwcfi  save_reg_to_mem, 26, 0
    2964 00000000 FE08          ADDB      SP,#8                 ; [CPU_ARAU] 
    2965                      .dwcfi  cfa_offset, -10
    2966 00000001 C4D4          MOVL      XAR6,*+XAR4[2]        ; [CPU_ALU] |414| 
    2967 00000002 06C4          MOVL      ACC,*+XAR4[0]         ; [CPU_ALU] |414| 
    2968 00000003 1E48          MOVL      *-SP[8],ACC           ; [CPU_ALU] |414| 
    2969 00000004 C246          MOVL      *-SP[6],XAR6          ; [CPU_ALU] |414| 
    2970                      .dwpsn  file "C:/ti/ccs2030/ccs/tools/compiler/ti-cgt-c2000_22.6.2.LTS/include/_defs.h",line 415,colu
    2971 00000005 8348          MOVL      XAR5,*-SP[8]          ; [CPU_ALU] |415| 
    2972 00000006 8A46          MOVL      XAR4,*-SP[6]          ; [CPU_ALU] |415| 
    2973                      .dwpsn  file "C:/ti/ccs2030/ccs/tools/compiler/ti-cgt-c2000_22.6.2.LTS/include/_defs.h",line 419,colu
    2974 00000007 28AC          MOV       T,#48                 ; [CPU_ALU] |419| 
         00000008 0030 
    2975 00000009 A0AB          MOVL      P,XAR5                ; [CPU_ALU] |419| 
    2976 0000000a A8A9          MOVL      ACC,XAR4              ; [CPU_ALU] |419| 
    2977 0000000b 565B          LSR64     ACC:P,T               ; [CPU_ALU] |419| 
    2978 0000000c 18AB          AND       PL,#0x7ff0            ; [CPU_ALU] |419| 
         0000000d 7FF0 
    2979 0000000e 88AB          MOVZ      AR6,PL                ; [CPU_ALU] |419| 
TMS320C2000 Assembler PC v22.6.2 Tue Nov 18 13:15:16 2025

Copyright (c) 1996-2018 Texas Instruments Incorporated
app_anpc_operation.asm                                               PAGE   61

    2980 0000000f FF20          MOV       ACC,#32752            ; [CPU_ALU] |419| 
         00000010 7FF0 
    2981 00000011 0FA6          CMPL      ACC,XAR6              ; [CPU_ALU] |419| 
    2982 00000012 6016          B         ||$C$L80||,NEQ        ; [CPU_ALU] |419| 
    2983                      ; branchcc occurs ; [] |419| 
    2984 00000013 0200          MOVB      ACC,#0                ; [CPU_ALU] |419| 
    2985 00000014 1E44          MOVL      *-SP[4],ACC           ; [CPU_ALU] |419| 
    2986 00000015 2B42          MOV       *-SP[2],#0            ; [CPU_ALU] |419| 
    2987 00000016 2B41          MOV       *-SP[1],#0            ; [CPU_ALU] |419| 
    2988 00000017 A348          MOVL      P,*-SP[8]             ; [CPU_ALU] |419| 
    2989 00000018 0646          MOVL      ACC,*-SP[6]           ; [CPU_ALU] |419| 
    2990 00000019 18AB          AND       PL,#65535             ; [CPU_ALU] |419| 
         0000001a FFFF 
    2991 0000001b 18AA          AND       PH,#65535             ; [CPU_ALU] |419| 
         0000001c FFFF 
    2992 0000001d 18A9          AND       AL,#65535             ; [CPU_ALU] |419| 
         0000001e FFFF 
    2993 0000001f 910F          ANDB      AH,#15                ; [CPU_ALU] |419| 
    2994              $C$DW$148       .dwtag  DW_TAG_TI_branch
    2995                      .dwattr $C$DW$148, DW_AT_low_pc(0x00)
    2996                      .dwattr $C$DW$148, DW_AT_name("__c28xabi_cmpull")
    2997                      .dwattr $C$DW$148, DW_AT_TI_call
    2998              
    2999 00000020 7640!         LCR       #||__c28xabi_cmpull|| ; [CPU_ALU] |419| 
         00000021 0000 
    3000                      ; call occurs [#||__c28xabi_cmpull||] ; [] |419| 
    3001 00000022 5200          CMPB      AL,#0                 ; [CPU_ALU] |419| 
    3002 00000023 6103          B         ||$C$L79||,EQ         ; [CPU_ALU] |419| 
    3003                      ; branchcc occurs ; [] |419| 
    3004 00000024 9A02          MOVB      AL,#2                 ; [CPU_ALU] |419| 
    3005 00000025 6F2D          B         ||$C$L83||,UNC        ; [CPU_ALU] |419| 
    3006                      ; branch occurs ; [] |419| 
    3007 00000026       ||$C$L79||:    
    3008 00000026 9A01          MOVB      AL,#1                 ; [CPU_ALU] |419| 
    3009 00000027 6F2B          B         ||$C$L83||,UNC        ; [CPU_ALU] |419| 
    3010                      ; branch occurs ; [] |419| 
    3011 00000028       ||$C$L80||:    
    3012 00000028 BE00          MOVB      XAR6,#0               ; [CPU_ALU] |419| 
    3013 00000029 A0AB          MOVL      P,XAR5                ; [CPU_ALU] |419| 
    3014 0000002a A8A9          MOVL      ACC,XAR4              ; [CPU_ALU] |419| 
    3015 0000002b 28AC          MOV       T,#52                 ; [CPU_ALU] |419| 
         0000002c 0034 
    3016 0000002d C244          MOVL      *-SP[4],XAR6          ; [CPU_ALU] |419| 
    3017 0000002e 2B42          MOV       *-SP[2],#0            ; [CPU_ALU] |419| 
    3018 0000002f 565B          LSR64     ACC:P,T               ; [CPU_ALU] |419| 
    3019 00000030 2B41          MOV       *-SP[1],#0            ; [CPU_FPU] |419| 
    3020 00000031 9000          ANDB      AL,#0                 ; [CPU_ALU] |419| 
    3021 00000032 9100          ANDB      AH,#0                 ; [CPU_ALU] |419| 
    3022 00000033 18AB          AND       PL,#2047              ; [CPU_ALU] |419| 
         00000034 07FF 
    3023 00000035 18AA          AND       PH,#0                 ; [CPU_ALU] |419| 
         00000036 0000 
    3024              $C$DW$149       .dwtag  DW_TAG_TI_branch
    3025                      .dwattr $C$DW$149, DW_AT_low_pc(0x00)
    3026                      .dwattr $C$DW$149, DW_AT_name("__c28xabi_cmpull")
TMS320C2000 Assembler PC v22.6.2 Tue Nov 18 13:15:16 2025

Copyright (c) 1996-2018 Texas Instruments Incorporated
app_anpc_operation.asm                                               PAGE   62

    3027                      .dwattr $C$DW$149, DW_AT_TI_call
    3028              
    3029 00000037 7640!         LCR       #||__c28xabi_cmpull|| ; [CPU_ALU] |419| 
         00000038 0000 
    3030                      ; call occurs [#||__c28xabi_cmpull||] ; [] |419| 
    3031 00000039 5200          CMPB      AL,#0                 ; [CPU_ALU] |419| 
    3032 0000003a 6104          B         ||$C$L81||,EQ         ; [CPU_ALU] |419| 
    3033                      ; branchcc occurs ; [] |419| 
    3034 0000003b 28A9          MOV       AL,#-1                ; [CPU_ALU] |419| 
         0000003c FFFF 
    3035 0000003d 6F15          B         ||$C$L83||,UNC        ; [CPU_ALU] |419| 
    3036                      ; branch occurs ; [] |419| 
    3037 0000003e       ||$C$L81||:    
    3038 0000003e C244          MOVL      *-SP[4],XAR6          ; [CPU_ALU] |419| 
    3039 0000003f A8A9          MOVL      ACC,XAR4              ; [CPU_ALU] |419| 
    3040 00000040 A0AB          MOVL      P,XAR5                ; [CPU_ALU] |419| 
    3041 00000041 2B42          MOV       *-SP[2],#0            ; [CPU_ALU] |419| 
    3042 00000042 18A9          AND       AL,#65535             ; [CPU_ALU] |419| 
         00000043 FFFF 
    3043 00000044 910F          ANDB      AH,#15                ; [CPU_ALU] |419| 
    3044 00000045 18AB          AND       PL,#65535             ; [CPU_ALU] |419| 
         00000046 FFFF 
    3045 00000047 18AA          AND       PH,#65535             ; [CPU_ALU] |419| 
         00000048 FFFF 
    3046 00000049 2B41          MOV       *-SP[1],#0            ; [CPU_FPU] |419| 
    3047              $C$DW$150       .dwtag  DW_TAG_TI_branch
    3048                      .dwattr $C$DW$150, DW_AT_low_pc(0x00)
    3049                      .dwattr $C$DW$150, DW_AT_name("__c28xabi_cmpull")
    3050                      .dwattr $C$DW$150, DW_AT_TI_call
    3051              
    3052 0000004a 7640!         LCR       #||__c28xabi_cmpull|| ; [CPU_ALU] |419| 
         0000004b 0000 
    3053                      ; call occurs [#||__c28xabi_cmpull||] ; [] |419| 
    3054 0000004c 5200          CMPB      AL,#0                 ; [CPU_ALU] |419| 
    3055 0000004d 6104          B         ||$C$L82||,EQ         ; [CPU_ALU] |419| 
    3056                      ; branchcc occurs ; [] |419| 
    3057 0000004e 28A9          MOV       AL,#-2                ; [CPU_ALU] |419| 
         0000004f FFFE 
    3058 00000050 6F02          B         ||$C$L83||,UNC        ; [CPU_ALU] |419| 
    3059                      ; branch occurs ; [] |419| 
    3060 00000051       ||$C$L82||:    
    3061 00000051 9A00          MOVB      AL,#0                 ; [CPU_ALU] |419| 
    3062 00000052       ||$C$L83||:    
    3063 00000052 FE88          SUBB      SP,#8                 ; [CPU_ARAU] 
    3064                      .dwcfi  cfa_offset, -2
    3065              $C$DW$151       .dwtag  DW_TAG_TI_branch
    3066                      .dwattr $C$DW$151, DW_AT_low_pc(0x00)
    3067                      .dwattr $C$DW$151, DW_AT_TI_return
    3068              
    3069 00000053 0006          LRETR     ; [CPU_ALU] 
    3070                      ; return occurs ; [] 
    3071                      .dwattr $C$DW$144, DW_AT_TI_end_file("C:/ti/ccs2030/ccs/tools/compiler/ti-cgt-c2000_22.6.2.LTS/includ
    3072                      .dwattr $C$DW$144, DW_AT_TI_end_line(0x1ac)
    3073                      .dwattr $C$DW$144, DW_AT_TI_end_column(0x01)
    3074                      .dwendentry
TMS320C2000 Assembler PC v22.6.2 Tue Nov 18 13:15:16 2025

Copyright (c) 1996-2018 Texas Instruments Incorporated
app_anpc_operation.asm                                               PAGE   63

    3075                      .dwendtag $C$DW$144
    3076              
    3077              ;**************************************************************
    3078              ;* UNDEFINED EXTERNAL REFERENCES                              *
    3079              ;**************************************************************
    3080                      .global ||StateFlag||
    3081                      .global ||state_IsSoftStart||
    3082                      .global ||state_IsNormalOperation||
    3083                      .global ||VICtrl||
    3084                      .global ||PhyValue||
    3085                      .global ||__c28xabi_cmpull||
    3086              ;**************************************************************
    3087              ;* SECTION GROUPS                                             *
    3088              ;**************************************************************
    3089                      .group    "__fpclassify", 1
    3090                      .gmember  ".text:__fpclassify"
    3091                      .endgroup
    3092                      .group    "__fpclassifyf", 1
    3093                      .gmember  ".text:__fpclassifyf"
    3094                      .endgroup
    3095                      .group    "__fpclassifyl", 1
    3096                      .gmember  ".text:__fpclassifyl"
    3097                      .endgroup
    3098                      .group    "__isfinite", 1
    3099                      .gmember  ".text:__isfinite"
    3100                      .endgroup
    3101                      .group    "__isfinitef", 1
    3102                      .gmember  ".text:__isfinitef"
    3103                      .endgroup
    3104                      .group    "__isfinitel", 1
    3105                      .gmember  ".text:__isfinitel"
    3106                      .endgroup
    3107                      .group    "__isinf", 1
    3108                      .gmember  ".text:__isinf"
    3109                      .endgroup
    3110                      .group    "__isinff", 1
    3111                      .gmember  ".text:__isinff"
    3112                      .endgroup
    3113                      .group    "__isinfl", 1
    3114                      .gmember  ".text:__isinfl"
    3115                      .endgroup
    3116                      .group    "__isnan", 1
    3117                      .gmember  ".text:__isnan"
    3118                      .endgroup
    3119                      .group    "__isnanf", 1
    3120                      .gmember  ".text:__isnanf"
    3121                      .endgroup
    3122                      .group    "__isnanl", 1
    3123                      .gmember  ".text:__isnanl"
    3124                      .endgroup
    3125                      .group    "__isnormal", 1
    3126                      .gmember  ".text:__isnormal"
    3127                      .endgroup
    3128                      .group    "__isnormalf", 1
    3129                      .gmember  ".text:__isnormalf"
TMS320C2000 Assembler PC v22.6.2 Tue Nov 18 13:15:16 2025

Copyright (c) 1996-2018 Texas Instruments Incorporated
app_anpc_operation.asm                                               PAGE   64

    3130                      .endgroup
    3131                      .group    "__isnormall", 1
    3132                      .gmember  ".text:__isnormall"
    3133                      .endgroup
    3134                      .group    "__relaxed_atan2f", 1
    3135                      .gmember  ".text:__relaxed_atan2f"
    3136                      .endgroup
    3137                      .group    "__relaxed_atanf", 1
    3138                      .gmember  ".text:__relaxed_atanf"
    3139                      .endgroup
    3140                      .group    "__relaxed_cosf", 1
    3141                      .gmember  ".text:__relaxed_cosf"
    3142                      .endgroup
    3143                      .group    "__relaxed_fmaxf", 1
    3144                      .gmember  ".text:__relaxed_fmaxf"
    3145                      .endgroup
    3146                      .group    "__relaxed_fminf", 1
    3147                      .gmember  ".text:__relaxed_fminf"
    3148                      .endgroup
    3149                      .group    "__relaxed_fmodf", 1
    3150                      .gmember  ".text:__relaxed_fmodf"
    3151                      .endgroup
    3152                      .group    "__relaxed_sinf", 1
    3153                      .gmember  ".text:__relaxed_sinf"
    3154                      .endgroup
    3155                      .group    "__relaxed_sqrtf", 1
    3156                      .gmember  ".text:__relaxed_sqrtf"
    3157                      .endgroup
    3158                      .group    "__signbit", 1
    3159                      .gmember  ".text:__signbit"
    3160                      .endgroup
    3161                      .group    "__signbitf", 1
    3162                      .gmember  ".text:__signbitf"
    3163                      .endgroup
    3164                      .group    "__signbitl", 1
    3165                      .gmember  ".text:__signbitl"
    3166                      .endgroup
    3167              
    3168              
    3169              ;***************************************************************
    3170              ;* BUILD ATTRIBUTES                                            *
    3171              ;***************************************************************
    3172                      .battr "c28xabi", Tag_File, 1, Tag_float_args(1)
    3173                      .battr "c28xabi", Tag_File, 1, Tag_double_args(1)
    3174                      .dwattr $C$DW$CU, DW_AT_language(DW_LANG_C)
    3175              
    3176              ;***************************************************************
    3177              ;* DWARF CIE ENTRIES                                           *
    3178              ;***************************************************************
    3179              
    3180              $C$DW$CIE       .dwcie 26
    3181                      .dwcfi  cfa_register, 20
    3182                      .dwcfi  cfa_offset, 0
    3183                      .dwcfi  same_value, 28
    3184                      .dwcfi  same_value, 6
TMS320C2000 Assembler PC v22.6.2 Tue Nov 18 13:15:16 2025

Copyright (c) 1996-2018 Texas Instruments Incorporated
app_anpc_operation.asm                                               PAGE   65

    3185                      .dwcfi  same_value, 7
    3186                      .dwcfi  same_value, 8
    3187                      .dwcfi  same_value, 9
    3188                      .dwcfi  same_value, 10
    3189                      .dwcfi  same_value, 11
    3190                      .dwcfi  same_value, 59
    3191                      .dwcfi  same_value, 63
    3192                      .dwcfi  same_value, 67
    3193                      .dwcfi  same_value, 71
    3194                      .dwendentry
    3195                      .dwendtag $C$DW$CU
    3196              
    3197              
    3198              ;***************************************************************
    3199              ;* TYPE INFORMATION                                            *
    3200              ;***************************************************************
    3201              
    3202              $C$DW$TU$20     .dwtag  DW_TAG_type_unit
    3203                      .dwmtype  $C$DW$T$20
    3204              
    3205              $C$DW$T$20      .dwtag  DW_TAG_structure_type
    3206                      .dwattr $C$DW$T$20, DW_AT_byte_size(0x12)
    3207              $C$DW$152       .dwtag  DW_TAG_member
    3208                      .dwattr $C$DW$152, DW_AT_type(*$C$DW$T$19)
    3209                      .dwattr $C$DW$152, DW_AT_name("raw")
    3210                      .dwattr $C$DW$152, DW_AT_accessibility(DW_ACCESS_public)
    3211                      .dwattr $C$DW$152, DW_AT_decl_file("C:\SIMPLIS simulation\ANPC Final Version\anpc-3layer\Source\app\a
    3212                      .dwattr $C$DW$152, DW_AT_decl_line(0x2a)
    3213                      .dwattr $C$DW$152, DW_AT_decl_column(0x0f)
    3214              
    3215              $C$DW$153       .dwtag  DW_TAG_member
    3216                      .dwattr $C$DW$153, DW_AT_type(*$C$DW$T$19)
    3217                      .dwattr $C$DW$153, DW_AT_name("avg")
    3218                      .dwattr $C$DW$153, DW_AT_data_member_location[DW_OP_plus_uconst 0x2]
    3219                      .dwattr $C$DW$153, DW_AT_accessibility(DW_ACCESS_public)
    3220                      .dwattr $C$DW$153, DW_AT_decl_file("C:\SIMPLIS simulation\ANPC Final Version\anpc-3layer\Source\app\a
    3221                      .dwattr $C$DW$153, DW_AT_decl_line(0x2b)
    3222                      .dwattr $C$DW$153, DW_AT_decl_column(0x0f)
    3223              
    3224              $C$DW$154       .dwtag  DW_TAG_member
    3225                      .dwattr $C$DW$154, DW_AT_type(*$C$DW$T$19)
    3226                      .dwattr $C$DW$154, DW_AT_name("rms")
    3227                      .dwattr $C$DW$154, DW_AT_data_member_location[DW_OP_plus_uconst 0x4]
    3228                      .dwattr $C$DW$154, DW_AT_accessibility(DW_ACCESS_public)
    3229                      .dwattr $C$DW$154, DW_AT_decl_file("C:\SIMPLIS simulation\ANPC Final Version\anpc-3layer\Source\app\a
    3230                      .dwattr $C$DW$154, DW_AT_decl_line(0x2c)
    3231                      .dwattr $C$DW$154, DW_AT_decl_column(0x0f)
    3232              
    3233              $C$DW$155       .dwtag  DW_TAG_member
    3234                      .dwattr $C$DW$155, DW_AT_type(*$C$DW$T$19)
    3235                      .dwattr $C$DW$155, DW_AT_name("peak")
    3236                      .dwattr $C$DW$155, DW_AT_data_member_location[DW_OP_plus_uconst 0x6]
    3237                      .dwattr $C$DW$155, DW_AT_accessibility(DW_ACCESS_public)
    3238                      .dwattr $C$DW$155, DW_AT_decl_file("C:\SIMPLIS simulation\ANPC Final Version\anpc-3layer\Source\app\a
    3239                      .dwattr $C$DW$155, DW_AT_decl_line(0x2d)
TMS320C2000 Assembler PC v22.6.2 Tue Nov 18 13:15:16 2025

Copyright (c) 1996-2018 Texas Instruments Incorporated
app_anpc_operation.asm                                               PAGE   66

    3240                      .dwattr $C$DW$155, DW_AT_decl_column(0x0f)
    3241              
    3242              $C$DW$156       .dwtag  DW_TAG_member
    3243                      .dwattr $C$DW$156, DW_AT_type(*$C$DW$T$19)
    3244                      .dwattr $C$DW$156, DW_AT_name("actual")
    3245                      .dwattr $C$DW$156, DW_AT_data_member_location[DW_OP_plus_uconst 0x8]
    3246                      .dwattr $C$DW$156, DW_AT_accessibility(DW_ACCESS_public)
    3247                      .dwattr $C$DW$156, DW_AT_decl_file("C:\SIMPLIS simulation\ANPC Final Version\anpc-3layer\Source\app\a
    3248                      .dwattr $C$DW$156, DW_AT_decl_line(0x2e)
    3249                      .dwattr $C$DW$156, DW_AT_decl_column(0x0f)
    3250              
    3251              $C$DW$157       .dwtag  DW_TAG_member
    3252                      .dwattr $C$DW$157, DW_AT_type(*$C$DW$T$19)
    3253                      .dwattr $C$DW$157, DW_AT_name("raw_pu")
    3254                      .dwattr $C$DW$157, DW_AT_data_member_location[DW_OP_plus_uconst 0xa]
    3255                      .dwattr $C$DW$157, DW_AT_accessibility(DW_ACCESS_public)
    3256                      .dwattr $C$DW$157, DW_AT_decl_file("C:\SIMPLIS simulation\ANPC Final Version\anpc-3layer\Source\app\a
    3257                      .dwattr $C$DW$157, DW_AT_decl_line(0x30)
    3258                      .dwattr $C$DW$157, DW_AT_decl_column(0x0f)
    3259              
    3260              $C$DW$158       .dwtag  DW_TAG_member
    3261                      .dwattr $C$DW$158, DW_AT_type(*$C$DW$T$19)
    3262                      .dwattr $C$DW$158, DW_AT_name("avg_pu")
    3263                      .dwattr $C$DW$158, DW_AT_data_member_location[DW_OP_plus_uconst 0xc]
    3264                      .dwattr $C$DW$158, DW_AT_accessibility(DW_ACCESS_public)
    3265                      .dwattr $C$DW$158, DW_AT_decl_file("C:\SIMPLIS simulation\ANPC Final Version\anpc-3layer\Source\app\a
    3266                      .dwattr $C$DW$158, DW_AT_decl_line(0x31)
    3267                      .dwattr $C$DW$158, DW_AT_decl_column(0x0f)
    3268              
    3269              $C$DW$159       .dwtag  DW_TAG_member
    3270                      .dwattr $C$DW$159, DW_AT_type(*$C$DW$T$19)
    3271                      .dwattr $C$DW$159, DW_AT_name("rms_pu")
    3272                      .dwattr $C$DW$159, DW_AT_data_member_location[DW_OP_plus_uconst 0xe]
    3273                      .dwattr $C$DW$159, DW_AT_accessibility(DW_ACCESS_public)
    3274                      .dwattr $C$DW$159, DW_AT_decl_file("C:\SIMPLIS simulation\ANPC Final Version\anpc-3layer\Source\app\a
    3275                      .dwattr $C$DW$159, DW_AT_decl_line(0x32)
    3276                      .dwattr $C$DW$159, DW_AT_decl_column(0x0f)
    3277              
    3278              $C$DW$160       .dwtag  DW_TAG_member
    3279                      .dwattr $C$DW$160, DW_AT_type(*$C$DW$T$19)
    3280                      .dwattr $C$DW$160, DW_AT_name("peak_pu")
    3281                      .dwattr $C$DW$160, DW_AT_data_member_location[DW_OP_plus_uconst 0x10]
    3282                      .dwattr $C$DW$160, DW_AT_accessibility(DW_ACCESS_public)
    3283                      .dwattr $C$DW$160, DW_AT_decl_file("C:\SIMPLIS simulation\ANPC Final Version\anpc-3layer\Source\app\a
    3284                      .dwattr $C$DW$160, DW_AT_decl_line(0x33)
    3285                      .dwattr $C$DW$160, DW_AT_decl_column(0x0f)
    3286              
    3287                      .dwattr $C$DW$T$20, DW_AT_decl_file("C:\SIMPLIS simulation\ANPC Final Version\anpc-3layer\Source\app\
    3288                      .dwattr $C$DW$T$20, DW_AT_decl_line(0x29)
    3289                      .dwattr $C$DW$T$20, DW_AT_decl_column(0x01)
    3290                      .dwendtag $C$DW$T$20
    3291              
    3292                      .dwendtag $C$DW$TU$20
    3293              
    3294              
TMS320C2000 Assembler PC v22.6.2 Tue Nov 18 13:15:16 2025

Copyright (c) 1996-2018 Texas Instruments Incorporated
app_anpc_operation.asm                                               PAGE   67

    3295              $C$DW$TU$21     .dwtag  DW_TAG_type_unit
    3296                      .dwmtype  $C$DW$T$21
    3297              $C$DW$T$21      .dwtag  DW_TAG_typedef
    3298                      .dwattr $C$DW$T$21, DW_AT_name("PhysicalHandle_Struct")
    3299                      .dwattr $C$DW$T$21, DW_AT_type(*$C$DW$T$20)
    3300                      .dwattr $C$DW$T$21, DW_AT_decl_file("C:\SIMPLIS simulation\ANPC Final Version\anpc-3layer\Source\app\
    3301                      .dwattr $C$DW$T$21, DW_AT_decl_line(0x35)
    3302                      .dwattr $C$DW$T$21, DW_AT_decl_column(0x03)
    3303              
    3304                      .dwendtag $C$DW$TU$21
    3305              
    3306              
    3307              $C$DW$TU$24     .dwtag  DW_TAG_type_unit
    3308                      .dwmtype  $C$DW$T$24
    3309              
    3310              $C$DW$T$24      .dwtag  DW_TAG_structure_type
    3311                      .dwattr $C$DW$T$24, DW_AT_byte_size(0x32e)
    3312              $C$DW$161       .dwtag  DW_TAG_member
    3313                      .dwattr $C$DW$161, DW_AT_type(*$C$DW$T$21)
    3314                      .dwattr $C$DW$161, DW_AT_name("VgridA")
    3315                      .dwattr $C$DW$161, DW_AT_accessibility(DW_ACCESS_public)
    3316                      .dwattr $C$DW$161, DW_AT_decl_file("C:\SIMPLIS simulation\ANPC Final Version\anpc-3layer\Source\app\a
    3317                      .dwattr $C$DW$161, DW_AT_decl_line(0x39)
    3318                      .dwattr $C$DW$161, DW_AT_decl_column(0x1b)
    3319              
    3320              $C$DW$162       .dwtag  DW_TAG_member
    3321                      .dwattr $C$DW$162, DW_AT_type(*$C$DW$T$21)
    3322                      .dwattr $C$DW$162, DW_AT_name("VgridB")
    3323                      .dwattr $C$DW$162, DW_AT_data_member_location[DW_OP_plus_uconst 0x12]
    3324                      .dwattr $C$DW$162, DW_AT_accessibility(DW_ACCESS_public)
    3325                      .dwattr $C$DW$162, DW_AT_decl_file("C:\SIMPLIS simulation\ANPC Final Version\anpc-3layer\Source\app\a
    3326                      .dwattr $C$DW$162, DW_AT_decl_line(0x3a)
    3327                      .dwattr $C$DW$162, DW_AT_decl_column(0x1b)
    3328              
    3329              $C$DW$163       .dwtag  DW_TAG_member
    3330                      .dwattr $C$DW$163, DW_AT_type(*$C$DW$T$21)
    3331                      .dwattr $C$DW$163, DW_AT_name("VgridC")
    3332                      .dwattr $C$DW$163, DW_AT_data_member_location[DW_OP_plus_uconst 0x24]
    3333                      .dwattr $C$DW$163, DW_AT_accessibility(DW_ACCESS_public)
    3334                      .dwattr $C$DW$163, DW_AT_decl_file("C:\SIMPLIS simulation\ANPC Final Version\anpc-3layer\Source\app\a
    3335                      .dwattr $C$DW$163, DW_AT_decl_line(0x3b)
    3336                      .dwattr $C$DW$163, DW_AT_decl_column(0x1b)
    3337              
    3338              $C$DW$164       .dwtag  DW_TAG_member
    3339                      .dwattr $C$DW$164, DW_AT_type(*$C$DW$T$21)
    3340                      .dwattr $C$DW$164, DW_AT_name("VgridA_prev")
    3341                      .dwattr $C$DW$164, DW_AT_data_member_location[DW_OP_plus_uconst 0x36]
    3342                      .dwattr $C$DW$164, DW_AT_accessibility(DW_ACCESS_public)
    3343                      .dwattr $C$DW$164, DW_AT_decl_file("C:\SIMPLIS simulation\ANPC Final Version\anpc-3layer\Source\app\a
    3344                      .dwattr $C$DW$164, DW_AT_decl_line(0x3d)
    3345                      .dwattr $C$DW$164, DW_AT_decl_column(0x1b)
    3346              
    3347              $C$DW$165       .dwtag  DW_TAG_member
    3348                      .dwattr $C$DW$165, DW_AT_type(*$C$DW$T$21)
    3349                      .dwattr $C$DW$165, DW_AT_name("VgridB_prev")
TMS320C2000 Assembler PC v22.6.2 Tue Nov 18 13:15:16 2025

Copyright (c) 1996-2018 Texas Instruments Incorporated
app_anpc_operation.asm                                               PAGE   68

    3350                      .dwattr $C$DW$165, DW_AT_data_member_location[DW_OP_plus_uconst 0x48]
    3351                      .dwattr $C$DW$165, DW_AT_accessibility(DW_ACCESS_public)
    3352                      .dwattr $C$DW$165, DW_AT_decl_file("C:\SIMPLIS simulation\ANPC Final Version\anpc-3layer\Source\app\a
    3353                      .dwattr $C$DW$165, DW_AT_decl_line(0x3e)
    3354                      .dwattr $C$DW$165, DW_AT_decl_column(0x1b)
    3355              
    3356              $C$DW$166       .dwtag  DW_TAG_member
    3357                      .dwattr $C$DW$166, DW_AT_type(*$C$DW$T$21)
    3358                      .dwattr $C$DW$166, DW_AT_name("VgridC_prev")
    3359                      .dwattr $C$DW$166, DW_AT_data_member_location[DW_OP_plus_uconst 0x5a]
    3360                      .dwattr $C$DW$166, DW_AT_accessibility(DW_ACCESS_public)
    3361                      .dwattr $C$DW$166, DW_AT_decl_file("C:\SIMPLIS simulation\ANPC Final Version\anpc-3layer\Source\app\a
    3362                      .dwattr $C$DW$166, DW_AT_decl_line(0x3f)
    3363                      .dwattr $C$DW$166, DW_AT_decl_column(0x1b)
    3364              
    3365              $C$DW$167       .dwtag  DW_TAG_member
    3366                      .dwattr $C$DW$167, DW_AT_type(*$C$DW$T$21)
    3367                      .dwattr $C$DW$167, DW_AT_name("VgridA_offset")
    3368                      .dwattr $C$DW$167, DW_AT_data_member_location[DW_OP_plus_uconst 0x6c]
    3369                      .dwattr $C$DW$167, DW_AT_accessibility(DW_ACCESS_public)
    3370                      .dwattr $C$DW$167, DW_AT_decl_file("C:\SIMPLIS simulation\ANPC Final Version\anpc-3layer\Source\app\a
    3371                      .dwattr $C$DW$167, DW_AT_decl_line(0x41)
    3372                      .dwattr $C$DW$167, DW_AT_decl_column(0x1b)
    3373              
    3374              $C$DW$168       .dwtag  DW_TAG_member
    3375                      .dwattr $C$DW$168, DW_AT_type(*$C$DW$T$21)
    3376                      .dwattr $C$DW$168, DW_AT_name("VgridB_offset")
    3377                      .dwattr $C$DW$168, DW_AT_data_member_location[DW_OP_plus_uconst 0x7e]
    3378                      .dwattr $C$DW$168, DW_AT_accessibility(DW_ACCESS_public)
    3379                      .dwattr $C$DW$168, DW_AT_decl_file("C:\SIMPLIS simulation\ANPC Final Version\anpc-3layer\Source\app\a
    3380                      .dwattr $C$DW$168, DW_AT_decl_line(0x42)
    3381                      .dwattr $C$DW$168, DW_AT_decl_column(0x1b)
    3382              
    3383              $C$DW$169       .dwtag  DW_TAG_member
    3384                      .dwattr $C$DW$169, DW_AT_type(*$C$DW$T$21)
    3385                      .dwattr $C$DW$169, DW_AT_name("VgridC_offset")
    3386                      .dwattr $C$DW$169, DW_AT_data_member_location[DW_OP_plus_uconst 0x90]
    3387                      .dwattr $C$DW$169, DW_AT_accessibility(DW_ACCESS_public)
    3388                      .dwattr $C$DW$169, DW_AT_decl_file("C:\SIMPLIS simulation\ANPC Final Version\anpc-3layer\Source\app\a
    3389                      .dwattr $C$DW$169, DW_AT_decl_line(0x43)
    3390                      .dwattr $C$DW$169, DW_AT_decl_column(0x1b)
    3391              
    3392              $C$DW$170       .dwtag  DW_TAG_member
    3393                      .dwattr $C$DW$170, DW_AT_type(*$C$DW$T$22)
    3394                      .dwattr $C$DW$170, DW_AT_name("VgridA_buff")
    3395                      .dwattr $C$DW$170, DW_AT_data_member_location[DW_OP_plus_uconst 0xa2]
    3396                      .dwattr $C$DW$170, DW_AT_accessibility(DW_ACCESS_public)
    3397                      .dwattr $C$DW$170, DW_AT_decl_file("C:\SIMPLIS simulation\ANPC Final Version\anpc-3layer\Source\app\a
    3398                      .dwattr $C$DW$170, DW_AT_decl_line(0x45)
    3399                      .dwattr $C$DW$170, DW_AT_decl_column(0x0f)
    3400              
    3401              $C$DW$171       .dwtag  DW_TAG_member
    3402                      .dwattr $C$DW$171, DW_AT_type(*$C$DW$T$22)
    3403                      .dwattr $C$DW$171, DW_AT_name("VgridB_buff")
    3404                      .dwattr $C$DW$171, DW_AT_data_member_location[DW_OP_plus_uconst 0xac]
TMS320C2000 Assembler PC v22.6.2 Tue Nov 18 13:15:16 2025

Copyright (c) 1996-2018 Texas Instruments Incorporated
app_anpc_operation.asm                                               PAGE   69

    3405                      .dwattr $C$DW$171, DW_AT_accessibility(DW_ACCESS_public)
    3406                      .dwattr $C$DW$171, DW_AT_decl_file("C:\SIMPLIS simulation\ANPC Final Version\anpc-3layer\Source\app\a
    3407                      .dwattr $C$DW$171, DW_AT_decl_line(0x46)
    3408                      .dwattr $C$DW$171, DW_AT_decl_column(0x0f)
    3409              
    3410              $C$DW$172       .dwtag  DW_TAG_member
    3411                      .dwattr $C$DW$172, DW_AT_type(*$C$DW$T$22)
    3412                      .dwattr $C$DW$172, DW_AT_name("VgridC_buff")
    3413                      .dwattr $C$DW$172, DW_AT_data_member_location[DW_OP_plus_uconst 0xb6]
    3414                      .dwattr $C$DW$172, DW_AT_accessibility(DW_ACCESS_public)
    3415                      .dwattr $C$DW$172, DW_AT_decl_file("C:\SIMPLIS simulation\ANPC Final Version\anpc-3layer\Source\app\a
    3416                      .dwattr $C$DW$172, DW_AT_decl_line(0x47)
    3417                      .dwattr $C$DW$172, DW_AT_decl_column(0x0f)
    3418              
    3419              $C$DW$173       .dwtag  DW_TAG_member
    3420                      .dwattr $C$DW$173, DW_AT_type(*$C$DW$T$19)
    3421                      .dwattr $C$DW$173, DW_AT_name("VgridA_dc_comp")
    3422                      .dwattr $C$DW$173, DW_AT_data_member_location[DW_OP_plus_uconst 0xc0]
    3423                      .dwattr $C$DW$173, DW_AT_accessibility(DW_ACCESS_public)
    3424                      .dwattr $C$DW$173, DW_AT_decl_file("C:\SIMPLIS simulation\ANPC Final Version\anpc-3layer\Source\app\a
    3425                      .dwattr $C$DW$173, DW_AT_decl_line(0x49)
    3426                      .dwattr $C$DW$173, DW_AT_decl_column(0x0f)
    3427              
    3428              $C$DW$174       .dwtag  DW_TAG_member
    3429                      .dwattr $C$DW$174, DW_AT_type(*$C$DW$T$19)
    3430                      .dwattr $C$DW$174, DW_AT_name("VgridB_dc_comp")
    3431                      .dwattr $C$DW$174, DW_AT_data_member_location[DW_OP_plus_uconst 0xc2]
    3432                      .dwattr $C$DW$174, DW_AT_accessibility(DW_ACCESS_public)
    3433                      .dwattr $C$DW$174, DW_AT_decl_file("C:\SIMPLIS simulation\ANPC Final Version\anpc-3layer\Source\app\a
    3434                      .dwattr $C$DW$174, DW_AT_decl_line(0x4a)
    3435                      .dwattr $C$DW$174, DW_AT_decl_column(0x0f)
    3436              
    3437              $C$DW$175       .dwtag  DW_TAG_member
    3438                      .dwattr $C$DW$175, DW_AT_type(*$C$DW$T$19)
    3439                      .dwattr $C$DW$175, DW_AT_name("VgridC_dc_comp")
    3440                      .dwattr $C$DW$175, DW_AT_data_member_location[DW_OP_plus_uconst 0xc4]
    3441                      .dwattr $C$DW$175, DW_AT_accessibility(DW_ACCESS_public)
    3442                      .dwattr $C$DW$175, DW_AT_decl_file("C:\SIMPLIS simulation\ANPC Final Version\anpc-3layer\Source\app\a
    3443                      .dwattr $C$DW$175, DW_AT_decl_line(0x4b)
    3444                      .dwattr $C$DW$175, DW_AT_decl_column(0x0f)
    3445              
    3446              $C$DW$176       .dwtag  DW_TAG_member
    3447                      .dwattr $C$DW$176, DW_AT_type(*$C$DW$T$21)
    3448                      .dwattr $C$DW$176, DW_AT_name("VanpcA")
    3449                      .dwattr $C$DW$176, DW_AT_data_member_location[DW_OP_plus_uconst 0xc6]
    3450                      .dwattr $C$DW$176, DW_AT_accessibility(DW_ACCESS_public)
    3451                      .dwattr $C$DW$176, DW_AT_decl_file("C:\SIMPLIS simulation\ANPC Final Version\anpc-3layer\Source\app\a
    3452                      .dwattr $C$DW$176, DW_AT_decl_line(0x4d)
    3453                      .dwattr $C$DW$176, DW_AT_decl_column(0x1b)
    3454              
    3455              $C$DW$177       .dwtag  DW_TAG_member
    3456                      .dwattr $C$DW$177, DW_AT_type(*$C$DW$T$21)
    3457                      .dwattr $C$DW$177, DW_AT_name("VanpcB")
    3458                      .dwattr $C$DW$177, DW_AT_data_member_location[DW_OP_plus_uconst 0xd8]
    3459                      .dwattr $C$DW$177, DW_AT_accessibility(DW_ACCESS_public)
TMS320C2000 Assembler PC v22.6.2 Tue Nov 18 13:15:16 2025

Copyright (c) 1996-2018 Texas Instruments Incorporated
app_anpc_operation.asm                                               PAGE   70

    3460                      .dwattr $C$DW$177, DW_AT_decl_file("C:\SIMPLIS simulation\ANPC Final Version\anpc-3layer\Source\app\a
    3461                      .dwattr $C$DW$177, DW_AT_decl_line(0x4e)
    3462                      .dwattr $C$DW$177, DW_AT_decl_column(0x1b)
    3463              
    3464              $C$DW$178       .dwtag  DW_TAG_member
    3465                      .dwattr $C$DW$178, DW_AT_type(*$C$DW$T$21)
    3466                      .dwattr $C$DW$178, DW_AT_name("VanpcC")
    3467                      .dwattr $C$DW$178, DW_AT_data_member_location[DW_OP_plus_uconst 0xea]
    3468                      .dwattr $C$DW$178, DW_AT_accessibility(DW_ACCESS_public)
    3469                      .dwattr $C$DW$178, DW_AT_decl_file("C:\SIMPLIS simulation\ANPC Final Version\anpc-3layer\Source\app\a
    3470                      .dwattr $C$DW$178, DW_AT_decl_line(0x4f)
    3471                      .dwattr $C$DW$178, DW_AT_decl_column(0x1b)
    3472              
    3473              $C$DW$179       .dwtag  DW_TAG_member
    3474                      .dwattr $C$DW$179, DW_AT_type(*$C$DW$T$21)
    3475                      .dwattr $C$DW$179, DW_AT_name("VanpcA_offset")
    3476                      .dwattr $C$DW$179, DW_AT_data_member_location[DW_OP_plus_uconst 0xfc]
    3477                      .dwattr $C$DW$179, DW_AT_accessibility(DW_ACCESS_public)
    3478                      .dwattr $C$DW$179, DW_AT_decl_file("C:\SIMPLIS simulation\ANPC Final Version\anpc-3layer\Source\app\a
    3479                      .dwattr $C$DW$179, DW_AT_decl_line(0x51)
    3480                      .dwattr $C$DW$179, DW_AT_decl_column(0x1b)
    3481              
    3482              $C$DW$180       .dwtag  DW_TAG_member
    3483                      .dwattr $C$DW$180, DW_AT_type(*$C$DW$T$21)
    3484                      .dwattr $C$DW$180, DW_AT_name("VanpcB_offset")
    3485                      .dwattr $C$DW$180, DW_AT_data_member_location[DW_OP_plus_uconst 0x10e]
    3486                      .dwattr $C$DW$180, DW_AT_accessibility(DW_ACCESS_public)
    3487                      .dwattr $C$DW$180, DW_AT_decl_file("C:\SIMPLIS simulation\ANPC Final Version\anpc-3layer\Source\app\a
    3488                      .dwattr $C$DW$180, DW_AT_decl_line(0x52)
    3489                      .dwattr $C$DW$180, DW_AT_decl_column(0x1b)
    3490              
    3491              $C$DW$181       .dwtag  DW_TAG_member
    3492                      .dwattr $C$DW$181, DW_AT_type(*$C$DW$T$21)
    3493                      .dwattr $C$DW$181, DW_AT_name("VanpcC_offset")
    3494                      .dwattr $C$DW$181, DW_AT_data_member_location[DW_OP_plus_uconst 0x120]
    3495                      .dwattr $C$DW$181, DW_AT_accessibility(DW_ACCESS_public)
    3496                      .dwattr $C$DW$181, DW_AT_decl_file("C:\SIMPLIS simulation\ANPC Final Version\anpc-3layer\Source\app\a
    3497                      .dwattr $C$DW$181, DW_AT_decl_line(0x53)
    3498                      .dwattr $C$DW$181, DW_AT_decl_column(0x1b)
    3499              
    3500              $C$DW$182       .dwtag  DW_TAG_member
    3501                      .dwattr $C$DW$182, DW_AT_type(*$C$DW$T$21)
    3502                      .dwattr $C$DW$182, DW_AT_name("IA")
    3503                      .dwattr $C$DW$182, DW_AT_data_member_location[DW_OP_plus_uconst 0x132]
    3504                      .dwattr $C$DW$182, DW_AT_accessibility(DW_ACCESS_public)
    3505                      .dwattr $C$DW$182, DW_AT_decl_file("C:\SIMPLIS simulation\ANPC Final Version\anpc-3layer\Source\app\a
    3506                      .dwattr $C$DW$182, DW_AT_decl_line(0x55)
    3507                      .dwattr $C$DW$182, DW_AT_decl_column(0x1b)
    3508              
    3509              $C$DW$183       .dwtag  DW_TAG_member
    3510                      .dwattr $C$DW$183, DW_AT_type(*$C$DW$T$21)
    3511                      .dwattr $C$DW$183, DW_AT_name("IB")
    3512                      .dwattr $C$DW$183, DW_AT_data_member_location[DW_OP_plus_uconst 0x144]
    3513                      .dwattr $C$DW$183, DW_AT_accessibility(DW_ACCESS_public)
    3514                      .dwattr $C$DW$183, DW_AT_decl_file("C:\SIMPLIS simulation\ANPC Final Version\anpc-3layer\Source\app\a
TMS320C2000 Assembler PC v22.6.2 Tue Nov 18 13:15:16 2025

Copyright (c) 1996-2018 Texas Instruments Incorporated
app_anpc_operation.asm                                               PAGE   71

    3515                      .dwattr $C$DW$183, DW_AT_decl_line(0x56)
    3516                      .dwattr $C$DW$183, DW_AT_decl_column(0x1b)
    3517              
    3518              $C$DW$184       .dwtag  DW_TAG_member
    3519                      .dwattr $C$DW$184, DW_AT_type(*$C$DW$T$21)
    3520                      .dwattr $C$DW$184, DW_AT_name("IC")
    3521                      .dwattr $C$DW$184, DW_AT_data_member_location[DW_OP_plus_uconst 0x156]
    3522                      .dwattr $C$DW$184, DW_AT_accessibility(DW_ACCESS_public)
    3523                      .dwattr $C$DW$184, DW_AT_decl_file("C:\SIMPLIS simulation\ANPC Final Version\anpc-3layer\Source\app\a
    3524                      .dwattr $C$DW$184, DW_AT_decl_line(0x57)
    3525                      .dwattr $C$DW$184, DW_AT_decl_column(0x1b)
    3526              
    3527              $C$DW$185       .dwtag  DW_TAG_member
    3528                      .dwattr $C$DW$185, DW_AT_type(*$C$DW$T$21)
    3529                      .dwattr $C$DW$185, DW_AT_name("IA_prev")
    3530                      .dwattr $C$DW$185, DW_AT_data_member_location[DW_OP_plus_uconst 0x168]
    3531                      .dwattr $C$DW$185, DW_AT_accessibility(DW_ACCESS_public)
    3532                      .dwattr $C$DW$185, DW_AT_decl_file("C:\SIMPLIS simulation\ANPC Final Version\anpc-3layer\Source\app\a
    3533                      .dwattr $C$DW$185, DW_AT_decl_line(0x59)
    3534                      .dwattr $C$DW$185, DW_AT_decl_column(0x1b)
    3535              
    3536              $C$DW$186       .dwtag  DW_TAG_member
    3537                      .dwattr $C$DW$186, DW_AT_type(*$C$DW$T$21)
    3538                      .dwattr $C$DW$186, DW_AT_name("IB_prev")
    3539                      .dwattr $C$DW$186, DW_AT_data_member_location[DW_OP_plus_uconst 0x17a]
    3540                      .dwattr $C$DW$186, DW_AT_accessibility(DW_ACCESS_public)
    3541                      .dwattr $C$DW$186, DW_AT_decl_file("C:\SIMPLIS simulation\ANPC Final Version\anpc-3layer\Source\app\a
    3542                      .dwattr $C$DW$186, DW_AT_decl_line(0x5a)
    3543                      .dwattr $C$DW$186, DW_AT_decl_column(0x1b)
    3544              
    3545              $C$DW$187       .dwtag  DW_TAG_member
    3546                      .dwattr $C$DW$187, DW_AT_type(*$C$DW$T$21)
    3547                      .dwattr $C$DW$187, DW_AT_name("IC_prev")
    3548                      .dwattr $C$DW$187, DW_AT_data_member_location[DW_OP_plus_uconst 0x18c]
    3549                      .dwattr $C$DW$187, DW_AT_accessibility(DW_ACCESS_public)
    3550                      .dwattr $C$DW$187, DW_AT_decl_file("C:\SIMPLIS simulation\ANPC Final Version\anpc-3layer\Source\app\a
    3551                      .dwattr $C$DW$187, DW_AT_decl_line(0x5b)
    3552                      .dwattr $C$DW$187, DW_AT_decl_column(0x1b)
    3553              
    3554              $C$DW$188       .dwtag  DW_TAG_member
    3555                      .dwattr $C$DW$188, DW_AT_type(*$C$DW$T$21)
    3556                      .dwattr $C$DW$188, DW_AT_name("IA_offset")
    3557                      .dwattr $C$DW$188, DW_AT_data_member_location[DW_OP_plus_uconst 0x19e]
    3558                      .dwattr $C$DW$188, DW_AT_accessibility(DW_ACCESS_public)
    3559                      .dwattr $C$DW$188, DW_AT_decl_file("C:\SIMPLIS simulation\ANPC Final Version\anpc-3layer\Source\app\a
    3560                      .dwattr $C$DW$188, DW_AT_decl_line(0x5d)
    3561                      .dwattr $C$DW$188, DW_AT_decl_column(0x1b)
    3562              
    3563              $C$DW$189       .dwtag  DW_TAG_member
    3564                      .dwattr $C$DW$189, DW_AT_type(*$C$DW$T$21)
    3565                      .dwattr $C$DW$189, DW_AT_name("IB_offset")
    3566                      .dwattr $C$DW$189, DW_AT_data_member_location[DW_OP_plus_uconst 0x1b0]
    3567                      .dwattr $C$DW$189, DW_AT_accessibility(DW_ACCESS_public)
    3568                      .dwattr $C$DW$189, DW_AT_decl_file("C:\SIMPLIS simulation\ANPC Final Version\anpc-3layer\Source\app\a
    3569                      .dwattr $C$DW$189, DW_AT_decl_line(0x5e)
TMS320C2000 Assembler PC v22.6.2 Tue Nov 18 13:15:16 2025

Copyright (c) 1996-2018 Texas Instruments Incorporated
app_anpc_operation.asm                                               PAGE   72

    3570                      .dwattr $C$DW$189, DW_AT_decl_column(0x1b)
    3571              
    3572              $C$DW$190       .dwtag  DW_TAG_member
    3573                      .dwattr $C$DW$190, DW_AT_type(*$C$DW$T$21)
    3574                      .dwattr $C$DW$190, DW_AT_name("IC_offset")
    3575                      .dwattr $C$DW$190, DW_AT_data_member_location[DW_OP_plus_uconst 0x1c2]
    3576                      .dwattr $C$DW$190, DW_AT_accessibility(DW_ACCESS_public)
    3577                      .dwattr $C$DW$190, DW_AT_decl_file("C:\SIMPLIS simulation\ANPC Final Version\anpc-3layer\Source\app\a
    3578                      .dwattr $C$DW$190, DW_AT_decl_line(0x5f)
    3579                      .dwattr $C$DW$190, DW_AT_decl_column(0x1b)
    3580              
    3581              $C$DW$191       .dwtag  DW_TAG_member
    3582                      .dwattr $C$DW$191, DW_AT_type(*$C$DW$T$23)
    3583                      .dwattr $C$DW$191, DW_AT_name("IA_buff")
    3584                      .dwattr $C$DW$191, DW_AT_data_member_location[DW_OP_plus_uconst 0x1d4]
    3585                      .dwattr $C$DW$191, DW_AT_accessibility(DW_ACCESS_public)
    3586                      .dwattr $C$DW$191, DW_AT_decl_file("C:\SIMPLIS simulation\ANPC Final Version\anpc-3layer\Source\app\a
    3587                      .dwattr $C$DW$191, DW_AT_decl_line(0x61)
    3588                      .dwattr $C$DW$191, DW_AT_decl_column(0x0f)
    3589              
    3590              $C$DW$192       .dwtag  DW_TAG_member
    3591                      .dwattr $C$DW$192, DW_AT_type(*$C$DW$T$23)
    3592                      .dwattr $C$DW$192, DW_AT_name("IB_buff")
    3593                      .dwattr $C$DW$192, DW_AT_data_member_location[DW_OP_plus_uconst 0x1ee]
    3594                      .dwattr $C$DW$192, DW_AT_accessibility(DW_ACCESS_public)
    3595                      .dwattr $C$DW$192, DW_AT_decl_file("C:\SIMPLIS simulation\ANPC Final Version\anpc-3layer\Source\app\a
    3596                      .dwattr $C$DW$192, DW_AT_decl_line(0x62)
    3597                      .dwattr $C$DW$192, DW_AT_decl_column(0x0f)
    3598              
    3599              $C$DW$193       .dwtag  DW_TAG_member
    3600                      .dwattr $C$DW$193, DW_AT_type(*$C$DW$T$23)
    3601                      .dwattr $C$DW$193, DW_AT_name("IC_buff")
    3602                      .dwattr $C$DW$193, DW_AT_data_member_location[DW_OP_plus_uconst 0x208]
    3603                      .dwattr $C$DW$193, DW_AT_accessibility(DW_ACCESS_public)
    3604                      .dwattr $C$DW$193, DW_AT_decl_file("C:\SIMPLIS simulation\ANPC Final Version\anpc-3layer\Source\app\a
    3605                      .dwattr $C$DW$193, DW_AT_decl_line(0x63)
    3606                      .dwattr $C$DW$193, DW_AT_decl_column(0x0f)
    3607              
    3608              $C$DW$194       .dwtag  DW_TAG_member
    3609                      .dwattr $C$DW$194, DW_AT_type(*$C$DW$T$21)
    3610                      .dwattr $C$DW$194, DW_AT_name("Vbus")
    3611                      .dwattr $C$DW$194, DW_AT_data_member_location[DW_OP_plus_uconst 0x222]
    3612                      .dwattr $C$DW$194, DW_AT_accessibility(DW_ACCESS_public)
    3613                      .dwattr $C$DW$194, DW_AT_decl_file("C:\SIMPLIS simulation\ANPC Final Version\anpc-3layer\Source\app\a
    3614                      .dwattr $C$DW$194, DW_AT_decl_line(0x65)
    3615                      .dwattr $C$DW$194, DW_AT_decl_column(0x1b)
    3616              
    3617              $C$DW$195       .dwtag  DW_TAG_member
    3618                      .dwattr $C$DW$195, DW_AT_type(*$C$DW$T$21)
    3619                      .dwattr $C$DW$195, DW_AT_name("Vbusp")
    3620                      .dwattr $C$DW$195, DW_AT_data_member_location[DW_OP_plus_uconst 0x234]
    3621                      .dwattr $C$DW$195, DW_AT_accessibility(DW_ACCESS_public)
    3622                      .dwattr $C$DW$195, DW_AT_decl_file("C:\SIMPLIS simulation\ANPC Final Version\anpc-3layer\Source\app\a
    3623                      .dwattr $C$DW$195, DW_AT_decl_line(0x66)
    3624                      .dwattr $C$DW$195, DW_AT_decl_column(0x1b)
TMS320C2000 Assembler PC v22.6.2 Tue Nov 18 13:15:16 2025

Copyright (c) 1996-2018 Texas Instruments Incorporated
app_anpc_operation.asm                                               PAGE   73

    3625              
    3626              $C$DW$196       .dwtag  DW_TAG_member
    3627                      .dwattr $C$DW$196, DW_AT_type(*$C$DW$T$21)
    3628                      .dwattr $C$DW$196, DW_AT_name("Vbusn")
    3629                      .dwattr $C$DW$196, DW_AT_data_member_location[DW_OP_plus_uconst 0x246]
    3630                      .dwattr $C$DW$196, DW_AT_accessibility(DW_ACCESS_public)
    3631                      .dwattr $C$DW$196, DW_AT_decl_file("C:\SIMPLIS simulation\ANPC Final Version\anpc-3layer\Source\app\a
    3632                      .dwattr $C$DW$196, DW_AT_decl_line(0x67)
    3633                      .dwattr $C$DW$196, DW_AT_decl_column(0x1b)
    3634              
    3635              $C$DW$197       .dwtag  DW_TAG_member
    3636                      .dwattr $C$DW$197, DW_AT_type(*$C$DW$T$21)
    3637                      .dwattr $C$DW$197, DW_AT_name("Vbus_delta")
    3638                      .dwattr $C$DW$197, DW_AT_data_member_location[DW_OP_plus_uconst 0x258]
    3639                      .dwattr $C$DW$197, DW_AT_accessibility(DW_ACCESS_public)
    3640                      .dwattr $C$DW$197, DW_AT_decl_file("C:\SIMPLIS simulation\ANPC Final Version\anpc-3layer\Source\app\a
    3641                      .dwattr $C$DW$197, DW_AT_decl_line(0x68)
    3642                      .dwattr $C$DW$197, DW_AT_decl_column(0x1b)
    3643              
    3644              $C$DW$198       .dwtag  DW_TAG_member
    3645                      .dwattr $C$DW$198, DW_AT_type(*$C$DW$T$21)
    3646                      .dwattr $C$DW$198, DW_AT_name("Vbus_offset")
    3647                      .dwattr $C$DW$198, DW_AT_data_member_location[DW_OP_plus_uconst 0x26a]
    3648                      .dwattr $C$DW$198, DW_AT_accessibility(DW_ACCESS_public)
    3649                      .dwattr $C$DW$198, DW_AT_decl_file("C:\SIMPLIS simulation\ANPC Final Version\anpc-3layer\Source\app\a
    3650                      .dwattr $C$DW$198, DW_AT_decl_line(0x6a)
    3651                      .dwattr $C$DW$198, DW_AT_decl_column(0x1b)
    3652              
    3653              $C$DW$199       .dwtag  DW_TAG_member
    3654                      .dwattr $C$DW$199, DW_AT_type(*$C$DW$T$21)
    3655                      .dwattr $C$DW$199, DW_AT_name("Vbusp_offset")
    3656                      .dwattr $C$DW$199, DW_AT_data_member_location[DW_OP_plus_uconst 0x27c]
    3657                      .dwattr $C$DW$199, DW_AT_accessibility(DW_ACCESS_public)
    3658                      .dwattr $C$DW$199, DW_AT_decl_file("C:\SIMPLIS simulation\ANPC Final Version\anpc-3layer\Source\app\a
    3659                      .dwattr $C$DW$199, DW_AT_decl_line(0x6b)
    3660                      .dwattr $C$DW$199, DW_AT_decl_column(0x1b)
    3661              
    3662              $C$DW$200       .dwtag  DW_TAG_member
    3663                      .dwattr $C$DW$200, DW_AT_type(*$C$DW$T$21)
    3664                      .dwattr $C$DW$200, DW_AT_name("Vbusn_offset")
    3665                      .dwattr $C$DW$200, DW_AT_data_member_location[DW_OP_plus_uconst 0x28e]
    3666                      .dwattr $C$DW$200, DW_AT_accessibility(DW_ACCESS_public)
    3667                      .dwattr $C$DW$200, DW_AT_decl_file("C:\SIMPLIS simulation\ANPC Final Version\anpc-3layer\Source\app\a
    3668                      .dwattr $C$DW$200, DW_AT_decl_line(0x6c)
    3669                      .dwattr $C$DW$200, DW_AT_decl_column(0x1b)
    3670              
    3671              $C$DW$201       .dwtag  DW_TAG_member
    3672                      .dwattr $C$DW$201, DW_AT_type(*$C$DW$T$19)
    3673                      .dwattr $C$DW$201, DW_AT_name("Vbusp_temp1")
    3674                      .dwattr $C$DW$201, DW_AT_data_member_location[DW_OP_plus_uconst 0x2a0]
    3675                      .dwattr $C$DW$201, DW_AT_accessibility(DW_ACCESS_public)
    3676                      .dwattr $C$DW$201, DW_AT_decl_file("C:\SIMPLIS simulation\ANPC Final Version\anpc-3layer\Source\app\a
    3677                      .dwattr $C$DW$201, DW_AT_decl_line(0x6e)
    3678                      .dwattr $C$DW$201, DW_AT_decl_column(0x0f)
    3679              
TMS320C2000 Assembler PC v22.6.2 Tue Nov 18 13:15:16 2025

Copyright (c) 1996-2018 Texas Instruments Incorporated
app_anpc_operation.asm                                               PAGE   74

    3680              $C$DW$202       .dwtag  DW_TAG_member
    3681                      .dwattr $C$DW$202, DW_AT_type(*$C$DW$T$19)
    3682                      .dwattr $C$DW$202, DW_AT_name("Vbusn_temp1")
    3683                      .dwattr $C$DW$202, DW_AT_data_member_location[DW_OP_plus_uconst 0x2a2]
    3684                      .dwattr $C$DW$202, DW_AT_accessibility(DW_ACCESS_public)
    3685                      .dwattr $C$DW$202, DW_AT_decl_file("C:\SIMPLIS simulation\ANPC Final Version\anpc-3layer\Source\app\a
    3686                      .dwattr $C$DW$202, DW_AT_decl_line(0x6f)
    3687                      .dwattr $C$DW$202, DW_AT_decl_column(0x0f)
    3688              
    3689              $C$DW$203       .dwtag  DW_TAG_member
    3690                      .dwattr $C$DW$203, DW_AT_type(*$C$DW$T$19)
    3691                      .dwattr $C$DW$203, DW_AT_name("Vbusp_temp2")
    3692                      .dwattr $C$DW$203, DW_AT_data_member_location[DW_OP_plus_uconst 0x2a4]
    3693                      .dwattr $C$DW$203, DW_AT_accessibility(DW_ACCESS_public)
    3694                      .dwattr $C$DW$203, DW_AT_decl_file("C:\SIMPLIS simulation\ANPC Final Version\anpc-3layer\Source\app\a
    3695                      .dwattr $C$DW$203, DW_AT_decl_line(0x70)
    3696                      .dwattr $C$DW$203, DW_AT_decl_column(0x0f)
    3697              
    3698              $C$DW$204       .dwtag  DW_TAG_member
    3699                      .dwattr $C$DW$204, DW_AT_type(*$C$DW$T$19)
    3700                      .dwattr $C$DW$204, DW_AT_name("Vbusn_temp2")
    3701                      .dwattr $C$DW$204, DW_AT_data_member_location[DW_OP_plus_uconst 0x2a6]
    3702                      .dwattr $C$DW$204, DW_AT_accessibility(DW_ACCESS_public)
    3703                      .dwattr $C$DW$204, DW_AT_decl_file("C:\SIMPLIS simulation\ANPC Final Version\anpc-3layer\Source\app\a
    3704                      .dwattr $C$DW$204, DW_AT_decl_line(0x71)
    3705                      .dwattr $C$DW$204, DW_AT_decl_column(0x0f)
    3706              
    3707              $C$DW$205       .dwtag  DW_TAG_member
    3708                      .dwattr $C$DW$205, DW_AT_type(*$C$DW$T$19)
    3709                      .dwattr $C$DW$205, DW_AT_name("Vbusp_temp3")
    3710                      .dwattr $C$DW$205, DW_AT_data_member_location[DW_OP_plus_uconst 0x2a8]
    3711                      .dwattr $C$DW$205, DW_AT_accessibility(DW_ACCESS_public)
    3712                      .dwattr $C$DW$205, DW_AT_decl_file("C:\SIMPLIS simulation\ANPC Final Version\anpc-3layer\Source\app\a
    3713                      .dwattr $C$DW$205, DW_AT_decl_line(0x72)
    3714                      .dwattr $C$DW$205, DW_AT_decl_column(0x0f)
    3715              
    3716              $C$DW$206       .dwtag  DW_TAG_member
    3717                      .dwattr $C$DW$206, DW_AT_type(*$C$DW$T$19)
    3718                      .dwattr $C$DW$206, DW_AT_name("Vbusn_temp3")
    3719                      .dwattr $C$DW$206, DW_AT_data_member_location[DW_OP_plus_uconst 0x2aa]
    3720                      .dwattr $C$DW$206, DW_AT_accessibility(DW_ACCESS_public)
    3721                      .dwattr $C$DW$206, DW_AT_decl_file("C:\SIMPLIS simulation\ANPC Final Version\anpc-3layer\Source\app\a
    3722                      .dwattr $C$DW$206, DW_AT_decl_line(0x73)
    3723                      .dwattr $C$DW$206, DW_AT_decl_column(0x0f)
    3724              
    3725              $C$DW$207       .dwtag  DW_TAG_member
    3726                      .dwattr $C$DW$207, DW_AT_type(*$C$DW$T$21)
    3727                      .dwattr $C$DW$207, DW_AT_name("TempA")
    3728                      .dwattr $C$DW$207, DW_AT_data_member_location[DW_OP_plus_uconst 0x2ac]
    3729                      .dwattr $C$DW$207, DW_AT_accessibility(DW_ACCESS_public)
    3730                      .dwattr $C$DW$207, DW_AT_decl_file("C:\SIMPLIS simulation\ANPC Final Version\anpc-3layer\Source\app\a
    3731                      .dwattr $C$DW$207, DW_AT_decl_line(0x75)
    3732                      .dwattr $C$DW$207, DW_AT_decl_column(0x1b)
    3733              
    3734              $C$DW$208       .dwtag  DW_TAG_member
TMS320C2000 Assembler PC v22.6.2 Tue Nov 18 13:15:16 2025

Copyright (c) 1996-2018 Texas Instruments Incorporated
app_anpc_operation.asm                                               PAGE   75

    3735                      .dwattr $C$DW$208, DW_AT_type(*$C$DW$T$21)
    3736                      .dwattr $C$DW$208, DW_AT_name("TempB")
    3737                      .dwattr $C$DW$208, DW_AT_data_member_location[DW_OP_plus_uconst 0x2be]
    3738                      .dwattr $C$DW$208, DW_AT_accessibility(DW_ACCESS_public)
    3739                      .dwattr $C$DW$208, DW_AT_decl_file("C:\SIMPLIS simulation\ANPC Final Version\anpc-3layer\Source\app\a
    3740                      .dwattr $C$DW$208, DW_AT_decl_line(0x76)
    3741                      .dwattr $C$DW$208, DW_AT_decl_column(0x1b)
    3742              
    3743              $C$DW$209       .dwtag  DW_TAG_member
    3744                      .dwattr $C$DW$209, DW_AT_type(*$C$DW$T$21)
    3745                      .dwattr $C$DW$209, DW_AT_name("TempC")
    3746                      .dwattr $C$DW$209, DW_AT_data_member_location[DW_OP_plus_uconst 0x2d0]
    3747                      .dwattr $C$DW$209, DW_AT_accessibility(DW_ACCESS_public)
    3748                      .dwattr $C$DW$209, DW_AT_decl_file("C:\SIMPLIS simulation\ANPC Final Version\anpc-3layer\Source\app\a
    3749                      .dwattr $C$DW$209, DW_AT_decl_line(0x77)
    3750                      .dwattr $C$DW$209, DW_AT_decl_column(0x1b)
    3751              
    3752              $C$DW$210       .dwtag  DW_TAG_member
    3753                      .dwattr $C$DW$210, DW_AT_type(*$C$DW$T$21)
    3754                      .dwattr $C$DW$210, DW_AT_name("TempAmbient")
    3755                      .dwattr $C$DW$210, DW_AT_data_member_location[DW_OP_plus_uconst 0x2e2]
    3756                      .dwattr $C$DW$210, DW_AT_accessibility(DW_ACCESS_public)
    3757                      .dwattr $C$DW$210, DW_AT_decl_file("C:\SIMPLIS simulation\ANPC Final Version\anpc-3layer\Source\app\a
    3758                      .dwattr $C$DW$210, DW_AT_decl_line(0x78)
    3759                      .dwattr $C$DW$210, DW_AT_decl_column(0x1b)
    3760              
    3761              $C$DW$211       .dwtag  DW_TAG_member
    3762                      .dwattr $C$DW$211, DW_AT_type(*$C$DW$T$21)
    3763                      .dwattr $C$DW$211, DW_AT_name("Vref")
    3764                      .dwattr $C$DW$211, DW_AT_data_member_location[DW_OP_plus_uconst 0x2f4]
    3765                      .dwattr $C$DW$211, DW_AT_accessibility(DW_ACCESS_public)
    3766                      .dwattr $C$DW$211, DW_AT_decl_file("C:\SIMPLIS simulation\ANPC Final Version\anpc-3layer\Source\app\a
    3767                      .dwattr $C$DW$211, DW_AT_decl_line(0x7a)
    3768                      .dwattr $C$DW$211, DW_AT_decl_column(0x1b)
    3769              
    3770              $C$DW$212       .dwtag  DW_TAG_member
    3771                      .dwattr $C$DW$212, DW_AT_type(*$C$DW$T$21)
    3772                      .dwattr $C$DW$212, DW_AT_name("Vref_initial")
    3773                      .dwattr $C$DW$212, DW_AT_data_member_location[DW_OP_plus_uconst 0x306]
    3774                      .dwattr $C$DW$212, DW_AT_accessibility(DW_ACCESS_public)
    3775                      .dwattr $C$DW$212, DW_AT_decl_file("C:\SIMPLIS simulation\ANPC Final Version\anpc-3layer\Source\app\a
    3776                      .dwattr $C$DW$212, DW_AT_decl_line(0x7b)
    3777                      .dwattr $C$DW$212, DW_AT_decl_column(0x1b)
    3778              
    3779              $C$DW$213       .dwtag  DW_TAG_member
    3780                      .dwattr $C$DW$213, DW_AT_type(*$C$DW$T$19)
    3781                      .dwattr $C$DW$213, DW_AT_name("Pin")
    3782                      .dwattr $C$DW$213, DW_AT_data_member_location[DW_OP_plus_uconst 0x318]
    3783                      .dwattr $C$DW$213, DW_AT_accessibility(DW_ACCESS_public)
    3784                      .dwattr $C$DW$213, DW_AT_decl_file("C:\SIMPLIS simulation\ANPC Final Version\anpc-3layer\Source\app\a
    3785                      .dwattr $C$DW$213, DW_AT_decl_line(0x7d)
    3786                      .dwattr $C$DW$213, DW_AT_decl_column(0x0f)
    3787              
    3788              $C$DW$214       .dwtag  DW_TAG_member
    3789                      .dwattr $C$DW$214, DW_AT_type(*$C$DW$T$19)
TMS320C2000 Assembler PC v22.6.2 Tue Nov 18 13:15:16 2025

Copyright (c) 1996-2018 Texas Instruments Incorporated
app_anpc_operation.asm                                               PAGE   76

    3790                      .dwattr $C$DW$214, DW_AT_name("PF")
    3791                      .dwattr $C$DW$214, DW_AT_data_member_location[DW_OP_plus_uconst 0x31a]
    3792                      .dwattr $C$DW$214, DW_AT_accessibility(DW_ACCESS_public)
    3793                      .dwattr $C$DW$214, DW_AT_decl_file("C:\SIMPLIS simulation\ANPC Final Version\anpc-3layer\Source\app\a
    3794                      .dwattr $C$DW$214, DW_AT_decl_line(0x7e)
    3795                      .dwattr $C$DW$214, DW_AT_decl_column(0x0f)
    3796              
    3797              $C$DW$215       .dwtag  DW_TAG_member
    3798                      .dwattr $C$DW$215, DW_AT_type(*$C$DW$T$21)
    3799                      .dwattr $C$DW$215, DW_AT_name("fgrid")
    3800                      .dwattr $C$DW$215, DW_AT_data_member_location[DW_OP_plus_uconst 0x31c]
    3801                      .dwattr $C$DW$215, DW_AT_accessibility(DW_ACCESS_public)
    3802                      .dwattr $C$DW$215, DW_AT_decl_file("C:\SIMPLIS simulation\ANPC Final Version\anpc-3layer\Source\app\a
    3803                      .dwattr $C$DW$215, DW_AT_decl_line(0x80)
    3804                      .dwattr $C$DW$215, DW_AT_decl_column(0x1b)
    3805              
    3806                      .dwattr $C$DW$T$24, DW_AT_decl_file("C:\SIMPLIS simulation\ANPC Final Version\anpc-3layer\Source\app\
    3807                      .dwattr $C$DW$T$24, DW_AT_decl_line(0x38)
    3808                      .dwattr $C$DW$T$24, DW_AT_decl_column(0x01)
    3809                      .dwendtag $C$DW$T$24
    3810              
    3811                      .dwendtag $C$DW$TU$24
    3812              
    3813              
    3814              $C$DW$TU$38     .dwtag  DW_TAG_type_unit
    3815                      .dwmtype  $C$DW$T$38
    3816              $C$DW$T$38      .dwtag  DW_TAG_typedef
    3817                      .dwattr $C$DW$T$38, DW_AT_name("PhysicalValue_Struct")
    3818                      .dwattr $C$DW$T$38, DW_AT_type(*$C$DW$T$24)
    3819                      .dwattr $C$DW$T$38, DW_AT_decl_file("C:\SIMPLIS simulation\ANPC Final Version\anpc-3layer\Source\app\
    3820                      .dwattr $C$DW$T$38, DW_AT_decl_line(0x82)
    3821                      .dwattr $C$DW$T$38, DW_AT_decl_column(0x03)
    3822              
    3823                      .dwendtag $C$DW$TU$38
    3824              
    3825              
    3826              $C$DW$TU$25     .dwtag  DW_TAG_type_unit
    3827                      .dwmtype  $C$DW$T$25
    3828              
    3829              $C$DW$T$25      .dwtag  DW_TAG_structure_type
    3830                      .dwattr $C$DW$T$25, DW_AT_byte_size(0x0a)
    3831              $C$DW$216       .dwtag  DW_TAG_member
    3832                      .dwattr $C$DW$216, DW_AT_type(*$C$DW$T$19)
    3833                      .dwattr $C$DW$216, DW_AT_name("a")
    3834                      .dwattr $C$DW$216, DW_AT_accessibility(DW_ACCESS_public)
    3835                      .dwattr $C$DW$216, DW_AT_decl_file("C:/SIMPLIS simulation/ANPC Final Version/anpc-3layer/Source/app/m
    3836                      .dwattr $C$DW$216, DW_AT_decl_line(0x31)
    3837                      .dwattr $C$DW$216, DW_AT_decl_column(0x0f)
    3838              
    3839              $C$DW$217       .dwtag  DW_TAG_member
    3840                      .dwattr $C$DW$217, DW_AT_type(*$C$DW$T$19)
    3841                      .dwattr $C$DW$217, DW_AT_name("b")
    3842                      .dwattr $C$DW$217, DW_AT_data_member_location[DW_OP_plus_uconst 0x2]
    3843                      .dwattr $C$DW$217, DW_AT_accessibility(DW_ACCESS_public)
    3844                      .dwattr $C$DW$217, DW_AT_decl_file("C:/SIMPLIS simulation/ANPC Final Version/anpc-3layer/Source/app/m
TMS320C2000 Assembler PC v22.6.2 Tue Nov 18 13:15:16 2025

Copyright (c) 1996-2018 Texas Instruments Incorporated
app_anpc_operation.asm                                               PAGE   77

    3845                      .dwattr $C$DW$217, DW_AT_decl_line(0x32)
    3846                      .dwattr $C$DW$217, DW_AT_decl_column(0x0f)
    3847              
    3848              $C$DW$218       .dwtag  DW_TAG_member
    3849                      .dwattr $C$DW$218, DW_AT_type(*$C$DW$T$19)
    3850                      .dwattr $C$DW$218, DW_AT_name("c")
    3851                      .dwattr $C$DW$218, DW_AT_data_member_location[DW_OP_plus_uconst 0x4]
    3852                      .dwattr $C$DW$218, DW_AT_accessibility(DW_ACCESS_public)
    3853                      .dwattr $C$DW$218, DW_AT_decl_file("C:/SIMPLIS simulation/ANPC Final Version/anpc-3layer/Source/app/m
    3854                      .dwattr $C$DW$218, DW_AT_decl_line(0x33)
    3855                      .dwattr $C$DW$218, DW_AT_decl_column(0x0f)
    3856              
    3857              $C$DW$219       .dwtag  DW_TAG_member
    3858                      .dwattr $C$DW$219, DW_AT_type(*$C$DW$T$19)
    3859                      .dwattr $C$DW$219, DW_AT_name("alpha")
    3860                      .dwattr $C$DW$219, DW_AT_data_member_location[DW_OP_plus_uconst 0x6]
    3861                      .dwattr $C$DW$219, DW_AT_accessibility(DW_ACCESS_public)
    3862                      .dwattr $C$DW$219, DW_AT_decl_file("C:/SIMPLIS simulation/ANPC Final Version/anpc-3layer/Source/app/m
    3863                      .dwattr $C$DW$219, DW_AT_decl_line(0x34)
    3864                      .dwattr $C$DW$219, DW_AT_decl_column(0x0f)
    3865              
    3866              $C$DW$220       .dwtag  DW_TAG_member
    3867                      .dwattr $C$DW$220, DW_AT_type(*$C$DW$T$19)
    3868                      .dwattr $C$DW$220, DW_AT_name("beta")
    3869                      .dwattr $C$DW$220, DW_AT_data_member_location[DW_OP_plus_uconst 0x8]
    3870                      .dwattr $C$DW$220, DW_AT_accessibility(DW_ACCESS_public)
    3871                      .dwattr $C$DW$220, DW_AT_decl_file("C:/SIMPLIS simulation/ANPC Final Version/anpc-3layer/Source/app/m
    3872                      .dwattr $C$DW$220, DW_AT_decl_line(0x35)
    3873                      .dwattr $C$DW$220, DW_AT_decl_column(0x0f)
    3874              
    3875                      .dwattr $C$DW$T$25, DW_AT_decl_file("C:/SIMPLIS simulation/ANPC Final Version/anpc-3layer/Source/app/
    3876                      .dwattr $C$DW$T$25, DW_AT_decl_line(0x30)
    3877                      .dwattr $C$DW$T$25, DW_AT_decl_column(0x0f)
    3878                      .dwendtag $C$DW$T$25
    3879              
    3880                      .dwendtag $C$DW$TU$25
    3881              
    3882              
    3883              $C$DW$TU$28     .dwtag  DW_TAG_type_unit
    3884                      .dwmtype  $C$DW$T$28
    3885              $C$DW$T$28      .dwtag  DW_TAG_typedef
    3886                      .dwattr $C$DW$T$28, DW_AT_name("DQ0_ABC")
    3887                      .dwattr $C$DW$T$28, DW_AT_type(*$C$DW$T$25)
    3888                      .dwattr $C$DW$T$28, DW_AT_decl_file("C:/SIMPLIS simulation/ANPC Final Version/anpc-3layer/Source/app/
    3889                      .dwattr $C$DW$T$28, DW_AT_decl_line(0x36)
    3890                      .dwattr $C$DW$T$28, DW_AT_decl_column(0x02)
    3891              
    3892                      .dwendtag $C$DW$TU$28
    3893              
    3894              
    3895              $C$DW$TU$31     .dwtag  DW_TAG_type_unit
    3896                      .dwmtype  $C$DW$T$31
    3897              
    3898              $C$DW$T$31      .dwtag  DW_TAG_structure_type
    3899                      .dwattr $C$DW$T$31, DW_AT_byte_size(0x122)
TMS320C2000 Assembler PC v22.6.2 Tue Nov 18 13:15:16 2025

Copyright (c) 1996-2018 Texas Instruments Incorporated
app_anpc_operation.asm                                               PAGE   78

    3900              $C$DW$221       .dwtag  DW_TAG_member
    3901                      .dwattr $C$DW$221, DW_AT_type(*$C$DW$T$19)
    3902                      .dwattr $C$DW$221, DW_AT_name("Vbus_cmd")
    3903                      .dwattr $C$DW$221, DW_AT_accessibility(DW_ACCESS_public)
    3904                      .dwattr $C$DW$221, DW_AT_decl_file("C:\SIMPLIS simulation\ANPC Final Version\anpc-3layer\Source\app\a
    3905                      .dwattr $C$DW$221, DW_AT_decl_line(0x84)
    3906                      .dwattr $C$DW$221, DW_AT_decl_column(0x0f)
    3907              
    3908              $C$DW$222       .dwtag  DW_TAG_member
    3909                      .dwattr $C$DW$222, DW_AT_type(*$C$DW$T$19)
    3910                      .dwattr $C$DW$222, DW_AT_name("Vbus_ref")
    3911                      .dwattr $C$DW$222, DW_AT_data_member_location[DW_OP_plus_uconst 0x2]
    3912                      .dwattr $C$DW$222, DW_AT_accessibility(DW_ACCESS_public)
    3913                      .dwattr $C$DW$222, DW_AT_decl_file("C:\SIMPLIS simulation\ANPC Final Version\anpc-3layer\Source\app\a
    3914                      .dwattr $C$DW$222, DW_AT_decl_line(0x85)
    3915                      .dwattr $C$DW$222, DW_AT_decl_column(0x0f)
    3916              
    3917              $C$DW$223       .dwtag  DW_TAG_member
    3918                      .dwattr $C$DW$223, DW_AT_type(*$C$DW$T$26)
    3919                      .dwattr $C$DW$223, DW_AT_name("Vbus")
    3920                      .dwattr $C$DW$223, DW_AT_data_member_location[DW_OP_plus_uconst 0x4]
    3921                      .dwattr $C$DW$223, DW_AT_accessibility(DW_ACCESS_public)
    3922                      .dwattr $C$DW$223, DW_AT_decl_file("C:\SIMPLIS simulation\ANPC Final Version\anpc-3layer\Source\app\a
    3923                      .dwattr $C$DW$223, DW_AT_decl_line(0x87)
    3924                      .dwattr $C$DW$223, DW_AT_decl_column(0x0d)
    3925              
    3926              $C$DW$224       .dwtag  DW_TAG_member
    3927                      .dwattr $C$DW$224, DW_AT_type(*$C$DW$T$26)
    3928                      .dwattr $C$DW$224, DW_AT_name("Vbus_delta")
    3929                      .dwattr $C$DW$224, DW_AT_data_member_location[DW_OP_plus_uconst 0x16]
    3930                      .dwattr $C$DW$224, DW_AT_accessibility(DW_ACCESS_public)
    3931                      .dwattr $C$DW$224, DW_AT_decl_file("C:\SIMPLIS simulation\ANPC Final Version\anpc-3layer\Source\app\a
    3932                      .dwattr $C$DW$224, DW_AT_decl_line(0x88)
    3933                      .dwattr $C$DW$224, DW_AT_decl_column(0x0d)
    3934              
    3935              $C$DW$225       .dwtag  DW_TAG_member
    3936                      .dwattr $C$DW$225, DW_AT_type(*$C$DW$T$19)
    3937                      .dwattr $C$DW$225, DW_AT_name("Vbus_out")
    3938                      .dwattr $C$DW$225, DW_AT_data_member_location[DW_OP_plus_uconst 0x28]
    3939                      .dwattr $C$DW$225, DW_AT_accessibility(DW_ACCESS_public)
    3940                      .dwattr $C$DW$225, DW_AT_decl_file("C:\SIMPLIS simulation\ANPC Final Version\anpc-3layer\Source\app\a
    3941                      .dwattr $C$DW$225, DW_AT_decl_line(0x8a)
    3942                      .dwattr $C$DW$225, DW_AT_decl_column(0x0f)
    3943              
    3944              $C$DW$226       .dwtag  DW_TAG_member
    3945                      .dwattr $C$DW$226, DW_AT_type(*$C$DW$T$19)
    3946                      .dwattr $C$DW$226, DW_AT_name("Vbus_delta_out")
    3947                      .dwattr $C$DW$226, DW_AT_data_member_location[DW_OP_plus_uconst 0x2a]
    3948                      .dwattr $C$DW$226, DW_AT_accessibility(DW_ACCESS_public)
    3949                      .dwattr $C$DW$226, DW_AT_decl_file("C:\SIMPLIS simulation\ANPC Final Version\anpc-3layer\Source\app\a
    3950                      .dwattr $C$DW$226, DW_AT_decl_line(0x8b)
    3951                      .dwattr $C$DW$226, DW_AT_decl_column(0x0f)
    3952              
    3953              $C$DW$227       .dwtag  DW_TAG_member
    3954                      .dwattr $C$DW$227, DW_AT_type(*$C$DW$T$19)
TMS320C2000 Assembler PC v22.6.2 Tue Nov 18 13:15:16 2025

Copyright (c) 1996-2018 Texas Instruments Incorporated
app_anpc_operation.asm                                               PAGE   79

    3955                      .dwattr $C$DW$227, DW_AT_name("Id_cmd")
    3956                      .dwattr $C$DW$227, DW_AT_data_member_location[DW_OP_plus_uconst 0x2c]
    3957                      .dwattr $C$DW$227, DW_AT_accessibility(DW_ACCESS_public)
    3958                      .dwattr $C$DW$227, DW_AT_decl_file("C:\SIMPLIS simulation\ANPC Final Version\anpc-3layer\Source\app\a
    3959                      .dwattr $C$DW$227, DW_AT_decl_line(0x8e)
    3960                      .dwattr $C$DW$227, DW_AT_decl_column(0x0f)
    3961              
    3962              $C$DW$228       .dwtag  DW_TAG_member
    3963                      .dwattr $C$DW$228, DW_AT_type(*$C$DW$T$19)
    3964                      .dwattr $C$DW$228, DW_AT_name("Iq_cmd")
    3965                      .dwattr $C$DW$228, DW_AT_data_member_location[DW_OP_plus_uconst 0x2e]
    3966                      .dwattr $C$DW$228, DW_AT_accessibility(DW_ACCESS_public)
    3967                      .dwattr $C$DW$228, DW_AT_decl_file("C:\SIMPLIS simulation\ANPC Final Version\anpc-3layer\Source\app\a
    3968                      .dwattr $C$DW$228, DW_AT_decl_line(0x8f)
    3969                      .dwattr $C$DW$228, DW_AT_decl_column(0x0f)
    3970              
    3971              $C$DW$229       .dwtag  DW_TAG_member
    3972                      .dwattr $C$DW$229, DW_AT_type(*$C$DW$T$19)
    3973                      .dwattr $C$DW$229, DW_AT_name("Id_ref")
    3974                      .dwattr $C$DW$229, DW_AT_data_member_location[DW_OP_plus_uconst 0x30]
    3975                      .dwattr $C$DW$229, DW_AT_accessibility(DW_ACCESS_public)
    3976                      .dwattr $C$DW$229, DW_AT_decl_file("C:\SIMPLIS simulation\ANPC Final Version\anpc-3layer\Source\app\a
    3977                      .dwattr $C$DW$229, DW_AT_decl_line(0x91)
    3978                      .dwattr $C$DW$229, DW_AT_decl_column(0x0f)
    3979              
    3980              $C$DW$230       .dwtag  DW_TAG_member
    3981                      .dwattr $C$DW$230, DW_AT_type(*$C$DW$T$19)
    3982                      .dwattr $C$DW$230, DW_AT_name("Iq_ref")
    3983                      .dwattr $C$DW$230, DW_AT_data_member_location[DW_OP_plus_uconst 0x32]
    3984                      .dwattr $C$DW$230, DW_AT_accessibility(DW_ACCESS_public)
    3985                      .dwattr $C$DW$230, DW_AT_decl_file("C:\SIMPLIS simulation\ANPC Final Version\anpc-3layer\Source\app\a
    3986                      .dwattr $C$DW$230, DW_AT_decl_line(0x92)
    3987                      .dwattr $C$DW$230, DW_AT_decl_column(0x0f)
    3988              
    3989              $C$DW$231       .dwtag  DW_TAG_member
    3990                      .dwattr $C$DW$231, DW_AT_type(*$C$DW$T$19)
    3991                      .dwattr $C$DW$231, DW_AT_name("Iq_ratio")
    3992                      .dwattr $C$DW$231, DW_AT_data_member_location[DW_OP_plus_uconst 0x34]
    3993                      .dwattr $C$DW$231, DW_AT_accessibility(DW_ACCESS_public)
    3994                      .dwattr $C$DW$231, DW_AT_decl_file("C:\SIMPLIS simulation\ANPC Final Version\anpc-3layer\Source\app\a
    3995                      .dwattr $C$DW$231, DW_AT_decl_line(0x93)
    3996                      .dwattr $C$DW$231, DW_AT_decl_column(0x0f)
    3997              
    3998              $C$DW$232       .dwtag  DW_TAG_member
    3999                      .dwattr $C$DW$232, DW_AT_type(*$C$DW$T$27)
    4000                      .dwattr $C$DW$232, DW_AT_name("Id")
    4001                      .dwattr $C$DW$232, DW_AT_data_member_location[DW_OP_plus_uconst 0x36]
    4002                      .dwattr $C$DW$232, DW_AT_accessibility(DW_ACCESS_public)
    4003                      .dwattr $C$DW$232, DW_AT_decl_file("C:\SIMPLIS simulation\ANPC Final Version\anpc-3layer\Source\app\a
    4004                      .dwattr $C$DW$232, DW_AT_decl_line(0x95)
    4005                      .dwattr $C$DW$232, DW_AT_decl_column(0x0d)
    4006              
    4007              $C$DW$233       .dwtag  DW_TAG_member
    4008                      .dwattr $C$DW$233, DW_AT_type(*$C$DW$T$27)
    4009                      .dwattr $C$DW$233, DW_AT_name("Iq")
TMS320C2000 Assembler PC v22.6.2 Tue Nov 18 13:15:16 2025

Copyright (c) 1996-2018 Texas Instruments Incorporated
app_anpc_operation.asm                                               PAGE   80

    4010                      .dwattr $C$DW$233, DW_AT_data_member_location[DW_OP_plus_uconst 0x4c]
    4011                      .dwattr $C$DW$233, DW_AT_accessibility(DW_ACCESS_public)
    4012                      .dwattr $C$DW$233, DW_AT_decl_file("C:\SIMPLIS simulation\ANPC Final Version\anpc-3layer\Source\app\a
    4013                      .dwattr $C$DW$233, DW_AT_decl_line(0x96)
    4014                      .dwattr $C$DW$233, DW_AT_decl_column(0x0d)
    4015              
    4016              $C$DW$234       .dwtag  DW_TAG_member
    4017                      .dwattr $C$DW$234, DW_AT_type(*$C$DW$T$19)
    4018                      .dwattr $C$DW$234, DW_AT_name("Id_out")
    4019                      .dwattr $C$DW$234, DW_AT_data_member_location[DW_OP_plus_uconst 0x62]
    4020                      .dwattr $C$DW$234, DW_AT_accessibility(DW_ACCESS_public)
    4021                      .dwattr $C$DW$234, DW_AT_decl_file("C:\SIMPLIS simulation\ANPC Final Version\anpc-3layer\Source\app\a
    4022                      .dwattr $C$DW$234, DW_AT_decl_line(0x98)
    4023                      .dwattr $C$DW$234, DW_AT_decl_column(0x0f)
    4024              
    4025              $C$DW$235       .dwtag  DW_TAG_member
    4026                      .dwattr $C$DW$235, DW_AT_type(*$C$DW$T$19)
    4027                      .dwattr $C$DW$235, DW_AT_name("Iq_out")
    4028                      .dwattr $C$DW$235, DW_AT_data_member_location[DW_OP_plus_uconst 0x64]
    4029                      .dwattr $C$DW$235, DW_AT_accessibility(DW_ACCESS_public)
    4030                      .dwattr $C$DW$235, DW_AT_decl_file("C:\SIMPLIS simulation\ANPC Final Version\anpc-3layer\Source\app\a
    4031                      .dwattr $C$DW$235, DW_AT_decl_line(0x99)
    4032                      .dwattr $C$DW$235, DW_AT_decl_column(0x0f)
    4033              
    4034              $C$DW$236       .dwtag  DW_TAG_member
    4035                      .dwattr $C$DW$236, DW_AT_type(*$C$DW$T$19)
    4036                      .dwattr $C$DW$236, DW_AT_name("Vd_pu")
    4037                      .dwattr $C$DW$236, DW_AT_data_member_location[DW_OP_plus_uconst 0x66]
    4038                      .dwattr $C$DW$236, DW_AT_accessibility(DW_ACCESS_public)
    4039                      .dwattr $C$DW$236, DW_AT_decl_file("C:\SIMPLIS simulation\ANPC Final Version\anpc-3layer\Source\app\a
    4040                      .dwattr $C$DW$236, DW_AT_decl_line(0x9b)
    4041                      .dwattr $C$DW$236, DW_AT_decl_column(0x0f)
    4042              
    4043              $C$DW$237       .dwtag  DW_TAG_member
    4044                      .dwattr $C$DW$237, DW_AT_type(*$C$DW$T$19)
    4045                      .dwattr $C$DW$237, DW_AT_name("Vq_pu")
    4046                      .dwattr $C$DW$237, DW_AT_data_member_location[DW_OP_plus_uconst 0x68]
    4047                      .dwattr $C$DW$237, DW_AT_accessibility(DW_ACCESS_public)
    4048                      .dwattr $C$DW$237, DW_AT_decl_file("C:\SIMPLIS simulation\ANPC Final Version\anpc-3layer\Source\app\a
    4049                      .dwattr $C$DW$237, DW_AT_decl_line(0x9c)
    4050                      .dwattr $C$DW$237, DW_AT_decl_column(0x0f)
    4051              
    4052              $C$DW$238       .dwtag  DW_TAG_member
    4053                      .dwattr $C$DW$238, DW_AT_type(*$C$DW$T$19)
    4054                      .dwattr $C$DW$238, DW_AT_name("Vz_pu")
    4055                      .dwattr $C$DW$238, DW_AT_data_member_location[DW_OP_plus_uconst 0x6a]
    4056                      .dwattr $C$DW$238, DW_AT_accessibility(DW_ACCESS_public)
    4057                      .dwattr $C$DW$238, DW_AT_decl_file("C:\SIMPLIS simulation\ANPC Final Version\anpc-3layer\Source\app\a
    4058                      .dwattr $C$DW$238, DW_AT_decl_line(0x9d)
    4059                      .dwattr $C$DW$238, DW_AT_decl_column(0x0f)
    4060              
    4061              $C$DW$239       .dwtag  DW_TAG_member
    4062                      .dwattr $C$DW$239, DW_AT_type(*$C$DW$T$28)
    4063                      .dwattr $C$DW$239, DW_AT_name("Vabc_pu")
    4064                      .dwattr $C$DW$239, DW_AT_data_member_location[DW_OP_plus_uconst 0x6c]
TMS320C2000 Assembler PC v22.6.2 Tue Nov 18 13:15:16 2025

Copyright (c) 1996-2018 Texas Instruments Incorporated
app_anpc_operation.asm                                               PAGE   81

    4065                      .dwattr $C$DW$239, DW_AT_accessibility(DW_ACCESS_public)
    4066                      .dwattr $C$DW$239, DW_AT_decl_file("C:\SIMPLIS simulation\ANPC Final Version\anpc-3layer\Source\app\a
    4067                      .dwattr $C$DW$239, DW_AT_decl_line(0x9f)
    4068                      .dwattr $C$DW$239, DW_AT_decl_column(0x0d)
    4069              
    4070              $C$DW$240       .dwtag  DW_TAG_member
    4071                      .dwattr $C$DW$240, DW_AT_type(*$C$DW$T$19)
    4072                      .dwattr $C$DW$240, DW_AT_name("Ia_amp_ratio_cmd")
    4073                      .dwattr $C$DW$240, DW_AT_data_member_location[DW_OP_plus_uconst 0x76]
    4074                      .dwattr $C$DW$240, DW_AT_accessibility(DW_ACCESS_public)
    4075                      .dwattr $C$DW$240, DW_AT_decl_file("C:\SIMPLIS simulation\ANPC Final Version\anpc-3layer\Source\app\a
    4076                      .dwattr $C$DW$240, DW_AT_decl_line(0xa2)
    4077                      .dwattr $C$DW$240, DW_AT_decl_column(0x0f)
    4078              
    4079              $C$DW$241       .dwtag  DW_TAG_member
    4080                      .dwattr $C$DW$241, DW_AT_type(*$C$DW$T$19)
    4081                      .dwattr $C$DW$241, DW_AT_name("Ib_amp_ratio_cmd")
    4082                      .dwattr $C$DW$241, DW_AT_data_member_location[DW_OP_plus_uconst 0x78]
    4083                      .dwattr $C$DW$241, DW_AT_accessibility(DW_ACCESS_public)
    4084                      .dwattr $C$DW$241, DW_AT_decl_file("C:\SIMPLIS simulation\ANPC Final Version\anpc-3layer\Source\app\a
    4085                      .dwattr $C$DW$241, DW_AT_decl_line(0xa3)
    4086                      .dwattr $C$DW$241, DW_AT_decl_column(0x0f)
    4087              
    4088              $C$DW$242       .dwtag  DW_TAG_member
    4089                      .dwattr $C$DW$242, DW_AT_type(*$C$DW$T$19)
    4090                      .dwattr $C$DW$242, DW_AT_name("Ic_amp_ratio_cmd")
    4091                      .dwattr $C$DW$242, DW_AT_data_member_location[DW_OP_plus_uconst 0x7a]
    4092                      .dwattr $C$DW$242, DW_AT_accessibility(DW_ACCESS_public)
    4093                      .dwattr $C$DW$242, DW_AT_decl_file("C:\SIMPLIS simulation\ANPC Final Version\anpc-3layer\Source\app\a
    4094                      .dwattr $C$DW$242, DW_AT_decl_line(0xa4)
    4095                      .dwattr $C$DW$242, DW_AT_decl_column(0x0f)
    4096              
    4097              $C$DW$243       .dwtag  DW_TAG_member
    4098                      .dwattr $C$DW$243, DW_AT_type(*$C$DW$T$19)
    4099                      .dwattr $C$DW$243, DW_AT_name("Ia_amp_ratio_ref")
    4100                      .dwattr $C$DW$243, DW_AT_data_member_location[DW_OP_plus_uconst 0x7c]
    4101                      .dwattr $C$DW$243, DW_AT_accessibility(DW_ACCESS_public)
    4102                      .dwattr $C$DW$243, DW_AT_decl_file("C:\SIMPLIS simulation\ANPC Final Version\anpc-3layer\Source\app\a
    4103                      .dwattr $C$DW$243, DW_AT_decl_line(0xa6)
    4104                      .dwattr $C$DW$243, DW_AT_decl_column(0x0f)
    4105              
    4106              $C$DW$244       .dwtag  DW_TAG_member
    4107                      .dwattr $C$DW$244, DW_AT_type(*$C$DW$T$19)
    4108                      .dwattr $C$DW$244, DW_AT_name("Ib_amp_ratio_ref")
    4109                      .dwattr $C$DW$244, DW_AT_data_member_location[DW_OP_plus_uconst 0x7e]
    4110                      .dwattr $C$DW$244, DW_AT_accessibility(DW_ACCESS_public)
    4111                      .dwattr $C$DW$244, DW_AT_decl_file("C:\SIMPLIS simulation\ANPC Final Version\anpc-3layer\Source\app\a
    4112                      .dwattr $C$DW$244, DW_AT_decl_line(0xa7)
    4113                      .dwattr $C$DW$244, DW_AT_decl_column(0x0f)
    4114              
    4115              $C$DW$245       .dwtag  DW_TAG_member
    4116                      .dwattr $C$DW$245, DW_AT_type(*$C$DW$T$19)
    4117                      .dwattr $C$DW$245, DW_AT_name("Ic_amp_ratio_ref")
    4118                      .dwattr $C$DW$245, DW_AT_data_member_location[DW_OP_plus_uconst 0x80]
    4119                      .dwattr $C$DW$245, DW_AT_accessibility(DW_ACCESS_public)
TMS320C2000 Assembler PC v22.6.2 Tue Nov 18 13:15:16 2025

Copyright (c) 1996-2018 Texas Instruments Incorporated
app_anpc_operation.asm                                               PAGE   82

    4120                      .dwattr $C$DW$245, DW_AT_decl_file("C:\SIMPLIS simulation\ANPC Final Version\anpc-3layer\Source\app\a
    4121                      .dwattr $C$DW$245, DW_AT_decl_line(0xa8)
    4122                      .dwattr $C$DW$245, DW_AT_decl_column(0x0f)
    4123              
    4124              $C$DW$246       .dwtag  DW_TAG_member
    4125                      .dwattr $C$DW$246, DW_AT_type(*$C$DW$T$19)
    4126                      .dwattr $C$DW$246, DW_AT_name("Ia_ref")
    4127                      .dwattr $C$DW$246, DW_AT_data_member_location[DW_OP_plus_uconst 0x82]
    4128                      .dwattr $C$DW$246, DW_AT_accessibility(DW_ACCESS_public)
    4129                      .dwattr $C$DW$246, DW_AT_decl_file("C:\SIMPLIS simulation\ANPC Final Version\anpc-3layer\Source\app\a
    4130                      .dwattr $C$DW$246, DW_AT_decl_line(0xaa)
    4131                      .dwattr $C$DW$246, DW_AT_decl_column(0x0f)
    4132              
    4133              $C$DW$247       .dwtag  DW_TAG_member
    4134                      .dwattr $C$DW$247, DW_AT_type(*$C$DW$T$19)
    4135                      .dwattr $C$DW$247, DW_AT_name("Ib_ref")
    4136                      .dwattr $C$DW$247, DW_AT_data_member_location[DW_OP_plus_uconst 0x84]
    4137                      .dwattr $C$DW$247, DW_AT_accessibility(DW_ACCESS_public)
    4138                      .dwattr $C$DW$247, DW_AT_decl_file("C:\SIMPLIS simulation\ANPC Final Version\anpc-3layer\Source\app\a
    4139                      .dwattr $C$DW$247, DW_AT_decl_line(0xab)
    4140                      .dwattr $C$DW$247, DW_AT_decl_column(0x0f)
    4141              
    4142              $C$DW$248       .dwtag  DW_TAG_member
    4143                      .dwattr $C$DW$248, DW_AT_type(*$C$DW$T$19)
    4144                      .dwattr $C$DW$248, DW_AT_name("Ic_ref")
    4145                      .dwattr $C$DW$248, DW_AT_data_member_location[DW_OP_plus_uconst 0x86]
    4146                      .dwattr $C$DW$248, DW_AT_accessibility(DW_ACCESS_public)
    4147                      .dwattr $C$DW$248, DW_AT_decl_file("C:\SIMPLIS simulation\ANPC Final Version\anpc-3layer\Source\app\a
    4148                      .dwattr $C$DW$248, DW_AT_decl_line(0xac)
    4149                      .dwattr $C$DW$248, DW_AT_decl_column(0x0f)
    4150              
    4151              $C$DW$249       .dwtag  DW_TAG_member
    4152                      .dwattr $C$DW$249, DW_AT_type(*$C$DW$T$19)
    4153                      .dwattr $C$DW$249, DW_AT_name("Ia_ref_prev")
    4154                      .dwattr $C$DW$249, DW_AT_data_member_location[DW_OP_plus_uconst 0x88]
    4155                      .dwattr $C$DW$249, DW_AT_accessibility(DW_ACCESS_public)
    4156                      .dwattr $C$DW$249, DW_AT_decl_file("C:\SIMPLIS simulation\ANPC Final Version\anpc-3layer\Source\app\a
    4157                      .dwattr $C$DW$249, DW_AT_decl_line(0xae)
    4158                      .dwattr $C$DW$249, DW_AT_decl_column(0x0f)
    4159              
    4160              $C$DW$250       .dwtag  DW_TAG_member
    4161                      .dwattr $C$DW$250, DW_AT_type(*$C$DW$T$19)
    4162                      .dwattr $C$DW$250, DW_AT_name("Ib_ref_prev")
    4163                      .dwattr $C$DW$250, DW_AT_data_member_location[DW_OP_plus_uconst 0x8a]
    4164                      .dwattr $C$DW$250, DW_AT_accessibility(DW_ACCESS_public)
    4165                      .dwattr $C$DW$250, DW_AT_decl_file("C:\SIMPLIS simulation\ANPC Final Version\anpc-3layer\Source\app\a
    4166                      .dwattr $C$DW$250, DW_AT_decl_line(0xaf)
    4167                      .dwattr $C$DW$250, DW_AT_decl_column(0x0f)
    4168              
    4169              $C$DW$251       .dwtag  DW_TAG_member
    4170                      .dwattr $C$DW$251, DW_AT_type(*$C$DW$T$19)
    4171                      .dwattr $C$DW$251, DW_AT_name("Ic_ref_prev")
    4172                      .dwattr $C$DW$251, DW_AT_data_member_location[DW_OP_plus_uconst 0x8c]
    4173                      .dwattr $C$DW$251, DW_AT_accessibility(DW_ACCESS_public)
    4174                      .dwattr $C$DW$251, DW_AT_decl_file("C:\SIMPLIS simulation\ANPC Final Version\anpc-3layer\Source\app\a
TMS320C2000 Assembler PC v22.6.2 Tue Nov 18 13:15:16 2025

Copyright (c) 1996-2018 Texas Instruments Incorporated
app_anpc_operation.asm                                               PAGE   83

    4175                      .dwattr $C$DW$251, DW_AT_decl_line(0xb0)
    4176                      .dwattr $C$DW$251, DW_AT_decl_column(0x0f)
    4177              
    4178              $C$DW$252       .dwtag  DW_TAG_member
    4179                      .dwattr $C$DW$252, DW_AT_type(*$C$DW$T$27)
    4180                      .dwattr $C$DW$252, DW_AT_name("Ia")
    4181                      .dwattr $C$DW$252, DW_AT_data_member_location[DW_OP_plus_uconst 0x8e]
    4182                      .dwattr $C$DW$252, DW_AT_accessibility(DW_ACCESS_public)
    4183                      .dwattr $C$DW$252, DW_AT_decl_file("C:\SIMPLIS simulation\ANPC Final Version\anpc-3layer\Source\app\a
    4184                      .dwattr $C$DW$252, DW_AT_decl_line(0xb2)
    4185                      .dwattr $C$DW$252, DW_AT_decl_column(0x0d)
    4186              
    4187              $C$DW$253       .dwtag  DW_TAG_member
    4188                      .dwattr $C$DW$253, DW_AT_type(*$C$DW$T$27)
    4189                      .dwattr $C$DW$253, DW_AT_name("Ib")
    4190                      .dwattr $C$DW$253, DW_AT_data_member_location[DW_OP_plus_uconst 0xa4]
    4191                      .dwattr $C$DW$253, DW_AT_accessibility(DW_ACCESS_public)
    4192                      .dwattr $C$DW$253, DW_AT_decl_file("C:\SIMPLIS simulation\ANPC Final Version\anpc-3layer\Source\app\a
    4193                      .dwattr $C$DW$253, DW_AT_decl_line(0xb3)
    4194                      .dwattr $C$DW$253, DW_AT_decl_column(0x0d)
    4195              
    4196              $C$DW$254       .dwtag  DW_TAG_member
    4197                      .dwattr $C$DW$254, DW_AT_type(*$C$DW$T$27)
    4198                      .dwattr $C$DW$254, DW_AT_name("Ic")
    4199                      .dwattr $C$DW$254, DW_AT_data_member_location[DW_OP_plus_uconst 0xba]
    4200                      .dwattr $C$DW$254, DW_AT_accessibility(DW_ACCESS_public)
    4201                      .dwattr $C$DW$254, DW_AT_decl_file("C:\SIMPLIS simulation\ANPC Final Version\anpc-3layer\Source\app\a
    4202                      .dwattr $C$DW$254, DW_AT_decl_line(0xb4)
    4203                      .dwattr $C$DW$254, DW_AT_decl_column(0x0d)
    4204              
    4205              $C$DW$255       .dwtag  DW_TAG_member
    4206                      .dwattr $C$DW$255, DW_AT_type(*$C$DW$T$19)
    4207                      .dwattr $C$DW$255, DW_AT_name("Ia_out")
    4208                      .dwattr $C$DW$255, DW_AT_data_member_location[DW_OP_plus_uconst 0xd0]
    4209                      .dwattr $C$DW$255, DW_AT_accessibility(DW_ACCESS_public)
    4210                      .dwattr $C$DW$255, DW_AT_decl_file("C:\SIMPLIS simulation\ANPC Final Version\anpc-3layer\Source\app\a
    4211                      .dwattr $C$DW$255, DW_AT_decl_line(0xb6)
    4212                      .dwattr $C$DW$255, DW_AT_decl_column(0x0f)
    4213              
    4214              $C$DW$256       .dwtag  DW_TAG_member
    4215                      .dwattr $C$DW$256, DW_AT_type(*$C$DW$T$19)
    4216                      .dwattr $C$DW$256, DW_AT_name("Ib_out")
    4217                      .dwattr $C$DW$256, DW_AT_data_member_location[DW_OP_plus_uconst 0xd2]
    4218                      .dwattr $C$DW$256, DW_AT_accessibility(DW_ACCESS_public)
    4219                      .dwattr $C$DW$256, DW_AT_decl_file("C:\SIMPLIS simulation\ANPC Final Version\anpc-3layer\Source\app\a
    4220                      .dwattr $C$DW$256, DW_AT_decl_line(0xb7)
    4221                      .dwattr $C$DW$256, DW_AT_decl_column(0x0f)
    4222              
    4223              $C$DW$257       .dwtag  DW_TAG_member
    4224                      .dwattr $C$DW$257, DW_AT_type(*$C$DW$T$19)
    4225                      .dwattr $C$DW$257, DW_AT_name("Ic_out")
    4226                      .dwattr $C$DW$257, DW_AT_data_member_location[DW_OP_plus_uconst 0xd4]
    4227                      .dwattr $C$DW$257, DW_AT_accessibility(DW_ACCESS_public)
    4228                      .dwattr $C$DW$257, DW_AT_decl_file("C:\SIMPLIS simulation\ANPC Final Version\anpc-3layer\Source\app\a
    4229                      .dwattr $C$DW$257, DW_AT_decl_line(0xb8)
TMS320C2000 Assembler PC v22.6.2 Tue Nov 18 13:15:16 2025

Copyright (c) 1996-2018 Texas Instruments Incorporated
app_anpc_operation.asm                                               PAGE   84

    4230                      .dwattr $C$DW$257, DW_AT_decl_column(0x0f)
    4231              
    4232              $C$DW$258       .dwtag  DW_TAG_member
    4233                      .dwattr $C$DW$258, DW_AT_type(*$C$DW$T$19)
    4234                      .dwattr $C$DW$258, DW_AT_name("Ia_fdfwd")
    4235                      .dwattr $C$DW$258, DW_AT_data_member_location[DW_OP_plus_uconst 0xd6]
    4236                      .dwattr $C$DW$258, DW_AT_accessibility(DW_ACCESS_public)
    4237                      .dwattr $C$DW$258, DW_AT_decl_file("C:\SIMPLIS simulation\ANPC Final Version\anpc-3layer\Source\app\a
    4238                      .dwattr $C$DW$258, DW_AT_decl_line(0xba)
    4239                      .dwattr $C$DW$258, DW_AT_decl_column(0x0f)
    4240              
    4241              $C$DW$259       .dwtag  DW_TAG_member
    4242                      .dwattr $C$DW$259, DW_AT_type(*$C$DW$T$19)
    4243                      .dwattr $C$DW$259, DW_AT_name("Ib_fdfwd")
    4244                      .dwattr $C$DW$259, DW_AT_data_member_location[DW_OP_plus_uconst 0xd8]
    4245                      .dwattr $C$DW$259, DW_AT_accessibility(DW_ACCESS_public)
    4246                      .dwattr $C$DW$259, DW_AT_decl_file("C:\SIMPLIS simulation\ANPC Final Version\anpc-3layer\Source\app\a
    4247                      .dwattr $C$DW$259, DW_AT_decl_line(0xbb)
    4248                      .dwattr $C$DW$259, DW_AT_decl_column(0x0f)
    4249              
    4250              $C$DW$260       .dwtag  DW_TAG_member
    4251                      .dwattr $C$DW$260, DW_AT_type(*$C$DW$T$19)
    4252                      .dwattr $C$DW$260, DW_AT_name("Ic_fdfwd")
    4253                      .dwattr $C$DW$260, DW_AT_data_member_location[DW_OP_plus_uconst 0xda]
    4254                      .dwattr $C$DW$260, DW_AT_accessibility(DW_ACCESS_public)
    4255                      .dwattr $C$DW$260, DW_AT_decl_file("C:\SIMPLIS simulation\ANPC Final Version\anpc-3layer\Source\app\a
    4256                      .dwattr $C$DW$260, DW_AT_decl_line(0xbc)
    4257                      .dwattr $C$DW$260, DW_AT_decl_column(0x0f)
    4258              
    4259              $C$DW$261       .dwtag  DW_TAG_member
    4260                      .dwattr $C$DW$261, DW_AT_type(*$C$DW$T$19)
    4261                      .dwattr $C$DW$261, DW_AT_name("Ia_fdfwd_pu")
    4262                      .dwattr $C$DW$261, DW_AT_data_member_location[DW_OP_plus_uconst 0xdc]
    4263                      .dwattr $C$DW$261, DW_AT_accessibility(DW_ACCESS_public)
    4264                      .dwattr $C$DW$261, DW_AT_decl_file("C:\SIMPLIS simulation\ANPC Final Version\anpc-3layer\Source\app\a
    4265                      .dwattr $C$DW$261, DW_AT_decl_line(0xbe)
    4266                      .dwattr $C$DW$261, DW_AT_decl_column(0x0f)
    4267              
    4268              $C$DW$262       .dwtag  DW_TAG_member
    4269                      .dwattr $C$DW$262, DW_AT_type(*$C$DW$T$19)
    4270                      .dwattr $C$DW$262, DW_AT_name("Ib_fdfwd_pu")
    4271                      .dwattr $C$DW$262, DW_AT_data_member_location[DW_OP_plus_uconst 0xde]
    4272                      .dwattr $C$DW$262, DW_AT_accessibility(DW_ACCESS_public)
    4273                      .dwattr $C$DW$262, DW_AT_decl_file("C:\SIMPLIS simulation\ANPC Final Version\anpc-3layer\Source\app\a
    4274                      .dwattr $C$DW$262, DW_AT_decl_line(0xbf)
    4275                      .dwattr $C$DW$262, DW_AT_decl_column(0x0f)
    4276              
    4277              $C$DW$263       .dwtag  DW_TAG_member
    4278                      .dwattr $C$DW$263, DW_AT_type(*$C$DW$T$19)
    4279                      .dwattr $C$DW$263, DW_AT_name("Ic_fdfwd_pu")
    4280                      .dwattr $C$DW$263, DW_AT_data_member_location[DW_OP_plus_uconst 0xe0]
    4281                      .dwattr $C$DW$263, DW_AT_accessibility(DW_ACCESS_public)
    4282                      .dwattr $C$DW$263, DW_AT_decl_file("C:\SIMPLIS simulation\ANPC Final Version\anpc-3layer\Source\app\a
    4283                      .dwattr $C$DW$263, DW_AT_decl_line(0xc0)
    4284                      .dwattr $C$DW$263, DW_AT_decl_column(0x0f)
TMS320C2000 Assembler PC v22.6.2 Tue Nov 18 13:15:16 2025

Copyright (c) 1996-2018 Texas Instruments Incorporated
app_anpc_operation.asm                                               PAGE   85

    4285              
    4286              $C$DW$264       .dwtag  DW_TAG_member
    4287                      .dwattr $C$DW$264, DW_AT_type(*$C$DW$T$19)
    4288                      .dwattr $C$DW$264, DW_AT_name("Ia_fdfwd_base")
    4289                      .dwattr $C$DW$264, DW_AT_data_member_location[DW_OP_plus_uconst 0xe2]
    4290                      .dwattr $C$DW$264, DW_AT_accessibility(DW_ACCESS_public)
    4291                      .dwattr $C$DW$264, DW_AT_decl_file("C:\SIMPLIS simulation\ANPC Final Version\anpc-3layer\Source\app\a
    4292                      .dwattr $C$DW$264, DW_AT_decl_line(0xc2)
    4293                      .dwattr $C$DW$264, DW_AT_decl_column(0x0f)
    4294              
    4295              $C$DW$265       .dwtag  DW_TAG_member
    4296                      .dwattr $C$DW$265, DW_AT_type(*$C$DW$T$19)
    4297                      .dwattr $C$DW$265, DW_AT_name("Ib_fdfwd_base")
    4298                      .dwattr $C$DW$265, DW_AT_data_member_location[DW_OP_plus_uconst 0xe4]
    4299                      .dwattr $C$DW$265, DW_AT_accessibility(DW_ACCESS_public)
    4300                      .dwattr $C$DW$265, DW_AT_decl_file("C:\SIMPLIS simulation\ANPC Final Version\anpc-3layer\Source\app\a
    4301                      .dwattr $C$DW$265, DW_AT_decl_line(0xc3)
    4302                      .dwattr $C$DW$265, DW_AT_decl_column(0x0f)
    4303              
    4304              $C$DW$266       .dwtag  DW_TAG_member
    4305                      .dwattr $C$DW$266, DW_AT_type(*$C$DW$T$19)
    4306                      .dwattr $C$DW$266, DW_AT_name("Ic_fdfwd_base")
    4307                      .dwattr $C$DW$266, DW_AT_data_member_location[DW_OP_plus_uconst 0xe6]
    4308                      .dwattr $C$DW$266, DW_AT_accessibility(DW_ACCESS_public)
    4309                      .dwattr $C$DW$266, DW_AT_decl_file("C:\SIMPLIS simulation\ANPC Final Version\anpc-3layer\Source\app\a
    4310                      .dwattr $C$DW$266, DW_AT_decl_line(0xc4)
    4311                      .dwattr $C$DW$266, DW_AT_decl_column(0x0f)
    4312              
    4313              $C$DW$267       .dwtag  DW_TAG_member
    4314                      .dwattr $C$DW$267, DW_AT_type(*$C$DW$T$19)
    4315                      .dwattr $C$DW$267, DW_AT_name("Ia_fdfwd_VL")
    4316                      .dwattr $C$DW$267, DW_AT_data_member_location[DW_OP_plus_uconst 0xe8]
    4317                      .dwattr $C$DW$267, DW_AT_accessibility(DW_ACCESS_public)
    4318                      .dwattr $C$DW$267, DW_AT_decl_file("C:\SIMPLIS simulation\ANPC Final Version\anpc-3layer\Source\app\a
    4319                      .dwattr $C$DW$267, DW_AT_decl_line(0xc6)
    4320                      .dwattr $C$DW$267, DW_AT_decl_column(0x0f)
    4321              
    4322              $C$DW$268       .dwtag  DW_TAG_member
    4323                      .dwattr $C$DW$268, DW_AT_type(*$C$DW$T$19)
    4324                      .dwattr $C$DW$268, DW_AT_name("Ib_fdfwd_VL")
    4325                      .dwattr $C$DW$268, DW_AT_data_member_location[DW_OP_plus_uconst 0xea]
    4326                      .dwattr $C$DW$268, DW_AT_accessibility(DW_ACCESS_public)
    4327                      .dwattr $C$DW$268, DW_AT_decl_file("C:\SIMPLIS simulation\ANPC Final Version\anpc-3layer\Source\app\a
    4328                      .dwattr $C$DW$268, DW_AT_decl_line(0xc7)
    4329                      .dwattr $C$DW$268, DW_AT_decl_column(0x0f)
    4330              
    4331              $C$DW$269       .dwtag  DW_TAG_member
    4332                      .dwattr $C$DW$269, DW_AT_type(*$C$DW$T$19)
    4333                      .dwattr $C$DW$269, DW_AT_name("Ic_fdfwd_VL")
    4334                      .dwattr $C$DW$269, DW_AT_data_member_location[DW_OP_plus_uconst 0xec]
    4335                      .dwattr $C$DW$269, DW_AT_accessibility(DW_ACCESS_public)
    4336                      .dwattr $C$DW$269, DW_AT_decl_file("C:\SIMPLIS simulation\ANPC Final Version\anpc-3layer\Source\app\a
    4337                      .dwattr $C$DW$269, DW_AT_decl_line(0xc8)
    4338                      .dwattr $C$DW$269, DW_AT_decl_column(0x0f)
    4339              
TMS320C2000 Assembler PC v22.6.2 Tue Nov 18 13:15:16 2025

Copyright (c) 1996-2018 Texas Instruments Incorporated
app_anpc_operation.asm                                               PAGE   86

    4340              $C$DW$270       .dwtag  DW_TAG_member
    4341                      .dwattr $C$DW$270, DW_AT_type(*$C$DW$T$19)
    4342                      .dwattr $C$DW$270, DW_AT_name("Ia_fdfwd_emi")
    4343                      .dwattr $C$DW$270, DW_AT_data_member_location[DW_OP_plus_uconst 0xee]
    4344                      .dwattr $C$DW$270, DW_AT_accessibility(DW_ACCESS_public)
    4345                      .dwattr $C$DW$270, DW_AT_decl_file("C:\SIMPLIS simulation\ANPC Final Version\anpc-3layer\Source\app\a
    4346                      .dwattr $C$DW$270, DW_AT_decl_line(0xca)
    4347                      .dwattr $C$DW$270, DW_AT_decl_column(0x0f)
    4348              
    4349              $C$DW$271       .dwtag  DW_TAG_member
    4350                      .dwattr $C$DW$271, DW_AT_type(*$C$DW$T$19)
    4351                      .dwattr $C$DW$271, DW_AT_name("Ib_fdfwd_emi")
    4352                      .dwattr $C$DW$271, DW_AT_data_member_location[DW_OP_plus_uconst 0xf0]
    4353                      .dwattr $C$DW$271, DW_AT_accessibility(DW_ACCESS_public)
    4354                      .dwattr $C$DW$271, DW_AT_decl_file("C:\SIMPLIS simulation\ANPC Final Version\anpc-3layer\Source\app\a
    4355                      .dwattr $C$DW$271, DW_AT_decl_line(0xcb)
    4356                      .dwattr $C$DW$271, DW_AT_decl_column(0x0f)
    4357              
    4358              $C$DW$272       .dwtag  DW_TAG_member
    4359                      .dwattr $C$DW$272, DW_AT_type(*$C$DW$T$19)
    4360                      .dwattr $C$DW$272, DW_AT_name("Ic_fdfwd_emi")
    4361                      .dwattr $C$DW$272, DW_AT_data_member_location[DW_OP_plus_uconst 0xf2]
    4362                      .dwattr $C$DW$272, DW_AT_accessibility(DW_ACCESS_public)
    4363                      .dwattr $C$DW$272, DW_AT_decl_file("C:\SIMPLIS simulation\ANPC Final Version\anpc-3layer\Source\app\a
    4364                      .dwattr $C$DW$272, DW_AT_decl_line(0xcc)
    4365                      .dwattr $C$DW$272, DW_AT_decl_column(0x0f)
    4366              
    4367              $C$DW$273       .dwtag  DW_TAG_member
    4368                      .dwattr $C$DW$273, DW_AT_type(*$C$DW$T$19)
    4369                      .dwattr $C$DW$273, DW_AT_name("Va_pu")
    4370                      .dwattr $C$DW$273, DW_AT_data_member_location[DW_OP_plus_uconst 0xf4]
    4371                      .dwattr $C$DW$273, DW_AT_accessibility(DW_ACCESS_public)
    4372                      .dwattr $C$DW$273, DW_AT_decl_file("C:\SIMPLIS simulation\ANPC Final Version\anpc-3layer\Source\app\a
    4373                      .dwattr $C$DW$273, DW_AT_decl_line(0xce)
    4374                      .dwattr $C$DW$273, DW_AT_decl_column(0x0f)
    4375              
    4376              $C$DW$274       .dwtag  DW_TAG_member
    4377                      .dwattr $C$DW$274, DW_AT_type(*$C$DW$T$19)
    4378                      .dwattr $C$DW$274, DW_AT_name("Vb_pu")
    4379                      .dwattr $C$DW$274, DW_AT_data_member_location[DW_OP_plus_uconst 0xf6]
    4380                      .dwattr $C$DW$274, DW_AT_accessibility(DW_ACCESS_public)
    4381                      .dwattr $C$DW$274, DW_AT_decl_file("C:\SIMPLIS simulation\ANPC Final Version\anpc-3layer\Source\app\a
    4382                      .dwattr $C$DW$274, DW_AT_decl_line(0xcf)
    4383                      .dwattr $C$DW$274, DW_AT_decl_column(0x0f)
    4384              
    4385              $C$DW$275       .dwtag  DW_TAG_member
    4386                      .dwattr $C$DW$275, DW_AT_type(*$C$DW$T$19)
    4387                      .dwattr $C$DW$275, DW_AT_name("Vc_pu")
    4388                      .dwattr $C$DW$275, DW_AT_data_member_location[DW_OP_plus_uconst 0xf8]
    4389                      .dwattr $C$DW$275, DW_AT_accessibility(DW_ACCESS_public)
    4390                      .dwattr $C$DW$275, DW_AT_decl_file("C:\SIMPLIS simulation\ANPC Final Version\anpc-3layer\Source\app\a
    4391                      .dwattr $C$DW$275, DW_AT_decl_line(0xd0)
    4392                      .dwattr $C$DW$275, DW_AT_decl_column(0x0f)
    4393              
    4394              $C$DW$276       .dwtag  DW_TAG_member
TMS320C2000 Assembler PC v22.6.2 Tue Nov 18 13:15:16 2025

Copyright (c) 1996-2018 Texas Instruments Incorporated
app_anpc_operation.asm                                               PAGE   87

    4395                      .dwattr $C$DW$276, DW_AT_type(*$C$DW$T$19)
    4396                      .dwattr $C$DW$276, DW_AT_name("Duty_3rd_v1")
    4397                      .dwattr $C$DW$276, DW_AT_data_member_location[DW_OP_plus_uconst 0xfa]
    4398                      .dwattr $C$DW$276, DW_AT_accessibility(DW_ACCESS_public)
    4399                      .dwattr $C$DW$276, DW_AT_decl_file("C:\SIMPLIS simulation\ANPC Final Version\anpc-3layer\Source\app\a
    4400                      .dwattr $C$DW$276, DW_AT_decl_line(0xd3)
    4401                      .dwattr $C$DW$276, DW_AT_decl_column(0x0f)
    4402              
    4403              $C$DW$277       .dwtag  DW_TAG_member
    4404                      .dwattr $C$DW$277, DW_AT_type(*$C$DW$T$19)
    4405                      .dwattr $C$DW$277, DW_AT_name("Duty_3rd_v2")
    4406                      .dwattr $C$DW$277, DW_AT_data_member_location[DW_OP_plus_uconst 0xfc]
    4407                      .dwattr $C$DW$277, DW_AT_accessibility(DW_ACCESS_public)
    4408                      .dwattr $C$DW$277, DW_AT_decl_file("C:\SIMPLIS simulation\ANPC Final Version\anpc-3layer\Source\app\a
    4409                      .dwattr $C$DW$277, DW_AT_decl_line(0xd4)
    4410                      .dwattr $C$DW$277, DW_AT_decl_column(0x0f)
    4411              
    4412              $C$DW$278       .dwtag  DW_TAG_member
    4413                      .dwattr $C$DW$278, DW_AT_type(*$C$DW$T$19)
    4414                      .dwattr $C$DW$278, DW_AT_name("Duty_3rd_v3")
    4415                      .dwattr $C$DW$278, DW_AT_data_member_location[DW_OP_plus_uconst 0xfe]
    4416                      .dwattr $C$DW$278, DW_AT_accessibility(DW_ACCESS_public)
    4417                      .dwattr $C$DW$278, DW_AT_decl_file("C:\SIMPLIS simulation\ANPC Final Version\anpc-3layer\Source\app\a
    4418                      .dwattr $C$DW$278, DW_AT_decl_line(0xd5)
    4419                      .dwattr $C$DW$278, DW_AT_decl_column(0x0f)
    4420              
    4421              $C$DW$279       .dwtag  DW_TAG_member
    4422                      .dwattr $C$DW$279, DW_AT_type(*$C$DW$T$19)
    4423                      .dwattr $C$DW$279, DW_AT_name("Duty_3rd")
    4424                      .dwattr $C$DW$279, DW_AT_data_member_location[DW_OP_plus_uconst 0x100]
    4425                      .dwattr $C$DW$279, DW_AT_accessibility(DW_ACCESS_public)
    4426                      .dwattr $C$DW$279, DW_AT_decl_file("C:\SIMPLIS simulation\ANPC Final Version\anpc-3layer\Source\app\a
    4427                      .dwattr $C$DW$279, DW_AT_decl_line(0xd6)
    4428                      .dwattr $C$DW$279, DW_AT_decl_column(0x0f)
    4429              
    4430              $C$DW$280       .dwtag  DW_TAG_member
    4431                      .dwattr $C$DW$280, DW_AT_type(*$C$DW$T$19)
    4432                      .dwattr $C$DW$280, DW_AT_name("Duty_A")
    4433                      .dwattr $C$DW$280, DW_AT_data_member_location[DW_OP_plus_uconst 0x102]
    4434                      .dwattr $C$DW$280, DW_AT_accessibility(DW_ACCESS_public)
    4435                      .dwattr $C$DW$280, DW_AT_decl_file("C:\SIMPLIS simulation\ANPC Final Version\anpc-3layer\Source\app\a
    4436                      .dwattr $C$DW$280, DW_AT_decl_line(0xd8)
    4437                      .dwattr $C$DW$280, DW_AT_decl_column(0x0f)
    4438              
    4439              $C$DW$281       .dwtag  DW_TAG_member
    4440                      .dwattr $C$DW$281, DW_AT_type(*$C$DW$T$19)
    4441                      .dwattr $C$DW$281, DW_AT_name("Duty_B")
    4442                      .dwattr $C$DW$281, DW_AT_data_member_location[DW_OP_plus_uconst 0x104]
    4443                      .dwattr $C$DW$281, DW_AT_accessibility(DW_ACCESS_public)
    4444                      .dwattr $C$DW$281, DW_AT_decl_file("C:\SIMPLIS simulation\ANPC Final Version\anpc-3layer\Source\app\a
    4445                      .dwattr $C$DW$281, DW_AT_decl_line(0xd9)
    4446                      .dwattr $C$DW$281, DW_AT_decl_column(0x0f)
    4447              
    4448              $C$DW$282       .dwtag  DW_TAG_member
    4449                      .dwattr $C$DW$282, DW_AT_type(*$C$DW$T$19)
TMS320C2000 Assembler PC v22.6.2 Tue Nov 18 13:15:16 2025

Copyright (c) 1996-2018 Texas Instruments Incorporated
app_anpc_operation.asm                                               PAGE   88

    4450                      .dwattr $C$DW$282, DW_AT_name("Duty_C")
    4451                      .dwattr $C$DW$282, DW_AT_data_member_location[DW_OP_plus_uconst 0x106]
    4452                      .dwattr $C$DW$282, DW_AT_accessibility(DW_ACCESS_public)
    4453                      .dwattr $C$DW$282, DW_AT_decl_file("C:\SIMPLIS simulation\ANPC Final Version\anpc-3layer\Source\app\a
    4454                      .dwattr $C$DW$282, DW_AT_decl_line(0xda)
    4455                      .dwattr $C$DW$282, DW_AT_decl_column(0x0f)
    4456              
    4457              $C$DW$283       .dwtag  DW_TAG_member
    4458                      .dwattr $C$DW$283, DW_AT_type(*$C$DW$T$19)
    4459                      .dwattr $C$DW$283, DW_AT_name("Duty_A_m1")
    4460                      .dwattr $C$DW$283, DW_AT_data_member_location[DW_OP_plus_uconst 0x108]
    4461                      .dwattr $C$DW$283, DW_AT_accessibility(DW_ACCESS_public)
    4462                      .dwattr $C$DW$283, DW_AT_decl_file("C:\SIMPLIS simulation\ANPC Final Version\anpc-3layer\Source\app\a
    4463                      .dwattr $C$DW$283, DW_AT_decl_line(0xdb)
    4464                      .dwattr $C$DW$283, DW_AT_decl_column(0x0f)
    4465              
    4466              $C$DW$284       .dwtag  DW_TAG_member
    4467                      .dwattr $C$DW$284, DW_AT_type(*$C$DW$T$19)
    4468                      .dwattr $C$DW$284, DW_AT_name("Duty_A_m2")
    4469                      .dwattr $C$DW$284, DW_AT_data_member_location[DW_OP_plus_uconst 0x10a]
    4470                      .dwattr $C$DW$284, DW_AT_accessibility(DW_ACCESS_public)
    4471                      .dwattr $C$DW$284, DW_AT_decl_file("C:\SIMPLIS simulation\ANPC Final Version\anpc-3layer\Source\app\a
    4472                      .dwattr $C$DW$284, DW_AT_decl_line(0xdc)
    4473                      .dwattr $C$DW$284, DW_AT_decl_column(0x0f)
    4474              
    4475              $C$DW$285       .dwtag  DW_TAG_member
    4476                      .dwattr $C$DW$285, DW_AT_type(*$C$DW$T$19)
    4477                      .dwattr $C$DW$285, DW_AT_name("Duty_B_m1")
    4478                      .dwattr $C$DW$285, DW_AT_data_member_location[DW_OP_plus_uconst 0x10c]
    4479                      .dwattr $C$DW$285, DW_AT_accessibility(DW_ACCESS_public)
    4480                      .dwattr $C$DW$285, DW_AT_decl_file("C:\SIMPLIS simulation\ANPC Final Version\anpc-3layer\Source\app\a
    4481                      .dwattr $C$DW$285, DW_AT_decl_line(0xdd)
    4482                      .dwattr $C$DW$285, DW_AT_decl_column(0x0f)
    4483              
    4484              $C$DW$286       .dwtag  DW_TAG_member
    4485                      .dwattr $C$DW$286, DW_AT_type(*$C$DW$T$19)
    4486                      .dwattr $C$DW$286, DW_AT_name("Duty_B_m2")
    4487                      .dwattr $C$DW$286, DW_AT_data_member_location[DW_OP_plus_uconst 0x10e]
    4488                      .dwattr $C$DW$286, DW_AT_accessibility(DW_ACCESS_public)
    4489                      .dwattr $C$DW$286, DW_AT_decl_file("C:\SIMPLIS simulation\ANPC Final Version\anpc-3layer\Source\app\a
    4490                      .dwattr $C$DW$286, DW_AT_decl_line(0xde)
    4491                      .dwattr $C$DW$286, DW_AT_decl_column(0x0f)
    4492              
    4493              $C$DW$287       .dwtag  DW_TAG_member
    4494                      .dwattr $C$DW$287, DW_AT_type(*$C$DW$T$19)
    4495                      .dwattr $C$DW$287, DW_AT_name("Duty_C_m1")
    4496                      .dwattr $C$DW$287, DW_AT_data_member_location[DW_OP_plus_uconst 0x110]
    4497                      .dwattr $C$DW$287, DW_AT_accessibility(DW_ACCESS_public)
    4498                      .dwattr $C$DW$287, DW_AT_decl_file("C:\SIMPLIS simulation\ANPC Final Version\anpc-3layer\Source\app\a
    4499                      .dwattr $C$DW$287, DW_AT_decl_line(0xdf)
    4500                      .dwattr $C$DW$287, DW_AT_decl_column(0x0f)
    4501              
    4502              $C$DW$288       .dwtag  DW_TAG_member
    4503                      .dwattr $C$DW$288, DW_AT_type(*$C$DW$T$19)
    4504                      .dwattr $C$DW$288, DW_AT_name("Duty_C_m2")
TMS320C2000 Assembler PC v22.6.2 Tue Nov 18 13:15:16 2025

Copyright (c) 1996-2018 Texas Instruments Incorporated
app_anpc_operation.asm                                               PAGE   89

    4505                      .dwattr $C$DW$288, DW_AT_data_member_location[DW_OP_plus_uconst 0x112]
    4506                      .dwattr $C$DW$288, DW_AT_accessibility(DW_ACCESS_public)
    4507                      .dwattr $C$DW$288, DW_AT_decl_file("C:\SIMPLIS simulation\ANPC Final Version\anpc-3layer\Source\app\a
    4508                      .dwattr $C$DW$288, DW_AT_decl_line(0xe0)
    4509                      .dwattr $C$DW$288, DW_AT_decl_column(0x0f)
    4510              
    4511              $C$DW$289       .dwtag  DW_TAG_member
    4512                      .dwattr $C$DW$289, DW_AT_type(*$C$DW$T$19)
    4513                      .dwattr $C$DW$289, DW_AT_name("Duty_A_prev")
    4514                      .dwattr $C$DW$289, DW_AT_data_member_location[DW_OP_plus_uconst 0x114]
    4515                      .dwattr $C$DW$289, DW_AT_accessibility(DW_ACCESS_public)
    4516                      .dwattr $C$DW$289, DW_AT_decl_file("C:\SIMPLIS simulation\ANPC Final Version\anpc-3layer\Source\app\a
    4517                      .dwattr $C$DW$289, DW_AT_decl_line(0xe2)
    4518                      .dwattr $C$DW$289, DW_AT_decl_column(0x0f)
    4519              
    4520              $C$DW$290       .dwtag  DW_TAG_member
    4521                      .dwattr $C$DW$290, DW_AT_type(*$C$DW$T$19)
    4522                      .dwattr $C$DW$290, DW_AT_name("Duty_B_prev")
    4523                      .dwattr $C$DW$290, DW_AT_data_member_location[DW_OP_plus_uconst 0x116]
    4524                      .dwattr $C$DW$290, DW_AT_accessibility(DW_ACCESS_public)
    4525                      .dwattr $C$DW$290, DW_AT_decl_file("C:\SIMPLIS simulation\ANPC Final Version\anpc-3layer\Source\app\a
    4526                      .dwattr $C$DW$290, DW_AT_decl_line(0xe3)
    4527                      .dwattr $C$DW$290, DW_AT_decl_column(0x0f)
    4528              
    4529              $C$DW$291       .dwtag  DW_TAG_member
    4530                      .dwattr $C$DW$291, DW_AT_type(*$C$DW$T$19)
    4531                      .dwattr $C$DW$291, DW_AT_name("Duty_C_prev")
    4532                      .dwattr $C$DW$291, DW_AT_data_member_location[DW_OP_plus_uconst 0x118]
    4533                      .dwattr $C$DW$291, DW_AT_accessibility(DW_ACCESS_public)
    4534                      .dwattr $C$DW$291, DW_AT_decl_file("C:\SIMPLIS simulation\ANPC Final Version\anpc-3layer\Source\app\a
    4535                      .dwattr $C$DW$291, DW_AT_decl_line(0xe4)
    4536                      .dwattr $C$DW$291, DW_AT_decl_column(0x0f)
    4537              
    4538              $C$DW$292       .dwtag  DW_TAG_member
    4539                      .dwattr $C$DW$292, DW_AT_type(*$C$DW$T$19)
    4540                      .dwattr $C$DW$292, DW_AT_name("Deadband")
    4541                      .dwattr $C$DW$292, DW_AT_data_member_location[DW_OP_plus_uconst 0x11a]
    4542                      .dwattr $C$DW$292, DW_AT_accessibility(DW_ACCESS_public)
    4543                      .dwattr $C$DW$292, DW_AT_decl_file("C:\SIMPLIS simulation\ANPC Final Version\anpc-3layer\Source\app\a
    4544                      .dwattr $C$DW$292, DW_AT_decl_line(0xe7)
    4545                      .dwattr $C$DW$292, DW_AT_decl_column(0x0f)
    4546              
    4547              $C$DW$293       .dwtag  DW_TAG_member
    4548                      .dwattr $C$DW$293, DW_AT_type(*$C$DW$T$30)
    4549                      .dwattr $C$DW$293, DW_AT_name("LFPWMA_count_A")
    4550                      .dwattr $C$DW$293, DW_AT_data_member_location[DW_OP_plus_uconst 0x11c]
    4551                      .dwattr $C$DW$293, DW_AT_accessibility(DW_ACCESS_public)
    4552                      .dwattr $C$DW$293, DW_AT_decl_file("C:\SIMPLIS simulation\ANPC Final Version\anpc-3layer\Source\app\a
    4553                      .dwattr $C$DW$293, DW_AT_decl_line(0xea)
    4554                      .dwattr $C$DW$293, DW_AT_decl_column(0x0e)
    4555              
    4556              $C$DW$294       .dwtag  DW_TAG_member
    4557                      .dwattr $C$DW$294, DW_AT_type(*$C$DW$T$30)
    4558                      .dwattr $C$DW$294, DW_AT_name("LFPWMB_count_A")
    4559                      .dwattr $C$DW$294, DW_AT_data_member_location[DW_OP_plus_uconst 0x11d]
TMS320C2000 Assembler PC v22.6.2 Tue Nov 18 13:15:16 2025

Copyright (c) 1996-2018 Texas Instruments Incorporated
app_anpc_operation.asm                                               PAGE   90

    4560                      .dwattr $C$DW$294, DW_AT_accessibility(DW_ACCESS_public)
    4561                      .dwattr $C$DW$294, DW_AT_decl_file("C:\SIMPLIS simulation\ANPC Final Version\anpc-3layer\Source\app\a
    4562                      .dwattr $C$DW$294, DW_AT_decl_line(0xeb)
    4563                      .dwattr $C$DW$294, DW_AT_decl_column(0x0e)
    4564              
    4565              $C$DW$295       .dwtag  DW_TAG_member
    4566                      .dwattr $C$DW$295, DW_AT_type(*$C$DW$T$30)
    4567                      .dwattr $C$DW$295, DW_AT_name("LFPWMA_count_B")
    4568                      .dwattr $C$DW$295, DW_AT_data_member_location[DW_OP_plus_uconst 0x11e]
    4569                      .dwattr $C$DW$295, DW_AT_accessibility(DW_ACCESS_public)
    4570                      .dwattr $C$DW$295, DW_AT_decl_file("C:\SIMPLIS simulation\ANPC Final Version\anpc-3layer\Source\app\a
    4571                      .dwattr $C$DW$295, DW_AT_decl_line(0xec)
    4572                      .dwattr $C$DW$295, DW_AT_decl_column(0x0e)
    4573              
    4574              $C$DW$296       .dwtag  DW_TAG_member
    4575                      .dwattr $C$DW$296, DW_AT_type(*$C$DW$T$30)
    4576                      .dwattr $C$DW$296, DW_AT_name("LFPWMB_count_B")
    4577                      .dwattr $C$DW$296, DW_AT_data_member_location[DW_OP_plus_uconst 0x11f]
    4578                      .dwattr $C$DW$296, DW_AT_accessibility(DW_ACCESS_public)
    4579                      .dwattr $C$DW$296, DW_AT_decl_file("C:\SIMPLIS simulation\ANPC Final Version\anpc-3layer\Source\app\a
    4580                      .dwattr $C$DW$296, DW_AT_decl_line(0xed)
    4581                      .dwattr $C$DW$296, DW_AT_decl_column(0x0e)
    4582              
    4583              $C$DW$297       .dwtag  DW_TAG_member
    4584                      .dwattr $C$DW$297, DW_AT_type(*$C$DW$T$30)
    4585                      .dwattr $C$DW$297, DW_AT_name("LFPWMA_count_C")
    4586                      .dwattr $C$DW$297, DW_AT_data_member_location[DW_OP_plus_uconst 0x120]
    4587                      .dwattr $C$DW$297, DW_AT_accessibility(DW_ACCESS_public)
    4588                      .dwattr $C$DW$297, DW_AT_decl_file("C:\SIMPLIS simulation\ANPC Final Version\anpc-3layer\Source\app\a
    4589                      .dwattr $C$DW$297, DW_AT_decl_line(0xee)
    4590                      .dwattr $C$DW$297, DW_AT_decl_column(0x0e)
    4591              
    4592              $C$DW$298       .dwtag  DW_TAG_member
    4593                      .dwattr $C$DW$298, DW_AT_type(*$C$DW$T$30)
    4594                      .dwattr $C$DW$298, DW_AT_name("LFPWMB_count_C")
    4595                      .dwattr $C$DW$298, DW_AT_data_member_location[DW_OP_plus_uconst 0x121]
    4596                      .dwattr $C$DW$298, DW_AT_accessibility(DW_ACCESS_public)
    4597                      .dwattr $C$DW$298, DW_AT_decl_file("C:\SIMPLIS simulation\ANPC Final Version\anpc-3layer\Source\app\a
    4598                      .dwattr $C$DW$298, DW_AT_decl_line(0xef)
    4599                      .dwattr $C$DW$298, DW_AT_decl_column(0x0e)
    4600              
    4601                      .dwattr $C$DW$T$31, DW_AT_decl_file("C:\SIMPLIS simulation\ANPC Final Version\anpc-3layer\Source\app\
    4602                      .dwattr $C$DW$T$31, DW_AT_decl_line(0x81)
    4603                      .dwattr $C$DW$T$31, DW_AT_decl_column(0x01)
    4604                      .dwendtag $C$DW$T$31
    4605              
    4606                      .dwendtag $C$DW$TU$31
    4607              
    4608              
    4609              $C$DW$TU$39     .dwtag  DW_TAG_type_unit
    4610                      .dwmtype  $C$DW$T$39
    4611              $C$DW$T$39      .dwtag  DW_TAG_typedef
    4612                      .dwattr $C$DW$T$39, DW_AT_name("VICtrl_Struct")
    4613                      .dwattr $C$DW$T$39, DW_AT_type(*$C$DW$T$31)
    4614                      .dwattr $C$DW$T$39, DW_AT_decl_file("C:\SIMPLIS simulation\ANPC Final Version\anpc-3layer\Source\app\
TMS320C2000 Assembler PC v22.6.2 Tue Nov 18 13:15:16 2025

Copyright (c) 1996-2018 Texas Instruments Incorporated
app_anpc_operation.asm                                               PAGE   91

    4615                      .dwattr $C$DW$T$39, DW_AT_decl_line(0xf1)
    4616                      .dwattr $C$DW$T$39, DW_AT_decl_column(0x03)
    4617              
    4618                      .dwendtag $C$DW$TU$39
    4619              
    4620              
    4621              $C$DW$TU$33     .dwtag  DW_TAG_type_unit
    4622                      .dwmtype  $C$DW$T$33
    4623              
    4624              $C$DW$T$33      .dwtag  DW_TAG_union_type
    4625                      .dwattr $C$DW$T$33, DW_AT_byte_size(0x01)
    4626              $C$DW$299       .dwtag  DW_TAG_member
    4627                      .dwattr $C$DW$299, DW_AT_type(*$C$DW$T$35)
    4628                      .dwattr $C$DW$299, DW_AT_name("bits")
    4629                      .dwattr $C$DW$299, DW_AT_accessibility(DW_ACCESS_public)
    4630                      .dwattr $C$DW$299, DW_AT_decl_file("C:\SIMPLIS simulation\ANPC Final Version\anpc-3layer\Source\app\a
    4631                      .dwattr $C$DW$299, DW_AT_decl_line(0x39)
    4632                      .dwattr $C$DW$299, DW_AT_decl_column(0x06)
    4633              
    4634              $C$DW$300       .dwtag  DW_TAG_member
    4635                      .dwattr $C$DW$300, DW_AT_type(*$C$DW$T$32)
    4636                      .dwattr $C$DW$300, DW_AT_name("Word")
    4637                      .dwattr $C$DW$300, DW_AT_accessibility(DW_ACCESS_public)
    4638                      .dwattr $C$DW$300, DW_AT_decl_file("C:\SIMPLIS simulation\ANPC Final Version\anpc-3layer\Source\app\a
    4639                      .dwattr $C$DW$300, DW_AT_decl_line(0x3b)
    4640                      .dwattr $C$DW$300, DW_AT_decl_column(0x0c)
    4641              
    4642                      .dwattr $C$DW$T$33, DW_AT_decl_file("C:\SIMPLIS simulation\ANPC Final Version\anpc-3layer\Source\app\
    4643                      .dwattr $C$DW$T$33, DW_AT_decl_line(0x26)
    4644                      .dwattr $C$DW$T$33, DW_AT_decl_column(0x01)
    4645                      .dwendtag $C$DW$T$33
    4646              
    4647                      .dwendtag $C$DW$TU$33
    4648              
    4649              
    4650              $C$DW$TU$40     .dwtag  DW_TAG_type_unit
    4651                      .dwmtype  $C$DW$T$40
    4652              $C$DW$T$40      .dwtag  DW_TAG_typedef
    4653                      .dwattr $C$DW$T$40, DW_AT_name("StateFlag_Struct")
    4654                      .dwattr $C$DW$T$40, DW_AT_type(*$C$DW$T$33)
    4655                      .dwattr $C$DW$T$40, DW_AT_decl_file("C:\SIMPLIS simulation\ANPC Final Version\anpc-3layer\Source\app\
    4656                      .dwattr $C$DW$T$40, DW_AT_decl_line(0x3d)
    4657                      .dwattr $C$DW$T$40, DW_AT_decl_column(0x03)
    4658              
    4659                      .dwendtag $C$DW$TU$40
    4660              
    4661              
    4662              $C$DW$TU$35     .dwtag  DW_TAG_type_unit
    4663                      .dwmtype  $C$DW$T$35
    4664              
    4665              $C$DW$T$35      .dwtag  DW_TAG_structure_type
    4666                      .dwattr $C$DW$T$35, DW_AT_name("StateFlag")
    4667                      .dwattr $C$DW$T$35, DW_AT_byte_size(0x01)
    4668              $C$DW$301       .dwtag  DW_TAG_member
    4669                      .dwattr $C$DW$301, DW_AT_type(*$C$DW$T$34)
TMS320C2000 Assembler PC v22.6.2 Tue Nov 18 13:15:16 2025

Copyright (c) 1996-2018 Texas Instruments Incorporated
app_anpc_operation.asm                                               PAGE   92

    4670                      .dwattr $C$DW$301, DW_AT_name("system_init_finish")
    4671                      .dwattr $C$DW$301, DW_AT_bit_offset(0x0f)
    4672                      .dwattr $C$DW$301, DW_AT_bit_size(0x01)
    4673                      .dwattr $C$DW$301, DW_AT_accessibility(DW_ACCESS_public)
    4674                      .dwattr $C$DW$301, DW_AT_decl_file("C:\SIMPLIS simulation\ANPC Final Version\anpc-3layer\Source\app\a
    4675                      .dwattr $C$DW$301, DW_AT_decl_line(0x29)
    4676                      .dwattr $C$DW$301, DW_AT_decl_column(0x0f)
    4677              
    4678              $C$DW$302       .dwtag  DW_TAG_member
    4679                      .dwattr $C$DW$302, DW_AT_type(*$C$DW$T$34)
    4680                      .dwattr $C$DW$302, DW_AT_name("wait_for_softstart")
    4681                      .dwattr $C$DW$302, DW_AT_bit_offset(0x0e)
    4682                      .dwattr $C$DW$302, DW_AT_bit_size(0x01)
    4683                      .dwattr $C$DW$302, DW_AT_accessibility(DW_ACCESS_public)
    4684                      .dwattr $C$DW$302, DW_AT_decl_file("C:\SIMPLIS simulation\ANPC Final Version\anpc-3layer\Source\app\a
    4685                      .dwattr $C$DW$302, DW_AT_decl_line(0x2a)
    4686                      .dwattr $C$DW$302, DW_AT_decl_column(0x0f)
    4687              
    4688              $C$DW$303       .dwtag  DW_TAG_member
    4689                      .dwattr $C$DW$303, DW_AT_type(*$C$DW$T$34)
    4690                      .dwattr $C$DW$303, DW_AT_name("soft_start_on")
    4691                      .dwattr $C$DW$303, DW_AT_bit_offset(0x0d)
    4692                      .dwattr $C$DW$303, DW_AT_bit_size(0x01)
    4693                      .dwattr $C$DW$303, DW_AT_accessibility(DW_ACCESS_public)
    4694                      .dwattr $C$DW$303, DW_AT_decl_file("C:\SIMPLIS simulation\ANPC Final Version\anpc-3layer\Source\app\a
    4695                      .dwattr $C$DW$303, DW_AT_decl_line(0x2b)
    4696                      .dwattr $C$DW$303, DW_AT_decl_column(0x0f)
    4697              
    4698              $C$DW$304       .dwtag  DW_TAG_member
    4699                      .dwattr $C$DW$304, DW_AT_type(*$C$DW$T$34)
    4700                      .dwattr $C$DW$304, DW_AT_name("pwm_kickoff")
    4701                      .dwattr $C$DW$304, DW_AT_bit_offset(0x0c)
    4702                      .dwattr $C$DW$304, DW_AT_bit_size(0x01)
    4703                      .dwattr $C$DW$304, DW_AT_accessibility(DW_ACCESS_public)
    4704                      .dwattr $C$DW$304, DW_AT_decl_file("C:\SIMPLIS simulation\ANPC Final Version\anpc-3layer\Source\app\a
    4705                      .dwattr $C$DW$304, DW_AT_decl_line(0x2c)
    4706                      .dwattr $C$DW$304, DW_AT_decl_column(0x0f)
    4707              
    4708              $C$DW$305       .dwtag  DW_TAG_member
    4709                      .dwattr $C$DW$305, DW_AT_type(*$C$DW$T$34)
    4710                      .dwattr $C$DW$305, DW_AT_name("control_en")
    4711                      .dwattr $C$DW$305, DW_AT_bit_offset(0x0b)
    4712                      .dwattr $C$DW$305, DW_AT_bit_size(0x01)
    4713                      .dwattr $C$DW$305, DW_AT_accessibility(DW_ACCESS_public)
    4714                      .dwattr $C$DW$305, DW_AT_decl_file("C:\SIMPLIS simulation\ANPC Final Version\anpc-3layer\Source\app\a
    4715                      .dwattr $C$DW$305, DW_AT_decl_line(0x2d)
    4716                      .dwattr $C$DW$305, DW_AT_decl_column(0x0f)
    4717              
    4718              $C$DW$306       .dwtag  DW_TAG_member
    4719                      .dwattr $C$DW$306, DW_AT_type(*$C$DW$T$34)
    4720                      .dwattr $C$DW$306, DW_AT_name("phase_open")
    4721                      .dwattr $C$DW$306, DW_AT_bit_offset(0x0a)
    4722                      .dwattr $C$DW$306, DW_AT_bit_size(0x01)
    4723                      .dwattr $C$DW$306, DW_AT_accessibility(DW_ACCESS_public)
    4724                      .dwattr $C$DW$306, DW_AT_decl_file("C:\SIMPLIS simulation\ANPC Final Version\anpc-3layer\Source\app\a
TMS320C2000 Assembler PC v22.6.2 Tue Nov 18 13:15:16 2025

Copyright (c) 1996-2018 Texas Instruments Incorporated
app_anpc_operation.asm                                               PAGE   93

    4725                      .dwattr $C$DW$306, DW_AT_decl_line(0x2e)
    4726                      .dwattr $C$DW$306, DW_AT_decl_column(0x0f)
    4727              
    4728              $C$DW$307       .dwtag  DW_TAG_member
    4729                      .dwattr $C$DW$307, DW_AT_type(*$C$DW$T$34)
    4730                      .dwattr $C$DW$307, DW_AT_name("Reserved5")
    4731                      .dwattr $C$DW$307, DW_AT_bit_offset(0x09)
    4732                      .dwattr $C$DW$307, DW_AT_bit_size(0x01)
    4733                      .dwattr $C$DW$307, DW_AT_accessibility(DW_ACCESS_public)
    4734                      .dwattr $C$DW$307, DW_AT_decl_file("C:\SIMPLIS simulation\ANPC Final Version\anpc-3layer\Source\app\a
    4735                      .dwattr $C$DW$307, DW_AT_decl_line(0x2f)
    4736                      .dwattr $C$DW$307, DW_AT_decl_column(0x0f)
    4737              
    4738              $C$DW$308       .dwtag  DW_TAG_member
    4739                      .dwattr $C$DW$308, DW_AT_type(*$C$DW$T$34)
    4740                      .dwattr $C$DW$308, DW_AT_name("Reserved6")
    4741                      .dwattr $C$DW$308, DW_AT_bit_offset(0x08)
    4742                      .dwattr $C$DW$308, DW_AT_bit_size(0x01)
    4743                      .dwattr $C$DW$308, DW_AT_accessibility(DW_ACCESS_public)
    4744                      .dwattr $C$DW$308, DW_AT_decl_file("C:\SIMPLIS simulation\ANPC Final Version\anpc-3layer\Source\app\a
    4745                      .dwattr $C$DW$308, DW_AT_decl_line(0x30)
    4746                      .dwattr $C$DW$308, DW_AT_decl_column(0x0f)
    4747              
    4748              $C$DW$309       .dwtag  DW_TAG_member
    4749                      .dwattr $C$DW$309, DW_AT_type(*$C$DW$T$34)
    4750                      .dwattr $C$DW$309, DW_AT_name("Reserved7")
    4751                      .dwattr $C$DW$309, DW_AT_bit_offset(0x07)
    4752                      .dwattr $C$DW$309, DW_AT_bit_size(0x01)
    4753                      .dwattr $C$DW$309, DW_AT_accessibility(DW_ACCESS_public)
    4754                      .dwattr $C$DW$309, DW_AT_decl_file("C:\SIMPLIS simulation\ANPC Final Version\anpc-3layer\Source\app\a
    4755                      .dwattr $C$DW$309, DW_AT_decl_line(0x31)
    4756                      .dwattr $C$DW$309, DW_AT_decl_column(0x0f)
    4757              
    4758              $C$DW$310       .dwtag  DW_TAG_member
    4759                      .dwattr $C$DW$310, DW_AT_type(*$C$DW$T$34)
    4760                      .dwattr $C$DW$310, DW_AT_name("Reserved8")
    4761                      .dwattr $C$DW$310, DW_AT_bit_offset(0x06)
    4762                      .dwattr $C$DW$310, DW_AT_bit_size(0x01)
    4763                      .dwattr $C$DW$310, DW_AT_accessibility(DW_ACCESS_public)
    4764                      .dwattr $C$DW$310, DW_AT_decl_file("C:\SIMPLIS simulation\ANPC Final Version\anpc-3layer\Source\app\a
    4765                      .dwattr $C$DW$310, DW_AT_decl_line(0x32)
    4766                      .dwattr $C$DW$310, DW_AT_decl_column(0x0f)
    4767              
    4768              $C$DW$311       .dwtag  DW_TAG_member
    4769                      .dwattr $C$DW$311, DW_AT_type(*$C$DW$T$34)
    4770                      .dwattr $C$DW$311, DW_AT_name("Reserved9")
    4771                      .dwattr $C$DW$311, DW_AT_bit_offset(0x05)
    4772                      .dwattr $C$DW$311, DW_AT_bit_size(0x01)
    4773                      .dwattr $C$DW$311, DW_AT_accessibility(DW_ACCESS_public)
    4774                      .dwattr $C$DW$311, DW_AT_decl_file("C:\SIMPLIS simulation\ANPC Final Version\anpc-3layer\Source\app\a
    4775                      .dwattr $C$DW$311, DW_AT_decl_line(0x33)
    4776                      .dwattr $C$DW$311, DW_AT_decl_column(0x0f)
    4777              
    4778              $C$DW$312       .dwtag  DW_TAG_member
    4779                      .dwattr $C$DW$312, DW_AT_type(*$C$DW$T$34)
TMS320C2000 Assembler PC v22.6.2 Tue Nov 18 13:15:16 2025

Copyright (c) 1996-2018 Texas Instruments Incorporated
app_anpc_operation.asm                                               PAGE   94

    4780                      .dwattr $C$DW$312, DW_AT_name("Reserved10")
    4781                      .dwattr $C$DW$312, DW_AT_bit_offset(0x04)
    4782                      .dwattr $C$DW$312, DW_AT_bit_size(0x01)
    4783                      .dwattr $C$DW$312, DW_AT_accessibility(DW_ACCESS_public)
    4784                      .dwattr $C$DW$312, DW_AT_decl_file("C:\SIMPLIS simulation\ANPC Final Version\anpc-3layer\Source\app\a
    4785                      .dwattr $C$DW$312, DW_AT_decl_line(0x34)
    4786                      .dwattr $C$DW$312, DW_AT_decl_column(0x0f)
    4787              
    4788              $C$DW$313       .dwtag  DW_TAG_member
    4789                      .dwattr $C$DW$313, DW_AT_type(*$C$DW$T$34)
    4790                      .dwattr $C$DW$313, DW_AT_name("Reserved11")
    4791                      .dwattr $C$DW$313, DW_AT_bit_offset(0x03)
    4792                      .dwattr $C$DW$313, DW_AT_bit_size(0x01)
    4793                      .dwattr $C$DW$313, DW_AT_accessibility(DW_ACCESS_public)
    4794                      .dwattr $C$DW$313, DW_AT_decl_file("C:\SIMPLIS simulation\ANPC Final Version\anpc-3layer\Source\app\a
    4795                      .dwattr $C$DW$313, DW_AT_decl_line(0x35)
    4796                      .dwattr $C$DW$313, DW_AT_decl_column(0x0f)
    4797              
    4798              $C$DW$314       .dwtag  DW_TAG_member
    4799                      .dwattr $C$DW$314, DW_AT_type(*$C$DW$T$34)
    4800                      .dwattr $C$DW$314, DW_AT_name("Reserved12")
    4801                      .dwattr $C$DW$314, DW_AT_bit_offset(0x02)
    4802                      .dwattr $C$DW$314, DW_AT_bit_size(0x01)
    4803                      .dwattr $C$DW$314, DW_AT_accessibility(DW_ACCESS_public)
    4804                      .dwattr $C$DW$314, DW_AT_decl_file("C:\SIMPLIS simulation\ANPC Final Version\anpc-3layer\Source\app\a
    4805                      .dwattr $C$DW$314, DW_AT_decl_line(0x36)
    4806                      .dwattr $C$DW$314, DW_AT_decl_column(0x0f)
    4807              
    4808              $C$DW$315       .dwtag  DW_TAG_member
    4809                      .dwattr $C$DW$315, DW_AT_type(*$C$DW$T$34)
    4810                      .dwattr $C$DW$315, DW_AT_name("Reserved13")
    4811                      .dwattr $C$DW$315, DW_AT_bit_offset(0x01)
    4812                      .dwattr $C$DW$315, DW_AT_bit_size(0x01)
    4813                      .dwattr $C$DW$315, DW_AT_accessibility(DW_ACCESS_public)
    4814                      .dwattr $C$DW$315, DW_AT_decl_file("C:\SIMPLIS simulation\ANPC Final Version\anpc-3layer\Source\app\a
    4815                      .dwattr $C$DW$315, DW_AT_decl_line(0x37)
    4816                      .dwattr $C$DW$315, DW_AT_decl_column(0x0f)
    4817              
    4818              $C$DW$316       .dwtag  DW_TAG_member
    4819                      .dwattr $C$DW$316, DW_AT_type(*$C$DW$T$34)
    4820                      .dwattr $C$DW$316, DW_AT_name("Reserved14")
    4821                      .dwattr $C$DW$316, DW_AT_bit_offset(0x00)
    4822                      .dwattr $C$DW$316, DW_AT_bit_size(0x01)
    4823                      .dwattr $C$DW$316, DW_AT_accessibility(DW_ACCESS_public)
    4824                      .dwattr $C$DW$316, DW_AT_decl_file("C:\SIMPLIS simulation\ANPC Final Version\anpc-3layer\Source\app\a
    4825                      .dwattr $C$DW$316, DW_AT_decl_line(0x38)
    4826                      .dwattr $C$DW$316, DW_AT_decl_column(0x0f)
    4827              
    4828                      .dwattr $C$DW$T$35, DW_AT_decl_file("C:\SIMPLIS simulation\ANPC Final Version\anpc-3layer\Source\app\
    4829                      .dwattr $C$DW$T$35, DW_AT_decl_line(0x27)
    4830                      .dwattr $C$DW$T$35, DW_AT_decl_column(0x0c)
    4831                      .dwendtag $C$DW$T$35
    4832              
    4833                      .dwendtag $C$DW$TU$35
    4834              
TMS320C2000 Assembler PC v22.6.2 Tue Nov 18 13:15:16 2025

Copyright (c) 1996-2018 Texas Instruments Incorporated
app_anpc_operation.asm                                               PAGE   95

    4835              
    4836              $C$DW$TU$2      .dwtag  DW_TAG_type_unit
    4837                      .dwmtype  $C$DW$T$2
    4838              $C$DW$T$2       .dwtag  DW_TAG_unspecified_type
    4839                      .dwattr $C$DW$T$2, DW_AT_name("void")
    4840              
    4841                      .dwendtag $C$DW$TU$2
    4842              
    4843              
    4844              $C$DW$TU$4      .dwtag  DW_TAG_type_unit
    4845                      .dwmtype  $C$DW$T$4
    4846              $C$DW$T$4       .dwtag  DW_TAG_base_type
    4847                      .dwattr $C$DW$T$4, DW_AT_encoding(DW_ATE_boolean)
    4848                      .dwattr $C$DW$T$4, DW_AT_name("bool")
    4849                      .dwattr $C$DW$T$4, DW_AT_byte_size(0x01)
    4850              
    4851                      .dwendtag $C$DW$TU$4
    4852              
    4853              
    4854              $C$DW$TU$5      .dwtag  DW_TAG_type_unit
    4855                      .dwmtype  $C$DW$T$5
    4856              $C$DW$T$5       .dwtag  DW_TAG_base_type
    4857                      .dwattr $C$DW$T$5, DW_AT_encoding(DW_ATE_signed_char)
    4858                      .dwattr $C$DW$T$5, DW_AT_name("signed char")
    4859                      .dwattr $C$DW$T$5, DW_AT_byte_size(0x01)
    4860              
    4861                      .dwendtag $C$DW$TU$5
    4862              
    4863              
    4864              $C$DW$TU$6      .dwtag  DW_TAG_type_unit
    4865                      .dwmtype  $C$DW$T$6
    4866              $C$DW$T$6       .dwtag  DW_TAG_base_type
    4867                      .dwattr $C$DW$T$6, DW_AT_encoding(DW_ATE_unsigned_char)
    4868                      .dwattr $C$DW$T$6, DW_AT_name("unsigned char")
    4869                      .dwattr $C$DW$T$6, DW_AT_byte_size(0x01)
    4870              
    4871                      .dwendtag $C$DW$TU$6
    4872              
    4873              
    4874              $C$DW$TU$7      .dwtag  DW_TAG_type_unit
    4875                      .dwmtype  $C$DW$T$7
    4876              $C$DW$T$7       .dwtag  DW_TAG_base_type
    4877                      .dwattr $C$DW$T$7, DW_AT_encoding(DW_ATE_signed_char)
    4878                      .dwattr $C$DW$T$7, DW_AT_name("wchar_t")
    4879                      .dwattr $C$DW$T$7, DW_AT_byte_size(0x02)
    4880              
    4881                      .dwendtag $C$DW$TU$7
    4882              
    4883              
    4884              $C$DW$TU$8      .dwtag  DW_TAG_type_unit
    4885                      .dwmtype  $C$DW$T$8
    4886              $C$DW$T$8       .dwtag  DW_TAG_base_type
    4887                      .dwattr $C$DW$T$8, DW_AT_encoding(DW_ATE_signed)
    4888                      .dwattr $C$DW$T$8, DW_AT_name("short")
    4889                      .dwattr $C$DW$T$8, DW_AT_byte_size(0x01)
TMS320C2000 Assembler PC v22.6.2 Tue Nov 18 13:15:16 2025

Copyright (c) 1996-2018 Texas Instruments Incorporated
app_anpc_operation.asm                                               PAGE   96

    4890              
    4891                      .dwendtag $C$DW$TU$8
    4892              
    4893              
    4894              $C$DW$TU$9      .dwtag  DW_TAG_type_unit
    4895                      .dwmtype  $C$DW$T$9
    4896              $C$DW$T$9       .dwtag  DW_TAG_base_type
    4897                      .dwattr $C$DW$T$9, DW_AT_encoding(DW_ATE_unsigned)
    4898                      .dwattr $C$DW$T$9, DW_AT_name("unsigned short")
    4899                      .dwattr $C$DW$T$9, DW_AT_byte_size(0x01)
    4900              
    4901                      .dwendtag $C$DW$TU$9
    4902              
    4903              
    4904              $C$DW$TU$10     .dwtag  DW_TAG_type_unit
    4905                      .dwmtype  $C$DW$T$10
    4906              $C$DW$T$10      .dwtag  DW_TAG_base_type
    4907                      .dwattr $C$DW$T$10, DW_AT_encoding(DW_ATE_signed)
    4908                      .dwattr $C$DW$T$10, DW_AT_name("int")
    4909                      .dwattr $C$DW$T$10, DW_AT_byte_size(0x01)
    4910              
    4911                      .dwendtag $C$DW$TU$10
    4912              
    4913              
    4914              $C$DW$TU$11     .dwtag  DW_TAG_type_unit
    4915                      .dwmtype  $C$DW$T$11
    4916              $C$DW$T$11      .dwtag  DW_TAG_base_type
    4917                      .dwattr $C$DW$T$11, DW_AT_encoding(DW_ATE_unsigned)
    4918                      .dwattr $C$DW$T$11, DW_AT_name("unsigned int")
    4919                      .dwattr $C$DW$T$11, DW_AT_byte_size(0x01)
    4920              
    4921                      .dwendtag $C$DW$TU$11
    4922              
    4923              
    4924              $C$DW$TU$29     .dwtag  DW_TAG_type_unit
    4925                      .dwmtype  $C$DW$T$29
    4926              $C$DW$T$29      .dwtag  DW_TAG_typedef
    4927                      .dwattr $C$DW$T$29, DW_AT_name("__uint16_t")
    4928                      .dwattr $C$DW$T$29, DW_AT_type(*$C$DW$T$11)
    4929                      .dwattr $C$DW$T$29, DW_AT_decl_file("C:/ti/ccs2030/ccs/tools/compiler/ti-cgt-c2000_22.6.2.LTS/include
    4930                      .dwattr $C$DW$T$29, DW_AT_decl_line(0x41)
    4931                      .dwattr $C$DW$T$29, DW_AT_decl_column(0x1c)
    4932              
    4933                      .dwendtag $C$DW$TU$29
    4934              
    4935              
    4936              $C$DW$TU$30     .dwtag  DW_TAG_type_unit
    4937                      .dwmtype  $C$DW$T$30
    4938              $C$DW$T$30      .dwtag  DW_TAG_typedef
    4939                      .dwattr $C$DW$T$30, DW_AT_name("uint16_t")
    4940                      .dwattr $C$DW$T$30, DW_AT_type(*$C$DW$T$29)
    4941                      .dwattr $C$DW$T$30, DW_AT_decl_file("C:/ti/ccs2030/ccs/tools/compiler/ti-cgt-c2000_22.6.2.LTS/include
    4942                      .dwattr $C$DW$T$30, DW_AT_decl_line(0x41)
    4943                      .dwattr $C$DW$T$30, DW_AT_decl_column(0x15)
    4944              
TMS320C2000 Assembler PC v22.6.2 Tue Nov 18 13:15:16 2025

Copyright (c) 1996-2018 Texas Instruments Incorporated
app_anpc_operation.asm                                               PAGE   97

    4945                      .dwendtag $C$DW$TU$30
    4946              
    4947              
    4948              $C$DW$TU$34     .dwtag  DW_TAG_type_unit
    4949                      .dwmtype  $C$DW$T$34
    4950              $C$DW$T$34      .dwtag  DW_TAG_typedef
    4951                      .dwattr $C$DW$T$34, DW_AT_name("bit_t")
    4952                      .dwattr $C$DW$T$34, DW_AT_type(*$C$DW$T$11)
    4953                      .dwattr $C$DW$T$34, DW_AT_decl_file("C:\SIMPLIS simulation\ANPC Final Version\anpc-3layer\Source\app\
    4954                      .dwattr $C$DW$T$34, DW_AT_decl_line(0x26)
    4955                      .dwattr $C$DW$T$34, DW_AT_decl_column(0x19)
    4956              
    4957                      .dwendtag $C$DW$TU$34
    4958              
    4959              
    4960              $C$DW$TU$32     .dwtag  DW_TAG_type_unit
    4961                      .dwmtype  $C$DW$T$32
    4962              $C$DW$T$32      .dwtag  DW_TAG_typedef
    4963                      .dwattr $C$DW$T$32, DW_AT_name("word_t")
    4964                      .dwattr $C$DW$T$32, DW_AT_type(*$C$DW$T$11)
    4965                      .dwattr $C$DW$T$32, DW_AT_decl_file("C:\SIMPLIS simulation\ANPC Final Version\anpc-3layer\Source\app\
    4966                      .dwattr $C$DW$T$32, DW_AT_decl_line(0x28)
    4967                      .dwattr $C$DW$T$32, DW_AT_decl_column(0x19)
    4968              
    4969                      .dwendtag $C$DW$TU$32
    4970              
    4971              
    4972              $C$DW$TU$12     .dwtag  DW_TAG_type_unit
    4973                      .dwmtype  $C$DW$T$12
    4974              $C$DW$T$12      .dwtag  DW_TAG_base_type
    4975                      .dwattr $C$DW$T$12, DW_AT_encoding(DW_ATE_signed)
    4976                      .dwattr $C$DW$T$12, DW_AT_name("long")
    4977                      .dwattr $C$DW$T$12, DW_AT_byte_size(0x02)
    4978              
    4979                      .dwendtag $C$DW$TU$12
    4980              
    4981              
    4982              $C$DW$TU$13     .dwtag  DW_TAG_type_unit
    4983                      .dwmtype  $C$DW$T$13
    4984              $C$DW$T$13      .dwtag  DW_TAG_base_type
    4985                      .dwattr $C$DW$T$13, DW_AT_encoding(DW_ATE_unsigned)
    4986                      .dwattr $C$DW$T$13, DW_AT_name("unsigned long")
    4987                      .dwattr $C$DW$T$13, DW_AT_byte_size(0x02)
    4988              
    4989                      .dwendtag $C$DW$TU$13
    4990              
    4991              
    4992              $C$DW$TU$42     .dwtag  DW_TAG_type_unit
    4993                      .dwmtype  $C$DW$T$42
    4994              $C$DW$T$42      .dwtag  DW_TAG_typedef
    4995                      .dwattr $C$DW$T$42, DW_AT_name("__uint32_t")
    4996                      .dwattr $C$DW$T$42, DW_AT_type(*$C$DW$T$13)
    4997                      .dwattr $C$DW$T$42, DW_AT_decl_file("C:/ti/ccs2030/ccs/tools/compiler/ti-cgt-c2000_22.6.2.LTS/include
    4998                      .dwattr $C$DW$T$42, DW_AT_decl_line(0x43)
    4999                      .dwattr $C$DW$T$42, DW_AT_decl_column(0x1c)
TMS320C2000 Assembler PC v22.6.2 Tue Nov 18 13:15:16 2025

Copyright (c) 1996-2018 Texas Instruments Incorporated
app_anpc_operation.asm                                               PAGE   98

    5000              
    5001                      .dwendtag $C$DW$TU$42
    5002              
    5003              
    5004              $C$DW$TU$43     .dwtag  DW_TAG_type_unit
    5005                      .dwmtype  $C$DW$T$43
    5006              $C$DW$T$43      .dwtag  DW_TAG_typedef
    5007                      .dwattr $C$DW$T$43, DW_AT_name("uint32_t")
    5008                      .dwattr $C$DW$T$43, DW_AT_type(*$C$DW$T$42)
    5009                      .dwattr $C$DW$T$43, DW_AT_decl_file("C:/ti/ccs2030/ccs/tools/compiler/ti-cgt-c2000_22.6.2.LTS/include
    5010                      .dwattr $C$DW$T$43, DW_AT_decl_line(0x46)
    5011                      .dwattr $C$DW$T$43, DW_AT_decl_column(0x15)
    5012              
    5013                      .dwendtag $C$DW$TU$43
    5014              
    5015              
    5016              $C$DW$TU$14     .dwtag  DW_TAG_type_unit
    5017                      .dwmtype  $C$DW$T$14
    5018              $C$DW$T$14      .dwtag  DW_TAG_base_type
    5019                      .dwattr $C$DW$T$14, DW_AT_encoding(DW_ATE_signed)
    5020                      .dwattr $C$DW$T$14, DW_AT_name("long long")
    5021                      .dwattr $C$DW$T$14, DW_AT_byte_size(0x04)
    5022              
    5023                      .dwendtag $C$DW$TU$14
    5024              
    5025              
    5026              $C$DW$TU$15     .dwtag  DW_TAG_type_unit
    5027                      .dwmtype  $C$DW$T$15
    5028              $C$DW$T$15      .dwtag  DW_TAG_base_type
    5029                      .dwattr $C$DW$T$15, DW_AT_encoding(DW_ATE_unsigned)
    5030                      .dwattr $C$DW$T$15, DW_AT_name("unsigned long long")
    5031                      .dwattr $C$DW$T$15, DW_AT_byte_size(0x04)
    5032              
    5033                      .dwendtag $C$DW$TU$15
    5034              
    5035              
    5036              $C$DW$TU$16     .dwtag  DW_TAG_type_unit
    5037                      .dwmtype  $C$DW$T$16
    5038              $C$DW$T$16      .dwtag  DW_TAG_base_type
    5039                      .dwattr $C$DW$T$16, DW_AT_encoding(DW_ATE_float)
    5040                      .dwattr $C$DW$T$16, DW_AT_name("float")
    5041                      .dwattr $C$DW$T$16, DW_AT_byte_size(0x02)
    5042              
    5043                      .dwendtag $C$DW$TU$16
    5044              
    5045              
    5046              $C$DW$TU$56     .dwtag  DW_TAG_type_unit
    5047                      .dwmtype  $C$DW$T$56
    5048              $C$DW$317       .dwtag  DW_TAG_TI_far_type
    5049                      .dwattr $C$DW$317, DW_AT_type(*$C$DW$T$16)
    5050              
    5051              $C$DW$T$56      .dwtag  DW_TAG_const_type
    5052                      .dwattr $C$DW$T$56, DW_AT_type(*$C$DW$317)
    5053              
    5054                      .dwendtag $C$DW$TU$56
TMS320C2000 Assembler PC v22.6.2 Tue Nov 18 13:15:16 2025

Copyright (c) 1996-2018 Texas Instruments Incorporated
app_anpc_operation.asm                                               PAGE   99

    5055              
    5056              
    5057              $C$DW$TU$19     .dwtag  DW_TAG_type_unit
    5058                      .dwmtype  $C$DW$T$19
    5059              $C$DW$T$19      .dwtag  DW_TAG_typedef
    5060                      .dwattr $C$DW$T$19, DW_AT_name("float32_t")
    5061                      .dwattr $C$DW$T$19, DW_AT_type(*$C$DW$T$16)
    5062                      .dwattr $C$DW$T$19, DW_AT_decl_file("C:\SIMPLIS simulation\ANPC Final Version\anpc-3layer\TMS320F2800
    5063                      .dwattr $C$DW$T$19, DW_AT_decl_line(0x64)
    5064                      .dwattr $C$DW$T$19, DW_AT_decl_column(0x17)
    5065              
    5066                      .dwendtag $C$DW$TU$19
    5067              
    5068              
    5069              $C$DW$TU$22     .dwtag  DW_TAG_type_unit
    5070                      .dwmtype  $C$DW$T$22
    5071              
    5072              $C$DW$T$22      .dwtag  DW_TAG_array_type
    5073                      .dwattr $C$DW$T$22, DW_AT_type(*$C$DW$T$19)
    5074                      .dwattr $C$DW$T$22, DW_AT_byte_size(0x0a)
    5075              $C$DW$318       .dwtag  DW_TAG_subrange_type
    5076                      .dwattr $C$DW$318, DW_AT_upper_bound(0x04)
    5077              
    5078                      .dwendtag $C$DW$T$22
    5079              
    5080                      .dwendtag $C$DW$TU$22
    5081              
    5082              
    5083              $C$DW$TU$23     .dwtag  DW_TAG_type_unit
    5084                      .dwmtype  $C$DW$T$23
    5085              
    5086              $C$DW$T$23      .dwtag  DW_TAG_array_type
    5087                      .dwattr $C$DW$T$23, DW_AT_type(*$C$DW$T$19)
    5088                      .dwattr $C$DW$T$23, DW_AT_byte_size(0x1a)
    5089              $C$DW$319       .dwtag  DW_TAG_subrange_type
    5090                      .dwattr $C$DW$319, DW_AT_upper_bound(0x0c)
    5091              
    5092                      .dwendtag $C$DW$T$23
    5093              
    5094                      .dwendtag $C$DW$TU$23
    5095              
    5096              
    5097              $C$DW$TU$17     .dwtag  DW_TAG_type_unit
    5098                      .dwmtype  $C$DW$T$17
    5099              $C$DW$T$17      .dwtag  DW_TAG_base_type
    5100                      .dwattr $C$DW$T$17, DW_AT_encoding(DW_ATE_float)
    5101                      .dwattr $C$DW$T$17, DW_AT_name("double")
    5102                      .dwattr $C$DW$T$17, DW_AT_byte_size(0x04)
    5103              
    5104                      .dwendtag $C$DW$TU$17
    5105              
    5106              
    5107              $C$DW$TU$57     .dwtag  DW_TAG_type_unit
    5108                      .dwmtype  $C$DW$T$57
    5109              $C$DW$T$57      .dwtag  DW_TAG_pointer_type
TMS320C2000 Assembler PC v22.6.2 Tue Nov 18 13:15:16 2025

Copyright (c) 1996-2018 Texas Instruments Incorporated
app_anpc_operation.asm                                               PAGE  100

    5110                      .dwattr $C$DW$T$57, DW_AT_type(*$C$DW$T$17)
    5111                      .dwattr $C$DW$T$57, DW_AT_address_class(0x20)
    5112              
    5113                      .dwendtag $C$DW$TU$57
    5114              
    5115              
    5116              $C$DW$TU$58     .dwtag  DW_TAG_type_unit
    5117                      .dwmtype  $C$DW$T$58
    5118              $C$DW$320       .dwtag  DW_TAG_TI_far_type
    5119                      .dwattr $C$DW$320, DW_AT_type(*$C$DW$T$57)
    5120              
    5121              $C$DW$T$58      .dwtag  DW_TAG_const_type
    5122                      .dwattr $C$DW$T$58, DW_AT_type(*$C$DW$320)
    5123              
    5124                      .dwendtag $C$DW$TU$58
    5125              
    5126              
    5127              $C$DW$TU$18     .dwtag  DW_TAG_type_unit
    5128                      .dwmtype  $C$DW$T$18
    5129              $C$DW$T$18      .dwtag  DW_TAG_base_type
    5130                      .dwattr $C$DW$T$18, DW_AT_encoding(DW_ATE_float)
    5131                      .dwattr $C$DW$T$18, DW_AT_name("long double")
    5132                      .dwattr $C$DW$T$18, DW_AT_byte_size(0x04)
    5133              
    5134                      .dwendtag $C$DW$TU$18
    5135              
    5136              
    5137              $C$DW$TU$59     .dwtag  DW_TAG_type_unit
    5138                      .dwmtype  $C$DW$T$59
    5139              $C$DW$T$59      .dwtag  DW_TAG_pointer_type
    5140                      .dwattr $C$DW$T$59, DW_AT_type(*$C$DW$T$18)
    5141                      .dwattr $C$DW$T$59, DW_AT_address_class(0x20)
    5142              
    5143                      .dwendtag $C$DW$TU$59
    5144              
    5145              
    5146              $C$DW$TU$60     .dwtag  DW_TAG_type_unit
    5147                      .dwmtype  $C$DW$T$60
    5148              $C$DW$321       .dwtag  DW_TAG_TI_far_type
    5149                      .dwattr $C$DW$321, DW_AT_type(*$C$DW$T$59)
    5150              
    5151              $C$DW$T$60      .dwtag  DW_TAG_const_type
    5152                      .dwattr $C$DW$T$60, DW_AT_type(*$C$DW$321)
    5153              
    5154                      .dwendtag $C$DW$TU$60
    5155              
    5156              
    5157              $C$DW$TU$61     .dwtag  DW_TAG_type_unit
    5158                      .dwmtype  $C$DW$T$61
    5159              $C$DW$T$61      .dwtag  DW_TAG_base_type
    5160                      .dwattr $C$DW$T$61, DW_AT_encoding(DW_ATE_unsigned_char)
    5161                      .dwattr $C$DW$T$61, DW_AT_name("unsigned char")
    5162                      .dwattr $C$DW$T$61, DW_AT_byte_size(0x01)
    5163              
    5164                      .dwendtag $C$DW$TU$61
TMS320C2000 Assembler PC v22.6.2 Tue Nov 18 13:15:16 2025

Copyright (c) 1996-2018 Texas Instruments Incorporated
app_anpc_operation.asm                                               PAGE  101

    5165              
    5166              
    5167              $C$DW$TU$36     .dwtag  DW_TAG_type_unit
    5168                      .dwmtype  $C$DW$T$36
    5169              
    5170              $C$DW$T$36      .dwtag  DW_TAG_structure_type
    5171                      .dwattr $C$DW$T$36, DW_AT_name("dcl_pi")
    5172                      .dwattr $C$DW$T$36, DW_AT_byte_size(0x12)
    5173              $C$DW$322       .dwtag  DW_TAG_member
    5174                      .dwattr $C$DW$322, DW_AT_type(*$C$DW$T$19)
    5175                      .dwattr $C$DW$322, DW_AT_name("Kp")
    5176                      .dwattr $C$DW$322, DW_AT_accessibility(DW_ACCESS_public)
    5177                      .dwattr $C$DW$322, DW_AT_decl_file("C:/SIMPLIS simulation/ANPC Final Version/anpc-3layer/Source/app/m
    5178                      .dwattr $C$DW$322, DW_AT_decl_line(0x31)
    5179                      .dwattr $C$DW$322, DW_AT_decl_column(0x0f)
    5180              
    5181              $C$DW$323       .dwtag  DW_TAG_member
    5182                      .dwattr $C$DW$323, DW_AT_type(*$C$DW$T$19)
    5183                      .dwattr $C$DW$323, DW_AT_name("Ki")
    5184                      .dwattr $C$DW$323, DW_AT_data_member_location[DW_OP_plus_uconst 0x2]
    5185                      .dwattr $C$DW$323, DW_AT_accessibility(DW_ACCESS_public)
    5186                      .dwattr $C$DW$323, DW_AT_decl_file("C:/SIMPLIS simulation/ANPC Final Version/anpc-3layer/Source/app/m
    5187                      .dwattr $C$DW$323, DW_AT_decl_line(0x32)
    5188                      .dwattr $C$DW$323, DW_AT_decl_column(0x0f)
    5189              
    5190              $C$DW$324       .dwtag  DW_TAG_member
    5191                      .dwattr $C$DW$324, DW_AT_type(*$C$DW$T$19)
    5192                      .dwattr $C$DW$324, DW_AT_name("i10")
    5193                      .dwattr $C$DW$324, DW_AT_data_member_location[DW_OP_plus_uconst 0x4]
    5194                      .dwattr $C$DW$324, DW_AT_accessibility(DW_ACCESS_public)
    5195                      .dwattr $C$DW$324, DW_AT_decl_file("C:/SIMPLIS simulation/ANPC Final Version/anpc-3layer/Source/app/m
    5196                      .dwattr $C$DW$324, DW_AT_decl_line(0x33)
    5197                      .dwattr $C$DW$324, DW_AT_decl_column(0x0f)
    5198              
    5199              $C$DW$325       .dwtag  DW_TAG_member
    5200                      .dwattr $C$DW$325, DW_AT_type(*$C$DW$T$19)
    5201                      .dwattr $C$DW$325, DW_AT_name("Umax")
    5202                      .dwattr $C$DW$325, DW_AT_data_member_location[DW_OP_plus_uconst 0x6]
    5203                      .dwattr $C$DW$325, DW_AT_accessibility(DW_ACCESS_public)
    5204                      .dwattr $C$DW$325, DW_AT_decl_file("C:/SIMPLIS simulation/ANPC Final Version/anpc-3layer/Source/app/m
    5205                      .dwattr $C$DW$325, DW_AT_decl_line(0x34)
    5206                      .dwattr $C$DW$325, DW_AT_decl_column(0x0f)
    5207              
    5208              $C$DW$326       .dwtag  DW_TAG_member
    5209                      .dwattr $C$DW$326, DW_AT_type(*$C$DW$T$19)
    5210                      .dwattr $C$DW$326, DW_AT_name("Umin")
    5211                      .dwattr $C$DW$326, DW_AT_data_member_location[DW_OP_plus_uconst 0x8]
    5212                      .dwattr $C$DW$326, DW_AT_accessibility(DW_ACCESS_public)
    5213                      .dwattr $C$DW$326, DW_AT_decl_file("C:/SIMPLIS simulation/ANPC Final Version/anpc-3layer/Source/app/m
    5214                      .dwattr $C$DW$326, DW_AT_decl_line(0x35)
    5215                      .dwattr $C$DW$326, DW_AT_decl_column(0x0f)
    5216              
    5217              $C$DW$327       .dwtag  DW_TAG_member
    5218                      .dwattr $C$DW$327, DW_AT_type(*$C$DW$T$19)
    5219                      .dwattr $C$DW$327, DW_AT_name("i6")
TMS320C2000 Assembler PC v22.6.2 Tue Nov 18 13:15:16 2025

Copyright (c) 1996-2018 Texas Instruments Incorporated
app_anpc_operation.asm                                               PAGE  102

    5220                      .dwattr $C$DW$327, DW_AT_data_member_location[DW_OP_plus_uconst 0xa]
    5221                      .dwattr $C$DW$327, DW_AT_accessibility(DW_ACCESS_public)
    5222                      .dwattr $C$DW$327, DW_AT_decl_file("C:/SIMPLIS simulation/ANPC Final Version/anpc-3layer/Source/app/m
    5223                      .dwattr $C$DW$327, DW_AT_decl_line(0x36)
    5224                      .dwattr $C$DW$327, DW_AT_decl_column(0x0f)
    5225              
    5226              $C$DW$328       .dwtag  DW_TAG_member
    5227                      .dwattr $C$DW$328, DW_AT_type(*$C$DW$T$19)
    5228                      .dwattr $C$DW$328, DW_AT_name("i11")
    5229                      .dwattr $C$DW$328, DW_AT_data_member_location[DW_OP_plus_uconst 0xc]
    5230                      .dwattr $C$DW$328, DW_AT_accessibility(DW_ACCESS_public)
    5231                      .dwattr $C$DW$328, DW_AT_decl_file("C:/SIMPLIS simulation/ANPC Final Version/anpc-3layer/Source/app/m
    5232                      .dwattr $C$DW$328, DW_AT_decl_line(0x37)
    5233                      .dwattr $C$DW$328, DW_AT_decl_column(0x0f)
    5234              
    5235              $C$DW$329       .dwtag  DW_TAG_member
    5236                      .dwattr $C$DW$329, DW_AT_type(*$C$DW$T$19)
    5237                      .dwattr $C$DW$329, DW_AT_name("Imax")
    5238                      .dwattr $C$DW$329, DW_AT_data_member_location[DW_OP_plus_uconst 0xe]
    5239                      .dwattr $C$DW$329, DW_AT_accessibility(DW_ACCESS_public)
    5240                      .dwattr $C$DW$329, DW_AT_decl_file("C:/SIMPLIS simulation/ANPC Final Version/anpc-3layer/Source/app/m
    5241                      .dwattr $C$DW$329, DW_AT_decl_line(0x38)
    5242                      .dwattr $C$DW$329, DW_AT_decl_column(0x0f)
    5243              
    5244              $C$DW$330       .dwtag  DW_TAG_member
    5245                      .dwattr $C$DW$330, DW_AT_type(*$C$DW$T$19)
    5246                      .dwattr $C$DW$330, DW_AT_name("Imin")
    5247                      .dwattr $C$DW$330, DW_AT_data_member_location[DW_OP_plus_uconst 0x10]
    5248                      .dwattr $C$DW$330, DW_AT_accessibility(DW_ACCESS_public)
    5249                      .dwattr $C$DW$330, DW_AT_decl_file("C:/SIMPLIS simulation/ANPC Final Version/anpc-3layer/Source/app/m
    5250                      .dwattr $C$DW$330, DW_AT_decl_line(0x39)
    5251                      .dwattr $C$DW$330, DW_AT_decl_column(0x0f)
    5252              
    5253                      .dwattr $C$DW$T$36, DW_AT_decl_file("C:/SIMPLIS simulation/ANPC Final Version/anpc-3layer/Source/app/
    5254                      .dwattr $C$DW$T$36, DW_AT_decl_line(0x30)
    5255                      .dwattr $C$DW$T$36, DW_AT_decl_column(0x10)
    5256                      .dwendtag $C$DW$T$36
    5257              
    5258                      .dwendtag $C$DW$TU$36
    5259              
    5260              
    5261              $C$DW$TU$26     .dwtag  DW_TAG_type_unit
    5262                      .dwmtype  $C$DW$T$26
    5263              $C$DW$T$26      .dwtag  DW_TAG_typedef
    5264                      .dwattr $C$DW$T$26, DW_AT_name("digitCtrl_PI")
    5265                      .dwattr $C$DW$T$26, DW_AT_type(*$C$DW$T$36)
    5266                      .dwattr $C$DW$T$26, DW_AT_decl_file("C:/SIMPLIS simulation/ANPC Final Version/anpc-3layer/Source/app/
    5267                      .dwattr $C$DW$T$26, DW_AT_decl_line(0x3a)
    5268                      .dwattr $C$DW$T$26, DW_AT_decl_column(0x03)
    5269              
    5270                      .dwendtag $C$DW$TU$26
    5271              
    5272              
    5273              $C$DW$TU$37     .dwtag  DW_TAG_type_unit
    5274                      .dwmtype  $C$DW$T$37
TMS320C2000 Assembler PC v22.6.2 Tue Nov 18 13:15:16 2025

Copyright (c) 1996-2018 Texas Instruments Incorporated
app_anpc_operation.asm                                               PAGE  103

    5275              
    5276              $C$DW$T$37      .dwtag  DW_TAG_structure_type
    5277                      .dwattr $C$DW$T$37, DW_AT_name("dcl_pid")
    5278                      .dwattr $C$DW$T$37, DW_AT_byte_size(0x16)
    5279              $C$DW$331       .dwtag  DW_TAG_member
    5280                      .dwattr $C$DW$331, DW_AT_type(*$C$DW$T$19)
    5281                      .dwattr $C$DW$331, DW_AT_name("Kp")
    5282                      .dwattr $C$DW$331, DW_AT_accessibility(DW_ACCESS_public)
    5283                      .dwattr $C$DW$331, DW_AT_decl_file("C:/SIMPLIS simulation/ANPC Final Version/anpc-3layer/Source/app/m
    5284                      .dwattr $C$DW$331, DW_AT_decl_line(0x3d)
    5285                      .dwattr $C$DW$331, DW_AT_decl_column(0x0f)
    5286              
    5287              $C$DW$332       .dwtag  DW_TAG_member
    5288                      .dwattr $C$DW$332, DW_AT_type(*$C$DW$T$19)
    5289                      .dwattr $C$DW$332, DW_AT_name("Ki")
    5290                      .dwattr $C$DW$332, DW_AT_data_member_location[DW_OP_plus_uconst 0x2]
    5291                      .dwattr $C$DW$332, DW_AT_accessibility(DW_ACCESS_public)
    5292                      .dwattr $C$DW$332, DW_AT_decl_file("C:/SIMPLIS simulation/ANPC Final Version/anpc-3layer/Source/app/m
    5293                      .dwattr $C$DW$332, DW_AT_decl_line(0x3e)
    5294                      .dwattr $C$DW$332, DW_AT_decl_column(0x0f)
    5295              
    5296              $C$DW$333       .dwtag  DW_TAG_member
    5297                      .dwattr $C$DW$333, DW_AT_type(*$C$DW$T$19)
    5298                      .dwattr $C$DW$333, DW_AT_name("Kd")
    5299                      .dwattr $C$DW$333, DW_AT_data_member_location[DW_OP_plus_uconst 0x4]
    5300                      .dwattr $C$DW$333, DW_AT_accessibility(DW_ACCESS_public)
    5301                      .dwattr $C$DW$333, DW_AT_decl_file("C:/SIMPLIS simulation/ANPC Final Version/anpc-3layer/Source/app/m
    5302                      .dwattr $C$DW$333, DW_AT_decl_line(0x3f)
    5303                      .dwattr $C$DW$333, DW_AT_decl_column(0x0f)
    5304              
    5305              $C$DW$334       .dwtag  DW_TAG_member
    5306                      .dwattr $C$DW$334, DW_AT_type(*$C$DW$T$19)
    5307                      .dwattr $C$DW$334, DW_AT_name("c1")
    5308                      .dwattr $C$DW$334, DW_AT_data_member_location[DW_OP_plus_uconst 0x6]
    5309                      .dwattr $C$DW$334, DW_AT_accessibility(DW_ACCESS_public)
    5310                      .dwattr $C$DW$334, DW_AT_decl_file("C:/SIMPLIS simulation/ANPC Final Version/anpc-3layer/Source/app/m
    5311                      .dwattr $C$DW$334, DW_AT_decl_line(0x40)
    5312                      .dwattr $C$DW$334, DW_AT_decl_column(0x0f)
    5313              
    5314              $C$DW$335       .dwtag  DW_TAG_member
    5315                      .dwattr $C$DW$335, DW_AT_type(*$C$DW$T$19)
    5316                      .dwattr $C$DW$335, DW_AT_name("c2")
    5317                      .dwattr $C$DW$335, DW_AT_data_member_location[DW_OP_plus_uconst 0x8]
    5318                      .dwattr $C$DW$335, DW_AT_accessibility(DW_ACCESS_public)
    5319                      .dwattr $C$DW$335, DW_AT_decl_file("C:/SIMPLIS simulation/ANPC Final Version/anpc-3layer/Source/app/m
    5320                      .dwattr $C$DW$335, DW_AT_decl_line(0x41)
    5321                      .dwattr $C$DW$335, DW_AT_decl_column(0x0f)
    5322              
    5323              $C$DW$336       .dwtag  DW_TAG_member
    5324                      .dwattr $C$DW$336, DW_AT_type(*$C$DW$T$19)
    5325                      .dwattr $C$DW$336, DW_AT_name("d2")
    5326                      .dwattr $C$DW$336, DW_AT_data_member_location[DW_OP_plus_uconst 0xa]
    5327                      .dwattr $C$DW$336, DW_AT_accessibility(DW_ACCESS_public)
    5328                      .dwattr $C$DW$336, DW_AT_decl_file("C:/SIMPLIS simulation/ANPC Final Version/anpc-3layer/Source/app/m
    5329                      .dwattr $C$DW$336, DW_AT_decl_line(0x42)
TMS320C2000 Assembler PC v22.6.2 Tue Nov 18 13:15:16 2025

Copyright (c) 1996-2018 Texas Instruments Incorporated
app_anpc_operation.asm                                               PAGE  104

    5330                      .dwattr $C$DW$336, DW_AT_decl_column(0x0f)
    5331              
    5332              $C$DW$337       .dwtag  DW_TAG_member
    5333                      .dwattr $C$DW$337, DW_AT_type(*$C$DW$T$19)
    5334                      .dwattr $C$DW$337, DW_AT_name("d3")
    5335                      .dwattr $C$DW$337, DW_AT_data_member_location[DW_OP_plus_uconst 0xc]
    5336                      .dwattr $C$DW$337, DW_AT_accessibility(DW_ACCESS_public)
    5337                      .dwattr $C$DW$337, DW_AT_decl_file("C:/SIMPLIS simulation/ANPC Final Version/anpc-3layer/Source/app/m
    5338                      .dwattr $C$DW$337, DW_AT_decl_line(0x43)
    5339                      .dwattr $C$DW$337, DW_AT_decl_column(0x0f)
    5340              
    5341              $C$DW$338       .dwtag  DW_TAG_member
    5342                      .dwattr $C$DW$338, DW_AT_type(*$C$DW$T$19)
    5343                      .dwattr $C$DW$338, DW_AT_name("i10")
    5344                      .dwattr $C$DW$338, DW_AT_data_member_location[DW_OP_plus_uconst 0xe]
    5345                      .dwattr $C$DW$338, DW_AT_accessibility(DW_ACCESS_public)
    5346                      .dwattr $C$DW$338, DW_AT_decl_file("C:/SIMPLIS simulation/ANPC Final Version/anpc-3layer/Source/app/m
    5347                      .dwattr $C$DW$338, DW_AT_decl_line(0x44)
    5348                      .dwattr $C$DW$338, DW_AT_decl_column(0x0f)
    5349              
    5350              $C$DW$339       .dwtag  DW_TAG_member
    5351                      .dwattr $C$DW$339, DW_AT_type(*$C$DW$T$19)
    5352                      .dwattr $C$DW$339, DW_AT_name("i14")
    5353                      .dwattr $C$DW$339, DW_AT_data_member_location[DW_OP_plus_uconst 0x10]
    5354                      .dwattr $C$DW$339, DW_AT_accessibility(DW_ACCESS_public)
    5355                      .dwattr $C$DW$339, DW_AT_decl_file("C:/SIMPLIS simulation/ANPC Final Version/anpc-3layer/Source/app/m
    5356                      .dwattr $C$DW$339, DW_AT_decl_line(0x45)
    5357                      .dwattr $C$DW$339, DW_AT_decl_column(0x0f)
    5358              
    5359              $C$DW$340       .dwtag  DW_TAG_member
    5360                      .dwattr $C$DW$340, DW_AT_type(*$C$DW$T$19)
    5361                      .dwattr $C$DW$340, DW_AT_name("Umax")
    5362                      .dwattr $C$DW$340, DW_AT_data_member_location[DW_OP_plus_uconst 0x12]
    5363                      .dwattr $C$DW$340, DW_AT_accessibility(DW_ACCESS_public)
    5364                      .dwattr $C$DW$340, DW_AT_decl_file("C:/SIMPLIS simulation/ANPC Final Version/anpc-3layer/Source/app/m
    5365                      .dwattr $C$DW$340, DW_AT_decl_line(0x46)
    5366                      .dwattr $C$DW$340, DW_AT_decl_column(0x0f)
    5367              
    5368              $C$DW$341       .dwtag  DW_TAG_member
    5369                      .dwattr $C$DW$341, DW_AT_type(*$C$DW$T$19)
    5370                      .dwattr $C$DW$341, DW_AT_name("Umin")
    5371                      .dwattr $C$DW$341, DW_AT_data_member_location[DW_OP_plus_uconst 0x14]
    5372                      .dwattr $C$DW$341, DW_AT_accessibility(DW_ACCESS_public)
    5373                      .dwattr $C$DW$341, DW_AT_decl_file("C:/SIMPLIS simulation/ANPC Final Version/anpc-3layer/Source/app/m
    5374                      .dwattr $C$DW$341, DW_AT_decl_line(0x47)
    5375                      .dwattr $C$DW$341, DW_AT_decl_column(0x0f)
    5376              
    5377                      .dwattr $C$DW$T$37, DW_AT_decl_file("C:/SIMPLIS simulation/ANPC Final Version/anpc-3layer/Source/app/
    5378                      .dwattr $C$DW$T$37, DW_AT_decl_line(0x3c)
    5379                      .dwattr $C$DW$T$37, DW_AT_decl_column(0x10)
    5380                      .dwendtag $C$DW$T$37
    5381              
    5382                      .dwendtag $C$DW$TU$37
    5383              
    5384              
TMS320C2000 Assembler PC v22.6.2 Tue Nov 18 13:15:16 2025

Copyright (c) 1996-2018 Texas Instruments Incorporated
app_anpc_operation.asm                                               PAGE  105

    5385              $C$DW$TU$27     .dwtag  DW_TAG_type_unit
    5386                      .dwmtype  $C$DW$T$27
    5387              $C$DW$T$27      .dwtag  DW_TAG_typedef
    5388                      .dwattr $C$DW$T$27, DW_AT_name("digitCtrl_PID")
    5389                      .dwattr $C$DW$T$27, DW_AT_type(*$C$DW$T$37)
    5390                      .dwattr $C$DW$T$27, DW_AT_decl_file("C:/SIMPLIS simulation/ANPC Final Version/anpc-3layer/Source/app/
    5391                      .dwattr $C$DW$T$27, DW_AT_decl_line(0x48)
    5392                      .dwattr $C$DW$T$27, DW_AT_decl_column(0x03)
    5393              
    5394                      .dwendtag $C$DW$TU$27
    5395              

No Assembly Errors, No Assembly Warnings
