TMS320C2000 Assembler PC v22.6.0 Mon Apr 21 09:04:20 2025

Copyright (c) 1996-2018 Texas Instruments Incorporated
app_protection.asm                                                   PAGE    1

       1              ;***************************************************************
       2              ;* TMS320C2000 G3 C/C++ Codegen                               PC v22.6.0.LTS *
       3              ;* Date/Time created: Mon Apr 21 09:04:20 2025                 *
       4              ;***************************************************************
       5                      .compiler_opts --abi=eabi --cla_support=cla2 --diag_wrap=off --float_support=fpu32 --hll_source=on --
       6                      .asg    XAR2, FP
       7              
       8              $C$DW$CU        .dwtag  DW_TAG_compile_unit
       9                      .dwattr $C$DW$CU, DW_AT_name("D:/15_Delta/14. ANPC Converter/ANPC_3Layer/Source/app/app_protection.c"
      10                      .dwattr $C$DW$CU, DW_AT_producer("TI TMS320C2000 G3 C/C++ Codegen PC v22.6.0.LTS Copyright (c) 1996-2
      11                      .dwattr $C$DW$CU, DW_AT_TI_version(0x01)
      12                      .dwattr $C$DW$CU, DW_AT_comp_dir("D:\15_Delta\14. ANPC Converter\ANPC_3Layer\TMS320F280049C\RELEASE")
      13              
      14              $C$DW$1 .dwtag  DW_TAG_subprogram
      15                      .dwattr $C$DW$1, DW_AT_name("event_EventIsMatch")
      16                      .dwattr $C$DW$1, DW_AT_linkage_name("event_EventIsMatch")
      17                      .dwattr $C$DW$1, DW_AT_declaration
      18                      .dwattr $C$DW$1, DW_AT_external
      19                      .dwattr $C$DW$1, DW_AT_decl_file("D:\15_Delta\14. ANPC Converter\ANPC_3Layer\Source\app\app_event.h")
      20                      .dwattr $C$DW$1, DW_AT_decl_line(0x47)
      21                      .dwattr $C$DW$1, DW_AT_decl_column(0x06)
      22              $C$DW$2 .dwtag  DW_TAG_formal_parameter
      23                      .dwattr $C$DW$2, DW_AT_type(*$C$DW$T$48)
      24              
      25              $C$DW$3 .dwtag  DW_TAG_formal_parameter
      26                      .dwattr $C$DW$3, DW_AT_type(*$C$DW$T$29)
      27              
      28              $C$DW$4 .dwtag  DW_TAG_formal_parameter
      29                      .dwattr $C$DW$4, DW_AT_type(*$C$DW$T$29)
      30              
      31                      .dwendtag $C$DW$1
      32              
      33              
      34              $C$DW$5 .dwtag  DW_TAG_subprogram
      35                      .dwattr $C$DW$5, DW_AT_name("state_ReportEvent")
      36                      .dwattr $C$DW$5, DW_AT_linkage_name("state_ReportEvent")
      37                      .dwattr $C$DW$5, DW_AT_declaration
      38                      .dwattr $C$DW$5, DW_AT_external
      39                      .dwattr $C$DW$5, DW_AT_decl_file("D:\15_Delta\14. ANPC Converter\ANPC_3Layer\Source\app\app_state.h")
      40                      .dwattr $C$DW$5, DW_AT_decl_line(0x46)
      41                      .dwattr $C$DW$5, DW_AT_decl_column(0x06)
      42              $C$DW$6 .dwtag  DW_TAG_formal_parameter
      43                      .dwattr $C$DW$6, DW_AT_type(*$C$DW$T$35)
      44              
      45                      .dwendtag $C$DW$5
      46              
      47              $C$DW$7 .dwtag  DW_TAG_variable
      48                      .dwattr $C$DW$7, DW_AT_name("EvtIsHpn")
      49                      .dwattr $C$DW$7, DW_AT_linkage_name("EvtIsHpn")
      50                      .dwattr $C$DW$7, DW_AT_type(*$C$DW$T$24)
      51                      .dwattr $C$DW$7, DW_AT_declaration
      52                      .dwattr $C$DW$7, DW_AT_external
      53                      .dwattr $C$DW$7, DW_AT_decl_file("D:\15_Delta\14. ANPC Converter\ANPC_3Layer\Source\app\app_event.h")
      54                      .dwattr $C$DW$7, DW_AT_decl_line(0x3f)
      55                      .dwattr $C$DW$7, DW_AT_decl_column(0x0e)
TMS320C2000 Assembler PC v22.6.0 Mon Apr 21 09:04:20 2025

Copyright (c) 1996-2018 Texas Instruments Incorporated
app_protection.asm                                                   PAGE    2

      56              
      57              $C$DW$8 .dwtag  DW_TAG_variable
      58                      .dwattr $C$DW$8, DW_AT_name("EvtIsRvy")
      59                      .dwattr $C$DW$8, DW_AT_linkage_name("EvtIsRvy")
      60                      .dwattr $C$DW$8, DW_AT_type(*$C$DW$T$24)
      61                      .dwattr $C$DW$8, DW_AT_declaration
      62                      .dwattr $C$DW$8, DW_AT_external
      63                      .dwattr $C$DW$8, DW_AT_decl_file("D:\15_Delta\14. ANPC Converter\ANPC_3Layer\Source\app\app_event.h")
      64                      .dwattr $C$DW$8, DW_AT_decl_line(0x40)
      65                      .dwattr $C$DW$8, DW_AT_decl_column(0x0e)
      66              
      67                      .global ||Vgrid_swOVP_count||
      68 00000000               .data
      69                      .align  1
      70                      .elfsym ||Vgrid_swOVP_count||,SYM_SIZE(1),SYM_BLOCKED(1)
      71 00000000       ||Vgrid_swOVP_count||:
      72 00000000 0000          .bits           0,16
      73                                      ; Vgrid_swOVP_count.word @ 0
      74              
      75              $C$DW$9 .dwtag  DW_TAG_variable
      76                      .dwattr $C$DW$9, DW_AT_name("Vgrid_swOVP_count")
      77                      .dwattr $C$DW$9, DW_AT_linkage_name("Vgrid_swOVP_count")
      78                      .dwattr $C$DW$9, DW_AT_location[DW_OP_addr ||Vgrid_swOVP_count||]
      79                      .dwattr $C$DW$9, DW_AT_type(*$C$DW$T$40)
      80                      .dwattr $C$DW$9, DW_AT_external
      81                      .dwattr $C$DW$9, DW_AT_decl_file("D:/15_Delta/14. ANPC Converter/ANPC_3Layer/Source/app/app_protectio
      82                      .dwattr $C$DW$9, DW_AT_decl_line(0x1e)
      83                      .dwattr $C$DW$9, DW_AT_decl_column(0x0c)
      84              
      85                      .global ||VgridA_swUVP_count||
      86 00000001               .data
      87                      .align  1
      88                      .elfsym ||VgridA_swUVP_count||,SYM_SIZE(1),SYM_BLOCKED(1)
      89 00000001       ||VgridA_swUVP_count||:
      90 00000001 0000          .bits           0,16
      91                                      ; VgridA_swUVP_count.word @ 0
      92              
      93              $C$DW$10        .dwtag  DW_TAG_variable
      94                      .dwattr $C$DW$10, DW_AT_name("VgridA_swUVP_count")
      95                      .dwattr $C$DW$10, DW_AT_linkage_name("VgridA_swUVP_count")
      96                      .dwattr $C$DW$10, DW_AT_location[DW_OP_addr ||VgridA_swUVP_count||]
      97                      .dwattr $C$DW$10, DW_AT_type(*$C$DW$T$40)
      98                      .dwattr $C$DW$10, DW_AT_external
      99                      .dwattr $C$DW$10, DW_AT_decl_file("D:/15_Delta/14. ANPC Converter/ANPC_3Layer/Source/app/app_protecti
     100                      .dwattr $C$DW$10, DW_AT_decl_line(0x1f)
     101                      .dwattr $C$DW$10, DW_AT_decl_column(0x0c)
     102              
     103                      .global ||VgridB_swUVP_count||
     104 00000002               .data
     105                      .align  1
     106                      .elfsym ||VgridB_swUVP_count||,SYM_SIZE(1),SYM_BLOCKED(1)
     107 00000002       ||VgridB_swUVP_count||:
     108 00000002 0000          .bits           0,16
     109                                      ; VgridB_swUVP_count.word @ 0
     110              
TMS320C2000 Assembler PC v22.6.0 Mon Apr 21 09:04:20 2025

Copyright (c) 1996-2018 Texas Instruments Incorporated
app_protection.asm                                                   PAGE    3

     111              $C$DW$11        .dwtag  DW_TAG_variable
     112                      .dwattr $C$DW$11, DW_AT_name("VgridB_swUVP_count")
     113                      .dwattr $C$DW$11, DW_AT_linkage_name("VgridB_swUVP_count")
     114                      .dwattr $C$DW$11, DW_AT_location[DW_OP_addr ||VgridB_swUVP_count||]
     115                      .dwattr $C$DW$11, DW_AT_type(*$C$DW$T$40)
     116                      .dwattr $C$DW$11, DW_AT_external
     117                      .dwattr $C$DW$11, DW_AT_decl_file("D:/15_Delta/14. ANPC Converter/ANPC_3Layer/Source/app/app_protecti
     118                      .dwattr $C$DW$11, DW_AT_decl_line(0x20)
     119                      .dwattr $C$DW$11, DW_AT_decl_column(0x0c)
     120              
     121                      .global ||VgridC_swUVP_count||
     122 00000003               .data
     123                      .align  1
     124                      .elfsym ||VgridC_swUVP_count||,SYM_SIZE(1),SYM_BLOCKED(1)
     125 00000003       ||VgridC_swUVP_count||:
     126 00000003 0000          .bits           0,16
     127                                      ; VgridC_swUVP_count.word @ 0
     128              
     129              $C$DW$12        .dwtag  DW_TAG_variable
     130                      .dwattr $C$DW$12, DW_AT_name("VgridC_swUVP_count")
     131                      .dwattr $C$DW$12, DW_AT_linkage_name("VgridC_swUVP_count")
     132                      .dwattr $C$DW$12, DW_AT_location[DW_OP_addr ||VgridC_swUVP_count||]
     133                      .dwattr $C$DW$12, DW_AT_type(*$C$DW$T$40)
     134                      .dwattr $C$DW$12, DW_AT_external
     135                      .dwattr $C$DW$12, DW_AT_decl_file("D:/15_Delta/14. ANPC Converter/ANPC_3Layer/Source/app/app_protecti
     136                      .dwattr $C$DW$12, DW_AT_decl_line(0x21)
     137                      .dwattr $C$DW$12, DW_AT_decl_column(0x0c)
     138              
     139                      .global ||Vgrid_swFreqH_count||
     140 00000004               .data
     141                      .align  1
     142                      .elfsym ||Vgrid_swFreqH_count||,SYM_SIZE(1),SYM_BLOCKED(1)
     143 00000004       ||Vgrid_swFreqH_count||:
     144 00000004 0000          .bits           0,16
     145                                      ; Vgrid_swFreqH_count.word @ 0
     146              
     147              $C$DW$13        .dwtag  DW_TAG_variable
     148                      .dwattr $C$DW$13, DW_AT_name("Vgrid_swFreqH_count")
     149                      .dwattr $C$DW$13, DW_AT_linkage_name("Vgrid_swFreqH_count")
     150                      .dwattr $C$DW$13, DW_AT_location[DW_OP_addr ||Vgrid_swFreqH_count||]
     151                      .dwattr $C$DW$13, DW_AT_type(*$C$DW$T$40)
     152                      .dwattr $C$DW$13, DW_AT_external
     153                      .dwattr $C$DW$13, DW_AT_decl_file("D:/15_Delta/14. ANPC Converter/ANPC_3Layer/Source/app/app_protecti
     154                      .dwattr $C$DW$13, DW_AT_decl_line(0x22)
     155                      .dwattr $C$DW$13, DW_AT_decl_column(0x0c)
     156              
     157                      .global ||Vgrid_swFreqL_count||
     158 00000005               .data
     159                      .align  1
     160                      .elfsym ||Vgrid_swFreqL_count||,SYM_SIZE(1),SYM_BLOCKED(1)
     161 00000005       ||Vgrid_swFreqL_count||:
     162 00000005 0000          .bits           0,16
     163                                      ; Vgrid_swFreqL_count.word @ 0
     164              
     165              $C$DW$14        .dwtag  DW_TAG_variable
TMS320C2000 Assembler PC v22.6.0 Mon Apr 21 09:04:20 2025

Copyright (c) 1996-2018 Texas Instruments Incorporated
app_protection.asm                                                   PAGE    4

     166                      .dwattr $C$DW$14, DW_AT_name("Vgrid_swFreqL_count")
     167                      .dwattr $C$DW$14, DW_AT_linkage_name("Vgrid_swFreqL_count")
     168                      .dwattr $C$DW$14, DW_AT_location[DW_OP_addr ||Vgrid_swFreqL_count||]
     169                      .dwattr $C$DW$14, DW_AT_type(*$C$DW$T$40)
     170                      .dwattr $C$DW$14, DW_AT_external
     171                      .dwattr $C$DW$14, DW_AT_decl_file("D:/15_Delta/14. ANPC Converter/ANPC_3Layer/Source/app/app_protecti
     172                      .dwattr $C$DW$14, DW_AT_decl_line(0x23)
     173                      .dwattr $C$DW$14, DW_AT_decl_column(0x0c)
     174              
     175                      .global ||Vbusp_swOVP_count||
     176 00000006               .data
     177                      .align  1
     178                      .elfsym ||Vbusp_swOVP_count||,SYM_SIZE(1),SYM_BLOCKED(1)
     179 00000006       ||Vbusp_swOVP_count||:
     180 00000006 0000          .bits           0,16
     181                                      ; Vbusp_swOVP_count.word @ 0
     182              
     183              $C$DW$15        .dwtag  DW_TAG_variable
     184                      .dwattr $C$DW$15, DW_AT_name("Vbusp_swOVP_count")
     185                      .dwattr $C$DW$15, DW_AT_linkage_name("Vbusp_swOVP_count")
     186                      .dwattr $C$DW$15, DW_AT_location[DW_OP_addr ||Vbusp_swOVP_count||]
     187                      .dwattr $C$DW$15, DW_AT_type(*$C$DW$T$40)
     188                      .dwattr $C$DW$15, DW_AT_external
     189                      .dwattr $C$DW$15, DW_AT_decl_file("D:/15_Delta/14. ANPC Converter/ANPC_3Layer/Source/app/app_protecti
     190                      .dwattr $C$DW$15, DW_AT_decl_line(0x24)
     191                      .dwattr $C$DW$15, DW_AT_decl_column(0x0c)
     192              
     193                      .global ||Vbusn_swOVP_count||
     194 00000007               .data
     195                      .align  1
     196                      .elfsym ||Vbusn_swOVP_count||,SYM_SIZE(1),SYM_BLOCKED(1)
     197 00000007       ||Vbusn_swOVP_count||:
     198 00000007 0000          .bits           0,16
     199                                      ; Vbusn_swOVP_count.word @ 0
     200              
     201              $C$DW$16        .dwtag  DW_TAG_variable
     202                      .dwattr $C$DW$16, DW_AT_name("Vbusn_swOVP_count")
     203                      .dwattr $C$DW$16, DW_AT_linkage_name("Vbusn_swOVP_count")
     204                      .dwattr $C$DW$16, DW_AT_location[DW_OP_addr ||Vbusn_swOVP_count||]
     205                      .dwattr $C$DW$16, DW_AT_type(*$C$DW$T$40)
     206                      .dwattr $C$DW$16, DW_AT_external
     207                      .dwattr $C$DW$16, DW_AT_decl_file("D:/15_Delta/14. ANPC Converter/ANPC_3Layer/Source/app/app_protecti
     208                      .dwattr $C$DW$16, DW_AT_decl_line(0x25)
     209                      .dwattr $C$DW$16, DW_AT_decl_column(0x0c)
     210              
     211                      .global ||Vbusp_swUVP_count||
     212 00000008               .data
     213                      .align  1
     214                      .elfsym ||Vbusp_swUVP_count||,SYM_SIZE(1),SYM_BLOCKED(1)
     215 00000008       ||Vbusp_swUVP_count||:
     216 00000008 0000          .bits           0,16
     217                                      ; Vbusp_swUVP_count.word @ 0
     218              
     219              $C$DW$17        .dwtag  DW_TAG_variable
     220                      .dwattr $C$DW$17, DW_AT_name("Vbusp_swUVP_count")
TMS320C2000 Assembler PC v22.6.0 Mon Apr 21 09:04:20 2025

Copyright (c) 1996-2018 Texas Instruments Incorporated
app_protection.asm                                                   PAGE    5

     221                      .dwattr $C$DW$17, DW_AT_linkage_name("Vbusp_swUVP_count")
     222                      .dwattr $C$DW$17, DW_AT_location[DW_OP_addr ||Vbusp_swUVP_count||]
     223                      .dwattr $C$DW$17, DW_AT_type(*$C$DW$T$40)
     224                      .dwattr $C$DW$17, DW_AT_external
     225                      .dwattr $C$DW$17, DW_AT_decl_file("D:/15_Delta/14. ANPC Converter/ANPC_3Layer/Source/app/app_protecti
     226                      .dwattr $C$DW$17, DW_AT_decl_line(0x26)
     227                      .dwattr $C$DW$17, DW_AT_decl_column(0x0c)
     228              
     229                      .global ||Vbusn_swUVP_count||
     230 00000009               .data
     231                      .align  1
     232                      .elfsym ||Vbusn_swUVP_count||,SYM_SIZE(1),SYM_BLOCKED(1)
     233 00000009       ||Vbusn_swUVP_count||:
     234 00000009 0000          .bits           0,16
     235                                      ; Vbusn_swUVP_count.word @ 0
     236              
     237              $C$DW$18        .dwtag  DW_TAG_variable
     238                      .dwattr $C$DW$18, DW_AT_name("Vbusn_swUVP_count")
     239                      .dwattr $C$DW$18, DW_AT_linkage_name("Vbusn_swUVP_count")
     240                      .dwattr $C$DW$18, DW_AT_location[DW_OP_addr ||Vbusn_swUVP_count||]
     241                      .dwattr $C$DW$18, DW_AT_type(*$C$DW$T$40)
     242                      .dwattr $C$DW$18, DW_AT_external
     243                      .dwattr $C$DW$18, DW_AT_decl_file("D:/15_Delta/14. ANPC Converter/ANPC_3Layer/Source/app/app_protecti
     244                      .dwattr $C$DW$18, DW_AT_decl_line(0x27)
     245                      .dwattr $C$DW$18, DW_AT_decl_column(0x0c)
     246              
     247                      .global ||IA_hwOCP_count||
     248 0000000a               .data
     249                      .align  1
     250                      .elfsym ||IA_hwOCP_count||,SYM_SIZE(1),SYM_BLOCKED(1)
     251 0000000a       ||IA_hwOCP_count||:
     252 0000000a 0000          .bits           0,16
     253                                      ; IA_hwOCP_count.word @ 0
     254              
     255              $C$DW$19        .dwtag  DW_TAG_variable
     256                      .dwattr $C$DW$19, DW_AT_name("IA_hwOCP_count")
     257                      .dwattr $C$DW$19, DW_AT_linkage_name("IA_hwOCP_count")
     258                      .dwattr $C$DW$19, DW_AT_location[DW_OP_addr ||IA_hwOCP_count||]
     259                      .dwattr $C$DW$19, DW_AT_type(*$C$DW$T$40)
     260                      .dwattr $C$DW$19, DW_AT_external
     261                      .dwattr $C$DW$19, DW_AT_decl_file("D:/15_Delta/14. ANPC Converter/ANPC_3Layer/Source/app/app_protecti
     262                      .dwattr $C$DW$19, DW_AT_decl_line(0x28)
     263                      .dwattr $C$DW$19, DW_AT_decl_column(0x0c)
     264              
     265                      .global ||IB_hwOCP_count||
     266 0000000b               .data
     267                      .align  1
     268                      .elfsym ||IB_hwOCP_count||,SYM_SIZE(1),SYM_BLOCKED(1)
     269 0000000b       ||IB_hwOCP_count||:
     270 0000000b 0000          .bits           0,16
     271                                      ; IB_hwOCP_count.word @ 0
     272              
     273              $C$DW$20        .dwtag  DW_TAG_variable
     274                      .dwattr $C$DW$20, DW_AT_name("IB_hwOCP_count")
     275                      .dwattr $C$DW$20, DW_AT_linkage_name("IB_hwOCP_count")
TMS320C2000 Assembler PC v22.6.0 Mon Apr 21 09:04:20 2025

Copyright (c) 1996-2018 Texas Instruments Incorporated
app_protection.asm                                                   PAGE    6

     276                      .dwattr $C$DW$20, DW_AT_location[DW_OP_addr ||IB_hwOCP_count||]
     277                      .dwattr $C$DW$20, DW_AT_type(*$C$DW$T$40)
     278                      .dwattr $C$DW$20, DW_AT_external
     279                      .dwattr $C$DW$20, DW_AT_decl_file("D:/15_Delta/14. ANPC Converter/ANPC_3Layer/Source/app/app_protecti
     280                      .dwattr $C$DW$20, DW_AT_decl_line(0x29)
     281                      .dwattr $C$DW$20, DW_AT_decl_column(0x0c)
     282              
     283                      .global ||IC_hwOCP_count||
     284 0000000c               .data
     285                      .align  1
     286                      .elfsym ||IC_hwOCP_count||,SYM_SIZE(1),SYM_BLOCKED(1)
     287 0000000c       ||IC_hwOCP_count||:
     288 0000000c 0000          .bits           0,16
     289                                      ; IC_hwOCP_count.word @ 0
     290              
     291              $C$DW$21        .dwtag  DW_TAG_variable
     292                      .dwattr $C$DW$21, DW_AT_name("IC_hwOCP_count")
     293                      .dwattr $C$DW$21, DW_AT_linkage_name("IC_hwOCP_count")
     294                      .dwattr $C$DW$21, DW_AT_location[DW_OP_addr ||IC_hwOCP_count||]
     295                      .dwattr $C$DW$21, DW_AT_type(*$C$DW$T$40)
     296                      .dwattr $C$DW$21, DW_AT_external
     297                      .dwattr $C$DW$21, DW_AT_decl_file("D:/15_Delta/14. ANPC Converter/ANPC_3Layer/Source/app/app_protecti
     298                      .dwattr $C$DW$21, DW_AT_decl_line(0x2a)
     299                      .dwattr $C$DW$21, DW_AT_decl_column(0x0c)
     300              
     301                      .global ||TempA_swOTP_count||
     302 0000000d               .data
     303                      .align  1
     304                      .elfsym ||TempA_swOTP_count||,SYM_SIZE(1),SYM_BLOCKED(1)
     305 0000000d       ||TempA_swOTP_count||:
     306 0000000d 0000          .bits           0,16
     307                                      ; TempA_swOTP_count.word @ 0
     308              
     309              $C$DW$22        .dwtag  DW_TAG_variable
     310                      .dwattr $C$DW$22, DW_AT_name("TempA_swOTP_count")
     311                      .dwattr $C$DW$22, DW_AT_linkage_name("TempA_swOTP_count")
     312                      .dwattr $C$DW$22, DW_AT_location[DW_OP_addr ||TempA_swOTP_count||]
     313                      .dwattr $C$DW$22, DW_AT_type(*$C$DW$T$40)
     314                      .dwattr $C$DW$22, DW_AT_external
     315                      .dwattr $C$DW$22, DW_AT_decl_file("D:/15_Delta/14. ANPC Converter/ANPC_3Layer/Source/app/app_protecti
     316                      .dwattr $C$DW$22, DW_AT_decl_line(0x2b)
     317                      .dwattr $C$DW$22, DW_AT_decl_column(0x0c)
     318              
     319                      .global ||TempB_swOTP_count||
     320 0000000e               .data
     321                      .align  1
     322                      .elfsym ||TempB_swOTP_count||,SYM_SIZE(1),SYM_BLOCKED(1)
     323 0000000e       ||TempB_swOTP_count||:
     324 0000000e 0000          .bits           0,16
     325                                      ; TempB_swOTP_count.word @ 0
     326              
     327              $C$DW$23        .dwtag  DW_TAG_variable
     328                      .dwattr $C$DW$23, DW_AT_name("TempB_swOTP_count")
     329                      .dwattr $C$DW$23, DW_AT_linkage_name("TempB_swOTP_count")
     330                      .dwattr $C$DW$23, DW_AT_location[DW_OP_addr ||TempB_swOTP_count||]
TMS320C2000 Assembler PC v22.6.0 Mon Apr 21 09:04:20 2025

Copyright (c) 1996-2018 Texas Instruments Incorporated
app_protection.asm                                                   PAGE    7

     331                      .dwattr $C$DW$23, DW_AT_type(*$C$DW$T$40)
     332                      .dwattr $C$DW$23, DW_AT_external
     333                      .dwattr $C$DW$23, DW_AT_decl_file("D:/15_Delta/14. ANPC Converter/ANPC_3Layer/Source/app/app_protecti
     334                      .dwattr $C$DW$23, DW_AT_decl_line(0x2c)
     335                      .dwattr $C$DW$23, DW_AT_decl_column(0x0c)
     336              
     337                      .global ||TempC_swOTP_count||
     338 0000000f               .data
     339                      .align  1
     340                      .elfsym ||TempC_swOTP_count||,SYM_SIZE(1),SYM_BLOCKED(1)
     341 0000000f       ||TempC_swOTP_count||:
     342 0000000f 0000          .bits           0,16
     343                                      ; TempC_swOTP_count.word @ 0
     344              
     345              $C$DW$24        .dwtag  DW_TAG_variable
     346                      .dwattr $C$DW$24, DW_AT_name("TempC_swOTP_count")
     347                      .dwattr $C$DW$24, DW_AT_linkage_name("TempC_swOTP_count")
     348                      .dwattr $C$DW$24, DW_AT_location[DW_OP_addr ||TempC_swOTP_count||]
     349                      .dwattr $C$DW$24, DW_AT_type(*$C$DW$T$40)
     350                      .dwattr $C$DW$24, DW_AT_external
     351                      .dwattr $C$DW$24, DW_AT_decl_file("D:/15_Delta/14. ANPC Converter/ANPC_3Layer/Source/app/app_protecti
     352                      .dwattr $C$DW$24, DW_AT_decl_line(0x2d)
     353                      .dwattr $C$DW$24, DW_AT_decl_column(0x0c)
     354              
     355                      .global ||Vgrid_swOVP_Hpntrigger||
     356 00000010               .data
     357                      .align  1
     358                      .elfsym ||Vgrid_swOVP_Hpntrigger||,SYM_SIZE(1),SYM_BLOCKED(1)
     359 00000010       ||Vgrid_swOVP_Hpntrigger||:
     360 00000010 0000          .bits           0,16
     361                                      ; Vgrid_swOVP_Hpntrigger @ 0
     362              
     363              $C$DW$25        .dwtag  DW_TAG_variable
     364                      .dwattr $C$DW$25, DW_AT_name("Vgrid_swOVP_Hpntrigger")
     365                      .dwattr $C$DW$25, DW_AT_linkage_name("Vgrid_swOVP_Hpntrigger")
     366                      .dwattr $C$DW$25, DW_AT_location[DW_OP_addr ||Vgrid_swOVP_Hpntrigger||]
     367                      .dwattr $C$DW$25, DW_AT_type(*$C$DW$T$24)
     368                      .dwattr $C$DW$25, DW_AT_external
     369                      .dwattr $C$DW$25, DW_AT_decl_file("D:/15_Delta/14. ANPC Converter/ANPC_3Layer/Source/app/app_protecti
     370                      .dwattr $C$DW$25, DW_AT_decl_line(0x2f)
     371                      .dwattr $C$DW$25, DW_AT_decl_column(0x07)
     372              
     373                      .global ||Vgrid_swOVP_Rvytrigger||
     374 00000011               .data
     375                      .align  1
     376                      .elfsym ||Vgrid_swOVP_Rvytrigger||,SYM_SIZE(1),SYM_BLOCKED(1)
     377 00000011       ||Vgrid_swOVP_Rvytrigger||:
     378 00000011 0000          .bits           0,16
     379                                      ; Vgrid_swOVP_Rvytrigger @ 0
     380              
     381              $C$DW$26        .dwtag  DW_TAG_variable
     382                      .dwattr $C$DW$26, DW_AT_name("Vgrid_swOVP_Rvytrigger")
     383                      .dwattr $C$DW$26, DW_AT_linkage_name("Vgrid_swOVP_Rvytrigger")
     384                      .dwattr $C$DW$26, DW_AT_location[DW_OP_addr ||Vgrid_swOVP_Rvytrigger||]
     385                      .dwattr $C$DW$26, DW_AT_type(*$C$DW$T$24)
TMS320C2000 Assembler PC v22.6.0 Mon Apr 21 09:04:20 2025

Copyright (c) 1996-2018 Texas Instruments Incorporated
app_protection.asm                                                   PAGE    8

     386                      .dwattr $C$DW$26, DW_AT_external
     387                      .dwattr $C$DW$26, DW_AT_decl_file("D:/15_Delta/14. ANPC Converter/ANPC_3Layer/Source/app/app_protecti
     388                      .dwattr $C$DW$26, DW_AT_decl_line(0x30)
     389                      .dwattr $C$DW$26, DW_AT_decl_column(0x07)
     390              
     391                      .global ||VgridA_swUVP_Hpntrigger||
     392 00000012               .data
     393                      .align  1
     394                      .elfsym ||VgridA_swUVP_Hpntrigger||,SYM_SIZE(1),SYM_BLOCKED(1)
     395 00000012       ||VgridA_swUVP_Hpntrigger||:
     396 00000012 0000          .bits           0,16
     397                                      ; VgridA_swUVP_Hpntrigger @ 0
     398              
     399              $C$DW$27        .dwtag  DW_TAG_variable
     400                      .dwattr $C$DW$27, DW_AT_name("VgridA_swUVP_Hpntrigger")
     401                      .dwattr $C$DW$27, DW_AT_linkage_name("VgridA_swUVP_Hpntrigger")
     402                      .dwattr $C$DW$27, DW_AT_location[DW_OP_addr ||VgridA_swUVP_Hpntrigger||]
     403                      .dwattr $C$DW$27, DW_AT_type(*$C$DW$T$24)
     404                      .dwattr $C$DW$27, DW_AT_external
     405                      .dwattr $C$DW$27, DW_AT_decl_file("D:/15_Delta/14. ANPC Converter/ANPC_3Layer/Source/app/app_protecti
     406                      .dwattr $C$DW$27, DW_AT_decl_line(0x31)
     407                      .dwattr $C$DW$27, DW_AT_decl_column(0x07)
     408              
     409                      .global ||VgridA_swUVP_Rvytrigger||
     410 00000013               .data
     411                      .align  1
     412                      .elfsym ||VgridA_swUVP_Rvytrigger||,SYM_SIZE(1),SYM_BLOCKED(1)
     413 00000013       ||VgridA_swUVP_Rvytrigger||:
     414 00000013 0000          .bits           0,16
     415                                      ; VgridA_swUVP_Rvytrigger @ 0
     416              
     417              $C$DW$28        .dwtag  DW_TAG_variable
     418                      .dwattr $C$DW$28, DW_AT_name("VgridA_swUVP_Rvytrigger")
     419                      .dwattr $C$DW$28, DW_AT_linkage_name("VgridA_swUVP_Rvytrigger")
     420                      .dwattr $C$DW$28, DW_AT_location[DW_OP_addr ||VgridA_swUVP_Rvytrigger||]
     421                      .dwattr $C$DW$28, DW_AT_type(*$C$DW$T$24)
     422                      .dwattr $C$DW$28, DW_AT_external
     423                      .dwattr $C$DW$28, DW_AT_decl_file("D:/15_Delta/14. ANPC Converter/ANPC_3Layer/Source/app/app_protecti
     424                      .dwattr $C$DW$28, DW_AT_decl_line(0x32)
     425                      .dwattr $C$DW$28, DW_AT_decl_column(0x07)
     426              
     427                      .global ||VgridB_swUVP_Hpntrigger||
     428 00000014               .data
     429                      .align  1
     430                      .elfsym ||VgridB_swUVP_Hpntrigger||,SYM_SIZE(1),SYM_BLOCKED(1)
     431 00000014       ||VgridB_swUVP_Hpntrigger||:
     432 00000014 0000          .bits           0,16
     433                                      ; VgridB_swUVP_Hpntrigger @ 0
     434              
     435              $C$DW$29        .dwtag  DW_TAG_variable
     436                      .dwattr $C$DW$29, DW_AT_name("VgridB_swUVP_Hpntrigger")
     437                      .dwattr $C$DW$29, DW_AT_linkage_name("VgridB_swUVP_Hpntrigger")
     438                      .dwattr $C$DW$29, DW_AT_location[DW_OP_addr ||VgridB_swUVP_Hpntrigger||]
     439                      .dwattr $C$DW$29, DW_AT_type(*$C$DW$T$24)
     440                      .dwattr $C$DW$29, DW_AT_external
TMS320C2000 Assembler PC v22.6.0 Mon Apr 21 09:04:20 2025

Copyright (c) 1996-2018 Texas Instruments Incorporated
app_protection.asm                                                   PAGE    9

     441                      .dwattr $C$DW$29, DW_AT_decl_file("D:/15_Delta/14. ANPC Converter/ANPC_3Layer/Source/app/app_protecti
     442                      .dwattr $C$DW$29, DW_AT_decl_line(0x33)
     443                      .dwattr $C$DW$29, DW_AT_decl_column(0x07)
     444              
     445                      .global ||VgridB_swUVP_Rvytrigger||
     446 00000015               .data
     447                      .align  1
     448                      .elfsym ||VgridB_swUVP_Rvytrigger||,SYM_SIZE(1),SYM_BLOCKED(1)
     449 00000015       ||VgridB_swUVP_Rvytrigger||:
     450 00000015 0000          .bits           0,16
     451                                      ; VgridB_swUVP_Rvytrigger @ 0
     452              
     453              $C$DW$30        .dwtag  DW_TAG_variable
     454                      .dwattr $C$DW$30, DW_AT_name("VgridB_swUVP_Rvytrigger")
     455                      .dwattr $C$DW$30, DW_AT_linkage_name("VgridB_swUVP_Rvytrigger")
     456                      .dwattr $C$DW$30, DW_AT_location[DW_OP_addr ||VgridB_swUVP_Rvytrigger||]
     457                      .dwattr $C$DW$30, DW_AT_type(*$C$DW$T$24)
     458                      .dwattr $C$DW$30, DW_AT_external
     459                      .dwattr $C$DW$30, DW_AT_decl_file("D:/15_Delta/14. ANPC Converter/ANPC_3Layer/Source/app/app_protecti
     460                      .dwattr $C$DW$30, DW_AT_decl_line(0x34)
     461                      .dwattr $C$DW$30, DW_AT_decl_column(0x07)
     462              
     463                      .global ||VgridC_swUVP_Hpntrigger||
     464 00000016               .data
     465                      .align  1
     466                      .elfsym ||VgridC_swUVP_Hpntrigger||,SYM_SIZE(1),SYM_BLOCKED(1)
     467 00000016       ||VgridC_swUVP_Hpntrigger||:
     468 00000016 0000          .bits           0,16
     469                                      ; VgridC_swUVP_Hpntrigger @ 0
     470              
     471              $C$DW$31        .dwtag  DW_TAG_variable
     472                      .dwattr $C$DW$31, DW_AT_name("VgridC_swUVP_Hpntrigger")
     473                      .dwattr $C$DW$31, DW_AT_linkage_name("VgridC_swUVP_Hpntrigger")
     474                      .dwattr $C$DW$31, DW_AT_location[DW_OP_addr ||VgridC_swUVP_Hpntrigger||]
     475                      .dwattr $C$DW$31, DW_AT_type(*$C$DW$T$24)
     476                      .dwattr $C$DW$31, DW_AT_external
     477                      .dwattr $C$DW$31, DW_AT_decl_file("D:/15_Delta/14. ANPC Converter/ANPC_3Layer/Source/app/app_protecti
     478                      .dwattr $C$DW$31, DW_AT_decl_line(0x35)
     479                      .dwattr $C$DW$31, DW_AT_decl_column(0x07)
     480              
     481                      .global ||VgridC_swUVP_Rvytrigger||
     482 00000017               .data
     483                      .align  1
     484                      .elfsym ||VgridC_swUVP_Rvytrigger||,SYM_SIZE(1),SYM_BLOCKED(1)
     485 00000017       ||VgridC_swUVP_Rvytrigger||:
     486 00000017 0000          .bits           0,16
     487                                      ; VgridC_swUVP_Rvytrigger @ 0
     488              
     489              $C$DW$32        .dwtag  DW_TAG_variable
     490                      .dwattr $C$DW$32, DW_AT_name("VgridC_swUVP_Rvytrigger")
     491                      .dwattr $C$DW$32, DW_AT_linkage_name("VgridC_swUVP_Rvytrigger")
     492                      .dwattr $C$DW$32, DW_AT_location[DW_OP_addr ||VgridC_swUVP_Rvytrigger||]
     493                      .dwattr $C$DW$32, DW_AT_type(*$C$DW$T$24)
     494                      .dwattr $C$DW$32, DW_AT_external
     495                      .dwattr $C$DW$32, DW_AT_decl_file("D:/15_Delta/14. ANPC Converter/ANPC_3Layer/Source/app/app_protecti
TMS320C2000 Assembler PC v22.6.0 Mon Apr 21 09:04:20 2025

Copyright (c) 1996-2018 Texas Instruments Incorporated
app_protection.asm                                                   PAGE   10

     496                      .dwattr $C$DW$32, DW_AT_decl_line(0x36)
     497                      .dwattr $C$DW$32, DW_AT_decl_column(0x07)
     498              
     499                      .global ||Vgrid_swFreqH_Hpntrigger||
     500 00000018               .data
     501                      .align  1
     502                      .elfsym ||Vgrid_swFreqH_Hpntrigger||,SYM_SIZE(1),SYM_BLOCKED(1)
     503 00000018       ||Vgrid_swFreqH_Hpntrigger||:
     504 00000018 0000          .bits           0,16
     505                                      ; Vgrid_swFreqH_Hpntrigger @ 0
     506              
     507              $C$DW$33        .dwtag  DW_TAG_variable
     508                      .dwattr $C$DW$33, DW_AT_name("Vgrid_swFreqH_Hpntrigger")
     509                      .dwattr $C$DW$33, DW_AT_linkage_name("Vgrid_swFreqH_Hpntrigger")
     510                      .dwattr $C$DW$33, DW_AT_location[DW_OP_addr ||Vgrid_swFreqH_Hpntrigger||]
     511                      .dwattr $C$DW$33, DW_AT_type(*$C$DW$T$24)
     512                      .dwattr $C$DW$33, DW_AT_external
     513                      .dwattr $C$DW$33, DW_AT_decl_file("D:/15_Delta/14. ANPC Converter/ANPC_3Layer/Source/app/app_protecti
     514                      .dwattr $C$DW$33, DW_AT_decl_line(0x37)
     515                      .dwattr $C$DW$33, DW_AT_decl_column(0x07)
     516              
     517                      .global ||Vgrid_swFreqH_Rvytrigger||
     518 00000019               .data
     519                      .align  1
     520                      .elfsym ||Vgrid_swFreqH_Rvytrigger||,SYM_SIZE(1),SYM_BLOCKED(1)
     521 00000019       ||Vgrid_swFreqH_Rvytrigger||:
     522 00000019 0000          .bits           0,16
     523                                      ; Vgrid_swFreqH_Rvytrigger @ 0
     524              
     525              $C$DW$34        .dwtag  DW_TAG_variable
     526                      .dwattr $C$DW$34, DW_AT_name("Vgrid_swFreqH_Rvytrigger")
     527                      .dwattr $C$DW$34, DW_AT_linkage_name("Vgrid_swFreqH_Rvytrigger")
     528                      .dwattr $C$DW$34, DW_AT_location[DW_OP_addr ||Vgrid_swFreqH_Rvytrigger||]
     529                      .dwattr $C$DW$34, DW_AT_type(*$C$DW$T$24)
     530                      .dwattr $C$DW$34, DW_AT_external
     531                      .dwattr $C$DW$34, DW_AT_decl_file("D:/15_Delta/14. ANPC Converter/ANPC_3Layer/Source/app/app_protecti
     532                      .dwattr $C$DW$34, DW_AT_decl_line(0x38)
     533                      .dwattr $C$DW$34, DW_AT_decl_column(0x07)
     534              
     535                      .global ||Vgrid_swFreqL_Hpntrigger||
     536 0000001a               .data
     537                      .align  1
     538                      .elfsym ||Vgrid_swFreqL_Hpntrigger||,SYM_SIZE(1),SYM_BLOCKED(1)
     539 0000001a       ||Vgrid_swFreqL_Hpntrigger||:
     540 0000001a 0000          .bits           0,16
     541                                      ; Vgrid_swFreqL_Hpntrigger @ 0
     542              
     543              $C$DW$35        .dwtag  DW_TAG_variable
     544                      .dwattr $C$DW$35, DW_AT_name("Vgrid_swFreqL_Hpntrigger")
     545                      .dwattr $C$DW$35, DW_AT_linkage_name("Vgrid_swFreqL_Hpntrigger")
     546                      .dwattr $C$DW$35, DW_AT_location[DW_OP_addr ||Vgrid_swFreqL_Hpntrigger||]
     547                      .dwattr $C$DW$35, DW_AT_type(*$C$DW$T$24)
     548                      .dwattr $C$DW$35, DW_AT_external
     549                      .dwattr $C$DW$35, DW_AT_decl_file("D:/15_Delta/14. ANPC Converter/ANPC_3Layer/Source/app/app_protecti
     550                      .dwattr $C$DW$35, DW_AT_decl_line(0x39)
TMS320C2000 Assembler PC v22.6.0 Mon Apr 21 09:04:20 2025

Copyright (c) 1996-2018 Texas Instruments Incorporated
app_protection.asm                                                   PAGE   11

     551                      .dwattr $C$DW$35, DW_AT_decl_column(0x07)
     552              
     553                      .global ||Vgrid_swFreqL_Rvytrigger||
     554 0000001b               .data
     555                      .align  1
     556                      .elfsym ||Vgrid_swFreqL_Rvytrigger||,SYM_SIZE(1),SYM_BLOCKED(1)
     557 0000001b       ||Vgrid_swFreqL_Rvytrigger||:
     558 0000001b 0000          .bits           0,16
     559                                      ; Vgrid_swFreqL_Rvytrigger @ 0
     560              
     561              $C$DW$36        .dwtag  DW_TAG_variable
     562                      .dwattr $C$DW$36, DW_AT_name("Vgrid_swFreqL_Rvytrigger")
     563                      .dwattr $C$DW$36, DW_AT_linkage_name("Vgrid_swFreqL_Rvytrigger")
     564                      .dwattr $C$DW$36, DW_AT_location[DW_OP_addr ||Vgrid_swFreqL_Rvytrigger||]
     565                      .dwattr $C$DW$36, DW_AT_type(*$C$DW$T$24)
     566                      .dwattr $C$DW$36, DW_AT_external
     567                      .dwattr $C$DW$36, DW_AT_decl_file("D:/15_Delta/14. ANPC Converter/ANPC_3Layer/Source/app/app_protecti
     568                      .dwattr $C$DW$36, DW_AT_decl_line(0x3a)
     569                      .dwattr $C$DW$36, DW_AT_decl_column(0x07)
     570              
     571                      .global ||Vbusp_swOVP_Hpntrigger||
     572 0000001c               .data
     573                      .align  1
     574                      .elfsym ||Vbusp_swOVP_Hpntrigger||,SYM_SIZE(1),SYM_BLOCKED(1)
     575 0000001c       ||Vbusp_swOVP_Hpntrigger||:
     576 0000001c 0000          .bits           0,16
     577                                      ; Vbusp_swOVP_Hpntrigger @ 0
     578              
     579              $C$DW$37        .dwtag  DW_TAG_variable
     580                      .dwattr $C$DW$37, DW_AT_name("Vbusp_swOVP_Hpntrigger")
     581                      .dwattr $C$DW$37, DW_AT_linkage_name("Vbusp_swOVP_Hpntrigger")
     582                      .dwattr $C$DW$37, DW_AT_location[DW_OP_addr ||Vbusp_swOVP_Hpntrigger||]
     583                      .dwattr $C$DW$37, DW_AT_type(*$C$DW$T$24)
     584                      .dwattr $C$DW$37, DW_AT_external
     585                      .dwattr $C$DW$37, DW_AT_decl_file("D:/15_Delta/14. ANPC Converter/ANPC_3Layer/Source/app/app_protecti
     586                      .dwattr $C$DW$37, DW_AT_decl_line(0x3c)
     587                      .dwattr $C$DW$37, DW_AT_decl_column(0x07)
     588              
     589                      .global ||Vbusp_swOVP_Rvytrigger||
     590 0000001d               .data
     591                      .align  1
     592                      .elfsym ||Vbusp_swOVP_Rvytrigger||,SYM_SIZE(1),SYM_BLOCKED(1)
     593 0000001d       ||Vbusp_swOVP_Rvytrigger||:
     594 0000001d 0000          .bits           0,16
     595                                      ; Vbusp_swOVP_Rvytrigger @ 0
     596              
     597              $C$DW$38        .dwtag  DW_TAG_variable
     598                      .dwattr $C$DW$38, DW_AT_name("Vbusp_swOVP_Rvytrigger")
     599                      .dwattr $C$DW$38, DW_AT_linkage_name("Vbusp_swOVP_Rvytrigger")
     600                      .dwattr $C$DW$38, DW_AT_location[DW_OP_addr ||Vbusp_swOVP_Rvytrigger||]
     601                      .dwattr $C$DW$38, DW_AT_type(*$C$DW$T$24)
     602                      .dwattr $C$DW$38, DW_AT_external
     603                      .dwattr $C$DW$38, DW_AT_decl_file("D:/15_Delta/14. ANPC Converter/ANPC_3Layer/Source/app/app_protecti
     604                      .dwattr $C$DW$38, DW_AT_decl_line(0x3d)
     605                      .dwattr $C$DW$38, DW_AT_decl_column(0x07)
TMS320C2000 Assembler PC v22.6.0 Mon Apr 21 09:04:20 2025

Copyright (c) 1996-2018 Texas Instruments Incorporated
app_protection.asm                                                   PAGE   12

     606              
     607                      .global ||Vbusn_swOVP_Hpntrigger||
     608 0000001e               .data
     609                      .align  1
     610                      .elfsym ||Vbusn_swOVP_Hpntrigger||,SYM_SIZE(1),SYM_BLOCKED(1)
     611 0000001e       ||Vbusn_swOVP_Hpntrigger||:
     612 0000001e 0000          .bits           0,16
     613                                      ; Vbusn_swOVP_Hpntrigger @ 0
     614              
     615              $C$DW$39        .dwtag  DW_TAG_variable
     616                      .dwattr $C$DW$39, DW_AT_name("Vbusn_swOVP_Hpntrigger")
     617                      .dwattr $C$DW$39, DW_AT_linkage_name("Vbusn_swOVP_Hpntrigger")
     618                      .dwattr $C$DW$39, DW_AT_location[DW_OP_addr ||Vbusn_swOVP_Hpntrigger||]
     619                      .dwattr $C$DW$39, DW_AT_type(*$C$DW$T$24)
     620                      .dwattr $C$DW$39, DW_AT_external
     621                      .dwattr $C$DW$39, DW_AT_decl_file("D:/15_Delta/14. ANPC Converter/ANPC_3Layer/Source/app/app_protecti
     622                      .dwattr $C$DW$39, DW_AT_decl_line(0x3e)
     623                      .dwattr $C$DW$39, DW_AT_decl_column(0x07)
     624              
     625                      .global ||Vbusn_swOVP_Rvytrigger||
     626 0000001f               .data
     627                      .align  1
     628                      .elfsym ||Vbusn_swOVP_Rvytrigger||,SYM_SIZE(1),SYM_BLOCKED(1)
     629 0000001f       ||Vbusn_swOVP_Rvytrigger||:
     630 0000001f 0000          .bits           0,16
     631                                      ; Vbusn_swOVP_Rvytrigger @ 0
     632              
     633              $C$DW$40        .dwtag  DW_TAG_variable
     634                      .dwattr $C$DW$40, DW_AT_name("Vbusn_swOVP_Rvytrigger")
     635                      .dwattr $C$DW$40, DW_AT_linkage_name("Vbusn_swOVP_Rvytrigger")
     636                      .dwattr $C$DW$40, DW_AT_location[DW_OP_addr ||Vbusn_swOVP_Rvytrigger||]
     637                      .dwattr $C$DW$40, DW_AT_type(*$C$DW$T$24)
     638                      .dwattr $C$DW$40, DW_AT_external
     639                      .dwattr $C$DW$40, DW_AT_decl_file("D:/15_Delta/14. ANPC Converter/ANPC_3Layer/Source/app/app_protecti
     640                      .dwattr $C$DW$40, DW_AT_decl_line(0x3f)
     641                      .dwattr $C$DW$40, DW_AT_decl_column(0x07)
     642              
     643                      .global ||Vbusp_swUVP_Hpntrigger||
     644 00000020               .data
     645                      .align  1
     646                      .elfsym ||Vbusp_swUVP_Hpntrigger||,SYM_SIZE(1),SYM_BLOCKED(1)
     647 00000020       ||Vbusp_swUVP_Hpntrigger||:
     648 00000020 0000          .bits           0,16
     649                                      ; Vbusp_swUVP_Hpntrigger @ 0
     650              
     651              $C$DW$41        .dwtag  DW_TAG_variable
     652                      .dwattr $C$DW$41, DW_AT_name("Vbusp_swUVP_Hpntrigger")
     653                      .dwattr $C$DW$41, DW_AT_linkage_name("Vbusp_swUVP_Hpntrigger")
     654                      .dwattr $C$DW$41, DW_AT_location[DW_OP_addr ||Vbusp_swUVP_Hpntrigger||]
     655                      .dwattr $C$DW$41, DW_AT_type(*$C$DW$T$24)
     656                      .dwattr $C$DW$41, DW_AT_external
     657                      .dwattr $C$DW$41, DW_AT_decl_file("D:/15_Delta/14. ANPC Converter/ANPC_3Layer/Source/app/app_protecti
     658                      .dwattr $C$DW$41, DW_AT_decl_line(0x40)
     659                      .dwattr $C$DW$41, DW_AT_decl_column(0x07)
     660              
TMS320C2000 Assembler PC v22.6.0 Mon Apr 21 09:04:20 2025

Copyright (c) 1996-2018 Texas Instruments Incorporated
app_protection.asm                                                   PAGE   13

     661                      .global ||Vbusp_swUVP_Rvytrigger||
     662 00000021               .data
     663                      .align  1
     664                      .elfsym ||Vbusp_swUVP_Rvytrigger||,SYM_SIZE(1),SYM_BLOCKED(1)
     665 00000021       ||Vbusp_swUVP_Rvytrigger||:
     666 00000021 0000          .bits           0,16
     667                                      ; Vbusp_swUVP_Rvytrigger @ 0
     668              
     669              $C$DW$42        .dwtag  DW_TAG_variable
     670                      .dwattr $C$DW$42, DW_AT_name("Vbusp_swUVP_Rvytrigger")
     671                      .dwattr $C$DW$42, DW_AT_linkage_name("Vbusp_swUVP_Rvytrigger")
     672                      .dwattr $C$DW$42, DW_AT_location[DW_OP_addr ||Vbusp_swUVP_Rvytrigger||]
     673                      .dwattr $C$DW$42, DW_AT_type(*$C$DW$T$24)
     674                      .dwattr $C$DW$42, DW_AT_external
     675                      .dwattr $C$DW$42, DW_AT_decl_file("D:/15_Delta/14. ANPC Converter/ANPC_3Layer/Source/app/app_protecti
     676                      .dwattr $C$DW$42, DW_AT_decl_line(0x41)
     677                      .dwattr $C$DW$42, DW_AT_decl_column(0x07)
     678              
     679                      .global ||Vbusn_swUVP_Hpntrigger||
     680 00000022               .data
     681                      .align  1
     682                      .elfsym ||Vbusn_swUVP_Hpntrigger||,SYM_SIZE(1),SYM_BLOCKED(1)
     683 00000022       ||Vbusn_swUVP_Hpntrigger||:
     684 00000022 0000          .bits           0,16
     685                                      ; Vbusn_swUVP_Hpntrigger @ 0
     686              
     687              $C$DW$43        .dwtag  DW_TAG_variable
     688                      .dwattr $C$DW$43, DW_AT_name("Vbusn_swUVP_Hpntrigger")
     689                      .dwattr $C$DW$43, DW_AT_linkage_name("Vbusn_swUVP_Hpntrigger")
     690                      .dwattr $C$DW$43, DW_AT_location[DW_OP_addr ||Vbusn_swUVP_Hpntrigger||]
     691                      .dwattr $C$DW$43, DW_AT_type(*$C$DW$T$24)
     692                      .dwattr $C$DW$43, DW_AT_external
     693                      .dwattr $C$DW$43, DW_AT_decl_file("D:/15_Delta/14. ANPC Converter/ANPC_3Layer/Source/app/app_protecti
     694                      .dwattr $C$DW$43, DW_AT_decl_line(0x42)
     695                      .dwattr $C$DW$43, DW_AT_decl_column(0x07)
     696              
     697                      .global ||Vbusn_swUVP_Rvytrigger||
     698 00000023               .data
     699                      .align  1
     700                      .elfsym ||Vbusn_swUVP_Rvytrigger||,SYM_SIZE(1),SYM_BLOCKED(1)
     701 00000023       ||Vbusn_swUVP_Rvytrigger||:
     702 00000023 0000          .bits           0,16
     703                                      ; Vbusn_swUVP_Rvytrigger @ 0
     704              
     705              $C$DW$44        .dwtag  DW_TAG_variable
     706                      .dwattr $C$DW$44, DW_AT_name("Vbusn_swUVP_Rvytrigger")
     707                      .dwattr $C$DW$44, DW_AT_linkage_name("Vbusn_swUVP_Rvytrigger")
     708                      .dwattr $C$DW$44, DW_AT_location[DW_OP_addr ||Vbusn_swUVP_Rvytrigger||]
     709                      .dwattr $C$DW$44, DW_AT_type(*$C$DW$T$24)
     710                      .dwattr $C$DW$44, DW_AT_external
     711                      .dwattr $C$DW$44, DW_AT_decl_file("D:/15_Delta/14. ANPC Converter/ANPC_3Layer/Source/app/app_protecti
     712                      .dwattr $C$DW$44, DW_AT_decl_line(0x43)
     713                      .dwattr $C$DW$44, DW_AT_decl_column(0x07)
     714              
     715                      .global ||IA_hwOCP_Hpntrigger||
TMS320C2000 Assembler PC v22.6.0 Mon Apr 21 09:04:20 2025

Copyright (c) 1996-2018 Texas Instruments Incorporated
app_protection.asm                                                   PAGE   14

     716 00000024               .data
     717                      .align  1
     718                      .elfsym ||IA_hwOCP_Hpntrigger||,SYM_SIZE(1),SYM_BLOCKED(1)
     719 00000024       ||IA_hwOCP_Hpntrigger||:
     720 00000024 0000          .bits           0,16
     721                                      ; IA_hwOCP_Hpntrigger @ 0
     722              
     723              $C$DW$45        .dwtag  DW_TAG_variable
     724                      .dwattr $C$DW$45, DW_AT_name("IA_hwOCP_Hpntrigger")
     725                      .dwattr $C$DW$45, DW_AT_linkage_name("IA_hwOCP_Hpntrigger")
     726                      .dwattr $C$DW$45, DW_AT_location[DW_OP_addr ||IA_hwOCP_Hpntrigger||]
     727                      .dwattr $C$DW$45, DW_AT_type(*$C$DW$T$24)
     728                      .dwattr $C$DW$45, DW_AT_external
     729                      .dwattr $C$DW$45, DW_AT_decl_file("D:/15_Delta/14. ANPC Converter/ANPC_3Layer/Source/app/app_protecti
     730                      .dwattr $C$DW$45, DW_AT_decl_line(0x45)
     731                      .dwattr $C$DW$45, DW_AT_decl_column(0x07)
     732              
     733                      .global ||IA_hwOCP_Rvytrigger||
     734 00000025               .data
     735                      .align  1
     736                      .elfsym ||IA_hwOCP_Rvytrigger||,SYM_SIZE(1),SYM_BLOCKED(1)
     737 00000025       ||IA_hwOCP_Rvytrigger||:
     738 00000025 0000          .bits           0,16
     739                                      ; IA_hwOCP_Rvytrigger @ 0
     740              
     741              $C$DW$46        .dwtag  DW_TAG_variable
     742                      .dwattr $C$DW$46, DW_AT_name("IA_hwOCP_Rvytrigger")
     743                      .dwattr $C$DW$46, DW_AT_linkage_name("IA_hwOCP_Rvytrigger")
     744                      .dwattr $C$DW$46, DW_AT_location[DW_OP_addr ||IA_hwOCP_Rvytrigger||]
     745                      .dwattr $C$DW$46, DW_AT_type(*$C$DW$T$24)
     746                      .dwattr $C$DW$46, DW_AT_external
     747                      .dwattr $C$DW$46, DW_AT_decl_file("D:/15_Delta/14. ANPC Converter/ANPC_3Layer/Source/app/app_protecti
     748                      .dwattr $C$DW$46, DW_AT_decl_line(0x46)
     749                      .dwattr $C$DW$46, DW_AT_decl_column(0x07)
     750              
     751                      .global ||IB_hwOCP_Hpntrigger||
     752 00000026               .data
     753                      .align  1
     754                      .elfsym ||IB_hwOCP_Hpntrigger||,SYM_SIZE(1),SYM_BLOCKED(1)
     755 00000026       ||IB_hwOCP_Hpntrigger||:
     756 00000026 0000          .bits           0,16
     757                                      ; IB_hwOCP_Hpntrigger @ 0
     758              
     759              $C$DW$47        .dwtag  DW_TAG_variable
     760                      .dwattr $C$DW$47, DW_AT_name("IB_hwOCP_Hpntrigger")
     761                      .dwattr $C$DW$47, DW_AT_linkage_name("IB_hwOCP_Hpntrigger")
     762                      .dwattr $C$DW$47, DW_AT_location[DW_OP_addr ||IB_hwOCP_Hpntrigger||]
     763                      .dwattr $C$DW$47, DW_AT_type(*$C$DW$T$24)
     764                      .dwattr $C$DW$47, DW_AT_external
     765                      .dwattr $C$DW$47, DW_AT_decl_file("D:/15_Delta/14. ANPC Converter/ANPC_3Layer/Source/app/app_protecti
     766                      .dwattr $C$DW$47, DW_AT_decl_line(0x47)
     767                      .dwattr $C$DW$47, DW_AT_decl_column(0x07)
     768              
     769                      .global ||IB_hwOCP_Rvytrigger||
     770 00000027               .data
TMS320C2000 Assembler PC v22.6.0 Mon Apr 21 09:04:20 2025

Copyright (c) 1996-2018 Texas Instruments Incorporated
app_protection.asm                                                   PAGE   15

     771                      .align  1
     772                      .elfsym ||IB_hwOCP_Rvytrigger||,SYM_SIZE(1),SYM_BLOCKED(1)
     773 00000027       ||IB_hwOCP_Rvytrigger||:
     774 00000027 0000          .bits           0,16
     775                                      ; IB_hwOCP_Rvytrigger @ 0
     776              
     777              $C$DW$48        .dwtag  DW_TAG_variable
     778                      .dwattr $C$DW$48, DW_AT_name("IB_hwOCP_Rvytrigger")
     779                      .dwattr $C$DW$48, DW_AT_linkage_name("IB_hwOCP_Rvytrigger")
     780                      .dwattr $C$DW$48, DW_AT_location[DW_OP_addr ||IB_hwOCP_Rvytrigger||]
     781                      .dwattr $C$DW$48, DW_AT_type(*$C$DW$T$24)
     782                      .dwattr $C$DW$48, DW_AT_external
     783                      .dwattr $C$DW$48, DW_AT_decl_file("D:/15_Delta/14. ANPC Converter/ANPC_3Layer/Source/app/app_protecti
     784                      .dwattr $C$DW$48, DW_AT_decl_line(0x48)
     785                      .dwattr $C$DW$48, DW_AT_decl_column(0x07)
     786              
     787                      .global ||IC_hwOCP_Hpntrigger||
     788 00000028               .data
     789                      .align  1
     790                      .elfsym ||IC_hwOCP_Hpntrigger||,SYM_SIZE(1),SYM_BLOCKED(1)
     791 00000028       ||IC_hwOCP_Hpntrigger||:
     792 00000028 0000          .bits           0,16
     793                                      ; IC_hwOCP_Hpntrigger @ 0
     794              
     795              $C$DW$49        .dwtag  DW_TAG_variable
     796                      .dwattr $C$DW$49, DW_AT_name("IC_hwOCP_Hpntrigger")
     797                      .dwattr $C$DW$49, DW_AT_linkage_name("IC_hwOCP_Hpntrigger")
     798                      .dwattr $C$DW$49, DW_AT_location[DW_OP_addr ||IC_hwOCP_Hpntrigger||]
     799                      .dwattr $C$DW$49, DW_AT_type(*$C$DW$T$24)
     800                      .dwattr $C$DW$49, DW_AT_external
     801                      .dwattr $C$DW$49, DW_AT_decl_file("D:/15_Delta/14. ANPC Converter/ANPC_3Layer/Source/app/app_protecti
     802                      .dwattr $C$DW$49, DW_AT_decl_line(0x49)
     803                      .dwattr $C$DW$49, DW_AT_decl_column(0x07)
     804              
     805                      .global ||IC_hwOCP_Rvytrigger||
     806 00000029               .data
     807                      .align  1
     808                      .elfsym ||IC_hwOCP_Rvytrigger||,SYM_SIZE(1),SYM_BLOCKED(1)
     809 00000029       ||IC_hwOCP_Rvytrigger||:
     810 00000029 0000          .bits           0,16
     811                                      ; IC_hwOCP_Rvytrigger @ 0
     812              
     813              $C$DW$50        .dwtag  DW_TAG_variable
     814                      .dwattr $C$DW$50, DW_AT_name("IC_hwOCP_Rvytrigger")
     815                      .dwattr $C$DW$50, DW_AT_linkage_name("IC_hwOCP_Rvytrigger")
     816                      .dwattr $C$DW$50, DW_AT_location[DW_OP_addr ||IC_hwOCP_Rvytrigger||]
     817                      .dwattr $C$DW$50, DW_AT_type(*$C$DW$T$24)
     818                      .dwattr $C$DW$50, DW_AT_external
     819                      .dwattr $C$DW$50, DW_AT_decl_file("D:/15_Delta/14. ANPC Converter/ANPC_3Layer/Source/app/app_protecti
     820                      .dwattr $C$DW$50, DW_AT_decl_line(0x4a)
     821                      .dwattr $C$DW$50, DW_AT_decl_column(0x07)
     822              
     823                      .global ||TempA_swOTP_Hpntrigger||
     824 0000002a               .data
     825                      .align  1
TMS320C2000 Assembler PC v22.6.0 Mon Apr 21 09:04:20 2025

Copyright (c) 1996-2018 Texas Instruments Incorporated
app_protection.asm                                                   PAGE   16

     826                      .elfsym ||TempA_swOTP_Hpntrigger||,SYM_SIZE(1),SYM_BLOCKED(1)
     827 0000002a       ||TempA_swOTP_Hpntrigger||:
     828 0000002a 0000          .bits           0,16
     829                                      ; TempA_swOTP_Hpntrigger @ 0
     830              
     831              $C$DW$51        .dwtag  DW_TAG_variable
     832                      .dwattr $C$DW$51, DW_AT_name("TempA_swOTP_Hpntrigger")
     833                      .dwattr $C$DW$51, DW_AT_linkage_name("TempA_swOTP_Hpntrigger")
     834                      .dwattr $C$DW$51, DW_AT_location[DW_OP_addr ||TempA_swOTP_Hpntrigger||]
     835                      .dwattr $C$DW$51, DW_AT_type(*$C$DW$T$24)
     836                      .dwattr $C$DW$51, DW_AT_external
     837                      .dwattr $C$DW$51, DW_AT_decl_file("D:/15_Delta/14. ANPC Converter/ANPC_3Layer/Source/app/app_protecti
     838                      .dwattr $C$DW$51, DW_AT_decl_line(0x4c)
     839                      .dwattr $C$DW$51, DW_AT_decl_column(0x07)
     840              
     841                      .global ||TempA_swOTP_Rvytrigger||
     842 0000002b               .data
     843                      .align  1
     844                      .elfsym ||TempA_swOTP_Rvytrigger||,SYM_SIZE(1),SYM_BLOCKED(1)
     845 0000002b       ||TempA_swOTP_Rvytrigger||:
     846 0000002b 0000          .bits           0,16
     847                                      ; TempA_swOTP_Rvytrigger @ 0
     848              
     849              $C$DW$52        .dwtag  DW_TAG_variable
     850                      .dwattr $C$DW$52, DW_AT_name("TempA_swOTP_Rvytrigger")
     851                      .dwattr $C$DW$52, DW_AT_linkage_name("TempA_swOTP_Rvytrigger")
     852                      .dwattr $C$DW$52, DW_AT_location[DW_OP_addr ||TempA_swOTP_Rvytrigger||]
     853                      .dwattr $C$DW$52, DW_AT_type(*$C$DW$T$24)
     854                      .dwattr $C$DW$52, DW_AT_external
     855                      .dwattr $C$DW$52, DW_AT_decl_file("D:/15_Delta/14. ANPC Converter/ANPC_3Layer/Source/app/app_protecti
     856                      .dwattr $C$DW$52, DW_AT_decl_line(0x4d)
     857                      .dwattr $C$DW$52, DW_AT_decl_column(0x07)
     858              
     859                      .global ||TempB_swOTP_Hpntrigger||
     860 0000002c               .data
     861                      .align  1
     862                      .elfsym ||TempB_swOTP_Hpntrigger||,SYM_SIZE(1),SYM_BLOCKED(1)
     863 0000002c       ||TempB_swOTP_Hpntrigger||:
     864 0000002c 0000          .bits           0,16
     865                                      ; TempB_swOTP_Hpntrigger @ 0
     866              
     867              $C$DW$53        .dwtag  DW_TAG_variable
     868                      .dwattr $C$DW$53, DW_AT_name("TempB_swOTP_Hpntrigger")
     869                      .dwattr $C$DW$53, DW_AT_linkage_name("TempB_swOTP_Hpntrigger")
     870                      .dwattr $C$DW$53, DW_AT_location[DW_OP_addr ||TempB_swOTP_Hpntrigger||]
     871                      .dwattr $C$DW$53, DW_AT_type(*$C$DW$T$24)
     872                      .dwattr $C$DW$53, DW_AT_external
     873                      .dwattr $C$DW$53, DW_AT_decl_file("D:/15_Delta/14. ANPC Converter/ANPC_3Layer/Source/app/app_protecti
     874                      .dwattr $C$DW$53, DW_AT_decl_line(0x4e)
     875                      .dwattr $C$DW$53, DW_AT_decl_column(0x07)
     876              
     877                      .global ||TempB_swOTP_Rvytrigger||
     878 0000002d               .data
     879                      .align  1
     880                      .elfsym ||TempB_swOTP_Rvytrigger||,SYM_SIZE(1),SYM_BLOCKED(1)
TMS320C2000 Assembler PC v22.6.0 Mon Apr 21 09:04:20 2025

Copyright (c) 1996-2018 Texas Instruments Incorporated
app_protection.asm                                                   PAGE   17

     881 0000002d       ||TempB_swOTP_Rvytrigger||:
     882 0000002d 0000          .bits           0,16
     883                                      ; TempB_swOTP_Rvytrigger @ 0
     884              
     885              $C$DW$54        .dwtag  DW_TAG_variable
     886                      .dwattr $C$DW$54, DW_AT_name("TempB_swOTP_Rvytrigger")
     887                      .dwattr $C$DW$54, DW_AT_linkage_name("TempB_swOTP_Rvytrigger")
     888                      .dwattr $C$DW$54, DW_AT_location[DW_OP_addr ||TempB_swOTP_Rvytrigger||]
     889                      .dwattr $C$DW$54, DW_AT_type(*$C$DW$T$24)
     890                      .dwattr $C$DW$54, DW_AT_external
     891                      .dwattr $C$DW$54, DW_AT_decl_file("D:/15_Delta/14. ANPC Converter/ANPC_3Layer/Source/app/app_protecti
     892                      .dwattr $C$DW$54, DW_AT_decl_line(0x4f)
     893                      .dwattr $C$DW$54, DW_AT_decl_column(0x07)
     894              
     895                      .global ||TempC_swOTP_Hpntrigger||
     896 0000002e               .data
     897                      .align  1
     898                      .elfsym ||TempC_swOTP_Hpntrigger||,SYM_SIZE(1),SYM_BLOCKED(1)
     899 0000002e       ||TempC_swOTP_Hpntrigger||:
     900 0000002e 0000          .bits           0,16
     901                                      ; TempC_swOTP_Hpntrigger @ 0
     902              
     903              $C$DW$55        .dwtag  DW_TAG_variable
     904                      .dwattr $C$DW$55, DW_AT_name("TempC_swOTP_Hpntrigger")
     905                      .dwattr $C$DW$55, DW_AT_linkage_name("TempC_swOTP_Hpntrigger")
     906                      .dwattr $C$DW$55, DW_AT_location[DW_OP_addr ||TempC_swOTP_Hpntrigger||]
     907                      .dwattr $C$DW$55, DW_AT_type(*$C$DW$T$24)
     908                      .dwattr $C$DW$55, DW_AT_external
     909                      .dwattr $C$DW$55, DW_AT_decl_file("D:/15_Delta/14. ANPC Converter/ANPC_3Layer/Source/app/app_protecti
     910                      .dwattr $C$DW$55, DW_AT_decl_line(0x50)
     911                      .dwattr $C$DW$55, DW_AT_decl_column(0x07)
     912              
     913                      .global ||TempC_swOTP_Rvytrigger||
     914 0000002f               .data
     915                      .align  1
     916                      .elfsym ||TempC_swOTP_Rvytrigger||,SYM_SIZE(1),SYM_BLOCKED(1)
     917 0000002f       ||TempC_swOTP_Rvytrigger||:
     918 0000002f 0000          .bits           0,16
     919                                      ; TempC_swOTP_Rvytrigger @ 0
     920              
     921              $C$DW$56        .dwtag  DW_TAG_variable
     922                      .dwattr $C$DW$56, DW_AT_name("TempC_swOTP_Rvytrigger")
     923                      .dwattr $C$DW$56, DW_AT_linkage_name("TempC_swOTP_Rvytrigger")
     924                      .dwattr $C$DW$56, DW_AT_location[DW_OP_addr ||TempC_swOTP_Rvytrigger||]
     925                      .dwattr $C$DW$56, DW_AT_type(*$C$DW$T$24)
     926                      .dwattr $C$DW$56, DW_AT_external
     927                      .dwattr $C$DW$56, DW_AT_decl_file("D:/15_Delta/14. ANPC Converter/ANPC_3Layer/Source/app/app_protecti
     928                      .dwattr $C$DW$56, DW_AT_decl_line(0x51)
     929                      .dwattr $C$DW$56, DW_AT_decl_column(0x07)
     930              
     931              
     932              $C$DW$57        .dwtag  DW_TAG_subprogram
     933                      .dwattr $C$DW$57, DW_AT_name("XBAR_getInputFlagStatus")
     934                      .dwattr $C$DW$57, DW_AT_linkage_name("XBAR_getInputFlagStatus")
     935                      .dwattr $C$DW$57, DW_AT_type(*$C$DW$T$74)
TMS320C2000 Assembler PC v22.6.0 Mon Apr 21 09:04:20 2025

Copyright (c) 1996-2018 Texas Instruments Incorporated
app_protection.asm                                                   PAGE   18

     936                      .dwattr $C$DW$57, DW_AT_declaration
     937                      .dwattr $C$DW$57, DW_AT_external
     938                      .dwattr $C$DW$57, DW_AT_decl_file("D:\15_Delta\14. ANPC Converter\ANPC_3Layer\TMS320F280049C\device\d
     939                      .dwattr $C$DW$57, DW_AT_decl_line(0x4cc)
     940                      .dwattr $C$DW$57, DW_AT_decl_column(0x01)
     941              $C$DW$58        .dwtag  DW_TAG_formal_parameter
     942                      .dwattr $C$DW$58, DW_AT_type(*$C$DW$T$33)
     943              
     944                      .dwendtag $C$DW$57
     945              
     946              
     947              $C$DW$59        .dwtag  DW_TAG_subprogram
     948                      .dwattr $C$DW$59, DW_AT_name("state_IsStandby")
     949                      .dwattr $C$DW$59, DW_AT_linkage_name("state_IsStandby")
     950                      .dwattr $C$DW$59, DW_AT_type(*$C$DW$T$74)
     951                      .dwattr $C$DW$59, DW_AT_declaration
     952                      .dwattr $C$DW$59, DW_AT_external
     953                      .dwattr $C$DW$59, DW_AT_decl_file("D:\15_Delta\14. ANPC Converter\ANPC_3Layer\Source\app\app_state.h"
     954                      .dwattr $C$DW$59, DW_AT_decl_line(0x4c)
     955                      .dwattr $C$DW$59, DW_AT_decl_column(0x06)
     956                      .dwendtag $C$DW$59
     957              
     958              
     959              $C$DW$60        .dwtag  DW_TAG_subprogram
     960                      .dwattr $C$DW$60, DW_AT_name("state_IsNormalOperation")
     961                      .dwattr $C$DW$60, DW_AT_linkage_name("state_IsNormalOperation")
     962                      .dwattr $C$DW$60, DW_AT_type(*$C$DW$T$74)
     963                      .dwattr $C$DW$60, DW_AT_declaration
     964                      .dwattr $C$DW$60, DW_AT_external
     965                      .dwattr $C$DW$60, DW_AT_decl_file("D:\15_Delta\14. ANPC Converter\ANPC_3Layer\Source\app\app_state.h"
     966                      .dwattr $C$DW$60, DW_AT_decl_line(0x4f)
     967                      .dwattr $C$DW$60, DW_AT_decl_column(0x06)
     968                      .dwendtag $C$DW$60
     969              
     970                      .global ||ProtectFlag||
     971 00000030               .data
     972                      .align  2
     973                      .elfsym ||ProtectFlag||,SYM_SIZE(2),SYM_BLOCKED(1)
     974 00000030       ||ProtectFlag||:
     975 00000030 0000          .bits           0,32
         00000031 0000 
     976                                      ; ProtectFlag.DWord @ 0
     977              
     978              $C$DW$61        .dwtag  DW_TAG_variable
     979                      .dwattr $C$DW$61, DW_AT_name("ProtectFlag")
     980                      .dwattr $C$DW$61, DW_AT_linkage_name("ProtectFlag")
     981                      .dwattr $C$DW$61, DW_AT_location[DW_OP_addr ||ProtectFlag||]
     982                      .dwattr $C$DW$61, DW_AT_type(*$C$DW$T$37)
     983                      .dwattr $C$DW$61, DW_AT_external
     984                      .dwattr $C$DW$61, DW_AT_decl_file("D:/15_Delta/14. ANPC Converter/ANPC_3Layer/Source/app/app_protecti
     985                      .dwattr $C$DW$61, DW_AT_decl_line(0x1b)
     986                      .dwattr $C$DW$61, DW_AT_decl_column(0x14)
     987              
     988              
     989              $C$DW$62        .dwtag  DW_TAG_subprogram
TMS320C2000 Assembler PC v22.6.0 Mon Apr 21 09:04:20 2025

Copyright (c) 1996-2018 Texas Instruments Incorporated
app_protection.asm                                                   PAGE   19

     990                      .dwattr $C$DW$62, DW_AT_name("__eallow")
     991                      .dwattr $C$DW$62, DW_AT_linkage_name("__eallow")
     992                      .dwattr $C$DW$62, DW_AT_declaration
     993                      .dwattr $C$DW$62, DW_AT_external
     994                      .dwendtag $C$DW$62
     995              
     996              
     997              $C$DW$63        .dwtag  DW_TAG_subprogram
     998                      .dwattr $C$DW$63, DW_AT_name("__edis")
     999                      .dwattr $C$DW$63, DW_AT_linkage_name("__edis")
    1000                      .dwattr $C$DW$63, DW_AT_declaration
    1001                      .dwattr $C$DW$63, DW_AT_external
    1002                      .dwendtag $C$DW$63
    1003              
    1004              $C$DW$64        .dwtag  DW_TAG_variable
    1005                      .dwattr $C$DW$64, DW_AT_name("PhyValue")
    1006                      .dwattr $C$DW$64, DW_AT_linkage_name("PhyValue")
    1007                      .dwattr $C$DW$64, DW_AT_type(*$C$DW$T$36)
    1008                      .dwattr $C$DW$64, DW_AT_declaration
    1009                      .dwattr $C$DW$64, DW_AT_external
    1010                      .dwattr $C$DW$64, DW_AT_decl_file("D:\15_Delta\14. ANPC Converter\ANPC_3Layer\Source\app\app_physical
    1011                      .dwattr $C$DW$64, DW_AT_decl_line(0x71)
    1012                      .dwattr $C$DW$64, DW_AT_decl_column(0x1d)
    1013              
    1014                      .sblock ".data"
    1015              ;       C:\ti\ccs1210\ccs\tools\compiler\ti-cgt-c2000_22.6.0.LTS\bin\opt2000.exe C:\\Users\\User\\AppData\\Lo
    1016              ;       C:\ti\ccs1210\ccs\tools\compiler\ti-cgt-c2000_22.6.0.LTS\bin\acia2000.exe -@C:\\Users\\User\\AppData\
    1017 00000000               .sect   ".text"
    1018                      .clink
    1019                      .global ||protect_ResetProtectVariables||
    1020              
    1021              $C$DW$65        .dwtag  DW_TAG_subprogram
    1022                      .dwattr $C$DW$65, DW_AT_name("protect_ResetProtectVariables")
    1023                      .dwattr $C$DW$65, DW_AT_low_pc(||protect_ResetProtectVariables||)
    1024                      .dwattr $C$DW$65, DW_AT_high_pc(0x00)
    1025                      .dwattr $C$DW$65, DW_AT_linkage_name("protect_ResetProtectVariables")
    1026                      .dwattr $C$DW$65, DW_AT_external
    1027                      .dwattr $C$DW$65, DW_AT_decl_file("D:/15_Delta/14. ANPC Converter/ANPC_3Layer/Source/app/app_protecti
    1028                      .dwattr $C$DW$65, DW_AT_decl_line(0x2ca)
    1029                      .dwattr $C$DW$65, DW_AT_decl_column(0x06)
    1030                      .dwattr $C$DW$65, DW_AT_TI_max_frame_size(-2)
    1031                      .dwpsn  file "D:/15_Delta/14. ANPC Converter/ANPC_3Layer/Source/app/app_protection.c",line 715,column
    1032              
    1033                      .dwfde $C$DW$CIE, ||protect_ResetProtectVariables||
    1034              
    1035              ;***************************************************************
    1036              ;* FNAME: protect_ResetProtectVariables FR SIZE:   0           *
    1037              ;*                                                             *
    1038              ;* FUNCTION ENVIRONMENT                                        *
    1039              ;*                                                             *
    1040              ;* FUNCTION PROPERTIES                                         *
    1041              ;*                            0 Parameter,  0 Auto,  0 SOE     *
    1042              ;***************************************************************
    1043              
    1044 00000000       ||protect_ResetProtectVariables||:
TMS320C2000 Assembler PC v22.6.0 Mon Apr 21 09:04:20 2025

Copyright (c) 1996-2018 Texas Instruments Incorporated
app_protection.asm                                                   PAGE   20

    1045                      .dwcfi  cfa_offset, -2
    1046                      .dwcfi  save_reg_to_mem, 26, 0
    1047 00000000 761F!         MOVW      DP,#||Vgrid_swOVP_count|| ; [CPU_ARAU] 
         00000001 0000 
    1048                      .dwpsn  file "D:/15_Delta/14. ANPC Converter/ANPC_3Layer/Source/app/app_protection.c",line 717,column
    1049 00000002 2B00!         MOV       @||Vgrid_swOVP_count||,#0 ; [CPU_ALU] |717| 
    1050                      .dwpsn  file "D:/15_Delta/14. ANPC Converter/ANPC_3Layer/Source/app/app_protection.c",line 718,column
    1051 00000003 2B00!         MOV       @||VgridA_swUVP_count||,#0 ; [CPU_ALU] |718| 
    1052                      .dwpsn  file "D:/15_Delta/14. ANPC Converter/ANPC_3Layer/Source/app/app_protection.c",line 719,column
    1053 00000004 2B00!         MOV       @||VgridB_swUVP_count||,#0 ; [CPU_ALU] |719| 
    1054                      .dwpsn  file "D:/15_Delta/14. ANPC Converter/ANPC_3Layer/Source/app/app_protection.c",line 720,column
    1055 00000005 2B00!         MOV       @||VgridC_swUVP_count||,#0 ; [CPU_ALU] |720| 
    1056                      .dwpsn  file "D:/15_Delta/14. ANPC Converter/ANPC_3Layer/Source/app/app_protection.c",line 721,column
    1057 00000006 2B00!         MOV       @||Vgrid_swFreqH_count||,#0 ; [CPU_ALU] |721| 
    1058                      .dwpsn  file "D:/15_Delta/14. ANPC Converter/ANPC_3Layer/Source/app/app_protection.c",line 722,column
    1059 00000007 2B00!         MOV       @||Vgrid_swFreqL_count||,#0 ; [CPU_ALU] |722| 
    1060                      .dwpsn  file "D:/15_Delta/14. ANPC Converter/ANPC_3Layer/Source/app/app_protection.c",line 723,column
    1061 00000008 2B00!         MOV       @||Vbusp_swOVP_count||,#0 ; [CPU_ALU] |723| 
    1062                      .dwpsn  file "D:/15_Delta/14. ANPC Converter/ANPC_3Layer/Source/app/app_protection.c",line 724,column
    1063 00000009 2B00!         MOV       @||Vbusn_swOVP_count||,#0 ; [CPU_ALU] |724| 
    1064                      .dwpsn  file "D:/15_Delta/14. ANPC Converter/ANPC_3Layer/Source/app/app_protection.c",line 725,column
    1065 0000000a 2B00!         MOV       @||Vbusp_swUVP_count||,#0 ; [CPU_ALU] |725| 
    1066                      .dwpsn  file "D:/15_Delta/14. ANPC Converter/ANPC_3Layer/Source/app/app_protection.c",line 726,column
    1067 0000000b 2B00!         MOV       @||Vbusn_swUVP_count||,#0 ; [CPU_ALU] |726| 
    1068                      .dwpsn  file "D:/15_Delta/14. ANPC Converter/ANPC_3Layer/Source/app/app_protection.c",line 727,column
    1069 0000000c 2B00!         MOV       @||IA_hwOCP_count||,#0 ; [CPU_ALU] |727| 
    1070                      .dwpsn  file "D:/15_Delta/14. ANPC Converter/ANPC_3Layer/Source/app/app_protection.c",line 728,column
    1071 0000000d 2B00!         MOV       @||IB_hwOCP_count||,#0 ; [CPU_ALU] |728| 
    1072                      .dwpsn  file "D:/15_Delta/14. ANPC Converter/ANPC_3Layer/Source/app/app_protection.c",line 729,column
    1073 0000000e 2B00!         MOV       @||IC_hwOCP_count||,#0 ; [CPU_ALU] |729| 
    1074                      .dwpsn  file "D:/15_Delta/14. ANPC Converter/ANPC_3Layer/Source/app/app_protection.c",line 730,column
    1075 0000000f 2B00!         MOV       @||TempA_swOTP_count||,#0 ; [CPU_ALU] |730| 
    1076                      .dwpsn  file "D:/15_Delta/14. ANPC Converter/ANPC_3Layer/Source/app/app_protection.c",line 731,column
    1077 00000010 2B00!         MOV       @||TempB_swOTP_count||,#0 ; [CPU_ALU] |731| 
    1078                      .dwpsn  file "D:/15_Delta/14. ANPC Converter/ANPC_3Layer/Source/app/app_protection.c",line 732,column
    1079 00000011 2B00!         MOV       @||TempC_swOTP_count||,#0 ; [CPU_ALU] |732| 
    1080                      .dwpsn  file "D:/15_Delta/14. ANPC Converter/ANPC_3Layer/Source/app/app_protection.c",line 734,column
    1081 00000012 2B00!         MOV       @||Vgrid_swOVP_Hpntrigger||,#0 ; [CPU_ALU] |734| 
    1082                      .dwpsn  file "D:/15_Delta/14. ANPC Converter/ANPC_3Layer/Source/app/app_protection.c",line 735,column
    1083 00000013 2B00!         MOV       @||Vgrid_swOVP_Rvytrigger||,#0 ; [CPU_ALU] |735| 
    1084                      .dwpsn  file "D:/15_Delta/14. ANPC Converter/ANPC_3Layer/Source/app/app_protection.c",line 736,column
    1085 00000014 2B00!         MOV       @||VgridA_swUVP_Hpntrigger||,#0 ; [CPU_ALU] |736| 
    1086                      .dwpsn  file "D:/15_Delta/14. ANPC Converter/ANPC_3Layer/Source/app/app_protection.c",line 737,column
    1087 00000015 2B00!         MOV       @||VgridA_swUVP_Rvytrigger||,#0 ; [CPU_ALU] |737| 
    1088                      .dwpsn  file "D:/15_Delta/14. ANPC Converter/ANPC_3Layer/Source/app/app_protection.c",line 738,column
    1089 00000016 2B00!         MOV       @||VgridB_swUVP_Hpntrigger||,#0 ; [CPU_ALU] |738| 
    1090                      .dwpsn  file "D:/15_Delta/14. ANPC Converter/ANPC_3Layer/Source/app/app_protection.c",line 739,column
    1091 00000017 2B00!         MOV       @||VgridB_swUVP_Rvytrigger||,#0 ; [CPU_ALU] |739| 
    1092                      .dwpsn  file "D:/15_Delta/14. ANPC Converter/ANPC_3Layer/Source/app/app_protection.c",line 740,column
    1093 00000018 2B00!         MOV       @||VgridC_swUVP_Hpntrigger||,#0 ; [CPU_ALU] |740| 
    1094                      .dwpsn  file "D:/15_Delta/14. ANPC Converter/ANPC_3Layer/Source/app/app_protection.c",line 741,column
    1095 00000019 2B00!         MOV       @||VgridC_swUVP_Rvytrigger||,#0 ; [CPU_ALU] |741| 
    1096                      .dwpsn  file "D:/15_Delta/14. ANPC Converter/ANPC_3Layer/Source/app/app_protection.c",line 742,column
    1097 0000001a 2B00!         MOV       @||Vgrid_swFreqH_Hpntrigger||,#0 ; [CPU_ALU] |742| 
    1098                      .dwpsn  file "D:/15_Delta/14. ANPC Converter/ANPC_3Layer/Source/app/app_protection.c",line 743,column
TMS320C2000 Assembler PC v22.6.0 Mon Apr 21 09:04:20 2025

Copyright (c) 1996-2018 Texas Instruments Incorporated
app_protection.asm                                                   PAGE   21

    1099 0000001b 2B00!         MOV       @||Vgrid_swFreqH_Rvytrigger||,#0 ; [CPU_ALU] |743| 
    1100                      .dwpsn  file "D:/15_Delta/14. ANPC Converter/ANPC_3Layer/Source/app/app_protection.c",line 744,column
    1101 0000001c 2B00!         MOV       @||Vgrid_swFreqL_Hpntrigger||,#0 ; [CPU_ALU] |744| 
    1102                      .dwpsn  file "D:/15_Delta/14. ANPC Converter/ANPC_3Layer/Source/app/app_protection.c",line 745,column
    1103 0000001d 2B00!         MOV       @||Vgrid_swFreqL_Rvytrigger||,#0 ; [CPU_ALU] |745| 
    1104                      .dwpsn  file "D:/15_Delta/14. ANPC Converter/ANPC_3Layer/Source/app/app_protection.c",line 747,column
    1105 0000001e 2B00!         MOV       @||Vbusp_swOVP_Hpntrigger||,#0 ; [CPU_ALU] |747| 
    1106                      .dwpsn  file "D:/15_Delta/14. ANPC Converter/ANPC_3Layer/Source/app/app_protection.c",line 748,column
    1107 0000001f 2B00!         MOV       @||Vbusp_swOVP_Rvytrigger||,#0 ; [CPU_ALU] |748| 
    1108                      .dwpsn  file "D:/15_Delta/14. ANPC Converter/ANPC_3Layer/Source/app/app_protection.c",line 749,column
    1109 00000020 2B00!         MOV       @||Vbusn_swOVP_Hpntrigger||,#0 ; [CPU_ALU] |749| 
    1110                      .dwpsn  file "D:/15_Delta/14. ANPC Converter/ANPC_3Layer/Source/app/app_protection.c",line 750,column
    1111 00000021 2B00!         MOV       @||Vbusn_swOVP_Rvytrigger||,#0 ; [CPU_ALU] |750| 
    1112                      .dwpsn  file "D:/15_Delta/14. ANPC Converter/ANPC_3Layer/Source/app/app_protection.c",line 751,column
    1113 00000022 2B00!         MOV       @||Vbusp_swUVP_Hpntrigger||,#0 ; [CPU_ALU] |751| 
    1114                      .dwpsn  file "D:/15_Delta/14. ANPC Converter/ANPC_3Layer/Source/app/app_protection.c",line 752,column
    1115 00000023 2B00!         MOV       @||Vbusp_swUVP_Rvytrigger||,#0 ; [CPU_ALU] |752| 
    1116                      .dwpsn  file "D:/15_Delta/14. ANPC Converter/ANPC_3Layer/Source/app/app_protection.c",line 753,column
    1117 00000024 2B00!         MOV       @||Vbusn_swUVP_Hpntrigger||,#0 ; [CPU_ALU] |753| 
    1118                      .dwpsn  file "D:/15_Delta/14. ANPC Converter/ANPC_3Layer/Source/app/app_protection.c",line 754,column
    1119 00000025 2B00!         MOV       @||Vbusn_swUVP_Rvytrigger||,#0 ; [CPU_ALU] |754| 
    1120                      .dwpsn  file "D:/15_Delta/14. ANPC Converter/ANPC_3Layer/Source/app/app_protection.c",line 756,column
    1121 00000026 2B00!         MOV       @||IA_hwOCP_Hpntrigger||,#0 ; [CPU_ALU] |756| 
    1122                      .dwpsn  file "D:/15_Delta/14. ANPC Converter/ANPC_3Layer/Source/app/app_protection.c",line 757,column
    1123 00000027 2B00!         MOV       @||IA_hwOCP_Rvytrigger||,#0 ; [CPU_ALU] |757| 
    1124                      .dwpsn  file "D:/15_Delta/14. ANPC Converter/ANPC_3Layer/Source/app/app_protection.c",line 758,column
    1125 00000028 2B00!         MOV       @||IB_hwOCP_Hpntrigger||,#0 ; [CPU_ALU] |758| 
    1126                      .dwpsn  file "D:/15_Delta/14. ANPC Converter/ANPC_3Layer/Source/app/app_protection.c",line 759,column
    1127 00000029 2B00!         MOV       @||IB_hwOCP_Rvytrigger||,#0 ; [CPU_ALU] |759| 
    1128                      .dwpsn  file "D:/15_Delta/14. ANPC Converter/ANPC_3Layer/Source/app/app_protection.c",line 760,column
    1129 0000002a 2B00!         MOV       @||IC_hwOCP_Hpntrigger||,#0 ; [CPU_ALU] |760| 
    1130                      .dwpsn  file "D:/15_Delta/14. ANPC Converter/ANPC_3Layer/Source/app/app_protection.c",line 761,column
    1131 0000002b 2B00!         MOV       @||IC_hwOCP_Rvytrigger||,#0 ; [CPU_ALU] |761| 
    1132                      .dwpsn  file "D:/15_Delta/14. ANPC Converter/ANPC_3Layer/Source/app/app_protection.c",line 763,column
    1133 0000002c 2B00!         MOV       @||TempA_swOTP_Hpntrigger||,#0 ; [CPU_ALU] |763| 
    1134                      .dwpsn  file "D:/15_Delta/14. ANPC Converter/ANPC_3Layer/Source/app/app_protection.c",line 764,column
    1135 0000002d 2B00!         MOV       @||TempA_swOTP_Rvytrigger||,#0 ; [CPU_ALU] |764| 
    1136                      .dwpsn  file "D:/15_Delta/14. ANPC Converter/ANPC_3Layer/Source/app/app_protection.c",line 765,column
    1137 0000002e 2B00!         MOV       @||TempB_swOTP_Hpntrigger||,#0 ; [CPU_ALU] |765| 
    1138                      .dwpsn  file "D:/15_Delta/14. ANPC Converter/ANPC_3Layer/Source/app/app_protection.c",line 766,column
    1139 0000002f 2B00!         MOV       @||TempB_swOTP_Rvytrigger||,#0 ; [CPU_ALU] |766| 
    1140                      .dwpsn  file "D:/15_Delta/14. ANPC Converter/ANPC_3Layer/Source/app/app_protection.c",line 767,column
    1141 00000030 2B00!         MOV       @||TempC_swOTP_Hpntrigger||,#0 ; [CPU_ALU] |767| 
    1142                      .dwpsn  file "D:/15_Delta/14. ANPC Converter/ANPC_3Layer/Source/app/app_protection.c",line 768,column
    1143 00000031 2B00!         MOV       @||TempC_swOTP_Rvytrigger||,#0 ; [CPU_ALU] |768| 
    1144              $C$DW$66        .dwtag  DW_TAG_TI_branch
    1145                      .dwattr $C$DW$66, DW_AT_low_pc(0x00)
    1146                      .dwattr $C$DW$66, DW_AT_TI_return
    1147              
    1148 00000032 0006          LRETR     ; [CPU_ALU] 
    1149                      ; return occurs ; [] 
    1150                      .dwattr $C$DW$65, DW_AT_TI_end_file("D:/15_Delta/14. ANPC Converter/ANPC_3Layer/Source/app/app_protec
    1151                      .dwattr $C$DW$65, DW_AT_TI_end_line(0x301)
    1152                      .dwattr $C$DW$65, DW_AT_TI_end_column(0x01)
    1153                      .dwendentry
TMS320C2000 Assembler PC v22.6.0 Mon Apr 21 09:04:20 2025

Copyright (c) 1996-2018 Texas Instruments Incorporated
app_protection.asm                                                   PAGE   22

    1154                      .dwendtag $C$DW$65
    1155              
    1156 00000033               .sect   ".text"
    1157                      .clink
    1158                      .global ||protect_ResetProtectFlag||
    1159              
    1160              $C$DW$67        .dwtag  DW_TAG_subprogram
    1161                      .dwattr $C$DW$67, DW_AT_name("protect_ResetProtectFlag")
    1162                      .dwattr $C$DW$67, DW_AT_low_pc(||protect_ResetProtectFlag||)
    1163                      .dwattr $C$DW$67, DW_AT_high_pc(0x00)
    1164                      .dwattr $C$DW$67, DW_AT_linkage_name("protect_ResetProtectFlag")
    1165                      .dwattr $C$DW$67, DW_AT_external
    1166                      .dwattr $C$DW$67, DW_AT_decl_file("D:/15_Delta/14. ANPC Converter/ANPC_3Layer/Source/app/app_protecti
    1167                      .dwattr $C$DW$67, DW_AT_decl_line(0x2c5)
    1168                      .dwattr $C$DW$67, DW_AT_decl_column(0x06)
    1169                      .dwattr $C$DW$67, DW_AT_TI_max_frame_size(-2)
    1170                      .dwpsn  file "D:/15_Delta/14. ANPC Converter/ANPC_3Layer/Source/app/app_protection.c",line 710,column
    1171              
    1172                      .dwfde $C$DW$CIE, ||protect_ResetProtectFlag||
    1173              
    1174              ;***************************************************************
    1175              ;* FNAME: protect_ResetProtectFlag      FR SIZE:   0           *
    1176              ;*                                                             *
    1177              ;* FUNCTION ENVIRONMENT                                        *
    1178              ;*                                                             *
    1179              ;* FUNCTION PROPERTIES                                         *
    1180              ;*                            0 Parameter,  0 Auto,  0 SOE     *
    1181              ;***************************************************************
    1182              
    1183 00000033       ||protect_ResetProtectFlag||:
    1184                      .dwcfi  cfa_offset, -2
    1185                      .dwcfi  save_reg_to_mem, 26, 0
    1186                      .dwpsn  file "D:/15_Delta/14. ANPC Converter/ANPC_3Layer/Source/app/app_protection.c",line 711,column
    1187 00000033 0200          MOVB      ACC,#0                ; [CPU_ALU] |711| 
    1188 00000034 761F!         MOVW      DP,#||ProtectFlag||   ; [CPU_ARAU] 
         00000035 0000 
    1189 00000036 1E00!         MOVL      @||ProtectFlag||,ACC  ; [CPU_ALU] |711| 
    1190              $C$DW$68        .dwtag  DW_TAG_TI_branch
    1191                      .dwattr $C$DW$68, DW_AT_low_pc(0x00)
    1192                      .dwattr $C$DW$68, DW_AT_TI_return
    1193              
    1194 00000037 0006          LRETR     ; [CPU_ALU] 
    1195                      ; return occurs ; [] 
    1196                      .dwattr $C$DW$67, DW_AT_TI_end_file("D:/15_Delta/14. ANPC Converter/ANPC_3Layer/Source/app/app_protec
    1197                      .dwattr $C$DW$67, DW_AT_TI_end_line(0x2c8)
    1198                      .dwattr $C$DW$67, DW_AT_TI_end_column(0x01)
    1199                      .dwendentry
    1200                      .dwendtag $C$DW$67
    1201              
    1202 00000038               .sect   ".text"
    1203                      .clink
    1204                      .global ||protect_GetProtectFlagL||
    1205              
    1206              $C$DW$69        .dwtag  DW_TAG_subprogram
    1207                      .dwattr $C$DW$69, DW_AT_name("protect_GetProtectFlagL")
TMS320C2000 Assembler PC v22.6.0 Mon Apr 21 09:04:20 2025

Copyright (c) 1996-2018 Texas Instruments Incorporated
app_protection.asm                                                   PAGE   23

    1208                      .dwattr $C$DW$69, DW_AT_low_pc(||protect_GetProtectFlagL||)
    1209                      .dwattr $C$DW$69, DW_AT_high_pc(0x00)
    1210                      .dwattr $C$DW$69, DW_AT_linkage_name("protect_GetProtectFlagL")
    1211                      .dwattr $C$DW$69, DW_AT_external
    1212                      .dwattr $C$DW$69, DW_AT_type(*$C$DW$T$46)
    1213                      .dwattr $C$DW$69, DW_AT_decl_file("D:/15_Delta/14. ANPC Converter/ANPC_3Layer/Source/app/app_protecti
    1214                      .dwattr $C$DW$69, DW_AT_decl_line(0x2b6)
    1215                      .dwattr $C$DW$69, DW_AT_decl_column(0x0a)
    1216                      .dwattr $C$DW$69, DW_AT_TI_max_frame_size(-2)
    1217                      .dwpsn  file "D:/15_Delta/14. ANPC Converter/ANPC_3Layer/Source/app/app_protection.c",line 695,column
    1218              
    1219                      .dwfde $C$DW$CIE, ||protect_GetProtectFlagL||
    1220              
    1221              ;***************************************************************
    1222              ;* FNAME: protect_GetProtectFlagL       FR SIZE:   0           *
    1223              ;*                                                             *
    1224              ;* FUNCTION ENVIRONMENT                                        *
    1225              ;*                                                             *
    1226              ;* FUNCTION PROPERTIES                                         *
    1227              ;*                            0 Parameter,  0 Auto,  0 SOE     *
    1228              ;***************************************************************
    1229              
    1230 00000038       ||protect_GetProtectFlagL||:
    1231                      .dwcfi  cfa_offset, -2
    1232                      .dwcfi  save_reg_to_mem, 26, 0
    1233 00000038 761F!         MOVW      DP,#||ProtectFlag||   ; [CPU_ARAU] 
         00000039 0000 
    1234                      .dwpsn  file "D:/15_Delta/14. ANPC Converter/ANPC_3Layer/Source/app/app_protection.c",line 696,column
    1235 0000003a 9200!         MOV       AL,@||ProtectFlag||   ; [CPU_ALU] |696| 
    1236              $C$DW$70        .dwtag  DW_TAG_TI_branch
    1237                      .dwattr $C$DW$70, DW_AT_low_pc(0x00)
    1238                      .dwattr $C$DW$70, DW_AT_TI_return
    1239              
    1240 0000003b 0006          LRETR     ; [CPU_ALU] 
    1241                      ; return occurs ; [] 
    1242                      .dwattr $C$DW$69, DW_AT_TI_end_file("D:/15_Delta/14. ANPC Converter/ANPC_3Layer/Source/app/app_protec
    1243                      .dwattr $C$DW$69, DW_AT_TI_end_line(0x2b9)
    1244                      .dwattr $C$DW$69, DW_AT_TI_end_column(0x01)
    1245                      .dwendentry
    1246                      .dwendtag $C$DW$69
    1247              
    1248 0000003c               .sect   ".text"
    1249                      .clink
    1250                      .global ||protect_GetProtectFlagH||
    1251              
    1252              $C$DW$71        .dwtag  DW_TAG_subprogram
    1253                      .dwattr $C$DW$71, DW_AT_name("protect_GetProtectFlagH")
    1254                      .dwattr $C$DW$71, DW_AT_low_pc(||protect_GetProtectFlagH||)
    1255                      .dwattr $C$DW$71, DW_AT_high_pc(0x00)
    1256                      .dwattr $C$DW$71, DW_AT_linkage_name("protect_GetProtectFlagH")
    1257                      .dwattr $C$DW$71, DW_AT_external
    1258                      .dwattr $C$DW$71, DW_AT_type(*$C$DW$T$46)
    1259                      .dwattr $C$DW$71, DW_AT_decl_file("D:/15_Delta/14. ANPC Converter/ANPC_3Layer/Source/app/app_protecti
    1260                      .dwattr $C$DW$71, DW_AT_decl_line(0x2bb)
    1261                      .dwattr $C$DW$71, DW_AT_decl_column(0x0a)
TMS320C2000 Assembler PC v22.6.0 Mon Apr 21 09:04:20 2025

Copyright (c) 1996-2018 Texas Instruments Incorporated
app_protection.asm                                                   PAGE   24

    1262                      .dwattr $C$DW$71, DW_AT_TI_max_frame_size(-2)
    1263                      .dwpsn  file "D:/15_Delta/14. ANPC Converter/ANPC_3Layer/Source/app/app_protection.c",line 700,column
    1264              
    1265                      .dwfde $C$DW$CIE, ||protect_GetProtectFlagH||
    1266              
    1267              ;***************************************************************
    1268              ;* FNAME: protect_GetProtectFlagH       FR SIZE:   0           *
    1269              ;*                                                             *
    1270              ;* FUNCTION ENVIRONMENT                                        *
    1271              ;*                                                             *
    1272              ;* FUNCTION PROPERTIES                                         *
    1273              ;*                            0 Parameter,  0 Auto,  0 SOE     *
    1274              ;***************************************************************
    1275              
    1276 0000003c       ||protect_GetProtectFlagH||:
    1277                      .dwcfi  cfa_offset, -2
    1278                      .dwcfi  save_reg_to_mem, 26, 0
    1279 0000003c 761F!         MOVW      DP,#||ProtectFlag||+1 ; [CPU_ARAU] 
         0000003d 0000 
    1280                      .dwpsn  file "D:/15_Delta/14. ANPC Converter/ANPC_3Layer/Source/app/app_protection.c",line 701,column
    1281 0000003e 9201!         MOV       AL,@$BLOCKED(||ProtectFlag||)+1 ; [CPU_ALU] |701| 
    1282              $C$DW$72        .dwtag  DW_TAG_TI_branch
    1283                      .dwattr $C$DW$72, DW_AT_low_pc(0x00)
    1284                      .dwattr $C$DW$72, DW_AT_TI_return
    1285              
    1286 0000003f 0006          LRETR     ; [CPU_ALU] 
    1287                      ; return occurs ; [] 
    1288                      .dwattr $C$DW$71, DW_AT_TI_end_file("D:/15_Delta/14. ANPC Converter/ANPC_3Layer/Source/app/app_protec
    1289                      .dwattr $C$DW$71, DW_AT_TI_end_line(0x2be)
    1290                      .dwattr $C$DW$71, DW_AT_TI_end_column(0x01)
    1291                      .dwendentry
    1292                      .dwendtag $C$DW$71
    1293              
    1294 00000040               .sect   ".text"
    1295                      .clink
    1296                      .global ||protect_GetProtectFlagDWord||
    1297              
    1298              $C$DW$73        .dwtag  DW_TAG_subprogram
    1299                      .dwattr $C$DW$73, DW_AT_name("protect_GetProtectFlagDWord")
    1300                      .dwattr $C$DW$73, DW_AT_low_pc(||protect_GetProtectFlagDWord||)
    1301                      .dwattr $C$DW$73, DW_AT_high_pc(0x00)
    1302                      .dwattr $C$DW$73, DW_AT_linkage_name("protect_GetProtectFlagDWord")
    1303                      .dwattr $C$DW$73, DW_AT_external
    1304                      .dwattr $C$DW$73, DW_AT_type(*$C$DW$T$44)
    1305                      .dwattr $C$DW$73, DW_AT_decl_file("D:/15_Delta/14. ANPC Converter/ANPC_3Layer/Source/app/app_protecti
    1306                      .dwattr $C$DW$73, DW_AT_decl_line(0x2c0)
    1307                      .dwattr $C$DW$73, DW_AT_decl_column(0x0a)
    1308                      .dwattr $C$DW$73, DW_AT_TI_max_frame_size(-2)
    1309                      .dwpsn  file "D:/15_Delta/14. ANPC Converter/ANPC_3Layer/Source/app/app_protection.c",line 705,column
    1310              
    1311                      .dwfde $C$DW$CIE, ||protect_GetProtectFlagDWord||
    1312              
    1313              ;***************************************************************
    1314              ;* FNAME: protect_GetProtectFlagDWord   FR SIZE:   0           *
    1315              ;*                                                             *
TMS320C2000 Assembler PC v22.6.0 Mon Apr 21 09:04:20 2025

Copyright (c) 1996-2018 Texas Instruments Incorporated
app_protection.asm                                                   PAGE   25

    1316              ;* FUNCTION ENVIRONMENT                                        *
    1317              ;*                                                             *
    1318              ;* FUNCTION PROPERTIES                                         *
    1319              ;*                            0 Parameter,  0 Auto,  0 SOE     *
    1320              ;***************************************************************
    1321              
    1322 00000040       ||protect_GetProtectFlagDWord||:
    1323                      .dwcfi  cfa_offset, -2
    1324                      .dwcfi  save_reg_to_mem, 26, 0
    1325 00000040 761F!         MOVW      DP,#||ProtectFlag||   ; [CPU_ARAU] 
         00000041 0000 
    1326                      .dwpsn  file "D:/15_Delta/14. ANPC Converter/ANPC_3Layer/Source/app/app_protection.c",line 706,column
    1327 00000042 0600!         MOVL      ACC,@||ProtectFlag||  ; [CPU_ALU] |706| 
    1328              $C$DW$74        .dwtag  DW_TAG_TI_branch
    1329                      .dwattr $C$DW$74, DW_AT_low_pc(0x00)
    1330                      .dwattr $C$DW$74, DW_AT_TI_return
    1331              
    1332 00000043 0006          LRETR     ; [CPU_ALU] 
    1333                      ; return occurs ; [] 
    1334                      .dwattr $C$DW$73, DW_AT_TI_end_file("D:/15_Delta/14. ANPC Converter/ANPC_3Layer/Source/app/app_protec
    1335                      .dwattr $C$DW$73, DW_AT_TI_end_line(0x2c3)
    1336                      .dwattr $C$DW$73, DW_AT_TI_end_column(0x01)
    1337                      .dwendentry
    1338                      .dwendtag $C$DW$73
    1339              
    1340 00000044               .sect   ".text"
    1341                      .clink
    1342                      .global ||protect_CheckTemperatureProtection||
    1343              
    1344              $C$DW$75        .dwtag  DW_TAG_subprogram
    1345                      .dwattr $C$DW$75, DW_AT_name("protect_CheckTemperatureProtection")
    1346                      .dwattr $C$DW$75, DW_AT_low_pc(||protect_CheckTemperatureProtection||)
    1347                      .dwattr $C$DW$75, DW_AT_high_pc(0x00)
    1348                      .dwattr $C$DW$75, DW_AT_linkage_name("protect_CheckTemperatureProtection")
    1349                      .dwattr $C$DW$75, DW_AT_external
    1350                      .dwattr $C$DW$75, DW_AT_decl_file("D:/15_Delta/14. ANPC Converter/ANPC_3Layer/Source/app/app_protecti
    1351                      .dwattr $C$DW$75, DW_AT_decl_line(0x20a)
    1352                      .dwattr $C$DW$75, DW_AT_decl_column(0x06)
    1353                      .dwattr $C$DW$75, DW_AT_TI_max_frame_size(-2)
    1354                      .dwpsn  file "D:/15_Delta/14. ANPC Converter/ANPC_3Layer/Source/app/app_protection.c",line 523,column
    1355              
    1356                      .dwfde $C$DW$CIE, ||protect_CheckTemperatureProtection||
    1357              
    1358              ;***************************************************************
    1359              ;* FNAME: protect_CheckTemperatureProtection FR SIZE:   0           *
    1360              ;*                                                             *
    1361              ;* FUNCTION ENVIRONMENT                                        *
    1362              ;*                                                             *
    1363              ;* FUNCTION PROPERTIES                                         *
    1364              ;*                            0 Parameter,  0 Auto,  0 SOE     *
    1365              ;***************************************************************
    1366              
    1367 00000044       ||protect_CheckTemperatureProtection||:
    1368                      .dwcfi  cfa_offset, -2
    1369                      .dwcfi  save_reg_to_mem, 26, 0
TMS320C2000 Assembler PC v22.6.0 Mon Apr 21 09:04:20 2025

Copyright (c) 1996-2018 Texas Instruments Incorporated
app_protection.asm                                                   PAGE   26

    1370              $C$DW$76        .dwtag  DW_TAG_TI_branch
    1371                      .dwattr $C$DW$76, DW_AT_low_pc(0x00)
    1372                      .dwattr $C$DW$76, DW_AT_TI_return
    1373              
    1374 00000044 0006          LRETR     ; [CPU_ALU] 
    1375                      ; return occurs ; [] 
    1376                      .dwattr $C$DW$75, DW_AT_TI_end_file("D:/15_Delta/14. ANPC Converter/ANPC_3Layer/Source/app/app_protec
    1377                      .dwattr $C$DW$75, DW_AT_TI_end_line(0x272)
    1378                      .dwattr $C$DW$75, DW_AT_TI_end_column(0x01)
    1379                      .dwendentry
    1380                      .dwendtag $C$DW$75
    1381              
    1382 00000045               .sect   ".text"
    1383                      .clink
    1384                      .global ||protect_CheckOtherProtection||
    1385              
    1386              $C$DW$77        .dwtag  DW_TAG_subprogram
    1387                      .dwattr $C$DW$77, DW_AT_name("protect_CheckOtherProtection")
    1388                      .dwattr $C$DW$77, DW_AT_low_pc(||protect_CheckOtherProtection||)
    1389                      .dwattr $C$DW$77, DW_AT_high_pc(0x00)
    1390                      .dwattr $C$DW$77, DW_AT_linkage_name("protect_CheckOtherProtection")
    1391                      .dwattr $C$DW$77, DW_AT_external
    1392                      .dwattr $C$DW$77, DW_AT_decl_file("D:/15_Delta/14. ANPC Converter/ANPC_3Layer/Source/app/app_protecti
    1393                      .dwattr $C$DW$77, DW_AT_decl_line(0x274)
    1394                      .dwattr $C$DW$77, DW_AT_decl_column(0x06)
    1395                      .dwattr $C$DW$77, DW_AT_TI_max_frame_size(-2)
    1396                      .dwpsn  file "D:/15_Delta/14. ANPC Converter/ANPC_3Layer/Source/app/app_protection.c",line 629,column
    1397              
    1398                      .dwfde $C$DW$CIE, ||protect_CheckOtherProtection||
    1399              
    1400              ;***************************************************************
    1401              ;* FNAME: protect_CheckOtherProtection  FR SIZE:   0           *
    1402              ;*                                                             *
    1403              ;* FUNCTION ENVIRONMENT                                        *
    1404              ;*                                                             *
    1405              ;* FUNCTION PROPERTIES                                         *
    1406              ;*                            0 Parameter,  0 Auto,  0 SOE     *
    1407              ;***************************************************************
    1408              
    1409 00000045       ||protect_CheckOtherProtection||:
    1410                      .dwcfi  cfa_offset, -2
    1411                      .dwcfi  save_reg_to_mem, 26, 0
    1412 00000045 761F!         MOVW      DP,#||ProtectFlag||+1 ; [CPU_ARAU] 
         00000046 0000 
    1413                      .dwpsn  file "D:/15_Delta/14. ANPC Converter/ANPC_3Layer/Source/app/app_protection.c",line 661,column
    1414 00000047 1801!         AND       @$BLOCKED(||ProtectFlag||)+1,#0xfff8 ; [CPU_ALU] |661| 
         00000048 FFF8 
    1415              $C$DW$78        .dwtag  DW_TAG_TI_branch
    1416                      .dwattr $C$DW$78, DW_AT_low_pc(0x00)
    1417                      .dwattr $C$DW$78, DW_AT_TI_return
    1418              
    1419 00000049 0006          LRETR     ; [CPU_ALU] 
    1420                      ; return occurs ; [] 
    1421                      .dwattr $C$DW$77, DW_AT_TI_end_file("D:/15_Delta/14. ANPC Converter/ANPC_3Layer/Source/app/app_protec
    1422                      .dwattr $C$DW$77, DW_AT_TI_end_line(0x2b4)
TMS320C2000 Assembler PC v22.6.0 Mon Apr 21 09:04:20 2025

Copyright (c) 1996-2018 Texas Instruments Incorporated
app_protection.asm                                                   PAGE   27

    1423                      .dwattr $C$DW$77, DW_AT_TI_end_column(0x01)
    1424                      .dwendentry
    1425                      .dwendtag $C$DW$77
    1426              
    1427 0000004a               .sect   ".text"
    1428                      .clink
    1429                      .global ||protect_CheckGridVoltageProtection||
    1430              
    1431              $C$DW$79        .dwtag  DW_TAG_subprogram
    1432                      .dwattr $C$DW$79, DW_AT_name("protect_CheckGridVoltageProtection")
    1433                      .dwattr $C$DW$79, DW_AT_low_pc(||protect_CheckGridVoltageProtection||)
    1434                      .dwattr $C$DW$79, DW_AT_high_pc(0x00)
    1435                      .dwattr $C$DW$79, DW_AT_linkage_name("protect_CheckGridVoltageProtection")
    1436                      .dwattr $C$DW$79, DW_AT_external
    1437                      .dwattr $C$DW$79, DW_AT_decl_file("D:/15_Delta/14. ANPC Converter/ANPC_3Layer/Source/app/app_protecti
    1438                      .dwattr $C$DW$79, DW_AT_decl_line(0x60)
    1439                      .dwattr $C$DW$79, DW_AT_decl_column(0x06)
    1440                      .dwattr $C$DW$79, DW_AT_TI_max_frame_size(-6)
    1441                      .dwpsn  file "D:/15_Delta/14. ANPC Converter/ANPC_3Layer/Source/app/app_protection.c",line 97,column 
    1442              
    1443                      .dwfde $C$DW$CIE, ||protect_CheckGridVoltageProtection||
    1444              
    1445              ;***************************************************************
    1446              ;* FNAME: protect_CheckGridVoltageProtection FR SIZE:   4           *
    1447              ;*                                                             *
    1448              ;* FUNCTION ENVIRONMENT                                        *
    1449              ;*                                                             *
    1450              ;* FUNCTION PROPERTIES                                         *
    1451              ;*                            2 Parameter,  0 Auto,  2 SOE     *
    1452              ;***************************************************************
    1453              
    1454 0000004a       ||protect_CheckGridVoltageProtection||:
    1455              ;* AR4   assigned to $O$C11
    1456              ;* AR4   assigned to $O$C12
    1457              ;* AR4   assigned to $O$C13
    1458              ;* AR4   assigned to $O$C14
    1459              ;* AR4   assigned to $O$C15
    1460              ;* AR4   assigned to $O$C16
    1461              ;* R0    assigned to $O$U64
    1462              ;* R0    assigned to $O$U64
    1463              ;* R0    assigned to $O$U99
    1464              ;* R0    assigned to $O$U99
    1465              ;* R0    assigned to $O$U126
    1466              ;* R0    assigned to $O$U126
    1467              ;* AR1   assigned to $O$S1
    1468              ;* AR1   assigned to $O$S2
    1469              ;* AL    assigned to $O$S3
    1470              ;* AR1   assigned to $O$S4
    1471              ;* AL    assigned to $O$S5
    1472              ;* AR1   assigned to $O$S6
    1473              ;* AL    assigned to $O$S7
    1474              ;* AR1   assigned to $O$S8
    1475              ;* AL    assigned to $O$S9
    1476              ;* AR1   assigned to $O$S10
    1477                      .dwcfi  cfa_offset, -2
TMS320C2000 Assembler PC v22.6.0 Mon Apr 21 09:04:20 2025

Copyright (c) 1996-2018 Texas Instruments Incorporated
app_protection.asm                                                   PAGE   28

    1478                      .dwcfi  save_reg_to_mem, 26, 0
    1479 0000004a B2BD          MOVL      *SP++,XAR1            ; [CPU_ALU] 
    1480                      .dwcfi  save_reg_to_mem, 7, 2
    1481                      .dwcfi  cfa_offset, -4
    1482 0000004b FE02          ADDB      SP,#2                 ; [CPU_ARAU] 
    1483                      .dwcfi  cfa_offset, -6
    1484 0000004c 761F!         MOVW      DP,#||PhyValue||+6    ; [CPU_ARAU] 
         0000004d 0000 
    1485                      .dwpsn  file "D:/15_Delta/14. ANPC Converter/ANPC_3Layer/Source/app/app_protection.c",line 99,column 
    1486 0000004e E2AF!         MOV32     R0H,@$BLOCKED(||PhyValue||)+6 ; [CPU_FPU] |99| 
         0000004f 0006 
    1487 00000050 D100          MOVB      XAR1,#0               ; [CPU_ALU] |99| 
    1488 00000051 E812          CMPF32    R0H,#17332            ; [CPU_FPU] |99| 
         00000052 1DA0 
    1489 00000053 AD14          MOVST0    ZF, NF                ; [CPU_FPU] |99| 
    1490 00000054 620D          B         ||$C$L1||,GT          ; [CPU_ALU] |99| 
    1491                      ; branchcc occurs ; [] |99| 
    1492 00000055 E2AF!         MOV32     R0H,@$BLOCKED(||PhyValue||)+42 ; [CPU_FPU] |99| 
         00000056 002A 
    1493 00000057 E812          CMPF32    R0H,#17332            ; [CPU_FPU] |99| 
         00000058 1DA0 
    1494 00000059 AD14          MOVST0    ZF, NF                ; [CPU_FPU] |99| 
    1495 0000005a 6207          B         ||$C$L1||,GT          ; [CPU_ALU] |99| 
    1496                      ; branchcc occurs ; [] |99| 
    1497 0000005b E2AF!         MOV32     R0H,@$BLOCKED(||PhyValue||)+60 ; [CPU_FPU] |99| 
         0000005c 003C 
    1498 0000005d E812          CMPF32    R0H,#17332            ; [CPU_FPU] |99| 
         0000005e 1DA0 
    1499 0000005f AD14          MOVST0    ZF, NF                ; [CPU_FPU] |99| 
    1500 00000060 6506          B         ||$C$L2||,LEQ         ; [CPU_ALU] |99| 
    1501                      ; branchcc occurs ; [] |99| 
    1502              ||$C$L1||:    
    1503              $C$DW$80        .dwtag  DW_TAG_TI_branch
    1504                      .dwattr $C$DW$80, DW_AT_low_pc(0x00)
    1505                      .dwattr $C$DW$80, DW_AT_name("state_IsStandby")
    1506                      .dwattr $C$DW$80, DW_AT_TI_call
    1507              
    1508 00000061 7640!         LCR       #||state_IsStandby||  ; [CPU_ALU] |99| 
         00000062 0000 
    1509                      ; call occurs [#||state_IsStandby||] ; [] |99| 
    1510 00000063 5200          CMPB      AL,#0                 ; [CPU_ALU] |99| 
    1511 00000064 56B1          MOVB      XAR1,#1,EQ            ; [CPU_ALU] |99| 
         00000065 01A1 
    1512 00000066       ||$C$L2||:    
    1513 00000066 761F!         MOVW      DP,#||PhyValue||+6    ; [CPU_ARAU] 
         00000067 0000 
    1514                      .dwpsn  file "D:/15_Delta/14. ANPC Converter/ANPC_3Layer/Source/app/app_protection.c",line 100,column
    1515 00000068 E2AF!         MOV32     R0H,@$BLOCKED(||PhyValue||)+6 ; [CPU_FPU] |100| 
         00000069 0006 
    1516 0000006a 9A00          MOVB      AL,#0                 ; [CPU_ALU] |100| 
    1517 0000006b 761F!         MOVW      DP,#||EvtIsHpn||      ; [CPU_ARAU] 
         0000006c 0000 
    1518 0000006d E812          CMPF32    R0H,#17327            ; [CPU_FPU] |100| 
         0000006e 1D78 
    1519                      .dwpsn  file "D:/15_Delta/14. ANPC Converter/ANPC_3Layer/Source/app/app_protection.c",line 99,column 
TMS320C2000 Assembler PC v22.6.0 Mon Apr 21 09:04:20 2025

Copyright (c) 1996-2018 Texas Instruments Incorporated
app_protection.asm                                                   PAGE   29

    1520 0000006f 7900!         MOV       @||EvtIsHpn||,AR1     ; [CPU_ALU] |99| 
    1521                      .dwpsn  file "D:/15_Delta/14. ANPC Converter/ANPC_3Layer/Source/app/app_protection.c",line 100,column
    1522 00000070 AD14          MOVST0    ZF, NF                ; [CPU_FPU] |100| 
    1523 00000071 6310          B         ||$C$L3||,GEQ         ; [CPU_ALU] |100| 
    1524                      ; branchcc occurs ; [] |100| 
    1525 00000072 761F!         MOVW      DP,#||PhyValue||+42   ; [CPU_ARAU] 
         00000073 0000 
    1526 00000074 E2AF!         MOV32     R0H,@$BLOCKED(||PhyValue||)+42 ; [CPU_FPU] |100| 
         00000075 002A 
    1527 00000076 E812          CMPF32    R0H,#17327            ; [CPU_FPU] |100| 
         00000077 1D78 
    1528 00000078 AD14          MOVST0    ZF, NF                ; [CPU_FPU] |100| 
    1529 00000079 6308          B         ||$C$L3||,GEQ         ; [CPU_ALU] |100| 
    1530                      ; branchcc occurs ; [] |100| 
    1531 0000007a E2AF!         MOV32     R0H,@$BLOCKED(||PhyValue||)+60 ; [CPU_FPU] |100| 
         0000007b 003C 
    1532 0000007c E812          CMPF32    R0H,#17327            ; [CPU_FPU] |100| 
         0000007d 1D78 
    1533 0000007e AD14          MOVST0    ZF, NF                ; [CPU_FPU] |100| 
    1534 0000007f 56B4          MOVB      AL,#1,LT              ; [CPU_ALU] |100| 
         00000080 01A9 
    1535 00000081       ||$C$L3||:    
    1536 00000081 761F!         MOVW      DP,#||EvtIsRvy||      ; [CPU_ARAU] 
         00000082 0000 
    1537                      .dwpsn  file "D:/15_Delta/14. ANPC Converter/ANPC_3Layer/Source/app/app_protection.c",line 102,column
    1538 00000083 8F00!         MOVL      XAR4,#||Vgrid_swOVP_count|| ; [CPU_ARAU] |102| 
         00000084 0000 
    1539                      .dwpsn  file "D:/15_Delta/14. ANPC Converter/ANPC_3Layer/Source/app/app_protection.c",line 100,column
    1540 00000085 9600!         MOV       @||EvtIsRvy||,AL      ; [CPU_ALU] |100| 
    1541                      .dwpsn  file "D:/15_Delta/14. ANPC Converter/ANPC_3Layer/Source/app/app_protection.c",line 103,column
    1542 00000086 9B05          MOVB      AH,#5                 ; [CPU_ALU] |103| 
    1543 00000087 9A28          MOVB      AL,#40                ; [CPU_ALU] |103| 
    1544                      .dwpsn  file "D:/15_Delta/14. ANPC Converter/ANPC_3Layer/Source/app/app_protection.c",line 102,column
    1545 00000088 0AC4          INC       *+XAR4[0]             ; [CPU_ALU] |102| 
    1546                      .dwpsn  file "D:/15_Delta/14. ANPC Converter/ANPC_3Layer/Source/app/app_protection.c",line 103,column
    1547              $C$DW$81        .dwtag  DW_TAG_TI_branch
    1548                      .dwattr $C$DW$81, DW_AT_low_pc(0x00)
    1549                      .dwattr $C$DW$81, DW_AT_name("event_EventIsMatch")
    1550                      .dwattr $C$DW$81, DW_AT_TI_call
    1551              
    1552 00000089 7640!         LCR       #||event_EventIsMatch|| ; [CPU_ALU] |103| 
         0000008a 0000 
    1553                      ; call occurs [#||event_EventIsMatch||] ; [] |103| 
    1554 0000008b 761F!         MOVW      DP,#||Vgrid_swOVP_count|| ; [CPU_ARAU] 
         0000008c 0000 
    1555                      .dwpsn  file "D:/15_Delta/14. ANPC Converter/ANPC_3Layer/Source/app/app_protection.c",line 104,column
    1556 0000008d 4F00!         TBIT      @||Vgrid_swOVP_count||,#15 ; [CPU_ALU] |104| 
    1557 0000008e 6D0F          B         ||$C$L4||,TC          ; [CPU_ALU] |104| 
    1558                      ; branchcc occurs ; [] |104| 
    1559                      .dwpsn  file "D:/15_Delta/14. ANPC Converter/ANPC_3Layer/Source/app/app_protection.c",line 120,column
    1560 0000008f 9200!         MOV       AL,@||Vgrid_swOVP_Rvytrigger|| ; [CPU_ALU] |120| 
    1561                      .dwpsn  file "D:/15_Delta/14. ANPC Converter/ANPC_3Layer/Source/app/app_protection.c",line 119,column
    1562 00000090 2B00!         MOV       @||Vgrid_swOVP_Hpntrigger||,#0 ; [CPU_ALU] |119| 
    1563                      .dwpsn  file "D:/15_Delta/14. ANPC Converter/ANPC_3Layer/Source/app/app_protection.c",line 120,column
    1564 00000091 6036          B         ||$C$L5||,NEQ         ; [CPU_ALU] |120| 
TMS320C2000 Assembler PC v22.6.0 Mon Apr 21 09:04:20 2025

Copyright (c) 1996-2018 Texas Instruments Incorporated
app_protection.asm                                                   PAGE   30

    1565                      ; branchcc occurs ; [] |120| 
    1566                      .dwpsn  file "D:/15_Delta/14. ANPC Converter/ANPC_3Layer/Source/app/app_protection.c",line 122,column
    1567 00000092 56BF!         MOVB      @||Vgrid_swOVP_Rvytrigger||,#1,UNC ; [CPU_ALU] |122| 
         00000093 0100 
    1568                      .dwpsn  file "D:/15_Delta/14. ANPC Converter/ANPC_3Layer/Source/app/app_protection.c",line 123,column
    1569              $C$DW$82        .dwtag  DW_TAG_TI_branch
    1570                      .dwattr $C$DW$82, DW_AT_low_pc(0x00)
    1571                      .dwattr $C$DW$82, DW_AT_name("state_IsStandby")
    1572                      .dwattr $C$DW$82, DW_AT_TI_call
    1573              
    1574 00000094 7640!         LCR       #||state_IsStandby||  ; [CPU_ALU] |123| 
         00000095 0000 
    1575                      ; call occurs [#||state_IsStandby||] ; [] |123| 
    1576 00000096 5200          CMPB      AL,#0                 ; [CPU_ALU] |123| 
    1577 00000097 6130          B         ||$C$L5||,EQ          ; [CPU_ALU] |123| 
    1578                      ; branchcc occurs ; [] |123| 
    1579 00000098 761F!         MOVW      DP,#||ProtectFlag||   ; [CPU_ARAU] 
         00000099 0000 
    1580                      .dwpsn  file "D:/15_Delta/14. ANPC Converter/ANPC_3Layer/Source/app/app_protection.c",line 124,column
    1581 0000009a 1800!         AND       @||ProtectFlag||,#0xfffe ; [CPU_ALU] |124| 
         0000009b FFFE 
    1582 0000009c 6F2B          B         ||$C$L5||,UNC         ; [CPU_ALU] |124| 
    1583                      ; branch occurs ; [] |124| 
    1584 0000009d       ||$C$L4||:    
    1585                      .dwpsn  file "D:/15_Delta/14. ANPC Converter/ANPC_3Layer/Source/app/app_protection.c",line 107,column
    1586 0000009d 9200!         MOV       AL,@||Vgrid_swOVP_Hpntrigger|| ; [CPU_ALU] |107| 
    1587                      .dwpsn  file "D:/15_Delta/14. ANPC Converter/ANPC_3Layer/Source/app/app_protection.c",line 106,column
    1588 0000009e 2B00!         MOV       @||Vgrid_swOVP_Rvytrigger||,#0 ; [CPU_ALU] |106| 
    1589                      .dwpsn  file "D:/15_Delta/14. ANPC Converter/ANPC_3Layer/Source/app/app_protection.c",line 107,column
    1590 0000009f 6028          B         ||$C$L5||,NEQ         ; [CPU_ALU] |107| 
    1591                      ; branchcc occurs ; [] |107| 
    1592                      .dwpsn  file "D:/15_Delta/14. ANPC Converter/ANPC_3Layer/Source/app/app_protection.c",line 109,column
    1593 000000a0 56BF!         MOVB      @||Vgrid_swOVP_Hpntrigger||,#1,UNC ; [CPU_ALU] |109| 
         000000a1 0100 
    1594                      .dwpsn  file "D:/15_Delta/14. ANPC Converter/ANPC_3Layer/TMS320F280049C/device/driverlib/epwm.h",line
    1595 000000a2 7622          EALLOW    ; [CPU_ALU] |4654| 
    1596                      .dwpsn  file "D:/15_Delta/14. ANPC Converter/ANPC_3Layer/TMS320F280049C/device/driverlib/epwm.h",line
    1597 000000a3 F5A9          MOV       AL,*(0:0x409b)        ; [CPU_ALU] |4655| 
         000000a4 409B 
    1598 000000a5 5004          ORB       AL,#0x04              ; [CPU_ALU] |4655| 
    1599 000000a6 F4A9          MOV       *(0:0x409b),AL        ; [CPU_ALU] |4655| 
         000000a7 409B 
    1600 000000a8 F5A9          MOV       AL,*(0:0x419b)        ; [CPU_ALU] |4655| 
         000000a9 419B 
    1601 000000aa 5004          ORB       AL,#0x04              ; [CPU_ALU] |4655| 
    1602 000000ab F4A9          MOV       *(0:0x419b),AL        ; [CPU_ALU] |4655| 
         000000ac 419B 
    1603 000000ad F5A9          MOV       AL,*(0:0x429b)        ; [CPU_ALU] |4655| 
         000000ae 429B 
    1604 000000af 5004          ORB       AL,#0x04              ; [CPU_ALU] |4655| 
    1605 000000b0 F4A9          MOV       *(0:0x429b),AL        ; [CPU_ALU] |4655| 
         000000b1 429B 
    1606 000000b2 F5A9          MOV       AL,*(0:0x439b)        ; [CPU_ALU] |4655| 
         000000b3 439B 
    1607 000000b4 5004          ORB       AL,#0x04              ; [CPU_ALU] |4655| 
TMS320C2000 Assembler PC v22.6.0 Mon Apr 21 09:04:20 2025

Copyright (c) 1996-2018 Texas Instruments Incorporated
app_protection.asm                                                   PAGE   31

    1608 000000b5 F4A9          MOV       *(0:0x439b),AL        ; [CPU_ALU] |4655| 
         000000b6 439B 
    1609 000000b7 F5A9          MOV       AL,*(0:0x469b)        ; [CPU_ALU] |4655| 
         000000b8 469B 
    1610 000000b9 5004          ORB       AL,#0x04              ; [CPU_ALU] |4655| 
    1611 000000ba F4A9          MOV       *(0:0x469b),AL        ; [CPU_ALU] |4655| 
         000000bb 469B 
    1612 000000bc F5A9          MOV       AL,*(0:0x479b)        ; [CPU_ALU] |4655| 
         000000bd 479B 
    1613 000000be 5004          ORB       AL,#0x04              ; [CPU_ALU] |4655| 
    1614 000000bf F4A9          MOV       *(0:0x479b),AL        ; [CPU_ALU] |4655| 
         000000c0 479B 
    1615                      .dwpsn  file "D:/15_Delta/14. ANPC Converter/ANPC_3Layer/TMS320F280049C/device/driverlib/epwm.h",line
    1616 000000c1 761A          EDIS      ; [CPU_ALU] |4656| 
    1617                      .dwpsn  file "D:/15_Delta/14. ANPC Converter/ANPC_3Layer/Source/app/app_protection.c",line 113,column
    1618 000000c2 1A00!         OR        @||ProtectFlag||,#0x0001 ; [CPU_ALU] |113| 
         000000c3 0001 
    1619                      .dwpsn  file "D:/15_Delta/14. ANPC Converter/ANPC_3Layer/Source/app/app_protection.c",line 114,column
    1620 000000c4 9A03          MOVB      AL,#3                 ; [CPU_ALU] |114| 
    1621              $C$DW$83        .dwtag  DW_TAG_TI_branch
    1622                      .dwattr $C$DW$83, DW_AT_low_pc(0x00)
    1623                      .dwattr $C$DW$83, DW_AT_name("state_ReportEvent")
    1624                      .dwattr $C$DW$83, DW_AT_TI_call
    1625              
    1626 000000c5 7640!         LCR       #||state_ReportEvent|| ; [CPU_ALU] |114| 
         000000c6 0000 
    1627                      ; call occurs [#||state_ReportEvent||] ; [] |114| 
    1628 000000c7       ||$C$L5||:    
    1629 000000c7 761F!         MOVW      DP,#||PhyValue||      ; [CPU_ARAU] 
         000000c8 0000 
    1630                      .dwpsn  file "D:/15_Delta/14. ANPC Converter/ANPC_3Layer/Source/app/app_protection.c",line 130,column
    1631 000000c9 E2AF!         MOV32     R0H,@$BLOCKED(||PhyValue||) ; [CPU_FPU] |130| 
         000000ca 0000 
    1632 000000cb D100          MOVB      XAR1,#0               ; [CPU_ALU] |130| 
    1633 000000cc E5A0          CMPF32    R0H,#0                ; [CPU_FPU] |130| 
    1634 000000cd AD14          MOVST0    ZF, NF                ; [CPU_FPU] |130| 
    1635 000000ce 6405          B         ||$C$L6||,LT          ; [CPU_ALU] |130| 
    1636                      ; branchcc occurs ; [] |130| 
    1637 000000cf E812          CMPF32    R0H,#17096            ; [CPU_FPU] |130| 
         000000d0 1640 
    1638 000000d1 AD14          MOVST0    ZF, NF                ; [CPU_FPU] |130| 
    1639 000000d2 6408          B         ||$C$L7||,LT          ; [CPU_ALU] |130| 
    1640                      ; branchcc occurs ; [] |130| 
    1641 000000d3       ||$C$L6||:    
    1642 000000d3 E5A0          CMPF32    R0H,#0                ; [CPU_FPU] |130| 
    1643 000000d4 AD14          MOVST0    ZF, NF                ; [CPU_FPU] |130| 
    1644 000000d5 630A          B         ||$C$L8||,GEQ         ; [CPU_ALU] |130| 
    1645                      ; branchcc occurs ; [] |130| 
    1646 000000d6 E816          CMPF32    R0H,#49864            ; [CPU_FPU] |130| 
         000000d7 1640 
    1647 000000d8 AD14          MOVST0    ZF, NF                ; [CPU_FPU] |130| 
    1648 000000d9 6506          B         ||$C$L8||,LEQ         ; [CPU_ALU] |130| 
    1649                      ; branchcc occurs ; [] |130| 
    1650              ||$C$L7||:    
    1651              $C$DW$84        .dwtag  DW_TAG_TI_branch
TMS320C2000 Assembler PC v22.6.0 Mon Apr 21 09:04:20 2025

Copyright (c) 1996-2018 Texas Instruments Incorporated
app_protection.asm                                                   PAGE   32

    1652                      .dwattr $C$DW$84, DW_AT_low_pc(0x00)
    1653                      .dwattr $C$DW$84, DW_AT_name("state_IsStandby")
    1654                      .dwattr $C$DW$84, DW_AT_TI_call
    1655              
    1656 000000da 7640!         LCR       #||state_IsStandby||  ; [CPU_ALU] |130| 
         000000db 0000 
    1657                      ; call occurs [#||state_IsStandby||] ; [] |130| 
    1658 000000dc 5200          CMPB      AL,#0                 ; [CPU_ALU] |130| 
    1659 000000dd 56B1          MOVB      XAR1,#1,EQ            ; [CPU_ALU] |130| 
         000000de 01A1 
    1660 000000df       ||$C$L8||:    
    1661 000000df 761F!         MOVW      DP,#||PhyValue||      ; [CPU_ARAU] 
         000000e0 0000 
    1662                      .dwpsn  file "D:/15_Delta/14. ANPC Converter/ANPC_3Layer/Source/app/app_protection.c",line 132,column
    1663 000000e1 E2AF!         MOV32     R0H,@$BLOCKED(||PhyValue||) ; [CPU_FPU] |132| 
         000000e2 0000 
    1664 000000e3 9A01          MOVB      AL,#1                 ; [CPU_ALU] |132| 
    1665 000000e4 761F!         MOVW      DP,#||EvtIsHpn||      ; [CPU_ARAU] 
         000000e5 0000 
    1666 000000e6 E5A0          CMPF32    R0H,#0                ; [CPU_FPU] |132| 
    1667                      .dwpsn  file "D:/15_Delta/14. ANPC Converter/ANPC_3Layer/Source/app/app_protection.c",line 130,column
    1668 000000e7 7900!         MOV       @||EvtIsHpn||,AR1     ; [CPU_ALU] |130| 
    1669                      .dwpsn  file "D:/15_Delta/14. ANPC Converter/ANPC_3Layer/Source/app/app_protection.c",line 132,column
    1670 000000e8 AD14          MOVST0    ZF, NF                ; [CPU_FPU] |132| 
    1671 000000e9 6405          B         ||$C$L9||,LT          ; [CPU_ALU] |132| 
    1672                      ; branchcc occurs ; [] |132| 
    1673 000000ea E812          CMPF32    R0H,#17136            ; [CPU_FPU] |132| 
         000000eb 1780 
    1674 000000ec AD14          MOVST0    ZF, NF                ; [CPU_FPU] |132| 
    1675 000000ed 6209          B         ||$C$L11||,GT         ; [CPU_ALU] |132| 
    1676                      ; branchcc occurs ; [] |132| 
    1677 000000ee       ||$C$L9||:    
    1678 000000ee E5A0          CMPF32    R0H,#0                ; [CPU_FPU] |132| 
    1679 000000ef AD14          MOVST0    ZF, NF                ; [CPU_FPU] |132| 
    1680 000000f0 6305          B         ||$C$L10||,GEQ        ; [CPU_ALU] |132| 
    1681                      ; branchcc occurs ; [] |132| 
    1682 000000f1 E816          CMPF32    R0H,#49904            ; [CPU_FPU] |132| 
         000000f2 1780 
    1683 000000f3 AD14          MOVST0    ZF, NF                ; [CPU_FPU] |132| 
    1684 000000f4 6402          B         ||$C$L11||,LT         ; [CPU_ALU] |132| 
    1685                      ; branchcc occurs ; [] |132| 
    1686 000000f5       ||$C$L10||:    
    1687 000000f5 9A00          MOVB      AL,#0                 ; [CPU_ALU] |132| 
    1688 000000f6       ||$C$L11||:    
    1689 000000f6 761F!         MOVW      DP,#||EvtIsRvy||      ; [CPU_ARAU] 
         000000f7 0000 
    1690                      .dwpsn  file "D:/15_Delta/14. ANPC Converter/ANPC_3Layer/Source/app/app_protection.c",line 135,column
    1691 000000f8 8F00!         MOVL      XAR4,#||VgridA_swUVP_count|| ; [CPU_ARAU] |135| 
         000000f9 0000 
    1692                      .dwpsn  file "D:/15_Delta/14. ANPC Converter/ANPC_3Layer/Source/app/app_protection.c",line 132,column
    1693 000000fa 9600!         MOV       @||EvtIsRvy||,AL      ; [CPU_ALU] |132| 
    1694                      .dwpsn  file "D:/15_Delta/14. ANPC Converter/ANPC_3Layer/Source/app/app_protection.c",line 136,column
    1695 000000fb 9B00          MOVB      AH,#0                 ; [CPU_ALU] |136| 
    1696 000000fc 9A0A          MOVB      AL,#10                ; [CPU_ALU] |136| 
    1697                      .dwpsn  file "D:/15_Delta/14. ANPC Converter/ANPC_3Layer/Source/app/app_protection.c",line 135,column
TMS320C2000 Assembler PC v22.6.0 Mon Apr 21 09:04:20 2025

Copyright (c) 1996-2018 Texas Instruments Incorporated
app_protection.asm                                                   PAGE   33

    1698 000000fd 0AC4          INC       *+XAR4[0]             ; [CPU_ALU] |135| 
    1699                      .dwpsn  file "D:/15_Delta/14. ANPC Converter/ANPC_3Layer/Source/app/app_protection.c",line 136,column
    1700              $C$DW$85        .dwtag  DW_TAG_TI_branch
    1701                      .dwattr $C$DW$85, DW_AT_low_pc(0x00)
    1702                      .dwattr $C$DW$85, DW_AT_name("event_EventIsMatch")
    1703                      .dwattr $C$DW$85, DW_AT_TI_call
    1704              
    1705 000000fe 7640!         LCR       #||event_EventIsMatch|| ; [CPU_ALU] |136| 
         000000ff 0000 
    1706                      ; call occurs [#||event_EventIsMatch||] ; [] |136| 
    1707 00000100 761F!         MOVW      DP,#||VgridA_swUVP_count|| ; [CPU_ARAU] 
         00000101 0000 
    1708                      .dwpsn  file "D:/15_Delta/14. ANPC Converter/ANPC_3Layer/Source/app/app_protection.c",line 138,column
    1709 00000102 4F00!         TBIT      @||VgridA_swUVP_count||,#15 ; [CPU_ALU] |138| 
    1710 00000103 6D0F          B         ||$C$L12||,TC         ; [CPU_ALU] |138| 
    1711                      ; branchcc occurs ; [] |138| 
    1712                      .dwpsn  file "D:/15_Delta/14. ANPC Converter/ANPC_3Layer/Source/app/app_protection.c",line 154,column
    1713 00000104 9200!         MOV       AL,@||VgridA_swUVP_Rvytrigger|| ; [CPU_ALU] |154| 
    1714                      .dwpsn  file "D:/15_Delta/14. ANPC Converter/ANPC_3Layer/Source/app/app_protection.c",line 153,column
    1715 00000105 2B00!         MOV       @||VgridA_swUVP_Hpntrigger||,#0 ; [CPU_ALU] |153| 
    1716                      .dwpsn  file "D:/15_Delta/14. ANPC Converter/ANPC_3Layer/Source/app/app_protection.c",line 154,column
    1717 00000106 6036          B         ||$C$L13||,NEQ        ; [CPU_ALU] |154| 
    1718                      ; branchcc occurs ; [] |154| 
    1719                      .dwpsn  file "D:/15_Delta/14. ANPC Converter/ANPC_3Layer/Source/app/app_protection.c",line 156,column
    1720 00000107 56BF!         MOVB      @||VgridA_swUVP_Rvytrigger||,#1,UNC ; [CPU_ALU] |156| 
         00000108 0100 
    1721                      .dwpsn  file "D:/15_Delta/14. ANPC Converter/ANPC_3Layer/Source/app/app_protection.c",line 157,column
    1722              $C$DW$86        .dwtag  DW_TAG_TI_branch
    1723                      .dwattr $C$DW$86, DW_AT_low_pc(0x00)
    1724                      .dwattr $C$DW$86, DW_AT_name("state_IsStandby")
    1725                      .dwattr $C$DW$86, DW_AT_TI_call
    1726              
    1727 00000109 7640!         LCR       #||state_IsStandby||  ; [CPU_ALU] |157| 
         0000010a 0000 
    1728                      ; call occurs [#||state_IsStandby||] ; [] |157| 
    1729 0000010b 5200          CMPB      AL,#0                 ; [CPU_ALU] |157| 
    1730 0000010c 6130          B         ||$C$L13||,EQ         ; [CPU_ALU] |157| 
    1731                      ; branchcc occurs ; [] |157| 
    1732 0000010d 761F!         MOVW      DP,#||ProtectFlag||   ; [CPU_ARAU] 
         0000010e 0000 
    1733                      .dwpsn  file "D:/15_Delta/14. ANPC Converter/ANPC_3Layer/Source/app/app_protection.c",line 158,column
    1734 0000010f 1800!         AND       @||ProtectFlag||,#0xfffd ; [CPU_ALU] |158| 
         00000110 FFFD 
    1735 00000111 6F2B          B         ||$C$L13||,UNC        ; [CPU_ALU] |158| 
    1736                      ; branch occurs ; [] |158| 
    1737 00000112       ||$C$L12||:    
    1738                      .dwpsn  file "D:/15_Delta/14. ANPC Converter/ANPC_3Layer/Source/app/app_protection.c",line 141,column
    1739 00000112 9200!         MOV       AL,@||VgridA_swUVP_Hpntrigger|| ; [CPU_ALU] |141| 
    1740                      .dwpsn  file "D:/15_Delta/14. ANPC Converter/ANPC_3Layer/Source/app/app_protection.c",line 140,column
    1741 00000113 2B00!         MOV       @||VgridA_swUVP_Rvytrigger||,#0 ; [CPU_ALU] |140| 
    1742                      .dwpsn  file "D:/15_Delta/14. ANPC Converter/ANPC_3Layer/Source/app/app_protection.c",line 141,column
    1743 00000114 6028          B         ||$C$L13||,NEQ        ; [CPU_ALU] |141| 
    1744                      ; branchcc occurs ; [] |141| 
    1745                      .dwpsn  file "D:/15_Delta/14. ANPC Converter/ANPC_3Layer/Source/app/app_protection.c",line 143,column
    1746 00000115 56BF!         MOVB      @||VgridA_swUVP_Hpntrigger||,#1,UNC ; [CPU_ALU] |143| 
TMS320C2000 Assembler PC v22.6.0 Mon Apr 21 09:04:20 2025

Copyright (c) 1996-2018 Texas Instruments Incorporated
app_protection.asm                                                   PAGE   34

         00000116 0100 
    1747                      .dwpsn  file "D:/15_Delta/14. ANPC Converter/ANPC_3Layer/TMS320F280049C/device/driverlib/epwm.h",line
    1748 00000117 7622          EALLOW    ; [CPU_ALU] |4654| 
    1749                      .dwpsn  file "D:/15_Delta/14. ANPC Converter/ANPC_3Layer/TMS320F280049C/device/driverlib/epwm.h",line
    1750 00000118 F5A9          MOV       AL,*(0:0x409b)        ; [CPU_ALU] |4655| 
         00000119 409B 
    1751 0000011a 5004          ORB       AL,#0x04              ; [CPU_ALU] |4655| 
    1752 0000011b F4A9          MOV       *(0:0x409b),AL        ; [CPU_ALU] |4655| 
         0000011c 409B 
    1753 0000011d F5A9          MOV       AL,*(0:0x419b)        ; [CPU_ALU] |4655| 
         0000011e 419B 
    1754 0000011f 5004          ORB       AL,#0x04              ; [CPU_ALU] |4655| 
    1755 00000120 F4A9          MOV       *(0:0x419b),AL        ; [CPU_ALU] |4655| 
         00000121 419B 
    1756 00000122 F5A9          MOV       AL,*(0:0x429b)        ; [CPU_ALU] |4655| 
         00000123 429B 
    1757 00000124 5004          ORB       AL,#0x04              ; [CPU_ALU] |4655| 
    1758 00000125 F4A9          MOV       *(0:0x429b),AL        ; [CPU_ALU] |4655| 
         00000126 429B 
    1759 00000127 F5A9          MOV       AL,*(0:0x439b)        ; [CPU_ALU] |4655| 
         00000128 439B 
    1760 00000129 5004          ORB       AL,#0x04              ; [CPU_ALU] |4655| 
    1761 0000012a F4A9          MOV       *(0:0x439b),AL        ; [CPU_ALU] |4655| 
         0000012b 439B 
    1762 0000012c F5A9          MOV       AL,*(0:0x469b)        ; [CPU_ALU] |4655| 
         0000012d 469B 
    1763 0000012e 5004          ORB       AL,#0x04              ; [CPU_ALU] |4655| 
    1764 0000012f F4A9          MOV       *(0:0x469b),AL        ; [CPU_ALU] |4655| 
         00000130 469B 
    1765 00000131 F5A9          MOV       AL,*(0:0x479b)        ; [CPU_ALU] |4655| 
         00000132 479B 
    1766 00000133 5004          ORB       AL,#0x04              ; [CPU_ALU] |4655| 
    1767 00000134 F4A9          MOV       *(0:0x479b),AL        ; [CPU_ALU] |4655| 
         00000135 479B 
    1768                      .dwpsn  file "D:/15_Delta/14. ANPC Converter/ANPC_3Layer/TMS320F280049C/device/driverlib/epwm.h",line
    1769 00000136 761A          EDIS      ; [CPU_ALU] |4656| 
    1770                      .dwpsn  file "D:/15_Delta/14. ANPC Converter/ANPC_3Layer/Source/app/app_protection.c",line 147,column
    1771 00000137 1A00!         OR        @||ProtectFlag||,#0x0002 ; [CPU_ALU] |147| 
         00000138 0002 
    1772                      .dwpsn  file "D:/15_Delta/14. ANPC Converter/ANPC_3Layer/Source/app/app_protection.c",line 148,column
    1773 00000139 9A04          MOVB      AL,#4                 ; [CPU_ALU] |148| 
    1774              $C$DW$87        .dwtag  DW_TAG_TI_branch
    1775                      .dwattr $C$DW$87, DW_AT_low_pc(0x00)
    1776                      .dwattr $C$DW$87, DW_AT_name("state_ReportEvent")
    1777                      .dwattr $C$DW$87, DW_AT_TI_call
    1778              
    1779 0000013a 7640!         LCR       #||state_ReportEvent|| ; [CPU_ALU] |148| 
         0000013b 0000 
    1780                      ; call occurs [#||state_ReportEvent||] ; [] |148| 
    1781 0000013c       ||$C$L13||:    
    1782 0000013c 761F!         MOVW      DP,#||PhyValue||+36   ; [CPU_ARAU] 
         0000013d 0000 
    1783                      .dwpsn  file "D:/15_Delta/14. ANPC Converter/ANPC_3Layer/Source/app/app_protection.c",line 164,column
    1784 0000013e E2AF!         MOV32     R0H,@$BLOCKED(||PhyValue||)+36 ; [CPU_FPU] |164| 
         0000013f 0024 
TMS320C2000 Assembler PC v22.6.0 Mon Apr 21 09:04:20 2025

Copyright (c) 1996-2018 Texas Instruments Incorporated
app_protection.asm                                                   PAGE   35

    1785 00000140 D100          MOVB      XAR1,#0               ; [CPU_ALU] |164| 
    1786 00000141 E5A0          CMPF32    R0H,#0                ; [CPU_FPU] |164| 
    1787 00000142 AD14          MOVST0    ZF, NF                ; [CPU_FPU] |164| 
    1788 00000143 6405          B         ||$C$L14||,LT         ; [CPU_ALU] |164| 
    1789                      ; branchcc occurs ; [] |164| 
    1790 00000144 E812          CMPF32    R0H,#17096            ; [CPU_FPU] |164| 
         00000145 1640 
    1791 00000146 AD14          MOVST0    ZF, NF                ; [CPU_FPU] |164| 
    1792 00000147 6408          B         ||$C$L15||,LT         ; [CPU_ALU] |164| 
    1793                      ; branchcc occurs ; [] |164| 
    1794 00000148       ||$C$L14||:    
    1795 00000148 E5A0          CMPF32    R0H,#0                ; [CPU_FPU] |164| 
    1796 00000149 AD14          MOVST0    ZF, NF                ; [CPU_FPU] |164| 
    1797 0000014a 630A          B         ||$C$L16||,GEQ        ; [CPU_ALU] |164| 
    1798                      ; branchcc occurs ; [] |164| 
    1799 0000014b E816          CMPF32    R0H,#49864            ; [CPU_FPU] |164| 
         0000014c 1640 
    1800 0000014d AD14          MOVST0    ZF, NF                ; [CPU_FPU] |164| 
    1801 0000014e 6506          B         ||$C$L16||,LEQ        ; [CPU_ALU] |164| 
    1802                      ; branchcc occurs ; [] |164| 
    1803              ||$C$L15||:    
    1804              $C$DW$88        .dwtag  DW_TAG_TI_branch
    1805                      .dwattr $C$DW$88, DW_AT_low_pc(0x00)
    1806                      .dwattr $C$DW$88, DW_AT_name("state_IsStandby")
    1807                      .dwattr $C$DW$88, DW_AT_TI_call
    1808              
    1809 0000014f 7640!         LCR       #||state_IsStandby||  ; [CPU_ALU] |164| 
         00000150 0000 
    1810                      ; call occurs [#||state_IsStandby||] ; [] |164| 
    1811 00000151 5200          CMPB      AL,#0                 ; [CPU_ALU] |164| 
    1812 00000152 56B1          MOVB      XAR1,#1,EQ            ; [CPU_ALU] |164| 
         00000153 01A1 
    1813 00000154       ||$C$L16||:    
    1814 00000154 761F!         MOVW      DP,#||PhyValue||+36   ; [CPU_ARAU] 
         00000155 0000 
    1815                      .dwpsn  file "D:/15_Delta/14. ANPC Converter/ANPC_3Layer/Source/app/app_protection.c",line 166,column
    1816 00000156 E2AF!         MOV32     R0H,@$BLOCKED(||PhyValue||)+36 ; [CPU_FPU] |166| 
         00000157 0024 
    1817 00000158 9A01          MOVB      AL,#1                 ; [CPU_ALU] |166| 
    1818 00000159 761F!         MOVW      DP,#||EvtIsHpn||      ; [CPU_ARAU] 
         0000015a 0000 
    1819 0000015b E5A0          CMPF32    R0H,#0                ; [CPU_FPU] |166| 
    1820                      .dwpsn  file "D:/15_Delta/14. ANPC Converter/ANPC_3Layer/Source/app/app_protection.c",line 164,column
    1821 0000015c 7900!         MOV       @||EvtIsHpn||,AR1     ; [CPU_ALU] |164| 
    1822                      .dwpsn  file "D:/15_Delta/14. ANPC Converter/ANPC_3Layer/Source/app/app_protection.c",line 166,column
    1823 0000015d AD14          MOVST0    ZF, NF                ; [CPU_FPU] |166| 
    1824 0000015e 6405          B         ||$C$L17||,LT         ; [CPU_ALU] |166| 
    1825                      ; branchcc occurs ; [] |166| 
    1826 0000015f E812          CMPF32    R0H,#17136            ; [CPU_FPU] |166| 
         00000160 1780 
    1827 00000161 AD14          MOVST0    ZF, NF                ; [CPU_FPU] |166| 
    1828 00000162 6209          B         ||$C$L19||,GT         ; [CPU_ALU] |166| 
    1829                      ; branchcc occurs ; [] |166| 
    1830 00000163       ||$C$L17||:    
    1831 00000163 E5A0          CMPF32    R0H,#0                ; [CPU_FPU] |166| 
TMS320C2000 Assembler PC v22.6.0 Mon Apr 21 09:04:20 2025

Copyright (c) 1996-2018 Texas Instruments Incorporated
app_protection.asm                                                   PAGE   36

    1832 00000164 AD14          MOVST0    ZF, NF                ; [CPU_FPU] |166| 
    1833 00000165 6305          B         ||$C$L18||,GEQ        ; [CPU_ALU] |166| 
    1834                      ; branchcc occurs ; [] |166| 
    1835 00000166 E816          CMPF32    R0H,#49904            ; [CPU_FPU] |166| 
         00000167 1780 
    1836 00000168 AD14          MOVST0    ZF, NF                ; [CPU_FPU] |166| 
    1837 00000169 6402          B         ||$C$L19||,LT         ; [CPU_ALU] |166| 
    1838                      ; branchcc occurs ; [] |166| 
    1839 0000016a       ||$C$L18||:    
    1840 0000016a 9A00          MOVB      AL,#0                 ; [CPU_ALU] |166| 
    1841 0000016b       ||$C$L19||:    
    1842 0000016b 761F!         MOVW      DP,#||EvtIsRvy||      ; [CPU_ARAU] 
         0000016c 0000 
    1843                      .dwpsn  file "D:/15_Delta/14. ANPC Converter/ANPC_3Layer/Source/app/app_protection.c",line 169,column
    1844 0000016d 8F00!         MOVL      XAR4,#||VgridB_swUVP_count|| ; [CPU_ARAU] |169| 
         0000016e 0000 
    1845                      .dwpsn  file "D:/15_Delta/14. ANPC Converter/ANPC_3Layer/Source/app/app_protection.c",line 166,column
    1846 0000016f 9600!         MOV       @||EvtIsRvy||,AL      ; [CPU_ALU] |166| 
    1847                      .dwpsn  file "D:/15_Delta/14. ANPC Converter/ANPC_3Layer/Source/app/app_protection.c",line 170,column
    1848 00000170 9B00          MOVB      AH,#0                 ; [CPU_ALU] |170| 
    1849 00000171 9A0A          MOVB      AL,#10                ; [CPU_ALU] |170| 
    1850                      .dwpsn  file "D:/15_Delta/14. ANPC Converter/ANPC_3Layer/Source/app/app_protection.c",line 169,column
    1851 00000172 0AC4          INC       *+XAR4[0]             ; [CPU_ALU] |169| 
    1852                      .dwpsn  file "D:/15_Delta/14. ANPC Converter/ANPC_3Layer/Source/app/app_protection.c",line 170,column
    1853              $C$DW$89        .dwtag  DW_TAG_TI_branch
    1854                      .dwattr $C$DW$89, DW_AT_low_pc(0x00)
    1855                      .dwattr $C$DW$89, DW_AT_name("event_EventIsMatch")
    1856                      .dwattr $C$DW$89, DW_AT_TI_call
    1857              
    1858 00000173 7640!         LCR       #||event_EventIsMatch|| ; [CPU_ALU] |170| 
         00000174 0000 
    1859                      ; call occurs [#||event_EventIsMatch||] ; [] |170| 
    1860 00000175 761F!         MOVW      DP,#||VgridB_swUVP_count|| ; [CPU_ARAU] 
         00000176 0000 
    1861                      .dwpsn  file "D:/15_Delta/14. ANPC Converter/ANPC_3Layer/Source/app/app_protection.c",line 172,column
    1862 00000177 4F00!         TBIT      @||VgridB_swUVP_count||,#15 ; [CPU_ALU] |172| 
    1863 00000178 6D0F          B         ||$C$L20||,TC         ; [CPU_ALU] |172| 
    1864                      ; branchcc occurs ; [] |172| 
    1865                      .dwpsn  file "D:/15_Delta/14. ANPC Converter/ANPC_3Layer/Source/app/app_protection.c",line 188,column
    1866 00000179 9200!         MOV       AL,@||VgridB_swUVP_Rvytrigger|| ; [CPU_ALU] |188| 
    1867                      .dwpsn  file "D:/15_Delta/14. ANPC Converter/ANPC_3Layer/Source/app/app_protection.c",line 187,column
    1868 0000017a 2B00!         MOV       @||VgridB_swUVP_Hpntrigger||,#0 ; [CPU_ALU] |187| 
    1869                      .dwpsn  file "D:/15_Delta/14. ANPC Converter/ANPC_3Layer/Source/app/app_protection.c",line 188,column
    1870 0000017b 6036          B         ||$C$L21||,NEQ        ; [CPU_ALU] |188| 
    1871                      ; branchcc occurs ; [] |188| 
    1872                      .dwpsn  file "D:/15_Delta/14. ANPC Converter/ANPC_3Layer/Source/app/app_protection.c",line 190,column
    1873 0000017c 56BF!         MOVB      @||VgridB_swUVP_Rvytrigger||,#1,UNC ; [CPU_ALU] |190| 
         0000017d 0100 
    1874                      .dwpsn  file "D:/15_Delta/14. ANPC Converter/ANPC_3Layer/Source/app/app_protection.c",line 191,column
    1875              $C$DW$90        .dwtag  DW_TAG_TI_branch
    1876                      .dwattr $C$DW$90, DW_AT_low_pc(0x00)
    1877                      .dwattr $C$DW$90, DW_AT_name("state_IsStandby")
    1878                      .dwattr $C$DW$90, DW_AT_TI_call
    1879              
    1880 0000017e 7640!         LCR       #||state_IsStandby||  ; [CPU_ALU] |191| 
TMS320C2000 Assembler PC v22.6.0 Mon Apr 21 09:04:20 2025

Copyright (c) 1996-2018 Texas Instruments Incorporated
app_protection.asm                                                   PAGE   37

         0000017f 0000 
    1881                      ; call occurs [#||state_IsStandby||] ; [] |191| 
    1882 00000180 5200          CMPB      AL,#0                 ; [CPU_ALU] |191| 
    1883 00000181 6130          B         ||$C$L21||,EQ         ; [CPU_ALU] |191| 
    1884                      ; branchcc occurs ; [] |191| 
    1885 00000182 761F!         MOVW      DP,#||ProtectFlag||   ; [CPU_ARAU] 
         00000183 0000 
    1886                      .dwpsn  file "D:/15_Delta/14. ANPC Converter/ANPC_3Layer/Source/app/app_protection.c",line 192,column
    1887 00000184 1800!         AND       @||ProtectFlag||,#0xfffd ; [CPU_ALU] |192| 
         00000185 FFFD 
    1888 00000186 6F2B          B         ||$C$L21||,UNC        ; [CPU_ALU] |192| 
    1889                      ; branch occurs ; [] |192| 
    1890 00000187       ||$C$L20||:    
    1891                      .dwpsn  file "D:/15_Delta/14. ANPC Converter/ANPC_3Layer/Source/app/app_protection.c",line 175,column
    1892 00000187 9200!         MOV       AL,@||VgridB_swUVP_Hpntrigger|| ; [CPU_ALU] |175| 
    1893                      .dwpsn  file "D:/15_Delta/14. ANPC Converter/ANPC_3Layer/Source/app/app_protection.c",line 174,column
    1894 00000188 2B00!         MOV       @||VgridB_swUVP_Rvytrigger||,#0 ; [CPU_ALU] |174| 
    1895                      .dwpsn  file "D:/15_Delta/14. ANPC Converter/ANPC_3Layer/Source/app/app_protection.c",line 175,column
    1896 00000189 6028          B         ||$C$L21||,NEQ        ; [CPU_ALU] |175| 
    1897                      ; branchcc occurs ; [] |175| 
    1898                      .dwpsn  file "D:/15_Delta/14. ANPC Converter/ANPC_3Layer/Source/app/app_protection.c",line 177,column
    1899 0000018a 56BF!         MOVB      @||VgridB_swUVP_Hpntrigger||,#1,UNC ; [CPU_ALU] |177| 
         0000018b 0100 
    1900                      .dwpsn  file "D:/15_Delta/14. ANPC Converter/ANPC_3Layer/TMS320F280049C/device/driverlib/epwm.h",line
    1901 0000018c 7622          EALLOW    ; [CPU_ALU] |4654| 
    1902                      .dwpsn  file "D:/15_Delta/14. ANPC Converter/ANPC_3Layer/TMS320F280049C/device/driverlib/epwm.h",line
    1903 0000018d F5A9          MOV       AL,*(0:0x409b)        ; [CPU_ALU] |4655| 
         0000018e 409B 
    1904 0000018f 5004          ORB       AL,#0x04              ; [CPU_ALU] |4655| 
    1905 00000190 F4A9          MOV       *(0:0x409b),AL        ; [CPU_ALU] |4655| 
         00000191 409B 
    1906 00000192 F5A9          MOV       AL,*(0:0x419b)        ; [CPU_ALU] |4655| 
         00000193 419B 
    1907 00000194 5004          ORB       AL,#0x04              ; [CPU_ALU] |4655| 
    1908 00000195 F4A9          MOV       *(0:0x419b),AL        ; [CPU_ALU] |4655| 
         00000196 419B 
    1909 00000197 F5A9          MOV       AL,*(0:0x429b)        ; [CPU_ALU] |4655| 
         00000198 429B 
    1910 00000199 5004          ORB       AL,#0x04              ; [CPU_ALU] |4655| 
    1911 0000019a F4A9          MOV       *(0:0x429b),AL        ; [CPU_ALU] |4655| 
         0000019b 429B 
    1912 0000019c F5A9          MOV       AL,*(0:0x439b)        ; [CPU_ALU] |4655| 
         0000019d 439B 
    1913 0000019e 5004          ORB       AL,#0x04              ; [CPU_ALU] |4655| 
    1914 0000019f F4A9          MOV       *(0:0x439b),AL        ; [CPU_ALU] |4655| 
         000001a0 439B 
    1915 000001a1 F5A9          MOV       AL,*(0:0x469b)        ; [CPU_ALU] |4655| 
         000001a2 469B 
    1916 000001a3 5004          ORB       AL,#0x04              ; [CPU_ALU] |4655| 
    1917 000001a4 F4A9          MOV       *(0:0x469b),AL        ; [CPU_ALU] |4655| 
         000001a5 469B 
    1918 000001a6 F5A9          MOV       AL,*(0:0x479b)        ; [CPU_ALU] |4655| 
         000001a7 479B 
    1919 000001a8 5004          ORB       AL,#0x04              ; [CPU_ALU] |4655| 
    1920 000001a9 F4A9          MOV       *(0:0x479b),AL        ; [CPU_ALU] |4655| 
TMS320C2000 Assembler PC v22.6.0 Mon Apr 21 09:04:20 2025

Copyright (c) 1996-2018 Texas Instruments Incorporated
app_protection.asm                                                   PAGE   38

         000001aa 479B 
    1921                      .dwpsn  file "D:/15_Delta/14. ANPC Converter/ANPC_3Layer/TMS320F280049C/device/driverlib/epwm.h",line
    1922 000001ab 761A          EDIS      ; [CPU_ALU] |4656| 
    1923                      .dwpsn  file "D:/15_Delta/14. ANPC Converter/ANPC_3Layer/Source/app/app_protection.c",line 181,column
    1924 000001ac 1A00!         OR        @||ProtectFlag||,#0x0002 ; [CPU_ALU] |181| 
         000001ad 0002 
    1925                      .dwpsn  file "D:/15_Delta/14. ANPC Converter/ANPC_3Layer/Source/app/app_protection.c",line 182,column
    1926 000001ae 9A04          MOVB      AL,#4                 ; [CPU_ALU] |182| 
    1927              $C$DW$91        .dwtag  DW_TAG_TI_branch
    1928                      .dwattr $C$DW$91, DW_AT_low_pc(0x00)
    1929                      .dwattr $C$DW$91, DW_AT_name("state_ReportEvent")
    1930                      .dwattr $C$DW$91, DW_AT_TI_call
    1931              
    1932 000001af 7640!         LCR       #||state_ReportEvent|| ; [CPU_ALU] |182| 
         000001b0 0000 
    1933                      ; call occurs [#||state_ReportEvent||] ; [] |182| 
    1934 000001b1       ||$C$L21||:    
    1935 000001b1 761F!         MOVW      DP,#||PhyValue||+54   ; [CPU_ARAU] 
         000001b2 0000 
    1936                      .dwpsn  file "D:/15_Delta/14. ANPC Converter/ANPC_3Layer/Source/app/app_protection.c",line 198,column
    1937 000001b3 E2AF!         MOV32     R0H,@$BLOCKED(||PhyValue||)+54 ; [CPU_FPU] |198| 
         000001b4 0036 
    1938 000001b5 D100          MOVB      XAR1,#0               ; [CPU_ALU] |198| 
    1939 000001b6 E5A0          CMPF32    R0H,#0                ; [CPU_FPU] |198| 
    1940 000001b7 AD14          MOVST0    ZF, NF                ; [CPU_FPU] |198| 
    1941 000001b8 6405          B         ||$C$L22||,LT         ; [CPU_ALU] |198| 
    1942                      ; branchcc occurs ; [] |198| 
    1943 000001b9 E812          CMPF32    R0H,#17096            ; [CPU_FPU] |198| 
         000001ba 1640 
    1944 000001bb AD14          MOVST0    ZF, NF                ; [CPU_FPU] |198| 
    1945 000001bc 6408          B         ||$C$L23||,LT         ; [CPU_ALU] |198| 
    1946                      ; branchcc occurs ; [] |198| 
    1947 000001bd       ||$C$L22||:    
    1948 000001bd E5A0          CMPF32    R0H,#0                ; [CPU_FPU] |198| 
    1949 000001be AD14          MOVST0    ZF, NF                ; [CPU_FPU] |198| 
    1950 000001bf 630A          B         ||$C$L24||,GEQ        ; [CPU_ALU] |198| 
    1951                      ; branchcc occurs ; [] |198| 
    1952 000001c0 E816          CMPF32    R0H,#49864            ; [CPU_FPU] |198| 
         000001c1 1640 
    1953 000001c2 AD14          MOVST0    ZF, NF                ; [CPU_FPU] |198| 
    1954 000001c3 6506          B         ||$C$L24||,LEQ        ; [CPU_ALU] |198| 
    1955                      ; branchcc occurs ; [] |198| 
    1956              ||$C$L23||:    
    1957              $C$DW$92        .dwtag  DW_TAG_TI_branch
    1958                      .dwattr $C$DW$92, DW_AT_low_pc(0x00)
    1959                      .dwattr $C$DW$92, DW_AT_name("state_IsStandby")
    1960                      .dwattr $C$DW$92, DW_AT_TI_call
    1961              
    1962 000001c4 7640!         LCR       #||state_IsStandby||  ; [CPU_ALU] |198| 
         000001c5 0000 
    1963                      ; call occurs [#||state_IsStandby||] ; [] |198| 
    1964 000001c6 5200          CMPB      AL,#0                 ; [CPU_ALU] |198| 
    1965 000001c7 56B1          MOVB      XAR1,#1,EQ            ; [CPU_ALU] |198| 
         000001c8 01A1 
    1966 000001c9       ||$C$L24||:    
TMS320C2000 Assembler PC v22.6.0 Mon Apr 21 09:04:20 2025

Copyright (c) 1996-2018 Texas Instruments Incorporated
app_protection.asm                                                   PAGE   39

    1967 000001c9 761F!         MOVW      DP,#||PhyValue||+54   ; [CPU_ARAU] 
         000001ca 0000 
    1968                      .dwpsn  file "D:/15_Delta/14. ANPC Converter/ANPC_3Layer/Source/app/app_protection.c",line 200,column
    1969 000001cb E2AF!         MOV32     R0H,@$BLOCKED(||PhyValue||)+54 ; [CPU_FPU] |200| 
         000001cc 0036 
    1970 000001cd 9A01          MOVB      AL,#1                 ; [CPU_ALU] |200| 
    1971 000001ce 761F!         MOVW      DP,#||EvtIsHpn||      ; [CPU_ARAU] 
         000001cf 0000 
    1972 000001d0 E5A0          CMPF32    R0H,#0                ; [CPU_FPU] |200| 
    1973                      .dwpsn  file "D:/15_Delta/14. ANPC Converter/ANPC_3Layer/Source/app/app_protection.c",line 198,column
    1974 000001d1 7900!         MOV       @||EvtIsHpn||,AR1     ; [CPU_ALU] |198| 
    1975                      .dwpsn  file "D:/15_Delta/14. ANPC Converter/ANPC_3Layer/Source/app/app_protection.c",line 200,column
    1976 000001d2 AD14          MOVST0    ZF, NF                ; [CPU_FPU] |200| 
    1977 000001d3 6405          B         ||$C$L25||,LT         ; [CPU_ALU] |200| 
    1978                      ; branchcc occurs ; [] |200| 
    1979 000001d4 E812          CMPF32    R0H,#17136            ; [CPU_FPU] |200| 
         000001d5 1780 
    1980 000001d6 AD14          MOVST0    ZF, NF                ; [CPU_FPU] |200| 
    1981 000001d7 6209          B         ||$C$L27||,GT         ; [CPU_ALU] |200| 
    1982                      ; branchcc occurs ; [] |200| 
    1983 000001d8       ||$C$L25||:    
    1984 000001d8 E5A0          CMPF32    R0H,#0                ; [CPU_FPU] |200| 
    1985 000001d9 AD14          MOVST0    ZF, NF                ; [CPU_FPU] |200| 
    1986 000001da 6305          B         ||$C$L26||,GEQ        ; [CPU_ALU] |200| 
    1987                      ; branchcc occurs ; [] |200| 
    1988 000001db E816          CMPF32    R0H,#49904            ; [CPU_FPU] |200| 
         000001dc 1780 
    1989 000001dd AD14          MOVST0    ZF, NF                ; [CPU_FPU] |200| 
    1990 000001de 6402          B         ||$C$L27||,LT         ; [CPU_ALU] |200| 
    1991                      ; branchcc occurs ; [] |200| 
    1992 000001df       ||$C$L26||:    
    1993 000001df 9A00          MOVB      AL,#0                 ; [CPU_ALU] |200| 
    1994 000001e0       ||$C$L27||:    
    1995 000001e0 761F!         MOVW      DP,#||EvtIsRvy||      ; [CPU_ARAU] 
         000001e1 0000 
    1996                      .dwpsn  file "D:/15_Delta/14. ANPC Converter/ANPC_3Layer/Source/app/app_protection.c",line 203,column
    1997 000001e2 8F00!         MOVL      XAR4,#||VgridC_swUVP_count|| ; [CPU_ARAU] |203| 
         000001e3 0000 
    1998                      .dwpsn  file "D:/15_Delta/14. ANPC Converter/ANPC_3Layer/Source/app/app_protection.c",line 200,column
    1999 000001e4 9600!         MOV       @||EvtIsRvy||,AL      ; [CPU_ALU] |200| 
    2000                      .dwpsn  file "D:/15_Delta/14. ANPC Converter/ANPC_3Layer/Source/app/app_protection.c",line 204,column
    2001 000001e5 9B00          MOVB      AH,#0                 ; [CPU_ALU] |204| 
    2002 000001e6 9A0A          MOVB      AL,#10                ; [CPU_ALU] |204| 
    2003                      .dwpsn  file "D:/15_Delta/14. ANPC Converter/ANPC_3Layer/Source/app/app_protection.c",line 203,column
    2004 000001e7 0AC4          INC       *+XAR4[0]             ; [CPU_ALU] |203| 
    2005                      .dwpsn  file "D:/15_Delta/14. ANPC Converter/ANPC_3Layer/Source/app/app_protection.c",line 204,column
    2006              $C$DW$93        .dwtag  DW_TAG_TI_branch
    2007                      .dwattr $C$DW$93, DW_AT_low_pc(0x00)
    2008                      .dwattr $C$DW$93, DW_AT_name("event_EventIsMatch")
    2009                      .dwattr $C$DW$93, DW_AT_TI_call
    2010              
    2011 000001e8 7640!         LCR       #||event_EventIsMatch|| ; [CPU_ALU] |204| 
         000001e9 0000 
    2012                      ; call occurs [#||event_EventIsMatch||] ; [] |204| 
    2013 000001ea 761F!         MOVW      DP,#||VgridC_swUVP_count|| ; [CPU_ARAU] 
TMS320C2000 Assembler PC v22.6.0 Mon Apr 21 09:04:20 2025

Copyright (c) 1996-2018 Texas Instruments Incorporated
app_protection.asm                                                   PAGE   40

         000001eb 0000 
    2014                      .dwpsn  file "D:/15_Delta/14. ANPC Converter/ANPC_3Layer/Source/app/app_protection.c",line 206,column
    2015 000001ec 4F00!         TBIT      @||VgridC_swUVP_count||,#15 ; [CPU_ALU] |206| 
    2016 000001ed 6D0F          B         ||$C$L28||,TC         ; [CPU_ALU] |206| 
    2017                      ; branchcc occurs ; [] |206| 
    2018                      .dwpsn  file "D:/15_Delta/14. ANPC Converter/ANPC_3Layer/Source/app/app_protection.c",line 222,column
    2019 000001ee 9200!         MOV       AL,@||VgridC_swUVP_Rvytrigger|| ; [CPU_ALU] |222| 
    2020                      .dwpsn  file "D:/15_Delta/14. ANPC Converter/ANPC_3Layer/Source/app/app_protection.c",line 221,column
    2021 000001ef 2B00!         MOV       @||VgridC_swUVP_Hpntrigger||,#0 ; [CPU_ALU] |221| 
    2022                      .dwpsn  file "D:/15_Delta/14. ANPC Converter/ANPC_3Layer/Source/app/app_protection.c",line 222,column
    2023 000001f0 6036          B         ||$C$L29||,NEQ        ; [CPU_ALU] |222| 
    2024                      ; branchcc occurs ; [] |222| 
    2025                      .dwpsn  file "D:/15_Delta/14. ANPC Converter/ANPC_3Layer/Source/app/app_protection.c",line 224,column
    2026 000001f1 56BF!         MOVB      @||VgridC_swUVP_Rvytrigger||,#1,UNC ; [CPU_ALU] |224| 
         000001f2 0100 
    2027                      .dwpsn  file "D:/15_Delta/14. ANPC Converter/ANPC_3Layer/Source/app/app_protection.c",line 225,column
    2028              $C$DW$94        .dwtag  DW_TAG_TI_branch
    2029                      .dwattr $C$DW$94, DW_AT_low_pc(0x00)
    2030                      .dwattr $C$DW$94, DW_AT_name("state_IsStandby")
    2031                      .dwattr $C$DW$94, DW_AT_TI_call
    2032              
    2033 000001f3 7640!         LCR       #||state_IsStandby||  ; [CPU_ALU] |225| 
         000001f4 0000 
    2034                      ; call occurs [#||state_IsStandby||] ; [] |225| 
    2035 000001f5 5200          CMPB      AL,#0                 ; [CPU_ALU] |225| 
    2036 000001f6 6130          B         ||$C$L29||,EQ         ; [CPU_ALU] |225| 
    2037                      ; branchcc occurs ; [] |225| 
    2038 000001f7 761F!         MOVW      DP,#||ProtectFlag||   ; [CPU_ARAU] 
         000001f8 0000 
    2039                      .dwpsn  file "D:/15_Delta/14. ANPC Converter/ANPC_3Layer/Source/app/app_protection.c",line 226,column
    2040 000001f9 1800!         AND       @||ProtectFlag||,#0xfffd ; [CPU_ALU] |226| 
         000001fa FFFD 
    2041 000001fb 6F2B          B         ||$C$L29||,UNC        ; [CPU_ALU] |226| 
    2042                      ; branch occurs ; [] |226| 
    2043 000001fc       ||$C$L28||:    
    2044                      .dwpsn  file "D:/15_Delta/14. ANPC Converter/ANPC_3Layer/Source/app/app_protection.c",line 209,column
    2045 000001fc 9200!         MOV       AL,@||VgridC_swUVP_Hpntrigger|| ; [CPU_ALU] |209| 
    2046                      .dwpsn  file "D:/15_Delta/14. ANPC Converter/ANPC_3Layer/Source/app/app_protection.c",line 208,column
    2047 000001fd 2B00!         MOV       @||VgridC_swUVP_Rvytrigger||,#0 ; [CPU_ALU] |208| 
    2048                      .dwpsn  file "D:/15_Delta/14. ANPC Converter/ANPC_3Layer/Source/app/app_protection.c",line 209,column
    2049 000001fe 6028          B         ||$C$L29||,NEQ        ; [CPU_ALU] |209| 
    2050                      ; branchcc occurs ; [] |209| 
    2051                      .dwpsn  file "D:/15_Delta/14. ANPC Converter/ANPC_3Layer/Source/app/app_protection.c",line 211,column
    2052 000001ff 56BF!         MOVB      @||VgridC_swUVP_Hpntrigger||,#1,UNC ; [CPU_ALU] |211| 
         00000200 0100 
    2053                      .dwpsn  file "D:/15_Delta/14. ANPC Converter/ANPC_3Layer/TMS320F280049C/device/driverlib/epwm.h",line
    2054 00000201 7622          EALLOW    ; [CPU_ALU] |4654| 
    2055                      .dwpsn  file "D:/15_Delta/14. ANPC Converter/ANPC_3Layer/TMS320F280049C/device/driverlib/epwm.h",line
    2056 00000202 F5A9          MOV       AL,*(0:0x409b)        ; [CPU_ALU] |4655| 
         00000203 409B 
    2057 00000204 5004          ORB       AL,#0x04              ; [CPU_ALU] |4655| 
    2058 00000205 F4A9          MOV       *(0:0x409b),AL        ; [CPU_ALU] |4655| 
         00000206 409B 
    2059 00000207 F5A9          MOV       AL,*(0:0x419b)        ; [CPU_ALU] |4655| 
         00000208 419B 
TMS320C2000 Assembler PC v22.6.0 Mon Apr 21 09:04:20 2025

Copyright (c) 1996-2018 Texas Instruments Incorporated
app_protection.asm                                                   PAGE   41

    2060 00000209 5004          ORB       AL,#0x04              ; [CPU_ALU] |4655| 
    2061 0000020a F4A9          MOV       *(0:0x419b),AL        ; [CPU_ALU] |4655| 
         0000020b 419B 
    2062 0000020c F5A9          MOV       AL,*(0:0x429b)        ; [CPU_ALU] |4655| 
         0000020d 429B 
    2063 0000020e 5004          ORB       AL,#0x04              ; [CPU_ALU] |4655| 
    2064 0000020f F4A9          MOV       *(0:0x429b),AL        ; [CPU_ALU] |4655| 
         00000210 429B 
    2065 00000211 F5A9          MOV       AL,*(0:0x439b)        ; [CPU_ALU] |4655| 
         00000212 439B 
    2066 00000213 5004          ORB       AL,#0x04              ; [CPU_ALU] |4655| 
    2067 00000214 F4A9          MOV       *(0:0x439b),AL        ; [CPU_ALU] |4655| 
         00000215 439B 
    2068 00000216 F5A9          MOV       AL,*(0:0x469b)        ; [CPU_ALU] |4655| 
         00000217 469B 
    2069 00000218 5004          ORB       AL,#0x04              ; [CPU_ALU] |4655| 
    2070 00000219 F4A9          MOV       *(0:0x469b),AL        ; [CPU_ALU] |4655| 
         0000021a 469B 
    2071 0000021b F5A9          MOV       AL,*(0:0x479b)        ; [CPU_ALU] |4655| 
         0000021c 479B 
    2072 0000021d 5004          ORB       AL,#0x04              ; [CPU_ALU] |4655| 
    2073 0000021e F4A9          MOV       *(0:0x479b),AL        ; [CPU_ALU] |4655| 
         0000021f 479B 
    2074                      .dwpsn  file "D:/15_Delta/14. ANPC Converter/ANPC_3Layer/TMS320F280049C/device/driverlib/epwm.h",line
    2075 00000220 761A          EDIS      ; [CPU_ALU] |4656| 
    2076                      .dwpsn  file "D:/15_Delta/14. ANPC Converter/ANPC_3Layer/Source/app/app_protection.c",line 215,column
    2077 00000221 1A00!         OR        @||ProtectFlag||,#0x0002 ; [CPU_ALU] |215| 
         00000222 0002 
    2078                      .dwpsn  file "D:/15_Delta/14. ANPC Converter/ANPC_3Layer/Source/app/app_protection.c",line 216,column
    2079 00000223 9A04          MOVB      AL,#4                 ; [CPU_ALU] |216| 
    2080              $C$DW$95        .dwtag  DW_TAG_TI_branch
    2081                      .dwattr $C$DW$95, DW_AT_low_pc(0x00)
    2082                      .dwattr $C$DW$95, DW_AT_name("state_ReportEvent")
    2083                      .dwattr $C$DW$95, DW_AT_TI_call
    2084              
    2085 00000224 7640!         LCR       #||state_ReportEvent|| ; [CPU_ALU] |216| 
         00000225 0000 
    2086                      ; call occurs [#||state_ReportEvent||] ; [] |216| 
    2087 00000226       ||$C$L29||:    
    2088 00000226 761F!         MOVW      DP,#||PhyValue||+658  ; [CPU_ARAU] 
         00000227 000A 
    2089                      .dwpsn  file "D:/15_Delta/14. ANPC Converter/ANPC_3Layer/Source/app/app_protection.c",line 231,column
    2090 00000228 E2AF!         MOV32     R0H,@$BLOCKED(||PhyValue||)+658 ; [CPU_FPU] |231| 
         00000229 0012 
    2091 0000022a D100          MOVB      XAR1,#0               ; [CPU_ALU] |231| 
    2092 0000022b E812          CMPF32    R0H,#17024            ; [CPU_FPU] |231| 
         0000022c 1400 
    2093 0000022d AD14          MOVST0    ZF, NF                ; [CPU_FPU] |231| 
    2094 0000022e 6506          B         ||$C$L30||,LEQ        ; [CPU_ALU] |231| 
    2095                      ; branchcc occurs ; [] |231| 
    2096              $C$DW$96        .dwtag  DW_TAG_TI_branch
    2097                      .dwattr $C$DW$96, DW_AT_low_pc(0x00)
    2098                      .dwattr $C$DW$96, DW_AT_name("state_IsStandby")
    2099                      .dwattr $C$DW$96, DW_AT_TI_call
    2100              
TMS320C2000 Assembler PC v22.6.0 Mon Apr 21 09:04:20 2025

Copyright (c) 1996-2018 Texas Instruments Incorporated
app_protection.asm                                                   PAGE   42

    2101 0000022f 7640!         LCR       #||state_IsStandby||  ; [CPU_ALU] |231| 
         00000230 0000 
    2102                      ; call occurs [#||state_IsStandby||] ; [] |231| 
    2103 00000231 5200          CMPB      AL,#0                 ; [CPU_ALU] |231| 
    2104 00000232 56B1          MOVB      XAR1,#1,EQ            ; [CPU_ALU] |231| 
         00000233 01A1 
    2105 00000234       ||$C$L30||:    
    2106 00000234 761F!         MOVW      DP,#||PhyValue||+658  ; [CPU_ARAU] 
         00000235 000A 
    2107                      .dwpsn  file "D:/15_Delta/14. ANPC Converter/ANPC_3Layer/Source/app/app_protection.c",line 232,column
    2108 00000236 E2AF!         MOV32     R0H,@$BLOCKED(||PhyValue||)+658 ; [CPU_FPU] |232| 
         00000237 0012 
    2109 00000238 9A00          MOVB      AL,#0                 ; [CPU_ALU] |232| 
    2110 00000239 761F!         MOVW      DP,#||EvtIsHpn||      ; [CPU_ARAU] 
         0000023a 0000 
    2111                      .dwpsn  file "D:/15_Delta/14. ANPC Converter/ANPC_3Layer/Source/app/app_protection.c",line 234,column
    2112 0000023b 8F00!         MOVL      XAR4,#||Vgrid_swFreqH_count|| ; [CPU_ARAU] |234| 
         0000023c 0000 
    2113                      .dwpsn  file "D:/15_Delta/14. ANPC Converter/ANPC_3Layer/Source/app/app_protection.c",line 231,column
    2114 0000023d 7900!         MOV       @||EvtIsHpn||,AR1     ; [CPU_ALU] |231| 
    2115                      .dwpsn  file "D:/15_Delta/14. ANPC Converter/ANPC_3Layer/Source/app/app_protection.c",line 232,column
    2116 0000023e E812          CMPF32    R0H,#17020            ; [CPU_FPU] |232| 
         0000023f 13E0 
    2117 00000240 761F!         MOVW      DP,#||EvtIsRvy||      ; [CPU_ARAU] 
         00000241 0000 
    2118 00000242 AD14          MOVST0    ZF, NF                ; [CPU_FPU] |232| 
    2119 00000243 56B4          MOVB      AL,#1,LT              ; [CPU_ALU] |232| 
         00000244 01A9 
    2120 00000245 9600!         MOV       @||EvtIsRvy||,AL      ; [CPU_ALU] |232| 
    2121                      .dwpsn  file "D:/15_Delta/14. ANPC Converter/ANPC_3Layer/Source/app/app_protection.c",line 235,column
    2122 00000246 9B28          MOVB      AH,#40                ; [CPU_ALU] |235| 
    2123                      .dwpsn  file "D:/15_Delta/14. ANPC Converter/ANPC_3Layer/Source/app/app_protection.c",line 234,column
    2124 00000247 0AC4          INC       *+XAR4[0]             ; [CPU_ALU] |234| 
    2125                      .dwpsn  file "D:/15_Delta/14. ANPC Converter/ANPC_3Layer/Source/app/app_protection.c",line 235,column
    2126 00000248 9A28          MOVB      AL,#40                ; [CPU_ALU] |235| 
    2127              $C$DW$97        .dwtag  DW_TAG_TI_branch
    2128                      .dwattr $C$DW$97, DW_AT_low_pc(0x00)
    2129                      .dwattr $C$DW$97, DW_AT_name("event_EventIsMatch")
    2130                      .dwattr $C$DW$97, DW_AT_TI_call
    2131              
    2132 00000249 7640!         LCR       #||event_EventIsMatch|| ; [CPU_ALU] |235| 
         0000024a 0000 
    2133                      ; call occurs [#||event_EventIsMatch||] ; [] |235| 
    2134 0000024b 761F!         MOVW      DP,#||Vgrid_swFreqH_count|| ; [CPU_ARAU] 
         0000024c 0000 
    2135                      .dwpsn  file "D:/15_Delta/14. ANPC Converter/ANPC_3Layer/Source/app/app_protection.c",line 237,column
    2136 0000024d 4F00!         TBIT      @||Vgrid_swFreqH_count||,#15 ; [CPU_ALU] |237| 
    2137 0000024e 6D0F          B         ||$C$L31||,TC         ; [CPU_ALU] |237| 
    2138                      ; branchcc occurs ; [] |237| 
    2139                      .dwpsn  file "D:/15_Delta/14. ANPC Converter/ANPC_3Layer/Source/app/app_protection.c",line 253,column
    2140 0000024f 9200!         MOV       AL,@||Vgrid_swFreqH_Rvytrigger|| ; [CPU_ALU] |253| 
    2141                      .dwpsn  file "D:/15_Delta/14. ANPC Converter/ANPC_3Layer/Source/app/app_protection.c",line 252,column
    2142 00000250 2B00!         MOV       @||Vgrid_swFreqH_Hpntrigger||,#0 ; [CPU_ALU] |252| 
    2143                      .dwpsn  file "D:/15_Delta/14. ANPC Converter/ANPC_3Layer/Source/app/app_protection.c",line 253,column
    2144 00000251 6036          B         ||$C$L32||,NEQ        ; [CPU_ALU] |253| 
TMS320C2000 Assembler PC v22.6.0 Mon Apr 21 09:04:20 2025

Copyright (c) 1996-2018 Texas Instruments Incorporated
app_protection.asm                                                   PAGE   43

    2145                      ; branchcc occurs ; [] |253| 
    2146                      .dwpsn  file "D:/15_Delta/14. ANPC Converter/ANPC_3Layer/Source/app/app_protection.c",line 255,column
    2147 00000252 56BF!         MOVB      @||Vgrid_swFreqH_Rvytrigger||,#1,UNC ; [CPU_ALU] |255| 
         00000253 0100 
    2148                      .dwpsn  file "D:/15_Delta/14. ANPC Converter/ANPC_3Layer/Source/app/app_protection.c",line 256,column
    2149              $C$DW$98        .dwtag  DW_TAG_TI_branch
    2150                      .dwattr $C$DW$98, DW_AT_low_pc(0x00)
    2151                      .dwattr $C$DW$98, DW_AT_name("state_IsStandby")
    2152                      .dwattr $C$DW$98, DW_AT_TI_call
    2153              
    2154 00000254 7640!         LCR       #||state_IsStandby||  ; [CPU_ALU] |256| 
         00000255 0000 
    2155                      ; call occurs [#||state_IsStandby||] ; [] |256| 
    2156 00000256 5200          CMPB      AL,#0                 ; [CPU_ALU] |256| 
    2157 00000257 6130          B         ||$C$L32||,EQ         ; [CPU_ALU] |256| 
    2158                      ; branchcc occurs ; [] |256| 
    2159 00000258 761F!         MOVW      DP,#||ProtectFlag||   ; [CPU_ARAU] 
         00000259 0000 
    2160                      .dwpsn  file "D:/15_Delta/14. ANPC Converter/ANPC_3Layer/Source/app/app_protection.c",line 257,column
    2161 0000025a 1800!         AND       @||ProtectFlag||,#0xfff7 ; [CPU_ALU] |257| 
         0000025b FFF7 
    2162 0000025c 6F2B          B         ||$C$L32||,UNC        ; [CPU_ALU] |257| 
    2163                      ; branch occurs ; [] |257| 
    2164 0000025d       ||$C$L31||:    
    2165                      .dwpsn  file "D:/15_Delta/14. ANPC Converter/ANPC_3Layer/Source/app/app_protection.c",line 240,column
    2166 0000025d 9200!         MOV       AL,@||Vgrid_swFreqH_Hpntrigger|| ; [CPU_ALU] |240| 
    2167                      .dwpsn  file "D:/15_Delta/14. ANPC Converter/ANPC_3Layer/Source/app/app_protection.c",line 239,column
    2168 0000025e 2B00!         MOV       @||Vgrid_swFreqH_Rvytrigger||,#0 ; [CPU_ALU] |239| 
    2169                      .dwpsn  file "D:/15_Delta/14. ANPC Converter/ANPC_3Layer/Source/app/app_protection.c",line 240,column
    2170 0000025f 6028          B         ||$C$L32||,NEQ        ; [CPU_ALU] |240| 
    2171                      ; branchcc occurs ; [] |240| 
    2172                      .dwpsn  file "D:/15_Delta/14. ANPC Converter/ANPC_3Layer/Source/app/app_protection.c",line 242,column
    2173 00000260 56BF!         MOVB      @||Vgrid_swFreqH_Hpntrigger||,#1,UNC ; [CPU_ALU] |242| 
         00000261 0100 
    2174                      .dwpsn  file "D:/15_Delta/14. ANPC Converter/ANPC_3Layer/TMS320F280049C/device/driverlib/epwm.h",line
    2175 00000262 7622          EALLOW    ; [CPU_ALU] |4654| 
    2176                      .dwpsn  file "D:/15_Delta/14. ANPC Converter/ANPC_3Layer/TMS320F280049C/device/driverlib/epwm.h",line
    2177 00000263 F5A9          MOV       AL,*(0:0x409b)        ; [CPU_ALU] |4655| 
         00000264 409B 
    2178 00000265 5004          ORB       AL,#0x04              ; [CPU_ALU] |4655| 
    2179 00000266 F4A9          MOV       *(0:0x409b),AL        ; [CPU_ALU] |4655| 
         00000267 409B 
    2180 00000268 F5A9          MOV       AL,*(0:0x419b)        ; [CPU_ALU] |4655| 
         00000269 419B 
    2181 0000026a 5004          ORB       AL,#0x04              ; [CPU_ALU] |4655| 
    2182 0000026b F4A9          MOV       *(0:0x419b),AL        ; [CPU_ALU] |4655| 
         0000026c 419B 
    2183 0000026d F5A9          MOV       AL,*(0:0x429b)        ; [CPU_ALU] |4655| 
         0000026e 429B 
    2184 0000026f 5004          ORB       AL,#0x04              ; [CPU_ALU] |4655| 
    2185 00000270 F4A9          MOV       *(0:0x429b),AL        ; [CPU_ALU] |4655| 
         00000271 429B 
    2186 00000272 F5A9          MOV       AL,*(0:0x439b)        ; [CPU_ALU] |4655| 
         00000273 439B 
    2187 00000274 5004          ORB       AL,#0x04              ; [CPU_ALU] |4655| 
TMS320C2000 Assembler PC v22.6.0 Mon Apr 21 09:04:20 2025

Copyright (c) 1996-2018 Texas Instruments Incorporated
app_protection.asm                                                   PAGE   44

    2188 00000275 F4A9          MOV       *(0:0x439b),AL        ; [CPU_ALU] |4655| 
         00000276 439B 
    2189 00000277 F5A9          MOV       AL,*(0:0x469b)        ; [CPU_ALU] |4655| 
         00000278 469B 
    2190 00000279 5004          ORB       AL,#0x04              ; [CPU_ALU] |4655| 
    2191 0000027a F4A9          MOV       *(0:0x469b),AL        ; [CPU_ALU] |4655| 
         0000027b 469B 
    2192 0000027c F5A9          MOV       AL,*(0:0x479b)        ; [CPU_ALU] |4655| 
         0000027d 479B 
    2193 0000027e 5004          ORB       AL,#0x04              ; [CPU_ALU] |4655| 
    2194 0000027f F4A9          MOV       *(0:0x479b),AL        ; [CPU_ALU] |4655| 
         00000280 479B 
    2195                      .dwpsn  file "D:/15_Delta/14. ANPC Converter/ANPC_3Layer/TMS320F280049C/device/driverlib/epwm.h",line
    2196 00000281 761A          EDIS      ; [CPU_ALU] |4656| 
    2197                      .dwpsn  file "D:/15_Delta/14. ANPC Converter/ANPC_3Layer/Source/app/app_protection.c",line 246,column
    2198 00000282 1A00!         OR        @||ProtectFlag||,#0x0008 ; [CPU_ALU] |246| 
         00000283 0008 
    2199                      .dwpsn  file "D:/15_Delta/14. ANPC Converter/ANPC_3Layer/Source/app/app_protection.c",line 247,column
    2200 00000284 9A06          MOVB      AL,#6                 ; [CPU_ALU] |247| 
    2201              $C$DW$99        .dwtag  DW_TAG_TI_branch
    2202                      .dwattr $C$DW$99, DW_AT_low_pc(0x00)
    2203                      .dwattr $C$DW$99, DW_AT_name("state_ReportEvent")
    2204                      .dwattr $C$DW$99, DW_AT_TI_call
    2205              
    2206 00000285 7640!         LCR       #||state_ReportEvent|| ; [CPU_ALU] |247| 
         00000286 0000 
    2207                      ; call occurs [#||state_ReportEvent||] ; [] |247| 
    2208 00000287       ||$C$L32||:    
    2209 00000287 761F!         MOVW      DP,#||PhyValue||+658  ; [CPU_ARAU] 
         00000288 000A 
    2210                      .dwpsn  file "D:/15_Delta/14. ANPC Converter/ANPC_3Layer/Source/app/app_protection.c",line 262,column
    2211 00000289 E2AF!         MOV32     R0H,@$BLOCKED(||PhyValue||)+658 ; [CPU_FPU] |262| 
         0000028a 0012 
    2212 0000028b D100          MOVB      XAR1,#0               ; [CPU_ALU] |262| 
    2213 0000028c E812          CMPF32    R0H,#16952            ; [CPU_FPU] |262| 
         0000028d 11C0 
    2214 0000028e AD14          MOVST0    ZF, NF                ; [CPU_FPU] |262| 
    2215 0000028f 6306          B         ||$C$L33||,GEQ        ; [CPU_ALU] |262| 
    2216                      ; branchcc occurs ; [] |262| 
    2217              $C$DW$100       .dwtag  DW_TAG_TI_branch
    2218                      .dwattr $C$DW$100, DW_AT_low_pc(0x00)
    2219                      .dwattr $C$DW$100, DW_AT_name("state_IsStandby")
    2220                      .dwattr $C$DW$100, DW_AT_TI_call
    2221              
    2222 00000290 7640!         LCR       #||state_IsStandby||  ; [CPU_ALU] |262| 
         00000291 0000 
    2223                      ; call occurs [#||state_IsStandby||] ; [] |262| 
    2224 00000292 5200          CMPB      AL,#0                 ; [CPU_ALU] |262| 
    2225 00000293 56B1          MOVB      XAR1,#1,EQ            ; [CPU_ALU] |262| 
         00000294 01A1 
    2226 00000295       ||$C$L33||:    
    2227 00000295 761F!         MOVW      DP,#||PhyValue||+658  ; [CPU_ARAU] 
         00000296 000A 
    2228                      .dwpsn  file "D:/15_Delta/14. ANPC Converter/ANPC_3Layer/Source/app/app_protection.c",line 263,column
    2229 00000297 E2AF!         MOV32     R0H,@$BLOCKED(||PhyValue||)+658 ; [CPU_FPU] |263| 
TMS320C2000 Assembler PC v22.6.0 Mon Apr 21 09:04:20 2025

Copyright (c) 1996-2018 Texas Instruments Incorporated
app_protection.asm                                                   PAGE   45

         00000298 0012 
    2230 00000299 9A00          MOVB      AL,#0                 ; [CPU_ALU] |263| 
    2231 0000029a 761F!         MOVW      DP,#||EvtIsHpn||      ; [CPU_ARAU] 
         0000029b 0000 
    2232                      .dwpsn  file "D:/15_Delta/14. ANPC Converter/ANPC_3Layer/Source/app/app_protection.c",line 265,column
    2233 0000029c 8F00!         MOVL      XAR4,#||Vgrid_swFreqL_count|| ; [CPU_ARAU] |265| 
         0000029d 0000 
    2234                      .dwpsn  file "D:/15_Delta/14. ANPC Converter/ANPC_3Layer/Source/app/app_protection.c",line 262,column
    2235 0000029e 7900!         MOV       @||EvtIsHpn||,AR1     ; [CPU_ALU] |262| 
    2236                      .dwpsn  file "D:/15_Delta/14. ANPC Converter/ANPC_3Layer/Source/app/app_protection.c",line 263,column
    2237 0000029f E812          CMPF32    R0H,#16956            ; [CPU_FPU] |263| 
         000002a0 11E0 
    2238 000002a1 761F!         MOVW      DP,#||EvtIsRvy||      ; [CPU_ARAU] 
         000002a2 0000 
    2239 000002a3 AD14          MOVST0    ZF, NF                ; [CPU_FPU] |263| 
    2240 000002a4 56B2          MOVB      AL,#1,GT              ; [CPU_ALU] |263| 
         000002a5 01A9 
    2241 000002a6 9600!         MOV       @||EvtIsRvy||,AL      ; [CPU_ALU] |263| 
    2242                      .dwpsn  file "D:/15_Delta/14. ANPC Converter/ANPC_3Layer/Source/app/app_protection.c",line 266,column
    2243 000002a7 9B28          MOVB      AH,#40                ; [CPU_ALU] |266| 
    2244                      .dwpsn  file "D:/15_Delta/14. ANPC Converter/ANPC_3Layer/Source/app/app_protection.c",line 265,column
    2245 000002a8 0AC4          INC       *+XAR4[0]             ; [CPU_ALU] |265| 
    2246                      .dwpsn  file "D:/15_Delta/14. ANPC Converter/ANPC_3Layer/Source/app/app_protection.c",line 266,column
    2247 000002a9 9A28          MOVB      AL,#40                ; [CPU_ALU] |266| 
    2248              $C$DW$101       .dwtag  DW_TAG_TI_branch
    2249                      .dwattr $C$DW$101, DW_AT_low_pc(0x00)
    2250                      .dwattr $C$DW$101, DW_AT_name("event_EventIsMatch")
    2251                      .dwattr $C$DW$101, DW_AT_TI_call
    2252              
    2253 000002aa 7640!         LCR       #||event_EventIsMatch|| ; [CPU_ALU] |266| 
         000002ab 0000 
    2254                      ; call occurs [#||event_EventIsMatch||] ; [] |266| 
    2255 000002ac 761F!         MOVW      DP,#||Vgrid_swFreqL_count|| ; [CPU_ARAU] 
         000002ad 0000 
    2256                      .dwpsn  file "D:/15_Delta/14. ANPC Converter/ANPC_3Layer/Source/app/app_protection.c",line 268,column
    2257 000002ae 4F00!         TBIT      @||Vgrid_swFreqL_count||,#15 ; [CPU_ALU] |268| 
    2258 000002af 6D0F          B         ||$C$L34||,TC         ; [CPU_ALU] |268| 
    2259                      ; branchcc occurs ; [] |268| 
    2260                      .dwpsn  file "D:/15_Delta/14. ANPC Converter/ANPC_3Layer/Source/app/app_protection.c",line 284,column
    2261 000002b0 9200!         MOV       AL,@||Vgrid_swFreqL_Rvytrigger|| ; [CPU_ALU] |284| 
    2262                      .dwpsn  file "D:/15_Delta/14. ANPC Converter/ANPC_3Layer/Source/app/app_protection.c",line 283,column
    2263 000002b1 2B00!         MOV       @||Vgrid_swFreqL_Hpntrigger||,#0 ; [CPU_ALU] |283| 
    2264                      .dwpsn  file "D:/15_Delta/14. ANPC Converter/ANPC_3Layer/Source/app/app_protection.c",line 284,column
    2265 000002b2 6036          B         ||$C$L35||,NEQ        ; [CPU_ALU] |284| 
    2266                      ; branchcc occurs ; [] |284| 
    2267                      .dwpsn  file "D:/15_Delta/14. ANPC Converter/ANPC_3Layer/Source/app/app_protection.c",line 286,column
    2268 000002b3 56BF!         MOVB      @||Vgrid_swFreqL_Rvytrigger||,#1,UNC ; [CPU_ALU] |286| 
         000002b4 0100 
    2269                      .dwpsn  file "D:/15_Delta/14. ANPC Converter/ANPC_3Layer/Source/app/app_protection.c",line 287,column
    2270              $C$DW$102       .dwtag  DW_TAG_TI_branch
    2271                      .dwattr $C$DW$102, DW_AT_low_pc(0x00)
    2272                      .dwattr $C$DW$102, DW_AT_name("state_IsStandby")
    2273                      .dwattr $C$DW$102, DW_AT_TI_call
    2274              
    2275 000002b5 7640!         LCR       #||state_IsStandby||  ; [CPU_ALU] |287| 
TMS320C2000 Assembler PC v22.6.0 Mon Apr 21 09:04:20 2025

Copyright (c) 1996-2018 Texas Instruments Incorporated
app_protection.asm                                                   PAGE   46

         000002b6 0000 
    2276                      ; call occurs [#||state_IsStandby||] ; [] |287| 
    2277 000002b7 5200          CMPB      AL,#0                 ; [CPU_ALU] |287| 
    2278 000002b8 6130          B         ||$C$L35||,EQ         ; [CPU_ALU] |287| 
    2279                      ; branchcc occurs ; [] |287| 
    2280 000002b9 761F!         MOVW      DP,#||ProtectFlag||   ; [CPU_ARAU] 
         000002ba 0000 
    2281                      .dwpsn  file "D:/15_Delta/14. ANPC Converter/ANPC_3Layer/Source/app/app_protection.c",line 288,column
    2282 000002bb 1800!         AND       @||ProtectFlag||,#0xfff7 ; [CPU_ALU] |288| 
         000002bc FFF7 
    2283 000002bd 6F2B          B         ||$C$L35||,UNC        ; [CPU_ALU] |288| 
    2284                      ; branch occurs ; [] |288| 
    2285 000002be       ||$C$L34||:    
    2286                      .dwpsn  file "D:/15_Delta/14. ANPC Converter/ANPC_3Layer/Source/app/app_protection.c",line 271,column
    2287 000002be 9200!         MOV       AL,@||Vgrid_swFreqL_Hpntrigger|| ; [CPU_ALU] |271| 
    2288                      .dwpsn  file "D:/15_Delta/14. ANPC Converter/ANPC_3Layer/Source/app/app_protection.c",line 270,column
    2289 000002bf 2B00!         MOV       @||Vgrid_swFreqL_Rvytrigger||,#0 ; [CPU_ALU] |270| 
    2290                      .dwpsn  file "D:/15_Delta/14. ANPC Converter/ANPC_3Layer/Source/app/app_protection.c",line 271,column
    2291 000002c0 6028          B         ||$C$L35||,NEQ        ; [CPU_ALU] |271| 
    2292                      ; branchcc occurs ; [] |271| 
    2293                      .dwpsn  file "D:/15_Delta/14. ANPC Converter/ANPC_3Layer/Source/app/app_protection.c",line 273,column
    2294 000002c1 56BF!         MOVB      @||Vgrid_swFreqL_Hpntrigger||,#1,UNC ; [CPU_ALU] |273| 
         000002c2 0100 
    2295                      .dwpsn  file "D:/15_Delta/14. ANPC Converter/ANPC_3Layer/TMS320F280049C/device/driverlib/epwm.h",line
    2296 000002c3 7622          EALLOW    ; [CPU_ALU] |4654| 
    2297                      .dwpsn  file "D:/15_Delta/14. ANPC Converter/ANPC_3Layer/TMS320F280049C/device/driverlib/epwm.h",line
    2298 000002c4 F5A9          MOV       AL,*(0:0x409b)        ; [CPU_ALU] |4655| 
         000002c5 409B 
    2299 000002c6 5004          ORB       AL,#0x04              ; [CPU_ALU] |4655| 
    2300 000002c7 F4A9          MOV       *(0:0x409b),AL        ; [CPU_ALU] |4655| 
         000002c8 409B 
    2301 000002c9 F5A9          MOV       AL,*(0:0x419b)        ; [CPU_ALU] |4655| 
         000002ca 419B 
    2302 000002cb 5004          ORB       AL,#0x04              ; [CPU_ALU] |4655| 
    2303 000002cc F4A9          MOV       *(0:0x419b),AL        ; [CPU_ALU] |4655| 
         000002cd 419B 
    2304 000002ce F5A9          MOV       AL,*(0:0x429b)        ; [CPU_ALU] |4655| 
         000002cf 429B 
    2305 000002d0 5004          ORB       AL,#0x04              ; [CPU_ALU] |4655| 
    2306 000002d1 F4A9          MOV       *(0:0x429b),AL        ; [CPU_ALU] |4655| 
         000002d2 429B 
    2307 000002d3 F5A9          MOV       AL,*(0:0x439b)        ; [CPU_ALU] |4655| 
         000002d4 439B 
    2308 000002d5 5004          ORB       AL,#0x04              ; [CPU_ALU] |4655| 
    2309 000002d6 F4A9          MOV       *(0:0x439b),AL        ; [CPU_ALU] |4655| 
         000002d7 439B 
    2310 000002d8 F5A9          MOV       AL,*(0:0x469b)        ; [CPU_ALU] |4655| 
         000002d9 469B 
    2311 000002da 5004          ORB       AL,#0x04              ; [CPU_ALU] |4655| 
    2312 000002db F4A9          MOV       *(0:0x469b),AL        ; [CPU_ALU] |4655| 
         000002dc 469B 
    2313 000002dd F5A9          MOV       AL,*(0:0x479b)        ; [CPU_ALU] |4655| 
         000002de 479B 
    2314 000002df 5004          ORB       AL,#0x04              ; [CPU_ALU] |4655| 
    2315 000002e0 F4A9          MOV       *(0:0x479b),AL        ; [CPU_ALU] |4655| 
TMS320C2000 Assembler PC v22.6.0 Mon Apr 21 09:04:20 2025

Copyright (c) 1996-2018 Texas Instruments Incorporated
app_protection.asm                                                   PAGE   47

         000002e1 479B 
    2316                      .dwpsn  file "D:/15_Delta/14. ANPC Converter/ANPC_3Layer/TMS320F280049C/device/driverlib/epwm.h",line
    2317 000002e2 761A          EDIS      ; [CPU_ALU] |4656| 
    2318                      .dwpsn  file "D:/15_Delta/14. ANPC Converter/ANPC_3Layer/Source/app/app_protection.c",line 277,column
    2319 000002e3 1A00!         OR        @||ProtectFlag||,#0x0008 ; [CPU_ALU] |277| 
         000002e4 0008 
    2320                      .dwpsn  file "D:/15_Delta/14. ANPC Converter/ANPC_3Layer/Source/app/app_protection.c",line 278,column
    2321 000002e5 9A06          MOVB      AL,#6                 ; [CPU_ALU] |278| 
    2322              $C$DW$103       .dwtag  DW_TAG_TI_branch
    2323                      .dwattr $C$DW$103, DW_AT_low_pc(0x00)
    2324                      .dwattr $C$DW$103, DW_AT_name("state_ReportEvent")
    2325                      .dwattr $C$DW$103, DW_AT_TI_call
    2326              
    2327 000002e6 7640!         LCR       #||state_ReportEvent|| ; [CPU_ALU] |278| 
         000002e7 0000 
    2328                      ; call occurs [#||state_ReportEvent||] ; [] |278| 
    2329 000002e8       ||$C$L35||:    
    2330 000002e8 FE82          SUBB      SP,#2                 ; [CPU_ARAU] 
    2331                      .dwcfi  cfa_offset, -4
    2332 000002e9 8BBE          MOVL      XAR1,*--SP            ; [CPU_ALU] 
    2333                      .dwcfi  cfa_offset, -2
    2334                      .dwcfi  restore_reg, 7
    2335              $C$DW$104       .dwtag  DW_TAG_TI_branch
    2336                      .dwattr $C$DW$104, DW_AT_low_pc(0x00)
    2337                      .dwattr $C$DW$104, DW_AT_TI_return
    2338              
    2339 000002ea 0006          LRETR     ; [CPU_ALU] 
    2340                      ; return occurs ; [] 
    2341                      .dwattr $C$DW$79, DW_AT_TI_end_file("D:/15_Delta/14. ANPC Converter/ANPC_3Layer/Source/app/app_protec
    2342                      .dwattr $C$DW$79, DW_AT_TI_end_line(0x124)
    2343                      .dwattr $C$DW$79, DW_AT_TI_end_column(0x01)
    2344                      .dwendentry
    2345                      .dwendtag $C$DW$79
    2346              
    2347 000002eb               .sect   ".text"
    2348                      .clink
    2349                      .global ||protect_CheckCurrentProtection||
    2350              
    2351              $C$DW$105       .dwtag  DW_TAG_subprogram
    2352                      .dwattr $C$DW$105, DW_AT_name("protect_CheckCurrentProtection")
    2353                      .dwattr $C$DW$105, DW_AT_low_pc(||protect_CheckCurrentProtection||)
    2354                      .dwattr $C$DW$105, DW_AT_high_pc(0x00)
    2355                      .dwattr $C$DW$105, DW_AT_linkage_name("protect_CheckCurrentProtection")
    2356                      .dwattr $C$DW$105, DW_AT_external
    2357                      .dwattr $C$DW$105, DW_AT_decl_file("D:/15_Delta/14. ANPC Converter/ANPC_3Layer/Source/app/app_protect
    2358                      .dwattr $C$DW$105, DW_AT_decl_line(0x1a7)
    2359                      .dwattr $C$DW$105, DW_AT_decl_column(0x06)
    2360                      .dwattr $C$DW$105, DW_AT_TI_max_frame_size(-4)
    2361                      .dwpsn  file "D:/15_Delta/14. ANPC Converter/ANPC_3Layer/Source/app/app_protection.c",line 424,column
    2362              
    2363                      .dwfde $C$DW$CIE, ||protect_CheckCurrentProtection||
    2364              
    2365              ;***************************************************************
    2366              ;* FNAME: protect_CheckCurrentProtection FR SIZE:   2           *
    2367              ;*                                                             *
TMS320C2000 Assembler PC v22.6.0 Mon Apr 21 09:04:20 2025

Copyright (c) 1996-2018 Texas Instruments Incorporated
app_protection.asm                                                   PAGE   48

    2368              ;* FUNCTION ENVIRONMENT                                        *
    2369              ;*                                                             *
    2370              ;* FUNCTION PROPERTIES                                         *
    2371              ;*                            0 Parameter,  0 Auto,  2 SOE     *
    2372              ;***************************************************************
    2373              
    2374 000002eb       ||protect_CheckCurrentProtection||:
    2375              ;* AR4   assigned to $O$C1
    2376              ;* AR4   assigned to $O$C2
    2377              ;* AR4   assigned to $O$C3
    2378              ;* AR1   assigned to $O$S2
    2379              ;* AR1   assigned to $O$S2
    2380              ;* AR1   assigned to $O$S2
    2381                      .dwcfi  cfa_offset, -2
    2382                      .dwcfi  save_reg_to_mem, 26, 0
    2383 000002eb B2BD          MOVL      *SP++,XAR1            ; [CPU_ALU] 
    2384                      .dwcfi  save_reg_to_mem, 7, 2
    2385                      .dwcfi  cfa_offset, -4
    2386                      .dwpsn  file "D:\15_Delta\14. ANPC Converter\ANPC_3Layer\TMS320F280049C\hal\hal_comp_TMS320F280049C.h
    2387 000002ec 9A00          MOVB      AL,#0                 ; [CPU_ALU] |50| 
    2388              $C$DW$106       .dwtag  DW_TAG_TI_branch
    2389                      .dwattr $C$DW$106, DW_AT_low_pc(0x00)
    2390                      .dwattr $C$DW$106, DW_AT_name("XBAR_getInputFlagStatus")
    2391                      .dwattr $C$DW$106, DW_AT_TI_call
    2392              
    2393 000002ed 7640!         LCR       #||XBAR_getInputFlagStatus|| ; [CPU_ALU] |50| 
         000002ee 0000 
    2394                      ; call occurs [#||XBAR_getInputFlagStatus||] ; [] |50| 
    2395 000002ef D101          MOVB      XAR1,#1               ; [CPU_ALU] |50| 
    2396 000002f0 5200          CMPB      AL,#0                 ; [CPU_ALU] |50| 
    2397 000002f1 6007          B         ||$C$L36||,NEQ        ; [CPU_ALU] |50| 
    2398                      ; branchcc occurs ; [] |50| 
    2399 000002f2 9A01          MOVB      AL,#1                 ; [CPU_ALU] |50| 
    2400              $C$DW$107       .dwtag  DW_TAG_TI_branch
    2401                      .dwattr $C$DW$107, DW_AT_low_pc(0x00)
    2402                      .dwattr $C$DW$107, DW_AT_name("XBAR_getInputFlagStatus")
    2403                      .dwattr $C$DW$107, DW_AT_TI_call
    2404              
    2405 000002f3 7640!         LCR       #||XBAR_getInputFlagStatus|| ; [CPU_ALU] |50| 
         000002f4 0000 
    2406                      ; call occurs [#||XBAR_getInputFlagStatus||] ; [] |50| 
    2407 000002f5 5200          CMPB      AL,#0                 ; [CPU_ALU] |50| 
    2408 000002f6 56B1          MOVB      XAR1,#0,EQ            ; [CPU_ALU] |50| 
         000002f7 00A1 
    2409 000002f8       ||$C$L36||:    
    2410 000002f8 761F!         MOVW      DP,#||EvtIsHpn||      ; [CPU_ARAU] 
         000002f9 0000 
    2411                      .dwpsn  file "D:/15_Delta/14. ANPC Converter/ANPC_3Layer/Source/app/app_protection.c",line 427,column
    2412 000002fa 9B00          MOVB      AH,#0                 ; [CPU_ALU] |427| 
    2413                      .dwpsn  file "D:\15_Delta\14. ANPC Converter\ANPC_3Layer\TMS320F280049C\hal\hal_comp_TMS320F280049C.h
    2414 000002fb 7900!         MOV       @||EvtIsHpn||,AR1     ; [CPU_ALU] |50| 
    2415                      .dwpsn  file "D:/15_Delta/14. ANPC Converter/ANPC_3Layer/Source/app/app_protection.c",line 427,column
    2416 000002fc 92A1          MOV       AL,AR1                ; [CPU_ALU] |427| 
    2417                      .dwpsn  file "D:/15_Delta/14. ANPC Converter/ANPC_3Layer/Source/app/app_protection.c",line 429,column
    2418 000002fd 8F00!         MOVL      XAR4,#||IA_hwOCP_count|| ; [CPU_ARAU] |429| 
TMS320C2000 Assembler PC v22.6.0 Mon Apr 21 09:04:20 2025

Copyright (c) 1996-2018 Texas Instruments Incorporated
app_protection.asm                                                   PAGE   49

         000002fe 0000 
    2419 000002ff 761F!         MOVW      DP,#||EvtIsRvy||      ; [CPU_ARAU] 
         00000300 0000 
    2420                      .dwpsn  file "D:/15_Delta/14. ANPC Converter/ANPC_3Layer/Source/app/app_protection.c",line 427,column
    2421 00000301 56B1          MOVB      AH,#1,EQ              ; [CPU_ALU] |427| 
         00000302 01A8 
    2422 00000303 9700!         MOV       @||EvtIsRvy||,AH      ; [CPU_ALU] |427| 
    2423                      .dwpsn  file "D:/15_Delta/14. ANPC Converter/ANPC_3Layer/Source/app/app_protection.c",line 430,column
    2424 00000304 9A01          MOVB      AL,#1                 ; [CPU_ALU] |430| 
    2425                      .dwpsn  file "D:/15_Delta/14. ANPC Converter/ANPC_3Layer/Source/app/app_protection.c",line 429,column
    2426 00000305 0AC4          INC       *+XAR4[0]             ; [CPU_ALU] |429| 
    2427                      .dwpsn  file "D:/15_Delta/14. ANPC Converter/ANPC_3Layer/Source/app/app_protection.c",line 430,column
    2428 00000306 9B01          MOVB      AH,#1                 ; [CPU_ALU] |430| 
    2429              $C$DW$108       .dwtag  DW_TAG_TI_branch
    2430                      .dwattr $C$DW$108, DW_AT_low_pc(0x00)
    2431                      .dwattr $C$DW$108, DW_AT_name("event_EventIsMatch")
    2432                      .dwattr $C$DW$108, DW_AT_TI_call
    2433              
    2434 00000307 7640!         LCR       #||event_EventIsMatch|| ; [CPU_ALU] |430| 
         00000308 0000 
    2435                      ; call occurs [#||event_EventIsMatch||] ; [] |430| 
    2436 00000309 761F!         MOVW      DP,#||IA_hwOCP_count|| ; [CPU_ARAU] 
         0000030a 0000 
    2437                      .dwpsn  file "D:/15_Delta/14. ANPC Converter/ANPC_3Layer/Source/app/app_protection.c",line 432,column
    2438 0000030b 4F00!         TBIT      @||IA_hwOCP_count||,#15 ; [CPU_ALU] |432| 
    2439 0000030c 6D0F          B         ||$C$L37||,TC         ; [CPU_ALU] |432| 
    2440                      ; branchcc occurs ; [] |432| 
    2441                      .dwpsn  file "D:/15_Delta/14. ANPC Converter/ANPC_3Layer/Source/app/app_protection.c",line 448,column
    2442 0000030d 9200!         MOV       AL,@||IA_hwOCP_Rvytrigger|| ; [CPU_ALU] |448| 
    2443                      .dwpsn  file "D:/15_Delta/14. ANPC Converter/ANPC_3Layer/Source/app/app_protection.c",line 447,column
    2444 0000030e 2B00!         MOV       @||IA_hwOCP_Hpntrigger||,#0 ; [CPU_ALU] |447| 
    2445                      .dwpsn  file "D:/15_Delta/14. ANPC Converter/ANPC_3Layer/Source/app/app_protection.c",line 448,column
    2446 0000030f 6036          B         ||$C$L38||,NEQ        ; [CPU_ALU] |448| 
    2447                      ; branchcc occurs ; [] |448| 
    2448                      .dwpsn  file "D:/15_Delta/14. ANPC Converter/ANPC_3Layer/Source/app/app_protection.c",line 450,column
    2449 00000310 56BF!         MOVB      @||IA_hwOCP_Rvytrigger||,#1,UNC ; [CPU_ALU] |450| 
         00000311 0100 
    2450                      .dwpsn  file "D:/15_Delta/14. ANPC Converter/ANPC_3Layer/Source/app/app_protection.c",line 451,column
    2451              $C$DW$109       .dwtag  DW_TAG_TI_branch
    2452                      .dwattr $C$DW$109, DW_AT_low_pc(0x00)
    2453                      .dwattr $C$DW$109, DW_AT_name("state_IsStandby")
    2454                      .dwattr $C$DW$109, DW_AT_TI_call
    2455              
    2456 00000312 7640!         LCR       #||state_IsStandby||  ; [CPU_ALU] |451| 
         00000313 0000 
    2457                      ; call occurs [#||state_IsStandby||] ; [] |451| 
    2458 00000314 5200          CMPB      AL,#0                 ; [CPU_ALU] |451| 
    2459 00000315 6130          B         ||$C$L38||,EQ         ; [CPU_ALU] |451| 
    2460                      ; branchcc occurs ; [] |451| 
    2461 00000316 761F!         MOVW      DP,#||ProtectFlag||   ; [CPU_ARAU] 
         00000317 0000 
    2462                      .dwpsn  file "D:/15_Delta/14. ANPC Converter/ANPC_3Layer/Source/app/app_protection.c",line 452,column
    2463 00000318 1800!         AND       @||ProtectFlag||,#0xfeff ; [CPU_ALU] |452| 
         00000319 FEFF 
    2464 0000031a 6F2B          B         ||$C$L38||,UNC        ; [CPU_ALU] |452| 
TMS320C2000 Assembler PC v22.6.0 Mon Apr 21 09:04:20 2025

Copyright (c) 1996-2018 Texas Instruments Incorporated
app_protection.asm                                                   PAGE   50

    2465                      ; branch occurs ; [] |452| 
    2466 0000031b       ||$C$L37||:    
    2467                      .dwpsn  file "D:/15_Delta/14. ANPC Converter/ANPC_3Layer/Source/app/app_protection.c",line 435,column
    2468 0000031b 9200!         MOV       AL,@||IA_hwOCP_Hpntrigger|| ; [CPU_ALU] |435| 
    2469                      .dwpsn  file "D:/15_Delta/14. ANPC Converter/ANPC_3Layer/Source/app/app_protection.c",line 434,column
    2470 0000031c 2B00!         MOV       @||IA_hwOCP_Rvytrigger||,#0 ; [CPU_ALU] |434| 
    2471                      .dwpsn  file "D:/15_Delta/14. ANPC Converter/ANPC_3Layer/Source/app/app_protection.c",line 435,column
    2472 0000031d 6028          B         ||$C$L38||,NEQ        ; [CPU_ALU] |435| 
    2473                      ; branchcc occurs ; [] |435| 
    2474                      .dwpsn  file "D:/15_Delta/14. ANPC Converter/ANPC_3Layer/Source/app/app_protection.c",line 437,column
    2475 0000031e 56BF!         MOVB      @||IA_hwOCP_Hpntrigger||,#1,UNC ; [CPU_ALU] |437| 
         0000031f 0100 
    2476                      .dwpsn  file "D:/15_Delta/14. ANPC Converter/ANPC_3Layer/TMS320F280049C/device/driverlib/epwm.h",line
    2477 00000320 7622          EALLOW    ; [CPU_ALU] |4654| 
    2478                      .dwpsn  file "D:/15_Delta/14. ANPC Converter/ANPC_3Layer/TMS320F280049C/device/driverlib/epwm.h",line
    2479 00000321 F5A9          MOV       AL,*(0:0x409b)        ; [CPU_ALU] |4655| 
         00000322 409B 
    2480 00000323 5004          ORB       AL,#0x04              ; [CPU_ALU] |4655| 
    2481 00000324 F4A9          MOV       *(0:0x409b),AL        ; [CPU_ALU] |4655| 
         00000325 409B 
    2482 00000326 F5A9          MOV       AL,*(0:0x419b)        ; [CPU_ALU] |4655| 
         00000327 419B 
    2483 00000328 5004          ORB       AL,#0x04              ; [CPU_ALU] |4655| 
    2484 00000329 F4A9          MOV       *(0:0x419b),AL        ; [CPU_ALU] |4655| 
         0000032a 419B 
    2485 0000032b F5A9          MOV       AL,*(0:0x429b)        ; [CPU_ALU] |4655| 
         0000032c 429B 
    2486 0000032d 5004          ORB       AL,#0x04              ; [CPU_ALU] |4655| 
    2487 0000032e F4A9          MOV       *(0:0x429b),AL        ; [CPU_ALU] |4655| 
         0000032f 429B 
    2488 00000330 F5A9          MOV       AL,*(0:0x439b)        ; [CPU_ALU] |4655| 
         00000331 439B 
    2489 00000332 5004          ORB       AL,#0x04              ; [CPU_ALU] |4655| 
    2490 00000333 F4A9          MOV       *(0:0x439b),AL        ; [CPU_ALU] |4655| 
         00000334 439B 
    2491 00000335 F5A9          MOV       AL,*(0:0x469b)        ; [CPU_ALU] |4655| 
         00000336 469B 
    2492 00000337 5004          ORB       AL,#0x04              ; [CPU_ALU] |4655| 
    2493 00000338 F4A9          MOV       *(0:0x469b),AL        ; [CPU_ALU] |4655| 
         00000339 469B 
    2494 0000033a F5A9          MOV       AL,*(0:0x479b)        ; [CPU_ALU] |4655| 
         0000033b 479B 
    2495 0000033c 5004          ORB       AL,#0x04              ; [CPU_ALU] |4655| 
    2496 0000033d F4A9          MOV       *(0:0x479b),AL        ; [CPU_ALU] |4655| 
         0000033e 479B 
    2497                      .dwpsn  file "D:/15_Delta/14. ANPC Converter/ANPC_3Layer/TMS320F280049C/device/driverlib/epwm.h",line
    2498 0000033f 761A          EDIS      ; [CPU_ALU] |4656| 
    2499                      .dwpsn  file "D:/15_Delta/14. ANPC Converter/ANPC_3Layer/Source/app/app_protection.c",line 441,column
    2500 00000340 1A00!         OR        @||ProtectFlag||,#0x0100 ; [CPU_ALU] |441| 
         00000341 0100 
    2501                      .dwpsn  file "D:/15_Delta/14. ANPC Converter/ANPC_3Layer/Source/app/app_protection.c",line 442,column
    2502 00000342 9A09          MOVB      AL,#9                 ; [CPU_ALU] |442| 
    2503              $C$DW$110       .dwtag  DW_TAG_TI_branch
    2504                      .dwattr $C$DW$110, DW_AT_low_pc(0x00)
    2505                      .dwattr $C$DW$110, DW_AT_name("state_ReportEvent")
TMS320C2000 Assembler PC v22.6.0 Mon Apr 21 09:04:20 2025

Copyright (c) 1996-2018 Texas Instruments Incorporated
app_protection.asm                                                   PAGE   51

    2506                      .dwattr $C$DW$110, DW_AT_TI_call
    2507              
    2508 00000343 7640!         LCR       #||state_ReportEvent|| ; [CPU_ALU] |442| 
         00000344 0000 
    2509                      ; call occurs [#||state_ReportEvent||] ; [] |442| 
    2510 00000345       ||$C$L38||:    
    2511                      .dwpsn  file "D:\15_Delta\14. ANPC Converter\ANPC_3Layer\TMS320F280049C\hal\hal_comp_TMS320F280049C.h
    2512 00000345 9A02          MOVB      AL,#2                 ; [CPU_ALU] |57| 
    2513              $C$DW$111       .dwtag  DW_TAG_TI_branch
    2514                      .dwattr $C$DW$111, DW_AT_low_pc(0x00)
    2515                      .dwattr $C$DW$111, DW_AT_name("XBAR_getInputFlagStatus")
    2516                      .dwattr $C$DW$111, DW_AT_TI_call
    2517              
    2518 00000346 7640!         LCR       #||XBAR_getInputFlagStatus|| ; [CPU_ALU] |57| 
         00000347 0000 
    2519                      ; call occurs [#||XBAR_getInputFlagStatus||] ; [] |57| 
    2520 00000348 D101          MOVB      XAR1,#1               ; [CPU_ALU] |57| 
    2521 00000349 5200          CMPB      AL,#0                 ; [CPU_ALU] |57| 
    2522 0000034a 6007          B         ||$C$L39||,NEQ        ; [CPU_ALU] |57| 
    2523                      ; branchcc occurs ; [] |57| 
    2524 0000034b 9A03          MOVB      AL,#3                 ; [CPU_ALU] |57| 
    2525              $C$DW$112       .dwtag  DW_TAG_TI_branch
    2526                      .dwattr $C$DW$112, DW_AT_low_pc(0x00)
    2527                      .dwattr $C$DW$112, DW_AT_name("XBAR_getInputFlagStatus")
    2528                      .dwattr $C$DW$112, DW_AT_TI_call
    2529              
    2530 0000034c 7640!         LCR       #||XBAR_getInputFlagStatus|| ; [CPU_ALU] |57| 
         0000034d 0000 
    2531                      ; call occurs [#||XBAR_getInputFlagStatus||] ; [] |57| 
    2532 0000034e 5200          CMPB      AL,#0                 ; [CPU_ALU] |57| 
    2533 0000034f 56B1          MOVB      XAR1,#0,EQ            ; [CPU_ALU] |57| 
         00000350 00A1 
    2534 00000351       ||$C$L39||:    
    2535 00000351 761F!         MOVW      DP,#||EvtIsHpn||      ; [CPU_ARAU] 
         00000352 0000 
    2536                      .dwpsn  file "D:/15_Delta/14. ANPC Converter/ANPC_3Layer/Source/app/app_protection.c",line 459,column
    2537 00000353 9B00          MOVB      AH,#0                 ; [CPU_ALU] |459| 
    2538                      .dwpsn  file "D:\15_Delta\14. ANPC Converter\ANPC_3Layer\TMS320F280049C\hal\hal_comp_TMS320F280049C.h
    2539 00000354 7900!         MOV       @||EvtIsHpn||,AR1     ; [CPU_ALU] |57| 
    2540                      .dwpsn  file "D:/15_Delta/14. ANPC Converter/ANPC_3Layer/Source/app/app_protection.c",line 459,column
    2541 00000355 92A1          MOV       AL,AR1                ; [CPU_ALU] |459| 
    2542                      .dwpsn  file "D:/15_Delta/14. ANPC Converter/ANPC_3Layer/Source/app/app_protection.c",line 461,column
    2543 00000356 8F00!         MOVL      XAR4,#||IB_hwOCP_count|| ; [CPU_ARAU] |461| 
         00000357 0000 
    2544 00000358 761F!         MOVW      DP,#||EvtIsRvy||      ; [CPU_ARAU] 
         00000359 0000 
    2545                      .dwpsn  file "D:/15_Delta/14. ANPC Converter/ANPC_3Layer/Source/app/app_protection.c",line 459,column
    2546 0000035a 56B1          MOVB      AH,#1,EQ              ; [CPU_ALU] |459| 
         0000035b 01A8 
    2547 0000035c 9700!         MOV       @||EvtIsRvy||,AH      ; [CPU_ALU] |459| 
    2548                      .dwpsn  file "D:/15_Delta/14. ANPC Converter/ANPC_3Layer/Source/app/app_protection.c",line 462,column
    2549 0000035d 9A01          MOVB      AL,#1                 ; [CPU_ALU] |462| 
    2550                      .dwpsn  file "D:/15_Delta/14. ANPC Converter/ANPC_3Layer/Source/app/app_protection.c",line 461,column
    2551 0000035e 0AC4          INC       *+XAR4[0]             ; [CPU_ALU] |461| 
    2552                      .dwpsn  file "D:/15_Delta/14. ANPC Converter/ANPC_3Layer/Source/app/app_protection.c",line 462,column
TMS320C2000 Assembler PC v22.6.0 Mon Apr 21 09:04:20 2025

Copyright (c) 1996-2018 Texas Instruments Incorporated
app_protection.asm                                                   PAGE   52

    2553 0000035f 9B01          MOVB      AH,#1                 ; [CPU_ALU] |462| 
    2554              $C$DW$113       .dwtag  DW_TAG_TI_branch
    2555                      .dwattr $C$DW$113, DW_AT_low_pc(0x00)
    2556                      .dwattr $C$DW$113, DW_AT_name("event_EventIsMatch")
    2557                      .dwattr $C$DW$113, DW_AT_TI_call
    2558              
    2559 00000360 7640!         LCR       #||event_EventIsMatch|| ; [CPU_ALU] |462| 
         00000361 0000 
    2560                      ; call occurs [#||event_EventIsMatch||] ; [] |462| 
    2561 00000362 761F!         MOVW      DP,#||IB_hwOCP_count|| ; [CPU_ARAU] 
         00000363 0000 
    2562                      .dwpsn  file "D:/15_Delta/14. ANPC Converter/ANPC_3Layer/Source/app/app_protection.c",line 464,column
    2563 00000364 4F00!         TBIT      @||IB_hwOCP_count||,#15 ; [CPU_ALU] |464| 
    2564 00000365 6D0F          B         ||$C$L40||,TC         ; [CPU_ALU] |464| 
    2565                      ; branchcc occurs ; [] |464| 
    2566                      .dwpsn  file "D:/15_Delta/14. ANPC Converter/ANPC_3Layer/Source/app/app_protection.c",line 480,column
    2567 00000366 9200!         MOV       AL,@||IB_hwOCP_Rvytrigger|| ; [CPU_ALU] |480| 
    2568                      .dwpsn  file "D:/15_Delta/14. ANPC Converter/ANPC_3Layer/Source/app/app_protection.c",line 479,column
    2569 00000367 2B00!         MOV       @||IB_hwOCP_Hpntrigger||,#0 ; [CPU_ALU] |479| 
    2570                      .dwpsn  file "D:/15_Delta/14. ANPC Converter/ANPC_3Layer/Source/app/app_protection.c",line 480,column
    2571 00000368 6036          B         ||$C$L41||,NEQ        ; [CPU_ALU] |480| 
    2572                      ; branchcc occurs ; [] |480| 
    2573                      .dwpsn  file "D:/15_Delta/14. ANPC Converter/ANPC_3Layer/Source/app/app_protection.c",line 482,column
    2574 00000369 56BF!         MOVB      @||IB_hwOCP_Rvytrigger||,#1,UNC ; [CPU_ALU] |482| 
         0000036a 0100 
    2575                      .dwpsn  file "D:/15_Delta/14. ANPC Converter/ANPC_3Layer/Source/app/app_protection.c",line 483,column
    2576              $C$DW$114       .dwtag  DW_TAG_TI_branch
    2577                      .dwattr $C$DW$114, DW_AT_low_pc(0x00)
    2578                      .dwattr $C$DW$114, DW_AT_name("state_IsStandby")
    2579                      .dwattr $C$DW$114, DW_AT_TI_call
    2580              
    2581 0000036b 7640!         LCR       #||state_IsStandby||  ; [CPU_ALU] |483| 
         0000036c 0000 
    2582                      ; call occurs [#||state_IsStandby||] ; [] |483| 
    2583 0000036d 5200          CMPB      AL,#0                 ; [CPU_ALU] |483| 
    2584 0000036e 6130          B         ||$C$L41||,EQ         ; [CPU_ALU] |483| 
    2585                      ; branchcc occurs ; [] |483| 
    2586 0000036f 761F!         MOVW      DP,#||ProtectFlag||   ; [CPU_ARAU] 
         00000370 0000 
    2587                      .dwpsn  file "D:/15_Delta/14. ANPC Converter/ANPC_3Layer/Source/app/app_protection.c",line 484,column
    2588 00000371 1800!         AND       @||ProtectFlag||,#0xfdff ; [CPU_ALU] |484| 
         00000372 FDFF 
    2589 00000373 6F2B          B         ||$C$L41||,UNC        ; [CPU_ALU] |484| 
    2590                      ; branch occurs ; [] |484| 
    2591 00000374       ||$C$L40||:    
    2592                      .dwpsn  file "D:/15_Delta/14. ANPC Converter/ANPC_3Layer/Source/app/app_protection.c",line 467,column
    2593 00000374 9200!         MOV       AL,@||IB_hwOCP_Hpntrigger|| ; [CPU_ALU] |467| 
    2594                      .dwpsn  file "D:/15_Delta/14. ANPC Converter/ANPC_3Layer/Source/app/app_protection.c",line 466,column
    2595 00000375 2B00!         MOV       @||IB_hwOCP_Rvytrigger||,#0 ; [CPU_ALU] |466| 
    2596                      .dwpsn  file "D:/15_Delta/14. ANPC Converter/ANPC_3Layer/Source/app/app_protection.c",line 467,column
    2597 00000376 6028          B         ||$C$L41||,NEQ        ; [CPU_ALU] |467| 
    2598                      ; branchcc occurs ; [] |467| 
    2599                      .dwpsn  file "D:/15_Delta/14. ANPC Converter/ANPC_3Layer/Source/app/app_protection.c",line 469,column
    2600 00000377 56BF!         MOVB      @||IB_hwOCP_Hpntrigger||,#1,UNC ; [CPU_ALU] |469| 
         00000378 0100 
TMS320C2000 Assembler PC v22.6.0 Mon Apr 21 09:04:20 2025

Copyright (c) 1996-2018 Texas Instruments Incorporated
app_protection.asm                                                   PAGE   53

    2601                      .dwpsn  file "D:/15_Delta/14. ANPC Converter/ANPC_3Layer/TMS320F280049C/device/driverlib/epwm.h",line
    2602 00000379 7622          EALLOW    ; [CPU_ALU] |4654| 
    2603                      .dwpsn  file "D:/15_Delta/14. ANPC Converter/ANPC_3Layer/TMS320F280049C/device/driverlib/epwm.h",line
    2604 0000037a F5A9          MOV       AL,*(0:0x409b)        ; [CPU_ALU] |4655| 
         0000037b 409B 
    2605 0000037c 5004          ORB       AL,#0x04              ; [CPU_ALU] |4655| 
    2606 0000037d F4A9          MOV       *(0:0x409b),AL        ; [CPU_ALU] |4655| 
         0000037e 409B 
    2607 0000037f F5A9          MOV       AL,*(0:0x419b)        ; [CPU_ALU] |4655| 
         00000380 419B 
    2608 00000381 5004          ORB       AL,#0x04              ; [CPU_ALU] |4655| 
    2609 00000382 F4A9          MOV       *(0:0x419b),AL        ; [CPU_ALU] |4655| 
         00000383 419B 
    2610 00000384 F5A9          MOV       AL,*(0:0x429b)        ; [CPU_ALU] |4655| 
         00000385 429B 
    2611 00000386 5004          ORB       AL,#0x04              ; [CPU_ALU] |4655| 
    2612 00000387 F4A9          MOV       *(0:0x429b),AL        ; [CPU_ALU] |4655| 
         00000388 429B 
    2613 00000389 F5A9          MOV       AL,*(0:0x439b)        ; [CPU_ALU] |4655| 
         0000038a 439B 
    2614 0000038b 5004          ORB       AL,#0x04              ; [CPU_ALU] |4655| 
    2615 0000038c F4A9          MOV       *(0:0x439b),AL        ; [CPU_ALU] |4655| 
         0000038d 439B 
    2616 0000038e F5A9          MOV       AL,*(0:0x469b)        ; [CPU_ALU] |4655| 
         0000038f 469B 
    2617 00000390 5004          ORB       AL,#0x04              ; [CPU_ALU] |4655| 
    2618 00000391 F4A9          MOV       *(0:0x469b),AL        ; [CPU_ALU] |4655| 
         00000392 469B 
    2619 00000393 F5A9          MOV       AL,*(0:0x479b)        ; [CPU_ALU] |4655| 
         00000394 479B 
    2620 00000395 5004          ORB       AL,#0x04              ; [CPU_ALU] |4655| 
    2621 00000396 F4A9          MOV       *(0:0x479b),AL        ; [CPU_ALU] |4655| 
         00000397 479B 
    2622                      .dwpsn  file "D:/15_Delta/14. ANPC Converter/ANPC_3Layer/TMS320F280049C/device/driverlib/epwm.h",line
    2623 00000398 761A          EDIS      ; [CPU_ALU] |4656| 
    2624                      .dwpsn  file "D:/15_Delta/14. ANPC Converter/ANPC_3Layer/Source/app/app_protection.c",line 473,column
    2625 00000399 1A00!         OR        @||ProtectFlag||,#0x0200 ; [CPU_ALU] |473| 
         0000039a 0200 
    2626                      .dwpsn  file "D:/15_Delta/14. ANPC Converter/ANPC_3Layer/Source/app/app_protection.c",line 474,column
    2627 0000039b 9A09          MOVB      AL,#9                 ; [CPU_ALU] |474| 
    2628              $C$DW$115       .dwtag  DW_TAG_TI_branch
    2629                      .dwattr $C$DW$115, DW_AT_low_pc(0x00)
    2630                      .dwattr $C$DW$115, DW_AT_name("state_ReportEvent")
    2631                      .dwattr $C$DW$115, DW_AT_TI_call
    2632              
    2633 0000039c 7640!         LCR       #||state_ReportEvent|| ; [CPU_ALU] |474| 
         0000039d 0000 
    2634                      ; call occurs [#||state_ReportEvent||] ; [] |474| 
    2635 0000039e       ||$C$L41||:    
    2636                      .dwpsn  file "D:\15_Delta\14. ANPC Converter\ANPC_3Layer\TMS320F280049C\hal\hal_comp_TMS320F280049C.h
    2637 0000039e 9A04          MOVB      AL,#4                 ; [CPU_ALU] |64| 
    2638              $C$DW$116       .dwtag  DW_TAG_TI_branch
    2639                      .dwattr $C$DW$116, DW_AT_low_pc(0x00)
    2640                      .dwattr $C$DW$116, DW_AT_name("XBAR_getInputFlagStatus")
    2641                      .dwattr $C$DW$116, DW_AT_TI_call
TMS320C2000 Assembler PC v22.6.0 Mon Apr 21 09:04:20 2025

Copyright (c) 1996-2018 Texas Instruments Incorporated
app_protection.asm                                                   PAGE   54

    2642              
    2643 0000039f 7640!         LCR       #||XBAR_getInputFlagStatus|| ; [CPU_ALU] |64| 
         000003a0 0000 
    2644                      ; call occurs [#||XBAR_getInputFlagStatus||] ; [] |64| 
    2645 000003a1 D101          MOVB      XAR1,#1               ; [CPU_ALU] |64| 
    2646 000003a2 5200          CMPB      AL,#0                 ; [CPU_ALU] |64| 
    2647 000003a3 6007          B         ||$C$L42||,NEQ        ; [CPU_ALU] |64| 
    2648                      ; branchcc occurs ; [] |64| 
    2649 000003a4 9A05          MOVB      AL,#5                 ; [CPU_ALU] |64| 
    2650              $C$DW$117       .dwtag  DW_TAG_TI_branch
    2651                      .dwattr $C$DW$117, DW_AT_low_pc(0x00)
    2652                      .dwattr $C$DW$117, DW_AT_name("XBAR_getInputFlagStatus")
    2653                      .dwattr $C$DW$117, DW_AT_TI_call
    2654              
    2655 000003a5 7640!         LCR       #||XBAR_getInputFlagStatus|| ; [CPU_ALU] |64| 
         000003a6 0000 
    2656                      ; call occurs [#||XBAR_getInputFlagStatus||] ; [] |64| 
    2657 000003a7 5200          CMPB      AL,#0                 ; [CPU_ALU] |64| 
    2658 000003a8 56B1          MOVB      XAR1,#0,EQ            ; [CPU_ALU] |64| 
         000003a9 00A1 
    2659 000003aa       ||$C$L42||:    
    2660 000003aa 761F!         MOVW      DP,#||EvtIsHpn||      ; [CPU_ARAU] 
         000003ab 0000 
    2661                      .dwpsn  file "D:/15_Delta/14. ANPC Converter/ANPC_3Layer/Source/app/app_protection.c",line 491,column
    2662 000003ac 9B00          MOVB      AH,#0                 ; [CPU_ALU] |491| 
    2663                      .dwpsn  file "D:\15_Delta\14. ANPC Converter\ANPC_3Layer\TMS320F280049C\hal\hal_comp_TMS320F280049C.h
    2664 000003ad 7900!         MOV       @||EvtIsHpn||,AR1     ; [CPU_ALU] |64| 
    2665                      .dwpsn  file "D:/15_Delta/14. ANPC Converter/ANPC_3Layer/Source/app/app_protection.c",line 491,column
    2666 000003ae 92A1          MOV       AL,AR1                ; [CPU_ALU] |491| 
    2667                      .dwpsn  file "D:/15_Delta/14. ANPC Converter/ANPC_3Layer/Source/app/app_protection.c",line 493,column
    2668 000003af 8F00!         MOVL      XAR4,#||IC_hwOCP_count|| ; [CPU_ARAU] |493| 
         000003b0 0000 
    2669 000003b1 761F!         MOVW      DP,#||EvtIsRvy||      ; [CPU_ARAU] 
         000003b2 0000 
    2670                      .dwpsn  file "D:/15_Delta/14. ANPC Converter/ANPC_3Layer/Source/app/app_protection.c",line 491,column
    2671 000003b3 56B1          MOVB      AH,#1,EQ              ; [CPU_ALU] |491| 
         000003b4 01A8 
    2672 000003b5 9700!         MOV       @||EvtIsRvy||,AH      ; [CPU_ALU] |491| 
    2673                      .dwpsn  file "D:/15_Delta/14. ANPC Converter/ANPC_3Layer/Source/app/app_protection.c",line 494,column
    2674 000003b6 9A01          MOVB      AL,#1                 ; [CPU_ALU] |494| 
    2675                      .dwpsn  file "D:/15_Delta/14. ANPC Converter/ANPC_3Layer/Source/app/app_protection.c",line 493,column
    2676 000003b7 0AC4          INC       *+XAR4[0]             ; [CPU_ALU] |493| 
    2677                      .dwpsn  file "D:/15_Delta/14. ANPC Converter/ANPC_3Layer/Source/app/app_protection.c",line 494,column
    2678 000003b8 9B01          MOVB      AH,#1                 ; [CPU_ALU] |494| 
    2679              $C$DW$118       .dwtag  DW_TAG_TI_branch
    2680                      .dwattr $C$DW$118, DW_AT_low_pc(0x00)
    2681                      .dwattr $C$DW$118, DW_AT_name("event_EventIsMatch")
    2682                      .dwattr $C$DW$118, DW_AT_TI_call
    2683              
    2684 000003b9 7640!         LCR       #||event_EventIsMatch|| ; [CPU_ALU] |494| 
         000003ba 0000 
    2685                      ; call occurs [#||event_EventIsMatch||] ; [] |494| 
    2686 000003bb 761F!         MOVW      DP,#||IC_hwOCP_count|| ; [CPU_ARAU] 
         000003bc 0000 
    2687                      .dwpsn  file "D:/15_Delta/14. ANPC Converter/ANPC_3Layer/Source/app/app_protection.c",line 496,column
TMS320C2000 Assembler PC v22.6.0 Mon Apr 21 09:04:20 2025

Copyright (c) 1996-2018 Texas Instruments Incorporated
app_protection.asm                                                   PAGE   55

    2688 000003bd 4F00!         TBIT      @||IC_hwOCP_count||,#15 ; [CPU_ALU] |496| 
    2689 000003be 6D0F          B         ||$C$L43||,TC         ; [CPU_ALU] |496| 
    2690                      ; branchcc occurs ; [] |496| 
    2691                      .dwpsn  file "D:/15_Delta/14. ANPC Converter/ANPC_3Layer/Source/app/app_protection.c",line 512,column
    2692 000003bf 9200!         MOV       AL,@||IC_hwOCP_Rvytrigger|| ; [CPU_ALU] |512| 
    2693                      .dwpsn  file "D:/15_Delta/14. ANPC Converter/ANPC_3Layer/Source/app/app_protection.c",line 511,column
    2694 000003c0 2B00!         MOV       @||IC_hwOCP_Hpntrigger||,#0 ; [CPU_ALU] |511| 
    2695                      .dwpsn  file "D:/15_Delta/14. ANPC Converter/ANPC_3Layer/Source/app/app_protection.c",line 512,column
    2696 000003c1 6036          B         ||$C$L44||,NEQ        ; [CPU_ALU] |512| 
    2697                      ; branchcc occurs ; [] |512| 
    2698                      .dwpsn  file "D:/15_Delta/14. ANPC Converter/ANPC_3Layer/Source/app/app_protection.c",line 514,column
    2699 000003c2 56BF!         MOVB      @||IC_hwOCP_Rvytrigger||,#1,UNC ; [CPU_ALU] |514| 
         000003c3 0100 
    2700                      .dwpsn  file "D:/15_Delta/14. ANPC Converter/ANPC_3Layer/Source/app/app_protection.c",line 515,column
    2701              $C$DW$119       .dwtag  DW_TAG_TI_branch
    2702                      .dwattr $C$DW$119, DW_AT_low_pc(0x00)
    2703                      .dwattr $C$DW$119, DW_AT_name("state_IsStandby")
    2704                      .dwattr $C$DW$119, DW_AT_TI_call
    2705              
    2706 000003c4 7640!         LCR       #||state_IsStandby||  ; [CPU_ALU] |515| 
         000003c5 0000 
    2707                      ; call occurs [#||state_IsStandby||] ; [] |515| 
    2708 000003c6 5200          CMPB      AL,#0                 ; [CPU_ALU] |515| 
    2709 000003c7 6130          B         ||$C$L44||,EQ         ; [CPU_ALU] |515| 
    2710                      ; branchcc occurs ; [] |515| 
    2711 000003c8 761F!         MOVW      DP,#||ProtectFlag||   ; [CPU_ARAU] 
         000003c9 0000 
    2712                      .dwpsn  file "D:/15_Delta/14. ANPC Converter/ANPC_3Layer/Source/app/app_protection.c",line 516,column
    2713 000003ca 1800!         AND       @||ProtectFlag||,#0xfbff ; [CPU_ALU] |516| 
         000003cb FBFF 
    2714 000003cc 6F2B          B         ||$C$L44||,UNC        ; [CPU_ALU] |516| 
    2715                      ; branch occurs ; [] |516| 
    2716 000003cd       ||$C$L43||:    
    2717                      .dwpsn  file "D:/15_Delta/14. ANPC Converter/ANPC_3Layer/Source/app/app_protection.c",line 499,column
    2718 000003cd 9200!         MOV       AL,@||IC_hwOCP_Hpntrigger|| ; [CPU_ALU] |499| 
    2719                      .dwpsn  file "D:/15_Delta/14. ANPC Converter/ANPC_3Layer/Source/app/app_protection.c",line 498,column
    2720 000003ce 2B00!         MOV       @||IC_hwOCP_Rvytrigger||,#0 ; [CPU_ALU] |498| 
    2721                      .dwpsn  file "D:/15_Delta/14. ANPC Converter/ANPC_3Layer/Source/app/app_protection.c",line 499,column
    2722 000003cf 6028          B         ||$C$L44||,NEQ        ; [CPU_ALU] |499| 
    2723                      ; branchcc occurs ; [] |499| 
    2724                      .dwpsn  file "D:/15_Delta/14. ANPC Converter/ANPC_3Layer/Source/app/app_protection.c",line 501,column
    2725 000003d0 56BF!         MOVB      @||IC_hwOCP_Hpntrigger||,#1,UNC ; [CPU_ALU] |501| 
         000003d1 0100 
    2726                      .dwpsn  file "D:/15_Delta/14. ANPC Converter/ANPC_3Layer/TMS320F280049C/device/driverlib/epwm.h",line
    2727 000003d2 7622          EALLOW    ; [CPU_ALU] |4654| 
    2728                      .dwpsn  file "D:/15_Delta/14. ANPC Converter/ANPC_3Layer/TMS320F280049C/device/driverlib/epwm.h",line
    2729 000003d3 F5A9          MOV       AL,*(0:0x409b)        ; [CPU_ALU] |4655| 
         000003d4 409B 
    2730 000003d5 5004          ORB       AL,#0x04              ; [CPU_ALU] |4655| 
    2731 000003d6 F4A9          MOV       *(0:0x409b),AL        ; [CPU_ALU] |4655| 
         000003d7 409B 
    2732 000003d8 F5A9          MOV       AL,*(0:0x419b)        ; [CPU_ALU] |4655| 
         000003d9 419B 
    2733 000003da 5004          ORB       AL,#0x04              ; [CPU_ALU] |4655| 
    2734 000003db F4A9          MOV       *(0:0x419b),AL        ; [CPU_ALU] |4655| 
TMS320C2000 Assembler PC v22.6.0 Mon Apr 21 09:04:20 2025

Copyright (c) 1996-2018 Texas Instruments Incorporated
app_protection.asm                                                   PAGE   56

         000003dc 419B 
    2735 000003dd F5A9          MOV       AL,*(0:0x429b)        ; [CPU_ALU] |4655| 
         000003de 429B 
    2736 000003df 5004          ORB       AL,#0x04              ; [CPU_ALU] |4655| 
    2737 000003e0 F4A9          MOV       *(0:0x429b),AL        ; [CPU_ALU] |4655| 
         000003e1 429B 
    2738 000003e2 F5A9          MOV       AL,*(0:0x439b)        ; [CPU_ALU] |4655| 
         000003e3 439B 
    2739 000003e4 5004          ORB       AL,#0x04              ; [CPU_ALU] |4655| 
    2740 000003e5 F4A9          MOV       *(0:0x439b),AL        ; [CPU_ALU] |4655| 
         000003e6 439B 
    2741 000003e7 F5A9          MOV       AL,*(0:0x469b)        ; [CPU_ALU] |4655| 
         000003e8 469B 
    2742 000003e9 5004          ORB       AL,#0x04              ; [CPU_ALU] |4655| 
    2743 000003ea F4A9          MOV       *(0:0x469b),AL        ; [CPU_ALU] |4655| 
         000003eb 469B 
    2744 000003ec F5A9          MOV       AL,*(0:0x479b)        ; [CPU_ALU] |4655| 
         000003ed 479B 
    2745 000003ee 5004          ORB       AL,#0x04              ; [CPU_ALU] |4655| 
    2746 000003ef F4A9          MOV       *(0:0x479b),AL        ; [CPU_ALU] |4655| 
         000003f0 479B 
    2747                      .dwpsn  file "D:/15_Delta/14. ANPC Converter/ANPC_3Layer/TMS320F280049C/device/driverlib/epwm.h",line
    2748 000003f1 761A          EDIS      ; [CPU_ALU] |4656| 
    2749                      .dwpsn  file "D:/15_Delta/14. ANPC Converter/ANPC_3Layer/Source/app/app_protection.c",line 505,column
    2750 000003f2 1A00!         OR        @||ProtectFlag||,#0x0400 ; [CPU_ALU] |505| 
         000003f3 0400 
    2751                      .dwpsn  file "D:/15_Delta/14. ANPC Converter/ANPC_3Layer/Source/app/app_protection.c",line 506,column
    2752 000003f4 9A09          MOVB      AL,#9                 ; [CPU_ALU] |506| 
    2753              $C$DW$120       .dwtag  DW_TAG_TI_branch
    2754                      .dwattr $C$DW$120, DW_AT_low_pc(0x00)
    2755                      .dwattr $C$DW$120, DW_AT_name("state_ReportEvent")
    2756                      .dwattr $C$DW$120, DW_AT_TI_call
    2757              
    2758 000003f5 7640!         LCR       #||state_ReportEvent|| ; [CPU_ALU] |506| 
         000003f6 0000 
    2759                      ; call occurs [#||state_ReportEvent||] ; [] |506| 
    2760 000003f7       ||$C$L44||:    
    2761 000003f7 8BBE          MOVL      XAR1,*--SP            ; [CPU_ALU] 
    2762                      .dwcfi  cfa_offset, -2
    2763                      .dwcfi  restore_reg, 7
    2764              $C$DW$121       .dwtag  DW_TAG_TI_branch
    2765                      .dwattr $C$DW$121, DW_AT_low_pc(0x00)
    2766                      .dwattr $C$DW$121, DW_AT_TI_return
    2767              
    2768 000003f8 0006          LRETR     ; [CPU_ALU] 
    2769                      ; return occurs ; [] 
    2770                      .dwattr $C$DW$105, DW_AT_TI_end_file("D:/15_Delta/14. ANPC Converter/ANPC_3Layer/Source/app/app_prote
    2771                      .dwattr $C$DW$105, DW_AT_TI_end_line(0x208)
    2772                      .dwattr $C$DW$105, DW_AT_TI_end_column(0x01)
    2773                      .dwendentry
    2774                      .dwendtag $C$DW$105
    2775              
    2776 000003f9               .sect   ".text"
    2777                      .clink
    2778                      .global ||protect_CheckBusVoltageProtection||
TMS320C2000 Assembler PC v22.6.0 Mon Apr 21 09:04:20 2025

Copyright (c) 1996-2018 Texas Instruments Incorporated
app_protection.asm                                                   PAGE   57

    2779              
    2780              $C$DW$122       .dwtag  DW_TAG_subprogram
    2781                      .dwattr $C$DW$122, DW_AT_name("protect_CheckBusVoltageProtection")
    2782                      .dwattr $C$DW$122, DW_AT_low_pc(||protect_CheckBusVoltageProtection||)
    2783                      .dwattr $C$DW$122, DW_AT_high_pc(0x00)
    2784                      .dwattr $C$DW$122, DW_AT_linkage_name("protect_CheckBusVoltageProtection")
    2785                      .dwattr $C$DW$122, DW_AT_external
    2786                      .dwattr $C$DW$122, DW_AT_decl_file("D:/15_Delta/14. ANPC Converter/ANPC_3Layer/Source/app/app_protect
    2787                      .dwattr $C$DW$122, DW_AT_decl_line(0x126)
    2788                      .dwattr $C$DW$122, DW_AT_decl_column(0x06)
    2789                      .dwattr $C$DW$122, DW_AT_TI_max_frame_size(-6)
    2790                      .dwpsn  file "D:/15_Delta/14. ANPC Converter/ANPC_3Layer/Source/app/app_protection.c",line 295,column
    2791              
    2792                      .dwfde $C$DW$CIE, ||protect_CheckBusVoltageProtection||
    2793              
    2794              ;***************************************************************
    2795              ;* FNAME: protect_CheckBusVoltageProtection FR SIZE:   4           *
    2796              ;*                                                             *
    2797              ;* FUNCTION ENVIRONMENT                                        *
    2798              ;*                                                             *
    2799              ;* FUNCTION PROPERTIES                                         *
    2800              ;*                            2 Parameter,  0 Auto,  2 SOE     *
    2801              ;***************************************************************
    2802              
    2803 000003f9       ||protect_CheckBusVoltageProtection||:
    2804              ;* AR4   assigned to $O$C3
    2805              ;* AR4   assigned to $O$C4
    2806              ;* AR4   assigned to $O$C5
    2807              ;* R0    assigned to $O$C6
    2808              ;* AR4   assigned to $O$C7
    2809              ;* R0    assigned to $O$C8
    2810              ;* AR1   assigned to $O$S1
    2811              ;* AR1   assigned to $O$S2
    2812                      .dwcfi  cfa_offset, -2
    2813                      .dwcfi  save_reg_to_mem, 26, 0
    2814 000003f9 B2BD          MOVL      *SP++,XAR1            ; [CPU_ALU] 
    2815                      .dwcfi  save_reg_to_mem, 7, 2
    2816                      .dwcfi  cfa_offset, -4
    2817 000003fa FE02          ADDB      SP,#2                 ; [CPU_ARAU] 
    2818                      .dwcfi  cfa_offset, -6
    2819 000003fb 761F!         MOVW      DP,#||PhyValue||+438  ; [CPU_ARAU] 
         000003fc 0006 
    2820                      .dwpsn  file "D:/15_Delta/14. ANPC Converter/ANPC_3Layer/Source/app/app_protection.c",line 298,column
    2821 000003fd 9B00          MOVB      AH,#0                 ; [CPU_ALU] |298| 
    2822 000003fe E2AF!         MOV32     R0H,@$BLOCKED(||PhyValue||)+438 ; [CPU_FPU] |298| 
         000003ff 0036 
    2823                      .dwpsn  file "D:/15_Delta/14. ANPC Converter/ANPC_3Layer/Source/app/app_protection.c",line 301,column
    2824 00000400 8F00!         MOVL      XAR4,#||Vbusp_swOVP_count|| ; [CPU_ARAU] |301| 
         00000401 0000 
    2825                      .dwpsn  file "D:/15_Delta/14. ANPC Converter/ANPC_3Layer/Source/app/app_protection.c",line 298,column
    2826 00000402 E812          CMPF32    R0H,#17362            ; [CPU_FPU] |298| 
         00000403 1E90 
    2827 00000404 761F!         MOVW      DP,#||EvtIsHpn||      ; [CPU_ARAU] 
         00000405 0000 
    2828 00000406 AD14          MOVST0    ZF, NF                ; [CPU_FPU] |298| 
TMS320C2000 Assembler PC v22.6.0 Mon Apr 21 09:04:20 2025

Copyright (c) 1996-2018 Texas Instruments Incorporated
app_protection.asm                                                   PAGE   58

    2829 00000407 56B2          MOVB      AH,#1,GT              ; [CPU_ALU] |298| 
         00000408 01A8 
    2830                      .dwpsn  file "D:/15_Delta/14. ANPC Converter/ANPC_3Layer/Source/app/app_protection.c",line 299,column
    2831 00000409 9A00          MOVB      AL,#0                 ; [CPU_ALU] |299| 
    2832 0000040a E812          CMPF32    R0H,#17357            ; [CPU_FPU] |299| 
         0000040b 1E68 
    2833                      .dwpsn  file "D:/15_Delta/14. ANPC Converter/ANPC_3Layer/Source/app/app_protection.c",line 298,column
    2834 0000040c 9700!         MOV       @||EvtIsHpn||,AH      ; [CPU_ALU] |298| 
    2835                      .dwpsn  file "D:/15_Delta/14. ANPC Converter/ANPC_3Layer/Source/app/app_protection.c",line 299,column
    2836 0000040d AD14          MOVST0    ZF, NF                ; [CPU_FPU] |299| 
    2837 0000040e 761F!         MOVW      DP,#||EvtIsRvy||      ; [CPU_ARAU] 
         0000040f 0000 
    2838 00000410 56B4          MOVB      AL,#1,LT              ; [CPU_ALU] |299| 
         00000411 01A9 
    2839 00000412 9600!         MOV       @||EvtIsRvy||,AL      ; [CPU_ALU] |299| 
    2840                      .dwpsn  file "D:/15_Delta/14. ANPC Converter/ANPC_3Layer/Source/app/app_protection.c",line 302,column
    2841 00000413 9B05          MOVB      AH,#5                 ; [CPU_ALU] |302| 
    2842                      .dwpsn  file "D:/15_Delta/14. ANPC Converter/ANPC_3Layer/Source/app/app_protection.c",line 301,column
    2843 00000414 0AC4          INC       *+XAR4[0]             ; [CPU_ALU] |301| 
    2844                      .dwpsn  file "D:/15_Delta/14. ANPC Converter/ANPC_3Layer/Source/app/app_protection.c",line 302,column
    2845 00000415 9A05          MOVB      AL,#5                 ; [CPU_ALU] |302| 
    2846              $C$DW$123       .dwtag  DW_TAG_TI_branch
    2847                      .dwattr $C$DW$123, DW_AT_low_pc(0x00)
    2848                      .dwattr $C$DW$123, DW_AT_name("event_EventIsMatch")
    2849                      .dwattr $C$DW$123, DW_AT_TI_call
    2850              
    2851 00000416 7640!         LCR       #||event_EventIsMatch|| ; [CPU_ALU] |302| 
         00000417 0000 
    2852                      ; call occurs [#||event_EventIsMatch||] ; [] |302| 
    2853 00000418 761F!         MOVW      DP,#||Vbusp_swOVP_count|| ; [CPU_ARAU] 
         00000419 0000 
    2854                      .dwpsn  file "D:/15_Delta/14. ANPC Converter/ANPC_3Layer/Source/app/app_protection.c",line 304,column
    2855 0000041a 4F00!         TBIT      @||Vbusp_swOVP_count||,#15 ; [CPU_ALU] |304| 
    2856 0000041b 6D0F          B         ||$C$L45||,TC         ; [CPU_ALU] |304| 
    2857                      ; branchcc occurs ; [] |304| 
    2858                      .dwpsn  file "D:/15_Delta/14. ANPC Converter/ANPC_3Layer/Source/app/app_protection.c",line 320,column
    2859 0000041c 9200!         MOV       AL,@||Vbusp_swOVP_Rvytrigger|| ; [CPU_ALU] |320| 
    2860                      .dwpsn  file "D:/15_Delta/14. ANPC Converter/ANPC_3Layer/Source/app/app_protection.c",line 319,column
    2861 0000041d 2B00!         MOV       @||Vbusp_swOVP_Hpntrigger||,#0 ; [CPU_ALU] |319| 
    2862                      .dwpsn  file "D:/15_Delta/14. ANPC Converter/ANPC_3Layer/Source/app/app_protection.c",line 320,column
    2863 0000041e 6036          B         ||$C$L46||,NEQ        ; [CPU_ALU] |320| 
    2864                      ; branchcc occurs ; [] |320| 
    2865                      .dwpsn  file "D:/15_Delta/14. ANPC Converter/ANPC_3Layer/Source/app/app_protection.c",line 322,column
    2866 0000041f 56BF!         MOVB      @||Vbusp_swOVP_Rvytrigger||,#1,UNC ; [CPU_ALU] |322| 
         00000420 0100 
    2867                      .dwpsn  file "D:/15_Delta/14. ANPC Converter/ANPC_3Layer/Source/app/app_protection.c",line 323,column
    2868              $C$DW$124       .dwtag  DW_TAG_TI_branch
    2869                      .dwattr $C$DW$124, DW_AT_low_pc(0x00)
    2870                      .dwattr $C$DW$124, DW_AT_name("state_IsStandby")
    2871                      .dwattr $C$DW$124, DW_AT_TI_call
    2872              
    2873 00000421 7640!         LCR       #||state_IsStandby||  ; [CPU_ALU] |323| 
         00000422 0000 
    2874                      ; call occurs [#||state_IsStandby||] ; [] |323| 
    2875 00000423 5200          CMPB      AL,#0                 ; [CPU_ALU] |323| 
TMS320C2000 Assembler PC v22.6.0 Mon Apr 21 09:04:20 2025

Copyright (c) 1996-2018 Texas Instruments Incorporated
app_protection.asm                                                   PAGE   59

    2876 00000424 6130          B         ||$C$L46||,EQ         ; [CPU_ALU] |323| 
    2877                      ; branchcc occurs ; [] |323| 
    2878 00000425 761F!         MOVW      DP,#||ProtectFlag||   ; [CPU_ARAU] 
         00000426 0000 
    2879                      .dwpsn  file "D:/15_Delta/14. ANPC Converter/ANPC_3Layer/Source/app/app_protection.c",line 324,column
    2880 00000427 1800!         AND       @||ProtectFlag||,#0xffef ; [CPU_ALU] |324| 
         00000428 FFEF 
    2881 00000429 6F2B          B         ||$C$L46||,UNC        ; [CPU_ALU] |324| 
    2882                      ; branch occurs ; [] |324| 
    2883 0000042a       ||$C$L45||:    
    2884                      .dwpsn  file "D:/15_Delta/14. ANPC Converter/ANPC_3Layer/Source/app/app_protection.c",line 307,column
    2885 0000042a 9200!         MOV       AL,@||Vbusp_swOVP_Hpntrigger|| ; [CPU_ALU] |307| 
    2886                      .dwpsn  file "D:/15_Delta/14. ANPC Converter/ANPC_3Layer/Source/app/app_protection.c",line 306,column
    2887 0000042b 2B00!         MOV       @||Vbusp_swOVP_Rvytrigger||,#0 ; [CPU_ALU] |306| 
    2888                      .dwpsn  file "D:/15_Delta/14. ANPC Converter/ANPC_3Layer/Source/app/app_protection.c",line 307,column
    2889 0000042c 6028          B         ||$C$L46||,NEQ        ; [CPU_ALU] |307| 
    2890                      ; branchcc occurs ; [] |307| 
    2891                      .dwpsn  file "D:/15_Delta/14. ANPC Converter/ANPC_3Layer/Source/app/app_protection.c",line 309,column
    2892 0000042d 56BF!         MOVB      @||Vbusp_swOVP_Hpntrigger||,#1,UNC ; [CPU_ALU] |309| 
         0000042e 0100 
    2893                      .dwpsn  file "D:/15_Delta/14. ANPC Converter/ANPC_3Layer/TMS320F280049C/device/driverlib/epwm.h",line
    2894 0000042f 7622          EALLOW    ; [CPU_ALU] |4654| 
    2895                      .dwpsn  file "D:/15_Delta/14. ANPC Converter/ANPC_3Layer/TMS320F280049C/device/driverlib/epwm.h",line
    2896 00000430 F5A9          MOV       AL,*(0:0x409b)        ; [CPU_ALU] |4655| 
         00000431 409B 
    2897 00000432 5004          ORB       AL,#0x04              ; [CPU_ALU] |4655| 
    2898 00000433 F4A9          MOV       *(0:0x409b),AL        ; [CPU_ALU] |4655| 
         00000434 409B 
    2899 00000435 F5A9          MOV       AL,*(0:0x419b)        ; [CPU_ALU] |4655| 
         00000436 419B 
    2900 00000437 5004          ORB       AL,#0x04              ; [CPU_ALU] |4655| 
    2901 00000438 F4A9          MOV       *(0:0x419b),AL        ; [CPU_ALU] |4655| 
         00000439 419B 
    2902 0000043a F5A9          MOV       AL,*(0:0x429b)        ; [CPU_ALU] |4655| 
         0000043b 429B 
    2903 0000043c 5004          ORB       AL,#0x04              ; [CPU_ALU] |4655| 
    2904 0000043d F4A9          MOV       *(0:0x429b),AL        ; [CPU_ALU] |4655| 
         0000043e 429B 
    2905 0000043f F5A9          MOV       AL,*(0:0x439b)        ; [CPU_ALU] |4655| 
         00000440 439B 
    2906 00000441 5004          ORB       AL,#0x04              ; [CPU_ALU] |4655| 
    2907 00000442 F4A9          MOV       *(0:0x439b),AL        ; [CPU_ALU] |4655| 
         00000443 439B 
    2908 00000444 F5A9          MOV       AL,*(0:0x469b)        ; [CPU_ALU] |4655| 
         00000445 469B 
    2909 00000446 5004          ORB       AL,#0x04              ; [CPU_ALU] |4655| 
    2910 00000447 F4A9          MOV       *(0:0x469b),AL        ; [CPU_ALU] |4655| 
         00000448 469B 
    2911 00000449 F5A9          MOV       AL,*(0:0x479b)        ; [CPU_ALU] |4655| 
         0000044a 479B 
    2912 0000044b 5004          ORB       AL,#0x04              ; [CPU_ALU] |4655| 
    2913 0000044c F4A9          MOV       *(0:0x479b),AL        ; [CPU_ALU] |4655| 
         0000044d 479B 
    2914                      .dwpsn  file "D:/15_Delta/14. ANPC Converter/ANPC_3Layer/TMS320F280049C/device/driverlib/epwm.h",line
    2915 0000044e 761A          EDIS      ; [CPU_ALU] |4656| 
TMS320C2000 Assembler PC v22.6.0 Mon Apr 21 09:04:20 2025

Copyright (c) 1996-2018 Texas Instruments Incorporated
app_protection.asm                                                   PAGE   60

    2916                      .dwpsn  file "D:/15_Delta/14. ANPC Converter/ANPC_3Layer/Source/app/app_protection.c",line 313,column
    2917 0000044f 1A00!         OR        @||ProtectFlag||,#0x0010 ; [CPU_ALU] |313| 
         00000450 0010 
    2918                      .dwpsn  file "D:/15_Delta/14. ANPC Converter/ANPC_3Layer/Source/app/app_protection.c",line 314,column
    2919 00000451 9A07          MOVB      AL,#7                 ; [CPU_ALU] |314| 
    2920              $C$DW$125       .dwtag  DW_TAG_TI_branch
    2921                      .dwattr $C$DW$125, DW_AT_low_pc(0x00)
    2922                      .dwattr $C$DW$125, DW_AT_name("state_ReportEvent")
    2923                      .dwattr $C$DW$125, DW_AT_TI_call
    2924              
    2925 00000452 7640!         LCR       #||state_ReportEvent|| ; [CPU_ALU] |314| 
         00000453 0000 
    2926                      ; call occurs [#||state_ReportEvent||] ; [] |314| 
    2927 00000454       ||$C$L46||:    
    2928 00000454 761F!         MOVW      DP,#||PhyValue||+456  ; [CPU_ARAU] 
         00000455 0007 
    2929                      .dwpsn  file "D:/15_Delta/14. ANPC Converter/ANPC_3Layer/Source/app/app_protection.c",line 329,column
    2930 00000456 E2AF!         MOV32     R0H,@$BLOCKED(||PhyValue||)+456 ; [CPU_FPU] |329| 
         00000457 0008 
    2931 00000458 9B00          MOVB      AH,#0                 ; [CPU_ALU] |329| 
    2932 00000459 E812          CMPF32    R0H,#17362            ; [CPU_FPU] |329| 
         0000045a 1E90 
    2933 0000045b 761F!         MOVW      DP,#||EvtIsHpn||      ; [CPU_ARAU] 
         0000045c 0000 
    2934                      .dwpsn  file "D:/15_Delta/14. ANPC Converter/ANPC_3Layer/Source/app/app_protection.c",line 332,column
    2935 0000045d 8F00!         MOVL      XAR4,#||Vbusn_swOVP_count|| ; [CPU_ARAU] |332| 
         0000045e 0000 
    2936                      .dwpsn  file "D:/15_Delta/14. ANPC Converter/ANPC_3Layer/Source/app/app_protection.c",line 329,column
    2937 0000045f AD14          MOVST0    ZF, NF                ; [CPU_FPU] |329| 
    2938 00000460 56B2          MOVB      AH,#1,GT              ; [CPU_ALU] |329| 
         00000461 01A8 
    2939                      .dwpsn  file "D:/15_Delta/14. ANPC Converter/ANPC_3Layer/Source/app/app_protection.c",line 330,column
    2940 00000462 9A00          MOVB      AL,#0                 ; [CPU_ALU] |330| 
    2941 00000463 E812          CMPF32    R0H,#17357            ; [CPU_FPU] |330| 
         00000464 1E68 
    2942                      .dwpsn  file "D:/15_Delta/14. ANPC Converter/ANPC_3Layer/Source/app/app_protection.c",line 329,column
    2943 00000465 9700!         MOV       @||EvtIsHpn||,AH      ; [CPU_ALU] |329| 
    2944 00000466 761F!         MOVW      DP,#||EvtIsRvy||      ; [CPU_ARAU] 
         00000467 0000 
    2945                      .dwpsn  file "D:/15_Delta/14. ANPC Converter/ANPC_3Layer/Source/app/app_protection.c",line 330,column
    2946 00000468 AD14          MOVST0    ZF, NF                ; [CPU_FPU] |330| 
    2947 00000469 56B4          MOVB      AL,#1,LT              ; [CPU_ALU] |330| 
         0000046a 01A9 
    2948 0000046b 9600!         MOV       @||EvtIsRvy||,AL      ; [CPU_ALU] |330| 
    2949                      .dwpsn  file "D:/15_Delta/14. ANPC Converter/ANPC_3Layer/Source/app/app_protection.c",line 332,column
    2950 0000046c 0AC4          INC       *+XAR4[0]             ; [CPU_ALU] |332| 
    2951                      .dwpsn  file "D:/15_Delta/14. ANPC Converter/ANPC_3Layer/Source/app/app_protection.c",line 333,column
    2952 0000046d 9B05          MOVB      AH,#5                 ; [CPU_ALU] |333| 
    2953 0000046e 9A05          MOVB      AL,#5                 ; [CPU_ALU] |333| 
    2954              $C$DW$126       .dwtag  DW_TAG_TI_branch
    2955                      .dwattr $C$DW$126, DW_AT_low_pc(0x00)
    2956                      .dwattr $C$DW$126, DW_AT_name("event_EventIsMatch")
    2957                      .dwattr $C$DW$126, DW_AT_TI_call
    2958              
    2959 0000046f 7640!         LCR       #||event_EventIsMatch|| ; [CPU_ALU] |333| 
TMS320C2000 Assembler PC v22.6.0 Mon Apr 21 09:04:20 2025

Copyright (c) 1996-2018 Texas Instruments Incorporated
app_protection.asm                                                   PAGE   61

         00000470 0000 
    2960                      ; call occurs [#||event_EventIsMatch||] ; [] |333| 
    2961 00000471 761F!         MOVW      DP,#||Vbusn_swOVP_count|| ; [CPU_ARAU] 
         00000472 0000 
    2962                      .dwpsn  file "D:/15_Delta/14. ANPC Converter/ANPC_3Layer/Source/app/app_protection.c",line 335,column
    2963 00000473 4F00!         TBIT      @||Vbusn_swOVP_count||,#15 ; [CPU_ALU] |335| 
    2964 00000474 6D0F          B         ||$C$L47||,TC         ; [CPU_ALU] |335| 
    2965                      ; branchcc occurs ; [] |335| 
    2966                      .dwpsn  file "D:/15_Delta/14. ANPC Converter/ANPC_3Layer/Source/app/app_protection.c",line 351,column
    2967 00000475 9200!         MOV       AL,@||Vbusn_swOVP_Rvytrigger|| ; [CPU_ALU] |351| 
    2968                      .dwpsn  file "D:/15_Delta/14. ANPC Converter/ANPC_3Layer/Source/app/app_protection.c",line 350,column
    2969 00000476 2B00!         MOV       @||Vbusn_swOVP_Hpntrigger||,#0 ; [CPU_ALU] |350| 
    2970                      .dwpsn  file "D:/15_Delta/14. ANPC Converter/ANPC_3Layer/Source/app/app_protection.c",line 351,column
    2971 00000477 6036          B         ||$C$L48||,NEQ        ; [CPU_ALU] |351| 
    2972                      ; branchcc occurs ; [] |351| 
    2973                      .dwpsn  file "D:/15_Delta/14. ANPC Converter/ANPC_3Layer/Source/app/app_protection.c",line 353,column
    2974 00000478 56BF!         MOVB      @||Vbusn_swOVP_Rvytrigger||,#1,UNC ; [CPU_ALU] |353| 
         00000479 0100 
    2975                      .dwpsn  file "D:/15_Delta/14. ANPC Converter/ANPC_3Layer/Source/app/app_protection.c",line 354,column
    2976              $C$DW$127       .dwtag  DW_TAG_TI_branch
    2977                      .dwattr $C$DW$127, DW_AT_low_pc(0x00)
    2978                      .dwattr $C$DW$127, DW_AT_name("state_IsStandby")
    2979                      .dwattr $C$DW$127, DW_AT_TI_call
    2980              
    2981 0000047a 7640!         LCR       #||state_IsStandby||  ; [CPU_ALU] |354| 
         0000047b 0000 
    2982                      ; call occurs [#||state_IsStandby||] ; [] |354| 
    2983 0000047c 5200          CMPB      AL,#0                 ; [CPU_ALU] |354| 
    2984 0000047d 6130          B         ||$C$L48||,EQ         ; [CPU_ALU] |354| 
    2985                      ; branchcc occurs ; [] |354| 
    2986 0000047e 761F!         MOVW      DP,#||ProtectFlag||   ; [CPU_ARAU] 
         0000047f 0000 
    2987                      .dwpsn  file "D:/15_Delta/14. ANPC Converter/ANPC_3Layer/Source/app/app_protection.c",line 355,column
    2988 00000480 1800!         AND       @||ProtectFlag||,#0xffdf ; [CPU_ALU] |355| 
         00000481 FFDF 
    2989 00000482 6F2B          B         ||$C$L48||,UNC        ; [CPU_ALU] |355| 
    2990                      ; branch occurs ; [] |355| 
    2991 00000483       ||$C$L47||:    
    2992                      .dwpsn  file "D:/15_Delta/14. ANPC Converter/ANPC_3Layer/Source/app/app_protection.c",line 338,column
    2993 00000483 9200!         MOV       AL,@||Vbusn_swOVP_Hpntrigger|| ; [CPU_ALU] |338| 
    2994                      .dwpsn  file "D:/15_Delta/14. ANPC Converter/ANPC_3Layer/Source/app/app_protection.c",line 337,column
    2995 00000484 2B00!         MOV       @||Vbusn_swOVP_Rvytrigger||,#0 ; [CPU_ALU] |337| 
    2996                      .dwpsn  file "D:/15_Delta/14. ANPC Converter/ANPC_3Layer/Source/app/app_protection.c",line 338,column
    2997 00000485 6028          B         ||$C$L48||,NEQ        ; [CPU_ALU] |338| 
    2998                      ; branchcc occurs ; [] |338| 
    2999                      .dwpsn  file "D:/15_Delta/14. ANPC Converter/ANPC_3Layer/Source/app/app_protection.c",line 340,column
    3000 00000486 56BF!         MOVB      @||Vbusn_swOVP_Hpntrigger||,#1,UNC ; [CPU_ALU] |340| 
         00000487 0100 
    3001                      .dwpsn  file "D:/15_Delta/14. ANPC Converter/ANPC_3Layer/TMS320F280049C/device/driverlib/epwm.h",line
    3002 00000488 7622          EALLOW    ; [CPU_ALU] |4654| 
    3003                      .dwpsn  file "D:/15_Delta/14. ANPC Converter/ANPC_3Layer/TMS320F280049C/device/driverlib/epwm.h",line
    3004 00000489 F5A9          MOV       AL,*(0:0x409b)        ; [CPU_ALU] |4655| 
         0000048a 409B 
    3005 0000048b 5004          ORB       AL,#0x04              ; [CPU_ALU] |4655| 
    3006 0000048c F4A9          MOV       *(0:0x409b),AL        ; [CPU_ALU] |4655| 
TMS320C2000 Assembler PC v22.6.0 Mon Apr 21 09:04:20 2025

Copyright (c) 1996-2018 Texas Instruments Incorporated
app_protection.asm                                                   PAGE   62

         0000048d 409B 
    3007 0000048e F5A9          MOV       AL,*(0:0x419b)        ; [CPU_ALU] |4655| 
         0000048f 419B 
    3008 00000490 5004          ORB       AL,#0x04              ; [CPU_ALU] |4655| 
    3009 00000491 F4A9          MOV       *(0:0x419b),AL        ; [CPU_ALU] |4655| 
         00000492 419B 
    3010 00000493 F5A9          MOV       AL,*(0:0x429b)        ; [CPU_ALU] |4655| 
         00000494 429B 
    3011 00000495 5004          ORB       AL,#0x04              ; [CPU_ALU] |4655| 
    3012 00000496 F4A9          MOV       *(0:0x429b),AL        ; [CPU_ALU] |4655| 
         00000497 429B 
    3013 00000498 F5A9          MOV       AL,*(0:0x439b)        ; [CPU_ALU] |4655| 
         00000499 439B 
    3014 0000049a 5004          ORB       AL,#0x04              ; [CPU_ALU] |4655| 
    3015 0000049b F4A9          MOV       *(0:0x439b),AL        ; [CPU_ALU] |4655| 
         0000049c 439B 
    3016 0000049d F5A9          MOV       AL,*(0:0x469b)        ; [CPU_ALU] |4655| 
         0000049e 469B 
    3017 0000049f 5004          ORB       AL,#0x04              ; [CPU_ALU] |4655| 
    3018 000004a0 F4A9          MOV       *(0:0x469b),AL        ; [CPU_ALU] |4655| 
         000004a1 469B 
    3019 000004a2 F5A9          MOV       AL,*(0:0x479b)        ; [CPU_ALU] |4655| 
         000004a3 479B 
    3020 000004a4 5004          ORB       AL,#0x04              ; [CPU_ALU] |4655| 
    3021 000004a5 F4A9          MOV       *(0:0x479b),AL        ; [CPU_ALU] |4655| 
         000004a6 479B 
    3022                      .dwpsn  file "D:/15_Delta/14. ANPC Converter/ANPC_3Layer/TMS320F280049C/device/driverlib/epwm.h",line
    3023 000004a7 761A          EDIS      ; [CPU_ALU] |4656| 
    3024                      .dwpsn  file "D:/15_Delta/14. ANPC Converter/ANPC_3Layer/Source/app/app_protection.c",line 344,column
    3025 000004a8 1A00!         OR        @||ProtectFlag||,#0x0020 ; [CPU_ALU] |344| 
         000004a9 0020 
    3026                      .dwpsn  file "D:/15_Delta/14. ANPC Converter/ANPC_3Layer/Source/app/app_protection.c",line 345,column
    3027 000004aa 9A07          MOVB      AL,#7                 ; [CPU_ALU] |345| 
    3028              $C$DW$128       .dwtag  DW_TAG_TI_branch
    3029                      .dwattr $C$DW$128, DW_AT_low_pc(0x00)
    3030                      .dwattr $C$DW$128, DW_AT_name("state_ReportEvent")
    3031                      .dwattr $C$DW$128, DW_AT_TI_call
    3032              
    3033 000004ab 7640!         LCR       #||state_ReportEvent|| ; [CPU_ALU] |345| 
         000004ac 0000 
    3034                      ; call occurs [#||state_ReportEvent||] ; [] |345| 
    3035 000004ad       ||$C$L48||:    
    3036 000004ad 761F!         MOVW      DP,#||PhyValue||+438  ; [CPU_ARAU] 
         000004ae 0006 
    3037                      .dwpsn  file "D:/15_Delta/14. ANPC Converter/ANPC_3Layer/Source/app/app_protection.c",line 360,column
    3038 000004af E2AF!         MOV32     R0H,@$BLOCKED(||PhyValue||)+438 ; [CPU_FPU] |360| 
         000004b0 0036 
    3039 000004b1 D100          MOVB      XAR1,#0               ; [CPU_ALU] |360| 
    3040 000004b2 E812          CMPF32    R0H,#17274            ; [CPU_FPU] |360| 
         000004b3 1BD0 
    3041 000004b4 AD14          MOVST0    ZF, NF                ; [CPU_FPU] |360| 
    3042 000004b5 6306          B         ||$C$L49||,GEQ        ; [CPU_ALU] |360| 
    3043                      ; branchcc occurs ; [] |360| 
    3044              $C$DW$129       .dwtag  DW_TAG_TI_branch
    3045                      .dwattr $C$DW$129, DW_AT_low_pc(0x00)
TMS320C2000 Assembler PC v22.6.0 Mon Apr 21 09:04:20 2025

Copyright (c) 1996-2018 Texas Instruments Incorporated
app_protection.asm                                                   PAGE   63

    3046                      .dwattr $C$DW$129, DW_AT_name("state_IsNormalOperation")
    3047                      .dwattr $C$DW$129, DW_AT_TI_call
    3048              
    3049 000004b6 7640!         LCR       #||state_IsNormalOperation|| ; [CPU_ALU] |360| 
         000004b7 0000 
    3050                      ; call occurs [#||state_IsNormalOperation||] ; [] |360| 
    3051 000004b8 5200          CMPB      AL,#0                 ; [CPU_ALU] |360| 
    3052 000004b9 56B0          MOVB      XAR1,#1,NEQ           ; [CPU_ALU] |360| 
         000004ba 01A1 
    3053 000004bb       ||$C$L49||:    
    3054 000004bb 761F!         MOVW      DP,#||PhyValue||+438  ; [CPU_ARAU] 
         000004bc 0006 
    3055                      .dwpsn  file "D:/15_Delta/14. ANPC Converter/ANPC_3Layer/Source/app/app_protection.c",line 361,column
    3056 000004bd E2AF!         MOV32     R0H,@$BLOCKED(||PhyValue||)+438 ; [CPU_FPU] |361| 
         000004be 0036 
    3057 000004bf 9A00          MOVB      AL,#0                 ; [CPU_ALU] |361| 
    3058 000004c0 761F!         MOVW      DP,#||EvtIsHpn||      ; [CPU_ARAU] 
         000004c1 0000 
    3059                      .dwpsn  file "D:/15_Delta/14. ANPC Converter/ANPC_3Layer/Source/app/app_protection.c",line 363,column
    3060 000004c2 8F00!         MOVL      XAR4,#||Vbusp_swUVP_count|| ; [CPU_ARAU] |363| 
         000004c3 0000 
    3061                      .dwpsn  file "D:/15_Delta/14. ANPC Converter/ANPC_3Layer/Source/app/app_protection.c",line 360,column
    3062 000004c4 7900!         MOV       @||EvtIsHpn||,AR1     ; [CPU_ALU] |360| 
    3063                      .dwpsn  file "D:/15_Delta/14. ANPC Converter/ANPC_3Layer/Source/app/app_protection.c",line 361,column
    3064 000004c5 E812          CMPF32    R0H,#17282            ; [CPU_FPU] |361| 
         000004c6 1C10 
    3065 000004c7 761F!         MOVW      DP,#||EvtIsRvy||      ; [CPU_ARAU] 
         000004c8 0000 
    3066 000004c9 AD14          MOVST0    ZF, NF                ; [CPU_FPU] |361| 
    3067 000004ca 56B2          MOVB      AL,#1,GT              ; [CPU_ALU] |361| 
         000004cb 01A9 
    3068 000004cc 9600!         MOV       @||EvtIsRvy||,AL      ; [CPU_ALU] |361| 
    3069                      .dwpsn  file "D:/15_Delta/14. ANPC Converter/ANPC_3Layer/Source/app/app_protection.c",line 364,column
    3070 000004cd 9B05          MOVB      AH,#5                 ; [CPU_ALU] |364| 
    3071                      .dwpsn  file "D:/15_Delta/14. ANPC Converter/ANPC_3Layer/Source/app/app_protection.c",line 363,column
    3072 000004ce 0AC4          INC       *+XAR4[0]             ; [CPU_ALU] |363| 
    3073                      .dwpsn  file "D:/15_Delta/14. ANPC Converter/ANPC_3Layer/Source/app/app_protection.c",line 364,column
    3074 000004cf 9A05          MOVB      AL,#5                 ; [CPU_ALU] |364| 
    3075              $C$DW$130       .dwtag  DW_TAG_TI_branch
    3076                      .dwattr $C$DW$130, DW_AT_low_pc(0x00)
    3077                      .dwattr $C$DW$130, DW_AT_name("event_EventIsMatch")
    3078                      .dwattr $C$DW$130, DW_AT_TI_call
    3079              
    3080 000004d0 7640!         LCR       #||event_EventIsMatch|| ; [CPU_ALU] |364| 
         000004d1 0000 
    3081                      ; call occurs [#||event_EventIsMatch||] ; [] |364| 
    3082 000004d2 761F!         MOVW      DP,#||Vbusp_swUVP_count|| ; [CPU_ARAU] 
         000004d3 0000 
    3083                      .dwpsn  file "D:/15_Delta/14. ANPC Converter/ANPC_3Layer/Source/app/app_protection.c",line 366,column
    3084 000004d4 4F00!         TBIT      @||Vbusp_swUVP_count||,#15 ; [CPU_ALU] |366| 
    3085 000004d5 6D0F          B         ||$C$L50||,TC         ; [CPU_ALU] |366| 
    3086                      ; branchcc occurs ; [] |366| 
    3087                      .dwpsn  file "D:/15_Delta/14. ANPC Converter/ANPC_3Layer/Source/app/app_protection.c",line 382,column
    3088 000004d6 9200!         MOV       AL,@||Vbusp_swUVP_Rvytrigger|| ; [CPU_ALU] |382| 
    3089                      .dwpsn  file "D:/15_Delta/14. ANPC Converter/ANPC_3Layer/Source/app/app_protection.c",line 381,column
TMS320C2000 Assembler PC v22.6.0 Mon Apr 21 09:04:20 2025

Copyright (c) 1996-2018 Texas Instruments Incorporated
app_protection.asm                                                   PAGE   64

    3090 000004d7 2B00!         MOV       @||Vbusp_swUVP_Hpntrigger||,#0 ; [CPU_ALU] |381| 
    3091                      .dwpsn  file "D:/15_Delta/14. ANPC Converter/ANPC_3Layer/Source/app/app_protection.c",line 382,column
    3092 000004d8 6036          B         ||$C$L51||,NEQ        ; [CPU_ALU] |382| 
    3093                      ; branchcc occurs ; [] |382| 
    3094                      .dwpsn  file "D:/15_Delta/14. ANPC Converter/ANPC_3Layer/Source/app/app_protection.c",line 384,column
    3095 000004d9 56BF!         MOVB      @||Vbusp_swUVP_Rvytrigger||,#1,UNC ; [CPU_ALU] |384| 
         000004da 0100 
    3096                      .dwpsn  file "D:/15_Delta/14. ANPC Converter/ANPC_3Layer/Source/app/app_protection.c",line 385,column
    3097              $C$DW$131       .dwtag  DW_TAG_TI_branch
    3098                      .dwattr $C$DW$131, DW_AT_low_pc(0x00)
    3099                      .dwattr $C$DW$131, DW_AT_name("state_IsStandby")
    3100                      .dwattr $C$DW$131, DW_AT_TI_call
    3101              
    3102 000004db 7640!         LCR       #||state_IsStandby||  ; [CPU_ALU] |385| 
         000004dc 0000 
    3103                      ; call occurs [#||state_IsStandby||] ; [] |385| 
    3104 000004dd 5200          CMPB      AL,#0                 ; [CPU_ALU] |385| 
    3105 000004de 6130          B         ||$C$L51||,EQ         ; [CPU_ALU] |385| 
    3106                      ; branchcc occurs ; [] |385| 
    3107 000004df 761F!         MOVW      DP,#||ProtectFlag||   ; [CPU_ARAU] 
         000004e0 0000 
    3108                      .dwpsn  file "D:/15_Delta/14. ANPC Converter/ANPC_3Layer/Source/app/app_protection.c",line 386,column
    3109 000004e1 1800!         AND       @||ProtectFlag||,#0xffbf ; [CPU_ALU] |386| 
         000004e2 FFBF 
    3110 000004e3 6F2B          B         ||$C$L51||,UNC        ; [CPU_ALU] |386| 
    3111                      ; branch occurs ; [] |386| 
    3112 000004e4       ||$C$L50||:    
    3113                      .dwpsn  file "D:/15_Delta/14. ANPC Converter/ANPC_3Layer/Source/app/app_protection.c",line 369,column
    3114 000004e4 9200!         MOV       AL,@||Vbusp_swUVP_Hpntrigger|| ; [CPU_ALU] |369| 
    3115                      .dwpsn  file "D:/15_Delta/14. ANPC Converter/ANPC_3Layer/Source/app/app_protection.c",line 368,column
    3116 000004e5 2B00!         MOV       @||Vbusp_swUVP_Rvytrigger||,#0 ; [CPU_ALU] |368| 
    3117                      .dwpsn  file "D:/15_Delta/14. ANPC Converter/ANPC_3Layer/Source/app/app_protection.c",line 369,column
    3118 000004e6 6028          B         ||$C$L51||,NEQ        ; [CPU_ALU] |369| 
    3119                      ; branchcc occurs ; [] |369| 
    3120                      .dwpsn  file "D:/15_Delta/14. ANPC Converter/ANPC_3Layer/Source/app/app_protection.c",line 371,column
    3121 000004e7 56BF!         MOVB      @||Vbusp_swUVP_Hpntrigger||,#1,UNC ; [CPU_ALU] |371| 
         000004e8 0100 
    3122                      .dwpsn  file "D:/15_Delta/14. ANPC Converter/ANPC_3Layer/TMS320F280049C/device/driverlib/epwm.h",line
    3123 000004e9 7622          EALLOW    ; [CPU_ALU] |4654| 
    3124                      .dwpsn  file "D:/15_Delta/14. ANPC Converter/ANPC_3Layer/TMS320F280049C/device/driverlib/epwm.h",line
    3125 000004ea F5A9          MOV       AL,*(0:0x409b)        ; [CPU_ALU] |4655| 
         000004eb 409B 
    3126 000004ec 5004          ORB       AL,#0x04              ; [CPU_ALU] |4655| 
    3127 000004ed F4A9          MOV       *(0:0x409b),AL        ; [CPU_ALU] |4655| 
         000004ee 409B 
    3128 000004ef F5A9          MOV       AL,*(0:0x419b)        ; [CPU_ALU] |4655| 
         000004f0 419B 
    3129 000004f1 5004          ORB       AL,#0x04              ; [CPU_ALU] |4655| 
    3130 000004f2 F4A9          MOV       *(0:0x419b),AL        ; [CPU_ALU] |4655| 
         000004f3 419B 
    3131 000004f4 F5A9          MOV       AL,*(0:0x429b)        ; [CPU_ALU] |4655| 
         000004f5 429B 
    3132 000004f6 5004          ORB       AL,#0x04              ; [CPU_ALU] |4655| 
    3133 000004f7 F4A9          MOV       *(0:0x429b),AL        ; [CPU_ALU] |4655| 
         000004f8 429B 
TMS320C2000 Assembler PC v22.6.0 Mon Apr 21 09:04:20 2025

Copyright (c) 1996-2018 Texas Instruments Incorporated
app_protection.asm                                                   PAGE   65

    3134 000004f9 F5A9          MOV       AL,*(0:0x439b)        ; [CPU_ALU] |4655| 
         000004fa 439B 
    3135 000004fb 5004          ORB       AL,#0x04              ; [CPU_ALU] |4655| 
    3136 000004fc F4A9          MOV       *(0:0x439b),AL        ; [CPU_ALU] |4655| 
         000004fd 439B 
    3137 000004fe F5A9          MOV       AL,*(0:0x469b)        ; [CPU_ALU] |4655| 
         000004ff 469B 
    3138 00000500 5004          ORB       AL,#0x04              ; [CPU_ALU] |4655| 
    3139 00000501 F4A9          MOV       *(0:0x469b),AL        ; [CPU_ALU] |4655| 
         00000502 469B 
    3140 00000503 F5A9          MOV       AL,*(0:0x479b)        ; [CPU_ALU] |4655| 
         00000504 479B 
    3141 00000505 5004          ORB       AL,#0x04              ; [CPU_ALU] |4655| 
    3142 00000506 F4A9          MOV       *(0:0x479b),AL        ; [CPU_ALU] |4655| 
         00000507 479B 
    3143                      .dwpsn  file "D:/15_Delta/14. ANPC Converter/ANPC_3Layer/TMS320F280049C/device/driverlib/epwm.h",line
    3144 00000508 761A          EDIS      ; [CPU_ALU] |4656| 
    3145                      .dwpsn  file "D:/15_Delta/14. ANPC Converter/ANPC_3Layer/Source/app/app_protection.c",line 375,column
    3146 00000509 1A00!         OR        @||ProtectFlag||,#0x0040 ; [CPU_ALU] |375| 
         0000050a 0040 
    3147                      .dwpsn  file "D:/15_Delta/14. ANPC Converter/ANPC_3Layer/Source/app/app_protection.c",line 376,column
    3148 0000050b 9A08          MOVB      AL,#8                 ; [CPU_ALU] |376| 
    3149              $C$DW$132       .dwtag  DW_TAG_TI_branch
    3150                      .dwattr $C$DW$132, DW_AT_low_pc(0x00)
    3151                      .dwattr $C$DW$132, DW_AT_name("state_ReportEvent")
    3152                      .dwattr $C$DW$132, DW_AT_TI_call
    3153              
    3154 0000050c 7640!         LCR       #||state_ReportEvent|| ; [CPU_ALU] |376| 
         0000050d 0000 
    3155                      ; call occurs [#||state_ReportEvent||] ; [] |376| 
    3156 0000050e       ||$C$L51||:    
    3157 0000050e 761F!         MOVW      DP,#||PhyValue||+456  ; [CPU_ARAU] 
         0000050f 0007 
    3158                      .dwpsn  file "D:/15_Delta/14. ANPC Converter/ANPC_3Layer/Source/app/app_protection.c",line 391,column
    3159 00000510 E2AF!         MOV32     R0H,@$BLOCKED(||PhyValue||)+456 ; [CPU_FPU] |391| 
         00000511 0008 
    3160 00000512 D100          MOVB      XAR1,#0               ; [CPU_ALU] |391| 
    3161 00000513 E812          CMPF32    R0H,#17274            ; [CPU_FPU] |391| 
         00000514 1BD0 
    3162 00000515 AD14          MOVST0    ZF, NF                ; [CPU_FPU] |391| 
    3163 00000516 6306          B         ||$C$L52||,GEQ        ; [CPU_ALU] |391| 
    3164                      ; branchcc occurs ; [] |391| 
    3165              $C$DW$133       .dwtag  DW_TAG_TI_branch
    3166                      .dwattr $C$DW$133, DW_AT_low_pc(0x00)
    3167                      .dwattr $C$DW$133, DW_AT_name("state_IsNormalOperation")
    3168                      .dwattr $C$DW$133, DW_AT_TI_call
    3169              
    3170 00000517 7640!         LCR       #||state_IsNormalOperation|| ; [CPU_ALU] |391| 
         00000518 0000 
    3171                      ; call occurs [#||state_IsNormalOperation||] ; [] |391| 
    3172 00000519 5200          CMPB      AL,#0                 ; [CPU_ALU] |391| 
    3173 0000051a 56B0          MOVB      XAR1,#1,NEQ           ; [CPU_ALU] |391| 
         0000051b 01A1 
    3174 0000051c       ||$C$L52||:    
    3175 0000051c 761F!         MOVW      DP,#||PhyValue||+456  ; [CPU_ARAU] 
TMS320C2000 Assembler PC v22.6.0 Mon Apr 21 09:04:20 2025

Copyright (c) 1996-2018 Texas Instruments Incorporated
app_protection.asm                                                   PAGE   66

         0000051d 0007 
    3176                      .dwpsn  file "D:/15_Delta/14. ANPC Converter/ANPC_3Layer/Source/app/app_protection.c",line 392,column
    3177 0000051e E2AF!         MOV32     R0H,@$BLOCKED(||PhyValue||)+456 ; [CPU_FPU] |392| 
         0000051f 0008 
    3178 00000520 9A00          MOVB      AL,#0                 ; [CPU_ALU] |392| 
    3179 00000521 761F!         MOVW      DP,#||EvtIsHpn||      ; [CPU_ARAU] 
         00000522 0000 
    3180                      .dwpsn  file "D:/15_Delta/14. ANPC Converter/ANPC_3Layer/Source/app/app_protection.c",line 394,column
    3181 00000523 8F00!         MOVL      XAR4,#||Vbusn_swUVP_count|| ; [CPU_ARAU] |394| 
         00000524 0000 
    3182                      .dwpsn  file "D:/15_Delta/14. ANPC Converter/ANPC_3Layer/Source/app/app_protection.c",line 391,column
    3183 00000525 7900!         MOV       @||EvtIsHpn||,AR1     ; [CPU_ALU] |391| 
    3184                      .dwpsn  file "D:/15_Delta/14. ANPC Converter/ANPC_3Layer/Source/app/app_protection.c",line 392,column
    3185 00000526 E812          CMPF32    R0H,#17282            ; [CPU_FPU] |392| 
         00000527 1C10 
    3186 00000528 761F!         MOVW      DP,#||EvtIsRvy||      ; [CPU_ARAU] 
         00000529 0000 
    3187 0000052a AD14          MOVST0    ZF, NF                ; [CPU_FPU] |392| 
    3188 0000052b 56B2          MOVB      AL,#1,GT              ; [CPU_ALU] |392| 
         0000052c 01A9 
    3189 0000052d 9600!         MOV       @||EvtIsRvy||,AL      ; [CPU_ALU] |392| 
    3190                      .dwpsn  file "D:/15_Delta/14. ANPC Converter/ANPC_3Layer/Source/app/app_protection.c",line 395,column
    3191 0000052e 9B05          MOVB      AH,#5                 ; [CPU_ALU] |395| 
    3192                      .dwpsn  file "D:/15_Delta/14. ANPC Converter/ANPC_3Layer/Source/app/app_protection.c",line 394,column
    3193 0000052f 0AC4          INC       *+XAR4[0]             ; [CPU_ALU] |394| 
    3194                      .dwpsn  file "D:/15_Delta/14. ANPC Converter/ANPC_3Layer/Source/app/app_protection.c",line 395,column
    3195 00000530 9A05          MOVB      AL,#5                 ; [CPU_ALU] |395| 
    3196              $C$DW$134       .dwtag  DW_TAG_TI_branch
    3197                      .dwattr $C$DW$134, DW_AT_low_pc(0x00)
    3198                      .dwattr $C$DW$134, DW_AT_name("event_EventIsMatch")
    3199                      .dwattr $C$DW$134, DW_AT_TI_call
    3200              
    3201 00000531 7640!         LCR       #||event_EventIsMatch|| ; [CPU_ALU] |395| 
         00000532 0000 
    3202                      ; call occurs [#||event_EventIsMatch||] ; [] |395| 
    3203 00000533 761F!         MOVW      DP,#||Vbusn_swUVP_count|| ; [CPU_ARAU] 
         00000534 0000 
    3204                      .dwpsn  file "D:/15_Delta/14. ANPC Converter/ANPC_3Layer/Source/app/app_protection.c",line 397,column
    3205 00000535 4F00!         TBIT      @||Vbusn_swUVP_count||,#15 ; [CPU_ALU] |397| 
    3206 00000536 6D0F          B         ||$C$L53||,TC         ; [CPU_ALU] |397| 
    3207                      ; branchcc occurs ; [] |397| 
    3208                      .dwpsn  file "D:/15_Delta/14. ANPC Converter/ANPC_3Layer/Source/app/app_protection.c",line 413,column
    3209 00000537 9200!         MOV       AL,@||Vbusn_swUVP_Rvytrigger|| ; [CPU_ALU] |413| 
    3210                      .dwpsn  file "D:/15_Delta/14. ANPC Converter/ANPC_3Layer/Source/app/app_protection.c",line 412,column
    3211 00000538 2B00!         MOV       @||Vbusn_swUVP_Hpntrigger||,#0 ; [CPU_ALU] |412| 
    3212                      .dwpsn  file "D:/15_Delta/14. ANPC Converter/ANPC_3Layer/Source/app/app_protection.c",line 413,column
    3213 00000539 6036          B         ||$C$L54||,NEQ        ; [CPU_ALU] |413| 
    3214                      ; branchcc occurs ; [] |413| 
    3215                      .dwpsn  file "D:/15_Delta/14. ANPC Converter/ANPC_3Layer/Source/app/app_protection.c",line 415,column
    3216 0000053a 56BF!         MOVB      @||Vbusn_swUVP_Rvytrigger||,#1,UNC ; [CPU_ALU] |415| 
         0000053b 0100 
    3217                      .dwpsn  file "D:/15_Delta/14. ANPC Converter/ANPC_3Layer/Source/app/app_protection.c",line 416,column
    3218              $C$DW$135       .dwtag  DW_TAG_TI_branch
    3219                      .dwattr $C$DW$135, DW_AT_low_pc(0x00)
    3220                      .dwattr $C$DW$135, DW_AT_name("state_IsStandby")
TMS320C2000 Assembler PC v22.6.0 Mon Apr 21 09:04:20 2025

Copyright (c) 1996-2018 Texas Instruments Incorporated
app_protection.asm                                                   PAGE   67

    3221                      .dwattr $C$DW$135, DW_AT_TI_call
    3222              
    3223 0000053c 7640!         LCR       #||state_IsStandby||  ; [CPU_ALU] |416| 
         0000053d 0000 
    3224                      ; call occurs [#||state_IsStandby||] ; [] |416| 
    3225 0000053e 5200          CMPB      AL,#0                 ; [CPU_ALU] |416| 
    3226 0000053f 6130          B         ||$C$L54||,EQ         ; [CPU_ALU] |416| 
    3227                      ; branchcc occurs ; [] |416| 
    3228 00000540 761F!         MOVW      DP,#||ProtectFlag||   ; [CPU_ARAU] 
         00000541 0000 
    3229                      .dwpsn  file "D:/15_Delta/14. ANPC Converter/ANPC_3Layer/Source/app/app_protection.c",line 417,column
    3230 00000542 1800!         AND       @||ProtectFlag||,#0xff7f ; [CPU_ALU] |417| 
         00000543 FF7F 
    3231 00000544 6F2B          B         ||$C$L54||,UNC        ; [CPU_ALU] |417| 
    3232                      ; branch occurs ; [] |417| 
    3233 00000545       ||$C$L53||:    
    3234                      .dwpsn  file "D:/15_Delta/14. ANPC Converter/ANPC_3Layer/Source/app/app_protection.c",line 400,column
    3235 00000545 9200!         MOV       AL,@||Vbusn_swUVP_Hpntrigger|| ; [CPU_ALU] |400| 
    3236                      .dwpsn  file "D:/15_Delta/14. ANPC Converter/ANPC_3Layer/Source/app/app_protection.c",line 399,column
    3237 00000546 2B00!         MOV       @||Vbusn_swUVP_Rvytrigger||,#0 ; [CPU_ALU] |399| 
    3238                      .dwpsn  file "D:/15_Delta/14. ANPC Converter/ANPC_3Layer/Source/app/app_protection.c",line 400,column
    3239 00000547 6028          B         ||$C$L54||,NEQ        ; [CPU_ALU] |400| 
    3240                      ; branchcc occurs ; [] |400| 
    3241                      .dwpsn  file "D:/15_Delta/14. ANPC Converter/ANPC_3Layer/Source/app/app_protection.c",line 402,column
    3242 00000548 56BF!         MOVB      @||Vbusn_swUVP_Hpntrigger||,#1,UNC ; [CPU_ALU] |402| 
         00000549 0100 
    3243                      .dwpsn  file "D:/15_Delta/14. ANPC Converter/ANPC_3Layer/TMS320F280049C/device/driverlib/epwm.h",line
    3244 0000054a 7622          EALLOW    ; [CPU_ALU] |4654| 
    3245                      .dwpsn  file "D:/15_Delta/14. ANPC Converter/ANPC_3Layer/TMS320F280049C/device/driverlib/epwm.h",line
    3246 0000054b F5A9          MOV       AL,*(0:0x409b)        ; [CPU_ALU] |4655| 
         0000054c 409B 
    3247 0000054d 5004          ORB       AL,#0x04              ; [CPU_ALU] |4655| 
    3248 0000054e F4A9          MOV       *(0:0x409b),AL        ; [CPU_ALU] |4655| 
         0000054f 409B 
    3249 00000550 F5A9          MOV       AL,*(0:0x419b)        ; [CPU_ALU] |4655| 
         00000551 419B 
    3250 00000552 5004          ORB       AL,#0x04              ; [CPU_ALU] |4655| 
    3251 00000553 F4A9          MOV       *(0:0x419b),AL        ; [CPU_ALU] |4655| 
         00000554 419B 
    3252 00000555 F5A9          MOV       AL,*(0:0x429b)        ; [CPU_ALU] |4655| 
         00000556 429B 
    3253 00000557 5004          ORB       AL,#0x04              ; [CPU_ALU] |4655| 
    3254 00000558 F4A9          MOV       *(0:0x429b),AL        ; [CPU_ALU] |4655| 
         00000559 429B 
    3255 0000055a F5A9          MOV       AL,*(0:0x439b)        ; [CPU_ALU] |4655| 
         0000055b 439B 
    3256 0000055c 5004          ORB       AL,#0x04              ; [CPU_ALU] |4655| 
    3257 0000055d F4A9          MOV       *(0:0x439b),AL        ; [CPU_ALU] |4655| 
         0000055e 439B 
    3258 0000055f F5A9          MOV       AL,*(0:0x469b)        ; [CPU_ALU] |4655| 
         00000560 469B 
    3259 00000561 5004          ORB       AL,#0x04              ; [CPU_ALU] |4655| 
    3260 00000562 F4A9          MOV       *(0:0x469b),AL        ; [CPU_ALU] |4655| 
         00000563 469B 
    3261 00000564 F5A9          MOV       AL,*(0:0x479b)        ; [CPU_ALU] |4655| 
TMS320C2000 Assembler PC v22.6.0 Mon Apr 21 09:04:20 2025

Copyright (c) 1996-2018 Texas Instruments Incorporated
app_protection.asm                                                   PAGE   68

         00000565 479B 
    3262 00000566 5004          ORB       AL,#0x04              ; [CPU_ALU] |4655| 
    3263 00000567 F4A9          MOV       *(0:0x479b),AL        ; [CPU_ALU] |4655| 
         00000568 479B 
    3264                      .dwpsn  file "D:/15_Delta/14. ANPC Converter/ANPC_3Layer/TMS320F280049C/device/driverlib/epwm.h",line
    3265 00000569 761A          EDIS      ; [CPU_ALU] |4656| 
    3266                      .dwpsn  file "D:/15_Delta/14. ANPC Converter/ANPC_3Layer/Source/app/app_protection.c",line 406,column
    3267 0000056a 1A00!         OR        @||ProtectFlag||,#0x0080 ; [CPU_ALU] |406| 
         0000056b 0080 
    3268                      .dwpsn  file "D:/15_Delta/14. ANPC Converter/ANPC_3Layer/Source/app/app_protection.c",line 407,column
    3269 0000056c 9A08          MOVB      AL,#8                 ; [CPU_ALU] |407| 
    3270              $C$DW$136       .dwtag  DW_TAG_TI_branch
    3271                      .dwattr $C$DW$136, DW_AT_low_pc(0x00)
    3272                      .dwattr $C$DW$136, DW_AT_name("state_ReportEvent")
    3273                      .dwattr $C$DW$136, DW_AT_TI_call
    3274              
    3275 0000056d 7640!         LCR       #||state_ReportEvent|| ; [CPU_ALU] |407| 
         0000056e 0000 
    3276                      ; call occurs [#||state_ReportEvent||] ; [] |407| 
    3277 0000056f       ||$C$L54||:    
    3278 0000056f FE82          SUBB      SP,#2                 ; [CPU_ARAU] 
    3279                      .dwcfi  cfa_offset, -4
    3280 00000570 8BBE          MOVL      XAR1,*--SP            ; [CPU_ALU] 
    3281                      .dwcfi  cfa_offset, -2
    3282                      .dwcfi  restore_reg, 7
    3283              $C$DW$137       .dwtag  DW_TAG_TI_branch
    3284                      .dwattr $C$DW$137, DW_AT_low_pc(0x00)
    3285                      .dwattr $C$DW$137, DW_AT_TI_return
    3286              
    3287 00000571 0006          LRETR     ; [CPU_ALU] 
    3288                      ; return occurs ; [] 
    3289                      .dwattr $C$DW$122, DW_AT_TI_end_file("D:/15_Delta/14. ANPC Converter/ANPC_3Layer/Source/app/app_prote
    3290                      .dwattr $C$DW$122, DW_AT_TI_end_line(0x1a5)
    3291                      .dwattr $C$DW$122, DW_AT_TI_end_column(0x01)
    3292                      .dwendentry
    3293                      .dwendtag $C$DW$122
    3294              
    3295 00000572               .sect   ".text"
    3296                      .clink
    3297                      .global ||protect_CheckAllProtection||
    3298              
    3299              $C$DW$138       .dwtag  DW_TAG_subprogram
    3300                      .dwattr $C$DW$138, DW_AT_name("protect_CheckAllProtection")
    3301                      .dwattr $C$DW$138, DW_AT_low_pc(||protect_CheckAllProtection||)
    3302                      .dwattr $C$DW$138, DW_AT_high_pc(0x00)
    3303                      .dwattr $C$DW$138, DW_AT_linkage_name("protect_CheckAllProtection")
    3304                      .dwattr $C$DW$138, DW_AT_external
    3305                      .dwattr $C$DW$138, DW_AT_decl_file("D:/15_Delta/14. ANPC Converter/ANPC_3Layer/Source/app/app_protect
    3306                      .dwattr $C$DW$138, DW_AT_decl_line(0x57)
    3307                      .dwattr $C$DW$138, DW_AT_decl_column(0x06)
    3308                      .dwattr $C$DW$138, DW_AT_TI_max_frame_size(-2)
    3309                      .dwpsn  file "D:/15_Delta/14. ANPC Converter/ANPC_3Layer/Source/app/app_protection.c",line 88,column 
    3310              
    3311                      .dwfde $C$DW$CIE, ||protect_CheckAllProtection||
    3312              
TMS320C2000 Assembler PC v22.6.0 Mon Apr 21 09:04:20 2025

Copyright (c) 1996-2018 Texas Instruments Incorporated
app_protection.asm                                                   PAGE   69

    3313              ;***************************************************************
    3314              ;* FNAME: protect_CheckAllProtection    FR SIZE:   0           *
    3315              ;*                                                             *
    3316              ;* FUNCTION ENVIRONMENT                                        *
    3317              ;*                                                             *
    3318              ;* FUNCTION PROPERTIES                                         *
    3319              ;*                            0 Parameter,  0 Auto,  0 SOE     *
    3320              ;***************************************************************
    3321              
    3322 00000572       ||protect_CheckAllProtection||:
    3323                      .dwcfi  cfa_offset, -2
    3324                      .dwcfi  save_reg_to_mem, 26, 0
    3325                      .dwpsn  file "D:/15_Delta/14. ANPC Converter/ANPC_3Layer/Source/app/app_protection.c",line 89,column 
    3326              $C$DW$139       .dwtag  DW_TAG_TI_branch
    3327                      .dwattr $C$DW$139, DW_AT_low_pc(0x00)
    3328                      .dwattr $C$DW$139, DW_AT_name("protect_CheckGridVoltageProtection")
    3329                      .dwattr $C$DW$139, DW_AT_TI_call
    3330              
    3331 00000572 7640!         LCR       #||protect_CheckGridVoltageProtection|| ; [CPU_ALU] |89| 
         00000573 0000 
    3332                      ; call occurs [#||protect_CheckGridVoltageProtection||] ; [] |89| 
    3333                      .dwpsn  file "D:/15_Delta/14. ANPC Converter/ANPC_3Layer/Source/app/app_protection.c",line 90,column 
    3334              $C$DW$140       .dwtag  DW_TAG_TI_branch
    3335                      .dwattr $C$DW$140, DW_AT_low_pc(0x00)
    3336                      .dwattr $C$DW$140, DW_AT_name("protect_CheckBusVoltageProtection")
    3337                      .dwattr $C$DW$140, DW_AT_TI_call
    3338              
    3339 00000574 7640!         LCR       #||protect_CheckBusVoltageProtection|| ; [CPU_ALU] |90| 
         00000575 0000 
    3340                      ; call occurs [#||protect_CheckBusVoltageProtection||] ; [] |90| 
    3341                      .dwpsn  file "D:/15_Delta/14. ANPC Converter/ANPC_3Layer/Source/app/app_protection.c",line 91,column 
    3342              $C$DW$141       .dwtag  DW_TAG_TI_branch
    3343                      .dwattr $C$DW$141, DW_AT_low_pc(0x00)
    3344                      .dwattr $C$DW$141, DW_AT_name("protect_CheckCurrentProtection")
    3345                      .dwattr $C$DW$141, DW_AT_TI_call
    3346              
    3347 00000576 7640!         LCR       #||protect_CheckCurrentProtection|| ; [CPU_ALU] |91| 
         00000577 0000 
    3348                      ; call occurs [#||protect_CheckCurrentProtection||] ; [] |91| 
    3349                      .dwpsn  file "D:/15_Delta/14. ANPC Converter/ANPC_3Layer/Source/app/app_protection.c",line 93,column 
    3350              $C$DW$142       .dwtag  DW_TAG_TI_branch
    3351                      .dwattr $C$DW$142, DW_AT_low_pc(0x00)
    3352                      .dwattr $C$DW$142, DW_AT_name("protect_CheckOtherProtection")
    3353                      .dwattr $C$DW$142, DW_AT_TI_call
    3354              
    3355 00000578 7640!         LCR       #||protect_CheckOtherProtection|| ; [CPU_ALU] |93| 
         00000579 0000 
    3356                      ; call occurs [#||protect_CheckOtherProtection||] ; [] |93| 
    3357              $C$DW$143       .dwtag  DW_TAG_TI_branch
    3358                      .dwattr $C$DW$143, DW_AT_low_pc(0x00)
    3359                      .dwattr $C$DW$143, DW_AT_TI_return
    3360              
    3361 0000057a 0006          LRETR     ; [CPU_ALU] 
    3362                      ; return occurs ; [] 
    3363                      .dwattr $C$DW$138, DW_AT_TI_end_file("D:/15_Delta/14. ANPC Converter/ANPC_3Layer/Source/app/app_prote
TMS320C2000 Assembler PC v22.6.0 Mon Apr 21 09:04:20 2025

Copyright (c) 1996-2018 Texas Instruments Incorporated
app_protection.asm                                                   PAGE   70

    3364                      .dwattr $C$DW$138, DW_AT_TI_end_line(0x5e)
    3365                      .dwattr $C$DW$138, DW_AT_TI_end_column(0x01)
    3366                      .dwendentry
    3367                      .dwendtag $C$DW$138
    3368              
    3369 00000000               .sect   ".text:__signbitl"
    3370                      .clink
    3371                      .global ||__signbitl||
    3372              
    3373              $C$DW$144       .dwtag  DW_TAG_subprogram
    3374                      .dwattr $C$DW$144, DW_AT_name("__signbitl")
    3375                      .dwattr $C$DW$144, DW_AT_low_pc(||__signbitl||)
    3376                      .dwattr $C$DW$144, DW_AT_high_pc(0x00)
    3377                      .dwattr $C$DW$144, DW_AT_linkage_name("__signbitl")
    3378                      .dwattr $C$DW$144, DW_AT_external
    3379                      .dwattr $C$DW$144, DW_AT_type(*$C$DW$T$10)
    3380                      .dwattr $C$DW$144, DW_AT_decl_file("C:/ti/ccs1210/ccs/tools/compiler/ti-cgt-c2000_22.6.0.LTS/include/
    3381                      .dwattr $C$DW$144, DW_AT_decl_line(0x16f)
    3382                      .dwattr $C$DW$144, DW_AT_decl_column(0x18)
    3383                      .dwattr $C$DW$144, DW_AT_TI_max_frame_size(-6)
    3384                      .dwpsn  file "C:/ti/ccs1210/ccs/tools/compiler/ti-cgt-c2000_22.6.0.LTS/include/_defs.h",line 368,colu
    3385              
    3386                      .dwfde $C$DW$CIE, ||__signbitl||
    3387              $C$DW$145       .dwtag  DW_TAG_formal_parameter
    3388                      .dwattr $C$DW$145, DW_AT_name("e")
    3389                      .dwattr $C$DW$145, DW_AT_type(*$C$DW$T$72)
    3390                      .dwattr $C$DW$145, DW_AT_location[DW_OP_reg12]
    3391              
    3392              
    3393              ;***************************************************************
    3394              ;* FNAME: __signbitl                    FR SIZE:   4           *
    3395              ;*                                                             *
    3396              ;* FUNCTION ENVIRONMENT                                        *
    3397              ;*                                                             *
    3398              ;* FUNCTION PROPERTIES                                         *
    3399              ;*                            4 Parameter,  0 Auto,  0 SOE     *
    3400              ;***************************************************************
    3401              
    3402              ||__signbitl||:
    3403              ;* AR4   assigned to e
    3404              $C$DW$146       .dwtag  DW_TAG_variable
    3405                      .dwattr $C$DW$146, DW_AT_name("e")
    3406                      .dwattr $C$DW$146, DW_AT_type(*$C$DW$T$73)
    3407                      .dwattr $C$DW$146, DW_AT_location[DW_OP_reg12]
    3408              
    3409                      .dwcfi  cfa_offset, -2
    3410                      .dwcfi  save_reg_to_mem, 26, 0
    3411 00000000 FE04          ADDB      SP,#4                 ; [CPU_ARAU] 
    3412                      .dwcfi  cfa_offset, -6
    3413                      .dwpsn  file "C:/ti/ccs1210/ccs/tools/compiler/ti-cgt-c2000_22.6.0.LTS/include/_defs.h",line 368,colu
    3414 00000001 0200          MOVB      ACC,#0                ; [CPU_ALU] |368| 
    3415 00000002 1E44          MOVL      *-SP[4],ACC           ; [CPU_ALU] |368| 
    3416 00000003 2B42          MOV       *-SP[2],#0            ; [CPU_ALU] |368| 
    3417 00000004 2B41          MOV       *-SP[1],#0            ; [CPU_ALU] |368| 
    3418 00000005 A3C4          MOVL      P,*+XAR4[0]           ; [CPU_ALU] |368| 
TMS320C2000 Assembler PC v22.6.0 Mon Apr 21 09:04:20 2025

Copyright (c) 1996-2018 Texas Instruments Incorporated
app_protection.asm                                                   PAGE   71

    3419 00000006 06D4          MOVL      ACC,*+XAR4[2]         ; [CPU_ALU] |368| 
    3420 00000007 18AB          AND       PL,#0                 ; [CPU_ALU] |368| 
         00000008 0000 
    3421 00000009 18AA          AND       PH,#0                 ; [CPU_ALU] |368| 
         0000000a 0000 
    3422 0000000b 9000          ANDB      AL,#0                 ; [CPU_ALU] |368| 
    3423 0000000c 18A8          AND       AH,#32768             ; [CPU_ALU] |368| 
         0000000d 8000 
    3424              $C$DW$147       .dwtag  DW_TAG_TI_branch
    3425                      .dwattr $C$DW$147, DW_AT_low_pc(0x00)
    3426                      .dwattr $C$DW$147, DW_AT_name("__c28xabi_cmpull")
    3427                      .dwattr $C$DW$147, DW_AT_TI_call
    3428              
    3429 0000000e 7640!         LCR       #||__c28xabi_cmpull|| ; [CPU_ALU] |368| 
         0000000f 0000 
    3430                      ; call occurs [#||__c28xabi_cmpull||] ; [] |368| 
    3431 00000010 9B00          MOVB      AH,#0                 ; [CPU_ALU] |368| 
    3432 00000011 5200          CMPB      AL,#0                 ; [CPU_ALU] |368| 
    3433 00000012 56B0          MOVB      AH,#1,NEQ             ; [CPU_ALU] |368| 
         00000013 01A8 
    3434 00000014 92A8          MOV       AL,AH                 ; [CPU_ALU] |368| 
    3435 00000015 FE84          SUBB      SP,#4                 ; [CPU_ARAU] 
    3436                      .dwcfi  cfa_offset, -2
    3437              $C$DW$148       .dwtag  DW_TAG_TI_branch
    3438                      .dwattr $C$DW$148, DW_AT_low_pc(0x00)
    3439                      .dwattr $C$DW$148, DW_AT_TI_return
    3440              
    3441 00000016 0006          LRETR     ; [CPU_ALU] 
    3442                      ; return occurs ; [] 
    3443                      .dwattr $C$DW$144, DW_AT_TI_end_file("C:/ti/ccs1210/ccs/tools/compiler/ti-cgt-c2000_22.6.0.LTS/includ
    3444                      .dwattr $C$DW$144, DW_AT_TI_end_line(0x170)
    3445                      .dwattr $C$DW$144, DW_AT_TI_end_column(0x2b)
    3446                      .dwendentry
    3447                      .dwendtag $C$DW$144
    3448              
    3449 00000000               .sect   ".text:__signbitf"
    3450                      .clink
    3451                      .global ||__signbitf||
    3452              
    3453              $C$DW$149       .dwtag  DW_TAG_subprogram
    3454                      .dwattr $C$DW$149, DW_AT_name("__signbitf")
    3455                      .dwattr $C$DW$149, DW_AT_low_pc(||__signbitf||)
    3456                      .dwattr $C$DW$149, DW_AT_high_pc(0x00)
    3457                      .dwattr $C$DW$149, DW_AT_linkage_name("__signbitf")
    3458                      .dwattr $C$DW$149, DW_AT_external
    3459                      .dwattr $C$DW$149, DW_AT_type(*$C$DW$T$10)
    3460                      .dwattr $C$DW$149, DW_AT_decl_file("C:/ti/ccs1210/ccs/tools/compiler/ti-cgt-c2000_22.6.0.LTS/include/
    3461                      .dwattr $C$DW$149, DW_AT_decl_line(0x16d)
    3462                      .dwattr $C$DW$149, DW_AT_decl_column(0x18)
    3463                      .dwattr $C$DW$149, DW_AT_TI_max_frame_size(-2)
    3464                      .dwpsn  file "C:/ti/ccs1210/ccs/tools/compiler/ti-cgt-c2000_22.6.0.LTS/include/_defs.h",line 366,colu
    3465              
    3466                      .dwfde $C$DW$CIE, ||__signbitf||
    3467              $C$DW$150       .dwtag  DW_TAG_formal_parameter
    3468                      .dwattr $C$DW$150, DW_AT_name("f")
TMS320C2000 Assembler PC v22.6.0 Mon Apr 21 09:04:20 2025

Copyright (c) 1996-2018 Texas Instruments Incorporated
app_protection.asm                                                   PAGE   72

    3469                      .dwattr $C$DW$150, DW_AT_type(*$C$DW$T$16)
    3470                      .dwattr $C$DW$150, DW_AT_location[DW_OP_regx 0x2b]
    3471              
    3472              
    3473              ;***************************************************************
    3474              ;* FNAME: __signbitf                    FR SIZE:   0           *
    3475              ;*                                                             *
    3476              ;* FUNCTION ENVIRONMENT                                        *
    3477              ;*                                                             *
    3478              ;* FUNCTION PROPERTIES                                         *
    3479              ;*                            0 Parameter,  0 Auto,  0 SOE     *
    3480              ;***************************************************************
    3481              
    3482              ||__signbitf||:
    3483              ;* R0    assigned to f
    3484              $C$DW$151       .dwtag  DW_TAG_variable
    3485                      .dwattr $C$DW$151, DW_AT_name("f")
    3486                      .dwattr $C$DW$151, DW_AT_type(*$C$DW$T$69)
    3487                      .dwattr $C$DW$151, DW_AT_location[DW_OP_regx 0x2b]
    3488              
    3489                      .dwcfi  cfa_offset, -2
    3490                      .dwcfi  save_reg_to_mem, 26, 0
    3491                      .dwpsn  file "C:/ti/ccs1210/ccs/tools/compiler/ti-cgt-c2000_22.6.0.LTS/include/_defs.h",line 366,colu
    3492 00000000 BFA9          MOV32     ACC,R0H               ; [CPU_FPU] |366| 
         00000001 0F12 
    3493 00000002 BE00          MOVB      XAR6,#0               ; [CPU_ALU] |366| 
    3494 00000003 9000          ANDB      AL,#0                 ; [CPU_ALU] |366| 
    3495 00000004 18A8          AND       AH,#32768             ; [CPU_ALU] |366| 
         00000005 8000 
    3496 00000006 FF58          TEST      ACC                   ; [CPU_ALU] |366| 
    3497 00000007 56B0          MOVB      XAR6,#1,NEQ           ; [CPU_ALU] |366| 
         00000008 01A6 
    3498 00000009 92A6          MOV       AL,AR6                ; [CPU_ALU] |366| 
    3499              $C$DW$152       .dwtag  DW_TAG_TI_branch
    3500                      .dwattr $C$DW$152, DW_AT_low_pc(0x00)
    3501                      .dwattr $C$DW$152, DW_AT_TI_return
    3502              
    3503 0000000a 0006          LRETR     ; [CPU_ALU] 
    3504                      ; return occurs ; [] 
    3505                      .dwattr $C$DW$149, DW_AT_TI_end_file("C:/ti/ccs1210/ccs/tools/compiler/ti-cgt-c2000_22.6.0.LTS/includ
    3506                      .dwattr $C$DW$149, DW_AT_TI_end_line(0x16e)
    3507                      .dwattr $C$DW$149, DW_AT_TI_end_column(0x29)
    3508                      .dwendentry
    3509                      .dwendtag $C$DW$149
    3510              
    3511 00000000               .sect   ".text:__signbit"
    3512                      .clink
    3513                      .global ||__signbit||
    3514              
    3515              $C$DW$153       .dwtag  DW_TAG_subprogram
    3516                      .dwattr $C$DW$153, DW_AT_name("__signbit")
    3517                      .dwattr $C$DW$153, DW_AT_low_pc(||__signbit||)
    3518                      .dwattr $C$DW$153, DW_AT_high_pc(0x00)
    3519                      .dwattr $C$DW$153, DW_AT_linkage_name("__signbit")
    3520                      .dwattr $C$DW$153, DW_AT_external
TMS320C2000 Assembler PC v22.6.0 Mon Apr 21 09:04:20 2025

Copyright (c) 1996-2018 Texas Instruments Incorporated
app_protection.asm                                                   PAGE   73

    3521                      .dwattr $C$DW$153, DW_AT_type(*$C$DW$T$10)
    3522                      .dwattr $C$DW$153, DW_AT_decl_file("C:/ti/ccs1210/ccs/tools/compiler/ti-cgt-c2000_22.6.0.LTS/include/
    3523                      .dwattr $C$DW$153, DW_AT_decl_line(0x16b)
    3524                      .dwattr $C$DW$153, DW_AT_decl_column(0x18)
    3525                      .dwattr $C$DW$153, DW_AT_TI_max_frame_size(-6)
    3526                      .dwpsn  file "C:/ti/ccs1210/ccs/tools/compiler/ti-cgt-c2000_22.6.0.LTS/include/_defs.h",line 364,colu
    3527              
    3528                      .dwfde $C$DW$CIE, ||__signbit||
    3529              $C$DW$154       .dwtag  DW_TAG_formal_parameter
    3530                      .dwattr $C$DW$154, DW_AT_name("d")
    3531                      .dwattr $C$DW$154, DW_AT_type(*$C$DW$T$70)
    3532                      .dwattr $C$DW$154, DW_AT_location[DW_OP_reg12]
    3533              
    3534              
    3535              ;***************************************************************
    3536              ;* FNAME: __signbit                     FR SIZE:   4           *
    3537              ;*                                                             *
    3538              ;* FUNCTION ENVIRONMENT                                        *
    3539              ;*                                                             *
    3540              ;* FUNCTION PROPERTIES                                         *
    3541              ;*                            4 Parameter,  0 Auto,  0 SOE     *
    3542              ;***************************************************************
    3543              
    3544              ||__signbit||:
    3545              ;* AR4   assigned to d
    3546              $C$DW$155       .dwtag  DW_TAG_variable
    3547                      .dwattr $C$DW$155, DW_AT_name("d")
    3548                      .dwattr $C$DW$155, DW_AT_type(*$C$DW$T$71)
    3549                      .dwattr $C$DW$155, DW_AT_location[DW_OP_reg12]
    3550              
    3551                      .dwcfi  cfa_offset, -2
    3552                      .dwcfi  save_reg_to_mem, 26, 0
    3553 00000000 FE04          ADDB      SP,#4                 ; [CPU_ARAU] 
    3554                      .dwcfi  cfa_offset, -6
    3555                      .dwpsn  file "C:/ti/ccs1210/ccs/tools/compiler/ti-cgt-c2000_22.6.0.LTS/include/_defs.h",line 364,colu
    3556 00000001 0200          MOVB      ACC,#0                ; [CPU_ALU] |364| 
    3557 00000002 1E44          MOVL      *-SP[4],ACC           ; [CPU_ALU] |364| 
    3558 00000003 2B42          MOV       *-SP[2],#0            ; [CPU_ALU] |364| 
    3559 00000004 2B41          MOV       *-SP[1],#0            ; [CPU_ALU] |364| 
    3560 00000005 A3C4          MOVL      P,*+XAR4[0]           ; [CPU_ALU] |364| 
    3561 00000006 06D4          MOVL      ACC,*+XAR4[2]         ; [CPU_ALU] |364| 
    3562 00000007 18AB          AND       PL,#0                 ; [CPU_ALU] |364| 
         00000008 0000 
    3563 00000009 18AA          AND       PH,#0                 ; [CPU_ALU] |364| 
         0000000a 0000 
    3564 0000000b 9000          ANDB      AL,#0                 ; [CPU_ALU] |364| 
    3565 0000000c 18A8          AND       AH,#32768             ; [CPU_ALU] |364| 
         0000000d 8000 
    3566              $C$DW$156       .dwtag  DW_TAG_TI_branch
    3567                      .dwattr $C$DW$156, DW_AT_low_pc(0x00)
    3568                      .dwattr $C$DW$156, DW_AT_name("__c28xabi_cmpull")
    3569                      .dwattr $C$DW$156, DW_AT_TI_call
    3570              
    3571 0000000e 7640!         LCR       #||__c28xabi_cmpull|| ; [CPU_ALU] |364| 
         0000000f 0000 
TMS320C2000 Assembler PC v22.6.0 Mon Apr 21 09:04:20 2025

Copyright (c) 1996-2018 Texas Instruments Incorporated
app_protection.asm                                                   PAGE   74

    3572                      ; call occurs [#||__c28xabi_cmpull||] ; [] |364| 
    3573 00000010 9B00          MOVB      AH,#0                 ; [CPU_ALU] |364| 
    3574 00000011 5200          CMPB      AL,#0                 ; [CPU_ALU] |364| 
    3575 00000012 56B0          MOVB      AH,#1,NEQ             ; [CPU_ALU] |364| 
         00000013 01A8 
    3576 00000014 92A8          MOV       AL,AH                 ; [CPU_ALU] |364| 
    3577 00000015 FE84          SUBB      SP,#4                 ; [CPU_ARAU] 
    3578                      .dwcfi  cfa_offset, -2
    3579              $C$DW$157       .dwtag  DW_TAG_TI_branch
    3580                      .dwattr $C$DW$157, DW_AT_low_pc(0x00)
    3581                      .dwattr $C$DW$157, DW_AT_TI_return
    3582              
    3583 00000016 0006          LRETR     ; [CPU_ALU] 
    3584                      ; return occurs ; [] 
    3585                      .dwattr $C$DW$153, DW_AT_TI_end_file("C:/ti/ccs1210/ccs/tools/compiler/ti-cgt-c2000_22.6.0.LTS/includ
    3586                      .dwattr $C$DW$153, DW_AT_TI_end_line(0x16c)
    3587                      .dwattr $C$DW$153, DW_AT_TI_end_column(0x2a)
    3588                      .dwendentry
    3589                      .dwendtag $C$DW$153
    3590              
    3591 00000000               .sect   ".text:__relaxed_sqrtf"
    3592                      .clink
    3593                      .global ||__relaxed_sqrtf||
    3594              
    3595              $C$DW$158       .dwtag  DW_TAG_subprogram
    3596                      .dwattr $C$DW$158, DW_AT_name("__relaxed_sqrtf")
    3597                      .dwattr $C$DW$158, DW_AT_low_pc(||__relaxed_sqrtf||)
    3598                      .dwattr $C$DW$158, DW_AT_high_pc(0x00)
    3599                      .dwattr $C$DW$158, DW_AT_linkage_name("__relaxed_sqrtf")
    3600                      .dwattr $C$DW$158, DW_AT_external
    3601                      .dwattr $C$DW$158, DW_AT_type(*$C$DW$T$16)
    3602                      .dwattr $C$DW$158, DW_AT_decl_file("C:/ti/ccs1210/ccs/tools/compiler/ti-cgt-c2000_22.6.0.LTS/include/
    3603                      .dwattr $C$DW$158, DW_AT_decl_line(0x103)
    3604                      .dwattr $C$DW$158, DW_AT_decl_column(0x10)
    3605                      .dwattr $C$DW$158, DW_AT_TI_max_frame_size(-2)
    3606                      .dwpsn  file "C:/ti/ccs1210/ccs/tools/compiler/ti-cgt-c2000_22.6.0.LTS/include/math.h",line 260,colum
    3607              
    3608                      .dwfde $C$DW$CIE, ||__relaxed_sqrtf||
    3609              $C$DW$159       .dwtag  DW_TAG_formal_parameter
    3610                      .dwattr $C$DW$159, DW_AT_name("x")
    3611                      .dwattr $C$DW$159, DW_AT_type(*$C$DW$T$16)
    3612                      .dwattr $C$DW$159, DW_AT_location[DW_OP_regx 0x2b]
    3613              
    3614              
    3615              ;***************************************************************
    3616              ;* FNAME: __relaxed_sqrtf               FR SIZE:   0           *
    3617              ;*                                                             *
    3618              ;* FUNCTION ENVIRONMENT                                        *
    3619              ;*                                                             *
    3620              ;* FUNCTION PROPERTIES                                         *
    3621              ;*                            0 Parameter,  0 Auto,  0 SOE     *
    3622              ;***************************************************************
    3623              
    3624              ||__relaxed_sqrtf||:
    3625              ;* R0    assigned to x
TMS320C2000 Assembler PC v22.6.0 Mon Apr 21 09:04:20 2025

Copyright (c) 1996-2018 Texas Instruments Incorporated
app_protection.asm                                                   PAGE   75

    3626              $C$DW$160       .dwtag  DW_TAG_variable
    3627                      .dwattr $C$DW$160, DW_AT_name("x")
    3628                      .dwattr $C$DW$160, DW_AT_type(*$C$DW$T$69)
    3629                      .dwattr $C$DW$160, DW_AT_location[DW_OP_regx 0x2b]
    3630              
    3631                      .dwcfi  cfa_offset, -2
    3632                      .dwcfi  save_reg_to_mem, 26, 0
    3633                      .dwpsn  file "C:/ti/ccs1210/ccs/tools/compiler/ti-cgt-c2000_22.6.0.LTS/include/math.h",line 261,colum
    3634 00000000 E277          SQRTF32   R0H,R0H               ; [CPU_FPU] |261| 
         00000001 0000 
    3635 00000002 7700          NOP       ; [CPU_ALU] 
    3636 00000003 7700          NOP       ; [CPU_ALU] 
    3637 00000004 7700          NOP       ; [CPU_ALU] 
    3638              $C$DW$161       .dwtag  DW_TAG_TI_branch
    3639                      .dwattr $C$DW$161, DW_AT_low_pc(0x00)
    3640                      .dwattr $C$DW$161, DW_AT_TI_return
    3641              
    3642 00000005 0006          LRETR     ; [CPU_ALU] 
    3643                      ; return occurs ; [] 
    3644                      .dwattr $C$DW$158, DW_AT_TI_end_file("C:/ti/ccs1210/ccs/tools/compiler/ti-cgt-c2000_22.6.0.LTS/includ
    3645                      .dwattr $C$DW$158, DW_AT_TI_end_line(0x106)
    3646                      .dwattr $C$DW$158, DW_AT_TI_end_column(0x01)
    3647                      .dwendentry
    3648                      .dwendtag $C$DW$158
    3649              
    3650 00000000               .sect   ".text:__relaxed_sinf"
    3651                      .clink
    3652                      .global ||__relaxed_sinf||
    3653              
    3654              $C$DW$162       .dwtag  DW_TAG_subprogram
    3655                      .dwattr $C$DW$162, DW_AT_name("__relaxed_sinf")
    3656                      .dwattr $C$DW$162, DW_AT_low_pc(||__relaxed_sinf||)
    3657                      .dwattr $C$DW$162, DW_AT_high_pc(0x00)
    3658                      .dwattr $C$DW$162, DW_AT_linkage_name("__relaxed_sinf")
    3659                      .dwattr $C$DW$162, DW_AT_external
    3660                      .dwattr $C$DW$162, DW_AT_type(*$C$DW$T$16)
    3661                      .dwattr $C$DW$162, DW_AT_decl_file("C:/ti/ccs1210/ccs/tools/compiler/ti-cgt-c2000_22.6.0.LTS/include/
    3662                      .dwattr $C$DW$162, DW_AT_decl_line(0x108)
    3663                      .dwattr $C$DW$162, DW_AT_decl_column(0x10)
    3664                      .dwattr $C$DW$162, DW_AT_TI_max_frame_size(-2)
    3665                      .dwpsn  file "C:/ti/ccs1210/ccs/tools/compiler/ti-cgt-c2000_22.6.0.LTS/include/math.h",line 265,colum
    3666              
    3667                      .dwfde $C$DW$CIE, ||__relaxed_sinf||
    3668              $C$DW$163       .dwtag  DW_TAG_formal_parameter
    3669                      .dwattr $C$DW$163, DW_AT_name("x")
    3670                      .dwattr $C$DW$163, DW_AT_type(*$C$DW$T$16)
    3671                      .dwattr $C$DW$163, DW_AT_location[DW_OP_regx 0x2b]
    3672              
    3673              
    3674              ;***************************************************************
    3675              ;* FNAME: __relaxed_sinf                FR SIZE:   0           *
    3676              ;*                                                             *
    3677              ;* FUNCTION ENVIRONMENT                                        *
    3678              ;*                                                             *
    3679              ;* FUNCTION PROPERTIES                                         *
TMS320C2000 Assembler PC v22.6.0 Mon Apr 21 09:04:20 2025

Copyright (c) 1996-2018 Texas Instruments Incorporated
app_protection.asm                                                   PAGE   76

    3680              ;*                            0 Parameter,  0 Auto,  0 SOE     *
    3681              ;***************************************************************
    3682              
    3683              ||__relaxed_sinf||:
    3684              ;* R0    assigned to x
    3685              $C$DW$164       .dwtag  DW_TAG_variable
    3686                      .dwattr $C$DW$164, DW_AT_name("x")
    3687                      .dwattr $C$DW$164, DW_AT_type(*$C$DW$T$69)
    3688                      .dwattr $C$DW$164, DW_AT_location[DW_OP_regx 0x2b]
    3689              
    3690                      .dwcfi  cfa_offset, -2
    3691                      .dwcfi  save_reg_to_mem, 26, 0
    3692                      .dwpsn  file "C:/ti/ccs1210/ccs/tools/compiler/ti-cgt-c2000_22.6.0.LTS/include/math.h",line 266,colum
    3693 00000000 E271          DIV2PIF32 R0H,R0H               ; [CPU_FPU] |266| 
         00000001 0000 
    3694 00000002 7700          NOP       ; [CPU_ALU] 
    3695 00000003 E278          SINPUF32  R0H,R0H               ; [CPU_FPU] |266| 
         00000004 0000 
    3696 00000005 7700          NOP       ; [CPU_ALU] 
    3697 00000006 7700          NOP       ; [CPU_ALU] 
    3698              $C$DW$165       .dwtag  DW_TAG_TI_branch
    3699                      .dwattr $C$DW$165, DW_AT_low_pc(0x00)
    3700                      .dwattr $C$DW$165, DW_AT_TI_return
    3701              
    3702 00000007 0006          LRETR     ; [CPU_ALU] 
    3703                      ; return occurs ; [] 
    3704                      .dwattr $C$DW$162, DW_AT_TI_end_file("C:/ti/ccs1210/ccs/tools/compiler/ti-cgt-c2000_22.6.0.LTS/includ
    3705                      .dwattr $C$DW$162, DW_AT_TI_end_line(0x10b)
    3706                      .dwattr $C$DW$162, DW_AT_TI_end_column(0x01)
    3707                      .dwendentry
    3708                      .dwendtag $C$DW$162
    3709              
    3710 00000000               .sect   ".text:__relaxed_fmodf"
    3711                      .clink
    3712                      .global ||__relaxed_fmodf||
    3713              
    3714              $C$DW$166       .dwtag  DW_TAG_subprogram
    3715                      .dwattr $C$DW$166, DW_AT_name("__relaxed_fmodf")
    3716                      .dwattr $C$DW$166, DW_AT_low_pc(||__relaxed_fmodf||)
    3717                      .dwattr $C$DW$166, DW_AT_high_pc(0x00)
    3718                      .dwattr $C$DW$166, DW_AT_linkage_name("__relaxed_fmodf")
    3719                      .dwattr $C$DW$166, DW_AT_external
    3720                      .dwattr $C$DW$166, DW_AT_type(*$C$DW$T$16)
    3721                      .dwattr $C$DW$166, DW_AT_decl_file("C:/ti/ccs1210/ccs/tools/compiler/ti-cgt-c2000_22.6.0.LTS/include/
    3722                      .dwattr $C$DW$166, DW_AT_decl_line(0x11c)
    3723                      .dwattr $C$DW$166, DW_AT_decl_column(0x10)
    3724                      .dwattr $C$DW$166, DW_AT_TI_max_frame_size(-2)
    3725                      .dwpsn  file "C:/ti/ccs1210/ccs/tools/compiler/ti-cgt-c2000_22.6.0.LTS/include/math.h",line 285,colum
    3726              
    3727                      .dwfde $C$DW$CIE, ||__relaxed_fmodf||
    3728              $C$DW$167       .dwtag  DW_TAG_formal_parameter
    3729                      .dwattr $C$DW$167, DW_AT_name("y")
    3730                      .dwattr $C$DW$167, DW_AT_type(*$C$DW$T$16)
    3731                      .dwattr $C$DW$167, DW_AT_location[DW_OP_regx 0x2b]
    3732              
TMS320C2000 Assembler PC v22.6.0 Mon Apr 21 09:04:20 2025

Copyright (c) 1996-2018 Texas Instruments Incorporated
app_protection.asm                                                   PAGE   77

    3733              $C$DW$168       .dwtag  DW_TAG_formal_parameter
    3734                      .dwattr $C$DW$168, DW_AT_name("x")
    3735                      .dwattr $C$DW$168, DW_AT_type(*$C$DW$T$16)
    3736                      .dwattr $C$DW$168, DW_AT_location[DW_OP_regx 0x2f]
    3737              
    3738              
    3739              ;***************************************************************
    3740              ;* FNAME: __relaxed_fmodf               FR SIZE:   0           *
    3741              ;*                                                             *
    3742              ;* FUNCTION ENVIRONMENT                                        *
    3743              ;*                                                             *
    3744              ;* FUNCTION PROPERTIES                                         *
    3745              ;*                            0 Parameter,  0 Auto,  0 SOE     *
    3746              ;***************************************************************
    3747              
    3748              ||__relaxed_fmodf||:
    3749              ;* R0    assigned to y
    3750              $C$DW$169       .dwtag  DW_TAG_variable
    3751                      .dwattr $C$DW$169, DW_AT_name("y")
    3752                      .dwattr $C$DW$169, DW_AT_type(*$C$DW$T$69)
    3753                      .dwattr $C$DW$169, DW_AT_location[DW_OP_regx 0x2b]
    3754              
    3755              ;* R1    assigned to x
    3756              $C$DW$170       .dwtag  DW_TAG_variable
    3757                      .dwattr $C$DW$170, DW_AT_name("x")
    3758                      .dwattr $C$DW$170, DW_AT_type(*$C$DW$T$69)
    3759                      .dwattr $C$DW$170, DW_AT_location[DW_OP_regx 0x2f]
    3760              
    3761                      .dwcfi  cfa_offset, -2
    3762                      .dwcfi  save_reg_to_mem, 26, 0
    3763                      .dwpsn  file "C:/ti/ccs1210/ccs/tools/compiler/ti-cgt-c2000_22.6.0.LTS/include/math.h",line 286,colum
    3764 00000000 E274          DIVF32    R2H,R0H,R1H           ; [CPU_FPU] |286| 
         00000001 0042 
    3765 00000002 7700          NOP       ; [CPU_ALU] 
    3766 00000003 7700          NOP       ; [CPU_ALU] 
    3767 00000004 7700          NOP       ; [CPU_ALU] 
    3768 00000005 7700          NOP       ; [CPU_ALU] 
    3769 00000006 E688          F32TOI32  R2H,R2H               ; [CPU_FPU] |286| 
         00000007 0012 
    3770 00000008 7700          NOP       ; [CPU_ALU] 
    3771 00000009 E689          I32TOF32  R2H,R2H               ; [CPU_FPU] |286| 
         0000000a 0012 
    3772 0000000b 7700          NOP       ; [CPU_ALU] 
    3773 0000000c E700          MPYF32    R1H,R1H,R2H           ; [CPU_FPU] |286| 
         0000000d 0089 
    3774 0000000e 7700          NOP       ; [CPU_ALU] 
    3775 0000000f E720          SUBF32    R0H,R0H,R1H           ; [CPU_FPU] |286| 
         00000010 0040 
    3776              $C$DW$171       .dwtag  DW_TAG_TI_branch
    3777                      .dwattr $C$DW$171, DW_AT_low_pc(0x00)
    3778                      .dwattr $C$DW$171, DW_AT_TI_return
    3779              
    3780 00000011 0006          LRETR     ; [CPU_ALU] 
    3781                      ; return occurs ; [] 
    3782                      .dwattr $C$DW$166, DW_AT_TI_end_file("C:/ti/ccs1210/ccs/tools/compiler/ti-cgt-c2000_22.6.0.LTS/includ
TMS320C2000 Assembler PC v22.6.0 Mon Apr 21 09:04:20 2025

Copyright (c) 1996-2018 Texas Instruments Incorporated
app_protection.asm                                                   PAGE   78

    3783                      .dwattr $C$DW$166, DW_AT_TI_end_line(0x11f)
    3784                      .dwattr $C$DW$166, DW_AT_TI_end_column(0x01)
    3785                      .dwendentry
    3786                      .dwendtag $C$DW$166
    3787              
    3788 00000000               .sect   ".text:__relaxed_fminf"
    3789                      .clink
    3790                      .global ||__relaxed_fminf||
    3791              
    3792              $C$DW$172       .dwtag  DW_TAG_subprogram
    3793                      .dwattr $C$DW$172, DW_AT_name("__relaxed_fminf")
    3794                      .dwattr $C$DW$172, DW_AT_low_pc(||__relaxed_fminf||)
    3795                      .dwattr $C$DW$172, DW_AT_high_pc(0x00)
    3796                      .dwattr $C$DW$172, DW_AT_linkage_name("__relaxed_fminf")
    3797                      .dwattr $C$DW$172, DW_AT_external
    3798                      .dwattr $C$DW$172, DW_AT_type(*$C$DW$T$16)
    3799                      .dwattr $C$DW$172, DW_AT_decl_file("C:/ti/ccs1210/ccs/tools/compiler/ti-cgt-c2000_22.6.0.LTS/include/
    3800                      .dwattr $C$DW$172, DW_AT_decl_line(0xee)
    3801                      .dwattr $C$DW$172, DW_AT_decl_column(0x10)
    3802                      .dwattr $C$DW$172, DW_AT_TI_max_frame_size(-2)
    3803                      .dwpsn  file "C:/ti/ccs1210/ccs/tools/compiler/ti-cgt-c2000_22.6.0.LTS/include/math.h",line 239,colum
    3804              
    3805                      .dwfde $C$DW$CIE, ||__relaxed_fminf||
    3806              $C$DW$173       .dwtag  DW_TAG_formal_parameter
    3807                      .dwattr $C$DW$173, DW_AT_name("x")
    3808                      .dwattr $C$DW$173, DW_AT_type(*$C$DW$T$16)
    3809                      .dwattr $C$DW$173, DW_AT_location[DW_OP_regx 0x2b]
    3810              
    3811              $C$DW$174       .dwtag  DW_TAG_formal_parameter
    3812                      .dwattr $C$DW$174, DW_AT_name("y")
    3813                      .dwattr $C$DW$174, DW_AT_type(*$C$DW$T$16)
    3814                      .dwattr $C$DW$174, DW_AT_location[DW_OP_regx 0x2f]
    3815              
    3816              
    3817              ;***************************************************************
    3818              ;* FNAME: __relaxed_fminf               FR SIZE:   0           *
    3819              ;*                                                             *
    3820              ;* FUNCTION ENVIRONMENT                                        *
    3821              ;*                                                             *
    3822              ;* FUNCTION PROPERTIES                                         *
    3823              ;*                            0 Parameter,  0 Auto,  0 SOE     *
    3824              ;***************************************************************
    3825              
    3826              ||__relaxed_fminf||:
    3827              ;* R1    assigned to y
    3828              $C$DW$175       .dwtag  DW_TAG_variable
    3829                      .dwattr $C$DW$175, DW_AT_name("y")
    3830                      .dwattr $C$DW$175, DW_AT_type(*$C$DW$T$69)
    3831                      .dwattr $C$DW$175, DW_AT_location[DW_OP_regx 0x2f]
    3832              
    3833                      .dwcfi  cfa_offset, -2
    3834                      .dwcfi  save_reg_to_mem, 26, 0
    3835                      .dwpsn  file "C:/ti/ccs1210/ccs/tools/compiler/ti-cgt-c2000_22.6.0.LTS/include/math.h",line 240,colum
    3836 00000000 E697          MINF32    R0H,R1H               ; [CPU_FPU] |240| 
         00000001 0008 
TMS320C2000 Assembler PC v22.6.0 Mon Apr 21 09:04:20 2025

Copyright (c) 1996-2018 Texas Instruments Incorporated
app_protection.asm                                                   PAGE   79

    3837              $C$DW$176       .dwtag  DW_TAG_TI_branch
    3838                      .dwattr $C$DW$176, DW_AT_low_pc(0x00)
    3839                      .dwattr $C$DW$176, DW_AT_TI_return
    3840              
    3841 00000002 0006          LRETR     ; [CPU_ALU] 
    3842                      ; return occurs ; [] 
    3843                      .dwattr $C$DW$172, DW_AT_TI_end_file("C:/ti/ccs1210/ccs/tools/compiler/ti-cgt-c2000_22.6.0.LTS/includ
    3844                      .dwattr $C$DW$172, DW_AT_TI_end_line(0xf1)
    3845                      .dwattr $C$DW$172, DW_AT_TI_end_column(0x01)
    3846                      .dwendentry
    3847                      .dwendtag $C$DW$172
    3848              
    3849 00000000               .sect   ".text:__relaxed_fmaxf"
    3850                      .clink
    3851                      .global ||__relaxed_fmaxf||
    3852              
    3853              $C$DW$177       .dwtag  DW_TAG_subprogram
    3854                      .dwattr $C$DW$177, DW_AT_name("__relaxed_fmaxf")
    3855                      .dwattr $C$DW$177, DW_AT_low_pc(||__relaxed_fmaxf||)
    3856                      .dwattr $C$DW$177, DW_AT_high_pc(0x00)
    3857                      .dwattr $C$DW$177, DW_AT_linkage_name("__relaxed_fmaxf")
    3858                      .dwattr $C$DW$177, DW_AT_external
    3859                      .dwattr $C$DW$177, DW_AT_type(*$C$DW$T$16)
    3860                      .dwattr $C$DW$177, DW_AT_decl_file("C:/ti/ccs1210/ccs/tools/compiler/ti-cgt-c2000_22.6.0.LTS/include/
    3861                      .dwattr $C$DW$177, DW_AT_decl_line(0xe8)
    3862                      .dwattr $C$DW$177, DW_AT_decl_column(0x10)
    3863                      .dwattr $C$DW$177, DW_AT_TI_max_frame_size(-2)
    3864                      .dwpsn  file "C:/ti/ccs1210/ccs/tools/compiler/ti-cgt-c2000_22.6.0.LTS/include/math.h",line 233,colum
    3865              
    3866                      .dwfde $C$DW$CIE, ||__relaxed_fmaxf||
    3867              $C$DW$178       .dwtag  DW_TAG_formal_parameter
    3868                      .dwattr $C$DW$178, DW_AT_name("x")
    3869                      .dwattr $C$DW$178, DW_AT_type(*$C$DW$T$16)
    3870                      .dwattr $C$DW$178, DW_AT_location[DW_OP_regx 0x2b]
    3871              
    3872              $C$DW$179       .dwtag  DW_TAG_formal_parameter
    3873                      .dwattr $C$DW$179, DW_AT_name("y")
    3874                      .dwattr $C$DW$179, DW_AT_type(*$C$DW$T$16)
    3875                      .dwattr $C$DW$179, DW_AT_location[DW_OP_regx 0x2f]
    3876              
    3877              
    3878              ;***************************************************************
    3879              ;* FNAME: __relaxed_fmaxf               FR SIZE:   0           *
    3880              ;*                                                             *
    3881              ;* FUNCTION ENVIRONMENT                                        *
    3882              ;*                                                             *
    3883              ;* FUNCTION PROPERTIES                                         *
    3884              ;*                            0 Parameter,  0 Auto,  0 SOE     *
    3885              ;***************************************************************
    3886              
    3887              ||__relaxed_fmaxf||:
    3888              ;* R1    assigned to y
    3889              $C$DW$180       .dwtag  DW_TAG_variable
    3890                      .dwattr $C$DW$180, DW_AT_name("y")
    3891                      .dwattr $C$DW$180, DW_AT_type(*$C$DW$T$69)
TMS320C2000 Assembler PC v22.6.0 Mon Apr 21 09:04:20 2025

Copyright (c) 1996-2018 Texas Instruments Incorporated
app_protection.asm                                                   PAGE   80

    3892                      .dwattr $C$DW$180, DW_AT_location[DW_OP_regx 0x2f]
    3893              
    3894                      .dwcfi  cfa_offset, -2
    3895                      .dwcfi  save_reg_to_mem, 26, 0
    3896                      .dwpsn  file "C:/ti/ccs1210/ccs/tools/compiler/ti-cgt-c2000_22.6.0.LTS/include/math.h",line 234,colum
    3897 00000000 E696          MAXF32    R0H,R1H               ; [CPU_FPU] |234| 
         00000001 0008 
    3898              $C$DW$181       .dwtag  DW_TAG_TI_branch
    3899                      .dwattr $C$DW$181, DW_AT_low_pc(0x00)
    3900                      .dwattr $C$DW$181, DW_AT_TI_return
    3901              
    3902 00000002 0006          LRETR     ; [CPU_ALU] 
    3903                      ; return occurs ; [] 
    3904                      .dwattr $C$DW$177, DW_AT_TI_end_file("C:/ti/ccs1210/ccs/tools/compiler/ti-cgt-c2000_22.6.0.LTS/includ
    3905                      .dwattr $C$DW$177, DW_AT_TI_end_line(0xeb)
    3906                      .dwattr $C$DW$177, DW_AT_TI_end_column(0x01)
    3907                      .dwendentry
    3908                      .dwendtag $C$DW$177
    3909              
    3910 00000000               .sect   ".text:__relaxed_cosf"
    3911                      .clink
    3912                      .global ||__relaxed_cosf||
    3913              
    3914              $C$DW$182       .dwtag  DW_TAG_subprogram
    3915                      .dwattr $C$DW$182, DW_AT_name("__relaxed_cosf")
    3916                      .dwattr $C$DW$182, DW_AT_low_pc(||__relaxed_cosf||)
    3917                      .dwattr $C$DW$182, DW_AT_high_pc(0x00)
    3918                      .dwattr $C$DW$182, DW_AT_linkage_name("__relaxed_cosf")
    3919                      .dwattr $C$DW$182, DW_AT_external
    3920                      .dwattr $C$DW$182, DW_AT_type(*$C$DW$T$16)
    3921                      .dwattr $C$DW$182, DW_AT_decl_file("C:/ti/ccs1210/ccs/tools/compiler/ti-cgt-c2000_22.6.0.LTS/include/
    3922                      .dwattr $C$DW$182, DW_AT_decl_line(0x10d)
    3923                      .dwattr $C$DW$182, DW_AT_decl_column(0x10)
    3924                      .dwattr $C$DW$182, DW_AT_TI_max_frame_size(-2)
    3925                      .dwpsn  file "C:/ti/ccs1210/ccs/tools/compiler/ti-cgt-c2000_22.6.0.LTS/include/math.h",line 270,colum
    3926              
    3927                      .dwfde $C$DW$CIE, ||__relaxed_cosf||
    3928              $C$DW$183       .dwtag  DW_TAG_formal_parameter
    3929                      .dwattr $C$DW$183, DW_AT_name("x")
    3930                      .dwattr $C$DW$183, DW_AT_type(*$C$DW$T$16)
    3931                      .dwattr $C$DW$183, DW_AT_location[DW_OP_regx 0x2b]
    3932              
    3933              
    3934              ;***************************************************************
    3935              ;* FNAME: __relaxed_cosf                FR SIZE:   0           *
    3936              ;*                                                             *
    3937              ;* FUNCTION ENVIRONMENT                                        *
    3938              ;*                                                             *
    3939              ;* FUNCTION PROPERTIES                                         *
    3940              ;*                            0 Parameter,  0 Auto,  0 SOE     *
    3941              ;***************************************************************
    3942              
    3943              ||__relaxed_cosf||:
    3944              ;* R0    assigned to x
    3945              $C$DW$184       .dwtag  DW_TAG_variable
TMS320C2000 Assembler PC v22.6.0 Mon Apr 21 09:04:20 2025

Copyright (c) 1996-2018 Texas Instruments Incorporated
app_protection.asm                                                   PAGE   81

    3946                      .dwattr $C$DW$184, DW_AT_name("x")
    3947                      .dwattr $C$DW$184, DW_AT_type(*$C$DW$T$69)
    3948                      .dwattr $C$DW$184, DW_AT_location[DW_OP_regx 0x2b]
    3949              
    3950                      .dwcfi  cfa_offset, -2
    3951                      .dwcfi  save_reg_to_mem, 26, 0
    3952                      .dwpsn  file "C:/ti/ccs1210/ccs/tools/compiler/ti-cgt-c2000_22.6.0.LTS/include/math.h",line 271,colum
    3953 00000000 E271          DIV2PIF32 R0H,R0H               ; [CPU_FPU] |271| 
         00000001 0000 
    3954 00000002 7700          NOP       ; [CPU_ALU] 
    3955 00000003 E279          COSPUF32  R0H,R0H               ; [CPU_FPU] |271| 
         00000004 0000 
    3956 00000005 7700          NOP       ; [CPU_ALU] 
    3957 00000006 7700          NOP       ; [CPU_ALU] 
    3958              $C$DW$185       .dwtag  DW_TAG_TI_branch
    3959                      .dwattr $C$DW$185, DW_AT_low_pc(0x00)
    3960                      .dwattr $C$DW$185, DW_AT_TI_return
    3961              
    3962 00000007 0006          LRETR     ; [CPU_ALU] 
    3963                      ; return occurs ; [] 
    3964                      .dwattr $C$DW$182, DW_AT_TI_end_file("C:/ti/ccs1210/ccs/tools/compiler/ti-cgt-c2000_22.6.0.LTS/includ
    3965                      .dwattr $C$DW$182, DW_AT_TI_end_line(0x110)
    3966                      .dwattr $C$DW$182, DW_AT_TI_end_column(0x01)
    3967                      .dwendentry
    3968                      .dwendtag $C$DW$182
    3969              
    3970 00000000               .sect   ".text:__relaxed_atanf"
    3971                      .clink
    3972                      .global ||__relaxed_atanf||
    3973              
    3974              $C$DW$186       .dwtag  DW_TAG_subprogram
    3975                      .dwattr $C$DW$186, DW_AT_name("__relaxed_atanf")
    3976                      .dwattr $C$DW$186, DW_AT_low_pc(||__relaxed_atanf||)
    3977                      .dwattr $C$DW$186, DW_AT_high_pc(0x00)
    3978                      .dwattr $C$DW$186, DW_AT_linkage_name("__relaxed_atanf")
    3979                      .dwattr $C$DW$186, DW_AT_external
    3980                      .dwattr $C$DW$186, DW_AT_type(*$C$DW$T$16)
    3981                      .dwattr $C$DW$186, DW_AT_decl_file("C:/ti/ccs1210/ccs/tools/compiler/ti-cgt-c2000_22.6.0.LTS/include/
    3982                      .dwattr $C$DW$186, DW_AT_decl_line(0x112)
    3983                      .dwattr $C$DW$186, DW_AT_decl_column(0x10)
    3984                      .dwattr $C$DW$186, DW_AT_TI_max_frame_size(-2)
    3985                      .dwpsn  file "C:/ti/ccs1210/ccs/tools/compiler/ti-cgt-c2000_22.6.0.LTS/include/math.h",line 275,colum
    3986              
    3987                      .dwfde $C$DW$CIE, ||__relaxed_atanf||
    3988              $C$DW$187       .dwtag  DW_TAG_formal_parameter
    3989                      .dwattr $C$DW$187, DW_AT_name("x")
    3990                      .dwattr $C$DW$187, DW_AT_type(*$C$DW$T$16)
    3991                      .dwattr $C$DW$187, DW_AT_location[DW_OP_regx 0x2b]
    3992              
    3993              
    3994              ;***************************************************************
    3995              ;* FNAME: __relaxed_atanf               FR SIZE:   0           *
    3996              ;*                                                             *
    3997              ;* FUNCTION ENVIRONMENT                                        *
    3998              ;*                                                             *
TMS320C2000 Assembler PC v22.6.0 Mon Apr 21 09:04:20 2025

Copyright (c) 1996-2018 Texas Instruments Incorporated
app_protection.asm                                                   PAGE   82

    3999              ;* FUNCTION PROPERTIES                                         *
    4000              ;*                            0 Parameter,  0 Auto,  0 SOE     *
    4001              ;***************************************************************
    4002              
    4003              ||__relaxed_atanf||:
    4004              ;* R0    assigned to x
    4005              $C$DW$188       .dwtag  DW_TAG_variable
    4006                      .dwattr $C$DW$188, DW_AT_name("x")
    4007                      .dwattr $C$DW$188, DW_AT_type(*$C$DW$T$69)
    4008                      .dwattr $C$DW$188, DW_AT_location[DW_OP_regx 0x2b]
    4009              
    4010                      .dwcfi  cfa_offset, -2
    4011                      .dwcfi  save_reg_to_mem, 26, 0
    4012                      .dwpsn  file "C:/ti/ccs1210/ccs/tools/compiler/ti-cgt-c2000_22.6.0.LTS/include/math.h",line 276,colum
    4013 00000000 E801          MOVIZ     R1H,#16256            ; [CPU_FPU] |276| 
         00000001 FC01 
    4014 00000002 E27C          QUADF32   R1H,R0H,R0H,R1H       ; [CPU_FPU] |276| 
         00000003 0201 
    4015 00000004 7700          NOP       ; [CPU_ALU] 
    4016 00000005 7700          NOP       ; [CPU_ALU] 
    4017 00000006 7700          NOP       ; [CPU_ALU] 
    4018 00000007 7700          NOP       ; [CPU_ALU] 
    4019 00000008 E27A          ATANPUF32 R0H,R0H               ; [CPU_FPU] |276| 
         00000009 0000 
    4020 0000000a 7700          NOP       ; [CPU_ALU] 
    4021 0000000b 7700          NOP       ; [CPU_ALU] 
    4022 0000000c 7700          NOP       ; [CPU_ALU] 
    4023 0000000d E710          ADDF32    R0H,R0H,R1H           ; [CPU_FPU] |276| 
         0000000e 0040 
    4024 0000000f 7700          NOP       ; [CPU_ALU] 
    4025 00000010 7700          NOP       ; [CPU_ALU] 
    4026 00000011 E270          MPY2PIF32 R0H,R0H               ; [CPU_FPU] |276| 
         00000012 0000 
    4027 00000013 7700          NOP       ; [CPU_ALU] 
    4028              $C$DW$189       .dwtag  DW_TAG_TI_branch
    4029                      .dwattr $C$DW$189, DW_AT_low_pc(0x00)
    4030                      .dwattr $C$DW$189, DW_AT_TI_return
    4031              
    4032 00000014 0006          LRETR     ; [CPU_ALU] 
    4033                      ; return occurs ; [] 
    4034                      .dwattr $C$DW$186, DW_AT_TI_end_file("C:/ti/ccs1210/ccs/tools/compiler/ti-cgt-c2000_22.6.0.LTS/includ
    4035                      .dwattr $C$DW$186, DW_AT_TI_end_line(0x115)
    4036                      .dwattr $C$DW$186, DW_AT_TI_end_column(0x01)
    4037                      .dwendentry
    4038                      .dwendtag $C$DW$186
    4039              
    4040 00000000               .sect   ".text:__relaxed_atan2f"
    4041                      .clink
    4042                      .global ||__relaxed_atan2f||
    4043              
    4044              $C$DW$190       .dwtag  DW_TAG_subprogram
    4045                      .dwattr $C$DW$190, DW_AT_name("__relaxed_atan2f")
    4046                      .dwattr $C$DW$190, DW_AT_low_pc(||__relaxed_atan2f||)
    4047                      .dwattr $C$DW$190, DW_AT_high_pc(0x00)
    4048                      .dwattr $C$DW$190, DW_AT_linkage_name("__relaxed_atan2f")
TMS320C2000 Assembler PC v22.6.0 Mon Apr 21 09:04:20 2025

Copyright (c) 1996-2018 Texas Instruments Incorporated
app_protection.asm                                                   PAGE   83

    4049                      .dwattr $C$DW$190, DW_AT_external
    4050                      .dwattr $C$DW$190, DW_AT_type(*$C$DW$T$16)
    4051                      .dwattr $C$DW$190, DW_AT_decl_file("C:/ti/ccs1210/ccs/tools/compiler/ti-cgt-c2000_22.6.0.LTS/include/
    4052                      .dwattr $C$DW$190, DW_AT_decl_line(0x117)
    4053                      .dwattr $C$DW$190, DW_AT_decl_column(0x10)
    4054                      .dwattr $C$DW$190, DW_AT_TI_max_frame_size(-2)
    4055                      .dwpsn  file "C:/ti/ccs1210/ccs/tools/compiler/ti-cgt-c2000_22.6.0.LTS/include/math.h",line 280,colum
    4056              
    4057                      .dwfde $C$DW$CIE, ||__relaxed_atan2f||
    4058              $C$DW$191       .dwtag  DW_TAG_formal_parameter
    4059                      .dwattr $C$DW$191, DW_AT_name("y")
    4060                      .dwattr $C$DW$191, DW_AT_type(*$C$DW$T$16)
    4061                      .dwattr $C$DW$191, DW_AT_location[DW_OP_regx 0x2b]
    4062              
    4063              $C$DW$192       .dwtag  DW_TAG_formal_parameter
    4064                      .dwattr $C$DW$192, DW_AT_name("x")
    4065                      .dwattr $C$DW$192, DW_AT_type(*$C$DW$T$16)
    4066                      .dwattr $C$DW$192, DW_AT_location[DW_OP_regx 0x2f]
    4067              
    4068              
    4069              ;***************************************************************
    4070              ;* FNAME: __relaxed_atan2f              FR SIZE:   0           *
    4071              ;*                                                             *
    4072              ;* FUNCTION ENVIRONMENT                                        *
    4073              ;*                                                             *
    4074              ;* FUNCTION PROPERTIES                                         *
    4075              ;*                            0 Parameter,  0 Auto,  0 SOE     *
    4076              ;***************************************************************
    4077              
    4078              ||__relaxed_atan2f||:
    4079              ;* R0    assigned to y
    4080              $C$DW$193       .dwtag  DW_TAG_variable
    4081                      .dwattr $C$DW$193, DW_AT_name("y")
    4082                      .dwattr $C$DW$193, DW_AT_type(*$C$DW$T$69)
    4083                      .dwattr $C$DW$193, DW_AT_location[DW_OP_regx 0x2b]
    4084              
    4085              ;* R1    assigned to x
    4086              $C$DW$194       .dwtag  DW_TAG_variable
    4087                      .dwattr $C$DW$194, DW_AT_name("x")
    4088                      .dwattr $C$DW$194, DW_AT_type(*$C$DW$T$69)
    4089                      .dwattr $C$DW$194, DW_AT_location[DW_OP_regx 0x2f]
    4090              
    4091                      .dwcfi  cfa_offset, -2
    4092                      .dwcfi  save_reg_to_mem, 26, 0
    4093                      .dwpsn  file "C:/ti/ccs1210/ccs/tools/compiler/ti-cgt-c2000_22.6.0.LTS/include/math.h",line 281,colum
    4094 00000000 E27C          QUADF32   R1H,R0H,R0H,R1H       ; [CPU_FPU] |281| 
         00000001 0201 
    4095 00000002 7700          NOP       ; [CPU_ALU] 
    4096 00000003 7700          NOP       ; [CPU_ALU] 
    4097 00000004 7700          NOP       ; [CPU_ALU] 
    4098 00000005 7700          NOP       ; [CPU_ALU] 
    4099 00000006 E27A          ATANPUF32 R0H,R0H               ; [CPU_FPU] |281| 
         00000007 0000 
    4100 00000008 7700          NOP       ; [CPU_ALU] 
    4101 00000009 7700          NOP       ; [CPU_ALU] 
TMS320C2000 Assembler PC v22.6.0 Mon Apr 21 09:04:20 2025

Copyright (c) 1996-2018 Texas Instruments Incorporated
app_protection.asm                                                   PAGE   84

    4102 0000000a 7700          NOP       ; [CPU_ALU] 
    4103 0000000b E710          ADDF32    R0H,R0H,R1H           ; [CPU_FPU] |281| 
         0000000c 0040 
    4104 0000000d 7700          NOP       ; [CPU_ALU] 
    4105 0000000e 7700          NOP       ; [CPU_ALU] 
    4106 0000000f E270          MPY2PIF32 R0H,R0H               ; [CPU_FPU] |281| 
         00000010 0000 
    4107 00000011 7700          NOP       ; [CPU_ALU] 
    4108              $C$DW$195       .dwtag  DW_TAG_TI_branch
    4109                      .dwattr $C$DW$195, DW_AT_low_pc(0x00)
    4110                      .dwattr $C$DW$195, DW_AT_TI_return
    4111              
    4112 00000012 0006          LRETR     ; [CPU_ALU] 
    4113                      ; return occurs ; [] 
    4114                      .dwattr $C$DW$190, DW_AT_TI_end_file("C:/ti/ccs1210/ccs/tools/compiler/ti-cgt-c2000_22.6.0.LTS/includ
    4115                      .dwattr $C$DW$190, DW_AT_TI_end_line(0x11a)
    4116                      .dwattr $C$DW$190, DW_AT_TI_end_column(0x01)
    4117                      .dwendentry
    4118                      .dwendtag $C$DW$190
    4119              
    4120 00000000               .sect   ".text:__isnormall"
    4121                      .clink
    4122                      .global ||__isnormall||
    4123              
    4124              $C$DW$196       .dwtag  DW_TAG_subprogram
    4125                      .dwattr $C$DW$196, DW_AT_name("__isnormall")
    4126                      .dwattr $C$DW$196, DW_AT_low_pc(||__isnormall||)
    4127                      .dwattr $C$DW$196, DW_AT_high_pc(0x00)
    4128                      .dwattr $C$DW$196, DW_AT_linkage_name("__isnormall")
    4129                      .dwattr $C$DW$196, DW_AT_external
    4130                      .dwattr $C$DW$196, DW_AT_type(*$C$DW$T$10)
    4131                      .dwattr $C$DW$196, DW_AT_decl_file("C:/ti/ccs1210/ccs/tools/compiler/ti-cgt-c2000_22.6.0.LTS/include/
    4132                      .dwattr $C$DW$196, DW_AT_decl_line(0x167)
    4133                      .dwattr $C$DW$196, DW_AT_decl_column(0x18)
    4134                      .dwattr $C$DW$196, DW_AT_TI_max_frame_size(-6)
    4135                      .dwpsn  file "C:/ti/ccs1210/ccs/tools/compiler/ti-cgt-c2000_22.6.0.LTS/include/_defs.h",line 360,colu
    4136              
    4137                      .dwfde $C$DW$CIE, ||__isnormall||
    4138              $C$DW$197       .dwtag  DW_TAG_formal_parameter
    4139                      .dwattr $C$DW$197, DW_AT_name("e")
    4140                      .dwattr $C$DW$197, DW_AT_type(*$C$DW$T$72)
    4141                      .dwattr $C$DW$197, DW_AT_location[DW_OP_reg12]
    4142              
    4143              
    4144              ;***************************************************************
    4145              ;* FNAME: __isnormall                   FR SIZE:   4           *
    4146              ;*                                                             *
    4147              ;* FUNCTION ENVIRONMENT                                        *
    4148              ;*                                                             *
    4149              ;* FUNCTION PROPERTIES                                         *
    4150              ;*                            4 Parameter,  0 Auto,  0 SOE     *
    4151              ;***************************************************************
    4152              
    4153              ||__isnormall||:
    4154              ;* AR5   assigned to $O$C2
TMS320C2000 Assembler PC v22.6.0 Mon Apr 21 09:04:20 2025

Copyright (c) 1996-2018 Texas Instruments Incorporated
app_protection.asm                                                   PAGE   85

    4155              ;* AR6   assigned to $O$S1
    4156              ;* AR4   assigned to e
    4157              $C$DW$198       .dwtag  DW_TAG_variable
    4158                      .dwattr $C$DW$198, DW_AT_name("e")
    4159                      .dwattr $C$DW$198, DW_AT_type(*$C$DW$T$73)
    4160                      .dwattr $C$DW$198, DW_AT_location[DW_OP_reg12]
    4161              
    4162                      .dwcfi  cfa_offset, -2
    4163                      .dwcfi  save_reg_to_mem, 26, 0
    4164 00000000 FE04          ADDB      SP,#4                 ; [CPU_ARAU] 
    4165                      .dwcfi  cfa_offset, -6
    4166                      .dwpsn  file "C:/ti/ccs1210/ccs/tools/compiler/ti-cgt-c2000_22.6.0.LTS/include/_defs.h",line 360,colu
    4167 00000001 83C4          MOVL      XAR5,*+XAR4[0]        ; [CPU_ALU] |360| 
    4168 00000002 8AD4          MOVL      XAR4,*+XAR4[2]        ; [CPU_ALU] |360| 
    4169 00000003 BE00          MOVB      XAR6,#0               ; [CPU_ALU] |360| 
    4170 00000004 28AC          MOV       T,#52                 ; [CPU_ALU] |360| 
         00000005 0034 
    4171 00000006 A0AB          MOVL      P,XAR5                ; [CPU_ALU] |360| 
    4172 00000007 A8A9          MOVL      ACC,XAR4              ; [CPU_ALU] |360| 
    4173 00000008 C244          MOVL      *-SP[4],XAR6          ; [CPU_ALU] |360| 
    4174 00000009 2B42          MOV       *-SP[2],#0            ; [CPU_ALU] |360| 
    4175 0000000a 565B          LSR64     ACC:P,T               ; [CPU_ALU] |360| 
    4176 0000000b 2B41          MOV       *-SP[1],#0            ; [CPU_FPU] |360| 
    4177 0000000c 9000          ANDB      AL,#0                 ; [CPU_ALU] |360| 
    4178 0000000d 9100          ANDB      AH,#0                 ; [CPU_ALU] |360| 
    4179 0000000e 18AB          AND       PL,#2047              ; [CPU_ALU] |360| 
         0000000f 07FF 
    4180 00000010 18AA          AND       PH,#0                 ; [CPU_ALU] |360| 
         00000011 0000 
    4181              $C$DW$199       .dwtag  DW_TAG_TI_branch
    4182                      .dwattr $C$DW$199, DW_AT_low_pc(0x00)
    4183                      .dwattr $C$DW$199, DW_AT_name("__c28xabi_cmpull")
    4184                      .dwattr $C$DW$199, DW_AT_TI_call
    4185              
    4186 00000012 7640!         LCR       #||__c28xabi_cmpull|| ; [CPU_ALU] |360| 
         00000013 0000 
    4187                      ; call occurs [#||__c28xabi_cmpull||] ; [] |360| 
    4188 00000014 BE00          MOVB      XAR6,#0               ; [CPU_ALU] |360| 
    4189 00000015 5200          CMPB      AL,#0                 ; [CPU_ALU] |360| 
    4190 00000016 610E          B         ||$C$L55||,EQ         ; [CPU_ALU] |360| 
    4191                      ; branchcc occurs ; [] |360| 
    4192 00000017 A0AB          MOVL      P,XAR5                ; [CPU_ALU] |360| 
    4193 00000018 A8A9          MOVL      ACC,XAR4              ; [CPU_ALU] |360| 
    4194 00000019 28AC          MOV       T,#48                 ; [CPU_ALU] |360| 
         0000001a 0030 
    4195 0000001b 565B          LSR64     ACC:P,T               ; [CPU_ALU] |360| 
    4196 0000001c 18AB          AND       PL,#0x7ff0            ; [CPU_ALU] |360| 
         0000001d 7FF0 
    4197 0000001e 80AB          MOVZ      AR7,PL                ; [CPU_ALU] |360| 
    4198 0000001f FF20          MOV       ACC,#32752            ; [CPU_ALU] |360| 
         00000020 7FF0 
    4199 00000021 0FA7          CMPL      ACC,XAR7              ; [CPU_ALU] |360| 
    4200 00000022 56B0          MOVB      XAR6,#1,NEQ           ; [CPU_ALU] |360| 
         00000023 01A6 
    4201 00000024       ||$C$L55||:    
TMS320C2000 Assembler PC v22.6.0 Mon Apr 21 09:04:20 2025

Copyright (c) 1996-2018 Texas Instruments Incorporated
app_protection.asm                                                   PAGE   86

    4202 00000024 FE84          SUBB      SP,#4                 ; [CPU_ARAU] 
    4203                      .dwcfi  cfa_offset, -2
    4204 00000025 92A6          MOV       AL,AR6                ; [CPU_ALU] |360| 
    4205              $C$DW$200       .dwtag  DW_TAG_TI_branch
    4206                      .dwattr $C$DW$200, DW_AT_low_pc(0x00)
    4207                      .dwattr $C$DW$200, DW_AT_TI_return
    4208              
    4209 00000026 0006          LRETR     ; [CPU_ALU] 
    4210                      ; return occurs ; [] 
    4211                      .dwattr $C$DW$196, DW_AT_TI_end_file("C:/ti/ccs1210/ccs/tools/compiler/ti-cgt-c2000_22.6.0.LTS/includ
    4212                      .dwattr $C$DW$196, DW_AT_TI_end_line(0x169)
    4213                      .dwattr $C$DW$196, DW_AT_TI_end_column(0x31)
    4214                      .dwendentry
    4215                      .dwendtag $C$DW$196
    4216              
    4217 00000000               .sect   ".text:__isnormalf"
    4218                      .clink
    4219                      .global ||__isnormalf||
    4220              
    4221              $C$DW$201       .dwtag  DW_TAG_subprogram
    4222                      .dwattr $C$DW$201, DW_AT_name("__isnormalf")
    4223                      .dwattr $C$DW$201, DW_AT_low_pc(||__isnormalf||)
    4224                      .dwattr $C$DW$201, DW_AT_high_pc(0x00)
    4225                      .dwattr $C$DW$201, DW_AT_linkage_name("__isnormalf")
    4226                      .dwattr $C$DW$201, DW_AT_external
    4227                      .dwattr $C$DW$201, DW_AT_type(*$C$DW$T$10)
    4228                      .dwattr $C$DW$201, DW_AT_decl_file("C:/ti/ccs1210/ccs/tools/compiler/ti-cgt-c2000_22.6.0.LTS/include/
    4229                      .dwattr $C$DW$201, DW_AT_decl_line(0x163)
    4230                      .dwattr $C$DW$201, DW_AT_decl_column(0x18)
    4231                      .dwattr $C$DW$201, DW_AT_TI_max_frame_size(-2)
    4232                      .dwpsn  file "C:/ti/ccs1210/ccs/tools/compiler/ti-cgt-c2000_22.6.0.LTS/include/_defs.h",line 356,colu
    4233              
    4234                      .dwfde $C$DW$CIE, ||__isnormalf||
    4235              $C$DW$202       .dwtag  DW_TAG_formal_parameter
    4236                      .dwattr $C$DW$202, DW_AT_name("f")
    4237                      .dwattr $C$DW$202, DW_AT_type(*$C$DW$T$16)
    4238                      .dwattr $C$DW$202, DW_AT_location[DW_OP_regx 0x2b]
    4239              
    4240              
    4241              ;***************************************************************
    4242              ;* FNAME: __isnormalf                   FR SIZE:   0           *
    4243              ;*                                                             *
    4244              ;* FUNCTION ENVIRONMENT                                        *
    4245              ;*                                                             *
    4246              ;* FUNCTION PROPERTIES                                         *
    4247              ;*                            0 Parameter,  0 Auto,  0 SOE     *
    4248              ;***************************************************************
    4249              
    4250              ||__isnormalf||:
    4251              ;* PL    assigned to $O$K3
    4252              ;* AR6   assigned to $O$S1
    4253              ;* R0    assigned to f
    4254              $C$DW$203       .dwtag  DW_TAG_variable
    4255                      .dwattr $C$DW$203, DW_AT_name("f")
    4256                      .dwattr $C$DW$203, DW_AT_type(*$C$DW$T$69)
TMS320C2000 Assembler PC v22.6.0 Mon Apr 21 09:04:20 2025

Copyright (c) 1996-2018 Texas Instruments Incorporated
app_protection.asm                                                   PAGE   87

    4257                      .dwattr $C$DW$203, DW_AT_location[DW_OP_regx 0x2b]
    4258              
    4259                      .dwcfi  cfa_offset, -2
    4260                      .dwcfi  save_reg_to_mem, 26, 0
    4261                      .dwpsn  file "C:/ti/ccs1210/ccs/tools/compiler/ti-cgt-c2000_22.6.0.LTS/include/_defs.h",line 356,colu
    4262 00000000 BFAB          MOV32     P,R0H                 ; [CPU_FPU] |356| 
         00000001 0F12 
    4263 00000002 28AC          MOV       T,#23                 ; [CPU_ALU] |356| 
         00000003 0017 
    4264 00000004 A9A9          MOVL      ACC,P                 ; [CPU_ALU] |356| 
    4265 00000005 BE00          MOVB      XAR6,#0               ; [CPU_ALU] |356| 
    4266 00000006 5622          LSRL      ACC,T                 ; [CPU_ALU] |356| 
    4267 00000007 90FF          ANDB      AL,#0xff              ; [CPU_ALU] |356| 
    4268 00000008 6109          B         ||$C$L56||,EQ         ; [CPU_ALU] |356| 
    4269                      ; branchcc occurs ; [] |356| 
    4270 00000009 CCAA          AND       AL,PH,#0x7f80         ; [CPU_ALU] |356| 
         0000000a 7F80 
    4271 0000000b 80A9          MOVZ      AR7,AL                ; [CPU_ALU] |356| 
    4272 0000000c FF20          MOV       ACC,#32640            ; [CPU_ALU] |356| 
         0000000d 7F80 
    4273 0000000e 0FA7          CMPL      ACC,XAR7              ; [CPU_ALU] |356| 
    4274 0000000f 56B0          MOVB      XAR6,#1,NEQ           ; [CPU_ALU] |356| 
         00000010 01A6 
    4275 00000011       ||$C$L56||:    
    4276 00000011 92A6          MOV       AL,AR6                ; [CPU_ALU] |356| 
    4277              $C$DW$204       .dwtag  DW_TAG_TI_branch
    4278                      .dwattr $C$DW$204, DW_AT_low_pc(0x00)
    4279                      .dwattr $C$DW$204, DW_AT_TI_return
    4280              
    4281 00000012 0006          LRETR     ; [CPU_ALU] 
    4282                      ; return occurs ; [] 
    4283                      .dwattr $C$DW$201, DW_AT_TI_end_file("C:/ti/ccs1210/ccs/tools/compiler/ti-cgt-c2000_22.6.0.LTS/includ
    4284                      .dwattr $C$DW$201, DW_AT_TI_end_line(0x165)
    4285                      .dwattr $C$DW$201, DW_AT_TI_end_column(0x2f)
    4286                      .dwendentry
    4287                      .dwendtag $C$DW$201
    4288              
    4289 00000000               .sect   ".text:__isnormal"
    4290                      .clink
    4291                      .global ||__isnormal||
    4292              
    4293              $C$DW$205       .dwtag  DW_TAG_subprogram
    4294                      .dwattr $C$DW$205, DW_AT_name("__isnormal")
    4295                      .dwattr $C$DW$205, DW_AT_low_pc(||__isnormal||)
    4296                      .dwattr $C$DW$205, DW_AT_high_pc(0x00)
    4297                      .dwattr $C$DW$205, DW_AT_linkage_name("__isnormal")
    4298                      .dwattr $C$DW$205, DW_AT_external
    4299                      .dwattr $C$DW$205, DW_AT_type(*$C$DW$T$10)
    4300                      .dwattr $C$DW$205, DW_AT_decl_file("C:/ti/ccs1210/ccs/tools/compiler/ti-cgt-c2000_22.6.0.LTS/include/
    4301                      .dwattr $C$DW$205, DW_AT_decl_line(0x15f)
    4302                      .dwattr $C$DW$205, DW_AT_decl_column(0x18)
    4303                      .dwattr $C$DW$205, DW_AT_TI_max_frame_size(-6)
    4304                      .dwpsn  file "C:/ti/ccs1210/ccs/tools/compiler/ti-cgt-c2000_22.6.0.LTS/include/_defs.h",line 352,colu
    4305              
    4306                      .dwfde $C$DW$CIE, ||__isnormal||
TMS320C2000 Assembler PC v22.6.0 Mon Apr 21 09:04:20 2025

Copyright (c) 1996-2018 Texas Instruments Incorporated
app_protection.asm                                                   PAGE   88

    4307              $C$DW$206       .dwtag  DW_TAG_formal_parameter
    4308                      .dwattr $C$DW$206, DW_AT_name("d")
    4309                      .dwattr $C$DW$206, DW_AT_type(*$C$DW$T$70)
    4310                      .dwattr $C$DW$206, DW_AT_location[DW_OP_reg12]
    4311              
    4312              
    4313              ;***************************************************************
    4314              ;* FNAME: __isnormal                    FR SIZE:   4           *
    4315              ;*                                                             *
    4316              ;* FUNCTION ENVIRONMENT                                        *
    4317              ;*                                                             *
    4318              ;* FUNCTION PROPERTIES                                         *
    4319              ;*                            4 Parameter,  0 Auto,  0 SOE     *
    4320              ;***************************************************************
    4321              
    4322              ||__isnormal||:
    4323              ;* AR5   assigned to $O$C2
    4324              ;* AR6   assigned to $O$S1
    4325              ;* AR4   assigned to d
    4326              $C$DW$207       .dwtag  DW_TAG_variable
    4327                      .dwattr $C$DW$207, DW_AT_name("d")
    4328                      .dwattr $C$DW$207, DW_AT_type(*$C$DW$T$71)
    4329                      .dwattr $C$DW$207, DW_AT_location[DW_OP_reg12]
    4330              
    4331                      .dwcfi  cfa_offset, -2
    4332                      .dwcfi  save_reg_to_mem, 26, 0
    4333 00000000 FE04          ADDB      SP,#4                 ; [CPU_ARAU] 
    4334                      .dwcfi  cfa_offset, -6
    4335                      .dwpsn  file "C:/ti/ccs1210/ccs/tools/compiler/ti-cgt-c2000_22.6.0.LTS/include/_defs.h",line 352,colu
    4336 00000001 83C4          MOVL      XAR5,*+XAR4[0]        ; [CPU_ALU] |352| 
    4337 00000002 8AD4          MOVL      XAR4,*+XAR4[2]        ; [CPU_ALU] |352| 
    4338 00000003 BE00          MOVB      XAR6,#0               ; [CPU_ALU] |352| 
    4339 00000004 28AC          MOV       T,#52                 ; [CPU_ALU] |352| 
         00000005 0034 
    4340 00000006 A0AB          MOVL      P,XAR5                ; [CPU_ALU] |352| 
    4341 00000007 A8A9          MOVL      ACC,XAR4              ; [CPU_ALU] |352| 
    4342 00000008 C244          MOVL      *-SP[4],XAR6          ; [CPU_ALU] |352| 
    4343 00000009 2B42          MOV       *-SP[2],#0            ; [CPU_ALU] |352| 
    4344 0000000a 565B          LSR64     ACC:P,T               ; [CPU_ALU] |352| 
    4345 0000000b 2B41          MOV       *-SP[1],#0            ; [CPU_FPU] |352| 
    4346 0000000c 9000          ANDB      AL,#0                 ; [CPU_ALU] |352| 
    4347 0000000d 9100          ANDB      AH,#0                 ; [CPU_ALU] |352| 
    4348 0000000e 18AB          AND       PL,#2047              ; [CPU_ALU] |352| 
         0000000f 07FF 
    4349 00000010 18AA          AND       PH,#0                 ; [CPU_ALU] |352| 
         00000011 0000 
    4350              $C$DW$208       .dwtag  DW_TAG_TI_branch
    4351                      .dwattr $C$DW$208, DW_AT_low_pc(0x00)
    4352                      .dwattr $C$DW$208, DW_AT_name("__c28xabi_cmpull")
    4353                      .dwattr $C$DW$208, DW_AT_TI_call
    4354              
    4355 00000012 7640!         LCR       #||__c28xabi_cmpull|| ; [CPU_ALU] |352| 
         00000013 0000 
    4356                      ; call occurs [#||__c28xabi_cmpull||] ; [] |352| 
    4357 00000014 BE00          MOVB      XAR6,#0               ; [CPU_ALU] |352| 
TMS320C2000 Assembler PC v22.6.0 Mon Apr 21 09:04:20 2025

Copyright (c) 1996-2018 Texas Instruments Incorporated
app_protection.asm                                                   PAGE   89

    4358 00000015 5200          CMPB      AL,#0                 ; [CPU_ALU] |352| 
    4359 00000016 610E          B         ||$C$L57||,EQ         ; [CPU_ALU] |352| 
    4360                      ; branchcc occurs ; [] |352| 
    4361 00000017 A0AB          MOVL      P,XAR5                ; [CPU_ALU] |352| 
    4362 00000018 A8A9          MOVL      ACC,XAR4              ; [CPU_ALU] |352| 
    4363 00000019 28AC          MOV       T,#48                 ; [CPU_ALU] |352| 
         0000001a 0030 
    4364 0000001b 565B          LSR64     ACC:P,T               ; [CPU_ALU] |352| 
    4365 0000001c 18AB          AND       PL,#0x7ff0            ; [CPU_ALU] |352| 
         0000001d 7FF0 
    4366 0000001e 80AB          MOVZ      AR7,PL                ; [CPU_ALU] |352| 
    4367 0000001f FF20          MOV       ACC,#32752            ; [CPU_ALU] |352| 
         00000020 7FF0 
    4368 00000021 0FA7          CMPL      ACC,XAR7              ; [CPU_ALU] |352| 
    4369 00000022 56B0          MOVB      XAR6,#1,NEQ           ; [CPU_ALU] |352| 
         00000023 01A6 
    4370 00000024       ||$C$L57||:    
    4371 00000024 FE84          SUBB      SP,#4                 ; [CPU_ARAU] 
    4372                      .dwcfi  cfa_offset, -2
    4373 00000025 92A6          MOV       AL,AR6                ; [CPU_ALU] |352| 
    4374              $C$DW$209       .dwtag  DW_TAG_TI_branch
    4375                      .dwattr $C$DW$209, DW_AT_low_pc(0x00)
    4376                      .dwattr $C$DW$209, DW_AT_TI_return
    4377              
    4378 00000026 0006          LRETR     ; [CPU_ALU] 
    4379                      ; return occurs ; [] 
    4380                      .dwattr $C$DW$205, DW_AT_TI_end_file("C:/ti/ccs1210/ccs/tools/compiler/ti-cgt-c2000_22.6.0.LTS/includ
    4381                      .dwattr $C$DW$205, DW_AT_TI_end_line(0x161)
    4382                      .dwattr $C$DW$205, DW_AT_TI_end_column(0x30)
    4383                      .dwendentry
    4384                      .dwendtag $C$DW$205
    4385              
    4386 00000000               .sect   ".text:__isnanl"
    4387                      .clink
    4388                      .global ||__isnanl||
    4389              
    4390              $C$DW$210       .dwtag  DW_TAG_subprogram
    4391                      .dwattr $C$DW$210, DW_AT_name("__isnanl")
    4392                      .dwattr $C$DW$210, DW_AT_low_pc(||__isnanl||)
    4393                      .dwattr $C$DW$210, DW_AT_high_pc(0x00)
    4394                      .dwattr $C$DW$210, DW_AT_linkage_name("__isnanl")
    4395                      .dwattr $C$DW$210, DW_AT_external
    4396                      .dwattr $C$DW$210, DW_AT_type(*$C$DW$T$10)
    4397                      .dwattr $C$DW$210, DW_AT_decl_file("C:/ti/ccs1210/ccs/tools/compiler/ti-cgt-c2000_22.6.0.LTS/include/
    4398                      .dwattr $C$DW$210, DW_AT_decl_line(0x15b)
    4399                      .dwattr $C$DW$210, DW_AT_decl_column(0x18)
    4400                      .dwattr $C$DW$210, DW_AT_TI_max_frame_size(-6)
    4401                      .dwpsn  file "C:/ti/ccs1210/ccs/tools/compiler/ti-cgt-c2000_22.6.0.LTS/include/_defs.h",line 348,colu
    4402              
    4403                      .dwfde $C$DW$CIE, ||__isnanl||
    4404              $C$DW$211       .dwtag  DW_TAG_formal_parameter
    4405                      .dwattr $C$DW$211, DW_AT_name("e")
    4406                      .dwattr $C$DW$211, DW_AT_type(*$C$DW$T$72)
    4407                      .dwattr $C$DW$211, DW_AT_location[DW_OP_reg12]
    4408              
TMS320C2000 Assembler PC v22.6.0 Mon Apr 21 09:04:20 2025

Copyright (c) 1996-2018 Texas Instruments Incorporated
app_protection.asm                                                   PAGE   90

    4409              
    4410              ;***************************************************************
    4411              ;* FNAME: __isnanl                      FR SIZE:   4           *
    4412              ;*                                                             *
    4413              ;* FUNCTION ENVIRONMENT                                        *
    4414              ;*                                                             *
    4415              ;* FUNCTION PROPERTIES                                         *
    4416              ;*                            4 Parameter,  0 Auto,  0 SOE     *
    4417              ;***************************************************************
    4418              
    4419              ||__isnanl||:
    4420              ;* AR7   assigned to $O$C2
    4421              ;* AR4   assigned to $O$S1
    4422              ;* AR4   assigned to e
    4423              $C$DW$212       .dwtag  DW_TAG_variable
    4424                      .dwattr $C$DW$212, DW_AT_name("e")
    4425                      .dwattr $C$DW$212, DW_AT_type(*$C$DW$T$73)
    4426                      .dwattr $C$DW$212, DW_AT_location[DW_OP_reg12]
    4427              
    4428                      .dwcfi  cfa_offset, -2
    4429                      .dwcfi  save_reg_to_mem, 26, 0
    4430 00000000 FE04          ADDB      SP,#4                 ; [CPU_ARAU] 
    4431                      .dwcfi  cfa_offset, -6
    4432                      .dwpsn  file "C:/ti/ccs1210/ccs/tools/compiler/ti-cgt-c2000_22.6.0.LTS/include/_defs.h",line 348,colu
    4433 00000001 C5C4          MOVL      XAR7,*+XAR4[0]        ; [CPU_ALU] |348| 
    4434 00000002 06D4          MOVL      ACC,*+XAR4[2]         ; [CPU_ALU] |348| 
    4435 00000003 28AC          MOV       T,#48                 ; [CPU_ALU] |348| 
         00000004 0030 
    4436 00000005 1EA6          MOVL      XAR6,ACC              ; [CPU_ALU] |348| 
    4437 00000006 A3A7          MOVL      P,XAR7                ; [CPU_ALU] |348| 
    4438 00000007 D400          MOVB      XAR4,#0               ; [CPU_ALU] |348| 
    4439 00000008 565B          LSR64     ACC:P,T               ; [CPU_ALU] |348| 
    4440 00000009 2BAA          MOV       PH,#0                 ; [CPU_ALU] |348| 
    4441 0000000a 18AB          AND       PL,#0x7ff0            ; [CPU_ALU] |348| 
         0000000b 7FF0 
    4442 0000000c FF20          MOV       ACC,#32752            ; [CPU_ALU] |348| 
         0000000d 7FF0 
    4443 0000000e 0FAB          CMPL      ACC,P                 ; [CPU_ALU] |348| 
    4444 0000000f 6013          B         ||$C$L58||,NEQ        ; [CPU_ALU] |348| 
    4445                      ; branchcc occurs ; [] |348| 
    4446 00000010 06A6          MOVL      ACC,XAR6              ; [CPU_ALU] |348| 
    4447 00000011 A3A7          MOVL      P,XAR7                ; [CPU_ALU] |348| 
    4448 00000012 BE00          MOVB      XAR6,#0               ; [CPU_ALU] |348| 
    4449 00000013 18A9          AND       AL,#65535             ; [CPU_ALU] |348| 
         00000014 FFFF 
    4450 00000015 910F          ANDB      AH,#15                ; [CPU_ALU] |348| 
    4451 00000016 18AB          AND       PL,#65535             ; [CPU_ALU] |348| 
         00000017 FFFF 
    4452 00000018 18AA          AND       PH,#65535             ; [CPU_ALU] |348| 
         00000019 FFFF 
    4453 0000001a C244          MOVL      *-SP[4],XAR6          ; [CPU_FPU] |348| 
    4454 0000001b 2B42          MOV       *-SP[2],#0            ; [CPU_FPU] |348| 
    4455 0000001c 2B41          MOV       *-SP[1],#0            ; [CPU_FPU] |348| 
    4456              $C$DW$213       .dwtag  DW_TAG_TI_branch
    4457                      .dwattr $C$DW$213, DW_AT_low_pc(0x00)
TMS320C2000 Assembler PC v22.6.0 Mon Apr 21 09:04:20 2025

Copyright (c) 1996-2018 Texas Instruments Incorporated
app_protection.asm                                                   PAGE   91

    4458                      .dwattr $C$DW$213, DW_AT_name("__c28xabi_cmpull")
    4459                      .dwattr $C$DW$213, DW_AT_TI_call
    4460              
    4461 0000001d 7640!         LCR       #||__c28xabi_cmpull|| ; [CPU_ALU] |348| 
         0000001e 0000 
    4462                      ; call occurs [#||__c28xabi_cmpull||] ; [] |348| 
    4463 0000001f 5200          CMPB      AL,#0                 ; [CPU_ALU] |348| 
    4464 00000020 56B0          MOVB      XAR4,#1,NEQ           ; [CPU_ALU] |348| 
         00000021 01A4 
    4465 00000022       ||$C$L58||:    
    4466 00000022 FE84          SUBB      SP,#4                 ; [CPU_ARAU] 
    4467                      .dwcfi  cfa_offset, -2
    4468 00000023 92A4          MOV       AL,AR4                ; [CPU_ALU] |348| 
    4469              $C$DW$214       .dwtag  DW_TAG_TI_branch
    4470                      .dwattr $C$DW$214, DW_AT_low_pc(0x00)
    4471                      .dwattr $C$DW$214, DW_AT_TI_return
    4472              
    4473 00000024 0006          LRETR     ; [CPU_ALU] 
    4474                      ; return occurs ; [] 
    4475                      .dwattr $C$DW$210, DW_AT_TI_end_file("C:/ti/ccs1210/ccs/tools/compiler/ti-cgt-c2000_22.6.0.LTS/includ
    4476                      .dwattr $C$DW$210, DW_AT_TI_end_line(0x15d)
    4477                      .dwattr $C$DW$210, DW_AT_TI_end_column(0x30)
    4478                      .dwendentry
    4479                      .dwendtag $C$DW$210
    4480              
    4481 00000000               .sect   ".text:__isnanf"
    4482                      .clink
    4483                      .global ||__isnanf||
    4484              
    4485              $C$DW$215       .dwtag  DW_TAG_subprogram
    4486                      .dwattr $C$DW$215, DW_AT_name("__isnanf")
    4487                      .dwattr $C$DW$215, DW_AT_low_pc(||__isnanf||)
    4488                      .dwattr $C$DW$215, DW_AT_high_pc(0x00)
    4489                      .dwattr $C$DW$215, DW_AT_linkage_name("__isnanf")
    4490                      .dwattr $C$DW$215, DW_AT_external
    4491                      .dwattr $C$DW$215, DW_AT_type(*$C$DW$T$10)
    4492                      .dwattr $C$DW$215, DW_AT_decl_file("C:/ti/ccs1210/ccs/tools/compiler/ti-cgt-c2000_22.6.0.LTS/include/
    4493                      .dwattr $C$DW$215, DW_AT_decl_line(0x158)
    4494                      .dwattr $C$DW$215, DW_AT_decl_column(0x18)
    4495                      .dwattr $C$DW$215, DW_AT_TI_max_frame_size(-2)
    4496                      .dwpsn  file "C:/ti/ccs1210/ccs/tools/compiler/ti-cgt-c2000_22.6.0.LTS/include/_defs.h",line 345,colu
    4497              
    4498                      .dwfde $C$DW$CIE, ||__isnanf||
    4499              $C$DW$216       .dwtag  DW_TAG_formal_parameter
    4500                      .dwattr $C$DW$216, DW_AT_name("f")
    4501                      .dwattr $C$DW$216, DW_AT_type(*$C$DW$T$16)
    4502                      .dwattr $C$DW$216, DW_AT_location[DW_OP_regx 0x2b]
    4503              
    4504              
    4505              ;***************************************************************
    4506              ;* FNAME: __isnanf                      FR SIZE:   0           *
    4507              ;*                                                             *
    4508              ;* FUNCTION ENVIRONMENT                                        *
    4509              ;*                                                             *
    4510              ;* FUNCTION PROPERTIES                                         *
TMS320C2000 Assembler PC v22.6.0 Mon Apr 21 09:04:20 2025

Copyright (c) 1996-2018 Texas Instruments Incorporated
app_protection.asm                                                   PAGE   92

    4511              ;*                            0 Parameter,  0 Auto,  0 SOE     *
    4512              ;***************************************************************
    4513              
    4514              ||__isnanf||:
    4515              ;* PL    assigned to $O$K3
    4516              ;* AR6   assigned to $O$S1
    4517              ;* R0    assigned to f
    4518              $C$DW$217       .dwtag  DW_TAG_variable
    4519                      .dwattr $C$DW$217, DW_AT_name("f")
    4520                      .dwattr $C$DW$217, DW_AT_type(*$C$DW$T$69)
    4521                      .dwattr $C$DW$217, DW_AT_location[DW_OP_regx 0x2b]
    4522              
    4523                      .dwcfi  cfa_offset, -2
    4524                      .dwcfi  save_reg_to_mem, 26, 0
    4525                      .dwpsn  file "C:/ti/ccs1210/ccs/tools/compiler/ti-cgt-c2000_22.6.0.LTS/include/_defs.h",line 345,colu
    4526 00000000 BFAB          MOV32     P,R0H                 ; [CPU_FPU] |345| 
         00000001 0F12 
    4527 00000002 CCAA          AND       AL,PH,#0x7f80         ; [CPU_ALU] |345| 
         00000003 7F80 
    4528 00000004 80A9          MOVZ      AR7,AL                ; [CPU_ALU] |345| 
    4529 00000005 BE00          MOVB      XAR6,#0               ; [CPU_ALU] |345| 
    4530 00000006 FF20          MOV       ACC,#32640            ; [CPU_ALU] |345| 
         00000007 7F80 
    4531 00000008 0FA7          CMPL      ACC,XAR7              ; [CPU_ALU] |345| 
    4532 00000009 6006          B         ||$C$L59||,NEQ        ; [CPU_ALU] |345| 
    4533                      ; branchcc occurs ; [] |345| 
    4534 0000000a A9A9          MOVL      ACC,P                 ; [CPU_ALU] |345| 
    4535 0000000b 917F          ANDB      AH,#127               ; [CPU_ALU] |345| 
    4536 0000000c FF58          TEST      ACC                   ; [CPU_ALU] |345| 
    4537 0000000d 56B0          MOVB      XAR6,#1,NEQ           ; [CPU_ALU] |345| 
         0000000e 01A6 
    4538 0000000f       ||$C$L59||:    
    4539 0000000f 92A6          MOV       AL,AR6                ; [CPU_ALU] |345| 
    4540              $C$DW$218       .dwtag  DW_TAG_TI_branch
    4541                      .dwattr $C$DW$218, DW_AT_low_pc(0x00)
    4542                      .dwattr $C$DW$218, DW_AT_TI_return
    4543              
    4544 00000010 0006          LRETR     ; [CPU_ALU] 
    4545                      ; return occurs ; [] 
    4546                      .dwattr $C$DW$215, DW_AT_TI_end_file("C:/ti/ccs1210/ccs/tools/compiler/ti-cgt-c2000_22.6.0.LTS/includ
    4547                      .dwattr $C$DW$215, DW_AT_TI_end_line(0x15a)
    4548                      .dwattr $C$DW$215, DW_AT_TI_end_column(0x2e)
    4549                      .dwendentry
    4550                      .dwendtag $C$DW$215
    4551              
    4552 00000000               .sect   ".text:__isnan"
    4553                      .clink
    4554                      .global ||__isnan||
    4555              
    4556              $C$DW$219       .dwtag  DW_TAG_subprogram
    4557                      .dwattr $C$DW$219, DW_AT_name("__isnan")
    4558                      .dwattr $C$DW$219, DW_AT_low_pc(||__isnan||)
    4559                      .dwattr $C$DW$219, DW_AT_high_pc(0x00)
    4560                      .dwattr $C$DW$219, DW_AT_linkage_name("__isnan")
    4561                      .dwattr $C$DW$219, DW_AT_external
TMS320C2000 Assembler PC v22.6.0 Mon Apr 21 09:04:20 2025

Copyright (c) 1996-2018 Texas Instruments Incorporated
app_protection.asm                                                   PAGE   93

    4562                      .dwattr $C$DW$219, DW_AT_type(*$C$DW$T$10)
    4563                      .dwattr $C$DW$219, DW_AT_decl_file("C:/ti/ccs1210/ccs/tools/compiler/ti-cgt-c2000_22.6.0.LTS/include/
    4564                      .dwattr $C$DW$219, DW_AT_decl_line(0x155)
    4565                      .dwattr $C$DW$219, DW_AT_decl_column(0x18)
    4566                      .dwattr $C$DW$219, DW_AT_TI_max_frame_size(-6)
    4567                      .dwpsn  file "C:/ti/ccs1210/ccs/tools/compiler/ti-cgt-c2000_22.6.0.LTS/include/_defs.h",line 342,colu
    4568              
    4569                      .dwfde $C$DW$CIE, ||__isnan||
    4570              $C$DW$220       .dwtag  DW_TAG_formal_parameter
    4571                      .dwattr $C$DW$220, DW_AT_name("d")
    4572                      .dwattr $C$DW$220, DW_AT_type(*$C$DW$T$70)
    4573                      .dwattr $C$DW$220, DW_AT_location[DW_OP_reg12]
    4574              
    4575              
    4576              ;***************************************************************
    4577              ;* FNAME: __isnan                       FR SIZE:   4           *
    4578              ;*                                                             *
    4579              ;* FUNCTION ENVIRONMENT                                        *
    4580              ;*                                                             *
    4581              ;* FUNCTION PROPERTIES                                         *
    4582              ;*                            4 Parameter,  0 Auto,  0 SOE     *
    4583              ;***************************************************************
    4584              
    4585              ||__isnan||:
    4586              ;* AR7   assigned to $O$C2
    4587              ;* AR4   assigned to $O$S1
    4588              ;* AR4   assigned to d
    4589              $C$DW$221       .dwtag  DW_TAG_variable
    4590                      .dwattr $C$DW$221, DW_AT_name("d")
    4591                      .dwattr $C$DW$221, DW_AT_type(*$C$DW$T$71)
    4592                      .dwattr $C$DW$221, DW_AT_location[DW_OP_reg12]
    4593              
    4594                      .dwcfi  cfa_offset, -2
    4595                      .dwcfi  save_reg_to_mem, 26, 0
    4596 00000000 FE04          ADDB      SP,#4                 ; [CPU_ARAU] 
    4597                      .dwcfi  cfa_offset, -6
    4598                      .dwpsn  file "C:/ti/ccs1210/ccs/tools/compiler/ti-cgt-c2000_22.6.0.LTS/include/_defs.h",line 342,colu
    4599 00000001 C5C4          MOVL      XAR7,*+XAR4[0]        ; [CPU_ALU] |342| 
    4600 00000002 06D4          MOVL      ACC,*+XAR4[2]         ; [CPU_ALU] |342| 
    4601 00000003 28AC          MOV       T,#48                 ; [CPU_ALU] |342| 
         00000004 0030 
    4602 00000005 1EA6          MOVL      XAR6,ACC              ; [CPU_ALU] |342| 
    4603 00000006 A3A7          MOVL      P,XAR7                ; [CPU_ALU] |342| 
    4604 00000007 D400          MOVB      XAR4,#0               ; [CPU_ALU] |342| 
    4605 00000008 565B          LSR64     ACC:P,T               ; [CPU_ALU] |342| 
    4606 00000009 2BAA          MOV       PH,#0                 ; [CPU_ALU] |342| 
    4607 0000000a 18AB          AND       PL,#0x7ff0            ; [CPU_ALU] |342| 
         0000000b 7FF0 
    4608 0000000c FF20          MOV       ACC,#32752            ; [CPU_ALU] |342| 
         0000000d 7FF0 
    4609 0000000e 0FAB          CMPL      ACC,P                 ; [CPU_ALU] |342| 
    4610 0000000f 6013          B         ||$C$L60||,NEQ        ; [CPU_ALU] |342| 
    4611                      ; branchcc occurs ; [] |342| 
    4612 00000010 06A6          MOVL      ACC,XAR6              ; [CPU_ALU] |342| 
    4613 00000011 A3A7          MOVL      P,XAR7                ; [CPU_ALU] |342| 
TMS320C2000 Assembler PC v22.6.0 Mon Apr 21 09:04:20 2025

Copyright (c) 1996-2018 Texas Instruments Incorporated
app_protection.asm                                                   PAGE   94

    4614 00000012 BE00          MOVB      XAR6,#0               ; [CPU_ALU] |342| 
    4615 00000013 18A9          AND       AL,#65535             ; [CPU_ALU] |342| 
         00000014 FFFF 
    4616 00000015 910F          ANDB      AH,#15                ; [CPU_ALU] |342| 
    4617 00000016 18AB          AND       PL,#65535             ; [CPU_ALU] |342| 
         00000017 FFFF 
    4618 00000018 18AA          AND       PH,#65535             ; [CPU_ALU] |342| 
         00000019 FFFF 
    4619 0000001a C244          MOVL      *-SP[4],XAR6          ; [CPU_FPU] |342| 
    4620 0000001b 2B42          MOV       *-SP[2],#0            ; [CPU_FPU] |342| 
    4621 0000001c 2B41          MOV       *-SP[1],#0            ; [CPU_FPU] |342| 
    4622              $C$DW$222       .dwtag  DW_TAG_TI_branch
    4623                      .dwattr $C$DW$222, DW_AT_low_pc(0x00)
    4624                      .dwattr $C$DW$222, DW_AT_name("__c28xabi_cmpull")
    4625                      .dwattr $C$DW$222, DW_AT_TI_call
    4626              
    4627 0000001d 7640!         LCR       #||__c28xabi_cmpull|| ; [CPU_ALU] |342| 
         0000001e 0000 
    4628                      ; call occurs [#||__c28xabi_cmpull||] ; [] |342| 
    4629 0000001f 5200          CMPB      AL,#0                 ; [CPU_ALU] |342| 
    4630 00000020 56B0          MOVB      XAR4,#1,NEQ           ; [CPU_ALU] |342| 
         00000021 01A4 
    4631 00000022       ||$C$L60||:    
    4632 00000022 FE84          SUBB      SP,#4                 ; [CPU_ARAU] 
    4633                      .dwcfi  cfa_offset, -2
    4634 00000023 92A4          MOV       AL,AR4                ; [CPU_ALU] |342| 
    4635              $C$DW$223       .dwtag  DW_TAG_TI_branch
    4636                      .dwattr $C$DW$223, DW_AT_low_pc(0x00)
    4637                      .dwattr $C$DW$223, DW_AT_TI_return
    4638              
    4639 00000024 0006          LRETR     ; [CPU_ALU] 
    4640                      ; return occurs ; [] 
    4641                      .dwattr $C$DW$219, DW_AT_TI_end_file("C:/ti/ccs1210/ccs/tools/compiler/ti-cgt-c2000_22.6.0.LTS/includ
    4642                      .dwattr $C$DW$219, DW_AT_TI_end_line(0x157)
    4643                      .dwattr $C$DW$219, DW_AT_TI_end_column(0x2f)
    4644                      .dwendentry
    4645                      .dwendtag $C$DW$219
    4646              
    4647 00000000               .sect   ".text:__isinfl"
    4648                      .clink
    4649                      .global ||__isinfl||
    4650              
    4651              $C$DW$224       .dwtag  DW_TAG_subprogram
    4652                      .dwattr $C$DW$224, DW_AT_name("__isinfl")
    4653                      .dwattr $C$DW$224, DW_AT_low_pc(||__isinfl||)
    4654                      .dwattr $C$DW$224, DW_AT_high_pc(0x00)
    4655                      .dwattr $C$DW$224, DW_AT_linkage_name("__isinfl")
    4656                      .dwattr $C$DW$224, DW_AT_external
    4657                      .dwattr $C$DW$224, DW_AT_type(*$C$DW$T$10)
    4658                      .dwattr $C$DW$224, DW_AT_decl_file("C:/ti/ccs1210/ccs/tools/compiler/ti-cgt-c2000_22.6.0.LTS/include/
    4659                      .dwattr $C$DW$224, DW_AT_decl_line(0x17a)
    4660                      .dwattr $C$DW$224, DW_AT_decl_column(0x18)
    4661                      .dwattr $C$DW$224, DW_AT_TI_max_frame_size(-6)
    4662                      .dwpsn  file "C:/ti/ccs1210/ccs/tools/compiler/ti-cgt-c2000_22.6.0.LTS/include/_defs.h",line 379,colu
    4663              
TMS320C2000 Assembler PC v22.6.0 Mon Apr 21 09:04:20 2025

Copyright (c) 1996-2018 Texas Instruments Incorporated
app_protection.asm                                                   PAGE   95

    4664                      .dwfde $C$DW$CIE, ||__isinfl||
    4665              $C$DW$225       .dwtag  DW_TAG_formal_parameter
    4666                      .dwattr $C$DW$225, DW_AT_name("e")
    4667                      .dwattr $C$DW$225, DW_AT_type(*$C$DW$T$72)
    4668                      .dwattr $C$DW$225, DW_AT_location[DW_OP_reg12]
    4669              
    4670              
    4671              ;***************************************************************
    4672              ;* FNAME: __isinfl                      FR SIZE:   4           *
    4673              ;*                                                             *
    4674              ;* FUNCTION ENVIRONMENT                                        *
    4675              ;*                                                             *
    4676              ;* FUNCTION PROPERTIES                                         *
    4677              ;*                            4 Parameter,  0 Auto,  0 SOE     *
    4678              ;***************************************************************
    4679              
    4680              ||__isinfl||:
    4681              ;* AR7   assigned to $O$C2
    4682              ;* AR4   assigned to $O$S1
    4683              ;* AR4   assigned to e
    4684              $C$DW$226       .dwtag  DW_TAG_variable
    4685                      .dwattr $C$DW$226, DW_AT_name("e")
    4686                      .dwattr $C$DW$226, DW_AT_type(*$C$DW$T$73)
    4687                      .dwattr $C$DW$226, DW_AT_location[DW_OP_reg12]
    4688              
    4689                      .dwcfi  cfa_offset, -2
    4690                      .dwcfi  save_reg_to_mem, 26, 0
    4691 00000000 FE04          ADDB      SP,#4                 ; [CPU_ARAU] 
    4692                      .dwcfi  cfa_offset, -6
    4693                      .dwpsn  file "C:/ti/ccs1210/ccs/tools/compiler/ti-cgt-c2000_22.6.0.LTS/include/_defs.h",line 379,colu
    4694 00000001 C5C4          MOVL      XAR7,*+XAR4[0]        ; [CPU_ALU] |379| 
    4695 00000002 06D4          MOVL      ACC,*+XAR4[2]         ; [CPU_ALU] |379| 
    4696 00000003 28AC          MOV       T,#48                 ; [CPU_ALU] |379| 
         00000004 0030 
    4697 00000005 1EA6          MOVL      XAR6,ACC              ; [CPU_ALU] |379| 
    4698 00000006 A3A7          MOVL      P,XAR7                ; [CPU_ALU] |379| 
    4699 00000007 D400          MOVB      XAR4,#0               ; [CPU_ALU] |379| 
    4700 00000008 565B          LSR64     ACC:P,T               ; [CPU_ALU] |379| 
    4701 00000009 2BAA          MOV       PH,#0                 ; [CPU_ALU] |379| 
    4702 0000000a 18AB          AND       PL,#0x7ff0            ; [CPU_ALU] |379| 
         0000000b 7FF0 
    4703 0000000c FF20          MOV       ACC,#32752            ; [CPU_ALU] |379| 
         0000000d 7FF0 
    4704 0000000e 0FAB          CMPL      ACC,P                 ; [CPU_ALU] |379| 
    4705 0000000f 6013          B         ||$C$L61||,NEQ        ; [CPU_ALU] |379| 
    4706                      ; branchcc occurs ; [] |379| 
    4707 00000010 06A6          MOVL      ACC,XAR6              ; [CPU_ALU] |379| 
    4708 00000011 A3A7          MOVL      P,XAR7                ; [CPU_ALU] |379| 
    4709 00000012 BE00          MOVB      XAR6,#0               ; [CPU_ALU] |379| 
    4710 00000013 18A9          AND       AL,#65535             ; [CPU_ALU] |379| 
         00000014 FFFF 
    4711 00000015 910F          ANDB      AH,#15                ; [CPU_ALU] |379| 
    4712 00000016 18AB          AND       PL,#65535             ; [CPU_ALU] |379| 
         00000017 FFFF 
    4713 00000018 18AA          AND       PH,#65535             ; [CPU_ALU] |379| 
TMS320C2000 Assembler PC v22.6.0 Mon Apr 21 09:04:20 2025

Copyright (c) 1996-2018 Texas Instruments Incorporated
app_protection.asm                                                   PAGE   96

         00000019 FFFF 
    4714 0000001a C244          MOVL      *-SP[4],XAR6          ; [CPU_FPU] |379| 
    4715 0000001b 2B42          MOV       *-SP[2],#0            ; [CPU_FPU] |379| 
    4716 0000001c 2B41          MOV       *-SP[1],#0            ; [CPU_FPU] |379| 
    4717              $C$DW$227       .dwtag  DW_TAG_TI_branch
    4718                      .dwattr $C$DW$227, DW_AT_low_pc(0x00)
    4719                      .dwattr $C$DW$227, DW_AT_name("__c28xabi_cmpull")
    4720                      .dwattr $C$DW$227, DW_AT_TI_call
    4721              
    4722 0000001d 7640!         LCR       #||__c28xabi_cmpull|| ; [CPU_ALU] |379| 
         0000001e 0000 
    4723                      ; call occurs [#||__c28xabi_cmpull||] ; [] |379| 
    4724 0000001f 5200          CMPB      AL,#0                 ; [CPU_ALU] |379| 
    4725 00000020 56B1          MOVB      XAR4,#1,EQ            ; [CPU_ALU] |379| 
         00000021 01A4 
    4726 00000022       ||$C$L61||:    
    4727 00000022 FE84          SUBB      SP,#4                 ; [CPU_ARAU] 
    4728                      .dwcfi  cfa_offset, -2
    4729 00000023 92A4          MOV       AL,AR4                ; [CPU_ALU] |379| 
    4730              $C$DW$228       .dwtag  DW_TAG_TI_branch
    4731                      .dwattr $C$DW$228, DW_AT_low_pc(0x00)
    4732                      .dwattr $C$DW$228, DW_AT_TI_return
    4733              
    4734 00000024 0006          LRETR     ; [CPU_ALU] 
    4735                      ; return occurs ; [] 
    4736                      .dwattr $C$DW$224, DW_AT_TI_end_file("C:/ti/ccs1210/ccs/tools/compiler/ti-cgt-c2000_22.6.0.LTS/includ
    4737                      .dwattr $C$DW$224, DW_AT_TI_end_line(0x17b)
    4738                      .dwattr $C$DW$224, DW_AT_TI_end_column(0x4c)
    4739                      .dwendentry
    4740                      .dwendtag $C$DW$224
    4741              
    4742 00000000               .sect   ".text:__isinff"
    4743                      .clink
    4744                      .global ||__isinff||
    4745              
    4746              $C$DW$229       .dwtag  DW_TAG_subprogram
    4747                      .dwattr $C$DW$229, DW_AT_name("__isinff")
    4748                      .dwattr $C$DW$229, DW_AT_low_pc(||__isinff||)
    4749                      .dwattr $C$DW$229, DW_AT_high_pc(0x00)
    4750                      .dwattr $C$DW$229, DW_AT_linkage_name("__isinff")
    4751                      .dwattr $C$DW$229, DW_AT_external
    4752                      .dwattr $C$DW$229, DW_AT_type(*$C$DW$T$10)
    4753                      .dwattr $C$DW$229, DW_AT_decl_file("C:/ti/ccs1210/ccs/tools/compiler/ti-cgt-c2000_22.6.0.LTS/include/
    4754                      .dwattr $C$DW$229, DW_AT_decl_line(0x176)
    4755                      .dwattr $C$DW$229, DW_AT_decl_column(0x18)
    4756                      .dwattr $C$DW$229, DW_AT_TI_max_frame_size(-2)
    4757                      .dwpsn  file "C:/ti/ccs1210/ccs/tools/compiler/ti-cgt-c2000_22.6.0.LTS/include/_defs.h",line 375,colu
    4758              
    4759                      .dwfde $C$DW$CIE, ||__isinff||
    4760              $C$DW$230       .dwtag  DW_TAG_formal_parameter
    4761                      .dwattr $C$DW$230, DW_AT_name("f")
    4762                      .dwattr $C$DW$230, DW_AT_type(*$C$DW$T$16)
    4763                      .dwattr $C$DW$230, DW_AT_location[DW_OP_regx 0x2b]
    4764              
    4765              
TMS320C2000 Assembler PC v22.6.0 Mon Apr 21 09:04:20 2025

Copyright (c) 1996-2018 Texas Instruments Incorporated
app_protection.asm                                                   PAGE   97

    4766              ;***************************************************************
    4767              ;* FNAME: __isinff                      FR SIZE:   0           *
    4768              ;*                                                             *
    4769              ;* FUNCTION ENVIRONMENT                                        *
    4770              ;*                                                             *
    4771              ;* FUNCTION PROPERTIES                                         *
    4772              ;*                            0 Parameter,  0 Auto,  0 SOE     *
    4773              ;***************************************************************
    4774              
    4775              ||__isinff||:
    4776              ;* PL    assigned to $O$K3
    4777              ;* AR6   assigned to $O$S1
    4778              ;* R0    assigned to f
    4779              $C$DW$231       .dwtag  DW_TAG_variable
    4780                      .dwattr $C$DW$231, DW_AT_name("f")
    4781                      .dwattr $C$DW$231, DW_AT_type(*$C$DW$T$69)
    4782                      .dwattr $C$DW$231, DW_AT_location[DW_OP_regx 0x2b]
    4783              
    4784                      .dwcfi  cfa_offset, -2
    4785                      .dwcfi  save_reg_to_mem, 26, 0
    4786                      .dwpsn  file "C:/ti/ccs1210/ccs/tools/compiler/ti-cgt-c2000_22.6.0.LTS/include/_defs.h",line 375,colu
    4787 00000000 BFAB          MOV32     P,R0H                 ; [CPU_FPU] |375| 
         00000001 0F12 
    4788 00000002 CCAA          AND       AL,PH,#0x7f80         ; [CPU_ALU] |375| 
         00000003 7F80 
    4789 00000004 80A9          MOVZ      AR7,AL                ; [CPU_ALU] |375| 
    4790 00000005 BE00          MOVB      XAR6,#0               ; [CPU_ALU] |375| 
    4791 00000006 FF20          MOV       ACC,#32640            ; [CPU_ALU] |375| 
         00000007 7F80 
    4792 00000008 0FA7          CMPL      ACC,XAR7              ; [CPU_ALU] |375| 
    4793 00000009 6006          B         ||$C$L62||,NEQ        ; [CPU_ALU] |375| 
    4794                      ; branchcc occurs ; [] |375| 
    4795 0000000a A9A9          MOVL      ACC,P                 ; [CPU_ALU] |375| 
    4796 0000000b 917F          ANDB      AH,#127               ; [CPU_ALU] |375| 
    4797 0000000c FF58          TEST      ACC                   ; [CPU_ALU] |375| 
    4798 0000000d 56B1          MOVB      XAR6,#1,EQ            ; [CPU_ALU] |375| 
         0000000e 01A6 
    4799 0000000f       ||$C$L62||:    
    4800 0000000f 92A6          MOV       AL,AR6                ; [CPU_ALU] |375| 
    4801              $C$DW$232       .dwtag  DW_TAG_TI_branch
    4802                      .dwattr $C$DW$232, DW_AT_low_pc(0x00)
    4803                      .dwattr $C$DW$232, DW_AT_TI_return
    4804              
    4805 00000010 0006          LRETR     ; [CPU_ALU] 
    4806                      ; return occurs ; [] 
    4807                      .dwattr $C$DW$229, DW_AT_TI_end_file("C:/ti/ccs1210/ccs/tools/compiler/ti-cgt-c2000_22.6.0.LTS/includ
    4808                      .dwattr $C$DW$229, DW_AT_TI_end_line(0x177)
    4809                      .dwattr $C$DW$229, DW_AT_TI_end_column(0x48)
    4810                      .dwendentry
    4811                      .dwendtag $C$DW$229
    4812              
    4813 00000000               .sect   ".text:__isinf"
    4814                      .clink
    4815                      .global ||__isinf||
    4816              
TMS320C2000 Assembler PC v22.6.0 Mon Apr 21 09:04:20 2025

Copyright (c) 1996-2018 Texas Instruments Incorporated
app_protection.asm                                                   PAGE   98

    4817              $C$DW$233       .dwtag  DW_TAG_subprogram
    4818                      .dwattr $C$DW$233, DW_AT_name("__isinf")
    4819                      .dwattr $C$DW$233, DW_AT_low_pc(||__isinf||)
    4820                      .dwattr $C$DW$233, DW_AT_high_pc(0x00)
    4821                      .dwattr $C$DW$233, DW_AT_linkage_name("__isinf")
    4822                      .dwattr $C$DW$233, DW_AT_external
    4823                      .dwattr $C$DW$233, DW_AT_type(*$C$DW$T$10)
    4824                      .dwattr $C$DW$233, DW_AT_decl_file("C:/ti/ccs1210/ccs/tools/compiler/ti-cgt-c2000_22.6.0.LTS/include/
    4825                      .dwattr $C$DW$233, DW_AT_decl_line(0x178)
    4826                      .dwattr $C$DW$233, DW_AT_decl_column(0x18)
    4827                      .dwattr $C$DW$233, DW_AT_TI_max_frame_size(-6)
    4828                      .dwpsn  file "C:/ti/ccs1210/ccs/tools/compiler/ti-cgt-c2000_22.6.0.LTS/include/_defs.h",line 377,colu
    4829              
    4830                      .dwfde $C$DW$CIE, ||__isinf||
    4831              $C$DW$234       .dwtag  DW_TAG_formal_parameter
    4832                      .dwattr $C$DW$234, DW_AT_name("d")
    4833                      .dwattr $C$DW$234, DW_AT_type(*$C$DW$T$70)
    4834                      .dwattr $C$DW$234, DW_AT_location[DW_OP_reg12]
    4835              
    4836              
    4837              ;***************************************************************
    4838              ;* FNAME: __isinf                       FR SIZE:   4           *
    4839              ;*                                                             *
    4840              ;* FUNCTION ENVIRONMENT                                        *
    4841              ;*                                                             *
    4842              ;* FUNCTION PROPERTIES                                         *
    4843              ;*                            4 Parameter,  0 Auto,  0 SOE     *
    4844              ;***************************************************************
    4845              
    4846              ||__isinf||:
    4847              ;* AR7   assigned to $O$C2
    4848              ;* AR4   assigned to $O$S1
    4849              ;* AR4   assigned to d
    4850              $C$DW$235       .dwtag  DW_TAG_variable
    4851                      .dwattr $C$DW$235, DW_AT_name("d")
    4852                      .dwattr $C$DW$235, DW_AT_type(*$C$DW$T$71)
    4853                      .dwattr $C$DW$235, DW_AT_location[DW_OP_reg12]
    4854              
    4855                      .dwcfi  cfa_offset, -2
    4856                      .dwcfi  save_reg_to_mem, 26, 0
    4857 00000000 FE04          ADDB      SP,#4                 ; [CPU_ARAU] 
    4858                      .dwcfi  cfa_offset, -6
    4859                      .dwpsn  file "C:/ti/ccs1210/ccs/tools/compiler/ti-cgt-c2000_22.6.0.LTS/include/_defs.h",line 377,colu
    4860 00000001 C5C4          MOVL      XAR7,*+XAR4[0]        ; [CPU_ALU] |377| 
    4861 00000002 06D4          MOVL      ACC,*+XAR4[2]         ; [CPU_ALU] |377| 
    4862 00000003 28AC          MOV       T,#48                 ; [CPU_ALU] |377| 
         00000004 0030 
    4863 00000005 1EA6          MOVL      XAR6,ACC              ; [CPU_ALU] |377| 
    4864 00000006 A3A7          MOVL      P,XAR7                ; [CPU_ALU] |377| 
    4865 00000007 D400          MOVB      XAR4,#0               ; [CPU_ALU] |377| 
    4866 00000008 565B          LSR64     ACC:P,T               ; [CPU_ALU] |377| 
    4867 00000009 2BAA          MOV       PH,#0                 ; [CPU_ALU] |377| 
    4868 0000000a 18AB          AND       PL,#0x7ff0            ; [CPU_ALU] |377| 
         0000000b 7FF0 
    4869 0000000c FF20          MOV       ACC,#32752            ; [CPU_ALU] |377| 
TMS320C2000 Assembler PC v22.6.0 Mon Apr 21 09:04:20 2025

Copyright (c) 1996-2018 Texas Instruments Incorporated
app_protection.asm                                                   PAGE   99

         0000000d 7FF0 
    4870 0000000e 0FAB          CMPL      ACC,P                 ; [CPU_ALU] |377| 
    4871 0000000f 6013          B         ||$C$L63||,NEQ        ; [CPU_ALU] |377| 
    4872                      ; branchcc occurs ; [] |377| 
    4873 00000010 06A6          MOVL      ACC,XAR6              ; [CPU_ALU] |377| 
    4874 00000011 A3A7          MOVL      P,XAR7                ; [CPU_ALU] |377| 
    4875 00000012 BE00          MOVB      XAR6,#0               ; [CPU_ALU] |377| 
    4876 00000013 18A9          AND       AL,#65535             ; [CPU_ALU] |377| 
         00000014 FFFF 
    4877 00000015 910F          ANDB      AH,#15                ; [CPU_ALU] |377| 
    4878 00000016 18AB          AND       PL,#65535             ; [CPU_ALU] |377| 
         00000017 FFFF 
    4879 00000018 18AA          AND       PH,#65535             ; [CPU_ALU] |377| 
         00000019 FFFF 
    4880 0000001a C244          MOVL      *-SP[4],XAR6          ; [CPU_FPU] |377| 
    4881 0000001b 2B42          MOV       *-SP[2],#0            ; [CPU_FPU] |377| 
    4882 0000001c 2B41          MOV       *-SP[1],#0            ; [CPU_FPU] |377| 
    4883              $C$DW$236       .dwtag  DW_TAG_TI_branch
    4884                      .dwattr $C$DW$236, DW_AT_low_pc(0x00)
    4885                      .dwattr $C$DW$236, DW_AT_name("__c28xabi_cmpull")
    4886                      .dwattr $C$DW$236, DW_AT_TI_call
    4887              
    4888 0000001d 7640!         LCR       #||__c28xabi_cmpull|| ; [CPU_ALU] |377| 
         0000001e 0000 
    4889                      ; call occurs [#||__c28xabi_cmpull||] ; [] |377| 
    4890 0000001f 5200          CMPB      AL,#0                 ; [CPU_ALU] |377| 
    4891 00000020 56B1          MOVB      XAR4,#1,EQ            ; [CPU_ALU] |377| 
         00000021 01A4 
    4892 00000022       ||$C$L63||:    
    4893 00000022 FE84          SUBB      SP,#4                 ; [CPU_ARAU] 
    4894                      .dwcfi  cfa_offset, -2
    4895 00000023 92A4          MOV       AL,AR4                ; [CPU_ALU] |377| 
    4896              $C$DW$237       .dwtag  DW_TAG_TI_branch
    4897                      .dwattr $C$DW$237, DW_AT_low_pc(0x00)
    4898                      .dwattr $C$DW$237, DW_AT_TI_return
    4899              
    4900 00000024 0006          LRETR     ; [CPU_ALU] 
    4901                      ; return occurs ; [] 
    4902                      .dwattr $C$DW$233, DW_AT_TI_end_file("C:/ti/ccs1210/ccs/tools/compiler/ti-cgt-c2000_22.6.0.LTS/includ
    4903                      .dwattr $C$DW$233, DW_AT_TI_end_line(0x179)
    4904                      .dwattr $C$DW$233, DW_AT_TI_end_column(0x4a)
    4905                      .dwendentry
    4906                      .dwendtag $C$DW$233
    4907              
    4908 00000000               .sect   ".text:__isfinitel"
    4909                      .clink
    4910                      .global ||__isfinitel||
    4911              
    4912              $C$DW$238       .dwtag  DW_TAG_subprogram
    4913                      .dwattr $C$DW$238, DW_AT_name("__isfinitel")
    4914                      .dwattr $C$DW$238, DW_AT_low_pc(||__isfinitel||)
    4915                      .dwattr $C$DW$238, DW_AT_high_pc(0x00)
    4916                      .dwattr $C$DW$238, DW_AT_linkage_name("__isfinitel")
    4917                      .dwattr $C$DW$238, DW_AT_external
    4918                      .dwattr $C$DW$238, DW_AT_type(*$C$DW$T$10)
TMS320C2000 Assembler PC v22.6.0 Mon Apr 21 09:04:20 2025

Copyright (c) 1996-2018 Texas Instruments Incorporated
app_protection.asm                                                   PAGE  100

    4919                      .dwattr $C$DW$238, DW_AT_decl_file("C:/ti/ccs1210/ccs/tools/compiler/ti-cgt-c2000_22.6.0.LTS/include/
    4920                      .dwattr $C$DW$238, DW_AT_decl_line(0x152)
    4921                      .dwattr $C$DW$238, DW_AT_decl_column(0x18)
    4922                      .dwattr $C$DW$238, DW_AT_TI_max_frame_size(-2)
    4923                      .dwpsn  file "C:/ti/ccs1210/ccs/tools/compiler/ti-cgt-c2000_22.6.0.LTS/include/_defs.h",line 339,colu
    4924              
    4925                      .dwfde $C$DW$CIE, ||__isfinitel||
    4926              $C$DW$239       .dwtag  DW_TAG_formal_parameter
    4927                      .dwattr $C$DW$239, DW_AT_name("e")
    4928                      .dwattr $C$DW$239, DW_AT_type(*$C$DW$T$72)
    4929                      .dwattr $C$DW$239, DW_AT_location[DW_OP_reg12]
    4930              
    4931              
    4932              ;***************************************************************
    4933              ;* FNAME: __isfinitel                   FR SIZE:   0           *
    4934              ;*                                                             *
    4935              ;* FUNCTION ENVIRONMENT                                        *
    4936              ;*                                                             *
    4937              ;* FUNCTION PROPERTIES                                         *
    4938              ;*                            0 Parameter,  0 Auto,  0 SOE     *
    4939              ;***************************************************************
    4940              
    4941              ||__isfinitel||:
    4942              ;* AR4   assigned to e
    4943              $C$DW$240       .dwtag  DW_TAG_variable
    4944                      .dwattr $C$DW$240, DW_AT_name("e")
    4945                      .dwattr $C$DW$240, DW_AT_type(*$C$DW$T$73)
    4946                      .dwattr $C$DW$240, DW_AT_location[DW_OP_reg12]
    4947              
    4948                      .dwcfi  cfa_offset, -2
    4949                      .dwcfi  save_reg_to_mem, 26, 0
    4950                      .dwpsn  file "C:/ti/ccs1210/ccs/tools/compiler/ti-cgt-c2000_22.6.0.LTS/include/_defs.h",line 339,colu
    4951 00000000 A3C4          MOVL      P,*+XAR4[0]           ; [CPU_ALU] |339| 
    4952 00000001 06D4          MOVL      ACC,*+XAR4[2]         ; [CPU_ALU] |339| 
    4953 00000002 28AC          MOV       T,#48                 ; [CPU_ALU] |339| 
         00000003 0030 
    4954 00000004 565B          LSR64     ACC:P,T               ; [CPU_ALU] |339| 
    4955 00000005 18AB          AND       PL,#0x7ff0            ; [CPU_ALU] |339| 
         00000006 7FF0 
    4956 00000007 80AB          MOVZ      AR7,PL                ; [CPU_ALU] |339| 
    4957 00000008 FF20          MOV       ACC,#32752            ; [CPU_ALU] |339| 
         00000009 7FF0 
    4958 0000000a BE00          MOVB      XAR6,#0               ; [CPU_ALU] |339| 
    4959 0000000b 0FA7          CMPL      ACC,XAR7              ; [CPU_ALU] |339| 
    4960 0000000c 56B0          MOVB      XAR6,#1,NEQ           ; [CPU_ALU] |339| 
         0000000d 01A6 
    4961 0000000e 92A6          MOV       AL,AR6                ; [CPU_ALU] |339| 
    4962              $C$DW$241       .dwtag  DW_TAG_TI_branch
    4963                      .dwattr $C$DW$241, DW_AT_low_pc(0x00)
    4964                      .dwattr $C$DW$241, DW_AT_TI_return
    4965              
    4966 0000000f 0006          LRETR     ; [CPU_ALU] 
    4967                      ; return occurs ; [] 
    4968                      .dwattr $C$DW$238, DW_AT_TI_end_file("C:/ti/ccs1210/ccs/tools/compiler/ti-cgt-c2000_22.6.0.LTS/includ
    4969                      .dwattr $C$DW$238, DW_AT_TI_end_line(0x153)
TMS320C2000 Assembler PC v22.6.0 Mon Apr 21 09:04:20 2025

Copyright (c) 1996-2018 Texas Instruments Incorporated
app_protection.asm                                                   PAGE  101

    4970                      .dwattr $C$DW$238, DW_AT_TI_end_column(0x2f)
    4971                      .dwendentry
    4972                      .dwendtag $C$DW$238
    4973              
    4974 00000000               .sect   ".text:__isfinitef"
    4975                      .clink
    4976                      .global ||__isfinitef||
    4977              
    4978              $C$DW$242       .dwtag  DW_TAG_subprogram
    4979                      .dwattr $C$DW$242, DW_AT_name("__isfinitef")
    4980                      .dwattr $C$DW$242, DW_AT_low_pc(||__isfinitef||)
    4981                      .dwattr $C$DW$242, DW_AT_high_pc(0x00)
    4982                      .dwattr $C$DW$242, DW_AT_linkage_name("__isfinitef")
    4983                      .dwattr $C$DW$242, DW_AT_external
    4984                      .dwattr $C$DW$242, DW_AT_type(*$C$DW$T$10)
    4985                      .dwattr $C$DW$242, DW_AT_decl_file("C:/ti/ccs1210/ccs/tools/compiler/ti-cgt-c2000_22.6.0.LTS/include/
    4986                      .dwattr $C$DW$242, DW_AT_decl_line(0x150)
    4987                      .dwattr $C$DW$242, DW_AT_decl_column(0x18)
    4988                      .dwattr $C$DW$242, DW_AT_TI_max_frame_size(-2)
    4989                      .dwpsn  file "C:/ti/ccs1210/ccs/tools/compiler/ti-cgt-c2000_22.6.0.LTS/include/_defs.h",line 337,colu
    4990              
    4991                      .dwfde $C$DW$CIE, ||__isfinitef||
    4992              $C$DW$243       .dwtag  DW_TAG_formal_parameter
    4993                      .dwattr $C$DW$243, DW_AT_name("f")
    4994                      .dwattr $C$DW$243, DW_AT_type(*$C$DW$T$16)
    4995                      .dwattr $C$DW$243, DW_AT_location[DW_OP_regx 0x2b]
    4996              
    4997              
    4998              ;***************************************************************
    4999              ;* FNAME: __isfinitef                   FR SIZE:   0           *
    5000              ;*                                                             *
    5001              ;* FUNCTION ENVIRONMENT                                        *
    5002              ;*                                                             *
    5003              ;* FUNCTION PROPERTIES                                         *
    5004              ;*                            0 Parameter,  0 Auto,  0 SOE     *
    5005              ;***************************************************************
    5006              
    5007              ||__isfinitef||:
    5008              ;* R0    assigned to f
    5009              $C$DW$244       .dwtag  DW_TAG_variable
    5010                      .dwattr $C$DW$244, DW_AT_name("f")
    5011                      .dwattr $C$DW$244, DW_AT_type(*$C$DW$T$69)
    5012                      .dwattr $C$DW$244, DW_AT_location[DW_OP_regx 0x2b]
    5013              
    5014                      .dwcfi  cfa_offset, -2
    5015                      .dwcfi  save_reg_to_mem, 26, 0
    5016                      .dwpsn  file "C:/ti/ccs1210/ccs/tools/compiler/ti-cgt-c2000_22.6.0.LTS/include/_defs.h",line 337,colu
    5017 00000000 BFAB          MOV32     P,R0H                 ; [CPU_FPU] |337| 
         00000001 0F12 
    5018 00000002 18AA          AND       PH,#0x7f80            ; [CPU_ALU] |337| 
         00000003 7F80 
    5019 00000004 80AA          MOVZ      AR7,PH                ; [CPU_ALU] |337| 
    5020 00000005 FF20          MOV       ACC,#32640            ; [CPU_ALU] |337| 
         00000006 7F80 
    5021 00000007 BE00          MOVB      XAR6,#0               ; [CPU_ALU] |337| 
TMS320C2000 Assembler PC v22.6.0 Mon Apr 21 09:04:20 2025

Copyright (c) 1996-2018 Texas Instruments Incorporated
app_protection.asm                                                   PAGE  102

    5022 00000008 0FA7          CMPL      ACC,XAR7              ; [CPU_ALU] |337| 
    5023 00000009 56B0          MOVB      XAR6,#1,NEQ           ; [CPU_ALU] |337| 
         0000000a 01A6 
    5024 0000000b 92A6          MOV       AL,AR6                ; [CPU_ALU] |337| 
    5025              $C$DW$245       .dwtag  DW_TAG_TI_branch
    5026                      .dwattr $C$DW$245, DW_AT_low_pc(0x00)
    5027                      .dwattr $C$DW$245, DW_AT_TI_return
    5028              
    5029 0000000c 0006          LRETR     ; [CPU_ALU] 
    5030                      ; return occurs ; [] 
    5031                      .dwattr $C$DW$242, DW_AT_TI_end_file("C:/ti/ccs1210/ccs/tools/compiler/ti-cgt-c2000_22.6.0.LTS/includ
    5032                      .dwattr $C$DW$242, DW_AT_TI_end_line(0x151)
    5033                      .dwattr $C$DW$242, DW_AT_TI_end_column(0x2d)
    5034                      .dwendentry
    5035                      .dwendtag $C$DW$242
    5036              
    5037 00000000               .sect   ".text:__isfinite"
    5038                      .clink
    5039                      .global ||__isfinite||
    5040              
    5041              $C$DW$246       .dwtag  DW_TAG_subprogram
    5042                      .dwattr $C$DW$246, DW_AT_name("__isfinite")
    5043                      .dwattr $C$DW$246, DW_AT_low_pc(||__isfinite||)
    5044                      .dwattr $C$DW$246, DW_AT_high_pc(0x00)
    5045                      .dwattr $C$DW$246, DW_AT_linkage_name("__isfinite")
    5046                      .dwattr $C$DW$246, DW_AT_external
    5047                      .dwattr $C$DW$246, DW_AT_type(*$C$DW$T$10)
    5048                      .dwattr $C$DW$246, DW_AT_decl_file("C:/ti/ccs1210/ccs/tools/compiler/ti-cgt-c2000_22.6.0.LTS/include/
    5049                      .dwattr $C$DW$246, DW_AT_decl_line(0x14e)
    5050                      .dwattr $C$DW$246, DW_AT_decl_column(0x18)
    5051                      .dwattr $C$DW$246, DW_AT_TI_max_frame_size(-2)
    5052                      .dwpsn  file "C:/ti/ccs1210/ccs/tools/compiler/ti-cgt-c2000_22.6.0.LTS/include/_defs.h",line 335,colu
    5053              
    5054                      .dwfde $C$DW$CIE, ||__isfinite||
    5055              $C$DW$247       .dwtag  DW_TAG_formal_parameter
    5056                      .dwattr $C$DW$247, DW_AT_name("d")
    5057                      .dwattr $C$DW$247, DW_AT_type(*$C$DW$T$70)
    5058                      .dwattr $C$DW$247, DW_AT_location[DW_OP_reg12]
    5059              
    5060              
    5061              ;***************************************************************
    5062              ;* FNAME: __isfinite                    FR SIZE:   0           *
    5063              ;*                                                             *
    5064              ;* FUNCTION ENVIRONMENT                                        *
    5065              ;*                                                             *
    5066              ;* FUNCTION PROPERTIES                                         *
    5067              ;*                            0 Parameter,  0 Auto,  0 SOE     *
    5068              ;***************************************************************
    5069              
    5070              ||__isfinite||:
    5071              ;* AR4   assigned to d
    5072              $C$DW$248       .dwtag  DW_TAG_variable
    5073                      .dwattr $C$DW$248, DW_AT_name("d")
    5074                      .dwattr $C$DW$248, DW_AT_type(*$C$DW$T$71)
    5075                      .dwattr $C$DW$248, DW_AT_location[DW_OP_reg12]
TMS320C2000 Assembler PC v22.6.0 Mon Apr 21 09:04:20 2025

Copyright (c) 1996-2018 Texas Instruments Incorporated
app_protection.asm                                                   PAGE  103

    5076              
    5077                      .dwcfi  cfa_offset, -2
    5078                      .dwcfi  save_reg_to_mem, 26, 0
    5079                      .dwpsn  file "C:/ti/ccs1210/ccs/tools/compiler/ti-cgt-c2000_22.6.0.LTS/include/_defs.h",line 335,colu
    5080 00000000 A3C4          MOVL      P,*+XAR4[0]           ; [CPU_ALU] |335| 
    5081 00000001 06D4          MOVL      ACC,*+XAR4[2]         ; [CPU_ALU] |335| 
    5082 00000002 28AC          MOV       T,#48                 ; [CPU_ALU] |335| 
         00000003 0030 
    5083 00000004 565B          LSR64     ACC:P,T               ; [CPU_ALU] |335| 
    5084 00000005 18AB          AND       PL,#0x7ff0            ; [CPU_ALU] |335| 
         00000006 7FF0 
    5085 00000007 80AB          MOVZ      AR7,PL                ; [CPU_ALU] |335| 
    5086 00000008 FF20          MOV       ACC,#32752            ; [CPU_ALU] |335| 
         00000009 7FF0 
    5087 0000000a BE00          MOVB      XAR6,#0               ; [CPU_ALU] |335| 
    5088 0000000b 0FA7          CMPL      ACC,XAR7              ; [CPU_ALU] |335| 
    5089 0000000c 56B0          MOVB      XAR6,#1,NEQ           ; [CPU_ALU] |335| 
         0000000d 01A6 
    5090 0000000e 92A6          MOV       AL,AR6                ; [CPU_ALU] |335| 
    5091              $C$DW$249       .dwtag  DW_TAG_TI_branch
    5092                      .dwattr $C$DW$249, DW_AT_low_pc(0x00)
    5093                      .dwattr $C$DW$249, DW_AT_TI_return
    5094              
    5095 0000000f 0006          LRETR     ; [CPU_ALU] 
    5096                      ; return occurs ; [] 
    5097                      .dwattr $C$DW$246, DW_AT_TI_end_file("C:/ti/ccs1210/ccs/tools/compiler/ti-cgt-c2000_22.6.0.LTS/includ
    5098                      .dwattr $C$DW$246, DW_AT_TI_end_line(0x14f)
    5099                      .dwattr $C$DW$246, DW_AT_TI_end_column(0x2e)
    5100                      .dwendentry
    5101                      .dwendtag $C$DW$246
    5102              
    5103 00000000               .sect   ".text:__fpclassifyl"
    5104                      .clink
    5105                      .global ||__fpclassifyl||
    5106              
    5107              $C$DW$250       .dwtag  DW_TAG_subprogram
    5108                      .dwattr $C$DW$250, DW_AT_name("__fpclassifyl")
    5109                      .dwattr $C$DW$250, DW_AT_low_pc(||__fpclassifyl||)
    5110                      .dwattr $C$DW$250, DW_AT_high_pc(0x00)
    5111                      .dwattr $C$DW$250, DW_AT_linkage_name("__fpclassifyl")
    5112                      .dwattr $C$DW$250, DW_AT_external
    5113                      .dwattr $C$DW$250, DW_AT_type(*$C$DW$T$10)
    5114                      .dwattr $C$DW$250, DW_AT_decl_file("C:/ti/ccs1210/ccs/tools/compiler/ti-cgt-c2000_22.6.0.LTS/include/
    5115                      .dwattr $C$DW$250, DW_AT_decl_line(0x1ae)
    5116                      .dwattr $C$DW$250, DW_AT_decl_column(0x18)
    5117                      .dwattr $C$DW$250, DW_AT_TI_max_frame_size(-10)
    5118                      .dwpsn  file "C:/ti/ccs1210/ccs/tools/compiler/ti-cgt-c2000_22.6.0.LTS/include/_defs.h",line 431,colu
    5119              
    5120                      .dwfde $C$DW$CIE, ||__fpclassifyl||
    5121              $C$DW$251       .dwtag  DW_TAG_formal_parameter
    5122                      .dwattr $C$DW$251, DW_AT_name("e")
    5123                      .dwattr $C$DW$251, DW_AT_type(*$C$DW$T$72)
    5124                      .dwattr $C$DW$251, DW_AT_location[DW_OP_reg12]
    5125              
    5126              
TMS320C2000 Assembler PC v22.6.0 Mon Apr 21 09:04:20 2025

Copyright (c) 1996-2018 Texas Instruments Incorporated
app_protection.asm                                                   PAGE  104

    5127              ;***************************************************************
    5128              ;* FNAME: __fpclassifyl                 FR SIZE:   8           *
    5129              ;*                                                             *
    5130              ;* FUNCTION ENVIRONMENT                                        *
    5131              ;*                                                             *
    5132              ;* FUNCTION PROPERTIES                                         *
    5133              ;*                            4 Parameter,  4 Auto,  0 SOE     *
    5134              ;***************************************************************
    5135              
    5136              ||__fpclassifyl||:
    5137              $C$DW$252       .dwtag  DW_TAG_variable
    5138                      .dwattr $C$DW$252, DW_AT_name("e")
    5139                      .dwattr $C$DW$252, DW_AT_type(*$C$DW$T$18)
    5140                      .dwattr $C$DW$252, DW_AT_location[DW_OP_breg20 -8]
    5141              
    5142              ;* AR5   assigned to $O$C1
    5143              ;* AR4   assigned to e
    5144              $C$DW$253       .dwtag  DW_TAG_variable
    5145                      .dwattr $C$DW$253, DW_AT_name("e")
    5146                      .dwattr $C$DW$253, DW_AT_type(*$C$DW$T$73)
    5147                      .dwattr $C$DW$253, DW_AT_location[DW_OP_reg12]
    5148              
    5149                      .dwcfi  cfa_offset, -2
    5150                      .dwcfi  save_reg_to_mem, 26, 0
    5151 00000000 FE08          ADDB      SP,#8                 ; [CPU_ARAU] 
    5152                      .dwcfi  cfa_offset, -10
    5153 00000001 C4D4          MOVL      XAR6,*+XAR4[2]        ; [CPU_ALU] |431| 
    5154 00000002 06C4          MOVL      ACC,*+XAR4[0]         ; [CPU_ALU] |431| 
    5155 00000003 1E48          MOVL      *-SP[8],ACC           ; [CPU_ALU] |431| 
    5156 00000004 C246          MOVL      *-SP[6],XAR6          ; [CPU_ALU] |431| 
    5157                      .dwpsn  file "C:/ti/ccs1210/ccs/tools/compiler/ti-cgt-c2000_22.6.0.LTS/include/_defs.h",line 432,colu
    5158 00000005 8348          MOVL      XAR5,*-SP[8]          ; [CPU_ALU] |432| 
    5159 00000006 8A46          MOVL      XAR4,*-SP[6]          ; [CPU_ALU] |432| 
    5160                      .dwpsn  file "C:/ti/ccs1210/ccs/tools/compiler/ti-cgt-c2000_22.6.0.LTS/include/_defs.h",line 436,colu
    5161 00000007 28AC          MOV       T,#48                 ; [CPU_ALU] |436| 
         00000008 0030 
    5162 00000009 A0AB          MOVL      P,XAR5                ; [CPU_ALU] |436| 
    5163 0000000a A8A9          MOVL      ACC,XAR4              ; [CPU_ALU] |436| 
    5164 0000000b 565B          LSR64     ACC:P,T               ; [CPU_ALU] |436| 
    5165 0000000c 18AB          AND       PL,#0x7ff0            ; [CPU_ALU] |436| 
         0000000d 7FF0 
    5166 0000000e 88AB          MOVZ      AR6,PL                ; [CPU_ALU] |436| 
    5167 0000000f FF20          MOV       ACC,#32752            ; [CPU_ALU] |436| 
         00000010 7FF0 
    5168 00000011 0FA6          CMPL      ACC,XAR6              ; [CPU_ALU] |436| 
    5169 00000012 6016          B         ||$C$L65||,NEQ        ; [CPU_ALU] |436| 
    5170                      ; branchcc occurs ; [] |436| 
    5171 00000013 0200          MOVB      ACC,#0                ; [CPU_ALU] |436| 
    5172 00000014 1E44          MOVL      *-SP[4],ACC           ; [CPU_ALU] |436| 
    5173 00000015 2B42          MOV       *-SP[2],#0            ; [CPU_ALU] |436| 
    5174 00000016 2B41          MOV       *-SP[1],#0            ; [CPU_ALU] |436| 
    5175 00000017 A348          MOVL      P,*-SP[8]             ; [CPU_ALU] |436| 
    5176 00000018 0646          MOVL      ACC,*-SP[6]           ; [CPU_ALU] |436| 
    5177 00000019 18AB          AND       PL,#65535             ; [CPU_ALU] |436| 
         0000001a FFFF 
TMS320C2000 Assembler PC v22.6.0 Mon Apr 21 09:04:20 2025

Copyright (c) 1996-2018 Texas Instruments Incorporated
app_protection.asm                                                   PAGE  105

    5178 0000001b 18AA          AND       PH,#65535             ; [CPU_ALU] |436| 
         0000001c FFFF 
    5179 0000001d 18A9          AND       AL,#65535             ; [CPU_ALU] |436| 
         0000001e FFFF 
    5180 0000001f 910F          ANDB      AH,#15                ; [CPU_ALU] |436| 
    5181              $C$DW$254       .dwtag  DW_TAG_TI_branch
    5182                      .dwattr $C$DW$254, DW_AT_low_pc(0x00)
    5183                      .dwattr $C$DW$254, DW_AT_name("__c28xabi_cmpull")
    5184                      .dwattr $C$DW$254, DW_AT_TI_call
    5185              
    5186 00000020 7640!         LCR       #||__c28xabi_cmpull|| ; [CPU_ALU] |436| 
         00000021 0000 
    5187                      ; call occurs [#||__c28xabi_cmpull||] ; [] |436| 
    5188 00000022 5200          CMPB      AL,#0                 ; [CPU_ALU] |436| 
    5189 00000023 6103          B         ||$C$L64||,EQ         ; [CPU_ALU] |436| 
    5190                      ; branchcc occurs ; [] |436| 
    5191 00000024 9A02          MOVB      AL,#2                 ; [CPU_ALU] |436| 
    5192 00000025 6F2D          B         ||$C$L68||,UNC        ; [CPU_ALU] |436| 
    5193                      ; branch occurs ; [] |436| 
    5194 00000026       ||$C$L64||:    
    5195 00000026 9A01          MOVB      AL,#1                 ; [CPU_ALU] |436| 
    5196 00000027 6F2B          B         ||$C$L68||,UNC        ; [CPU_ALU] |436| 
    5197                      ; branch occurs ; [] |436| 
    5198 00000028       ||$C$L65||:    
    5199 00000028 BE00          MOVB      XAR6,#0               ; [CPU_ALU] |436| 
    5200 00000029 A0AB          MOVL      P,XAR5                ; [CPU_ALU] |436| 
    5201 0000002a A8A9          MOVL      ACC,XAR4              ; [CPU_ALU] |436| 
    5202 0000002b 28AC          MOV       T,#52                 ; [CPU_ALU] |436| 
         0000002c 0034 
    5203 0000002d C244          MOVL      *-SP[4],XAR6          ; [CPU_ALU] |436| 
    5204 0000002e 2B42          MOV       *-SP[2],#0            ; [CPU_ALU] |436| 
    5205 0000002f 565B          LSR64     ACC:P,T               ; [CPU_ALU] |436| 
    5206 00000030 2B41          MOV       *-SP[1],#0            ; [CPU_FPU] |436| 
    5207 00000031 9000          ANDB      AL,#0                 ; [CPU_ALU] |436| 
    5208 00000032 9100          ANDB      AH,#0                 ; [CPU_ALU] |436| 
    5209 00000033 18AB          AND       PL,#2047              ; [CPU_ALU] |436| 
         00000034 07FF 
    5210 00000035 18AA          AND       PH,#0                 ; [CPU_ALU] |436| 
         00000036 0000 
    5211              $C$DW$255       .dwtag  DW_TAG_TI_branch
    5212                      .dwattr $C$DW$255, DW_AT_low_pc(0x00)
    5213                      .dwattr $C$DW$255, DW_AT_name("__c28xabi_cmpull")
    5214                      .dwattr $C$DW$255, DW_AT_TI_call
    5215              
    5216 00000037 7640!         LCR       #||__c28xabi_cmpull|| ; [CPU_ALU] |436| 
         00000038 0000 
    5217                      ; call occurs [#||__c28xabi_cmpull||] ; [] |436| 
    5218 00000039 5200          CMPB      AL,#0                 ; [CPU_ALU] |436| 
    5219 0000003a 6104          B         ||$C$L66||,EQ         ; [CPU_ALU] |436| 
    5220                      ; branchcc occurs ; [] |436| 
    5221 0000003b 28A9          MOV       AL,#-1                ; [CPU_ALU] |436| 
         0000003c FFFF 
    5222 0000003d 6F15          B         ||$C$L68||,UNC        ; [CPU_ALU] |436| 
    5223                      ; branch occurs ; [] |436| 
    5224 0000003e       ||$C$L66||:    
TMS320C2000 Assembler PC v22.6.0 Mon Apr 21 09:04:20 2025

Copyright (c) 1996-2018 Texas Instruments Incorporated
app_protection.asm                                                   PAGE  106

    5225 0000003e C244          MOVL      *-SP[4],XAR6          ; [CPU_ALU] |436| 
    5226 0000003f A8A9          MOVL      ACC,XAR4              ; [CPU_ALU] |436| 
    5227 00000040 A0AB          MOVL      P,XAR5                ; [CPU_ALU] |436| 
    5228 00000041 2B42          MOV       *-SP[2],#0            ; [CPU_ALU] |436| 
    5229 00000042 18A9          AND       AL,#65535             ; [CPU_ALU] |436| 
         00000043 FFFF 
    5230 00000044 910F          ANDB      AH,#15                ; [CPU_ALU] |436| 
    5231 00000045 18AB          AND       PL,#65535             ; [CPU_ALU] |436| 
         00000046 FFFF 
    5232 00000047 18AA          AND       PH,#65535             ; [CPU_ALU] |436| 
         00000048 FFFF 
    5233 00000049 2B41          MOV       *-SP[1],#0            ; [CPU_FPU] |436| 
    5234              $C$DW$256       .dwtag  DW_TAG_TI_branch
    5235                      .dwattr $C$DW$256, DW_AT_low_pc(0x00)
    5236                      .dwattr $C$DW$256, DW_AT_name("__c28xabi_cmpull")
    5237                      .dwattr $C$DW$256, DW_AT_TI_call
    5238              
    5239 0000004a 7640!         LCR       #||__c28xabi_cmpull|| ; [CPU_ALU] |436| 
         0000004b 0000 
    5240                      ; call occurs [#||__c28xabi_cmpull||] ; [] |436| 
    5241 0000004c 5200          CMPB      AL,#0                 ; [CPU_ALU] |436| 
    5242 0000004d 6104          B         ||$C$L67||,EQ         ; [CPU_ALU] |436| 
    5243                      ; branchcc occurs ; [] |436| 
    5244 0000004e 28A9          MOV       AL,#-2                ; [CPU_ALU] |436| 
         0000004f FFFE 
    5245 00000050 6F02          B         ||$C$L68||,UNC        ; [CPU_ALU] |436| 
    5246                      ; branch occurs ; [] |436| 
    5247 00000051       ||$C$L67||:    
    5248 00000051 9A00          MOVB      AL,#0                 ; [CPU_ALU] |436| 
    5249 00000052       ||$C$L68||:    
    5250 00000052 FE88          SUBB      SP,#8                 ; [CPU_ARAU] 
    5251                      .dwcfi  cfa_offset, -2
    5252              $C$DW$257       .dwtag  DW_TAG_TI_branch
    5253                      .dwattr $C$DW$257, DW_AT_low_pc(0x00)
    5254                      .dwattr $C$DW$257, DW_AT_TI_return
    5255              
    5256 00000053 0006          LRETR     ; [CPU_ALU] 
    5257                      ; return occurs ; [] 
    5258                      .dwattr $C$DW$250, DW_AT_TI_end_file("C:/ti/ccs1210/ccs/tools/compiler/ti-cgt-c2000_22.6.0.LTS/includ
    5259                      .dwattr $C$DW$250, DW_AT_TI_end_line(0x1bd)
    5260                      .dwattr $C$DW$250, DW_AT_TI_end_column(0x01)
    5261                      .dwendentry
    5262                      .dwendtag $C$DW$250
    5263              
    5264 00000000               .sect   ".text:__fpclassifyf"
    5265                      .clink
    5266                      .global ||__fpclassifyf||
    5267              
    5268              $C$DW$258       .dwtag  DW_TAG_subprogram
    5269                      .dwattr $C$DW$258, DW_AT_name("__fpclassifyf")
    5270                      .dwattr $C$DW$258, DW_AT_low_pc(||__fpclassifyf||)
    5271                      .dwattr $C$DW$258, DW_AT_high_pc(0x00)
    5272                      .dwattr $C$DW$258, DW_AT_linkage_name("__fpclassifyf")
    5273                      .dwattr $C$DW$258, DW_AT_external
    5274                      .dwattr $C$DW$258, DW_AT_type(*$C$DW$T$10)
TMS320C2000 Assembler PC v22.6.0 Mon Apr 21 09:04:20 2025

Copyright (c) 1996-2018 Texas Instruments Incorporated
app_protection.asm                                                   PAGE  107

    5275                      .dwattr $C$DW$258, DW_AT_decl_file("C:/ti/ccs1210/ccs/tools/compiler/ti-cgt-c2000_22.6.0.LTS/include/
    5276                      .dwattr $C$DW$258, DW_AT_decl_line(0x18c)
    5277                      .dwattr $C$DW$258, DW_AT_decl_column(0x18)
    5278                      .dwattr $C$DW$258, DW_AT_TI_max_frame_size(-2)
    5279                      .dwpsn  file "C:/ti/ccs1210/ccs/tools/compiler/ti-cgt-c2000_22.6.0.LTS/include/_defs.h",line 397,colu
    5280              
    5281                      .dwfde $C$DW$CIE, ||__fpclassifyf||
    5282              $C$DW$259       .dwtag  DW_TAG_formal_parameter
    5283                      .dwattr $C$DW$259, DW_AT_name("f")
    5284                      .dwattr $C$DW$259, DW_AT_type(*$C$DW$T$16)
    5285                      .dwattr $C$DW$259, DW_AT_location[DW_OP_regx 0x2b]
    5286              
    5287              
    5288              ;***************************************************************
    5289              ;* FNAME: __fpclassifyf                 FR SIZE:   0           *
    5290              ;*                                                             *
    5291              ;* FUNCTION ENVIRONMENT                                        *
    5292              ;*                                                             *
    5293              ;* FUNCTION PROPERTIES                                         *
    5294              ;*                            0 Parameter,  0 Auto,  0 SOE     *
    5295              ;***************************************************************
    5296              
    5297              ||__fpclassifyf||:
    5298              ;* PL    assigned to $O$K1
    5299              ;* R0    assigned to f
    5300              $C$DW$260       .dwtag  DW_TAG_variable
    5301                      .dwattr $C$DW$260, DW_AT_name("f")
    5302                      .dwattr $C$DW$260, DW_AT_type(*$C$DW$T$69)
    5303                      .dwattr $C$DW$260, DW_AT_location[DW_OP_regx 0x2b]
    5304              
    5305                      .dwcfi  cfa_offset, -2
    5306                      .dwcfi  save_reg_to_mem, 26, 0
    5307                      .dwpsn  file "C:/ti/ccs1210/ccs/tools/compiler/ti-cgt-c2000_22.6.0.LTS/include/_defs.h",line 398,colu
    5308 00000000 BFAB          MOV32     P,R0H                 ; [CPU_FPU] |398| 
         00000001 0F12 
    5309                      .dwpsn  file "C:/ti/ccs1210/ccs/tools/compiler/ti-cgt-c2000_22.6.0.LTS/include/_defs.h",line 402,colu
    5310 00000002 CCAA          AND       AL,PH,#0x7f80         ; [CPU_ALU] |402| 
         00000003 7F80 
    5311 00000004 88A9          MOVZ      AR6,AL                ; [CPU_ALU] |402| 
    5312 00000005 FF20          MOV       ACC,#32640            ; [CPU_ALU] |402| 
         00000006 7F80 
    5313 00000007 0FA6          CMPL      ACC,XAR6              ; [CPU_ALU] |402| 
    5314 00000008 6009          B         ||$C$L70||,NEQ        ; [CPU_ALU] |402| 
    5315                      ; branchcc occurs ; [] |402| 
    5316 00000009 A9A9          MOVL      ACC,P                 ; [CPU_ALU] |402| 
    5317 0000000a 917F          ANDB      AH,#127               ; [CPU_ALU] |402| 
    5318 0000000b FF58          TEST      ACC                   ; [CPU_ALU] |402| 
    5319 0000000c 6103          B         ||$C$L69||,EQ         ; [CPU_ALU] |402| 
    5320                      ; branchcc occurs ; [] |402| 
    5321                      .dwcfi  remember_state
    5322 0000000d 9A02          MOVB      AL,#2                 ; [CPU_ALU] |402| 
    5323              $C$DW$261       .dwtag  DW_TAG_TI_branch
    5324                      .dwattr $C$DW$261, DW_AT_low_pc(0x00)
    5325                      .dwattr $C$DW$261, DW_AT_TI_return
    5326              
TMS320C2000 Assembler PC v22.6.0 Mon Apr 21 09:04:20 2025

Copyright (c) 1996-2018 Texas Instruments Incorporated
app_protection.asm                                                   PAGE  108

    5327 0000000e 0006          LRETR     ; [CPU_ALU] 
    5328                      ; return occurs ; [] 
    5329                      .dwcfi  restore_state
    5330 0000000f       ||$C$L69||:    
    5331                      .dwcfi  remember_state
    5332 0000000f 9A01          MOVB      AL,#1                 ; [CPU_ALU] |402| 
    5333              $C$DW$262       .dwtag  DW_TAG_TI_branch
    5334                      .dwattr $C$DW$262, DW_AT_low_pc(0x00)
    5335                      .dwattr $C$DW$262, DW_AT_TI_return
    5336              
    5337 00000010 0006          LRETR     ; [CPU_ALU] 
    5338                      ; return occurs ; [] 
    5339                      .dwcfi  restore_state
    5340 00000011       ||$C$L70||:    
    5341 00000011 A9A9          MOVL      ACC,P                 ; [CPU_ALU] |402| 
    5342 00000012 28AC          MOV       T,#23                 ; [CPU_ALU] |402| 
         00000013 0017 
    5343 00000014 5622          LSRL      ACC,T                 ; [CPU_ALU] |402| 
    5344 00000015 90FF          ANDB      AL,#0xff              ; [CPU_ALU] |402| 
    5345 00000016 6104          B         ||$C$L71||,EQ         ; [CPU_ALU] |402| 
    5346                      ; branchcc occurs ; [] |402| 
    5347                      .dwcfi  remember_state
    5348 00000017 28A9          MOV       AL,#-1                ; [CPU_ALU] |402| 
         00000018 FFFF 
    5349              $C$DW$263       .dwtag  DW_TAG_TI_branch
    5350                      .dwattr $C$DW$263, DW_AT_low_pc(0x00)
    5351                      .dwattr $C$DW$263, DW_AT_TI_return
    5352              
    5353 00000019 0006          LRETR     ; [CPU_ALU] 
    5354                      ; return occurs ; [] 
    5355                      .dwcfi  restore_state
    5356 0000001a       ||$C$L71||:    
    5357 0000001a A9A9          MOVL      ACC,P                 ; [CPU_ALU] |402| 
    5358 0000001b 917F          ANDB      AH,#127               ; [CPU_ALU] |402| 
    5359 0000001c FF58          TEST      ACC                   ; [CPU_ALU] |402| 
    5360 0000001d 6104          B         ||$C$L72||,EQ         ; [CPU_ALU] |402| 
    5361                      ; branchcc occurs ; [] |402| 
    5362                      .dwcfi  remember_state
    5363 0000001e 28A9          MOV       AL,#-2                ; [CPU_ALU] |402| 
         0000001f FFFE 
    5364              $C$DW$264       .dwtag  DW_TAG_TI_branch
    5365                      .dwattr $C$DW$264, DW_AT_low_pc(0x00)
    5366                      .dwattr $C$DW$264, DW_AT_TI_return
    5367              
    5368 00000020 0006          LRETR     ; [CPU_ALU] 
    5369                      ; return occurs ; [] 
    5370                      .dwcfi  restore_state
    5371 00000021       ||$C$L72||:    
    5372 00000021 9A00          MOVB      AL,#0                 ; [CPU_ALU] |402| 
    5373              $C$DW$265       .dwtag  DW_TAG_TI_branch
    5374                      .dwattr $C$DW$265, DW_AT_low_pc(0x00)
    5375                      .dwattr $C$DW$265, DW_AT_TI_return
    5376              
    5377 00000022 0006          LRETR     ; [CPU_ALU] 
    5378                      ; return occurs ; [] 
TMS320C2000 Assembler PC v22.6.0 Mon Apr 21 09:04:20 2025

Copyright (c) 1996-2018 Texas Instruments Incorporated
app_protection.asm                                                   PAGE  109

    5379                      .dwattr $C$DW$258, DW_AT_TI_end_file("C:/ti/ccs1210/ccs/tools/compiler/ti-cgt-c2000_22.6.0.LTS/includ
    5380                      .dwattr $C$DW$258, DW_AT_TI_end_line(0x19b)
    5381                      .dwattr $C$DW$258, DW_AT_TI_end_column(0x01)
    5382                      .dwendentry
    5383                      .dwendtag $C$DW$258
    5384              
    5385 00000000               .sect   ".text:__fpclassify"
    5386                      .clink
    5387                      .global ||__fpclassify||
    5388              
    5389              $C$DW$266       .dwtag  DW_TAG_subprogram
    5390                      .dwattr $C$DW$266, DW_AT_name("__fpclassify")
    5391                      .dwattr $C$DW$266, DW_AT_low_pc(||__fpclassify||)
    5392                      .dwattr $C$DW$266, DW_AT_high_pc(0x00)
    5393                      .dwattr $C$DW$266, DW_AT_linkage_name("__fpclassify")
    5394                      .dwattr $C$DW$266, DW_AT_external
    5395                      .dwattr $C$DW$266, DW_AT_type(*$C$DW$T$10)
    5396                      .dwattr $C$DW$266, DW_AT_decl_file("C:/ti/ccs1210/ccs/tools/compiler/ti-cgt-c2000_22.6.0.LTS/include/
    5397                      .dwattr $C$DW$266, DW_AT_decl_line(0x19d)
    5398                      .dwattr $C$DW$266, DW_AT_decl_column(0x18)
    5399                      .dwattr $C$DW$266, DW_AT_TI_max_frame_size(-10)
    5400                      .dwpsn  file "C:/ti/ccs1210/ccs/tools/compiler/ti-cgt-c2000_22.6.0.LTS/include/_defs.h",line 414,colu
    5401              
    5402                      .dwfde $C$DW$CIE, ||__fpclassify||
    5403              $C$DW$267       .dwtag  DW_TAG_formal_parameter
    5404                      .dwattr $C$DW$267, DW_AT_name("d")
    5405                      .dwattr $C$DW$267, DW_AT_type(*$C$DW$T$70)
    5406                      .dwattr $C$DW$267, DW_AT_location[DW_OP_reg12]
    5407              
    5408              
    5409              ;***************************************************************
    5410              ;* FNAME: __fpclassify                  FR SIZE:   8           *
    5411              ;*                                                             *
    5412              ;* FUNCTION ENVIRONMENT                                        *
    5413              ;*                                                             *
    5414              ;* FUNCTION PROPERTIES                                         *
    5415              ;*                            4 Parameter,  4 Auto,  0 SOE     *
    5416              ;***************************************************************
    5417              
    5418              ||__fpclassify||:
    5419              $C$DW$268       .dwtag  DW_TAG_variable
    5420                      .dwattr $C$DW$268, DW_AT_name("d")
    5421                      .dwattr $C$DW$268, DW_AT_type(*$C$DW$T$17)
    5422                      .dwattr $C$DW$268, DW_AT_location[DW_OP_breg20 -8]
    5423              
    5424              ;* AR5   assigned to $O$C1
    5425              ;* AR4   assigned to d
    5426              $C$DW$269       .dwtag  DW_TAG_variable
    5427                      .dwattr $C$DW$269, DW_AT_name("d")
    5428                      .dwattr $C$DW$269, DW_AT_type(*$C$DW$T$71)
    5429                      .dwattr $C$DW$269, DW_AT_location[DW_OP_reg12]
    5430              
    5431                      .dwcfi  cfa_offset, -2
    5432                      .dwcfi  save_reg_to_mem, 26, 0
    5433 00000000 FE08          ADDB      SP,#8                 ; [CPU_ARAU] 
TMS320C2000 Assembler PC v22.6.0 Mon Apr 21 09:04:20 2025

Copyright (c) 1996-2018 Texas Instruments Incorporated
app_protection.asm                                                   PAGE  110

    5434                      .dwcfi  cfa_offset, -10
    5435 00000001 C4D4          MOVL      XAR6,*+XAR4[2]        ; [CPU_ALU] |414| 
    5436 00000002 06C4          MOVL      ACC,*+XAR4[0]         ; [CPU_ALU] |414| 
    5437 00000003 1E48          MOVL      *-SP[8],ACC           ; [CPU_ALU] |414| 
    5438 00000004 C246          MOVL      *-SP[6],XAR6          ; [CPU_ALU] |414| 
    5439                      .dwpsn  file "C:/ti/ccs1210/ccs/tools/compiler/ti-cgt-c2000_22.6.0.LTS/include/_defs.h",line 415,colu
    5440 00000005 8348          MOVL      XAR5,*-SP[8]          ; [CPU_ALU] |415| 
    5441 00000006 8A46          MOVL      XAR4,*-SP[6]          ; [CPU_ALU] |415| 
    5442                      .dwpsn  file "C:/ti/ccs1210/ccs/tools/compiler/ti-cgt-c2000_22.6.0.LTS/include/_defs.h",line 419,colu
    5443 00000007 28AC          MOV       T,#48                 ; [CPU_ALU] |419| 
         00000008 0030 
    5444 00000009 A0AB          MOVL      P,XAR5                ; [CPU_ALU] |419| 
    5445 0000000a A8A9          MOVL      ACC,XAR4              ; [CPU_ALU] |419| 
    5446 0000000b 565B          LSR64     ACC:P,T               ; [CPU_ALU] |419| 
    5447 0000000c 18AB          AND       PL,#0x7ff0            ; [CPU_ALU] |419| 
         0000000d 7FF0 
    5448 0000000e 88AB          MOVZ      AR6,PL                ; [CPU_ALU] |419| 
    5449 0000000f FF20          MOV       ACC,#32752            ; [CPU_ALU] |419| 
         00000010 7FF0 
    5450 00000011 0FA6          CMPL      ACC,XAR6              ; [CPU_ALU] |419| 
    5451 00000012 6016          B         ||$C$L74||,NEQ        ; [CPU_ALU] |419| 
    5452                      ; branchcc occurs ; [] |419| 
    5453 00000013 0200          MOVB      ACC,#0                ; [CPU_ALU] |419| 
    5454 00000014 1E44          MOVL      *-SP[4],ACC           ; [CPU_ALU] |419| 
    5455 00000015 2B42          MOV       *-SP[2],#0            ; [CPU_ALU] |419| 
    5456 00000016 2B41          MOV       *-SP[1],#0            ; [CPU_ALU] |419| 
    5457 00000017 A348          MOVL      P,*-SP[8]             ; [CPU_ALU] |419| 
    5458 00000018 0646          MOVL      ACC,*-SP[6]           ; [CPU_ALU] |419| 
    5459 00000019 18AB          AND       PL,#65535             ; [CPU_ALU] |419| 
         0000001a FFFF 
    5460 0000001b 18AA          AND       PH,#65535             ; [CPU_ALU] |419| 
         0000001c FFFF 
    5461 0000001d 18A9          AND       AL,#65535             ; [CPU_ALU] |419| 
         0000001e FFFF 
    5462 0000001f 910F          ANDB      AH,#15                ; [CPU_ALU] |419| 
    5463              $C$DW$270       .dwtag  DW_TAG_TI_branch
    5464                      .dwattr $C$DW$270, DW_AT_low_pc(0x00)
    5465                      .dwattr $C$DW$270, DW_AT_name("__c28xabi_cmpull")
    5466                      .dwattr $C$DW$270, DW_AT_TI_call
    5467              
    5468 00000020 7640!         LCR       #||__c28xabi_cmpull|| ; [CPU_ALU] |419| 
         00000021 0000 
    5469                      ; call occurs [#||__c28xabi_cmpull||] ; [] |419| 
    5470 00000022 5200          CMPB      AL,#0                 ; [CPU_ALU] |419| 
    5471 00000023 6103          B         ||$C$L73||,EQ         ; [CPU_ALU] |419| 
    5472                      ; branchcc occurs ; [] |419| 
    5473 00000024 9A02          MOVB      AL,#2                 ; [CPU_ALU] |419| 
    5474 00000025 6F2D          B         ||$C$L77||,UNC        ; [CPU_ALU] |419| 
    5475                      ; branch occurs ; [] |419| 
    5476 00000026       ||$C$L73||:    
    5477 00000026 9A01          MOVB      AL,#1                 ; [CPU_ALU] |419| 
    5478 00000027 6F2B          B         ||$C$L77||,UNC        ; [CPU_ALU] |419| 
    5479                      ; branch occurs ; [] |419| 
    5480 00000028       ||$C$L74||:    
    5481 00000028 BE00          MOVB      XAR6,#0               ; [CPU_ALU] |419| 
TMS320C2000 Assembler PC v22.6.0 Mon Apr 21 09:04:20 2025

Copyright (c) 1996-2018 Texas Instruments Incorporated
app_protection.asm                                                   PAGE  111

    5482 00000029 A0AB          MOVL      P,XAR5                ; [CPU_ALU] |419| 
    5483 0000002a A8A9          MOVL      ACC,XAR4              ; [CPU_ALU] |419| 
    5484 0000002b 28AC          MOV       T,#52                 ; [CPU_ALU] |419| 
         0000002c 0034 
    5485 0000002d C244          MOVL      *-SP[4],XAR6          ; [CPU_ALU] |419| 
    5486 0000002e 2B42          MOV       *-SP[2],#0            ; [CPU_ALU] |419| 
    5487 0000002f 565B          LSR64     ACC:P,T               ; [CPU_ALU] |419| 
    5488 00000030 2B41          MOV       *-SP[1],#0            ; [CPU_FPU] |419| 
    5489 00000031 9000          ANDB      AL,#0                 ; [CPU_ALU] |419| 
    5490 00000032 9100          ANDB      AH,#0                 ; [CPU_ALU] |419| 
    5491 00000033 18AB          AND       PL,#2047              ; [CPU_ALU] |419| 
         00000034 07FF 
    5492 00000035 18AA          AND       PH,#0                 ; [CPU_ALU] |419| 
         00000036 0000 
    5493              $C$DW$271       .dwtag  DW_TAG_TI_branch
    5494                      .dwattr $C$DW$271, DW_AT_low_pc(0x00)
    5495                      .dwattr $C$DW$271, DW_AT_name("__c28xabi_cmpull")
    5496                      .dwattr $C$DW$271, DW_AT_TI_call
    5497              
    5498 00000037 7640!         LCR       #||__c28xabi_cmpull|| ; [CPU_ALU] |419| 
         00000038 0000 
    5499                      ; call occurs [#||__c28xabi_cmpull||] ; [] |419| 
    5500 00000039 5200          CMPB      AL,#0                 ; [CPU_ALU] |419| 
    5501 0000003a 6104          B         ||$C$L75||,EQ         ; [CPU_ALU] |419| 
    5502                      ; branchcc occurs ; [] |419| 
    5503 0000003b 28A9          MOV       AL,#-1                ; [CPU_ALU] |419| 
         0000003c FFFF 
    5504 0000003d 6F15          B         ||$C$L77||,UNC        ; [CPU_ALU] |419| 
    5505                      ; branch occurs ; [] |419| 
    5506 0000003e       ||$C$L75||:    
    5507 0000003e C244          MOVL      *-SP[4],XAR6          ; [CPU_ALU] |419| 
    5508 0000003f A8A9          MOVL      ACC,XAR4              ; [CPU_ALU] |419| 
    5509 00000040 A0AB          MOVL      P,XAR5                ; [CPU_ALU] |419| 
    5510 00000041 2B42          MOV       *-SP[2],#0            ; [CPU_ALU] |419| 
    5511 00000042 18A9          AND       AL,#65535             ; [CPU_ALU] |419| 
         00000043 FFFF 
    5512 00000044 910F          ANDB      AH,#15                ; [CPU_ALU] |419| 
    5513 00000045 18AB          AND       PL,#65535             ; [CPU_ALU] |419| 
         00000046 FFFF 
    5514 00000047 18AA          AND       PH,#65535             ; [CPU_ALU] |419| 
         00000048 FFFF 
    5515 00000049 2B41          MOV       *-SP[1],#0            ; [CPU_FPU] |419| 
    5516              $C$DW$272       .dwtag  DW_TAG_TI_branch
    5517                      .dwattr $C$DW$272, DW_AT_low_pc(0x00)
    5518                      .dwattr $C$DW$272, DW_AT_name("__c28xabi_cmpull")
    5519                      .dwattr $C$DW$272, DW_AT_TI_call
    5520              
    5521 0000004a 7640!         LCR       #||__c28xabi_cmpull|| ; [CPU_ALU] |419| 
         0000004b 0000 
    5522                      ; call occurs [#||__c28xabi_cmpull||] ; [] |419| 
    5523 0000004c 5200          CMPB      AL,#0                 ; [CPU_ALU] |419| 
    5524 0000004d 6104          B         ||$C$L76||,EQ         ; [CPU_ALU] |419| 
    5525                      ; branchcc occurs ; [] |419| 
    5526 0000004e 28A9          MOV       AL,#-2                ; [CPU_ALU] |419| 
         0000004f FFFE 
TMS320C2000 Assembler PC v22.6.0 Mon Apr 21 09:04:20 2025

Copyright (c) 1996-2018 Texas Instruments Incorporated
app_protection.asm                                                   PAGE  112

    5527 00000050 6F02          B         ||$C$L77||,UNC        ; [CPU_ALU] |419| 
    5528                      ; branch occurs ; [] |419| 
    5529 00000051       ||$C$L76||:    
    5530 00000051 9A00          MOVB      AL,#0                 ; [CPU_ALU] |419| 
    5531 00000052       ||$C$L77||:    
    5532 00000052 FE88          SUBB      SP,#8                 ; [CPU_ARAU] 
    5533                      .dwcfi  cfa_offset, -2
    5534              $C$DW$273       .dwtag  DW_TAG_TI_branch
    5535                      .dwattr $C$DW$273, DW_AT_low_pc(0x00)
    5536                      .dwattr $C$DW$273, DW_AT_TI_return
    5537              
    5538 00000053 0006          LRETR     ; [CPU_ALU] 
    5539                      ; return occurs ; [] 
    5540                      .dwattr $C$DW$266, DW_AT_TI_end_file("C:/ti/ccs1210/ccs/tools/compiler/ti-cgt-c2000_22.6.0.LTS/includ
    5541                      .dwattr $C$DW$266, DW_AT_TI_end_line(0x1ac)
    5542                      .dwattr $C$DW$266, DW_AT_TI_end_column(0x01)
    5543                      .dwendentry
    5544                      .dwendtag $C$DW$266
    5545              
    5546              ;**************************************************************
    5547              ;* UNDEFINED EXTERNAL REFERENCES                              *
    5548              ;**************************************************************
    5549                      .global ||event_EventIsMatch||
    5550                      .global ||state_ReportEvent||
    5551                      .global ||EvtIsHpn||
    5552                      .global ||EvtIsRvy||
    5553                      .global ||XBAR_getInputFlagStatus||
    5554                      .global ||state_IsStandby||
    5555                      .global ||state_IsNormalOperation||
    5556                      .global ||PhyValue||
    5557                      .global ||__c28xabi_cmpull||
    5558              ;**************************************************************
    5559              ;* SECTION GROUPS                                             *
    5560              ;**************************************************************
    5561                      .group    "__fpclassify", 1
    5562                      .gmember  ".text:__fpclassify"
    5563                      .endgroup
    5564                      .group    "__fpclassifyf", 1
    5565                      .gmember  ".text:__fpclassifyf"
    5566                      .endgroup
    5567                      .group    "__fpclassifyl", 1
    5568                      .gmember  ".text:__fpclassifyl"
    5569                      .endgroup
    5570                      .group    "__isfinite", 1
    5571                      .gmember  ".text:__isfinite"
    5572                      .endgroup
    5573                      .group    "__isfinitef", 1
    5574                      .gmember  ".text:__isfinitef"
    5575                      .endgroup
    5576                      .group    "__isfinitel", 1
    5577                      .gmember  ".text:__isfinitel"
    5578                      .endgroup
    5579                      .group    "__isinf", 1
    5580                      .gmember  ".text:__isinf"
    5581                      .endgroup
TMS320C2000 Assembler PC v22.6.0 Mon Apr 21 09:04:20 2025

Copyright (c) 1996-2018 Texas Instruments Incorporated
app_protection.asm                                                   PAGE  113

    5582                      .group    "__isinff", 1
    5583                      .gmember  ".text:__isinff"
    5584                      .endgroup
    5585                      .group    "__isinfl", 1
    5586                      .gmember  ".text:__isinfl"
    5587                      .endgroup
    5588                      .group    "__isnan", 1
    5589                      .gmember  ".text:__isnan"
    5590                      .endgroup
    5591                      .group    "__isnanf", 1
    5592                      .gmember  ".text:__isnanf"
    5593                      .endgroup
    5594                      .group    "__isnanl", 1
    5595                      .gmember  ".text:__isnanl"
    5596                      .endgroup
    5597                      .group    "__isnormal", 1
    5598                      .gmember  ".text:__isnormal"
    5599                      .endgroup
    5600                      .group    "__isnormalf", 1
    5601                      .gmember  ".text:__isnormalf"
    5602                      .endgroup
    5603                      .group    "__isnormall", 1
    5604                      .gmember  ".text:__isnormall"
    5605                      .endgroup
    5606                      .group    "__relaxed_atan2f", 1
    5607                      .gmember  ".text:__relaxed_atan2f"
    5608                      .endgroup
    5609                      .group    "__relaxed_atanf", 1
    5610                      .gmember  ".text:__relaxed_atanf"
    5611                      .endgroup
    5612                      .group    "__relaxed_cosf", 1
    5613                      .gmember  ".text:__relaxed_cosf"
    5614                      .endgroup
    5615                      .group    "__relaxed_fmaxf", 1
    5616                      .gmember  ".text:__relaxed_fmaxf"
    5617                      .endgroup
    5618                      .group    "__relaxed_fminf", 1
    5619                      .gmember  ".text:__relaxed_fminf"
    5620                      .endgroup
    5621                      .group    "__relaxed_fmodf", 1
    5622                      .gmember  ".text:__relaxed_fmodf"
    5623                      .endgroup
    5624                      .group    "__relaxed_sinf", 1
    5625                      .gmember  ".text:__relaxed_sinf"
    5626                      .endgroup
    5627                      .group    "__relaxed_sqrtf", 1
    5628                      .gmember  ".text:__relaxed_sqrtf"
    5629                      .endgroup
    5630                      .group    "__signbit", 1
    5631                      .gmember  ".text:__signbit"
    5632                      .endgroup
    5633                      .group    "__signbitf", 1
    5634                      .gmember  ".text:__signbitf"
    5635                      .endgroup
    5636                      .group    "__signbitl", 1
TMS320C2000 Assembler PC v22.6.0 Mon Apr 21 09:04:20 2025

Copyright (c) 1996-2018 Texas Instruments Incorporated
app_protection.asm                                                   PAGE  114

    5637                      .gmember  ".text:__signbitl"
    5638                      .endgroup
    5639              
    5640              
    5641              ;***************************************************************
    5642              ;* BUILD ATTRIBUTES                                            *
    5643              ;***************************************************************
    5644                      .battr "c28xabi", Tag_File, 1, Tag_float_args(1)
    5645                      .battr "c28xabi", Tag_File, 1, Tag_double_args(1)
    5646                      .dwattr $C$DW$CU, DW_AT_language(DW_LANG_C)
    5647              
    5648              ;***************************************************************
    5649              ;* DWARF CIE ENTRIES                                           *
    5650              ;***************************************************************
    5651              
    5652              $C$DW$CIE       .dwcie 26
    5653                      .dwcfi  cfa_register, 20
    5654                      .dwcfi  cfa_offset, 0
    5655                      .dwcfi  same_value, 28
    5656                      .dwcfi  same_value, 6
    5657                      .dwcfi  same_value, 7
    5658                      .dwcfi  same_value, 8
    5659                      .dwcfi  same_value, 9
    5660                      .dwcfi  same_value, 10
    5661                      .dwcfi  same_value, 11
    5662                      .dwcfi  same_value, 59
    5663                      .dwcfi  same_value, 63
    5664                      .dwcfi  same_value, 67
    5665                      .dwcfi  same_value, 71
    5666                      .dwendentry
    5667                      .dwendtag $C$DW$CU
    5668              
    5669              
    5670              ;***************************************************************
    5671              ;* TYPE INFORMATION                                            *
    5672              ;***************************************************************
    5673              
    5674              $C$DW$TU$32     .dwtag  DW_TAG_type_unit
    5675                      .dwmtype  $C$DW$T$32
    5676              
    5677              $C$DW$T$32      .dwtag  DW_TAG_enumeration_type
    5678                      .dwattr $C$DW$T$32, DW_AT_byte_size(0x01)
    5679              $C$DW$274       .dwtag  DW_TAG_enumerator
    5680                      .dwattr $C$DW$274, DW_AT_name("XBAR_INPUT_FLG_CMPSS1_CTRIPL")
    5681                      .dwattr $C$DW$274, DW_AT_const_value(0x00)
    5682                      .dwattr $C$DW$274, DW_AT_decl_file("D:\15_Delta\14. ANPC Converter\ANPC_3Layer\TMS320F280049C\device\
    5683                      .dwattr $C$DW$274, DW_AT_decl_line(0x1f9)
    5684                      .dwattr $C$DW$274, DW_AT_decl_column(0x05)
    5685              
    5686              $C$DW$275       .dwtag  DW_TAG_enumerator
    5687                      .dwattr $C$DW$275, DW_AT_name("XBAR_INPUT_FLG_CMPSS1_CTRIPH")
    5688                      .dwattr $C$DW$275, DW_AT_const_value(0x01)
    5689                      .dwattr $C$DW$275, DW_AT_decl_file("D:\15_Delta\14. ANPC Converter\ANPC_3Layer\TMS320F280049C\device\
    5690                      .dwattr $C$DW$275, DW_AT_decl_line(0x1fa)
    5691                      .dwattr $C$DW$275, DW_AT_decl_column(0x05)
TMS320C2000 Assembler PC v22.6.0 Mon Apr 21 09:04:20 2025

Copyright (c) 1996-2018 Texas Instruments Incorporated
app_protection.asm                                                   PAGE  115

    5692              
    5693              $C$DW$276       .dwtag  DW_TAG_enumerator
    5694                      .dwattr $C$DW$276, DW_AT_name("XBAR_INPUT_FLG_CMPSS2_CTRIPL")
    5695                      .dwattr $C$DW$276, DW_AT_const_value(0x02)
    5696                      .dwattr $C$DW$276, DW_AT_decl_file("D:\15_Delta\14. ANPC Converter\ANPC_3Layer\TMS320F280049C\device\
    5697                      .dwattr $C$DW$276, DW_AT_decl_line(0x1fb)
    5698                      .dwattr $C$DW$276, DW_AT_decl_column(0x05)
    5699              
    5700              $C$DW$277       .dwtag  DW_TAG_enumerator
    5701                      .dwattr $C$DW$277, DW_AT_name("XBAR_INPUT_FLG_CMPSS2_CTRIPH")
    5702                      .dwattr $C$DW$277, DW_AT_const_value(0x03)
    5703                      .dwattr $C$DW$277, DW_AT_decl_file("D:\15_Delta\14. ANPC Converter\ANPC_3Layer\TMS320F280049C\device\
    5704                      .dwattr $C$DW$277, DW_AT_decl_line(0x1fc)
    5705                      .dwattr $C$DW$277, DW_AT_decl_column(0x05)
    5706              
    5707              $C$DW$278       .dwtag  DW_TAG_enumerator
    5708                      .dwattr $C$DW$278, DW_AT_name("XBAR_INPUT_FLG_CMPSS3_CTRIPL")
    5709                      .dwattr $C$DW$278, DW_AT_const_value(0x04)
    5710                      .dwattr $C$DW$278, DW_AT_decl_file("D:\15_Delta\14. ANPC Converter\ANPC_3Layer\TMS320F280049C\device\
    5711                      .dwattr $C$DW$278, DW_AT_decl_line(0x1fd)
    5712                      .dwattr $C$DW$278, DW_AT_decl_column(0x05)
    5713              
    5714              $C$DW$279       .dwtag  DW_TAG_enumerator
    5715                      .dwattr $C$DW$279, DW_AT_name("XBAR_INPUT_FLG_CMPSS3_CTRIPH")
    5716                      .dwattr $C$DW$279, DW_AT_const_value(0x05)
    5717                      .dwattr $C$DW$279, DW_AT_decl_file("D:\15_Delta\14. ANPC Converter\ANPC_3Layer\TMS320F280049C\device\
    5718                      .dwattr $C$DW$279, DW_AT_decl_line(0x1fe)
    5719                      .dwattr $C$DW$279, DW_AT_decl_column(0x05)
    5720              
    5721              $C$DW$280       .dwtag  DW_TAG_enumerator
    5722                      .dwattr $C$DW$280, DW_AT_name("XBAR_INPUT_FLG_CMPSS4_CTRIPL")
    5723                      .dwattr $C$DW$280, DW_AT_const_value(0x06)
    5724                      .dwattr $C$DW$280, DW_AT_decl_file("D:\15_Delta\14. ANPC Converter\ANPC_3Layer\TMS320F280049C\device\
    5725                      .dwattr $C$DW$280, DW_AT_decl_line(0x1ff)
    5726                      .dwattr $C$DW$280, DW_AT_decl_column(0x05)
    5727              
    5728              $C$DW$281       .dwtag  DW_TAG_enumerator
    5729                      .dwattr $C$DW$281, DW_AT_name("XBAR_INPUT_FLG_CMPSS4_CTRIPH")
    5730                      .dwattr $C$DW$281, DW_AT_const_value(0x07)
    5731                      .dwattr $C$DW$281, DW_AT_decl_file("D:\15_Delta\14. ANPC Converter\ANPC_3Layer\TMS320F280049C\device\
    5732                      .dwattr $C$DW$281, DW_AT_decl_line(0x200)
    5733                      .dwattr $C$DW$281, DW_AT_decl_column(0x05)
    5734              
    5735              $C$DW$282       .dwtag  DW_TAG_enumerator
    5736                      .dwattr $C$DW$282, DW_AT_name("XBAR_INPUT_FLG_CMPSS5_CTRIPL")
    5737                      .dwattr $C$DW$282, DW_AT_const_value(0x08)
    5738                      .dwattr $C$DW$282, DW_AT_decl_file("D:\15_Delta\14. ANPC Converter\ANPC_3Layer\TMS320F280049C\device\
    5739                      .dwattr $C$DW$282, DW_AT_decl_line(0x201)
    5740                      .dwattr $C$DW$282, DW_AT_decl_column(0x05)
    5741              
    5742              $C$DW$283       .dwtag  DW_TAG_enumerator
    5743                      .dwattr $C$DW$283, DW_AT_name("XBAR_INPUT_FLG_CMPSS5_CTRIPH")
    5744                      .dwattr $C$DW$283, DW_AT_const_value(0x09)
    5745                      .dwattr $C$DW$283, DW_AT_decl_file("D:\15_Delta\14. ANPC Converter\ANPC_3Layer\TMS320F280049C\device\
    5746                      .dwattr $C$DW$283, DW_AT_decl_line(0x202)
TMS320C2000 Assembler PC v22.6.0 Mon Apr 21 09:04:20 2025

Copyright (c) 1996-2018 Texas Instruments Incorporated
app_protection.asm                                                   PAGE  116

    5747                      .dwattr $C$DW$283, DW_AT_decl_column(0x05)
    5748              
    5749              $C$DW$284       .dwtag  DW_TAG_enumerator
    5750                      .dwattr $C$DW$284, DW_AT_name("XBAR_INPUT_FLG_CMPSS6_CTRIPL")
    5751                      .dwattr $C$DW$284, DW_AT_const_value(0x0a)
    5752                      .dwattr $C$DW$284, DW_AT_decl_file("D:\15_Delta\14. ANPC Converter\ANPC_3Layer\TMS320F280049C\device\
    5753                      .dwattr $C$DW$284, DW_AT_decl_line(0x203)
    5754                      .dwattr $C$DW$284, DW_AT_decl_column(0x05)
    5755              
    5756              $C$DW$285       .dwtag  DW_TAG_enumerator
    5757                      .dwattr $C$DW$285, DW_AT_name("XBAR_INPUT_FLG_CMPSS6_CTRIPH")
    5758                      .dwattr $C$DW$285, DW_AT_const_value(0x0b)
    5759                      .dwattr $C$DW$285, DW_AT_decl_file("D:\15_Delta\14. ANPC Converter\ANPC_3Layer\TMS320F280049C\device\
    5760                      .dwattr $C$DW$285, DW_AT_decl_line(0x204)
    5761                      .dwattr $C$DW$285, DW_AT_decl_column(0x05)
    5762              
    5763              $C$DW$286       .dwtag  DW_TAG_enumerator
    5764                      .dwattr $C$DW$286, DW_AT_name("XBAR_INPUT_FLG_CMPSS7_CTRIPL")
    5765                      .dwattr $C$DW$286, DW_AT_const_value(0x0c)
    5766                      .dwattr $C$DW$286, DW_AT_decl_file("D:\15_Delta\14. ANPC Converter\ANPC_3Layer\TMS320F280049C\device\
    5767                      .dwattr $C$DW$286, DW_AT_decl_line(0x205)
    5768                      .dwattr $C$DW$286, DW_AT_decl_column(0x05)
    5769              
    5770              $C$DW$287       .dwtag  DW_TAG_enumerator
    5771                      .dwattr $C$DW$287, DW_AT_name("XBAR_INPUT_FLG_CMPSS7_CTRIPH")
    5772                      .dwattr $C$DW$287, DW_AT_const_value(0x0d)
    5773                      .dwattr $C$DW$287, DW_AT_decl_file("D:\15_Delta\14. ANPC Converter\ANPC_3Layer\TMS320F280049C\device\
    5774                      .dwattr $C$DW$287, DW_AT_decl_line(0x206)
    5775                      .dwattr $C$DW$287, DW_AT_decl_column(0x05)
    5776              
    5777              $C$DW$288       .dwtag  DW_TAG_enumerator
    5778                      .dwattr $C$DW$288, DW_AT_name("XBAR_INPUT_FLG_CMPSS8_CTRIPL")
    5779                      .dwattr $C$DW$288, DW_AT_const_value(0x0e)
    5780                      .dwattr $C$DW$288, DW_AT_decl_file("D:\15_Delta\14. ANPC Converter\ANPC_3Layer\TMS320F280049C\device\
    5781                      .dwattr $C$DW$288, DW_AT_decl_line(0x207)
    5782                      .dwattr $C$DW$288, DW_AT_decl_column(0x05)
    5783              
    5784              $C$DW$289       .dwtag  DW_TAG_enumerator
    5785                      .dwattr $C$DW$289, DW_AT_name("XBAR_INPUT_FLG_CMPSS8_CTRIPH")
    5786                      .dwattr $C$DW$289, DW_AT_const_value(0x0f)
    5787                      .dwattr $C$DW$289, DW_AT_decl_file("D:\15_Delta\14. ANPC Converter\ANPC_3Layer\TMS320F280049C\device\
    5788                      .dwattr $C$DW$289, DW_AT_decl_line(0x208)
    5789                      .dwattr $C$DW$289, DW_AT_decl_column(0x05)
    5790              
    5791              $C$DW$290       .dwtag  DW_TAG_enumerator
    5792                      .dwattr $C$DW$290, DW_AT_name("XBAR_INPUT_FLG_CMPSS1_CTRIPOUTL")
    5793                      .dwattr $C$DW$290, DW_AT_const_value(0x10)
    5794                      .dwattr $C$DW$290, DW_AT_decl_file("D:\15_Delta\14. ANPC Converter\ANPC_3Layer\TMS320F280049C\device\
    5795                      .dwattr $C$DW$290, DW_AT_decl_line(0x209)
    5796                      .dwattr $C$DW$290, DW_AT_decl_column(0x05)
    5797              
    5798              $C$DW$291       .dwtag  DW_TAG_enumerator
    5799                      .dwattr $C$DW$291, DW_AT_name("XBAR_INPUT_FLG_CMPSS1_CTRIPOUTH")
    5800                      .dwattr $C$DW$291, DW_AT_const_value(0x11)
    5801                      .dwattr $C$DW$291, DW_AT_decl_file("D:\15_Delta\14. ANPC Converter\ANPC_3Layer\TMS320F280049C\device\
TMS320C2000 Assembler PC v22.6.0 Mon Apr 21 09:04:20 2025

Copyright (c) 1996-2018 Texas Instruments Incorporated
app_protection.asm                                                   PAGE  117

    5802                      .dwattr $C$DW$291, DW_AT_decl_line(0x20a)
    5803                      .dwattr $C$DW$291, DW_AT_decl_column(0x05)
    5804              
    5805              $C$DW$292       .dwtag  DW_TAG_enumerator
    5806                      .dwattr $C$DW$292, DW_AT_name("XBAR_INPUT_FLG_CMPSS2_CTRIPOUTL")
    5807                      .dwattr $C$DW$292, DW_AT_const_value(0x12)
    5808                      .dwattr $C$DW$292, DW_AT_decl_file("D:\15_Delta\14. ANPC Converter\ANPC_3Layer\TMS320F280049C\device\
    5809                      .dwattr $C$DW$292, DW_AT_decl_line(0x20b)
    5810                      .dwattr $C$DW$292, DW_AT_decl_column(0x05)
    5811              
    5812              $C$DW$293       .dwtag  DW_TAG_enumerator
    5813                      .dwattr $C$DW$293, DW_AT_name("XBAR_INPUT_FLG_CMPSS2_CTRIPOUTH")
    5814                      .dwattr $C$DW$293, DW_AT_const_value(0x13)
    5815                      .dwattr $C$DW$293, DW_AT_decl_file("D:\15_Delta\14. ANPC Converter\ANPC_3Layer\TMS320F280049C\device\
    5816                      .dwattr $C$DW$293, DW_AT_decl_line(0x20c)
    5817                      .dwattr $C$DW$293, DW_AT_decl_column(0x05)
    5818              
    5819              $C$DW$294       .dwtag  DW_TAG_enumerator
    5820                      .dwattr $C$DW$294, DW_AT_name("XBAR_INPUT_FLG_CMPSS3_CTRIPOUTL")
    5821                      .dwattr $C$DW$294, DW_AT_const_value(0x14)
    5822                      .dwattr $C$DW$294, DW_AT_decl_file("D:\15_Delta\14. ANPC Converter\ANPC_3Layer\TMS320F280049C\device\
    5823                      .dwattr $C$DW$294, DW_AT_decl_line(0x20d)
    5824                      .dwattr $C$DW$294, DW_AT_decl_column(0x05)
    5825              
    5826              $C$DW$295       .dwtag  DW_TAG_enumerator
    5827                      .dwattr $C$DW$295, DW_AT_name("XBAR_INPUT_FLG_CMPSS3_CTRIPOUTH")
    5828                      .dwattr $C$DW$295, DW_AT_const_value(0x15)
    5829                      .dwattr $C$DW$295, DW_AT_decl_file("D:\15_Delta\14. ANPC Converter\ANPC_3Layer\TMS320F280049C\device\
    5830                      .dwattr $C$DW$295, DW_AT_decl_line(0x20e)
    5831                      .dwattr $C$DW$295, DW_AT_decl_column(0x05)
    5832              
    5833              $C$DW$296       .dwtag  DW_TAG_enumerator
    5834                      .dwattr $C$DW$296, DW_AT_name("XBAR_INPUT_FLG_CMPSS4_CTRIPOUTL")
    5835                      .dwattr $C$DW$296, DW_AT_const_value(0x16)
    5836                      .dwattr $C$DW$296, DW_AT_decl_file("D:\15_Delta\14. ANPC Converter\ANPC_3Layer\TMS320F280049C\device\
    5837                      .dwattr $C$DW$296, DW_AT_decl_line(0x20f)
    5838                      .dwattr $C$DW$296, DW_AT_decl_column(0x05)
    5839              
    5840              $C$DW$297       .dwtag  DW_TAG_enumerator
    5841                      .dwattr $C$DW$297, DW_AT_name("XBAR_INPUT_FLG_CMPSS4_CTRIPOUTH")
    5842                      .dwattr $C$DW$297, DW_AT_const_value(0x17)
    5843                      .dwattr $C$DW$297, DW_AT_decl_file("D:\15_Delta\14. ANPC Converter\ANPC_3Layer\TMS320F280049C\device\
    5844                      .dwattr $C$DW$297, DW_AT_decl_line(0x210)
    5845                      .dwattr $C$DW$297, DW_AT_decl_column(0x05)
    5846              
    5847              $C$DW$298       .dwtag  DW_TAG_enumerator
    5848                      .dwattr $C$DW$298, DW_AT_name("XBAR_INPUT_FLG_CMPSS5_CTRIPOUTL")
    5849                      .dwattr $C$DW$298, DW_AT_const_value(0x18)
    5850                      .dwattr $C$DW$298, DW_AT_decl_file("D:\15_Delta\14. ANPC Converter\ANPC_3Layer\TMS320F280049C\device\
    5851                      .dwattr $C$DW$298, DW_AT_decl_line(0x211)
    5852                      .dwattr $C$DW$298, DW_AT_decl_column(0x05)
    5853              
    5854              $C$DW$299       .dwtag  DW_TAG_enumerator
    5855                      .dwattr $C$DW$299, DW_AT_name("XBAR_INPUT_FLG_CMPSS5_CTRIPOUTH")
    5856                      .dwattr $C$DW$299, DW_AT_const_value(0x19)
TMS320C2000 Assembler PC v22.6.0 Mon Apr 21 09:04:20 2025

Copyright (c) 1996-2018 Texas Instruments Incorporated
app_protection.asm                                                   PAGE  118

    5857                      .dwattr $C$DW$299, DW_AT_decl_file("D:\15_Delta\14. ANPC Converter\ANPC_3Layer\TMS320F280049C\device\
    5858                      .dwattr $C$DW$299, DW_AT_decl_line(0x212)
    5859                      .dwattr $C$DW$299, DW_AT_decl_column(0x05)
    5860              
    5861              $C$DW$300       .dwtag  DW_TAG_enumerator
    5862                      .dwattr $C$DW$300, DW_AT_name("XBAR_INPUT_FLG_CMPSS6_CTRIPOUTL")
    5863                      .dwattr $C$DW$300, DW_AT_const_value(0x1a)
    5864                      .dwattr $C$DW$300, DW_AT_decl_file("D:\15_Delta\14. ANPC Converter\ANPC_3Layer\TMS320F280049C\device\
    5865                      .dwattr $C$DW$300, DW_AT_decl_line(0x213)
    5866                      .dwattr $C$DW$300, DW_AT_decl_column(0x05)
    5867              
    5868              $C$DW$301       .dwtag  DW_TAG_enumerator
    5869                      .dwattr $C$DW$301, DW_AT_name("XBAR_INPUT_FLG_CMPSS6_CTRIPOUTH")
    5870                      .dwattr $C$DW$301, DW_AT_const_value(0x1b)
    5871                      .dwattr $C$DW$301, DW_AT_decl_file("D:\15_Delta\14. ANPC Converter\ANPC_3Layer\TMS320F280049C\device\
    5872                      .dwattr $C$DW$301, DW_AT_decl_line(0x214)
    5873                      .dwattr $C$DW$301, DW_AT_decl_column(0x05)
    5874              
    5875              $C$DW$302       .dwtag  DW_TAG_enumerator
    5876                      .dwattr $C$DW$302, DW_AT_name("XBAR_INPUT_FLG_CMPSS7_CTRIPOUTL")
    5877                      .dwattr $C$DW$302, DW_AT_const_value(0x1c)
    5878                      .dwattr $C$DW$302, DW_AT_decl_file("D:\15_Delta\14. ANPC Converter\ANPC_3Layer\TMS320F280049C\device\
    5879                      .dwattr $C$DW$302, DW_AT_decl_line(0x215)
    5880                      .dwattr $C$DW$302, DW_AT_decl_column(0x05)
    5881              
    5882              $C$DW$303       .dwtag  DW_TAG_enumerator
    5883                      .dwattr $C$DW$303, DW_AT_name("XBAR_INPUT_FLG_CMPSS7_CTRIPOUTH")
    5884                      .dwattr $C$DW$303, DW_AT_const_value(0x1d)
    5885                      .dwattr $C$DW$303, DW_AT_decl_file("D:\15_Delta\14. ANPC Converter\ANPC_3Layer\TMS320F280049C\device\
    5886                      .dwattr $C$DW$303, DW_AT_decl_line(0x216)
    5887                      .dwattr $C$DW$303, DW_AT_decl_column(0x05)
    5888              
    5889              $C$DW$304       .dwtag  DW_TAG_enumerator
    5890                      .dwattr $C$DW$304, DW_AT_name("XBAR_INPUT_FLG_CMPSS8_CTRIPOUTL")
    5891                      .dwattr $C$DW$304, DW_AT_const_value(0x1e)
    5892                      .dwattr $C$DW$304, DW_AT_decl_file("D:\15_Delta\14. ANPC Converter\ANPC_3Layer\TMS320F280049C\device\
    5893                      .dwattr $C$DW$304, DW_AT_decl_line(0x217)
    5894                      .dwattr $C$DW$304, DW_AT_decl_column(0x05)
    5895              
    5896              $C$DW$305       .dwtag  DW_TAG_enumerator
    5897                      .dwattr $C$DW$305, DW_AT_name("XBAR_INPUT_FLG_CMPSS8_CTRIPOUTH")
    5898                      .dwattr $C$DW$305, DW_AT_const_value(0x1f)
    5899                      .dwattr $C$DW$305, DW_AT_decl_file("D:\15_Delta\14. ANPC Converter\ANPC_3Layer\TMS320F280049C\device\
    5900                      .dwattr $C$DW$305, DW_AT_decl_line(0x218)
    5901                      .dwattr $C$DW$305, DW_AT_decl_column(0x05)
    5902              
    5903              $C$DW$306       .dwtag  DW_TAG_enumerator
    5904                      .dwattr $C$DW$306, DW_AT_name("XBAR_INPUT_FLG_INPUT1")
    5905                      .dwattr $C$DW$306, DW_AT_const_value(0x100)
    5906                      .dwattr $C$DW$306, DW_AT_decl_file("D:\15_Delta\14. ANPC Converter\ANPC_3Layer\TMS320F280049C\device\
    5907                      .dwattr $C$DW$306, DW_AT_decl_line(0x21c)
    5908                      .dwattr $C$DW$306, DW_AT_decl_column(0x05)
    5909              
    5910              $C$DW$307       .dwtag  DW_TAG_enumerator
    5911                      .dwattr $C$DW$307, DW_AT_name("XBAR_INPUT_FLG_INPUT2")
TMS320C2000 Assembler PC v22.6.0 Mon Apr 21 09:04:20 2025

Copyright (c) 1996-2018 Texas Instruments Incorporated
app_protection.asm                                                   PAGE  119

    5912                      .dwattr $C$DW$307, DW_AT_const_value(0x101)
    5913                      .dwattr $C$DW$307, DW_AT_decl_file("D:\15_Delta\14. ANPC Converter\ANPC_3Layer\TMS320F280049C\device\
    5914                      .dwattr $C$DW$307, DW_AT_decl_line(0x21d)
    5915                      .dwattr $C$DW$307, DW_AT_decl_column(0x05)
    5916              
    5917              $C$DW$308       .dwtag  DW_TAG_enumerator
    5918                      .dwattr $C$DW$308, DW_AT_name("XBAR_INPUT_FLG_INPUT3")
    5919                      .dwattr $C$DW$308, DW_AT_const_value(0x102)
    5920                      .dwattr $C$DW$308, DW_AT_decl_file("D:\15_Delta\14. ANPC Converter\ANPC_3Layer\TMS320F280049C\device\
    5921                      .dwattr $C$DW$308, DW_AT_decl_line(0x21e)
    5922                      .dwattr $C$DW$308, DW_AT_decl_column(0x05)
    5923              
    5924              $C$DW$309       .dwtag  DW_TAG_enumerator
    5925                      .dwattr $C$DW$309, DW_AT_name("XBAR_INPUT_FLG_INPUT4")
    5926                      .dwattr $C$DW$309, DW_AT_const_value(0x103)
    5927                      .dwattr $C$DW$309, DW_AT_decl_file("D:\15_Delta\14. ANPC Converter\ANPC_3Layer\TMS320F280049C\device\
    5928                      .dwattr $C$DW$309, DW_AT_decl_line(0x21f)
    5929                      .dwattr $C$DW$309, DW_AT_decl_column(0x05)
    5930              
    5931              $C$DW$310       .dwtag  DW_TAG_enumerator
    5932                      .dwattr $C$DW$310, DW_AT_name("XBAR_INPUT_FLG_INPUT5")
    5933                      .dwattr $C$DW$310, DW_AT_const_value(0x104)
    5934                      .dwattr $C$DW$310, DW_AT_decl_file("D:\15_Delta\14. ANPC Converter\ANPC_3Layer\TMS320F280049C\device\
    5935                      .dwattr $C$DW$310, DW_AT_decl_line(0x220)
    5936                      .dwattr $C$DW$310, DW_AT_decl_column(0x05)
    5937              
    5938              $C$DW$311       .dwtag  DW_TAG_enumerator
    5939                      .dwattr $C$DW$311, DW_AT_name("XBAR_INPUT_FLG_INPUT6")
    5940                      .dwattr $C$DW$311, DW_AT_const_value(0x105)
    5941                      .dwattr $C$DW$311, DW_AT_decl_file("D:\15_Delta\14. ANPC Converter\ANPC_3Layer\TMS320F280049C\device\
    5942                      .dwattr $C$DW$311, DW_AT_decl_line(0x221)
    5943                      .dwattr $C$DW$311, DW_AT_decl_column(0x05)
    5944              
    5945              $C$DW$312       .dwtag  DW_TAG_enumerator
    5946                      .dwattr $C$DW$312, DW_AT_name("XBAR_INPUT_FLG_ADCSOCA")
    5947                      .dwattr $C$DW$312, DW_AT_const_value(0x106)
    5948                      .dwattr $C$DW$312, DW_AT_decl_file("D:\15_Delta\14. ANPC Converter\ANPC_3Layer\TMS320F280049C\device\
    5949                      .dwattr $C$DW$312, DW_AT_decl_line(0x222)
    5950                      .dwattr $C$DW$312, DW_AT_decl_column(0x05)
    5951              
    5952              $C$DW$313       .dwtag  DW_TAG_enumerator
    5953                      .dwattr $C$DW$313, DW_AT_name("XBAR_INPUT_FLG_ADCSOCB")
    5954                      .dwattr $C$DW$313, DW_AT_const_value(0x107)
    5955                      .dwattr $C$DW$313, DW_AT_decl_file("D:\15_Delta\14. ANPC Converter\ANPC_3Layer\TMS320F280049C\device\
    5956                      .dwattr $C$DW$313, DW_AT_decl_line(0x223)
    5957                      .dwattr $C$DW$313, DW_AT_decl_column(0x05)
    5958              
    5959              $C$DW$314       .dwtag  DW_TAG_enumerator
    5960                      .dwattr $C$DW$314, DW_AT_name("XBAR_INPUT_FLG_INPUT7")
    5961                      .dwattr $C$DW$314, DW_AT_const_value(0x108)
    5962                      .dwattr $C$DW$314, DW_AT_decl_file("D:\15_Delta\14. ANPC Converter\ANPC_3Layer\TMS320F280049C\device\
    5963                      .dwattr $C$DW$314, DW_AT_decl_line(0x224)
    5964                      .dwattr $C$DW$314, DW_AT_decl_column(0x05)
    5965              
    5966              $C$DW$315       .dwtag  DW_TAG_enumerator
TMS320C2000 Assembler PC v22.6.0 Mon Apr 21 09:04:20 2025

Copyright (c) 1996-2018 Texas Instruments Incorporated
app_protection.asm                                                   PAGE  120

    5967                      .dwattr $C$DW$315, DW_AT_name("XBAR_INPUT_FLG_INPUT8")
    5968                      .dwattr $C$DW$315, DW_AT_const_value(0x109)
    5969                      .dwattr $C$DW$315, DW_AT_decl_file("D:\15_Delta\14. ANPC Converter\ANPC_3Layer\TMS320F280049C\device\
    5970                      .dwattr $C$DW$315, DW_AT_decl_line(0x225)
    5971                      .dwattr $C$DW$315, DW_AT_decl_column(0x05)
    5972              
    5973              $C$DW$316       .dwtag  DW_TAG_enumerator
    5974                      .dwattr $C$DW$316, DW_AT_name("XBAR_INPUT_FLG_INPUT9")
    5975                      .dwattr $C$DW$316, DW_AT_const_value(0x10a)
    5976                      .dwattr $C$DW$316, DW_AT_decl_file("D:\15_Delta\14. ANPC Converter\ANPC_3Layer\TMS320F280049C\device\
    5977                      .dwattr $C$DW$316, DW_AT_decl_line(0x226)
    5978                      .dwattr $C$DW$316, DW_AT_decl_column(0x05)
    5979              
    5980              $C$DW$317       .dwtag  DW_TAG_enumerator
    5981                      .dwattr $C$DW$317, DW_AT_name("XBAR_INPUT_FLG_INPUT10")
    5982                      .dwattr $C$DW$317, DW_AT_const_value(0x10b)
    5983                      .dwattr $C$DW$317, DW_AT_decl_file("D:\15_Delta\14. ANPC Converter\ANPC_3Layer\TMS320F280049C\device\
    5984                      .dwattr $C$DW$317, DW_AT_decl_line(0x227)
    5985                      .dwattr $C$DW$317, DW_AT_decl_column(0x05)
    5986              
    5987              $C$DW$318       .dwtag  DW_TAG_enumerator
    5988                      .dwattr $C$DW$318, DW_AT_name("XBAR_INPUT_FLG_INPUT11")
    5989                      .dwattr $C$DW$318, DW_AT_const_value(0x10c)
    5990                      .dwattr $C$DW$318, DW_AT_decl_file("D:\15_Delta\14. ANPC Converter\ANPC_3Layer\TMS320F280049C\device\
    5991                      .dwattr $C$DW$318, DW_AT_decl_line(0x228)
    5992                      .dwattr $C$DW$318, DW_AT_decl_column(0x05)
    5993              
    5994              $C$DW$319       .dwtag  DW_TAG_enumerator
    5995                      .dwattr $C$DW$319, DW_AT_name("XBAR_INPUT_FLG_INPUT12")
    5996                      .dwattr $C$DW$319, DW_AT_const_value(0x10d)
    5997                      .dwattr $C$DW$319, DW_AT_decl_file("D:\15_Delta\14. ANPC Converter\ANPC_3Layer\TMS320F280049C\device\
    5998                      .dwattr $C$DW$319, DW_AT_decl_line(0x229)
    5999                      .dwattr $C$DW$319, DW_AT_decl_column(0x05)
    6000              
    6001              $C$DW$320       .dwtag  DW_TAG_enumerator
    6002                      .dwattr $C$DW$320, DW_AT_name("XBAR_INPUT_FLG_INPUT13")
    6003                      .dwattr $C$DW$320, DW_AT_const_value(0x10e)
    6004                      .dwattr $C$DW$320, DW_AT_decl_file("D:\15_Delta\14. ANPC Converter\ANPC_3Layer\TMS320F280049C\device\
    6005                      .dwattr $C$DW$320, DW_AT_decl_line(0x22a)
    6006                      .dwattr $C$DW$320, DW_AT_decl_column(0x05)
    6007              
    6008              $C$DW$321       .dwtag  DW_TAG_enumerator
    6009                      .dwattr $C$DW$321, DW_AT_name("XBAR_INPUT_FLG_INPUT14")
    6010                      .dwattr $C$DW$321, DW_AT_const_value(0x10f)
    6011                      .dwattr $C$DW$321, DW_AT_decl_file("D:\15_Delta\14. ANPC Converter\ANPC_3Layer\TMS320F280049C\device\
    6012                      .dwattr $C$DW$321, DW_AT_decl_line(0x22b)
    6013                      .dwattr $C$DW$321, DW_AT_decl_column(0x05)
    6014              
    6015              $C$DW$322       .dwtag  DW_TAG_enumerator
    6016                      .dwattr $C$DW$322, DW_AT_name("XBAR_INPUT_FLG_ECAP1_OUT")
    6017                      .dwattr $C$DW$322, DW_AT_const_value(0x110)
    6018                      .dwattr $C$DW$322, DW_AT_decl_file("D:\15_Delta\14. ANPC Converter\ANPC_3Layer\TMS320F280049C\device\
    6019                      .dwattr $C$DW$322, DW_AT_decl_line(0x22c)
    6020                      .dwattr $C$DW$322, DW_AT_decl_column(0x05)
    6021              
TMS320C2000 Assembler PC v22.6.0 Mon Apr 21 09:04:20 2025

Copyright (c) 1996-2018 Texas Instruments Incorporated
app_protection.asm                                                   PAGE  121

    6022              $C$DW$323       .dwtag  DW_TAG_enumerator
    6023                      .dwattr $C$DW$323, DW_AT_name("XBAR_INPUT_FLG_ECAP2_OUT")
    6024                      .dwattr $C$DW$323, DW_AT_const_value(0x111)
    6025                      .dwattr $C$DW$323, DW_AT_decl_file("D:\15_Delta\14. ANPC Converter\ANPC_3Layer\TMS320F280049C\device\
    6026                      .dwattr $C$DW$323, DW_AT_decl_line(0x22d)
    6027                      .dwattr $C$DW$323, DW_AT_decl_column(0x05)
    6028              
    6029              $C$DW$324       .dwtag  DW_TAG_enumerator
    6030                      .dwattr $C$DW$324, DW_AT_name("XBAR_INPUT_FLG_ECAP3_OUT")
    6031                      .dwattr $C$DW$324, DW_AT_const_value(0x112)
    6032                      .dwattr $C$DW$324, DW_AT_decl_file("D:\15_Delta\14. ANPC Converter\ANPC_3Layer\TMS320F280049C\device\
    6033                      .dwattr $C$DW$324, DW_AT_decl_line(0x22e)
    6034                      .dwattr $C$DW$324, DW_AT_decl_column(0x05)
    6035              
    6036              $C$DW$325       .dwtag  DW_TAG_enumerator
    6037                      .dwattr $C$DW$325, DW_AT_name("XBAR_INPUT_FLG_ECAP4_OUT")
    6038                      .dwattr $C$DW$325, DW_AT_const_value(0x113)
    6039                      .dwattr $C$DW$325, DW_AT_decl_file("D:\15_Delta\14. ANPC Converter\ANPC_3Layer\TMS320F280049C\device\
    6040                      .dwattr $C$DW$325, DW_AT_decl_line(0x22f)
    6041                      .dwattr $C$DW$325, DW_AT_decl_column(0x05)
    6042              
    6043              $C$DW$326       .dwtag  DW_TAG_enumerator
    6044                      .dwattr $C$DW$326, DW_AT_name("XBAR_INPUT_FLG_ECAP5_OUT")
    6045                      .dwattr $C$DW$326, DW_AT_const_value(0x114)
    6046                      .dwattr $C$DW$326, DW_AT_decl_file("D:\15_Delta\14. ANPC Converter\ANPC_3Layer\TMS320F280049C\device\
    6047                      .dwattr $C$DW$326, DW_AT_decl_line(0x230)
    6048                      .dwattr $C$DW$326, DW_AT_decl_column(0x05)
    6049              
    6050              $C$DW$327       .dwtag  DW_TAG_enumerator
    6051                      .dwattr $C$DW$327, DW_AT_name("XBAR_INPUT_FLG_ECAP6_OUT")
    6052                      .dwattr $C$DW$327, DW_AT_const_value(0x115)
    6053                      .dwattr $C$DW$327, DW_AT_decl_file("D:\15_Delta\14. ANPC Converter\ANPC_3Layer\TMS320F280049C\device\
    6054                      .dwattr $C$DW$327, DW_AT_decl_line(0x231)
    6055                      .dwattr $C$DW$327, DW_AT_decl_column(0x05)
    6056              
    6057              $C$DW$328       .dwtag  DW_TAG_enumerator
    6058                      .dwattr $C$DW$328, DW_AT_name("XBAR_INPUT_FLG_EXTSYNCOUT")
    6059                      .dwattr $C$DW$328, DW_AT_const_value(0x116)
    6060                      .dwattr $C$DW$328, DW_AT_decl_file("D:\15_Delta\14. ANPC Converter\ANPC_3Layer\TMS320F280049C\device\
    6061                      .dwattr $C$DW$328, DW_AT_decl_line(0x232)
    6062                      .dwattr $C$DW$328, DW_AT_decl_column(0x05)
    6063              
    6064              $C$DW$329       .dwtag  DW_TAG_enumerator
    6065                      .dwattr $C$DW$329, DW_AT_name("XBAR_INPUT_FLG_ADCAEVT1")
    6066                      .dwattr $C$DW$329, DW_AT_const_value(0x117)
    6067                      .dwattr $C$DW$329, DW_AT_decl_file("D:\15_Delta\14. ANPC Converter\ANPC_3Layer\TMS320F280049C\device\
    6068                      .dwattr $C$DW$329, DW_AT_decl_line(0x233)
    6069                      .dwattr $C$DW$329, DW_AT_decl_column(0x05)
    6070              
    6071              $C$DW$330       .dwtag  DW_TAG_enumerator
    6072                      .dwattr $C$DW$330, DW_AT_name("XBAR_INPUT_FLG_ADCAEVT2")
    6073                      .dwattr $C$DW$330, DW_AT_const_value(0x118)
    6074                      .dwattr $C$DW$330, DW_AT_decl_file("D:\15_Delta\14. ANPC Converter\ANPC_3Layer\TMS320F280049C\device\
    6075                      .dwattr $C$DW$330, DW_AT_decl_line(0x234)
    6076                      .dwattr $C$DW$330, DW_AT_decl_column(0x05)
TMS320C2000 Assembler PC v22.6.0 Mon Apr 21 09:04:20 2025

Copyright (c) 1996-2018 Texas Instruments Incorporated
app_protection.asm                                                   PAGE  122

    6077              
    6078              $C$DW$331       .dwtag  DW_TAG_enumerator
    6079                      .dwattr $C$DW$331, DW_AT_name("XBAR_INPUT_FLG_ADCAEVT3")
    6080                      .dwattr $C$DW$331, DW_AT_const_value(0x119)
    6081                      .dwattr $C$DW$331, DW_AT_decl_file("D:\15_Delta\14. ANPC Converter\ANPC_3Layer\TMS320F280049C\device\
    6082                      .dwattr $C$DW$331, DW_AT_decl_line(0x235)
    6083                      .dwattr $C$DW$331, DW_AT_decl_column(0x05)
    6084              
    6085              $C$DW$332       .dwtag  DW_TAG_enumerator
    6086                      .dwattr $C$DW$332, DW_AT_name("XBAR_INPUT_FLG_ADCAEVT4")
    6087                      .dwattr $C$DW$332, DW_AT_const_value(0x11a)
    6088                      .dwattr $C$DW$332, DW_AT_decl_file("D:\15_Delta\14. ANPC Converter\ANPC_3Layer\TMS320F280049C\device\
    6089                      .dwattr $C$DW$332, DW_AT_decl_line(0x236)
    6090                      .dwattr $C$DW$332, DW_AT_decl_column(0x05)
    6091              
    6092              $C$DW$333       .dwtag  DW_TAG_enumerator
    6093                      .dwattr $C$DW$333, DW_AT_name("XBAR_INPUT_FLG_ADCBEVT1")
    6094                      .dwattr $C$DW$333, DW_AT_const_value(0x11b)
    6095                      .dwattr $C$DW$333, DW_AT_decl_file("D:\15_Delta\14. ANPC Converter\ANPC_3Layer\TMS320F280049C\device\
    6096                      .dwattr $C$DW$333, DW_AT_decl_line(0x237)
    6097                      .dwattr $C$DW$333, DW_AT_decl_column(0x05)
    6098              
    6099              $C$DW$334       .dwtag  DW_TAG_enumerator
    6100                      .dwattr $C$DW$334, DW_AT_name("XBAR_INPUT_FLG_ADCBEVT2")
    6101                      .dwattr $C$DW$334, DW_AT_const_value(0x11c)
    6102                      .dwattr $C$DW$334, DW_AT_decl_file("D:\15_Delta\14. ANPC Converter\ANPC_3Layer\TMS320F280049C\device\
    6103                      .dwattr $C$DW$334, DW_AT_decl_line(0x238)
    6104                      .dwattr $C$DW$334, DW_AT_decl_column(0x05)
    6105              
    6106              $C$DW$335       .dwtag  DW_TAG_enumerator
    6107                      .dwattr $C$DW$335, DW_AT_name("XBAR_INPUT_FLG_ADCBEVT3")
    6108                      .dwattr $C$DW$335, DW_AT_const_value(0x11d)
    6109                      .dwattr $C$DW$335, DW_AT_decl_file("D:\15_Delta\14. ANPC Converter\ANPC_3Layer\TMS320F280049C\device\
    6110                      .dwattr $C$DW$335, DW_AT_decl_line(0x239)
    6111                      .dwattr $C$DW$335, DW_AT_decl_column(0x05)
    6112              
    6113              $C$DW$336       .dwtag  DW_TAG_enumerator
    6114                      .dwattr $C$DW$336, DW_AT_name("XBAR_INPUT_FLG_ADCBEVT4")
    6115                      .dwattr $C$DW$336, DW_AT_const_value(0x11e)
    6116                      .dwattr $C$DW$336, DW_AT_decl_file("D:\15_Delta\14. ANPC Converter\ANPC_3Layer\TMS320F280049C\device\
    6117                      .dwattr $C$DW$336, DW_AT_decl_line(0x23a)
    6118                      .dwattr $C$DW$336, DW_AT_decl_column(0x05)
    6119              
    6120              $C$DW$337       .dwtag  DW_TAG_enumerator
    6121                      .dwattr $C$DW$337, DW_AT_name("XBAR_INPUT_FLG_ADCCEVT1")
    6122                      .dwattr $C$DW$337, DW_AT_const_value(0x11f)
    6123                      .dwattr $C$DW$337, DW_AT_decl_file("D:\15_Delta\14. ANPC Converter\ANPC_3Layer\TMS320F280049C\device\
    6124                      .dwattr $C$DW$337, DW_AT_decl_line(0x23b)
    6125                      .dwattr $C$DW$337, DW_AT_decl_column(0x05)
    6126              
    6127              $C$DW$338       .dwtag  DW_TAG_enumerator
    6128                      .dwattr $C$DW$338, DW_AT_name("XBAR_INPUT_FLG_ADCCEVT2")
    6129                      .dwattr $C$DW$338, DW_AT_const_value(0x200)
    6130                      .dwattr $C$DW$338, DW_AT_decl_file("D:\15_Delta\14. ANPC Converter\ANPC_3Layer\TMS320F280049C\device\
    6131                      .dwattr $C$DW$338, DW_AT_decl_line(0x23f)
TMS320C2000 Assembler PC v22.6.0 Mon Apr 21 09:04:20 2025

Copyright (c) 1996-2018 Texas Instruments Incorporated
app_protection.asm                                                   PAGE  123

    6132                      .dwattr $C$DW$338, DW_AT_decl_column(0x05)
    6133              
    6134              $C$DW$339       .dwtag  DW_TAG_enumerator
    6135                      .dwattr $C$DW$339, DW_AT_name("XBAR_INPUT_FLG_ADCCEVT3")
    6136                      .dwattr $C$DW$339, DW_AT_const_value(0x201)
    6137                      .dwattr $C$DW$339, DW_AT_decl_file("D:\15_Delta\14. ANPC Converter\ANPC_3Layer\TMS320F280049C\device\
    6138                      .dwattr $C$DW$339, DW_AT_decl_line(0x240)
    6139                      .dwattr $C$DW$339, DW_AT_decl_column(0x05)
    6140              
    6141              $C$DW$340       .dwtag  DW_TAG_enumerator
    6142                      .dwattr $C$DW$340, DW_AT_name("XBAR_INPUT_FLG_ADCCEVT4")
    6143                      .dwattr $C$DW$340, DW_AT_const_value(0x202)
    6144                      .dwattr $C$DW$340, DW_AT_decl_file("D:\15_Delta\14. ANPC Converter\ANPC_3Layer\TMS320F280049C\device\
    6145                      .dwattr $C$DW$340, DW_AT_decl_line(0x241)
    6146                      .dwattr $C$DW$340, DW_AT_decl_column(0x05)
    6147              
    6148              $C$DW$341       .dwtag  DW_TAG_enumerator
    6149                      .dwattr $C$DW$341, DW_AT_name("XBAR_INPUT_FLG_ADCDEVT1")
    6150                      .dwattr $C$DW$341, DW_AT_const_value(0x203)
    6151                      .dwattr $C$DW$341, DW_AT_decl_file("D:\15_Delta\14. ANPC Converter\ANPC_3Layer\TMS320F280049C\device\
    6152                      .dwattr $C$DW$341, DW_AT_decl_line(0x242)
    6153                      .dwattr $C$DW$341, DW_AT_decl_column(0x05)
    6154              
    6155              $C$DW$342       .dwtag  DW_TAG_enumerator
    6156                      .dwattr $C$DW$342, DW_AT_name("XBAR_INPUT_FLG_ADCDEVT2")
    6157                      .dwattr $C$DW$342, DW_AT_const_value(0x204)
    6158                      .dwattr $C$DW$342, DW_AT_decl_file("D:\15_Delta\14. ANPC Converter\ANPC_3Layer\TMS320F280049C\device\
    6159                      .dwattr $C$DW$342, DW_AT_decl_line(0x243)
    6160                      .dwattr $C$DW$342, DW_AT_decl_column(0x05)
    6161              
    6162              $C$DW$343       .dwtag  DW_TAG_enumerator
    6163                      .dwattr $C$DW$343, DW_AT_name("XBAR_INPUT_FLG_ADCDEVT3")
    6164                      .dwattr $C$DW$343, DW_AT_const_value(0x205)
    6165                      .dwattr $C$DW$343, DW_AT_decl_file("D:\15_Delta\14. ANPC Converter\ANPC_3Layer\TMS320F280049C\device\
    6166                      .dwattr $C$DW$343, DW_AT_decl_line(0x244)
    6167                      .dwattr $C$DW$343, DW_AT_decl_column(0x05)
    6168              
    6169              $C$DW$344       .dwtag  DW_TAG_enumerator
    6170                      .dwattr $C$DW$344, DW_AT_name("XBAR_INPUT_FLG_ADCDEVT4")
    6171                      .dwattr $C$DW$344, DW_AT_const_value(0x206)
    6172                      .dwattr $C$DW$344, DW_AT_decl_file("D:\15_Delta\14. ANPC Converter\ANPC_3Layer\TMS320F280049C\device\
    6173                      .dwattr $C$DW$344, DW_AT_decl_line(0x245)
    6174                      .dwattr $C$DW$344, DW_AT_decl_column(0x05)
    6175              
    6176              $C$DW$345       .dwtag  DW_TAG_enumerator
    6177                      .dwattr $C$DW$345, DW_AT_name("XBAR_INPUT_FLG_SD1FLT1_COMPL")
    6178                      .dwattr $C$DW$345, DW_AT_const_value(0x207)
    6179                      .dwattr $C$DW$345, DW_AT_decl_file("D:\15_Delta\14. ANPC Converter\ANPC_3Layer\TMS320F280049C\device\
    6180                      .dwattr $C$DW$345, DW_AT_decl_line(0x246)
    6181                      .dwattr $C$DW$345, DW_AT_decl_column(0x05)
    6182              
    6183              $C$DW$346       .dwtag  DW_TAG_enumerator
    6184                      .dwattr $C$DW$346, DW_AT_name("XBAR_INPUT_FLG_SD1FLT1_COMPH")
    6185                      .dwattr $C$DW$346, DW_AT_const_value(0x208)
    6186                      .dwattr $C$DW$346, DW_AT_decl_file("D:\15_Delta\14. ANPC Converter\ANPC_3Layer\TMS320F280049C\device\
TMS320C2000 Assembler PC v22.6.0 Mon Apr 21 09:04:20 2025

Copyright (c) 1996-2018 Texas Instruments Incorporated
app_protection.asm                                                   PAGE  124

    6187                      .dwattr $C$DW$346, DW_AT_decl_line(0x247)
    6188                      .dwattr $C$DW$346, DW_AT_decl_column(0x05)
    6189              
    6190              $C$DW$347       .dwtag  DW_TAG_enumerator
    6191                      .dwattr $C$DW$347, DW_AT_name("XBAR_INPUT_FLG_SD1FLT2_COMPL")
    6192                      .dwattr $C$DW$347, DW_AT_const_value(0x209)
    6193                      .dwattr $C$DW$347, DW_AT_decl_file("D:\15_Delta\14. ANPC Converter\ANPC_3Layer\TMS320F280049C\device\
    6194                      .dwattr $C$DW$347, DW_AT_decl_line(0x248)
    6195                      .dwattr $C$DW$347, DW_AT_decl_column(0x05)
    6196              
    6197              $C$DW$348       .dwtag  DW_TAG_enumerator
    6198                      .dwattr $C$DW$348, DW_AT_name("XBAR_INPUT_FLG_SD1FLT2_COMPH")
    6199                      .dwattr $C$DW$348, DW_AT_const_value(0x20a)
    6200                      .dwattr $C$DW$348, DW_AT_decl_file("D:\15_Delta\14. ANPC Converter\ANPC_3Layer\TMS320F280049C\device\
    6201                      .dwattr $C$DW$348, DW_AT_decl_line(0x249)
    6202                      .dwattr $C$DW$348, DW_AT_decl_column(0x05)
    6203              
    6204              $C$DW$349       .dwtag  DW_TAG_enumerator
    6205                      .dwattr $C$DW$349, DW_AT_name("XBAR_INPUT_FLG_SD1FLT3_COMPL")
    6206                      .dwattr $C$DW$349, DW_AT_const_value(0x20b)
    6207                      .dwattr $C$DW$349, DW_AT_decl_file("D:\15_Delta\14. ANPC Converter\ANPC_3Layer\TMS320F280049C\device\
    6208                      .dwattr $C$DW$349, DW_AT_decl_line(0x24a)
    6209                      .dwattr $C$DW$349, DW_AT_decl_column(0x05)
    6210              
    6211              $C$DW$350       .dwtag  DW_TAG_enumerator
    6212                      .dwattr $C$DW$350, DW_AT_name("XBAR_INPUT_FLG_SD1FLT3_COMPH")
    6213                      .dwattr $C$DW$350, DW_AT_const_value(0x20c)
    6214                      .dwattr $C$DW$350, DW_AT_decl_file("D:\15_Delta\14. ANPC Converter\ANPC_3Layer\TMS320F280049C\device\
    6215                      .dwattr $C$DW$350, DW_AT_decl_line(0x24b)
    6216                      .dwattr $C$DW$350, DW_AT_decl_column(0x05)
    6217              
    6218              $C$DW$351       .dwtag  DW_TAG_enumerator
    6219                      .dwattr $C$DW$351, DW_AT_name("XBAR_INPUT_FLG_SD1FLT4_COMPL")
    6220                      .dwattr $C$DW$351, DW_AT_const_value(0x20d)
    6221                      .dwattr $C$DW$351, DW_AT_decl_file("D:\15_Delta\14. ANPC Converter\ANPC_3Layer\TMS320F280049C\device\
    6222                      .dwattr $C$DW$351, DW_AT_decl_line(0x24c)
    6223                      .dwattr $C$DW$351, DW_AT_decl_column(0x05)
    6224              
    6225              $C$DW$352       .dwtag  DW_TAG_enumerator
    6226                      .dwattr $C$DW$352, DW_AT_name("XBAR_INPUT_FLG_SD1FLT4_COMPH")
    6227                      .dwattr $C$DW$352, DW_AT_const_value(0x20e)
    6228                      .dwattr $C$DW$352, DW_AT_decl_file("D:\15_Delta\14. ANPC Converter\ANPC_3Layer\TMS320F280049C\device\
    6229                      .dwattr $C$DW$352, DW_AT_decl_line(0x24d)
    6230                      .dwattr $C$DW$352, DW_AT_decl_column(0x05)
    6231              
    6232              $C$DW$353       .dwtag  DW_TAG_enumerator
    6233                      .dwattr $C$DW$353, DW_AT_name("XBAR_INPUT_FLG_ECAP7_OUT")
    6234                      .dwattr $C$DW$353, DW_AT_const_value(0x217)
    6235                      .dwattr $C$DW$353, DW_AT_decl_file("D:\15_Delta\14. ANPC Converter\ANPC_3Layer\TMS320F280049C\device\
    6236                      .dwattr $C$DW$353, DW_AT_decl_line(0x24e)
    6237                      .dwattr $C$DW$353, DW_AT_decl_column(0x05)
    6238              
    6239              $C$DW$354       .dwtag  DW_TAG_enumerator
    6240                      .dwattr $C$DW$354, DW_AT_name("XBAR_INPUT_FLG_SD1FLT1_COMPZ")
    6241                      .dwattr $C$DW$354, DW_AT_const_value(0x218)
TMS320C2000 Assembler PC v22.6.0 Mon Apr 21 09:04:20 2025

Copyright (c) 1996-2018 Texas Instruments Incorporated
app_protection.asm                                                   PAGE  125

    6242                      .dwattr $C$DW$354, DW_AT_decl_file("D:\15_Delta\14. ANPC Converter\ANPC_3Layer\TMS320F280049C\device\
    6243                      .dwattr $C$DW$354, DW_AT_decl_line(0x24f)
    6244                      .dwattr $C$DW$354, DW_AT_decl_column(0x05)
    6245              
    6246              $C$DW$355       .dwtag  DW_TAG_enumerator
    6247                      .dwattr $C$DW$355, DW_AT_name("XBAR_INPUT_FLG_SD1FLT1_DRINT")
    6248                      .dwattr $C$DW$355, DW_AT_const_value(0x219)
    6249                      .dwattr $C$DW$355, DW_AT_decl_file("D:\15_Delta\14. ANPC Converter\ANPC_3Layer\TMS320F280049C\device\
    6250                      .dwattr $C$DW$355, DW_AT_decl_line(0x250)
    6251                      .dwattr $C$DW$355, DW_AT_decl_column(0x05)
    6252              
    6253              $C$DW$356       .dwtag  DW_TAG_enumerator
    6254                      .dwattr $C$DW$356, DW_AT_name("XBAR_INPUT_FLG_SD1FLT2_COMPZ")
    6255                      .dwattr $C$DW$356, DW_AT_const_value(0x21a)
    6256                      .dwattr $C$DW$356, DW_AT_decl_file("D:\15_Delta\14. ANPC Converter\ANPC_3Layer\TMS320F280049C\device\
    6257                      .dwattr $C$DW$356, DW_AT_decl_line(0x251)
    6258                      .dwattr $C$DW$356, DW_AT_decl_column(0x05)
    6259              
    6260              $C$DW$357       .dwtag  DW_TAG_enumerator
    6261                      .dwattr $C$DW$357, DW_AT_name("XBAR_INPUT_FLG_SD1FLT2_DRINT")
    6262                      .dwattr $C$DW$357, DW_AT_const_value(0x21b)
    6263                      .dwattr $C$DW$357, DW_AT_decl_file("D:\15_Delta\14. ANPC Converter\ANPC_3Layer\TMS320F280049C\device\
    6264                      .dwattr $C$DW$357, DW_AT_decl_line(0x252)
    6265                      .dwattr $C$DW$357, DW_AT_decl_column(0x05)
    6266              
    6267              $C$DW$358       .dwtag  DW_TAG_enumerator
    6268                      .dwattr $C$DW$358, DW_AT_name("XBAR_INPUT_FLG_SD1FLT3_COMPZ")
    6269                      .dwattr $C$DW$358, DW_AT_const_value(0x21c)
    6270                      .dwattr $C$DW$358, DW_AT_decl_file("D:\15_Delta\14. ANPC Converter\ANPC_3Layer\TMS320F280049C\device\
    6271                      .dwattr $C$DW$358, DW_AT_decl_line(0x253)
    6272                      .dwattr $C$DW$358, DW_AT_decl_column(0x05)
    6273              
    6274              $C$DW$359       .dwtag  DW_TAG_enumerator
    6275                      .dwattr $C$DW$359, DW_AT_name("XBAR_INPUT_FLG_SD1FLT3_DRINT")
    6276                      .dwattr $C$DW$359, DW_AT_const_value(0x21d)
    6277                      .dwattr $C$DW$359, DW_AT_decl_file("D:\15_Delta\14. ANPC Converter\ANPC_3Layer\TMS320F280049C\device\
    6278                      .dwattr $C$DW$359, DW_AT_decl_line(0x254)
    6279                      .dwattr $C$DW$359, DW_AT_decl_column(0x05)
    6280              
    6281              $C$DW$360       .dwtag  DW_TAG_enumerator
    6282                      .dwattr $C$DW$360, DW_AT_name("XBAR_INPUT_FLG_SD1FLT4_COMPZ")
    6283                      .dwattr $C$DW$360, DW_AT_const_value(0x21e)
    6284                      .dwattr $C$DW$360, DW_AT_decl_file("D:\15_Delta\14. ANPC Converter\ANPC_3Layer\TMS320F280049C\device\
    6285                      .dwattr $C$DW$360, DW_AT_decl_line(0x255)
    6286                      .dwattr $C$DW$360, DW_AT_decl_column(0x05)
    6287              
    6288              $C$DW$361       .dwtag  DW_TAG_enumerator
    6289                      .dwattr $C$DW$361, DW_AT_name("XBAR_INPUT_FLG_SD1FLT4_DRINT")
    6290                      .dwattr $C$DW$361, DW_AT_const_value(0x21f)
    6291                      .dwattr $C$DW$361, DW_AT_decl_file("D:\15_Delta\14. ANPC Converter\ANPC_3Layer\TMS320F280049C\device\
    6292                      .dwattr $C$DW$361, DW_AT_decl_line(0x256)
    6293                      .dwattr $C$DW$361, DW_AT_decl_column(0x05)
    6294              
    6295              $C$DW$362       .dwtag  DW_TAG_enumerator
    6296                      .dwattr $C$DW$362, DW_AT_name("XBAR_INPUT_FLG_CLB1_OUT4")
TMS320C2000 Assembler PC v22.6.0 Mon Apr 21 09:04:20 2025

Copyright (c) 1996-2018 Texas Instruments Incorporated
app_protection.asm                                                   PAGE  126

    6297                      .dwattr $C$DW$362, DW_AT_const_value(0x310)
    6298                      .dwattr $C$DW$362, DW_AT_decl_file("D:\15_Delta\14. ANPC Converter\ANPC_3Layer\TMS320F280049C\device\
    6299                      .dwattr $C$DW$362, DW_AT_decl_line(0x25a)
    6300                      .dwattr $C$DW$362, DW_AT_decl_column(0x05)
    6301              
    6302              $C$DW$363       .dwtag  DW_TAG_enumerator
    6303                      .dwattr $C$DW$363, DW_AT_name("XBAR_INPUT_FLG_CLB1_OUT5")
    6304                      .dwattr $C$DW$363, DW_AT_const_value(0x311)
    6305                      .dwattr $C$DW$363, DW_AT_decl_file("D:\15_Delta\14. ANPC Converter\ANPC_3Layer\TMS320F280049C\device\
    6306                      .dwattr $C$DW$363, DW_AT_decl_line(0x25b)
    6307                      .dwattr $C$DW$363, DW_AT_decl_column(0x05)
    6308              
    6309              $C$DW$364       .dwtag  DW_TAG_enumerator
    6310                      .dwattr $C$DW$364, DW_AT_name("XBAR_INPUT_FLG_CLB2_OUT4")
    6311                      .dwattr $C$DW$364, DW_AT_const_value(0x312)
    6312                      .dwattr $C$DW$364, DW_AT_decl_file("D:\15_Delta\14. ANPC Converter\ANPC_3Layer\TMS320F280049C\device\
    6313                      .dwattr $C$DW$364, DW_AT_decl_line(0x25c)
    6314                      .dwattr $C$DW$364, DW_AT_decl_column(0x05)
    6315              
    6316              $C$DW$365       .dwtag  DW_TAG_enumerator
    6317                      .dwattr $C$DW$365, DW_AT_name("XBAR_INPUT_FLG_CLB2_OUT5")
    6318                      .dwattr $C$DW$365, DW_AT_const_value(0x313)
    6319                      .dwattr $C$DW$365, DW_AT_decl_file("D:\15_Delta\14. ANPC Converter\ANPC_3Layer\TMS320F280049C\device\
    6320                      .dwattr $C$DW$365, DW_AT_decl_line(0x25d)
    6321                      .dwattr $C$DW$365, DW_AT_decl_column(0x05)
    6322              
    6323              $C$DW$366       .dwtag  DW_TAG_enumerator
    6324                      .dwattr $C$DW$366, DW_AT_name("XBAR_INPUT_FLG_CLB3_OUT4")
    6325                      .dwattr $C$DW$366, DW_AT_const_value(0x314)
    6326                      .dwattr $C$DW$366, DW_AT_decl_file("D:\15_Delta\14. ANPC Converter\ANPC_3Layer\TMS320F280049C\device\
    6327                      .dwattr $C$DW$366, DW_AT_decl_line(0x25e)
    6328                      .dwattr $C$DW$366, DW_AT_decl_column(0x05)
    6329              
    6330              $C$DW$367       .dwtag  DW_TAG_enumerator
    6331                      .dwattr $C$DW$367, DW_AT_name("XBAR_INPUT_FLG_CLB3_OUT5")
    6332                      .dwattr $C$DW$367, DW_AT_const_value(0x315)
    6333                      .dwattr $C$DW$367, DW_AT_decl_file("D:\15_Delta\14. ANPC Converter\ANPC_3Layer\TMS320F280049C\device\
    6334                      .dwattr $C$DW$367, DW_AT_decl_line(0x25f)
    6335                      .dwattr $C$DW$367, DW_AT_decl_column(0x05)
    6336              
    6337              $C$DW$368       .dwtag  DW_TAG_enumerator
    6338                      .dwattr $C$DW$368, DW_AT_name("XBAR_INPUT_FLG_CLB4_OUT4")
    6339                      .dwattr $C$DW$368, DW_AT_const_value(0x316)
    6340                      .dwattr $C$DW$368, DW_AT_decl_file("D:\15_Delta\14. ANPC Converter\ANPC_3Layer\TMS320F280049C\device\
    6341                      .dwattr $C$DW$368, DW_AT_decl_line(0x260)
    6342                      .dwattr $C$DW$368, DW_AT_decl_column(0x05)
    6343              
    6344              $C$DW$369       .dwtag  DW_TAG_enumerator
    6345                      .dwattr $C$DW$369, DW_AT_name("XBAR_INPUT_FLG_CLB4_OUT5")
    6346                      .dwattr $C$DW$369, DW_AT_const_value(0x317)
    6347                      .dwattr $C$DW$369, DW_AT_decl_file("D:\15_Delta\14. ANPC Converter\ANPC_3Layer\TMS320F280049C\device\
    6348                      .dwattr $C$DW$369, DW_AT_decl_line(0x261)
    6349                      .dwattr $C$DW$369, DW_AT_decl_column(0x05)
    6350              
    6351              $C$DW$370       .dwtag  DW_TAG_enumerator
TMS320C2000 Assembler PC v22.6.0 Mon Apr 21 09:04:20 2025

Copyright (c) 1996-2018 Texas Instruments Incorporated
app_protection.asm                                                   PAGE  127

    6352                      .dwattr $C$DW$370, DW_AT_name("XBAR_INPUT_FLG_CLAHALT")
    6353                      .dwattr $C$DW$370, DW_AT_const_value(0x31f)
    6354                      .dwattr $C$DW$370, DW_AT_decl_file("D:\15_Delta\14. ANPC Converter\ANPC_3Layer\TMS320F280049C\device\
    6355                      .dwattr $C$DW$370, DW_AT_decl_line(0x262)
    6356                      .dwattr $C$DW$370, DW_AT_decl_column(0x05)
    6357              
    6358                      .dwattr $C$DW$T$32, DW_AT_decl_file("D:\15_Delta\14. ANPC Converter\ANPC_3Layer\TMS320F280049C\device
    6359                      .dwattr $C$DW$T$32, DW_AT_decl_line(0x1f5)
    6360                      .dwattr $C$DW$T$32, DW_AT_decl_column(0x01)
    6361                      .dwendtag $C$DW$T$32
    6362              
    6363                      .dwendtag $C$DW$TU$32
    6364              
    6365              
    6366              $C$DW$TU$33     .dwtag  DW_TAG_type_unit
    6367                      .dwmtype  $C$DW$T$33
    6368              $C$DW$T$33      .dwtag  DW_TAG_typedef
    6369                      .dwattr $C$DW$T$33, DW_AT_name("XBAR_InputFlag")
    6370                      .dwattr $C$DW$T$33, DW_AT_type(*$C$DW$T$32)
    6371                      .dwattr $C$DW$T$33, DW_AT_decl_file("D:\15_Delta\14. ANPC Converter\ANPC_3Layer\TMS320F280049C\device
    6372                      .dwattr $C$DW$T$33, DW_AT_decl_line(0x263)
    6373                      .dwattr $C$DW$T$33, DW_AT_decl_column(0x03)
    6374              
    6375                      .dwendtag $C$DW$TU$33
    6376              
    6377              
    6378              $C$DW$TU$34     .dwtag  DW_TAG_type_unit
    6379                      .dwmtype  $C$DW$T$34
    6380              
    6381              $C$DW$T$34      .dwtag  DW_TAG_enumeration_type
    6382                      .dwattr $C$DW$T$34, DW_AT_byte_size(0x01)
    6383              $C$DW$371       .dwtag  DW_TAG_enumerator
    6384                      .dwattr $C$DW$371, DW_AT_name("EVENT_NULL")
    6385                      .dwattr $C$DW$371, DW_AT_const_value(0x00)
    6386                      .dwattr $C$DW$371, DW_AT_decl_file("D:\15_Delta\14. ANPC Converter\ANPC_3Layer\Source\app\app_event.h
    6387                      .dwattr $C$DW$371, DW_AT_decl_line(0x1d)
    6388                      .dwattr $C$DW$371, DW_AT_decl_column(0x05)
    6389              
    6390              $C$DW$372       .dwtag  DW_TAG_enumerator
    6391                      .dwattr $C$DW$372, DW_AT_name("EVENT_ON_ENTRY")
    6392                      .dwattr $C$DW$372, DW_AT_const_value(0x01)
    6393                      .dwattr $C$DW$372, DW_AT_decl_file("D:\15_Delta\14. ANPC Converter\ANPC_3Layer\Source\app\app_event.h
    6394                      .dwattr $C$DW$372, DW_AT_decl_line(0x1e)
    6395                      .dwattr $C$DW$372, DW_AT_decl_column(0x05)
    6396              
    6397              $C$DW$373       .dwtag  DW_TAG_enumerator
    6398                      .dwattr $C$DW$373, DW_AT_name("EVENT_ON_EXIT")
    6399                      .dwattr $C$DW$373, DW_AT_const_value(0x02)
    6400                      .dwattr $C$DW$373, DW_AT_decl_file("D:\15_Delta\14. ANPC Converter\ANPC_3Layer\Source\app\app_event.h
    6401                      .dwattr $C$DW$373, DW_AT_decl_line(0x1f)
    6402                      .dwattr $C$DW$373, DW_AT_decl_column(0x05)
    6403              
    6404              $C$DW$374       .dwtag  DW_TAG_enumerator
    6405                      .dwattr $C$DW$374, DW_AT_name("EVENT_VGRID_OVP")
    6406                      .dwattr $C$DW$374, DW_AT_const_value(0x03)
TMS320C2000 Assembler PC v22.6.0 Mon Apr 21 09:04:20 2025

Copyright (c) 1996-2018 Texas Instruments Incorporated
app_protection.asm                                                   PAGE  128

    6407                      .dwattr $C$DW$374, DW_AT_decl_file("D:\15_Delta\14. ANPC Converter\ANPC_3Layer\Source\app\app_event.h
    6408                      .dwattr $C$DW$374, DW_AT_decl_line(0x22)
    6409                      .dwattr $C$DW$374, DW_AT_decl_column(0x05)
    6410              
    6411              $C$DW$375       .dwtag  DW_TAG_enumerator
    6412                      .dwattr $C$DW$375, DW_AT_name("EVENT_VGRID_UVP")
    6413                      .dwattr $C$DW$375, DW_AT_const_value(0x04)
    6414                      .dwattr $C$DW$375, DW_AT_decl_file("D:\15_Delta\14. ANPC Converter\ANPC_3Layer\Source\app\app_event.h
    6415                      .dwattr $C$DW$375, DW_AT_decl_line(0x23)
    6416                      .dwattr $C$DW$375, DW_AT_decl_column(0x05)
    6417              
    6418              $C$DW$376       .dwtag  DW_TAG_enumerator
    6419                      .dwattr $C$DW$376, DW_AT_name("EVENT_VGRID_LOSS")
    6420                      .dwattr $C$DW$376, DW_AT_const_value(0x05)
    6421                      .dwattr $C$DW$376, DW_AT_decl_file("D:\15_Delta\14. ANPC Converter\ANPC_3Layer\Source\app\app_event.h
    6422                      .dwattr $C$DW$376, DW_AT_decl_line(0x24)
    6423                      .dwattr $C$DW$376, DW_AT_decl_column(0x05)
    6424              
    6425              $C$DW$377       .dwtag  DW_TAG_enumerator
    6426                      .dwattr $C$DW$377, DW_AT_name("EVENT_VGRID_FREQ")
    6427                      .dwattr $C$DW$377, DW_AT_const_value(0x06)
    6428                      .dwattr $C$DW$377, DW_AT_decl_file("D:\15_Delta\14. ANPC Converter\ANPC_3Layer\Source\app\app_event.h
    6429                      .dwattr $C$DW$377, DW_AT_decl_line(0x25)
    6430                      .dwattr $C$DW$377, DW_AT_decl_column(0x05)
    6431              
    6432              $C$DW$378       .dwtag  DW_TAG_enumerator
    6433                      .dwattr $C$DW$378, DW_AT_name("EVENT_VBUS_OVP")
    6434                      .dwattr $C$DW$378, DW_AT_const_value(0x07)
    6435                      .dwattr $C$DW$378, DW_AT_decl_file("D:\15_Delta\14. ANPC Converter\ANPC_3Layer\Source\app\app_event.h
    6436                      .dwattr $C$DW$378, DW_AT_decl_line(0x26)
    6437                      .dwattr $C$DW$378, DW_AT_decl_column(0x05)
    6438              
    6439              $C$DW$379       .dwtag  DW_TAG_enumerator
    6440                      .dwattr $C$DW$379, DW_AT_name("EVENT_VBUS_UVP")
    6441                      .dwattr $C$DW$379, DW_AT_const_value(0x08)
    6442                      .dwattr $C$DW$379, DW_AT_decl_file("D:\15_Delta\14. ANPC Converter\ANPC_3Layer\Source\app\app_event.h
    6443                      .dwattr $C$DW$379, DW_AT_decl_line(0x27)
    6444                      .dwattr $C$DW$379, DW_AT_decl_column(0x05)
    6445              
    6446              $C$DW$380       .dwtag  DW_TAG_enumerator
    6447                      .dwattr $C$DW$380, DW_AT_name("EVENT_I_OCP")
    6448                      .dwattr $C$DW$380, DW_AT_const_value(0x09)
    6449                      .dwattr $C$DW$380, DW_AT_decl_file("D:\15_Delta\14. ANPC Converter\ANPC_3Layer\Source\app\app_event.h
    6450                      .dwattr $C$DW$380, DW_AT_decl_line(0x28)
    6451                      .dwattr $C$DW$380, DW_AT_decl_column(0x05)
    6452              
    6453              $C$DW$381       .dwtag  DW_TAG_enumerator
    6454                      .dwattr $C$DW$381, DW_AT_name("EVENT_TEMP_OTP")
    6455                      .dwattr $C$DW$381, DW_AT_const_value(0x0a)
    6456                      .dwattr $C$DW$381, DW_AT_decl_file("D:\15_Delta\14. ANPC Converter\ANPC_3Layer\Source\app\app_event.h
    6457                      .dwattr $C$DW$381, DW_AT_decl_line(0x29)
    6458                      .dwattr $C$DW$381, DW_AT_decl_column(0x05)
    6459              
    6460              $C$DW$382       .dwtag  DW_TAG_enumerator
    6461                      .dwattr $C$DW$382, DW_AT_name("EVENT_START_SM_OK")
TMS320C2000 Assembler PC v22.6.0 Mon Apr 21 09:04:20 2025

Copyright (c) 1996-2018 Texas Instruments Incorporated
app_protection.asm                                                   PAGE  129

    6462                      .dwattr $C$DW$382, DW_AT_const_value(0x0b)
    6463                      .dwattr $C$DW$382, DW_AT_decl_file("D:\15_Delta\14. ANPC Converter\ANPC_3Layer\Source\app\app_event.h
    6464                      .dwattr $C$DW$382, DW_AT_decl_line(0x2c)
    6465                      .dwattr $C$DW$382, DW_AT_decl_column(0x05)
    6466              
    6467              $C$DW$383       .dwtag  DW_TAG_enumerator
    6468                      .dwattr $C$DW$383, DW_AT_name("EVENT_PRECHARGE_OK")
    6469                      .dwattr $C$DW$383, DW_AT_const_value(0x0c)
    6470                      .dwattr $C$DW$383, DW_AT_decl_file("D:\15_Delta\14. ANPC Converter\ANPC_3Layer\Source\app\app_event.h
    6471                      .dwattr $C$DW$383, DW_AT_decl_line(0x2f)
    6472                      .dwattr $C$DW$383, DW_AT_decl_column(0x05)
    6473              
    6474              $C$DW$384       .dwtag  DW_TAG_enumerator
    6475                      .dwattr $C$DW$384, DW_AT_name("EVENT_JUMP_TO_SOFTSTART")
    6476                      .dwattr $C$DW$384, DW_AT_const_value(0x0d)
    6477                      .dwattr $C$DW$384, DW_AT_decl_file("D:\15_Delta\14. ANPC Converter\ANPC_3Layer\Source\app\app_event.h
    6478                      .dwattr $C$DW$384, DW_AT_decl_line(0x30)
    6479                      .dwattr $C$DW$384, DW_AT_decl_column(0x05)
    6480              
    6481              $C$DW$385       .dwtag  DW_TAG_enumerator
    6482                      .dwattr $C$DW$385, DW_AT_name("EVENT_PRECHARGE_NOT_OK")
    6483                      .dwattr $C$DW$385, DW_AT_const_value(0x0e)
    6484                      .dwattr $C$DW$385, DW_AT_decl_file("D:\15_Delta\14. ANPC Converter\ANPC_3Layer\Source\app\app_event.h
    6485                      .dwattr $C$DW$385, DW_AT_decl_line(0x33)
    6486                      .dwattr $C$DW$385, DW_AT_decl_column(0x05)
    6487              
    6488              $C$DW$386       .dwtag  DW_TAG_enumerator
    6489                      .dwattr $C$DW$386, DW_AT_name("EVENT_SOFTSTART_OK")
    6490                      .dwattr $C$DW$386, DW_AT_const_value(0x0f)
    6491                      .dwattr $C$DW$386, DW_AT_decl_file("D:\15_Delta\14. ANPC Converter\ANPC_3Layer\Source\app\app_event.h
    6492                      .dwattr $C$DW$386, DW_AT_decl_line(0x34)
    6493                      .dwattr $C$DW$386, DW_AT_decl_column(0x05)
    6494              
    6495              $C$DW$387       .dwtag  DW_TAG_enumerator
    6496                      .dwattr $C$DW$387, DW_AT_name("EVENT_RESET")
    6497                      .dwattr $C$DW$387, DW_AT_const_value(0x10)
    6498                      .dwattr $C$DW$387, DW_AT_decl_file("D:\15_Delta\14. ANPC Converter\ANPC_3Layer\Source\app\app_event.h
    6499                      .dwattr $C$DW$387, DW_AT_decl_line(0x39)
    6500                      .dwattr $C$DW$387, DW_AT_decl_column(0x05)
    6501              
    6502                      .dwattr $C$DW$T$34, DW_AT_decl_file("D:\15_Delta\14. ANPC Converter\ANPC_3Layer\Source\app\app_event.
    6503                      .dwattr $C$DW$T$34, DW_AT_decl_line(0x1b)
    6504                      .dwattr $C$DW$T$34, DW_AT_decl_column(0x01)
    6505                      .dwendtag $C$DW$T$34
    6506              
    6507                      .dwendtag $C$DW$TU$34
    6508              
    6509              
    6510              $C$DW$TU$35     .dwtag  DW_TAG_type_unit
    6511                      .dwmtype  $C$DW$T$35
    6512              $C$DW$T$35      .dwtag  DW_TAG_typedef
    6513                      .dwattr $C$DW$T$35, DW_AT_name("StateEvent")
    6514                      .dwattr $C$DW$T$35, DW_AT_type(*$C$DW$T$34)
    6515                      .dwattr $C$DW$T$35, DW_AT_decl_file("D:\15_Delta\14. ANPC Converter\ANPC_3Layer\Source\app\app_event.
    6516                      .dwattr $C$DW$T$35, DW_AT_decl_line(0x3b)
TMS320C2000 Assembler PC v22.6.0 Mon Apr 21 09:04:20 2025

Copyright (c) 1996-2018 Texas Instruments Incorporated
app_protection.asm                                                   PAGE  130

    6517                      .dwattr $C$DW$T$35, DW_AT_decl_column(0x03)
    6518              
    6519                      .dwendtag $C$DW$TU$35
    6520              
    6521              
    6522              $C$DW$TU$20     .dwtag  DW_TAG_type_unit
    6523                      .dwmtype  $C$DW$T$20
    6524              
    6525              $C$DW$T$20      .dwtag  DW_TAG_structure_type
    6526                      .dwattr $C$DW$T$20, DW_AT_byte_size(0x12)
    6527              $C$DW$388       .dwtag  DW_TAG_member
    6528                      .dwattr $C$DW$388, DW_AT_type(*$C$DW$T$19)
    6529                      .dwattr $C$DW$388, DW_AT_name("raw")
    6530                      .dwattr $C$DW$388, DW_AT_accessibility(DW_ACCESS_public)
    6531                      .dwattr $C$DW$388, DW_AT_decl_file("D:\15_Delta\14. ANPC Converter\ANPC_3Layer\Source\app\app_physica
    6532                      .dwattr $C$DW$388, DW_AT_decl_line(0x1e)
    6533                      .dwattr $C$DW$388, DW_AT_decl_column(0x0f)
    6534              
    6535              $C$DW$389       .dwtag  DW_TAG_member
    6536                      .dwattr $C$DW$389, DW_AT_type(*$C$DW$T$19)
    6537                      .dwattr $C$DW$389, DW_AT_name("avg")
    6538                      .dwattr $C$DW$389, DW_AT_data_member_location[DW_OP_plus_uconst 0x2]
    6539                      .dwattr $C$DW$389, DW_AT_accessibility(DW_ACCESS_public)
    6540                      .dwattr $C$DW$389, DW_AT_decl_file("D:\15_Delta\14. ANPC Converter\ANPC_3Layer\Source\app\app_physica
    6541                      .dwattr $C$DW$389, DW_AT_decl_line(0x1f)
    6542                      .dwattr $C$DW$389, DW_AT_decl_column(0x0f)
    6543              
    6544              $C$DW$390       .dwtag  DW_TAG_member
    6545                      .dwattr $C$DW$390, DW_AT_type(*$C$DW$T$19)
    6546                      .dwattr $C$DW$390, DW_AT_name("rms")
    6547                      .dwattr $C$DW$390, DW_AT_data_member_location[DW_OP_plus_uconst 0x4]
    6548                      .dwattr $C$DW$390, DW_AT_accessibility(DW_ACCESS_public)
    6549                      .dwattr $C$DW$390, DW_AT_decl_file("D:\15_Delta\14. ANPC Converter\ANPC_3Layer\Source\app\app_physica
    6550                      .dwattr $C$DW$390, DW_AT_decl_line(0x20)
    6551                      .dwattr $C$DW$390, DW_AT_decl_column(0x0f)
    6552              
    6553              $C$DW$391       .dwtag  DW_TAG_member
    6554                      .dwattr $C$DW$391, DW_AT_type(*$C$DW$T$19)
    6555                      .dwattr $C$DW$391, DW_AT_name("peak")
    6556                      .dwattr $C$DW$391, DW_AT_data_member_location[DW_OP_plus_uconst 0x6]
    6557                      .dwattr $C$DW$391, DW_AT_accessibility(DW_ACCESS_public)
    6558                      .dwattr $C$DW$391, DW_AT_decl_file("D:\15_Delta\14. ANPC Converter\ANPC_3Layer\Source\app\app_physica
    6559                      .dwattr $C$DW$391, DW_AT_decl_line(0x21)
    6560                      .dwattr $C$DW$391, DW_AT_decl_column(0x0f)
    6561              
    6562              $C$DW$392       .dwtag  DW_TAG_member
    6563                      .dwattr $C$DW$392, DW_AT_type(*$C$DW$T$19)
    6564                      .dwattr $C$DW$392, DW_AT_name("actual")
    6565                      .dwattr $C$DW$392, DW_AT_data_member_location[DW_OP_plus_uconst 0x8]
    6566                      .dwattr $C$DW$392, DW_AT_accessibility(DW_ACCESS_public)
    6567                      .dwattr $C$DW$392, DW_AT_decl_file("D:\15_Delta\14. ANPC Converter\ANPC_3Layer\Source\app\app_physica
    6568                      .dwattr $C$DW$392, DW_AT_decl_line(0x22)
    6569                      .dwattr $C$DW$392, DW_AT_decl_column(0x0f)
    6570              
    6571              $C$DW$393       .dwtag  DW_TAG_member
TMS320C2000 Assembler PC v22.6.0 Mon Apr 21 09:04:20 2025

Copyright (c) 1996-2018 Texas Instruments Incorporated
app_protection.asm                                                   PAGE  131

    6572                      .dwattr $C$DW$393, DW_AT_type(*$C$DW$T$19)
    6573                      .dwattr $C$DW$393, DW_AT_name("raw_pu")
    6574                      .dwattr $C$DW$393, DW_AT_data_member_location[DW_OP_plus_uconst 0xa]
    6575                      .dwattr $C$DW$393, DW_AT_accessibility(DW_ACCESS_public)
    6576                      .dwattr $C$DW$393, DW_AT_decl_file("D:\15_Delta\14. ANPC Converter\ANPC_3Layer\Source\app\app_physica
    6577                      .dwattr $C$DW$393, DW_AT_decl_line(0x24)
    6578                      .dwattr $C$DW$393, DW_AT_decl_column(0x0f)
    6579              
    6580              $C$DW$394       .dwtag  DW_TAG_member
    6581                      .dwattr $C$DW$394, DW_AT_type(*$C$DW$T$19)
    6582                      .dwattr $C$DW$394, DW_AT_name("avg_pu")
    6583                      .dwattr $C$DW$394, DW_AT_data_member_location[DW_OP_plus_uconst 0xc]
    6584                      .dwattr $C$DW$394, DW_AT_accessibility(DW_ACCESS_public)
    6585                      .dwattr $C$DW$394, DW_AT_decl_file("D:\15_Delta\14. ANPC Converter\ANPC_3Layer\Source\app\app_physica
    6586                      .dwattr $C$DW$394, DW_AT_decl_line(0x25)
    6587                      .dwattr $C$DW$394, DW_AT_decl_column(0x0f)
    6588              
    6589              $C$DW$395       .dwtag  DW_TAG_member
    6590                      .dwattr $C$DW$395, DW_AT_type(*$C$DW$T$19)
    6591                      .dwattr $C$DW$395, DW_AT_name("rms_pu")
    6592                      .dwattr $C$DW$395, DW_AT_data_member_location[DW_OP_plus_uconst 0xe]
    6593                      .dwattr $C$DW$395, DW_AT_accessibility(DW_ACCESS_public)
    6594                      .dwattr $C$DW$395, DW_AT_decl_file("D:\15_Delta\14. ANPC Converter\ANPC_3Layer\Source\app\app_physica
    6595                      .dwattr $C$DW$395, DW_AT_decl_line(0x26)
    6596                      .dwattr $C$DW$395, DW_AT_decl_column(0x0f)
    6597              
    6598              $C$DW$396       .dwtag  DW_TAG_member
    6599                      .dwattr $C$DW$396, DW_AT_type(*$C$DW$T$19)
    6600                      .dwattr $C$DW$396, DW_AT_name("peak_pu")
    6601                      .dwattr $C$DW$396, DW_AT_data_member_location[DW_OP_plus_uconst 0x10]
    6602                      .dwattr $C$DW$396, DW_AT_accessibility(DW_ACCESS_public)
    6603                      .dwattr $C$DW$396, DW_AT_decl_file("D:\15_Delta\14. ANPC Converter\ANPC_3Layer\Source\app\app_physica
    6604                      .dwattr $C$DW$396, DW_AT_decl_line(0x27)
    6605                      .dwattr $C$DW$396, DW_AT_decl_column(0x0f)
    6606              
    6607                      .dwattr $C$DW$T$20, DW_AT_decl_file("D:\15_Delta\14. ANPC Converter\ANPC_3Layer\Source\app\app_physic
    6608                      .dwattr $C$DW$T$20, DW_AT_decl_line(0x1d)
    6609                      .dwattr $C$DW$T$20, DW_AT_decl_column(0x01)
    6610                      .dwendtag $C$DW$T$20
    6611              
    6612                      .dwendtag $C$DW$TU$20
    6613              
    6614              
    6615              $C$DW$TU$21     .dwtag  DW_TAG_type_unit
    6616                      .dwmtype  $C$DW$T$21
    6617              $C$DW$T$21      .dwtag  DW_TAG_typedef
    6618                      .dwattr $C$DW$T$21, DW_AT_name("PhysicalHandle_Struct")
    6619                      .dwattr $C$DW$T$21, DW_AT_type(*$C$DW$T$20)
    6620                      .dwattr $C$DW$T$21, DW_AT_decl_file("D:\15_Delta\14. ANPC Converter\ANPC_3Layer\Source\app\app_physic
    6621                      .dwattr $C$DW$T$21, DW_AT_decl_line(0x29)
    6622                      .dwattr $C$DW$T$21, DW_AT_decl_column(0x03)
    6623              
    6624                      .dwendtag $C$DW$TU$21
    6625              
    6626              
TMS320C2000 Assembler PC v22.6.0 Mon Apr 21 09:04:20 2025

Copyright (c) 1996-2018 Texas Instruments Incorporated
app_protection.asm                                                   PAGE  132

    6627              $C$DW$TU$23     .dwtag  DW_TAG_type_unit
    6628                      .dwmtype  $C$DW$T$23
    6629              
    6630              $C$DW$T$23      .dwtag  DW_TAG_structure_type
    6631                      .dwattr $C$DW$T$23, DW_AT_byte_size(0x294)
    6632              $C$DW$397       .dwtag  DW_TAG_member
    6633                      .dwattr $C$DW$397, DW_AT_type(*$C$DW$T$21)
    6634                      .dwattr $C$DW$397, DW_AT_name("VgridA")
    6635                      .dwattr $C$DW$397, DW_AT_accessibility(DW_ACCESS_public)
    6636                      .dwattr $C$DW$397, DW_AT_decl_file("D:\15_Delta\14. ANPC Converter\ANPC_3Layer\Source\app\app_physica
    6637                      .dwattr $C$DW$397, DW_AT_decl_line(0x2d)
    6638                      .dwattr $C$DW$397, DW_AT_decl_column(0x1b)
    6639              
    6640              $C$DW$398       .dwtag  DW_TAG_member
    6641                      .dwattr $C$DW$398, DW_AT_type(*$C$DW$T$21)
    6642                      .dwattr $C$DW$398, DW_AT_name("VgridA_prev")
    6643                      .dwattr $C$DW$398, DW_AT_data_member_location[DW_OP_plus_uconst 0x12]
    6644                      .dwattr $C$DW$398, DW_AT_accessibility(DW_ACCESS_public)
    6645                      .dwattr $C$DW$398, DW_AT_decl_file("D:\15_Delta\14. ANPC Converter\ANPC_3Layer\Source\app\app_physica
    6646                      .dwattr $C$DW$398, DW_AT_decl_line(0x2e)
    6647                      .dwattr $C$DW$398, DW_AT_decl_column(0x1b)
    6648              
    6649              $C$DW$399       .dwtag  DW_TAG_member
    6650                      .dwattr $C$DW$399, DW_AT_type(*$C$DW$T$21)
    6651                      .dwattr $C$DW$399, DW_AT_name("VgridB")
    6652                      .dwattr $C$DW$399, DW_AT_data_member_location[DW_OP_plus_uconst 0x24]
    6653                      .dwattr $C$DW$399, DW_AT_accessibility(DW_ACCESS_public)
    6654                      .dwattr $C$DW$399, DW_AT_decl_file("D:\15_Delta\14. ANPC Converter\ANPC_3Layer\Source\app\app_physica
    6655                      .dwattr $C$DW$399, DW_AT_decl_line(0x2f)
    6656                      .dwattr $C$DW$399, DW_AT_decl_column(0x1b)
    6657              
    6658              $C$DW$400       .dwtag  DW_TAG_member
    6659                      .dwattr $C$DW$400, DW_AT_type(*$C$DW$T$21)
    6660                      .dwattr $C$DW$400, DW_AT_name("VgridC")
    6661                      .dwattr $C$DW$400, DW_AT_data_member_location[DW_OP_plus_uconst 0x36]
    6662                      .dwattr $C$DW$400, DW_AT_accessibility(DW_ACCESS_public)
    6663                      .dwattr $C$DW$400, DW_AT_decl_file("D:\15_Delta\14. ANPC Converter\ANPC_3Layer\Source\app\app_physica
    6664                      .dwattr $C$DW$400, DW_AT_decl_line(0x30)
    6665                      .dwattr $C$DW$400, DW_AT_decl_column(0x1b)
    6666              
    6667              $C$DW$401       .dwtag  DW_TAG_member
    6668                      .dwattr $C$DW$401, DW_AT_type(*$C$DW$T$21)
    6669                      .dwattr $C$DW$401, DW_AT_name("VgridA_offset")
    6670                      .dwattr $C$DW$401, DW_AT_data_member_location[DW_OP_plus_uconst 0x48]
    6671                      .dwattr $C$DW$401, DW_AT_accessibility(DW_ACCESS_public)
    6672                      .dwattr $C$DW$401, DW_AT_decl_file("D:\15_Delta\14. ANPC Converter\ANPC_3Layer\Source\app\app_physica
    6673                      .dwattr $C$DW$401, DW_AT_decl_line(0x32)
    6674                      .dwattr $C$DW$401, DW_AT_decl_column(0x1b)
    6675              
    6676              $C$DW$402       .dwtag  DW_TAG_member
    6677                      .dwattr $C$DW$402, DW_AT_type(*$C$DW$T$21)
    6678                      .dwattr $C$DW$402, DW_AT_name("VgridB_offset")
    6679                      .dwattr $C$DW$402, DW_AT_data_member_location[DW_OP_plus_uconst 0x5a]
    6680                      .dwattr $C$DW$402, DW_AT_accessibility(DW_ACCESS_public)
    6681                      .dwattr $C$DW$402, DW_AT_decl_file("D:\15_Delta\14. ANPC Converter\ANPC_3Layer\Source\app\app_physica
TMS320C2000 Assembler PC v22.6.0 Mon Apr 21 09:04:20 2025

Copyright (c) 1996-2018 Texas Instruments Incorporated
app_protection.asm                                                   PAGE  133

    6682                      .dwattr $C$DW$402, DW_AT_decl_line(0x33)
    6683                      .dwattr $C$DW$402, DW_AT_decl_column(0x1b)
    6684              
    6685              $C$DW$403       .dwtag  DW_TAG_member
    6686                      .dwattr $C$DW$403, DW_AT_type(*$C$DW$T$21)
    6687                      .dwattr $C$DW$403, DW_AT_name("VgridC_offset")
    6688                      .dwattr $C$DW$403, DW_AT_data_member_location[DW_OP_plus_uconst 0x6c]
    6689                      .dwattr $C$DW$403, DW_AT_accessibility(DW_ACCESS_public)
    6690                      .dwattr $C$DW$403, DW_AT_decl_file("D:\15_Delta\14. ANPC Converter\ANPC_3Layer\Source\app\app_physica
    6691                      .dwattr $C$DW$403, DW_AT_decl_line(0x34)
    6692                      .dwattr $C$DW$403, DW_AT_decl_column(0x1b)
    6693              
    6694              $C$DW$404       .dwtag  DW_TAG_member
    6695                      .dwattr $C$DW$404, DW_AT_type(*$C$DW$T$21)
    6696                      .dwattr $C$DW$404, DW_AT_name("VanpcA")
    6697                      .dwattr $C$DW$404, DW_AT_data_member_location[DW_OP_plus_uconst 0x7e]
    6698                      .dwattr $C$DW$404, DW_AT_accessibility(DW_ACCESS_public)
    6699                      .dwattr $C$DW$404, DW_AT_decl_file("D:\15_Delta\14. ANPC Converter\ANPC_3Layer\Source\app\app_physica
    6700                      .dwattr $C$DW$404, DW_AT_decl_line(0x36)
    6701                      .dwattr $C$DW$404, DW_AT_decl_column(0x1b)
    6702              
    6703              $C$DW$405       .dwtag  DW_TAG_member
    6704                      .dwattr $C$DW$405, DW_AT_type(*$C$DW$T$21)
    6705                      .dwattr $C$DW$405, DW_AT_name("VanpcB")
    6706                      .dwattr $C$DW$405, DW_AT_data_member_location[DW_OP_plus_uconst 0x90]
    6707                      .dwattr $C$DW$405, DW_AT_accessibility(DW_ACCESS_public)
    6708                      .dwattr $C$DW$405, DW_AT_decl_file("D:\15_Delta\14. ANPC Converter\ANPC_3Layer\Source\app\app_physica
    6709                      .dwattr $C$DW$405, DW_AT_decl_line(0x37)
    6710                      .dwattr $C$DW$405, DW_AT_decl_column(0x1b)
    6711              
    6712              $C$DW$406       .dwtag  DW_TAG_member
    6713                      .dwattr $C$DW$406, DW_AT_type(*$C$DW$T$21)
    6714                      .dwattr $C$DW$406, DW_AT_name("VanpcC")
    6715                      .dwattr $C$DW$406, DW_AT_data_member_location[DW_OP_plus_uconst 0xa2]
    6716                      .dwattr $C$DW$406, DW_AT_accessibility(DW_ACCESS_public)
    6717                      .dwattr $C$DW$406, DW_AT_decl_file("D:\15_Delta\14. ANPC Converter\ANPC_3Layer\Source\app\app_physica
    6718                      .dwattr $C$DW$406, DW_AT_decl_line(0x38)
    6719                      .dwattr $C$DW$406, DW_AT_decl_column(0x1b)
    6720              
    6721              $C$DW$407       .dwtag  DW_TAG_member
    6722                      .dwattr $C$DW$407, DW_AT_type(*$C$DW$T$21)
    6723                      .dwattr $C$DW$407, DW_AT_name("VanpcA_offset")
    6724                      .dwattr $C$DW$407, DW_AT_data_member_location[DW_OP_plus_uconst 0xb4]
    6725                      .dwattr $C$DW$407, DW_AT_accessibility(DW_ACCESS_public)
    6726                      .dwattr $C$DW$407, DW_AT_decl_file("D:\15_Delta\14. ANPC Converter\ANPC_3Layer\Source\app\app_physica
    6727                      .dwattr $C$DW$407, DW_AT_decl_line(0x3a)
    6728                      .dwattr $C$DW$407, DW_AT_decl_column(0x1b)
    6729              
    6730              $C$DW$408       .dwtag  DW_TAG_member
    6731                      .dwattr $C$DW$408, DW_AT_type(*$C$DW$T$21)
    6732                      .dwattr $C$DW$408, DW_AT_name("VanpcB_offset")
    6733                      .dwattr $C$DW$408, DW_AT_data_member_location[DW_OP_plus_uconst 0xc6]
    6734                      .dwattr $C$DW$408, DW_AT_accessibility(DW_ACCESS_public)
    6735                      .dwattr $C$DW$408, DW_AT_decl_file("D:\15_Delta\14. ANPC Converter\ANPC_3Layer\Source\app\app_physica
    6736                      .dwattr $C$DW$408, DW_AT_decl_line(0x3b)
TMS320C2000 Assembler PC v22.6.0 Mon Apr 21 09:04:20 2025

Copyright (c) 1996-2018 Texas Instruments Incorporated
app_protection.asm                                                   PAGE  134

    6737                      .dwattr $C$DW$408, DW_AT_decl_column(0x1b)
    6738              
    6739              $C$DW$409       .dwtag  DW_TAG_member
    6740                      .dwattr $C$DW$409, DW_AT_type(*$C$DW$T$21)
    6741                      .dwattr $C$DW$409, DW_AT_name("VanpcC_offset")
    6742                      .dwattr $C$DW$409, DW_AT_data_member_location[DW_OP_plus_uconst 0xd8]
    6743                      .dwattr $C$DW$409, DW_AT_accessibility(DW_ACCESS_public)
    6744                      .dwattr $C$DW$409, DW_AT_decl_file("D:\15_Delta\14. ANPC Converter\ANPC_3Layer\Source\app\app_physica
    6745                      .dwattr $C$DW$409, DW_AT_decl_line(0x3c)
    6746                      .dwattr $C$DW$409, DW_AT_decl_column(0x1b)
    6747              
    6748              $C$DW$410       .dwtag  DW_TAG_member
    6749                      .dwattr $C$DW$410, DW_AT_type(*$C$DW$T$21)
    6750                      .dwattr $C$DW$410, DW_AT_name("IA")
    6751                      .dwattr $C$DW$410, DW_AT_data_member_location[DW_OP_plus_uconst 0xea]
    6752                      .dwattr $C$DW$410, DW_AT_accessibility(DW_ACCESS_public)
    6753                      .dwattr $C$DW$410, DW_AT_decl_file("D:\15_Delta\14. ANPC Converter\ANPC_3Layer\Source\app\app_physica
    6754                      .dwattr $C$DW$410, DW_AT_decl_line(0x3e)
    6755                      .dwattr $C$DW$410, DW_AT_decl_column(0x1b)
    6756              
    6757              $C$DW$411       .dwtag  DW_TAG_member
    6758                      .dwattr $C$DW$411, DW_AT_type(*$C$DW$T$21)
    6759                      .dwattr $C$DW$411, DW_AT_name("IB")
    6760                      .dwattr $C$DW$411, DW_AT_data_member_location[DW_OP_plus_uconst 0xfc]
    6761                      .dwattr $C$DW$411, DW_AT_accessibility(DW_ACCESS_public)
    6762                      .dwattr $C$DW$411, DW_AT_decl_file("D:\15_Delta\14. ANPC Converter\ANPC_3Layer\Source\app\app_physica
    6763                      .dwattr $C$DW$411, DW_AT_decl_line(0x3f)
    6764                      .dwattr $C$DW$411, DW_AT_decl_column(0x1b)
    6765              
    6766              $C$DW$412       .dwtag  DW_TAG_member
    6767                      .dwattr $C$DW$412, DW_AT_type(*$C$DW$T$21)
    6768                      .dwattr $C$DW$412, DW_AT_name("IC")
    6769                      .dwattr $C$DW$412, DW_AT_data_member_location[DW_OP_plus_uconst 0x10e]
    6770                      .dwattr $C$DW$412, DW_AT_accessibility(DW_ACCESS_public)
    6771                      .dwattr $C$DW$412, DW_AT_decl_file("D:\15_Delta\14. ANPC Converter\ANPC_3Layer\Source\app\app_physica
    6772                      .dwattr $C$DW$412, DW_AT_decl_line(0x40)
    6773                      .dwattr $C$DW$412, DW_AT_decl_column(0x1b)
    6774              
    6775              $C$DW$413       .dwtag  DW_TAG_member
    6776                      .dwattr $C$DW$413, DW_AT_type(*$C$DW$T$21)
    6777                      .dwattr $C$DW$413, DW_AT_name("IA_offset")
    6778                      .dwattr $C$DW$413, DW_AT_data_member_location[DW_OP_plus_uconst 0x120]
    6779                      .dwattr $C$DW$413, DW_AT_accessibility(DW_ACCESS_public)
    6780                      .dwattr $C$DW$413, DW_AT_decl_file("D:\15_Delta\14. ANPC Converter\ANPC_3Layer\Source\app\app_physica
    6781                      .dwattr $C$DW$413, DW_AT_decl_line(0x42)
    6782                      .dwattr $C$DW$413, DW_AT_decl_column(0x1b)
    6783              
    6784              $C$DW$414       .dwtag  DW_TAG_member
    6785                      .dwattr $C$DW$414, DW_AT_type(*$C$DW$T$21)
    6786                      .dwattr $C$DW$414, DW_AT_name("IB_offset")
    6787                      .dwattr $C$DW$414, DW_AT_data_member_location[DW_OP_plus_uconst 0x132]
    6788                      .dwattr $C$DW$414, DW_AT_accessibility(DW_ACCESS_public)
    6789                      .dwattr $C$DW$414, DW_AT_decl_file("D:\15_Delta\14. ANPC Converter\ANPC_3Layer\Source\app\app_physica
    6790                      .dwattr $C$DW$414, DW_AT_decl_line(0x43)
    6791                      .dwattr $C$DW$414, DW_AT_decl_column(0x1b)
TMS320C2000 Assembler PC v22.6.0 Mon Apr 21 09:04:20 2025

Copyright (c) 1996-2018 Texas Instruments Incorporated
app_protection.asm                                                   PAGE  135

    6792              
    6793              $C$DW$415       .dwtag  DW_TAG_member
    6794                      .dwattr $C$DW$415, DW_AT_type(*$C$DW$T$21)
    6795                      .dwattr $C$DW$415, DW_AT_name("IC_offset")
    6796                      .dwattr $C$DW$415, DW_AT_data_member_location[DW_OP_plus_uconst 0x144]
    6797                      .dwattr $C$DW$415, DW_AT_accessibility(DW_ACCESS_public)
    6798                      .dwattr $C$DW$415, DW_AT_decl_file("D:\15_Delta\14. ANPC Converter\ANPC_3Layer\Source\app\app_physica
    6799                      .dwattr $C$DW$415, DW_AT_decl_line(0x44)
    6800                      .dwattr $C$DW$415, DW_AT_decl_column(0x1b)
    6801              
    6802              $C$DW$416       .dwtag  DW_TAG_member
    6803                      .dwattr $C$DW$416, DW_AT_type(*$C$DW$T$22)
    6804                      .dwattr $C$DW$416, DW_AT_name("IA_buff")
    6805                      .dwattr $C$DW$416, DW_AT_data_member_location[DW_OP_plus_uconst 0x156]
    6806                      .dwattr $C$DW$416, DW_AT_accessibility(DW_ACCESS_public)
    6807                      .dwattr $C$DW$416, DW_AT_decl_file("D:\15_Delta\14. ANPC Converter\ANPC_3Layer\Source\app\app_physica
    6808                      .dwattr $C$DW$416, DW_AT_decl_line(0x46)
    6809                      .dwattr $C$DW$416, DW_AT_decl_column(0x0f)
    6810              
    6811              $C$DW$417       .dwtag  DW_TAG_member
    6812                      .dwattr $C$DW$417, DW_AT_type(*$C$DW$T$22)
    6813                      .dwattr $C$DW$417, DW_AT_name("IB_buff")
    6814                      .dwattr $C$DW$417, DW_AT_data_member_location[DW_OP_plus_uconst 0x170]
    6815                      .dwattr $C$DW$417, DW_AT_accessibility(DW_ACCESS_public)
    6816                      .dwattr $C$DW$417, DW_AT_decl_file("D:\15_Delta\14. ANPC Converter\ANPC_3Layer\Source\app\app_physica
    6817                      .dwattr $C$DW$417, DW_AT_decl_line(0x47)
    6818                      .dwattr $C$DW$417, DW_AT_decl_column(0x0f)
    6819              
    6820              $C$DW$418       .dwtag  DW_TAG_member
    6821                      .dwattr $C$DW$418, DW_AT_type(*$C$DW$T$22)
    6822                      .dwattr $C$DW$418, DW_AT_name("IC_buff")
    6823                      .dwattr $C$DW$418, DW_AT_data_member_location[DW_OP_plus_uconst 0x18a]
    6824                      .dwattr $C$DW$418, DW_AT_accessibility(DW_ACCESS_public)
    6825                      .dwattr $C$DW$418, DW_AT_decl_file("D:\15_Delta\14. ANPC Converter\ANPC_3Layer\Source\app\app_physica
    6826                      .dwattr $C$DW$418, DW_AT_decl_line(0x48)
    6827                      .dwattr $C$DW$418, DW_AT_decl_column(0x0f)
    6828              
    6829              $C$DW$419       .dwtag  DW_TAG_member
    6830                      .dwattr $C$DW$419, DW_AT_type(*$C$DW$T$21)
    6831                      .dwattr $C$DW$419, DW_AT_name("Vbus")
    6832                      .dwattr $C$DW$419, DW_AT_data_member_location[DW_OP_plus_uconst 0x1a4]
    6833                      .dwattr $C$DW$419, DW_AT_accessibility(DW_ACCESS_public)
    6834                      .dwattr $C$DW$419, DW_AT_decl_file("D:\15_Delta\14. ANPC Converter\ANPC_3Layer\Source\app\app_physica
    6835                      .dwattr $C$DW$419, DW_AT_decl_line(0x4a)
    6836                      .dwattr $C$DW$419, DW_AT_decl_column(0x1b)
    6837              
    6838              $C$DW$420       .dwtag  DW_TAG_member
    6839                      .dwattr $C$DW$420, DW_AT_type(*$C$DW$T$21)
    6840                      .dwattr $C$DW$420, DW_AT_name("Vbusp")
    6841                      .dwattr $C$DW$420, DW_AT_data_member_location[DW_OP_plus_uconst 0x1b6]
    6842                      .dwattr $C$DW$420, DW_AT_accessibility(DW_ACCESS_public)
    6843                      .dwattr $C$DW$420, DW_AT_decl_file("D:\15_Delta\14. ANPC Converter\ANPC_3Layer\Source\app\app_physica
    6844                      .dwattr $C$DW$420, DW_AT_decl_line(0x4b)
    6845                      .dwattr $C$DW$420, DW_AT_decl_column(0x1b)
    6846              
TMS320C2000 Assembler PC v22.6.0 Mon Apr 21 09:04:20 2025

Copyright (c) 1996-2018 Texas Instruments Incorporated
app_protection.asm                                                   PAGE  136

    6847              $C$DW$421       .dwtag  DW_TAG_member
    6848                      .dwattr $C$DW$421, DW_AT_type(*$C$DW$T$21)
    6849                      .dwattr $C$DW$421, DW_AT_name("Vbusn")
    6850                      .dwattr $C$DW$421, DW_AT_data_member_location[DW_OP_plus_uconst 0x1c8]
    6851                      .dwattr $C$DW$421, DW_AT_accessibility(DW_ACCESS_public)
    6852                      .dwattr $C$DW$421, DW_AT_decl_file("D:\15_Delta\14. ANPC Converter\ANPC_3Layer\Source\app\app_physica
    6853                      .dwattr $C$DW$421, DW_AT_decl_line(0x4c)
    6854                      .dwattr $C$DW$421, DW_AT_decl_column(0x1b)
    6855              
    6856              $C$DW$422       .dwtag  DW_TAG_member
    6857                      .dwattr $C$DW$422, DW_AT_type(*$C$DW$T$21)
    6858                      .dwattr $C$DW$422, DW_AT_name("Vbus_delta")
    6859                      .dwattr $C$DW$422, DW_AT_data_member_location[DW_OP_plus_uconst 0x1da]
    6860                      .dwattr $C$DW$422, DW_AT_accessibility(DW_ACCESS_public)
    6861                      .dwattr $C$DW$422, DW_AT_decl_file("D:\15_Delta\14. ANPC Converter\ANPC_3Layer\Source\app\app_physica
    6862                      .dwattr $C$DW$422, DW_AT_decl_line(0x4d)
    6863                      .dwattr $C$DW$422, DW_AT_decl_column(0x1b)
    6864              
    6865              $C$DW$423       .dwtag  DW_TAG_member
    6866                      .dwattr $C$DW$423, DW_AT_type(*$C$DW$T$21)
    6867                      .dwattr $C$DW$423, DW_AT_name("Vbus_offset")
    6868                      .dwattr $C$DW$423, DW_AT_data_member_location[DW_OP_plus_uconst 0x1ec]
    6869                      .dwattr $C$DW$423, DW_AT_accessibility(DW_ACCESS_public)
    6870                      .dwattr $C$DW$423, DW_AT_decl_file("D:\15_Delta\14. ANPC Converter\ANPC_3Layer\Source\app\app_physica
    6871                      .dwattr $C$DW$423, DW_AT_decl_line(0x4f)
    6872                      .dwattr $C$DW$423, DW_AT_decl_column(0x1b)
    6873              
    6874              $C$DW$424       .dwtag  DW_TAG_member
    6875                      .dwattr $C$DW$424, DW_AT_type(*$C$DW$T$21)
    6876                      .dwattr $C$DW$424, DW_AT_name("Vbusp_offset")
    6877                      .dwattr $C$DW$424, DW_AT_data_member_location[DW_OP_plus_uconst 0x1fe]
    6878                      .dwattr $C$DW$424, DW_AT_accessibility(DW_ACCESS_public)
    6879                      .dwattr $C$DW$424, DW_AT_decl_file("D:\15_Delta\14. ANPC Converter\ANPC_3Layer\Source\app\app_physica
    6880                      .dwattr $C$DW$424, DW_AT_decl_line(0x50)
    6881                      .dwattr $C$DW$424, DW_AT_decl_column(0x1b)
    6882              
    6883              $C$DW$425       .dwtag  DW_TAG_member
    6884                      .dwattr $C$DW$425, DW_AT_type(*$C$DW$T$21)
    6885                      .dwattr $C$DW$425, DW_AT_name("Vbusn_offset")
    6886                      .dwattr $C$DW$425, DW_AT_data_member_location[DW_OP_plus_uconst 0x210]
    6887                      .dwattr $C$DW$425, DW_AT_accessibility(DW_ACCESS_public)
    6888                      .dwattr $C$DW$425, DW_AT_decl_file("D:\15_Delta\14. ANPC Converter\ANPC_3Layer\Source\app\app_physica
    6889                      .dwattr $C$DW$425, DW_AT_decl_line(0x51)
    6890                      .dwattr $C$DW$425, DW_AT_decl_column(0x1b)
    6891              
    6892              $C$DW$426       .dwtag  DW_TAG_member
    6893                      .dwattr $C$DW$426, DW_AT_type(*$C$DW$T$21)
    6894                      .dwattr $C$DW$426, DW_AT_name("TempA")
    6895                      .dwattr $C$DW$426, DW_AT_data_member_location[DW_OP_plus_uconst 0x222]
    6896                      .dwattr $C$DW$426, DW_AT_accessibility(DW_ACCESS_public)
    6897                      .dwattr $C$DW$426, DW_AT_decl_file("D:\15_Delta\14. ANPC Converter\ANPC_3Layer\Source\app\app_physica
    6898                      .dwattr $C$DW$426, DW_AT_decl_line(0x53)
    6899                      .dwattr $C$DW$426, DW_AT_decl_column(0x1b)
    6900              
    6901              $C$DW$427       .dwtag  DW_TAG_member
TMS320C2000 Assembler PC v22.6.0 Mon Apr 21 09:04:20 2025

Copyright (c) 1996-2018 Texas Instruments Incorporated
app_protection.asm                                                   PAGE  137

    6902                      .dwattr $C$DW$427, DW_AT_type(*$C$DW$T$21)
    6903                      .dwattr $C$DW$427, DW_AT_name("TempB")
    6904                      .dwattr $C$DW$427, DW_AT_data_member_location[DW_OP_plus_uconst 0x234]
    6905                      .dwattr $C$DW$427, DW_AT_accessibility(DW_ACCESS_public)
    6906                      .dwattr $C$DW$427, DW_AT_decl_file("D:\15_Delta\14. ANPC Converter\ANPC_3Layer\Source\app\app_physica
    6907                      .dwattr $C$DW$427, DW_AT_decl_line(0x54)
    6908                      .dwattr $C$DW$427, DW_AT_decl_column(0x1b)
    6909              
    6910              $C$DW$428       .dwtag  DW_TAG_member
    6911                      .dwattr $C$DW$428, DW_AT_type(*$C$DW$T$21)
    6912                      .dwattr $C$DW$428, DW_AT_name("TempC")
    6913                      .dwattr $C$DW$428, DW_AT_data_member_location[DW_OP_plus_uconst 0x246]
    6914                      .dwattr $C$DW$428, DW_AT_accessibility(DW_ACCESS_public)
    6915                      .dwattr $C$DW$428, DW_AT_decl_file("D:\15_Delta\14. ANPC Converter\ANPC_3Layer\Source\app\app_physica
    6916                      .dwattr $C$DW$428, DW_AT_decl_line(0x55)
    6917                      .dwattr $C$DW$428, DW_AT_decl_column(0x1b)
    6918              
    6919              $C$DW$429       .dwtag  DW_TAG_member
    6920                      .dwattr $C$DW$429, DW_AT_type(*$C$DW$T$21)
    6921                      .dwattr $C$DW$429, DW_AT_name("TempAmbient")
    6922                      .dwattr $C$DW$429, DW_AT_data_member_location[DW_OP_plus_uconst 0x258]
    6923                      .dwattr $C$DW$429, DW_AT_accessibility(DW_ACCESS_public)
    6924                      .dwattr $C$DW$429, DW_AT_decl_file("D:\15_Delta\14. ANPC Converter\ANPC_3Layer\Source\app\app_physica
    6925                      .dwattr $C$DW$429, DW_AT_decl_line(0x56)
    6926                      .dwattr $C$DW$429, DW_AT_decl_column(0x1b)
    6927              
    6928              $C$DW$430       .dwtag  DW_TAG_member
    6929                      .dwattr $C$DW$430, DW_AT_type(*$C$DW$T$21)
    6930                      .dwattr $C$DW$430, DW_AT_name("Vref1")
    6931                      .dwattr $C$DW$430, DW_AT_data_member_location[DW_OP_plus_uconst 0x26a]
    6932                      .dwattr $C$DW$430, DW_AT_accessibility(DW_ACCESS_public)
    6933                      .dwattr $C$DW$430, DW_AT_decl_file("D:\15_Delta\14. ANPC Converter\ANPC_3Layer\Source\app\app_physica
    6934                      .dwattr $C$DW$430, DW_AT_decl_line(0x58)
    6935                      .dwattr $C$DW$430, DW_AT_decl_column(0x1b)
    6936              
    6937              $C$DW$431       .dwtag  DW_TAG_member
    6938                      .dwattr $C$DW$431, DW_AT_type(*$C$DW$T$21)
    6939                      .dwattr $C$DW$431, DW_AT_name("Vref2")
    6940                      .dwattr $C$DW$431, DW_AT_data_member_location[DW_OP_plus_uconst 0x27c]
    6941                      .dwattr $C$DW$431, DW_AT_accessibility(DW_ACCESS_public)
    6942                      .dwattr $C$DW$431, DW_AT_decl_file("D:\15_Delta\14. ANPC Converter\ANPC_3Layer\Source\app\app_physica
    6943                      .dwattr $C$DW$431, DW_AT_decl_line(0x59)
    6944                      .dwattr $C$DW$431, DW_AT_decl_column(0x1b)
    6945              
    6946              $C$DW$432       .dwtag  DW_TAG_member
    6947                      .dwattr $C$DW$432, DW_AT_type(*$C$DW$T$19)
    6948                      .dwattr $C$DW$432, DW_AT_name("Pin")
    6949                      .dwattr $C$DW$432, DW_AT_data_member_location[DW_OP_plus_uconst 0x28e]
    6950                      .dwattr $C$DW$432, DW_AT_accessibility(DW_ACCESS_public)
    6951                      .dwattr $C$DW$432, DW_AT_decl_file("D:\15_Delta\14. ANPC Converter\ANPC_3Layer\Source\app\app_physica
    6952                      .dwattr $C$DW$432, DW_AT_decl_line(0x5b)
    6953                      .dwattr $C$DW$432, DW_AT_decl_column(0x0f)
    6954              
    6955              $C$DW$433       .dwtag  DW_TAG_member
    6956                      .dwattr $C$DW$433, DW_AT_type(*$C$DW$T$19)
TMS320C2000 Assembler PC v22.6.0 Mon Apr 21 09:04:20 2025

Copyright (c) 1996-2018 Texas Instruments Incorporated
app_protection.asm                                                   PAGE  138

    6957                      .dwattr $C$DW$433, DW_AT_name("PF")
    6958                      .dwattr $C$DW$433, DW_AT_data_member_location[DW_OP_plus_uconst 0x290]
    6959                      .dwattr $C$DW$433, DW_AT_accessibility(DW_ACCESS_public)
    6960                      .dwattr $C$DW$433, DW_AT_decl_file("D:\15_Delta\14. ANPC Converter\ANPC_3Layer\Source\app\app_physica
    6961                      .dwattr $C$DW$433, DW_AT_decl_line(0x5c)
    6962                      .dwattr $C$DW$433, DW_AT_decl_column(0x0f)
    6963              
    6964              $C$DW$434       .dwtag  DW_TAG_member
    6965                      .dwattr $C$DW$434, DW_AT_type(*$C$DW$T$19)
    6966                      .dwattr $C$DW$434, DW_AT_name("fgrid")
    6967                      .dwattr $C$DW$434, DW_AT_data_member_location[DW_OP_plus_uconst 0x292]
    6968                      .dwattr $C$DW$434, DW_AT_accessibility(DW_ACCESS_public)
    6969                      .dwattr $C$DW$434, DW_AT_decl_file("D:\15_Delta\14. ANPC Converter\ANPC_3Layer\Source\app\app_physica
    6970                      .dwattr $C$DW$434, DW_AT_decl_line(0x5d)
    6971                      .dwattr $C$DW$434, DW_AT_decl_column(0x0f)
    6972              
    6973                      .dwattr $C$DW$T$23, DW_AT_decl_file("D:\15_Delta\14. ANPC Converter\ANPC_3Layer\Source\app\app_physic
    6974                      .dwattr $C$DW$T$23, DW_AT_decl_line(0x2c)
    6975                      .dwattr $C$DW$T$23, DW_AT_decl_column(0x01)
    6976                      .dwendtag $C$DW$T$23
    6977              
    6978                      .dwendtag $C$DW$TU$23
    6979              
    6980              
    6981              $C$DW$TU$36     .dwtag  DW_TAG_type_unit
    6982                      .dwmtype  $C$DW$T$36
    6983              $C$DW$T$36      .dwtag  DW_TAG_typedef
    6984                      .dwattr $C$DW$T$36, DW_AT_name("PhysicalValue_Struct")
    6985                      .dwattr $C$DW$T$36, DW_AT_type(*$C$DW$T$23)
    6986                      .dwattr $C$DW$T$36, DW_AT_decl_file("D:\15_Delta\14. ANPC Converter\ANPC_3Layer\Source\app\app_physic
    6987                      .dwattr $C$DW$T$36, DW_AT_decl_line(0x5f)
    6988                      .dwattr $C$DW$T$36, DW_AT_decl_column(0x03)
    6989              
    6990                      .dwendtag $C$DW$TU$36
    6991              
    6992              
    6993              $C$DW$TU$25     .dwtag  DW_TAG_type_unit
    6994                      .dwmtype  $C$DW$T$25
    6995              
    6996              $C$DW$T$25      .dwtag  DW_TAG_structure_type
    6997                      .dwattr $C$DW$T$25, DW_AT_byte_size(0x01)
    6998              $C$DW$435       .dwtag  DW_TAG_member
    6999                      .dwattr $C$DW$435, DW_AT_type(*$C$DW$T$24)
    7000                      .dwattr $C$DW$435, DW_AT_name("b0")
    7001                      .dwattr $C$DW$435, DW_AT_bit_offset(0x0f)
    7002                      .dwattr $C$DW$435, DW_AT_bit_size(0x01)
    7003                      .dwattr $C$DW$435, DW_AT_accessibility(DW_ACCESS_public)
    7004                      .dwattr $C$DW$435, DW_AT_decl_file("D:\15_Delta\14. ANPC Converter\ANPC_3Layer\Source\app\app_math_ct
    7005                      .dwattr $C$DW$435, DW_AT_decl_line(0x2c)
    7006                      .dwattr $C$DW$435, DW_AT_decl_column(0x0f)
    7007              
    7008              $C$DW$436       .dwtag  DW_TAG_member
    7009                      .dwattr $C$DW$436, DW_AT_type(*$C$DW$T$24)
    7010                      .dwattr $C$DW$436, DW_AT_name("b1")
    7011                      .dwattr $C$DW$436, DW_AT_bit_offset(0x0e)
TMS320C2000 Assembler PC v22.6.0 Mon Apr 21 09:04:20 2025

Copyright (c) 1996-2018 Texas Instruments Incorporated
app_protection.asm                                                   PAGE  139

    7012                      .dwattr $C$DW$436, DW_AT_bit_size(0x01)
    7013                      .dwattr $C$DW$436, DW_AT_accessibility(DW_ACCESS_public)
    7014                      .dwattr $C$DW$436, DW_AT_decl_file("D:\15_Delta\14. ANPC Converter\ANPC_3Layer\Source\app\app_math_ct
    7015                      .dwattr $C$DW$436, DW_AT_decl_line(0x2d)
    7016                      .dwattr $C$DW$436, DW_AT_decl_column(0x0f)
    7017              
    7018              $C$DW$437       .dwtag  DW_TAG_member
    7019                      .dwattr $C$DW$437, DW_AT_type(*$C$DW$T$24)
    7020                      .dwattr $C$DW$437, DW_AT_name("b2")
    7021                      .dwattr $C$DW$437, DW_AT_bit_offset(0x0d)
    7022                      .dwattr $C$DW$437, DW_AT_bit_size(0x01)
    7023                      .dwattr $C$DW$437, DW_AT_accessibility(DW_ACCESS_public)
    7024                      .dwattr $C$DW$437, DW_AT_decl_file("D:\15_Delta\14. ANPC Converter\ANPC_3Layer\Source\app\app_math_ct
    7025                      .dwattr $C$DW$437, DW_AT_decl_line(0x2e)
    7026                      .dwattr $C$DW$437, DW_AT_decl_column(0x0f)
    7027              
    7028              $C$DW$438       .dwtag  DW_TAG_member
    7029                      .dwattr $C$DW$438, DW_AT_type(*$C$DW$T$24)
    7030                      .dwattr $C$DW$438, DW_AT_name("b3")
    7031                      .dwattr $C$DW$438, DW_AT_bit_offset(0x0c)
    7032                      .dwattr $C$DW$438, DW_AT_bit_size(0x01)
    7033                      .dwattr $C$DW$438, DW_AT_accessibility(DW_ACCESS_public)
    7034                      .dwattr $C$DW$438, DW_AT_decl_file("D:\15_Delta\14. ANPC Converter\ANPC_3Layer\Source\app\app_math_ct
    7035                      .dwattr $C$DW$438, DW_AT_decl_line(0x2f)
    7036                      .dwattr $C$DW$438, DW_AT_decl_column(0x0f)
    7037              
    7038              $C$DW$439       .dwtag  DW_TAG_member
    7039                      .dwattr $C$DW$439, DW_AT_type(*$C$DW$T$24)
    7040                      .dwattr $C$DW$439, DW_AT_name("b4")
    7041                      .dwattr $C$DW$439, DW_AT_bit_offset(0x0b)
    7042                      .dwattr $C$DW$439, DW_AT_bit_size(0x01)
    7043                      .dwattr $C$DW$439, DW_AT_accessibility(DW_ACCESS_public)
    7044                      .dwattr $C$DW$439, DW_AT_decl_file("D:\15_Delta\14. ANPC Converter\ANPC_3Layer\Source\app\app_math_ct
    7045                      .dwattr $C$DW$439, DW_AT_decl_line(0x30)
    7046                      .dwattr $C$DW$439, DW_AT_decl_column(0x0f)
    7047              
    7048              $C$DW$440       .dwtag  DW_TAG_member
    7049                      .dwattr $C$DW$440, DW_AT_type(*$C$DW$T$24)
    7050                      .dwattr $C$DW$440, DW_AT_name("b5")
    7051                      .dwattr $C$DW$440, DW_AT_bit_offset(0x0a)
    7052                      .dwattr $C$DW$440, DW_AT_bit_size(0x01)
    7053                      .dwattr $C$DW$440, DW_AT_accessibility(DW_ACCESS_public)
    7054                      .dwattr $C$DW$440, DW_AT_decl_file("D:\15_Delta\14. ANPC Converter\ANPC_3Layer\Source\app\app_math_ct
    7055                      .dwattr $C$DW$440, DW_AT_decl_line(0x31)
    7056                      .dwattr $C$DW$440, DW_AT_decl_column(0x0f)
    7057              
    7058              $C$DW$441       .dwtag  DW_TAG_member
    7059                      .dwattr $C$DW$441, DW_AT_type(*$C$DW$T$24)
    7060                      .dwattr $C$DW$441, DW_AT_name("b6")
    7061                      .dwattr $C$DW$441, DW_AT_bit_offset(0x09)
    7062                      .dwattr $C$DW$441, DW_AT_bit_size(0x01)
    7063                      .dwattr $C$DW$441, DW_AT_accessibility(DW_ACCESS_public)
    7064                      .dwattr $C$DW$441, DW_AT_decl_file("D:\15_Delta\14. ANPC Converter\ANPC_3Layer\Source\app\app_math_ct
    7065                      .dwattr $C$DW$441, DW_AT_decl_line(0x32)
    7066                      .dwattr $C$DW$441, DW_AT_decl_column(0x0f)
TMS320C2000 Assembler PC v22.6.0 Mon Apr 21 09:04:20 2025

Copyright (c) 1996-2018 Texas Instruments Incorporated
app_protection.asm                                                   PAGE  140

    7067              
    7068              $C$DW$442       .dwtag  DW_TAG_member
    7069                      .dwattr $C$DW$442, DW_AT_type(*$C$DW$T$24)
    7070                      .dwattr $C$DW$442, DW_AT_name("b7")
    7071                      .dwattr $C$DW$442, DW_AT_bit_offset(0x08)
    7072                      .dwattr $C$DW$442, DW_AT_bit_size(0x01)
    7073                      .dwattr $C$DW$442, DW_AT_accessibility(DW_ACCESS_public)
    7074                      .dwattr $C$DW$442, DW_AT_decl_file("D:\15_Delta\14. ANPC Converter\ANPC_3Layer\Source\app\app_math_ct
    7075                      .dwattr $C$DW$442, DW_AT_decl_line(0x33)
    7076                      .dwattr $C$DW$442, DW_AT_decl_column(0x0f)
    7077              
    7078              $C$DW$443       .dwtag  DW_TAG_member
    7079                      .dwattr $C$DW$443, DW_AT_type(*$C$DW$T$24)
    7080                      .dwattr $C$DW$443, DW_AT_name("b8")
    7081                      .dwattr $C$DW$443, DW_AT_bit_offset(0x07)
    7082                      .dwattr $C$DW$443, DW_AT_bit_size(0x01)
    7083                      .dwattr $C$DW$443, DW_AT_accessibility(DW_ACCESS_public)
    7084                      .dwattr $C$DW$443, DW_AT_decl_file("D:\15_Delta\14. ANPC Converter\ANPC_3Layer\Source\app\app_math_ct
    7085                      .dwattr $C$DW$443, DW_AT_decl_line(0x34)
    7086                      .dwattr $C$DW$443, DW_AT_decl_column(0x0f)
    7087              
    7088              $C$DW$444       .dwtag  DW_TAG_member
    7089                      .dwattr $C$DW$444, DW_AT_type(*$C$DW$T$24)
    7090                      .dwattr $C$DW$444, DW_AT_name("b9")
    7091                      .dwattr $C$DW$444, DW_AT_bit_offset(0x06)
    7092                      .dwattr $C$DW$444, DW_AT_bit_size(0x01)
    7093                      .dwattr $C$DW$444, DW_AT_accessibility(DW_ACCESS_public)
    7094                      .dwattr $C$DW$444, DW_AT_decl_file("D:\15_Delta\14. ANPC Converter\ANPC_3Layer\Source\app\app_math_ct
    7095                      .dwattr $C$DW$444, DW_AT_decl_line(0x35)
    7096                      .dwattr $C$DW$444, DW_AT_decl_column(0x0f)
    7097              
    7098              $C$DW$445       .dwtag  DW_TAG_member
    7099                      .dwattr $C$DW$445, DW_AT_type(*$C$DW$T$24)
    7100                      .dwattr $C$DW$445, DW_AT_name("b10")
    7101                      .dwattr $C$DW$445, DW_AT_bit_offset(0x05)
    7102                      .dwattr $C$DW$445, DW_AT_bit_size(0x01)
    7103                      .dwattr $C$DW$445, DW_AT_accessibility(DW_ACCESS_public)
    7104                      .dwattr $C$DW$445, DW_AT_decl_file("D:\15_Delta\14. ANPC Converter\ANPC_3Layer\Source\app\app_math_ct
    7105                      .dwattr $C$DW$445, DW_AT_decl_line(0x36)
    7106                      .dwattr $C$DW$445, DW_AT_decl_column(0x0f)
    7107              
    7108              $C$DW$446       .dwtag  DW_TAG_member
    7109                      .dwattr $C$DW$446, DW_AT_type(*$C$DW$T$24)
    7110                      .dwattr $C$DW$446, DW_AT_name("b11")
    7111                      .dwattr $C$DW$446, DW_AT_bit_offset(0x04)
    7112                      .dwattr $C$DW$446, DW_AT_bit_size(0x01)
    7113                      .dwattr $C$DW$446, DW_AT_accessibility(DW_ACCESS_public)
    7114                      .dwattr $C$DW$446, DW_AT_decl_file("D:\15_Delta\14. ANPC Converter\ANPC_3Layer\Source\app\app_math_ct
    7115                      .dwattr $C$DW$446, DW_AT_decl_line(0x37)
    7116                      .dwattr $C$DW$446, DW_AT_decl_column(0x0f)
    7117              
    7118              $C$DW$447       .dwtag  DW_TAG_member
    7119                      .dwattr $C$DW$447, DW_AT_type(*$C$DW$T$24)
    7120                      .dwattr $C$DW$447, DW_AT_name("b12")
    7121                      .dwattr $C$DW$447, DW_AT_bit_offset(0x03)
TMS320C2000 Assembler PC v22.6.0 Mon Apr 21 09:04:20 2025

Copyright (c) 1996-2018 Texas Instruments Incorporated
app_protection.asm                                                   PAGE  141

    7122                      .dwattr $C$DW$447, DW_AT_bit_size(0x01)
    7123                      .dwattr $C$DW$447, DW_AT_accessibility(DW_ACCESS_public)
    7124                      .dwattr $C$DW$447, DW_AT_decl_file("D:\15_Delta\14. ANPC Converter\ANPC_3Layer\Source\app\app_math_ct
    7125                      .dwattr $C$DW$447, DW_AT_decl_line(0x38)
    7126                      .dwattr $C$DW$447, DW_AT_decl_column(0x0f)
    7127              
    7128              $C$DW$448       .dwtag  DW_TAG_member
    7129                      .dwattr $C$DW$448, DW_AT_type(*$C$DW$T$24)
    7130                      .dwattr $C$DW$448, DW_AT_name("b13")
    7131                      .dwattr $C$DW$448, DW_AT_bit_offset(0x02)
    7132                      .dwattr $C$DW$448, DW_AT_bit_size(0x01)
    7133                      .dwattr $C$DW$448, DW_AT_accessibility(DW_ACCESS_public)
    7134                      .dwattr $C$DW$448, DW_AT_decl_file("D:\15_Delta\14. ANPC Converter\ANPC_3Layer\Source\app\app_math_ct
    7135                      .dwattr $C$DW$448, DW_AT_decl_line(0x39)
    7136                      .dwattr $C$DW$448, DW_AT_decl_column(0x0f)
    7137              
    7138              $C$DW$449       .dwtag  DW_TAG_member
    7139                      .dwattr $C$DW$449, DW_AT_type(*$C$DW$T$24)
    7140                      .dwattr $C$DW$449, DW_AT_name("b14")
    7141                      .dwattr $C$DW$449, DW_AT_bit_offset(0x01)
    7142                      .dwattr $C$DW$449, DW_AT_bit_size(0x01)
    7143                      .dwattr $C$DW$449, DW_AT_accessibility(DW_ACCESS_public)
    7144                      .dwattr $C$DW$449, DW_AT_decl_file("D:\15_Delta\14. ANPC Converter\ANPC_3Layer\Source\app\app_math_ct
    7145                      .dwattr $C$DW$449, DW_AT_decl_line(0x3a)
    7146                      .dwattr $C$DW$449, DW_AT_decl_column(0x0f)
    7147              
    7148              $C$DW$450       .dwtag  DW_TAG_member
    7149                      .dwattr $C$DW$450, DW_AT_type(*$C$DW$T$24)
    7150                      .dwattr $C$DW$450, DW_AT_name("b15")
    7151                      .dwattr $C$DW$450, DW_AT_bit_offset(0x00)
    7152                      .dwattr $C$DW$450, DW_AT_bit_size(0x01)
    7153                      .dwattr $C$DW$450, DW_AT_accessibility(DW_ACCESS_public)
    7154                      .dwattr $C$DW$450, DW_AT_decl_file("D:\15_Delta\14. ANPC Converter\ANPC_3Layer\Source\app\app_math_ct
    7155                      .dwattr $C$DW$450, DW_AT_decl_line(0x3b)
    7156                      .dwattr $C$DW$450, DW_AT_decl_column(0x0f)
    7157              
    7158                      .dwattr $C$DW$T$25, DW_AT_decl_file("D:\15_Delta\14. ANPC Converter\ANPC_3Layer\Source\app\app_math_c
    7159                      .dwattr $C$DW$T$25, DW_AT_decl_line(0x2b)
    7160                      .dwattr $C$DW$T$25, DW_AT_decl_column(0x05)
    7161                      .dwendtag $C$DW$T$25
    7162              
    7163                      .dwendtag $C$DW$TU$25
    7164              
    7165              
    7166              $C$DW$TU$27     .dwtag  DW_TAG_type_unit
    7167                      .dwmtype  $C$DW$T$27
    7168              
    7169              $C$DW$T$27      .dwtag  DW_TAG_union_type
    7170                      .dwattr $C$DW$T$27, DW_AT_byte_size(0x02)
    7171              $C$DW$451       .dwtag  DW_TAG_member
    7172                      .dwattr $C$DW$451, DW_AT_type(*$C$DW$T$28)
    7173                      .dwattr $C$DW$451, DW_AT_name("bits")
    7174                      .dwattr $C$DW$451, DW_AT_accessibility(DW_ACCESS_public)
    7175                      .dwattr $C$DW$451, DW_AT_decl_file("D:\15_Delta\14. ANPC Converter\ANPC_3Layer\Source\app\app_protect
    7176                      .dwattr $C$DW$451, DW_AT_decl_line(0x56)
TMS320C2000 Assembler PC v22.6.0 Mon Apr 21 09:04:20 2025

Copyright (c) 1996-2018 Texas Instruments Incorporated
app_protection.asm                                                   PAGE  142

    7177                      .dwattr $C$DW$451, DW_AT_decl_column(0x06)
    7178              
    7179              $C$DW$452       .dwtag  DW_TAG_member
    7180                      .dwattr $C$DW$452, DW_AT_type(*$C$DW$T$30)
    7181                      .dwattr $C$DW$452, DW_AT_name("word")
    7182                      .dwattr $C$DW$452, DW_AT_accessibility(DW_ACCESS_public)
    7183                      .dwattr $C$DW$452, DW_AT_decl_file("D:\15_Delta\14. ANPC Converter\ANPC_3Layer\Source\app\app_protect
    7184                      .dwattr $C$DW$452, DW_AT_decl_line(0x5c)
    7185                      .dwattr $C$DW$452, DW_AT_decl_column(0x06)
    7186              
    7187              $C$DW$453       .dwtag  DW_TAG_member
    7188                      .dwattr $C$DW$453, DW_AT_type(*$C$DW$T$26)
    7189                      .dwattr $C$DW$453, DW_AT_name("DWord")
    7190                      .dwattr $C$DW$453, DW_AT_accessibility(DW_ACCESS_public)
    7191                      .dwattr $C$DW$453, DW_AT_decl_file("D:\15_Delta\14. ANPC Converter\ANPC_3Layer\Source\app\app_protect
    7192                      .dwattr $C$DW$453, DW_AT_decl_line(0x5e)
    7193                      .dwattr $C$DW$453, DW_AT_decl_column(0x0d)
    7194              
    7195                      .dwattr $C$DW$T$27, DW_AT_decl_file("D:\15_Delta\14. ANPC Converter\ANPC_3Layer\Source\app\app_protec
    7196                      .dwattr $C$DW$T$27, DW_AT_decl_line(0x32)
    7197                      .dwattr $C$DW$T$27, DW_AT_decl_column(0x01)
    7198                      .dwendtag $C$DW$T$27
    7199              
    7200                      .dwendtag $C$DW$TU$27
    7201              
    7202              
    7203              $C$DW$TU$37     .dwtag  DW_TAG_type_unit
    7204                      .dwmtype  $C$DW$T$37
    7205              $C$DW$T$37      .dwtag  DW_TAG_typedef
    7206                      .dwattr $C$DW$T$37, DW_AT_name("ProtectFlag_Struct")
    7207                      .dwattr $C$DW$T$37, DW_AT_type(*$C$DW$T$27)
    7208                      .dwattr $C$DW$T$37, DW_AT_decl_file("D:\15_Delta\14. ANPC Converter\ANPC_3Layer\Source\app\app_protec
    7209                      .dwattr $C$DW$T$37, DW_AT_decl_line(0x60)
    7210                      .dwattr $C$DW$T$37, DW_AT_decl_column(0x03)
    7211              
    7212                      .dwendtag $C$DW$TU$37
    7213              
    7214              
    7215              $C$DW$TU$28     .dwtag  DW_TAG_type_unit
    7216                      .dwmtype  $C$DW$T$28
    7217              
    7218              $C$DW$T$28      .dwtag  DW_TAG_structure_type
    7219                      .dwattr $C$DW$T$28, DW_AT_name("ProtectFlag_bit")
    7220                      .dwattr $C$DW$T$28, DW_AT_byte_size(0x02)
    7221              $C$DW$454       .dwtag  DW_TAG_member
    7222                      .dwattr $C$DW$454, DW_AT_type(*$C$DW$T$24)
    7223                      .dwattr $C$DW$454, DW_AT_name("Vgrid_swOVP")
    7224                      .dwattr $C$DW$454, DW_AT_bit_offset(0x0f)
    7225                      .dwattr $C$DW$454, DW_AT_bit_size(0x01)
    7226                      .dwattr $C$DW$454, DW_AT_accessibility(DW_ACCESS_public)
    7227                      .dwattr $C$DW$454, DW_AT_decl_file("D:\15_Delta\14. ANPC Converter\ANPC_3Layer\Source\app\app_protect
    7228                      .dwattr $C$DW$454, DW_AT_decl_line(0x35)
    7229                      .dwattr $C$DW$454, DW_AT_decl_column(0x0f)
    7230              
    7231              $C$DW$455       .dwtag  DW_TAG_member
TMS320C2000 Assembler PC v22.6.0 Mon Apr 21 09:04:20 2025

Copyright (c) 1996-2018 Texas Instruments Incorporated
app_protection.asm                                                   PAGE  143

    7232                      .dwattr $C$DW$455, DW_AT_type(*$C$DW$T$24)
    7233                      .dwattr $C$DW$455, DW_AT_name("Vgrid_swUVP")
    7234                      .dwattr $C$DW$455, DW_AT_bit_offset(0x0e)
    7235                      .dwattr $C$DW$455, DW_AT_bit_size(0x01)
    7236                      .dwattr $C$DW$455, DW_AT_accessibility(DW_ACCESS_public)
    7237                      .dwattr $C$DW$455, DW_AT_decl_file("D:\15_Delta\14. ANPC Converter\ANPC_3Layer\Source\app\app_protect
    7238                      .dwattr $C$DW$455, DW_AT_decl_line(0x36)
    7239                      .dwattr $C$DW$455, DW_AT_decl_column(0x0f)
    7240              
    7241              $C$DW$456       .dwtag  DW_TAG_member
    7242                      .dwattr $C$DW$456, DW_AT_type(*$C$DW$T$24)
    7243                      .dwattr $C$DW$456, DW_AT_name("Vgrid_swLoss")
    7244                      .dwattr $C$DW$456, DW_AT_bit_offset(0x0d)
    7245                      .dwattr $C$DW$456, DW_AT_bit_size(0x01)
    7246                      .dwattr $C$DW$456, DW_AT_accessibility(DW_ACCESS_public)
    7247                      .dwattr $C$DW$456, DW_AT_decl_file("D:\15_Delta\14. ANPC Converter\ANPC_3Layer\Source\app\app_protect
    7248                      .dwattr $C$DW$456, DW_AT_decl_line(0x37)
    7249                      .dwattr $C$DW$456, DW_AT_decl_column(0x0f)
    7250              
    7251              $C$DW$457       .dwtag  DW_TAG_member
    7252                      .dwattr $C$DW$457, DW_AT_type(*$C$DW$T$24)
    7253                      .dwattr $C$DW$457, DW_AT_name("Vgrid_swFreq")
    7254                      .dwattr $C$DW$457, DW_AT_bit_offset(0x0c)
    7255                      .dwattr $C$DW$457, DW_AT_bit_size(0x01)
    7256                      .dwattr $C$DW$457, DW_AT_accessibility(DW_ACCESS_public)
    7257                      .dwattr $C$DW$457, DW_AT_decl_file("D:\15_Delta\14. ANPC Converter\ANPC_3Layer\Source\app\app_protect
    7258                      .dwattr $C$DW$457, DW_AT_decl_line(0x38)
    7259                      .dwattr $C$DW$457, DW_AT_decl_column(0x0f)
    7260              
    7261              $C$DW$458       .dwtag  DW_TAG_member
    7262                      .dwattr $C$DW$458, DW_AT_type(*$C$DW$T$24)
    7263                      .dwattr $C$DW$458, DW_AT_name("Vbusp_swOVP")
    7264                      .dwattr $C$DW$458, DW_AT_bit_offset(0x0b)
    7265                      .dwattr $C$DW$458, DW_AT_bit_size(0x01)
    7266                      .dwattr $C$DW$458, DW_AT_accessibility(DW_ACCESS_public)
    7267                      .dwattr $C$DW$458, DW_AT_decl_file("D:\15_Delta\14. ANPC Converter\ANPC_3Layer\Source\app\app_protect
    7268                      .dwattr $C$DW$458, DW_AT_decl_line(0x39)
    7269                      .dwattr $C$DW$458, DW_AT_decl_column(0x0f)
    7270              
    7271              $C$DW$459       .dwtag  DW_TAG_member
    7272                      .dwattr $C$DW$459, DW_AT_type(*$C$DW$T$24)
    7273                      .dwattr $C$DW$459, DW_AT_name("Vbusn_swOVP")
    7274                      .dwattr $C$DW$459, DW_AT_bit_offset(0x0a)
    7275                      .dwattr $C$DW$459, DW_AT_bit_size(0x01)
    7276                      .dwattr $C$DW$459, DW_AT_accessibility(DW_ACCESS_public)
    7277                      .dwattr $C$DW$459, DW_AT_decl_file("D:\15_Delta\14. ANPC Converter\ANPC_3Layer\Source\app\app_protect
    7278                      .dwattr $C$DW$459, DW_AT_decl_line(0x3a)
    7279                      .dwattr $C$DW$459, DW_AT_decl_column(0x0f)
    7280              
    7281              $C$DW$460       .dwtag  DW_TAG_member
    7282                      .dwattr $C$DW$460, DW_AT_type(*$C$DW$T$24)
    7283                      .dwattr $C$DW$460, DW_AT_name("Vbusp_swUVP")
    7284                      .dwattr $C$DW$460, DW_AT_bit_offset(0x09)
    7285                      .dwattr $C$DW$460, DW_AT_bit_size(0x01)
    7286                      .dwattr $C$DW$460, DW_AT_accessibility(DW_ACCESS_public)
TMS320C2000 Assembler PC v22.6.0 Mon Apr 21 09:04:20 2025

Copyright (c) 1996-2018 Texas Instruments Incorporated
app_protection.asm                                                   PAGE  144

    7287                      .dwattr $C$DW$460, DW_AT_decl_file("D:\15_Delta\14. ANPC Converter\ANPC_3Layer\Source\app\app_protect
    7288                      .dwattr $C$DW$460, DW_AT_decl_line(0x3b)
    7289                      .dwattr $C$DW$460, DW_AT_decl_column(0x0f)
    7290              
    7291              $C$DW$461       .dwtag  DW_TAG_member
    7292                      .dwattr $C$DW$461, DW_AT_type(*$C$DW$T$24)
    7293                      .dwattr $C$DW$461, DW_AT_name("Vbusn_swUVP")
    7294                      .dwattr $C$DW$461, DW_AT_bit_offset(0x08)
    7295                      .dwattr $C$DW$461, DW_AT_bit_size(0x01)
    7296                      .dwattr $C$DW$461, DW_AT_accessibility(DW_ACCESS_public)
    7297                      .dwattr $C$DW$461, DW_AT_decl_file("D:\15_Delta\14. ANPC Converter\ANPC_3Layer\Source\app\app_protect
    7298                      .dwattr $C$DW$461, DW_AT_decl_line(0x3c)
    7299                      .dwattr $C$DW$461, DW_AT_decl_column(0x0f)
    7300              
    7301              $C$DW$462       .dwtag  DW_TAG_member
    7302                      .dwattr $C$DW$462, DW_AT_type(*$C$DW$T$24)
    7303                      .dwattr $C$DW$462, DW_AT_name("IA_hwOCP")
    7304                      .dwattr $C$DW$462, DW_AT_bit_offset(0x07)
    7305                      .dwattr $C$DW$462, DW_AT_bit_size(0x01)
    7306                      .dwattr $C$DW$462, DW_AT_accessibility(DW_ACCESS_public)
    7307                      .dwattr $C$DW$462, DW_AT_decl_file("D:\15_Delta\14. ANPC Converter\ANPC_3Layer\Source\app\app_protect
    7308                      .dwattr $C$DW$462, DW_AT_decl_line(0x3d)
    7309                      .dwattr $C$DW$462, DW_AT_decl_column(0x0f)
    7310              
    7311              $C$DW$463       .dwtag  DW_TAG_member
    7312                      .dwattr $C$DW$463, DW_AT_type(*$C$DW$T$24)
    7313                      .dwattr $C$DW$463, DW_AT_name("IB_hwOCP")
    7314                      .dwattr $C$DW$463, DW_AT_bit_offset(0x06)
    7315                      .dwattr $C$DW$463, DW_AT_bit_size(0x01)
    7316                      .dwattr $C$DW$463, DW_AT_accessibility(DW_ACCESS_public)
    7317                      .dwattr $C$DW$463, DW_AT_decl_file("D:\15_Delta\14. ANPC Converter\ANPC_3Layer\Source\app\app_protect
    7318                      .dwattr $C$DW$463, DW_AT_decl_line(0x3e)
    7319                      .dwattr $C$DW$463, DW_AT_decl_column(0x0f)
    7320              
    7321              $C$DW$464       .dwtag  DW_TAG_member
    7322                      .dwattr $C$DW$464, DW_AT_type(*$C$DW$T$24)
    7323                      .dwattr $C$DW$464, DW_AT_name("IC_hwOCP")
    7324                      .dwattr $C$DW$464, DW_AT_bit_offset(0x05)
    7325                      .dwattr $C$DW$464, DW_AT_bit_size(0x01)
    7326                      .dwattr $C$DW$464, DW_AT_accessibility(DW_ACCESS_public)
    7327                      .dwattr $C$DW$464, DW_AT_decl_file("D:\15_Delta\14. ANPC Converter\ANPC_3Layer\Source\app\app_protect
    7328                      .dwattr $C$DW$464, DW_AT_decl_line(0x3f)
    7329                      .dwattr $C$DW$464, DW_AT_decl_column(0x0f)
    7330              
    7331              $C$DW$465       .dwtag  DW_TAG_member
    7332                      .dwattr $C$DW$465, DW_AT_type(*$C$DW$T$24)
    7333                      .dwattr $C$DW$465, DW_AT_name("TempA_swOTP")
    7334                      .dwattr $C$DW$465, DW_AT_bit_offset(0x04)
    7335                      .dwattr $C$DW$465, DW_AT_bit_size(0x01)
    7336                      .dwattr $C$DW$465, DW_AT_accessibility(DW_ACCESS_public)
    7337                      .dwattr $C$DW$465, DW_AT_decl_file("D:\15_Delta\14. ANPC Converter\ANPC_3Layer\Source\app\app_protect
    7338                      .dwattr $C$DW$465, DW_AT_decl_line(0x40)
    7339                      .dwattr $C$DW$465, DW_AT_decl_column(0x0f)
    7340              
    7341              $C$DW$466       .dwtag  DW_TAG_member
TMS320C2000 Assembler PC v22.6.0 Mon Apr 21 09:04:20 2025

Copyright (c) 1996-2018 Texas Instruments Incorporated
app_protection.asm                                                   PAGE  145

    7342                      .dwattr $C$DW$466, DW_AT_type(*$C$DW$T$24)
    7343                      .dwattr $C$DW$466, DW_AT_name("TempB_swOTP")
    7344                      .dwattr $C$DW$466, DW_AT_bit_offset(0x03)
    7345                      .dwattr $C$DW$466, DW_AT_bit_size(0x01)
    7346                      .dwattr $C$DW$466, DW_AT_accessibility(DW_ACCESS_public)
    7347                      .dwattr $C$DW$466, DW_AT_decl_file("D:\15_Delta\14. ANPC Converter\ANPC_3Layer\Source\app\app_protect
    7348                      .dwattr $C$DW$466, DW_AT_decl_line(0x41)
    7349                      .dwattr $C$DW$466, DW_AT_decl_column(0x0f)
    7350              
    7351              $C$DW$467       .dwtag  DW_TAG_member
    7352                      .dwattr $C$DW$467, DW_AT_type(*$C$DW$T$24)
    7353                      .dwattr $C$DW$467, DW_AT_name("TempC_swOTP")
    7354                      .dwattr $C$DW$467, DW_AT_bit_offset(0x02)
    7355                      .dwattr $C$DW$467, DW_AT_bit_size(0x01)
    7356                      .dwattr $C$DW$467, DW_AT_accessibility(DW_ACCESS_public)
    7357                      .dwattr $C$DW$467, DW_AT_decl_file("D:\15_Delta\14. ANPC Converter\ANPC_3Layer\Source\app\app_protect
    7358                      .dwattr $C$DW$467, DW_AT_decl_line(0x42)
    7359                      .dwattr $C$DW$467, DW_AT_decl_column(0x0f)
    7360              
    7361              $C$DW$468       .dwtag  DW_TAG_member
    7362                      .dwattr $C$DW$468, DW_AT_type(*$C$DW$T$24)
    7363                      .dwattr $C$DW$468, DW_AT_name("Reserved1")
    7364                      .dwattr $C$DW$468, DW_AT_bit_offset(0x01)
    7365                      .dwattr $C$DW$468, DW_AT_bit_size(0x01)
    7366                      .dwattr $C$DW$468, DW_AT_accessibility(DW_ACCESS_public)
    7367                      .dwattr $C$DW$468, DW_AT_decl_file("D:\15_Delta\14. ANPC Converter\ANPC_3Layer\Source\app\app_protect
    7368                      .dwattr $C$DW$468, DW_AT_decl_line(0x43)
    7369                      .dwattr $C$DW$468, DW_AT_decl_column(0x0f)
    7370              
    7371              $C$DW$469       .dwtag  DW_TAG_member
    7372                      .dwattr $C$DW$469, DW_AT_type(*$C$DW$T$24)
    7373                      .dwattr $C$DW$469, DW_AT_name("Reserved2")
    7374                      .dwattr $C$DW$469, DW_AT_bit_offset(0x00)
    7375                      .dwattr $C$DW$469, DW_AT_bit_size(0x01)
    7376                      .dwattr $C$DW$469, DW_AT_accessibility(DW_ACCESS_public)
    7377                      .dwattr $C$DW$469, DW_AT_decl_file("D:\15_Delta\14. ANPC Converter\ANPC_3Layer\Source\app\app_protect
    7378                      .dwattr $C$DW$469, DW_AT_decl_line(0x44)
    7379                      .dwattr $C$DW$469, DW_AT_decl_column(0x0f)
    7380              
    7381              $C$DW$470       .dwtag  DW_TAG_member
    7382                      .dwattr $C$DW$470, DW_AT_type(*$C$DW$T$24)
    7383                      .dwattr $C$DW$470, DW_AT_name("DSATA")
    7384                      .dwattr $C$DW$470, DW_AT_bit_offset(0x0f)
    7385                      .dwattr $C$DW$470, DW_AT_bit_size(0x01)
    7386                      .dwattr $C$DW$470, DW_AT_data_member_location[DW_OP_plus_uconst 0x1]
    7387                      .dwattr $C$DW$470, DW_AT_accessibility(DW_ACCESS_public)
    7388                      .dwattr $C$DW$470, DW_AT_decl_file("D:\15_Delta\14. ANPC Converter\ANPC_3Layer\Source\app\app_protect
    7389                      .dwattr $C$DW$470, DW_AT_decl_line(0x46)
    7390                      .dwattr $C$DW$470, DW_AT_decl_column(0x0f)
    7391              
    7392              $C$DW$471       .dwtag  DW_TAG_member
    7393                      .dwattr $C$DW$471, DW_AT_type(*$C$DW$T$24)
    7394                      .dwattr $C$DW$471, DW_AT_name("DSATB")
    7395                      .dwattr $C$DW$471, DW_AT_bit_offset(0x0e)
    7396                      .dwattr $C$DW$471, DW_AT_bit_size(0x01)
TMS320C2000 Assembler PC v22.6.0 Mon Apr 21 09:04:20 2025

Copyright (c) 1996-2018 Texas Instruments Incorporated
app_protection.asm                                                   PAGE  146

    7397                      .dwattr $C$DW$471, DW_AT_data_member_location[DW_OP_plus_uconst 0x1]
    7398                      .dwattr $C$DW$471, DW_AT_accessibility(DW_ACCESS_public)
    7399                      .dwattr $C$DW$471, DW_AT_decl_file("D:\15_Delta\14. ANPC Converter\ANPC_3Layer\Source\app\app_protect
    7400                      .dwattr $C$DW$471, DW_AT_decl_line(0x47)
    7401                      .dwattr $C$DW$471, DW_AT_decl_column(0x0f)
    7402              
    7403              $C$DW$472       .dwtag  DW_TAG_member
    7404                      .dwattr $C$DW$472, DW_AT_type(*$C$DW$T$24)
    7405                      .dwattr $C$DW$472, DW_AT_name("DSATC")
    7406                      .dwattr $C$DW$472, DW_AT_bit_offset(0x0d)
    7407                      .dwattr $C$DW$472, DW_AT_bit_size(0x01)
    7408                      .dwattr $C$DW$472, DW_AT_data_member_location[DW_OP_plus_uconst 0x1]
    7409                      .dwattr $C$DW$472, DW_AT_accessibility(DW_ACCESS_public)
    7410                      .dwattr $C$DW$472, DW_AT_decl_file("D:\15_Delta\14. ANPC Converter\ANPC_3Layer\Source\app\app_protect
    7411                      .dwattr $C$DW$472, DW_AT_decl_line(0x48)
    7412                      .dwattr $C$DW$472, DW_AT_decl_column(0x0f)
    7413              
    7414              $C$DW$473       .dwtag  DW_TAG_member
    7415                      .dwattr $C$DW$473, DW_AT_type(*$C$DW$T$24)
    7416                      .dwattr $C$DW$473, DW_AT_name("Vref1")
    7417                      .dwattr $C$DW$473, DW_AT_bit_offset(0x0c)
    7418                      .dwattr $C$DW$473, DW_AT_bit_size(0x01)
    7419                      .dwattr $C$DW$473, DW_AT_data_member_location[DW_OP_plus_uconst 0x1]
    7420                      .dwattr $C$DW$473, DW_AT_accessibility(DW_ACCESS_public)
    7421                      .dwattr $C$DW$473, DW_AT_decl_file("D:\15_Delta\14. ANPC Converter\ANPC_3Layer\Source\app\app_protect
    7422                      .dwattr $C$DW$473, DW_AT_decl_line(0x49)
    7423                      .dwattr $C$DW$473, DW_AT_decl_column(0x0f)
    7424              
    7425              $C$DW$474       .dwtag  DW_TAG_member
    7426                      .dwattr $C$DW$474, DW_AT_type(*$C$DW$T$24)
    7427                      .dwattr $C$DW$474, DW_AT_name("Vref2")
    7428                      .dwattr $C$DW$474, DW_AT_bit_offset(0x0b)
    7429                      .dwattr $C$DW$474, DW_AT_bit_size(0x01)
    7430                      .dwattr $C$DW$474, DW_AT_data_member_location[DW_OP_plus_uconst 0x1]
    7431                      .dwattr $C$DW$474, DW_AT_accessibility(DW_ACCESS_public)
    7432                      .dwattr $C$DW$474, DW_AT_decl_file("D:\15_Delta\14. ANPC Converter\ANPC_3Layer\Source\app\app_protect
    7433                      .dwattr $C$DW$474, DW_AT_decl_line(0x4a)
    7434                      .dwattr $C$DW$474, DW_AT_decl_column(0x0f)
    7435              
    7436              $C$DW$475       .dwtag  DW_TAG_member
    7437                      .dwattr $C$DW$475, DW_AT_type(*$C$DW$T$24)
    7438                      .dwattr $C$DW$475, DW_AT_name("Reserved5")
    7439                      .dwattr $C$DW$475, DW_AT_bit_offset(0x0a)
    7440                      .dwattr $C$DW$475, DW_AT_bit_size(0x01)
    7441                      .dwattr $C$DW$475, DW_AT_data_member_location[DW_OP_plus_uconst 0x1]
    7442                      .dwattr $C$DW$475, DW_AT_accessibility(DW_ACCESS_public)
    7443                      .dwattr $C$DW$475, DW_AT_decl_file("D:\15_Delta\14. ANPC Converter\ANPC_3Layer\Source\app\app_protect
    7444                      .dwattr $C$DW$475, DW_AT_decl_line(0x4b)
    7445                      .dwattr $C$DW$475, DW_AT_decl_column(0x0f)
    7446              
    7447              $C$DW$476       .dwtag  DW_TAG_member
    7448                      .dwattr $C$DW$476, DW_AT_type(*$C$DW$T$24)
    7449                      .dwattr $C$DW$476, DW_AT_name("Reserved6")
    7450                      .dwattr $C$DW$476, DW_AT_bit_offset(0x09)
    7451                      .dwattr $C$DW$476, DW_AT_bit_size(0x01)
TMS320C2000 Assembler PC v22.6.0 Mon Apr 21 09:04:20 2025

Copyright (c) 1996-2018 Texas Instruments Incorporated
app_protection.asm                                                   PAGE  147

    7452                      .dwattr $C$DW$476, DW_AT_data_member_location[DW_OP_plus_uconst 0x1]
    7453                      .dwattr $C$DW$476, DW_AT_accessibility(DW_ACCESS_public)
    7454                      .dwattr $C$DW$476, DW_AT_decl_file("D:\15_Delta\14. ANPC Converter\ANPC_3Layer\Source\app\app_protect
    7455                      .dwattr $C$DW$476, DW_AT_decl_line(0x4c)
    7456                      .dwattr $C$DW$476, DW_AT_decl_column(0x0f)
    7457              
    7458              $C$DW$477       .dwtag  DW_TAG_member
    7459                      .dwattr $C$DW$477, DW_AT_type(*$C$DW$T$24)
    7460                      .dwattr $C$DW$477, DW_AT_name("Reserved7")
    7461                      .dwattr $C$DW$477, DW_AT_bit_offset(0x08)
    7462                      .dwattr $C$DW$477, DW_AT_bit_size(0x01)
    7463                      .dwattr $C$DW$477, DW_AT_data_member_location[DW_OP_plus_uconst 0x1]
    7464                      .dwattr $C$DW$477, DW_AT_accessibility(DW_ACCESS_public)
    7465                      .dwattr $C$DW$477, DW_AT_decl_file("D:\15_Delta\14. ANPC Converter\ANPC_3Layer\Source\app\app_protect
    7466                      .dwattr $C$DW$477, DW_AT_decl_line(0x4d)
    7467                      .dwattr $C$DW$477, DW_AT_decl_column(0x0f)
    7468              
    7469              $C$DW$478       .dwtag  DW_TAG_member
    7470                      .dwattr $C$DW$478, DW_AT_type(*$C$DW$T$24)
    7471                      .dwattr $C$DW$478, DW_AT_name("Reserved8")
    7472                      .dwattr $C$DW$478, DW_AT_bit_offset(0x07)
    7473                      .dwattr $C$DW$478, DW_AT_bit_size(0x01)
    7474                      .dwattr $C$DW$478, DW_AT_data_member_location[DW_OP_plus_uconst 0x1]
    7475                      .dwattr $C$DW$478, DW_AT_accessibility(DW_ACCESS_public)
    7476                      .dwattr $C$DW$478, DW_AT_decl_file("D:\15_Delta\14. ANPC Converter\ANPC_3Layer\Source\app\app_protect
    7477                      .dwattr $C$DW$478, DW_AT_decl_line(0x4e)
    7478                      .dwattr $C$DW$478, DW_AT_decl_column(0x0f)
    7479              
    7480              $C$DW$479       .dwtag  DW_TAG_member
    7481                      .dwattr $C$DW$479, DW_AT_type(*$C$DW$T$24)
    7482                      .dwattr $C$DW$479, DW_AT_name("Reserved9")
    7483                      .dwattr $C$DW$479, DW_AT_bit_offset(0x06)
    7484                      .dwattr $C$DW$479, DW_AT_bit_size(0x01)
    7485                      .dwattr $C$DW$479, DW_AT_data_member_location[DW_OP_plus_uconst 0x1]
    7486                      .dwattr $C$DW$479, DW_AT_accessibility(DW_ACCESS_public)
    7487                      .dwattr $C$DW$479, DW_AT_decl_file("D:\15_Delta\14. ANPC Converter\ANPC_3Layer\Source\app\app_protect
    7488                      .dwattr $C$DW$479, DW_AT_decl_line(0x4f)
    7489                      .dwattr $C$DW$479, DW_AT_decl_column(0x0f)
    7490              
    7491              $C$DW$480       .dwtag  DW_TAG_member
    7492                      .dwattr $C$DW$480, DW_AT_type(*$C$DW$T$24)
    7493                      .dwattr $C$DW$480, DW_AT_name("Reserved10")
    7494                      .dwattr $C$DW$480, DW_AT_bit_offset(0x05)
    7495                      .dwattr $C$DW$480, DW_AT_bit_size(0x01)
    7496                      .dwattr $C$DW$480, DW_AT_data_member_location[DW_OP_plus_uconst 0x1]
    7497                      .dwattr $C$DW$480, DW_AT_accessibility(DW_ACCESS_public)
    7498                      .dwattr $C$DW$480, DW_AT_decl_file("D:\15_Delta\14. ANPC Converter\ANPC_3Layer\Source\app\app_protect
    7499                      .dwattr $C$DW$480, DW_AT_decl_line(0x50)
    7500                      .dwattr $C$DW$480, DW_AT_decl_column(0x0f)
    7501              
    7502              $C$DW$481       .dwtag  DW_TAG_member
    7503                      .dwattr $C$DW$481, DW_AT_type(*$C$DW$T$24)
    7504                      .dwattr $C$DW$481, DW_AT_name("Reserved11")
    7505                      .dwattr $C$DW$481, DW_AT_bit_offset(0x04)
    7506                      .dwattr $C$DW$481, DW_AT_bit_size(0x01)
TMS320C2000 Assembler PC v22.6.0 Mon Apr 21 09:04:20 2025

Copyright (c) 1996-2018 Texas Instruments Incorporated
app_protection.asm                                                   PAGE  148

    7507                      .dwattr $C$DW$481, DW_AT_data_member_location[DW_OP_plus_uconst 0x1]
    7508                      .dwattr $C$DW$481, DW_AT_accessibility(DW_ACCESS_public)
    7509                      .dwattr $C$DW$481, DW_AT_decl_file("D:\15_Delta\14. ANPC Converter\ANPC_3Layer\Source\app\app_protect
    7510                      .dwattr $C$DW$481, DW_AT_decl_line(0x51)
    7511                      .dwattr $C$DW$481, DW_AT_decl_column(0x0f)
    7512              
    7513              $C$DW$482       .dwtag  DW_TAG_member
    7514                      .dwattr $C$DW$482, DW_AT_type(*$C$DW$T$24)
    7515                      .dwattr $C$DW$482, DW_AT_name("Reserved12")
    7516                      .dwattr $C$DW$482, DW_AT_bit_offset(0x03)
    7517                      .dwattr $C$DW$482, DW_AT_bit_size(0x01)
    7518                      .dwattr $C$DW$482, DW_AT_data_member_location[DW_OP_plus_uconst 0x1]
    7519                      .dwattr $C$DW$482, DW_AT_accessibility(DW_ACCESS_public)
    7520                      .dwattr $C$DW$482, DW_AT_decl_file("D:\15_Delta\14. ANPC Converter\ANPC_3Layer\Source\app\app_protect
    7521                      .dwattr $C$DW$482, DW_AT_decl_line(0x52)
    7522                      .dwattr $C$DW$482, DW_AT_decl_column(0x0f)
    7523              
    7524              $C$DW$483       .dwtag  DW_TAG_member
    7525                      .dwattr $C$DW$483, DW_AT_type(*$C$DW$T$24)
    7526                      .dwattr $C$DW$483, DW_AT_name("Reserved13")
    7527                      .dwattr $C$DW$483, DW_AT_bit_offset(0x02)
    7528                      .dwattr $C$DW$483, DW_AT_bit_size(0x01)
    7529                      .dwattr $C$DW$483, DW_AT_data_member_location[DW_OP_plus_uconst 0x1]
    7530                      .dwattr $C$DW$483, DW_AT_accessibility(DW_ACCESS_public)
    7531                      .dwattr $C$DW$483, DW_AT_decl_file("D:\15_Delta\14. ANPC Converter\ANPC_3Layer\Source\app\app_protect
    7532                      .dwattr $C$DW$483, DW_AT_decl_line(0x53)
    7533                      .dwattr $C$DW$483, DW_AT_decl_column(0x0f)
    7534              
    7535              $C$DW$484       .dwtag  DW_TAG_member
    7536                      .dwattr $C$DW$484, DW_AT_type(*$C$DW$T$24)
    7537                      .dwattr $C$DW$484, DW_AT_name("Reserved14")
    7538                      .dwattr $C$DW$484, DW_AT_bit_offset(0x01)
    7539                      .dwattr $C$DW$484, DW_AT_bit_size(0x01)
    7540                      .dwattr $C$DW$484, DW_AT_data_member_location[DW_OP_plus_uconst 0x1]
    7541                      .dwattr $C$DW$484, DW_AT_accessibility(DW_ACCESS_public)
    7542                      .dwattr $C$DW$484, DW_AT_decl_file("D:\15_Delta\14. ANPC Converter\ANPC_3Layer\Source\app\app_protect
    7543                      .dwattr $C$DW$484, DW_AT_decl_line(0x54)
    7544                      .dwattr $C$DW$484, DW_AT_decl_column(0x0f)
    7545              
    7546              $C$DW$485       .dwtag  DW_TAG_member
    7547                      .dwattr $C$DW$485, DW_AT_type(*$C$DW$T$24)
    7548                      .dwattr $C$DW$485, DW_AT_name("Reserved15")
    7549                      .dwattr $C$DW$485, DW_AT_bit_offset(0x00)
    7550                      .dwattr $C$DW$485, DW_AT_bit_size(0x01)
    7551                      .dwattr $C$DW$485, DW_AT_data_member_location[DW_OP_plus_uconst 0x1]
    7552                      .dwattr $C$DW$485, DW_AT_accessibility(DW_ACCESS_public)
    7553                      .dwattr $C$DW$485, DW_AT_decl_file("D:\15_Delta\14. ANPC Converter\ANPC_3Layer\Source\app\app_protect
    7554                      .dwattr $C$DW$485, DW_AT_decl_line(0x55)
    7555                      .dwattr $C$DW$485, DW_AT_decl_column(0x0f)
    7556              
    7557                      .dwattr $C$DW$T$28, DW_AT_decl_file("D:\15_Delta\14. ANPC Converter\ANPC_3Layer\Source\app\app_protec
    7558                      .dwattr $C$DW$T$28, DW_AT_decl_line(0x33)
    7559                      .dwattr $C$DW$T$28, DW_AT_decl_column(0x0c)
    7560                      .dwendtag $C$DW$T$28
    7561              
TMS320C2000 Assembler PC v22.6.0 Mon Apr 21 09:04:20 2025

Copyright (c) 1996-2018 Texas Instruments Incorporated
app_protection.asm                                                   PAGE  149

    7562                      .dwendtag $C$DW$TU$28
    7563              
    7564              
    7565              $C$DW$TU$30     .dwtag  DW_TAG_type_unit
    7566                      .dwmtype  $C$DW$T$30
    7567              
    7568              $C$DW$T$30      .dwtag  DW_TAG_structure_type
    7569                      .dwattr $C$DW$T$30, DW_AT_name("ProtectFlag_word")
    7570                      .dwattr $C$DW$T$30, DW_AT_byte_size(0x02)
    7571              $C$DW$486       .dwtag  DW_TAG_member
    7572                      .dwattr $C$DW$486, DW_AT_type(*$C$DW$T$29)
    7573                      .dwattr $C$DW$486, DW_AT_name("low")
    7574                      .dwattr $C$DW$486, DW_AT_accessibility(DW_ACCESS_public)
    7575                      .dwattr $C$DW$486, DW_AT_decl_file("D:\15_Delta\14. ANPC Converter\ANPC_3Layer\Source\app\app_protect
    7576                      .dwattr $C$DW$486, DW_AT_decl_line(0x5a)
    7577                      .dwattr $C$DW$486, DW_AT_decl_column(0x10)
    7578              
    7579              $C$DW$487       .dwtag  DW_TAG_member
    7580                      .dwattr $C$DW$487, DW_AT_type(*$C$DW$T$29)
    7581                      .dwattr $C$DW$487, DW_AT_name("high")
    7582                      .dwattr $C$DW$487, DW_AT_data_member_location[DW_OP_plus_uconst 0x1]
    7583                      .dwattr $C$DW$487, DW_AT_accessibility(DW_ACCESS_public)
    7584                      .dwattr $C$DW$487, DW_AT_decl_file("D:\15_Delta\14. ANPC Converter\ANPC_3Layer\Source\app\app_protect
    7585                      .dwattr $C$DW$487, DW_AT_decl_line(0x5b)
    7586                      .dwattr $C$DW$487, DW_AT_decl_column(0x10)
    7587              
    7588                      .dwattr $C$DW$T$30, DW_AT_decl_file("D:\15_Delta\14. ANPC Converter\ANPC_3Layer\Source\app\app_protec
    7589                      .dwattr $C$DW$T$30, DW_AT_decl_line(0x58)
    7590                      .dwattr $C$DW$T$30, DW_AT_decl_column(0x0c)
    7591                      .dwendtag $C$DW$T$30
    7592              
    7593                      .dwendtag $C$DW$TU$30
    7594              
    7595              
    7596              $C$DW$TU$31     .dwtag  DW_TAG_type_unit
    7597                      .dwmtype  $C$DW$T$31
    7598              
    7599              $C$DW$T$31      .dwtag  DW_TAG_union_type
    7600                      .dwattr $C$DW$T$31, DW_AT_name("WordType")
    7601                      .dwattr $C$DW$T$31, DW_AT_byte_size(0x01)
    7602              $C$DW$488       .dwtag  DW_TAG_member
    7603                      .dwattr $C$DW$488, DW_AT_type(*$C$DW$T$25)
    7604                      .dwattr $C$DW$488, DW_AT_name("bits")
    7605                      .dwattr $C$DW$488, DW_AT_accessibility(DW_ACCESS_public)
    7606                      .dwattr $C$DW$488, DW_AT_decl_file("D:\15_Delta\14. ANPC Converter\ANPC_3Layer\Source\app\app_math_ct
    7607                      .dwattr $C$DW$488, DW_AT_decl_line(0x3c)
    7608                      .dwattr $C$DW$488, DW_AT_decl_column(0x06)
    7609              
    7610              $C$DW$489       .dwtag  DW_TAG_member
    7611                      .dwattr $C$DW$489, DW_AT_type(*$C$DW$T$29)
    7612                      .dwattr $C$DW$489, DW_AT_name("word")
    7613                      .dwattr $C$DW$489, DW_AT_accessibility(DW_ACCESS_public)
    7614                      .dwattr $C$DW$489, DW_AT_decl_file("D:\15_Delta\14. ANPC Converter\ANPC_3Layer\Source\app\app_math_ct
    7615                      .dwattr $C$DW$489, DW_AT_decl_line(0x3e)
    7616                      .dwattr $C$DW$489, DW_AT_decl_column(0x0c)
TMS320C2000 Assembler PC v22.6.0 Mon Apr 21 09:04:20 2025

Copyright (c) 1996-2018 Texas Instruments Incorporated
app_protection.asm                                                   PAGE  150

    7617              
    7618                      .dwattr $C$DW$T$31, DW_AT_decl_file("D:\15_Delta\14. ANPC Converter\ANPC_3Layer\Source\app\app_math_c
    7619                      .dwattr $C$DW$T$31, DW_AT_decl_line(0x28)
    7620                      .dwattr $C$DW$T$31, DW_AT_decl_column(0x0f)
    7621                      .dwendtag $C$DW$T$31
    7622              
    7623                      .dwendtag $C$DW$TU$31
    7624              
    7625              
    7626              $C$DW$TU$40     .dwtag  DW_TAG_type_unit
    7627                      .dwmtype  $C$DW$T$40
    7628              $C$DW$T$40      .dwtag  DW_TAG_typedef
    7629                      .dwattr $C$DW$T$40, DW_AT_name("wordtype_t")
    7630                      .dwattr $C$DW$T$40, DW_AT_type(*$C$DW$T$31)
    7631                      .dwattr $C$DW$T$40, DW_AT_decl_file("D:\15_Delta\14. ANPC Converter\ANPC_3Layer\Source\app\app_math_c
    7632                      .dwattr $C$DW$T$40, DW_AT_decl_line(0x40)
    7633                      .dwattr $C$DW$T$40, DW_AT_decl_column(0x03)
    7634              
    7635                      .dwendtag $C$DW$TU$40
    7636              
    7637              
    7638              $C$DW$TU$2      .dwtag  DW_TAG_type_unit
    7639                      .dwmtype  $C$DW$T$2
    7640              $C$DW$T$2       .dwtag  DW_TAG_unspecified_type
    7641                      .dwattr $C$DW$T$2, DW_AT_name("void")
    7642              
    7643                      .dwendtag $C$DW$TU$2
    7644              
    7645              
    7646              $C$DW$TU$4      .dwtag  DW_TAG_type_unit
    7647                      .dwmtype  $C$DW$T$4
    7648              $C$DW$T$4       .dwtag  DW_TAG_base_type
    7649                      .dwattr $C$DW$T$4, DW_AT_encoding(DW_ATE_boolean)
    7650                      .dwattr $C$DW$T$4, DW_AT_name("bool")
    7651                      .dwattr $C$DW$T$4, DW_AT_byte_size(0x01)
    7652              
    7653                      .dwendtag $C$DW$TU$4
    7654              
    7655              
    7656              $C$DW$TU$5      .dwtag  DW_TAG_type_unit
    7657                      .dwmtype  $C$DW$T$5
    7658              $C$DW$T$5       .dwtag  DW_TAG_base_type
    7659                      .dwattr $C$DW$T$5, DW_AT_encoding(DW_ATE_signed_char)
    7660                      .dwattr $C$DW$T$5, DW_AT_name("signed char")
    7661                      .dwattr $C$DW$T$5, DW_AT_byte_size(0x01)
    7662              
    7663                      .dwendtag $C$DW$TU$5
    7664              
    7665              
    7666              $C$DW$TU$6      .dwtag  DW_TAG_type_unit
    7667                      .dwmtype  $C$DW$T$6
    7668              $C$DW$T$6       .dwtag  DW_TAG_base_type
    7669                      .dwattr $C$DW$T$6, DW_AT_encoding(DW_ATE_unsigned_char)
    7670                      .dwattr $C$DW$T$6, DW_AT_name("unsigned char")
    7671                      .dwattr $C$DW$T$6, DW_AT_byte_size(0x01)
TMS320C2000 Assembler PC v22.6.0 Mon Apr 21 09:04:20 2025

Copyright (c) 1996-2018 Texas Instruments Incorporated
app_protection.asm                                                   PAGE  151

    7672              
    7673                      .dwendtag $C$DW$TU$6
    7674              
    7675              
    7676              $C$DW$TU$7      .dwtag  DW_TAG_type_unit
    7677                      .dwmtype  $C$DW$T$7
    7678              $C$DW$T$7       .dwtag  DW_TAG_base_type
    7679                      .dwattr $C$DW$T$7, DW_AT_encoding(DW_ATE_signed_char)
    7680                      .dwattr $C$DW$T$7, DW_AT_name("wchar_t")
    7681                      .dwattr $C$DW$T$7, DW_AT_byte_size(0x02)
    7682              
    7683                      .dwendtag $C$DW$TU$7
    7684              
    7685              
    7686              $C$DW$TU$8      .dwtag  DW_TAG_type_unit
    7687                      .dwmtype  $C$DW$T$8
    7688              $C$DW$T$8       .dwtag  DW_TAG_base_type
    7689                      .dwattr $C$DW$T$8, DW_AT_encoding(DW_ATE_signed)
    7690                      .dwattr $C$DW$T$8, DW_AT_name("short")
    7691                      .dwattr $C$DW$T$8, DW_AT_byte_size(0x01)
    7692              
    7693                      .dwendtag $C$DW$TU$8
    7694              
    7695              
    7696              $C$DW$TU$9      .dwtag  DW_TAG_type_unit
    7697                      .dwmtype  $C$DW$T$9
    7698              $C$DW$T$9       .dwtag  DW_TAG_base_type
    7699                      .dwattr $C$DW$T$9, DW_AT_encoding(DW_ATE_unsigned)
    7700                      .dwattr $C$DW$T$9, DW_AT_name("unsigned short")
    7701                      .dwattr $C$DW$T$9, DW_AT_byte_size(0x01)
    7702              
    7703                      .dwendtag $C$DW$TU$9
    7704              
    7705              
    7706              $C$DW$TU$10     .dwtag  DW_TAG_type_unit
    7707                      .dwmtype  $C$DW$T$10
    7708              $C$DW$T$10      .dwtag  DW_TAG_base_type
    7709                      .dwattr $C$DW$T$10, DW_AT_encoding(DW_ATE_signed)
    7710                      .dwattr $C$DW$T$10, DW_AT_name("int")
    7711                      .dwattr $C$DW$T$10, DW_AT_byte_size(0x01)
    7712              
    7713                      .dwendtag $C$DW$TU$10
    7714              
    7715              
    7716              $C$DW$TU$11     .dwtag  DW_TAG_type_unit
    7717                      .dwmtype  $C$DW$T$11
    7718              $C$DW$T$11      .dwtag  DW_TAG_base_type
    7719                      .dwattr $C$DW$T$11, DW_AT_encoding(DW_ATE_unsigned)
    7720                      .dwattr $C$DW$T$11, DW_AT_name("unsigned int")
    7721                      .dwattr $C$DW$T$11, DW_AT_byte_size(0x01)
    7722              
    7723                      .dwendtag $C$DW$TU$11
    7724              
    7725              
    7726              $C$DW$TU$45     .dwtag  DW_TAG_type_unit
TMS320C2000 Assembler PC v22.6.0 Mon Apr 21 09:04:20 2025

Copyright (c) 1996-2018 Texas Instruments Incorporated
app_protection.asm                                                   PAGE  152

    7727                      .dwmtype  $C$DW$T$45
    7728              $C$DW$T$45      .dwtag  DW_TAG_typedef
    7729                      .dwattr $C$DW$T$45, DW_AT_name("__uint16_t")
    7730                      .dwattr $C$DW$T$45, DW_AT_type(*$C$DW$T$11)
    7731                      .dwattr $C$DW$T$45, DW_AT_decl_file("C:/ti/ccs1210/ccs/tools/compiler/ti-cgt-c2000_22.6.0.LTS/include
    7732                      .dwattr $C$DW$T$45, DW_AT_decl_line(0x41)
    7733                      .dwattr $C$DW$T$45, DW_AT_decl_column(0x1c)
    7734              
    7735                      .dwendtag $C$DW$TU$45
    7736              
    7737              
    7738              $C$DW$TU$46     .dwtag  DW_TAG_type_unit
    7739                      .dwmtype  $C$DW$T$46
    7740              $C$DW$T$46      .dwtag  DW_TAG_typedef
    7741                      .dwattr $C$DW$T$46, DW_AT_name("uint16_t")
    7742                      .dwattr $C$DW$T$46, DW_AT_type(*$C$DW$T$45)
    7743                      .dwattr $C$DW$T$46, DW_AT_decl_file("C:/ti/ccs1210/ccs/tools/compiler/ti-cgt-c2000_22.6.0.LTS/include
    7744                      .dwattr $C$DW$T$46, DW_AT_decl_line(0x41)
    7745                      .dwattr $C$DW$T$46, DW_AT_decl_column(0x15)
    7746              
    7747                      .dwendtag $C$DW$TU$46
    7748              
    7749              
    7750              $C$DW$TU$24     .dwtag  DW_TAG_type_unit
    7751                      .dwmtype  $C$DW$T$24
    7752              $C$DW$T$24      .dwtag  DW_TAG_typedef
    7753                      .dwattr $C$DW$T$24, DW_AT_name("bit_t")
    7754                      .dwattr $C$DW$T$24, DW_AT_type(*$C$DW$T$11)
    7755                      .dwattr $C$DW$T$24, DW_AT_decl_file("D:\15_Delta\14. ANPC Converter\ANPC_3Layer\Source\app\app_math_c
    7756                      .dwattr $C$DW$T$24, DW_AT_decl_line(0x23)
    7757                      .dwattr $C$DW$T$24, DW_AT_decl_column(0x19)
    7758              
    7759                      .dwendtag $C$DW$TU$24
    7760              
    7761              
    7762              $C$DW$TU$29     .dwtag  DW_TAG_type_unit
    7763                      .dwmtype  $C$DW$T$29
    7764              $C$DW$T$29      .dwtag  DW_TAG_typedef
    7765                      .dwattr $C$DW$T$29, DW_AT_name("word_t")
    7766                      .dwattr $C$DW$T$29, DW_AT_type(*$C$DW$T$11)
    7767                      .dwattr $C$DW$T$29, DW_AT_decl_file("D:\15_Delta\14. ANPC Converter\ANPC_3Layer\Source\app\app_math_c
    7768                      .dwattr $C$DW$T$29, DW_AT_decl_line(0x25)
    7769                      .dwattr $C$DW$T$29, DW_AT_decl_column(0x19)
    7770              
    7771                      .dwendtag $C$DW$TU$29
    7772              
    7773              
    7774              $C$DW$TU$48     .dwtag  DW_TAG_type_unit
    7775                      .dwmtype  $C$DW$T$48
    7776              $C$DW$T$48      .dwtag  DW_TAG_pointer_type
    7777                      .dwattr $C$DW$T$48, DW_AT_type(*$C$DW$T$29)
    7778                      .dwattr $C$DW$T$48, DW_AT_address_class(0x20)
    7779              
    7780                      .dwendtag $C$DW$TU$48
    7781              
TMS320C2000 Assembler PC v22.6.0 Mon Apr 21 09:04:20 2025

Copyright (c) 1996-2018 Texas Instruments Incorporated
app_protection.asm                                                   PAGE  153

    7782              
    7783              $C$DW$TU$12     .dwtag  DW_TAG_type_unit
    7784                      .dwmtype  $C$DW$T$12
    7785              $C$DW$T$12      .dwtag  DW_TAG_base_type
    7786                      .dwattr $C$DW$T$12, DW_AT_encoding(DW_ATE_signed)
    7787                      .dwattr $C$DW$T$12, DW_AT_name("long")
    7788                      .dwattr $C$DW$T$12, DW_AT_byte_size(0x02)
    7789              
    7790                      .dwendtag $C$DW$TU$12
    7791              
    7792              
    7793              $C$DW$TU$13     .dwtag  DW_TAG_type_unit
    7794                      .dwmtype  $C$DW$T$13
    7795              $C$DW$T$13      .dwtag  DW_TAG_base_type
    7796                      .dwattr $C$DW$T$13, DW_AT_encoding(DW_ATE_unsigned)
    7797                      .dwattr $C$DW$T$13, DW_AT_name("unsigned long")
    7798                      .dwattr $C$DW$T$13, DW_AT_byte_size(0x02)
    7799              
    7800                      .dwendtag $C$DW$TU$13
    7801              
    7802              
    7803              $C$DW$TU$43     .dwtag  DW_TAG_type_unit
    7804                      .dwmtype  $C$DW$T$43
    7805              $C$DW$T$43      .dwtag  DW_TAG_typedef
    7806                      .dwattr $C$DW$T$43, DW_AT_name("__uint32_t")
    7807                      .dwattr $C$DW$T$43, DW_AT_type(*$C$DW$T$13)
    7808                      .dwattr $C$DW$T$43, DW_AT_decl_file("C:/ti/ccs1210/ccs/tools/compiler/ti-cgt-c2000_22.6.0.LTS/include
    7809                      .dwattr $C$DW$T$43, DW_AT_decl_line(0x43)
    7810                      .dwattr $C$DW$T$43, DW_AT_decl_column(0x1c)
    7811              
    7812                      .dwendtag $C$DW$TU$43
    7813              
    7814              
    7815              $C$DW$TU$44     .dwtag  DW_TAG_type_unit
    7816                      .dwmtype  $C$DW$T$44
    7817              $C$DW$T$44      .dwtag  DW_TAG_typedef
    7818                      .dwattr $C$DW$T$44, DW_AT_name("uint32_t")
    7819                      .dwattr $C$DW$T$44, DW_AT_type(*$C$DW$T$43)
    7820                      .dwattr $C$DW$T$44, DW_AT_decl_file("C:/ti/ccs1210/ccs/tools/compiler/ti-cgt-c2000_22.6.0.LTS/include
    7821                      .dwattr $C$DW$T$44, DW_AT_decl_line(0x46)
    7822                      .dwattr $C$DW$T$44, DW_AT_decl_column(0x15)
    7823              
    7824                      .dwendtag $C$DW$TU$44
    7825              
    7826              
    7827              $C$DW$TU$26     .dwtag  DW_TAG_type_unit
    7828                      .dwmtype  $C$DW$T$26
    7829              $C$DW$T$26      .dwtag  DW_TAG_typedef
    7830                      .dwattr $C$DW$T$26, DW_AT_name("dword_t")
    7831                      .dwattr $C$DW$T$26, DW_AT_type(*$C$DW$T$13)
    7832                      .dwattr $C$DW$T$26, DW_AT_decl_file("D:\15_Delta\14. ANPC Converter\ANPC_3Layer\Source\app\app_math_c
    7833                      .dwattr $C$DW$T$26, DW_AT_decl_line(0x26)
    7834                      .dwattr $C$DW$T$26, DW_AT_decl_column(0x19)
    7835              
    7836                      .dwendtag $C$DW$TU$26
TMS320C2000 Assembler PC v22.6.0 Mon Apr 21 09:04:20 2025

Copyright (c) 1996-2018 Texas Instruments Incorporated
app_protection.asm                                                   PAGE  154

    7837              
    7838              
    7839              $C$DW$TU$14     .dwtag  DW_TAG_type_unit
    7840                      .dwmtype  $C$DW$T$14
    7841              $C$DW$T$14      .dwtag  DW_TAG_base_type
    7842                      .dwattr $C$DW$T$14, DW_AT_encoding(DW_ATE_signed)
    7843                      .dwattr $C$DW$T$14, DW_AT_name("long long")
    7844                      .dwattr $C$DW$T$14, DW_AT_byte_size(0x04)
    7845              
    7846                      .dwendtag $C$DW$TU$14
    7847              
    7848              
    7849              $C$DW$TU$15     .dwtag  DW_TAG_type_unit
    7850                      .dwmtype  $C$DW$T$15
    7851              $C$DW$T$15      .dwtag  DW_TAG_base_type
    7852                      .dwattr $C$DW$T$15, DW_AT_encoding(DW_ATE_unsigned)
    7853                      .dwattr $C$DW$T$15, DW_AT_name("unsigned long long")
    7854                      .dwattr $C$DW$T$15, DW_AT_byte_size(0x04)
    7855              
    7856                      .dwendtag $C$DW$TU$15
    7857              
    7858              
    7859              $C$DW$TU$16     .dwtag  DW_TAG_type_unit
    7860                      .dwmtype  $C$DW$T$16
    7861              $C$DW$T$16      .dwtag  DW_TAG_base_type
    7862                      .dwattr $C$DW$T$16, DW_AT_encoding(DW_ATE_float)
    7863                      .dwattr $C$DW$T$16, DW_AT_name("float")
    7864                      .dwattr $C$DW$T$16, DW_AT_byte_size(0x02)
    7865              
    7866                      .dwendtag $C$DW$TU$16
    7867              
    7868              
    7869              $C$DW$TU$69     .dwtag  DW_TAG_type_unit
    7870                      .dwmtype  $C$DW$T$69
    7871              $C$DW$490       .dwtag  DW_TAG_TI_far_type
    7872                      .dwattr $C$DW$490, DW_AT_type(*$C$DW$T$16)
    7873              
    7874              $C$DW$T$69      .dwtag  DW_TAG_const_type
    7875                      .dwattr $C$DW$T$69, DW_AT_type(*$C$DW$490)
    7876              
    7877                      .dwendtag $C$DW$TU$69
    7878              
    7879              
    7880              $C$DW$TU$19     .dwtag  DW_TAG_type_unit
    7881                      .dwmtype  $C$DW$T$19
    7882              $C$DW$T$19      .dwtag  DW_TAG_typedef
    7883                      .dwattr $C$DW$T$19, DW_AT_name("float32_t")
    7884                      .dwattr $C$DW$T$19, DW_AT_type(*$C$DW$T$16)
    7885                      .dwattr $C$DW$T$19, DW_AT_decl_file("D:\15_Delta\14. ANPC Converter\ANPC_3Layer\TMS320F280049C\device
    7886                      .dwattr $C$DW$T$19, DW_AT_decl_line(0x64)
    7887                      .dwattr $C$DW$T$19, DW_AT_decl_column(0x17)
    7888              
    7889                      .dwendtag $C$DW$TU$19
    7890              
    7891              
TMS320C2000 Assembler PC v22.6.0 Mon Apr 21 09:04:20 2025

Copyright (c) 1996-2018 Texas Instruments Incorporated
app_protection.asm                                                   PAGE  155

    7892              $C$DW$TU$22     .dwtag  DW_TAG_type_unit
    7893                      .dwmtype  $C$DW$T$22
    7894              
    7895              $C$DW$T$22      .dwtag  DW_TAG_array_type
    7896                      .dwattr $C$DW$T$22, DW_AT_type(*$C$DW$T$19)
    7897                      .dwattr $C$DW$T$22, DW_AT_byte_size(0x1a)
    7898              $C$DW$491       .dwtag  DW_TAG_subrange_type
    7899                      .dwattr $C$DW$491, DW_AT_upper_bound(0x0c)
    7900              
    7901                      .dwendtag $C$DW$T$22
    7902              
    7903                      .dwendtag $C$DW$TU$22
    7904              
    7905              
    7906              $C$DW$TU$17     .dwtag  DW_TAG_type_unit
    7907                      .dwmtype  $C$DW$T$17
    7908              $C$DW$T$17      .dwtag  DW_TAG_base_type
    7909                      .dwattr $C$DW$T$17, DW_AT_encoding(DW_ATE_float)
    7910                      .dwattr $C$DW$T$17, DW_AT_name("double")
    7911                      .dwattr $C$DW$T$17, DW_AT_byte_size(0x04)
    7912              
    7913                      .dwendtag $C$DW$TU$17
    7914              
    7915              
    7916              $C$DW$TU$70     .dwtag  DW_TAG_type_unit
    7917                      .dwmtype  $C$DW$T$70
    7918              $C$DW$T$70      .dwtag  DW_TAG_pointer_type
    7919                      .dwattr $C$DW$T$70, DW_AT_type(*$C$DW$T$17)
    7920                      .dwattr $C$DW$T$70, DW_AT_address_class(0x20)
    7921              
    7922                      .dwendtag $C$DW$TU$70
    7923              
    7924              
    7925              $C$DW$TU$71     .dwtag  DW_TAG_type_unit
    7926                      .dwmtype  $C$DW$T$71
    7927              $C$DW$492       .dwtag  DW_TAG_TI_far_type
    7928                      .dwattr $C$DW$492, DW_AT_type(*$C$DW$T$70)
    7929              
    7930              $C$DW$T$71      .dwtag  DW_TAG_const_type
    7931                      .dwattr $C$DW$T$71, DW_AT_type(*$C$DW$492)
    7932              
    7933                      .dwendtag $C$DW$TU$71
    7934              
    7935              
    7936              $C$DW$TU$18     .dwtag  DW_TAG_type_unit
    7937                      .dwmtype  $C$DW$T$18
    7938              $C$DW$T$18      .dwtag  DW_TAG_base_type
    7939                      .dwattr $C$DW$T$18, DW_AT_encoding(DW_ATE_float)
    7940                      .dwattr $C$DW$T$18, DW_AT_name("long double")
    7941                      .dwattr $C$DW$T$18, DW_AT_byte_size(0x04)
    7942              
    7943                      .dwendtag $C$DW$TU$18
    7944              
    7945              
    7946              $C$DW$TU$72     .dwtag  DW_TAG_type_unit
TMS320C2000 Assembler PC v22.6.0 Mon Apr 21 09:04:20 2025

Copyright (c) 1996-2018 Texas Instruments Incorporated
app_protection.asm                                                   PAGE  156

    7947                      .dwmtype  $C$DW$T$72
    7948              $C$DW$T$72      .dwtag  DW_TAG_pointer_type
    7949                      .dwattr $C$DW$T$72, DW_AT_type(*$C$DW$T$18)
    7950                      .dwattr $C$DW$T$72, DW_AT_address_class(0x20)
    7951              
    7952                      .dwendtag $C$DW$TU$72
    7953              
    7954              
    7955              $C$DW$TU$73     .dwtag  DW_TAG_type_unit
    7956                      .dwmtype  $C$DW$T$73
    7957              $C$DW$493       .dwtag  DW_TAG_TI_far_type
    7958                      .dwattr $C$DW$493, DW_AT_type(*$C$DW$T$72)
    7959              
    7960              $C$DW$T$73      .dwtag  DW_TAG_const_type
    7961                      .dwattr $C$DW$T$73, DW_AT_type(*$C$DW$493)
    7962              
    7963                      .dwendtag $C$DW$TU$73
    7964              
    7965              
    7966              $C$DW$TU$74     .dwtag  DW_TAG_type_unit
    7967                      .dwmtype  $C$DW$T$74
    7968              $C$DW$T$74      .dwtag  DW_TAG_base_type
    7969                      .dwattr $C$DW$T$74, DW_AT_encoding(DW_ATE_unsigned_char)
    7970                      .dwattr $C$DW$T$74, DW_AT_name("unsigned char")
    7971                      .dwattr $C$DW$T$74, DW_AT_byte_size(0x01)
    7972              
    7973                      .dwendtag $C$DW$TU$74
    7974              

No Assembly Errors, No Assembly Warnings
