TMS320C2000 Assembler PC v22.6.0 Mon Apr 21 09:03:26 2025

Copyright (c) 1996-2018 Texas Instruments Incorporated
app_anpc_main.asm                                                    PAGE    1

       1              ;***************************************************************
       2              ;* TMS320C2000 G3 C/C++ Codegen                               PC v22.6.0.LTS *
       3              ;* Date/Time created: Mon Apr 21 09:03:26 2025                 *
       4              ;***************************************************************
       5                      .compiler_opts --abi=eabi --cla_support=cla2 --diag_wrap=off --float_support=fpu32 --hll_source=on --
       6                      .asg    XAR2, FP
       7              
       8              $C$DW$CU        .dwtag  DW_TAG_compile_unit
       9                      .dwattr $C$DW$CU, DW_AT_name("D:/15_Delta/14. ANPC Converter/ANPC_3Layer/Source/app/app_anpc_main.c")
      10                      .dwattr $C$DW$CU, DW_AT_producer("TI TMS320C2000 G3 C/C++ Codegen PC v22.6.0.LTS Copyright (c) 1996-2
      11                      .dwattr $C$DW$CU, DW_AT_TI_version(0x01)
      12                      .dwattr $C$DW$CU, DW_AT_comp_dir("D:\15_Delta\14. ANPC Converter\ANPC_3Layer\TMS320F280049C\RELEASE")
      13              
      14              $C$DW$1 .dwtag  DW_TAG_subprogram
      15                      .dwattr $C$DW$1, DW_AT_name("timer1kHz_Callback")
      16                      .dwattr $C$DW$1, DW_AT_linkage_name("timer1kHz_Callback")
      17                      .dwattr $C$DW$1, DW_AT_declaration
      18                      .dwattr $C$DW$1, DW_AT_external
      19                      .dwattr $C$DW$1, DW_AT_decl_file("D:\15_Delta\14. ANPC Converter\ANPC_3Layer\Source\app\app_timer_1kH
      20                      .dwattr $C$DW$1, DW_AT_decl_line(0x2c)
      21                      .dwattr $C$DW$1, DW_AT_decl_column(0x06)
      22                      .dwendtag $C$DW$1
      23              
      24              
      25              $C$DW$2 .dwtag  DW_TAG_subprogram
      26                      .dwattr $C$DW$2, DW_AT_name("timer10Hz_Callback")
      27                      .dwattr $C$DW$2, DW_AT_linkage_name("timer10Hz_Callback")
      28                      .dwattr $C$DW$2, DW_AT_declaration
      29                      .dwattr $C$DW$2, DW_AT_external
      30                      .dwattr $C$DW$2, DW_AT_decl_file("D:\15_Delta\14. ANPC Converter\ANPC_3Layer\Source\app\app_timer_10H
      31                      .dwattr $C$DW$2, DW_AT_decl_line(0x11)
      32                      .dwattr $C$DW$2, DW_AT_decl_column(0x06)
      33                      .dwendtag $C$DW$2
      34              
      35              
      36              $C$DW$3 .dwtag  DW_TAG_subprogram
      37                      .dwattr $C$DW$3, DW_AT_name("bsp_InitSYSTEM")
      38                      .dwattr $C$DW$3, DW_AT_linkage_name("bsp_InitSYSTEM")
      39                      .dwattr $C$DW$3, DW_AT_declaration
      40                      .dwattr $C$DW$3, DW_AT_external
      41                      .dwattr $C$DW$3, DW_AT_decl_file("D:/15_Delta/14. ANPC Converter/ANPC_3Layer/Source/mid/initial/mid_i
      42                      .dwattr $C$DW$3, DW_AT_decl_line(0x1b)
      43                      .dwattr $C$DW$3, DW_AT_decl_column(0x06)
      44                      .dwendtag $C$DW$3
      45              
      46              
      47              $C$DW$4 .dwtag  DW_TAG_subprogram
      48                      .dwattr $C$DW$4, DW_AT_name("bsp_InitTIMER")
      49                      .dwattr $C$DW$4, DW_AT_linkage_name("bsp_InitTIMER")
      50                      .dwattr $C$DW$4, DW_AT_declaration
      51                      .dwattr $C$DW$4, DW_AT_external
      52                      .dwattr $C$DW$4, DW_AT_decl_file("D:/15_Delta/14. ANPC Converter/ANPC_3Layer/Source/mid/initial/mid_i
      53                      .dwattr $C$DW$4, DW_AT_decl_line(0x27)
      54                      .dwattr $C$DW$4, DW_AT_decl_column(0x06)
      55                      .dwendtag $C$DW$4
TMS320C2000 Assembler PC v22.6.0 Mon Apr 21 09:03:26 2025

Copyright (c) 1996-2018 Texas Instruments Incorporated
app_anpc_main.asm                                                    PAGE    2

      56              
      57              
      58              $C$DW$5 .dwtag  DW_TAG_subprogram
      59                      .dwattr $C$DW$5, DW_AT_name("bsp_InitADC")
      60                      .dwattr $C$DW$5, DW_AT_linkage_name("bsp_InitADC")
      61                      .dwattr $C$DW$5, DW_AT_declaration
      62                      .dwattr $C$DW$5, DW_AT_external
      63                      .dwattr $C$DW$5, DW_AT_decl_file("D:/15_Delta/14. ANPC Converter/ANPC_3Layer/Source/mid/initial/mid_i
      64                      .dwattr $C$DW$5, DW_AT_decl_line(0x58)
      65                      .dwattr $C$DW$5, DW_AT_decl_column(0x06)
      66                      .dwendtag $C$DW$5
      67              
      68              
      69              $C$DW$6 .dwtag  DW_TAG_subprogram
      70                      .dwattr $C$DW$6, DW_AT_name("bsp_InitCOMP")
      71                      .dwattr $C$DW$6, DW_AT_linkage_name("bsp_InitCOMP")
      72                      .dwattr $C$DW$6, DW_AT_declaration
      73                      .dwattr $C$DW$6, DW_AT_external
      74                      .dwattr $C$DW$6, DW_AT_decl_file("D:/15_Delta/14. ANPC Converter/ANPC_3Layer/Source/mid/initial/mid_i
      75                      .dwattr $C$DW$6, DW_AT_decl_line(0x11)
      76                      .dwattr $C$DW$6, DW_AT_decl_column(0x06)
      77                      .dwendtag $C$DW$6
      78              
      79              
      80              $C$DW$7 .dwtag  DW_TAG_subprogram
      81                      .dwattr $C$DW$7, DW_AT_name("bsp_InitCLB")
      82                      .dwattr $C$DW$7, DW_AT_linkage_name("bsp_InitCLB")
      83                      .dwattr $C$DW$7, DW_AT_declaration
      84                      .dwattr $C$DW$7, DW_AT_external
      85                      .dwattr $C$DW$7, DW_AT_decl_file("D:/15_Delta/14. ANPC Converter/ANPC_3Layer/Source/mid/initial/mid_i
      86                      .dwattr $C$DW$7, DW_AT_decl_line(0x11)
      87                      .dwattr $C$DW$7, DW_AT_decl_column(0x06)
      88                      .dwendtag $C$DW$7
      89              
      90              
      91              $C$DW$8 .dwtag  DW_TAG_subprogram
      92                      .dwattr $C$DW$8, DW_AT_name("bsp_InitDGPIO")
      93                      .dwattr $C$DW$8, DW_AT_linkage_name("bsp_InitDGPIO")
      94                      .dwattr $C$DW$8, DW_AT_declaration
      95                      .dwattr $C$DW$8, DW_AT_external
      96                      .dwattr $C$DW$8, DW_AT_decl_file("D:/15_Delta/14. ANPC Converter/ANPC_3Layer/Source/mid/initial/mid_i
      97                      .dwattr $C$DW$8, DW_AT_decl_line(0x11)
      98                      .dwattr $C$DW$8, DW_AT_decl_column(0x06)
      99                      .dwendtag $C$DW$8
     100              
     101              
     102              $C$DW$9 .dwtag  DW_TAG_subprogram
     103                      .dwattr $C$DW$9, DW_AT_name("bsp_InitPWM")
     104                      .dwattr $C$DW$9, DW_AT_linkage_name("bsp_InitPWM")
     105                      .dwattr $C$DW$9, DW_AT_declaration
     106                      .dwattr $C$DW$9, DW_AT_external
     107                      .dwattr $C$DW$9, DW_AT_decl_file("D:/15_Delta/14. ANPC Converter/ANPC_3Layer/Source/mid/initial/mid_i
     108                      .dwattr $C$DW$9, DW_AT_decl_line(0x29)
     109                      .dwattr $C$DW$9, DW_AT_decl_column(0x06)
     110                      .dwendtag $C$DW$9
TMS320C2000 Assembler PC v22.6.0 Mon Apr 21 09:03:26 2025

Copyright (c) 1996-2018 Texas Instruments Incorporated
app_anpc_main.asm                                                    PAGE    3

     111              
     112              
     113              $C$DW$10        .dwtag  DW_TAG_subprogram
     114                      .dwattr $C$DW$10, DW_AT_name("bsp_InitINTERRUPT")
     115                      .dwattr $C$DW$10, DW_AT_linkage_name("bsp_InitINTERRUPT")
     116                      .dwattr $C$DW$10, DW_AT_declaration
     117                      .dwattr $C$DW$10, DW_AT_external
     118                      .dwattr $C$DW$10, DW_AT_decl_file("D:/15_Delta/14. ANPC Converter/ANPC_3Layer/Source/mid/initial/mid_
     119                      .dwattr $C$DW$10, DW_AT_decl_line(0x1f)
     120                      .dwattr $C$DW$10, DW_AT_decl_column(0x06)
     121                      .dwendtag $C$DW$10
     122              
     123              
     124              $C$DW$11        .dwtag  DW_TAG_subprogram
     125                      .dwattr $C$DW$11, DW_AT_name("state_InitStateMachine")
     126                      .dwattr $C$DW$11, DW_AT_linkage_name("state_InitStateMachine")
     127                      .dwattr $C$DW$11, DW_AT_declaration
     128                      .dwattr $C$DW$11, DW_AT_external
     129                      .dwattr $C$DW$11, DW_AT_decl_file("D:\15_Delta\14. ANPC Converter\ANPC_3Layer\Source\app\app_state.h"
     130                      .dwattr $C$DW$11, DW_AT_decl_line(0x45)
     131                      .dwattr $C$DW$11, DW_AT_decl_column(0x06)
     132                      .dwendtag $C$DW$11
     133              
     134              
     135              $C$DW$12        .dwtag  DW_TAG_subprogram
     136                      .dwattr $C$DW$12, DW_AT_name("state_ResetStateFlag")
     137                      .dwattr $C$DW$12, DW_AT_linkage_name("state_ResetStateFlag")
     138                      .dwattr $C$DW$12, DW_AT_declaration
     139                      .dwattr $C$DW$12, DW_AT_external
     140                      .dwattr $C$DW$12, DW_AT_decl_file("D:\15_Delta\14. ANPC Converter\ANPC_3Layer\Source\app\app_state.h"
     141                      .dwattr $C$DW$12, DW_AT_decl_line(0x4a)
     142                      .dwattr $C$DW$12, DW_AT_decl_column(0x06)
     143                      .dwendtag $C$DW$12
     144              
     145              
     146              $C$DW$13        .dwtag  DW_TAG_subprogram
     147                      .dwattr $C$DW$13, DW_AT_name("protect_ResetProtectFlag")
     148                      .dwattr $C$DW$13, DW_AT_linkage_name("protect_ResetProtectFlag")
     149                      .dwattr $C$DW$13, DW_AT_declaration
     150                      .dwattr $C$DW$13, DW_AT_external
     151                      .dwattr $C$DW$13, DW_AT_decl_file("D:\15_Delta\14. ANPC Converter\ANPC_3Layer\Source\app\app_protecti
     152                      .dwattr $C$DW$13, DW_AT_decl_line(0x72)
     153                      .dwattr $C$DW$13, DW_AT_decl_column(0x06)
     154                      .dwendtag $C$DW$13
     155              
     156              
     157              $C$DW$14        .dwtag  DW_TAG_subprogram
     158                      .dwattr $C$DW$14, DW_AT_name("protect_ResetProtectVariables")
     159                      .dwattr $C$DW$14, DW_AT_linkage_name("protect_ResetProtectVariables")
     160                      .dwattr $C$DW$14, DW_AT_declaration
     161                      .dwattr $C$DW$14, DW_AT_external
     162                      .dwattr $C$DW$14, DW_AT_decl_file("D:\15_Delta\14. ANPC Converter\ANPC_3Layer\Source\app\app_protecti
     163                      .dwattr $C$DW$14, DW_AT_decl_line(0x73)
     164                      .dwattr $C$DW$14, DW_AT_decl_column(0x06)
     165                      .dwendtag $C$DW$14
TMS320C2000 Assembler PC v22.6.0 Mon Apr 21 09:03:26 2025

Copyright (c) 1996-2018 Texas Instruments Incorporated
app_anpc_main.asm                                                    PAGE    4

     166              
     167              
     168              $C$DW$15        .dwtag  DW_TAG_subprogram
     169                      .dwattr $C$DW$15, DW_AT_name("ctrl_ResetControlVariables")
     170                      .dwattr $C$DW$15, DW_AT_linkage_name("ctrl_ResetControlVariables")
     171                      .dwattr $C$DW$15, DW_AT_declaration
     172                      .dwattr $C$DW$15, DW_AT_external
     173                      .dwattr $C$DW$15, DW_AT_decl_file("D:\15_Delta\14. ANPC Converter\ANPC_3Layer\Source\app\app_anpc_con
     174                      .dwattr $C$DW$15, DW_AT_decl_line(0x9e)
     175                      .dwattr $C$DW$15, DW_AT_decl_column(0x06)
     176                      .dwendtag $C$DW$15
     177              
     178              
     179              $C$DW$16        .dwtag  DW_TAG_subprogram
     180                      .dwattr $C$DW$16, DW_AT_name("event_ResetEventVariables")
     181                      .dwattr $C$DW$16, DW_AT_linkage_name("event_ResetEventVariables")
     182                      .dwattr $C$DW$16, DW_AT_declaration
     183                      .dwattr $C$DW$16, DW_AT_external
     184                      .dwattr $C$DW$16, DW_AT_decl_file("D:\15_Delta\14. ANPC Converter\ANPC_3Layer\Source\app\app_event.h"
     185                      .dwattr $C$DW$16, DW_AT_decl_line(0x49)
     186                      .dwattr $C$DW$16, DW_AT_decl_column(0x06)
     187                      .dwendtag $C$DW$16
     188              
     189              
     190              $C$DW$17        .dwtag  DW_TAG_subprogram
     191                      .dwattr $C$DW$17, DW_AT_name("phyvalue_ResetAllPhysicalValues")
     192                      .dwattr $C$DW$17, DW_AT_linkage_name("phyvalue_ResetAllPhysicalValues")
     193                      .dwattr $C$DW$17, DW_AT_declaration
     194                      .dwattr $C$DW$17, DW_AT_external
     195                      .dwattr $C$DW$17, DW_AT_decl_file("D:\15_Delta\14. ANPC Converter\ANPC_3Layer\Source\app\app_physical
     196                      .dwattr $C$DW$17, DW_AT_decl_line(0x7b)
     197                      .dwattr $C$DW$17, DW_AT_decl_column(0x06)
     198                      .dwendtag $C$DW$17
     199              
     200              
     201              $C$DW$18        .dwtag  DW_TAG_subprogram
     202                      .dwattr $C$DW$18, DW_AT_name("phyvalue_CalibrateOffset")
     203                      .dwattr $C$DW$18, DW_AT_linkage_name("phyvalue_CalibrateOffset")
     204                      .dwattr $C$DW$18, DW_AT_declaration
     205                      .dwattr $C$DW$18, DW_AT_external
     206                      .dwattr $C$DW$18, DW_AT_decl_file("D:\15_Delta\14. ANPC Converter\ANPC_3Layer\Source\app\app_physical
     207                      .dwattr $C$DW$18, DW_AT_decl_line(0x78)
     208                      .dwattr $C$DW$18, DW_AT_decl_column(0x06)
     209                      .dwendtag $C$DW$18
     210              
     211              
     212              $C$DW$19        .dwtag  DW_TAG_subprogram
     213                      .dwattr $C$DW$19, DW_AT_name("anpc_ResetOperationVariables")
     214                      .dwattr $C$DW$19, DW_AT_linkage_name("anpc_ResetOperationVariables")
     215                      .dwattr $C$DW$19, DW_AT_declaration
     216                      .dwattr $C$DW$19, DW_AT_external
     217                      .dwattr $C$DW$19, DW_AT_decl_file("D:\15_Delta\14. ANPC Converter\ANPC_3Layer\Source\app\app_anpc_ope
     218                      .dwattr $C$DW$19, DW_AT_decl_line(0x1d)
     219                      .dwattr $C$DW$19, DW_AT_decl_column(0x06)
     220                      .dwendtag $C$DW$19
TMS320C2000 Assembler PC v22.6.0 Mon Apr 21 09:03:26 2025

Copyright (c) 1996-2018 Texas Instruments Incorporated
app_anpc_main.asm                                                    PAGE    5

     221              
     222              $C$DW$20        .dwtag  DW_TAG_variable
     223                      .dwattr $C$DW$20, DW_AT_name("StateFlag")
     224                      .dwattr $C$DW$20, DW_AT_linkage_name("StateFlag")
     225                      .dwattr $C$DW$20, DW_AT_type(*$C$DW$T$23)
     226                      .dwattr $C$DW$20, DW_AT_declaration
     227                      .dwattr $C$DW$20, DW_AT_external
     228                      .dwattr $C$DW$20, DW_AT_decl_file("D:\15_Delta\14. ANPC Converter\ANPC_3Layer\Source\app\app_state.h"
     229                      .dwattr $C$DW$20, DW_AT_decl_line(0x3f)
     230                      .dwattr $C$DW$20, DW_AT_decl_column(0x19)
     231              
     232              ;       C:\ti\ccs1210\ccs\tools\compiler\ti-cgt-c2000_22.6.0.LTS\bin\opt2000.exe C:\\Users\\User\\AppData\\Lo
     233              ;       C:\ti\ccs1210\ccs\tools\compiler\ti-cgt-c2000_22.6.0.LTS\bin\acia2000.exe -@C:\\Users\\User\\AppData\
     234 00000000               .sect   ".text"
     235                      .clink
     236              
     237              $C$DW$21        .dwtag  DW_TAG_subprogram
     238                      .dwattr $C$DW$21, DW_AT_name("anpc_InitProtect")
     239                      .dwattr $C$DW$21, DW_AT_low_pc(||anpc_InitProtect||)
     240                      .dwattr $C$DW$21, DW_AT_high_pc(0x00)
     241                      .dwattr $C$DW$21, DW_AT_linkage_name("anpc_InitProtect")
     242                      .dwattr $C$DW$21, DW_AT_decl_file("D:/15_Delta/14. ANPC Converter/ANPC_3Layer/Source/app/app_anpc_mai
     243                      .dwattr $C$DW$21, DW_AT_decl_line(0x5b)
     244                      .dwattr $C$DW$21, DW_AT_decl_column(0x0d)
     245                      .dwattr $C$DW$21, DW_AT_TI_max_frame_size(-2)
     246                      .dwpsn  file "D:/15_Delta/14. ANPC Converter/ANPC_3Layer/Source/app/app_anpc_main.c",line 92,column 1
     247              
     248                      .dwfde $C$DW$CIE, ||anpc_InitProtect||
     249              
     250              ;***************************************************************
     251              ;* FNAME: anpc_InitProtect              FR SIZE:   0           *
     252              ;*                                                             *
     253              ;* FUNCTION ENVIRONMENT                                        *
     254              ;*                                                             *
     255              ;* FUNCTION PROPERTIES                                         *
     256              ;*                            0 Parameter,  0 Auto,  0 SOE     *
     257              ;***************************************************************
     258              
     259 00000000       ||anpc_InitProtect||:
     260                      .dwcfi  cfa_offset, -2
     261                      .dwcfi  save_reg_to_mem, 26, 0
     262                      .dwpsn  file "D:/15_Delta/14. ANPC Converter/ANPC_3Layer/Source/app/app_anpc_main.c",line 93,column 5
     263              $C$DW$22        .dwtag  DW_TAG_TI_branch
     264                      .dwattr $C$DW$22, DW_AT_low_pc(0x00)
     265                      .dwattr $C$DW$22, DW_AT_name("protect_ResetProtectFlag")
     266                      .dwattr $C$DW$22, DW_AT_TI_call
     267              
     268 00000000 7640!         LCR       #||protect_ResetProtectFlag|| ; [CPU_ALU] |93| 
         00000001 0000 
     269                      ; call occurs [#||protect_ResetProtectFlag||] ; [] |93| 
     270                      .dwpsn  file "D:/15_Delta/14. ANPC Converter/ANPC_3Layer/Source/app/app_anpc_main.c",line 94,column 5
     271              $C$DW$23        .dwtag  DW_TAG_TI_branch
     272                      .dwattr $C$DW$23, DW_AT_low_pc(0x00)
     273                      .dwattr $C$DW$23, DW_AT_name("protect_ResetProtectVariables")
     274                      .dwattr $C$DW$23, DW_AT_TI_call
TMS320C2000 Assembler PC v22.6.0 Mon Apr 21 09:03:26 2025

Copyright (c) 1996-2018 Texas Instruments Incorporated
app_anpc_main.asm                                                    PAGE    6

     275              
     276 00000002 7640!         LCR       #||protect_ResetProtectVariables|| ; [CPU_ALU] |94| 
         00000003 0000 
     277                      ; call occurs [#||protect_ResetProtectVariables||] ; [] |94| 
     278              $C$DW$24        .dwtag  DW_TAG_TI_branch
     279                      .dwattr $C$DW$24, DW_AT_low_pc(0x00)
     280                      .dwattr $C$DW$24, DW_AT_TI_return
     281              
     282 00000004 0006          LRETR     ; [CPU_ALU] 
     283                      ; return occurs ; [] 
     284                      .dwattr $C$DW$21, DW_AT_TI_end_file("D:/15_Delta/14. ANPC Converter/ANPC_3Layer/Source/app/app_anpc_m
     285                      .dwattr $C$DW$21, DW_AT_TI_end_line(0x5f)
     286                      .dwattr $C$DW$21, DW_AT_TI_end_column(0x01)
     287                      .dwendentry
     288                      .dwendtag $C$DW$21
     289              
     290 00000005               .sect   ".text"
     291                      .clink
     292              
     293              $C$DW$25        .dwtag  DW_TAG_subprogram
     294                      .dwattr $C$DW$25, DW_AT_name("anpc_InitControl")
     295                      .dwattr $C$DW$25, DW_AT_low_pc(||anpc_InitControl||)
     296                      .dwattr $C$DW$25, DW_AT_high_pc(0x00)
     297                      .dwattr $C$DW$25, DW_AT_linkage_name("anpc_InitControl")
     298                      .dwattr $C$DW$25, DW_AT_decl_file("D:/15_Delta/14. ANPC Converter/ANPC_3Layer/Source/app/app_anpc_mai
     299                      .dwattr $C$DW$25, DW_AT_decl_line(0x61)
     300                      .dwattr $C$DW$25, DW_AT_decl_column(0x0d)
     301                      .dwattr $C$DW$25, DW_AT_TI_max_frame_size(-2)
     302                      .dwpsn  file "D:/15_Delta/14. ANPC Converter/ANPC_3Layer/Source/app/app_anpc_main.c",line 98,column 1
     303              
     304                      .dwfde $C$DW$CIE, ||anpc_InitControl||
     305              
     306              ;***************************************************************
     307              ;* FNAME: anpc_InitControl              FR SIZE:   0           *
     308              ;*                                                             *
     309              ;* FUNCTION ENVIRONMENT                                        *
     310              ;*                                                             *
     311              ;* FUNCTION PROPERTIES                                         *
     312              ;*                            0 Parameter,  0 Auto,  0 SOE     *
     313              ;***************************************************************
     314              
     315 00000005       ||anpc_InitControl||:
     316                      .dwcfi  cfa_offset, -2
     317                      .dwcfi  save_reg_to_mem, 26, 0
     318                      .dwpsn  file "D:/15_Delta/14. ANPC Converter/ANPC_3Layer/Source/app/app_anpc_main.c",line 99,column 5
     319              $C$DW$26        .dwtag  DW_TAG_TI_branch
     320                      .dwattr $C$DW$26, DW_AT_low_pc(0x00)
     321                      .dwattr $C$DW$26, DW_AT_name("ctrl_ResetControlVariables")
     322                      .dwattr $C$DW$26, DW_AT_TI_call
     323              
     324 00000005 7640!         LCR       #||ctrl_ResetControlVariables|| ; [CPU_ALU] |99| 
         00000006 0000 
     325                      ; call occurs [#||ctrl_ResetControlVariables||] ; [] |99| 
     326              $C$DW$27        .dwtag  DW_TAG_TI_branch
     327                      .dwattr $C$DW$27, DW_AT_low_pc(0x00)
TMS320C2000 Assembler PC v22.6.0 Mon Apr 21 09:03:26 2025

Copyright (c) 1996-2018 Texas Instruments Incorporated
app_anpc_main.asm                                                    PAGE    7

     328                      .dwattr $C$DW$27, DW_AT_TI_return
     329              
     330 00000007 0006          LRETR     ; [CPU_ALU] 
     331                      ; return occurs ; [] 
     332                      .dwattr $C$DW$25, DW_AT_TI_end_file("D:/15_Delta/14. ANPC Converter/ANPC_3Layer/Source/app/app_anpc_m
     333                      .dwattr $C$DW$25, DW_AT_TI_end_line(0x64)
     334                      .dwattr $C$DW$25, DW_AT_TI_end_column(0x01)
     335                      .dwendentry
     336                      .dwendtag $C$DW$25
     337              
     338 00000008               .sect   ".text"
     339                      .clink
     340              
     341              $C$DW$28        .dwtag  DW_TAG_subprogram
     342                      .dwattr $C$DW$28, DW_AT_name("anpc_InitEvent")
     343                      .dwattr $C$DW$28, DW_AT_low_pc(||anpc_InitEvent||)
     344                      .dwattr $C$DW$28, DW_AT_high_pc(0x00)
     345                      .dwattr $C$DW$28, DW_AT_linkage_name("anpc_InitEvent")
     346                      .dwattr $C$DW$28, DW_AT_decl_file("D:/15_Delta/14. ANPC Converter/ANPC_3Layer/Source/app/app_anpc_mai
     347                      .dwattr $C$DW$28, DW_AT_decl_line(0x66)
     348                      .dwattr $C$DW$28, DW_AT_decl_column(0x0d)
     349                      .dwattr $C$DW$28, DW_AT_TI_max_frame_size(-2)
     350                      .dwpsn  file "D:/15_Delta/14. ANPC Converter/ANPC_3Layer/Source/app/app_anpc_main.c",line 103,column 
     351              
     352                      .dwfde $C$DW$CIE, ||anpc_InitEvent||
     353              
     354              ;***************************************************************
     355              ;* FNAME: anpc_InitEvent                FR SIZE:   0           *
     356              ;*                                                             *
     357              ;* FUNCTION ENVIRONMENT                                        *
     358              ;*                                                             *
     359              ;* FUNCTION PROPERTIES                                         *
     360              ;*                            0 Parameter,  0 Auto,  0 SOE     *
     361              ;***************************************************************
     362              
     363 00000008       ||anpc_InitEvent||:
     364                      .dwcfi  cfa_offset, -2
     365                      .dwcfi  save_reg_to_mem, 26, 0
     366                      .dwpsn  file "D:/15_Delta/14. ANPC Converter/ANPC_3Layer/Source/app/app_anpc_main.c",line 104,column 
     367              $C$DW$29        .dwtag  DW_TAG_TI_branch
     368                      .dwattr $C$DW$29, DW_AT_low_pc(0x00)
     369                      .dwattr $C$DW$29, DW_AT_name("event_ResetEventVariables")
     370                      .dwattr $C$DW$29, DW_AT_TI_call
     371              
     372 00000008 7640!         LCR       #||event_ResetEventVariables|| ; [CPU_ALU] |104| 
         00000009 0000 
     373                      ; call occurs [#||event_ResetEventVariables||] ; [] |104| 
     374              $C$DW$30        .dwtag  DW_TAG_TI_branch
     375                      .dwattr $C$DW$30, DW_AT_low_pc(0x00)
     376                      .dwattr $C$DW$30, DW_AT_TI_return
     377              
     378 0000000a 0006          LRETR     ; [CPU_ALU] 
     379                      ; return occurs ; [] 
     380                      .dwattr $C$DW$28, DW_AT_TI_end_file("D:/15_Delta/14. ANPC Converter/ANPC_3Layer/Source/app/app_anpc_m
     381                      .dwattr $C$DW$28, DW_AT_TI_end_line(0x69)
TMS320C2000 Assembler PC v22.6.0 Mon Apr 21 09:03:26 2025

Copyright (c) 1996-2018 Texas Instruments Incorporated
app_anpc_main.asm                                                    PAGE    8

     382                      .dwattr $C$DW$28, DW_AT_TI_end_column(0x01)
     383                      .dwendentry
     384                      .dwendtag $C$DW$28
     385              
     386 0000000b               .sect   ".text"
     387                      .clink
     388              
     389              $C$DW$31        .dwtag  DW_TAG_subprogram
     390                      .dwattr $C$DW$31, DW_AT_name("anpc_InitPhyValue")
     391                      .dwattr $C$DW$31, DW_AT_low_pc(||anpc_InitPhyValue||)
     392                      .dwattr $C$DW$31, DW_AT_high_pc(0x00)
     393                      .dwattr $C$DW$31, DW_AT_linkage_name("anpc_InitPhyValue")
     394                      .dwattr $C$DW$31, DW_AT_decl_file("D:/15_Delta/14. ANPC Converter/ANPC_3Layer/Source/app/app_anpc_mai
     395                      .dwattr $C$DW$31, DW_AT_decl_line(0x6b)
     396                      .dwattr $C$DW$31, DW_AT_decl_column(0x0d)
     397                      .dwattr $C$DW$31, DW_AT_TI_max_frame_size(-2)
     398                      .dwpsn  file "D:/15_Delta/14. ANPC Converter/ANPC_3Layer/Source/app/app_anpc_main.c",line 108,column 
     399              
     400                      .dwfde $C$DW$CIE, ||anpc_InitPhyValue||
     401              
     402              ;***************************************************************
     403              ;* FNAME: anpc_InitPhyValue             FR SIZE:   0           *
     404              ;*                                                             *
     405              ;* FUNCTION ENVIRONMENT                                        *
     406              ;*                                                             *
     407              ;* FUNCTION PROPERTIES                                         *
     408              ;*                            0 Parameter,  0 Auto,  0 SOE     *
     409              ;***************************************************************
     410              
     411 0000000b       ||anpc_InitPhyValue||:
     412                      .dwcfi  cfa_offset, -2
     413                      .dwcfi  save_reg_to_mem, 26, 0
     414                      .dwpsn  file "D:/15_Delta/14. ANPC Converter/ANPC_3Layer/Source/app/app_anpc_main.c",line 109,column 
     415              $C$DW$32        .dwtag  DW_TAG_TI_branch
     416                      .dwattr $C$DW$32, DW_AT_low_pc(0x00)
     417                      .dwattr $C$DW$32, DW_AT_name("phyvalue_ResetAllPhysicalValues")
     418                      .dwattr $C$DW$32, DW_AT_TI_call
     419              
     420 0000000b 7640!         LCR       #||phyvalue_ResetAllPhysicalValues|| ; [CPU_ALU] |109| 
         0000000c 0000 
     421                      ; call occurs [#||phyvalue_ResetAllPhysicalValues||] ; [] |109| 
     422                      .dwpsn  file "D:/15_Delta/14. ANPC Converter/ANPC_3Layer/Source/app/app_anpc_main.c",line 110,column 
     423              $C$DW$33        .dwtag  DW_TAG_TI_branch
     424                      .dwattr $C$DW$33, DW_AT_low_pc(0x00)
     425                      .dwattr $C$DW$33, DW_AT_name("phyvalue_CalibrateOffset")
     426                      .dwattr $C$DW$33, DW_AT_TI_call
     427              
     428 0000000d 7640!         LCR       #||phyvalue_CalibrateOffset|| ; [CPU_ALU] |110| 
         0000000e 0000 
     429                      ; call occurs [#||phyvalue_CalibrateOffset||] ; [] |110| 
     430              $C$DW$34        .dwtag  DW_TAG_TI_branch
     431                      .dwattr $C$DW$34, DW_AT_low_pc(0x00)
     432                      .dwattr $C$DW$34, DW_AT_TI_return
     433              
     434 0000000f 0006          LRETR     ; [CPU_ALU] 
TMS320C2000 Assembler PC v22.6.0 Mon Apr 21 09:03:26 2025

Copyright (c) 1996-2018 Texas Instruments Incorporated
app_anpc_main.asm                                                    PAGE    9

     435                      ; return occurs ; [] 
     436                      .dwattr $C$DW$31, DW_AT_TI_end_file("D:/15_Delta/14. ANPC Converter/ANPC_3Layer/Source/app/app_anpc_m
     437                      .dwattr $C$DW$31, DW_AT_TI_end_line(0x6f)
     438                      .dwattr $C$DW$31, DW_AT_TI_end_column(0x01)
     439                      .dwendentry
     440                      .dwendtag $C$DW$31
     441              
     442 00000010               .sect   ".text"
     443                      .clink
     444              
     445              $C$DW$35        .dwtag  DW_TAG_subprogram
     446                      .dwattr $C$DW$35, DW_AT_name("anpc_InitOperation")
     447                      .dwattr $C$DW$35, DW_AT_low_pc(||anpc_InitOperation||)
     448                      .dwattr $C$DW$35, DW_AT_high_pc(0x00)
     449                      .dwattr $C$DW$35, DW_AT_linkage_name("anpc_InitOperation")
     450                      .dwattr $C$DW$35, DW_AT_decl_file("D:/15_Delta/14. ANPC Converter/ANPC_3Layer/Source/app/app_anpc_mai
     451                      .dwattr $C$DW$35, DW_AT_decl_line(0x71)
     452                      .dwattr $C$DW$35, DW_AT_decl_column(0x0d)
     453                      .dwattr $C$DW$35, DW_AT_TI_max_frame_size(-2)
     454                      .dwpsn  file "D:/15_Delta/14. ANPC Converter/ANPC_3Layer/Source/app/app_anpc_main.c",line 114,column 
     455              
     456                      .dwfde $C$DW$CIE, ||anpc_InitOperation||
     457              
     458              ;***************************************************************
     459              ;* FNAME: anpc_InitOperation            FR SIZE:   0           *
     460              ;*                                                             *
     461              ;* FUNCTION ENVIRONMENT                                        *
     462              ;*                                                             *
     463              ;* FUNCTION PROPERTIES                                         *
     464              ;*                            0 Parameter,  0 Auto,  0 SOE     *
     465              ;***************************************************************
     466              
     467 00000010       ||anpc_InitOperation||:
     468                      .dwcfi  cfa_offset, -2
     469                      .dwcfi  save_reg_to_mem, 26, 0
     470                      .dwpsn  file "D:/15_Delta/14. ANPC Converter/ANPC_3Layer/Source/app/app_anpc_main.c",line 115,column 
     471              $C$DW$36        .dwtag  DW_TAG_TI_branch
     472                      .dwattr $C$DW$36, DW_AT_low_pc(0x00)
     473                      .dwattr $C$DW$36, DW_AT_name("anpc_ResetOperationVariables")
     474                      .dwattr $C$DW$36, DW_AT_TI_call
     475              
     476 00000010 7640!         LCR       #||anpc_ResetOperationVariables|| ; [CPU_ALU] |115| 
         00000011 0000 
     477                      ; call occurs [#||anpc_ResetOperationVariables||] ; [] |115| 
     478              $C$DW$37        .dwtag  DW_TAG_TI_branch
     479                      .dwattr $C$DW$37, DW_AT_low_pc(0x00)
     480                      .dwattr $C$DW$37, DW_AT_TI_return
     481              
     482 00000012 0006          LRETR     ; [CPU_ALU] 
     483                      ; return occurs ; [] 
     484                      .dwattr $C$DW$35, DW_AT_TI_end_file("D:/15_Delta/14. ANPC Converter/ANPC_3Layer/Source/app/app_anpc_m
     485                      .dwattr $C$DW$35, DW_AT_TI_end_line(0x74)
     486                      .dwattr $C$DW$35, DW_AT_TI_end_column(0x01)
     487                      .dwendentry
     488                      .dwendtag $C$DW$35
TMS320C2000 Assembler PC v22.6.0 Mon Apr 21 09:03:26 2025

Copyright (c) 1996-2018 Texas Instruments Incorporated
app_anpc_main.asm                                                    PAGE   10

     489              
     490 00000013               .sect   ".text"
     491                      .clink
     492              
     493              $C$DW$38        .dwtag  DW_TAG_subprogram
     494                      .dwattr $C$DW$38, DW_AT_name("anpc_InitAnpc")
     495                      .dwattr $C$DW$38, DW_AT_low_pc(||anpc_InitAnpc||)
     496                      .dwattr $C$DW$38, DW_AT_high_pc(0x00)
     497                      .dwattr $C$DW$38, DW_AT_linkage_name("anpc_InitAnpc")
     498                      .dwattr $C$DW$38, DW_AT_decl_file("D:/15_Delta/14. ANPC Converter/ANPC_3Layer/Source/app/app_anpc_mai
     499                      .dwattr $C$DW$38, DW_AT_decl_line(0x51)
     500                      .dwattr $C$DW$38, DW_AT_decl_column(0x0d)
     501                      .dwattr $C$DW$38, DW_AT_TI_max_frame_size(-2)
     502                      .dwpsn  file "D:/15_Delta/14. ANPC Converter/ANPC_3Layer/Source/app/app_anpc_main.c",line 82,column 1
     503              
     504                      .dwfde $C$DW$CIE, ||anpc_InitAnpc||
     505              
     506              ;***************************************************************
     507              ;* FNAME: anpc_InitAnpc                 FR SIZE:   0           *
     508              ;*                                                             *
     509              ;* FUNCTION ENVIRONMENT                                        *
     510              ;*                                                             *
     511              ;* FUNCTION PROPERTIES                                         *
     512              ;*                            0 Parameter,  0 Auto,  0 SOE     *
     513              ;***************************************************************
     514              
     515 00000013       ||anpc_InitAnpc||:
     516                      .dwcfi  cfa_offset, -2
     517                      .dwcfi  save_reg_to_mem, 26, 0
     518                      .dwpsn  file "D:/15_Delta/14. ANPC Converter/ANPC_3Layer/Source/app/app_anpc_main.c",line 83,column 5
     519              $C$DW$39        .dwtag  DW_TAG_TI_branch
     520                      .dwattr $C$DW$39, DW_AT_low_pc(0x00)
     521                      .dwattr $C$DW$39, DW_AT_name("state_ResetStateFlag")
     522                      .dwattr $C$DW$39, DW_AT_TI_call
     523              
     524 00000013 7640!         LCR       #||state_ResetStateFlag|| ; [CPU_ALU] |83| 
         00000014 0000 
     525                      ; call occurs [#||state_ResetStateFlag||] ; [] |83| 
     526                      .dwpsn  file "D:/15_Delta/14. ANPC Converter/ANPC_3Layer/Source/app/app_anpc_main.c",line 84,column 5
     527              $C$DW$40        .dwtag  DW_TAG_TI_branch
     528                      .dwattr $C$DW$40, DW_AT_low_pc(0x00)
     529                      .dwattr $C$DW$40, DW_AT_name("anpc_InitProtect")
     530                      .dwattr $C$DW$40, DW_AT_TI_call
     531              
     532 00000015 7640!         LCR       #||anpc_InitProtect|| ; [CPU_ALU] |84| 
         00000016 0000 
     533                      ; call occurs [#||anpc_InitProtect||] ; [] |84| 
     534                      .dwpsn  file "D:/15_Delta/14. ANPC Converter/ANPC_3Layer/Source/app/app_anpc_main.c",line 85,column 5
     535              $C$DW$41        .dwtag  DW_TAG_TI_branch
     536                      .dwattr $C$DW$41, DW_AT_low_pc(0x00)
     537                      .dwattr $C$DW$41, DW_AT_name("anpc_InitControl")
     538                      .dwattr $C$DW$41, DW_AT_TI_call
     539              
     540 00000017 7640!         LCR       #||anpc_InitControl|| ; [CPU_ALU] |85| 
         00000018 0000 
TMS320C2000 Assembler PC v22.6.0 Mon Apr 21 09:03:26 2025

Copyright (c) 1996-2018 Texas Instruments Incorporated
app_anpc_main.asm                                                    PAGE   11

     541                      ; call occurs [#||anpc_InitControl||] ; [] |85| 
     542                      .dwpsn  file "D:/15_Delta/14. ANPC Converter/ANPC_3Layer/Source/app/app_anpc_main.c",line 86,column 5
     543              $C$DW$42        .dwtag  DW_TAG_TI_branch
     544                      .dwattr $C$DW$42, DW_AT_low_pc(0x00)
     545                      .dwattr $C$DW$42, DW_AT_name("anpc_InitEvent")
     546                      .dwattr $C$DW$42, DW_AT_TI_call
     547              
     548 00000019 7640!         LCR       #||anpc_InitEvent||   ; [CPU_ALU] |86| 
         0000001a 0000 
     549                      ; call occurs [#||anpc_InitEvent||] ; [] |86| 
     550                      .dwpsn  file "D:/15_Delta/14. ANPC Converter/ANPC_3Layer/Source/app/app_anpc_main.c",line 87,column 5
     551              $C$DW$43        .dwtag  DW_TAG_TI_branch
     552                      .dwattr $C$DW$43, DW_AT_low_pc(0x00)
     553                      .dwattr $C$DW$43, DW_AT_name("anpc_InitPhyValue")
     554                      .dwattr $C$DW$43, DW_AT_TI_call
     555              
     556 0000001b 7640!         LCR       #||anpc_InitPhyValue|| ; [CPU_ALU] |87| 
         0000001c 0000 
     557                      ; call occurs [#||anpc_InitPhyValue||] ; [] |87| 
     558                      .dwpsn  file "D:/15_Delta/14. ANPC Converter/ANPC_3Layer/Source/app/app_anpc_main.c",line 88,column 5
     559              $C$DW$44        .dwtag  DW_TAG_TI_branch
     560                      .dwattr $C$DW$44, DW_AT_low_pc(0x00)
     561                      .dwattr $C$DW$44, DW_AT_name("anpc_InitOperation")
     562                      .dwattr $C$DW$44, DW_AT_TI_call
     563              
     564 0000001d 7640!         LCR       #||anpc_InitOperation|| ; [CPU_ALU] |88| 
         0000001e 0000 
     565                      ; call occurs [#||anpc_InitOperation||] ; [] |88| 
     566              $C$DW$45        .dwtag  DW_TAG_TI_branch
     567                      .dwattr $C$DW$45, DW_AT_low_pc(0x00)
     568                      .dwattr $C$DW$45, DW_AT_TI_return
     569              
     570 0000001f 0006          LRETR     ; [CPU_ALU] 
     571                      ; return occurs ; [] 
     572                      .dwattr $C$DW$38, DW_AT_TI_end_file("D:/15_Delta/14. ANPC Converter/ANPC_3Layer/Source/app/app_anpc_m
     573                      .dwattr $C$DW$38, DW_AT_TI_end_line(0x59)
     574                      .dwattr $C$DW$38, DW_AT_TI_end_column(0x01)
     575                      .dwendentry
     576                      .dwendtag $C$DW$38
     577              
     578 00000020               .sect   ".text"
     579                      .clink
     580                      .global ||main||
     581              
     582              $C$DW$46        .dwtag  DW_TAG_subprogram
     583                      .dwattr $C$DW$46, DW_AT_name("main")
     584                      .dwattr $C$DW$46, DW_AT_low_pc(||main||)
     585                      .dwattr $C$DW$46, DW_AT_high_pc(0x00)
     586                      .dwattr $C$DW$46, DW_AT_linkage_name("main")
     587                      .dwattr $C$DW$46, DW_AT_external
     588                      .dwattr $C$DW$46, DW_AT_decl_file("D:/15_Delta/14. ANPC Converter/ANPC_3Layer/Source/app/app_anpc_mai
     589                      .dwattr $C$DW$46, DW_AT_decl_line(0x2b)
     590                      .dwattr $C$DW$46, DW_AT_decl_column(0x06)
     591                      .dwattr $C$DW$46, DW_AT_TI_max_frame_size(-2)
     592                      .dwpsn  file "D:/15_Delta/14. ANPC Converter/ANPC_3Layer/Source/app/app_anpc_main.c",line 44,column 1
TMS320C2000 Assembler PC v22.6.0 Mon Apr 21 09:03:26 2025

Copyright (c) 1996-2018 Texas Instruments Incorporated
app_anpc_main.asm                                                    PAGE   12

     593              
     594                      .dwfde $C$DW$CIE, ||main||
     595              
     596              ;***************************************************************
     597              ;* FNAME: main                          FR SIZE:   0           *
     598              ;*                                                             *
     599              ;* FUNCTION ENVIRONMENT                                        *
     600              ;*                                                             *
     601              ;* FUNCTION PROPERTIES                                         *
     602              ;*                            0 Parameter,  0 Auto,  0 SOE     *
     603              ;***************************************************************
     604              
     605 00000020       ||main||:
     606              ;* AL    assigned to $O$R1
     607              ;* AL    assigned to $O$R2
     608                      .dwcfi  cfa_offset, -2
     609                      .dwcfi  save_reg_to_mem, 26, 0
     610                      .dwpsn  file "D:/15_Delta/14. ANPC Converter/ANPC_3Layer/Source/app/app_anpc_main.c",line 46,column 5
     611              $C$DW$47        .dwtag  DW_TAG_TI_branch
     612                      .dwattr $C$DW$47, DW_AT_low_pc(0x00)
     613                      .dwattr $C$DW$47, DW_AT_name("bsp_InitSYSTEM")
     614                      .dwattr $C$DW$47, DW_AT_TI_call
     615              
     616 00000020 7640!         LCR       #||bsp_InitSYSTEM||   ; [CPU_ALU] |46| 
         00000021 0000 
     617                      ; call occurs [#||bsp_InitSYSTEM||] ; [] |46| 
     618                      .dwpsn  file "D:/15_Delta/14. ANPC Converter/ANPC_3Layer/Source/app/app_anpc_main.c",line 47,column 5
     619              $C$DW$48        .dwtag  DW_TAG_TI_branch
     620                      .dwattr $C$DW$48, DW_AT_low_pc(0x00)
     621                      .dwattr $C$DW$48, DW_AT_name("bsp_InitTIMER")
     622                      .dwattr $C$DW$48, DW_AT_TI_call
     623              
     624 00000022 7640!         LCR       #||bsp_InitTIMER||    ; [CPU_ALU] |47| 
         00000023 0000 
     625                      ; call occurs [#||bsp_InitTIMER||] ; [] |47| 
     626                      .dwpsn  file "D:/15_Delta/14. ANPC Converter/ANPC_3Layer/Source/app/app_anpc_main.c",line 48,column 5
     627              $C$DW$49        .dwtag  DW_TAG_TI_branch
     628                      .dwattr $C$DW$49, DW_AT_low_pc(0x00)
     629                      .dwattr $C$DW$49, DW_AT_name("bsp_InitADC")
     630                      .dwattr $C$DW$49, DW_AT_TI_call
     631              
     632 00000024 7640!         LCR       #||bsp_InitADC||      ; [CPU_ALU] |48| 
         00000025 0000 
     633                      ; call occurs [#||bsp_InitADC||] ; [] |48| 
     634                      .dwpsn  file "D:/15_Delta/14. ANPC Converter/ANPC_3Layer/Source/app/app_anpc_main.c",line 50,column 5
     635              $C$DW$50        .dwtag  DW_TAG_TI_branch
     636                      .dwattr $C$DW$50, DW_AT_low_pc(0x00)
     637                      .dwattr $C$DW$50, DW_AT_name("anpc_InitAnpc")
     638                      .dwattr $C$DW$50, DW_AT_TI_call
     639              
     640 00000026 7640!         LCR       #||anpc_InitAnpc||    ; [CPU_ALU] |50| 
         00000027 0000 
     641                      ; call occurs [#||anpc_InitAnpc||] ; [] |50| 
     642                      .dwpsn  file "D:/15_Delta/14. ANPC Converter/ANPC_3Layer/Source/app/app_anpc_main.c",line 52,column 5
     643              $C$DW$51        .dwtag  DW_TAG_TI_branch
TMS320C2000 Assembler PC v22.6.0 Mon Apr 21 09:03:26 2025

Copyright (c) 1996-2018 Texas Instruments Incorporated
app_anpc_main.asm                                                    PAGE   13

     644                      .dwattr $C$DW$51, DW_AT_low_pc(0x00)
     645                      .dwattr $C$DW$51, DW_AT_name("bsp_InitCOMP")
     646                      .dwattr $C$DW$51, DW_AT_TI_call
     647              
     648 00000028 7640!         LCR       #||bsp_InitCOMP||     ; [CPU_ALU] |52| 
         00000029 0000 
     649                      ; call occurs [#||bsp_InitCOMP||] ; [] |52| 
     650                      .dwpsn  file "D:/15_Delta/14. ANPC Converter/ANPC_3Layer/Source/app/app_anpc_main.c",line 53,column 5
     651              $C$DW$52        .dwtag  DW_TAG_TI_branch
     652                      .dwattr $C$DW$52, DW_AT_low_pc(0x00)
     653                      .dwattr $C$DW$52, DW_AT_name("bsp_InitCLB")
     654                      .dwattr $C$DW$52, DW_AT_TI_call
     655              
     656 0000002a 7640!         LCR       #||bsp_InitCLB||      ; [CPU_ALU] |53| 
         0000002b 0000 
     657                      ; call occurs [#||bsp_InitCLB||] ; [] |53| 
     658                      .dwpsn  file "D:/15_Delta/14. ANPC Converter/ANPC_3Layer/Source/app/app_anpc_main.c",line 54,column 5
     659              $C$DW$53        .dwtag  DW_TAG_TI_branch
     660                      .dwattr $C$DW$53, DW_AT_low_pc(0x00)
     661                      .dwattr $C$DW$53, DW_AT_name("bsp_InitDGPIO")
     662                      .dwattr $C$DW$53, DW_AT_TI_call
     663              
     664 0000002c 7640!         LCR       #||bsp_InitDGPIO||    ; [CPU_ALU] |54| 
         0000002d 0000 
     665                      ; call occurs [#||bsp_InitDGPIO||] ; [] |54| 
     666                      .dwpsn  file "D:/15_Delta/14. ANPC Converter/ANPC_3Layer/Source/app/app_anpc_main.c",line 55,column 5
     667              $C$DW$54        .dwtag  DW_TAG_TI_branch
     668                      .dwattr $C$DW$54, DW_AT_low_pc(0x00)
     669                      .dwattr $C$DW$54, DW_AT_name("bsp_InitPWM")
     670                      .dwattr $C$DW$54, DW_AT_TI_call
     671              
     672 0000002e 7640!         LCR       #||bsp_InitPWM||      ; [CPU_ALU] |55| 
         0000002f 0000 
     673                      ; call occurs [#||bsp_InitPWM||] ; [] |55| 
     674                      .dwpsn  file "D:/15_Delta/14. ANPC Converter/ANPC_3Layer/Source/app/app_anpc_main.c",line 56,column 5
     675              $C$DW$55        .dwtag  DW_TAG_TI_branch
     676                      .dwattr $C$DW$55, DW_AT_low_pc(0x00)
     677                      .dwattr $C$DW$55, DW_AT_name("bsp_InitINTERRUPT")
     678                      .dwattr $C$DW$55, DW_AT_TI_call
     679              
     680 00000030 7640!         LCR       #||bsp_InitINTERRUPT|| ; [CPU_ALU] |56| 
         00000031 0000 
     681                      ; call occurs [#||bsp_InitINTERRUPT||] ; [] |56| 
     682                      .dwpsn  file "D:/15_Delta/14. ANPC Converter/ANPC_3Layer/Source/app/app_anpc_main.c",line 58,column 5
     683              $C$DW$56        .dwtag  DW_TAG_TI_branch
     684                      .dwattr $C$DW$56, DW_AT_low_pc(0x00)
     685                      .dwattr $C$DW$56, DW_AT_name("state_InitStateMachine")
     686                      .dwattr $C$DW$56, DW_AT_TI_call
     687              
     688 00000032 7640!         LCR       #||state_InitStateMachine|| ; [CPU_ALU] |58| 
         00000033 0000 
     689                      ; call occurs [#||state_InitStateMachine||] ; [] |58| 
     690 00000034 761F!         MOVW      DP,#||StateFlag||     ; [CPU_ARAU] 
         00000035 0000 
     691                      .dwpsn  file "D:/15_Delta/14. ANPC Converter/ANPC_3Layer/Source/app/app_anpc_main.c",line 60,column 5
TMS320C2000 Assembler PC v22.6.0 Mon Apr 21 09:03:26 2025

Copyright (c) 1996-2018 Texas Instruments Incorporated
app_anpc_main.asm                                                    PAGE   14

     692 00000036 1A00!         OR        @||StateFlag||,#0x0001 ; [CPU_ALU] |60| 
         00000037 0001 
     693 00000038       ||$C$L1||:    
     694                      .dwpsn  file "D:/15_Delta/14. ANPC Converter/ANPC_3Layer/TMS320F280049C/device/driverlib/cputimer.h",
     695 00000038 F5A9          MOV       AL,*(0:0x0c04)        ; [CPU_ALU] |397| 
         00000039 0C04 
     696 0000003a FFCE          LSR       AL,15                 ; [CPU_ALU] |397| 
     697                      .dwpsn  file "D:\15_Delta\14. ANPC Converter\ANPC_3Layer\Source\app\app_timer_1kHz.h",line 52,column 
     698 0000003b 5201          CMPB      AL,#1                 ; [CPU_ALU] |52| 
     699 0000003c 6009          B         ||$C$L2||,NEQ         ; [CPU_ALU] |52| 
     700                      ; branchcc occurs ; [] |52| 
     701                      .dwpsn  file "D:/15_Delta/14. ANPC Converter/ANPC_3Layer/TMS320F280049C/device/driverlib/cputimer.h",
     702 0000003d F5A9          MOV       AL,*(0:0x0c04)        ; [CPU_ALU] |165| 
         0000003e 0C04 
     703 0000003f 1AA9          OR        AL,#0x8000            ; [CPU_ALU] |165| 
         00000040 8000 
     704 00000041 F4A9          MOV       *(0:0x0c04),AL        ; [CPU_ALU] |165| 
         00000042 0C04 
     705                      .dwpsn  file "D:\15_Delta\14. ANPC Converter\ANPC_3Layer\Source\app\app_timer_1kHz.h",line 56,column 
     706              $C$DW$57        .dwtag  DW_TAG_TI_branch
     707                      .dwattr $C$DW$57, DW_AT_low_pc(0x00)
     708                      .dwattr $C$DW$57, DW_AT_name("timer1kHz_Callback")
     709                      .dwattr $C$DW$57, DW_AT_TI_call
     710              
     711 00000043 7640!         LCR       #||timer1kHz_Callback|| ; [CPU_ALU] |56| 
         00000044 0000 
     712                      ; call occurs [#||timer1kHz_Callback||] ; [] |56| 
     713 00000045       ||$C$L2||:    
     714                      .dwpsn  file "D:/15_Delta/14. ANPC Converter/ANPC_3Layer/TMS320F280049C/device/driverlib/cputimer.h",
     715 00000045 F5A9          MOV       AL,*(0:0x0c0c)        ; [CPU_ALU] |397| 
         00000046 0C0C 
     716 00000047 FFCE          LSR       AL,15                 ; [CPU_ALU] |397| 
     717                      .dwpsn  file "D:\15_Delta\14. ANPC Converter\ANPC_3Layer\Source\app\app_timer_10Hz.h",line 25,column 
     718 00000048 5201          CMPB      AL,#1                 ; [CPU_ALU] |25| 
     719 00000049 60EF          B         ||$C$L1||,NEQ         ; [CPU_ALU] |25| 
     720                      ; branchcc occurs ; [] |25| 
     721                      .dwpsn  file "D:/15_Delta/14. ANPC Converter/ANPC_3Layer/TMS320F280049C/device/driverlib/cputimer.h",
     722 0000004a F5A9          MOV       AL,*(0:0x0c0c)        ; [CPU_ALU] |165| 
         0000004b 0C0C 
     723 0000004c 1AA9          OR        AL,#0x8000            ; [CPU_ALU] |165| 
         0000004d 8000 
     724 0000004e F4A9          MOV       *(0:0x0c0c),AL        ; [CPU_ALU] |165| 
         0000004f 0C0C 
     725                      .dwpsn  file "D:\15_Delta\14. ANPC Converter\ANPC_3Layer\Source\app\app_timer_10Hz.h",line 29,column 
     726              $C$DW$58        .dwtag  DW_TAG_TI_branch
     727                      .dwattr $C$DW$58, DW_AT_low_pc(0x00)
     728                      .dwattr $C$DW$58, DW_AT_name("timer10Hz_Callback")
     729                      .dwattr $C$DW$58, DW_AT_TI_call
     730              
     731 00000050 7640!         LCR       #||timer10Hz_Callback|| ; [CPU_ALU] |29| 
         00000051 0000 
     732                      ; call occurs [#||timer10Hz_Callback||] ; [] |29| 
     733 00000052 6FE6          B         ||$C$L1||,UNC         ; [CPU_ALU] |29| 
     734                      ; branch occurs ; [] |29| 
     735                      .dwattr $C$DW$46, DW_AT_TI_end_file("D:/15_Delta/14. ANPC Converter/ANPC_3Layer/Source/app/app_anpc_m
TMS320C2000 Assembler PC v22.6.0 Mon Apr 21 09:03:26 2025

Copyright (c) 1996-2018 Texas Instruments Incorporated
app_anpc_main.asm                                                    PAGE   15

     736                      .dwattr $C$DW$46, DW_AT_TI_end_line(0x4b)
     737                      .dwattr $C$DW$46, DW_AT_TI_end_column(0x01)
     738                      .dwendentry
     739                      .dwendtag $C$DW$46
     740              
     741 00000000               .sect   ".text:__signbitl"
     742                      .clink
     743                      .global ||__signbitl||
     744              
     745              $C$DW$59        .dwtag  DW_TAG_subprogram
     746                      .dwattr $C$DW$59, DW_AT_name("__signbitl")
     747                      .dwattr $C$DW$59, DW_AT_low_pc(||__signbitl||)
     748                      .dwattr $C$DW$59, DW_AT_high_pc(0x00)
     749                      .dwattr $C$DW$59, DW_AT_linkage_name("__signbitl")
     750                      .dwattr $C$DW$59, DW_AT_external
     751                      .dwattr $C$DW$59, DW_AT_type(*$C$DW$T$10)
     752                      .dwattr $C$DW$59, DW_AT_decl_file("C:/ti/ccs1210/ccs/tools/compiler/ti-cgt-c2000_22.6.0.LTS/include/_
     753                      .dwattr $C$DW$59, DW_AT_decl_line(0x16f)
     754                      .dwattr $C$DW$59, DW_AT_decl_column(0x18)
     755                      .dwattr $C$DW$59, DW_AT_TI_max_frame_size(-6)
     756                      .dwpsn  file "C:/ti/ccs1210/ccs/tools/compiler/ti-cgt-c2000_22.6.0.LTS/include/_defs.h",line 368,colu
     757              
     758                      .dwfde $C$DW$CIE, ||__signbitl||
     759              $C$DW$60        .dwtag  DW_TAG_formal_parameter
     760                      .dwattr $C$DW$60, DW_AT_name("e")
     761                      .dwattr $C$DW$60, DW_AT_type(*$C$DW$T$43)
     762                      .dwattr $C$DW$60, DW_AT_location[DW_OP_reg12]
     763              
     764              
     765              ;***************************************************************
     766              ;* FNAME: __signbitl                    FR SIZE:   4           *
     767              ;*                                                             *
     768              ;* FUNCTION ENVIRONMENT                                        *
     769              ;*                                                             *
     770              ;* FUNCTION PROPERTIES                                         *
     771              ;*                            4 Parameter,  0 Auto,  0 SOE     *
     772              ;***************************************************************
     773              
     774              ||__signbitl||:
     775              ;* AR4   assigned to e
     776              $C$DW$61        .dwtag  DW_TAG_variable
     777                      .dwattr $C$DW$61, DW_AT_name("e")
     778                      .dwattr $C$DW$61, DW_AT_type(*$C$DW$T$44)
     779                      .dwattr $C$DW$61, DW_AT_location[DW_OP_reg12]
     780              
     781                      .dwcfi  cfa_offset, -2
     782                      .dwcfi  save_reg_to_mem, 26, 0
     783 00000000 FE04          ADDB      SP,#4                 ; [CPU_ARAU] 
     784                      .dwcfi  cfa_offset, -6
     785                      .dwpsn  file "C:/ti/ccs1210/ccs/tools/compiler/ti-cgt-c2000_22.6.0.LTS/include/_defs.h",line 368,colu
     786 00000001 0200          MOVB      ACC,#0                ; [CPU_ALU] |368| 
     787 00000002 1E44          MOVL      *-SP[4],ACC           ; [CPU_ALU] |368| 
     788 00000003 2B42          MOV       *-SP[2],#0            ; [CPU_ALU] |368| 
     789 00000004 2B41          MOV       *-SP[1],#0            ; [CPU_ALU] |368| 
     790 00000005 A3C4          MOVL      P,*+XAR4[0]           ; [CPU_ALU] |368| 
TMS320C2000 Assembler PC v22.6.0 Mon Apr 21 09:03:26 2025

Copyright (c) 1996-2018 Texas Instruments Incorporated
app_anpc_main.asm                                                    PAGE   16

     791 00000006 06D4          MOVL      ACC,*+XAR4[2]         ; [CPU_ALU] |368| 
     792 00000007 18AB          AND       PL,#0                 ; [CPU_ALU] |368| 
         00000008 0000 
     793 00000009 18AA          AND       PH,#0                 ; [CPU_ALU] |368| 
         0000000a 0000 
     794 0000000b 9000          ANDB      AL,#0                 ; [CPU_ALU] |368| 
     795 0000000c 18A8          AND       AH,#32768             ; [CPU_ALU] |368| 
         0000000d 8000 
     796              $C$DW$62        .dwtag  DW_TAG_TI_branch
     797                      .dwattr $C$DW$62, DW_AT_low_pc(0x00)
     798                      .dwattr $C$DW$62, DW_AT_name("__c28xabi_cmpull")
     799                      .dwattr $C$DW$62, DW_AT_TI_call
     800              
     801 0000000e 7640!         LCR       #||__c28xabi_cmpull|| ; [CPU_ALU] |368| 
         0000000f 0000 
     802                      ; call occurs [#||__c28xabi_cmpull||] ; [] |368| 
     803 00000010 9B00          MOVB      AH,#0                 ; [CPU_ALU] |368| 
     804 00000011 5200          CMPB      AL,#0                 ; [CPU_ALU] |368| 
     805 00000012 56B0          MOVB      AH,#1,NEQ             ; [CPU_ALU] |368| 
         00000013 01A8 
     806 00000014 92A8          MOV       AL,AH                 ; [CPU_ALU] |368| 
     807 00000015 FE84          SUBB      SP,#4                 ; [CPU_ARAU] 
     808                      .dwcfi  cfa_offset, -2
     809              $C$DW$63        .dwtag  DW_TAG_TI_branch
     810                      .dwattr $C$DW$63, DW_AT_low_pc(0x00)
     811                      .dwattr $C$DW$63, DW_AT_TI_return
     812              
     813 00000016 0006          LRETR     ; [CPU_ALU] 
     814                      ; return occurs ; [] 
     815                      .dwattr $C$DW$59, DW_AT_TI_end_file("C:/ti/ccs1210/ccs/tools/compiler/ti-cgt-c2000_22.6.0.LTS/include
     816                      .dwattr $C$DW$59, DW_AT_TI_end_line(0x170)
     817                      .dwattr $C$DW$59, DW_AT_TI_end_column(0x2b)
     818                      .dwendentry
     819                      .dwendtag $C$DW$59
     820              
     821 00000000               .sect   ".text:__signbitf"
     822                      .clink
     823                      .global ||__signbitf||
     824              
     825              $C$DW$64        .dwtag  DW_TAG_subprogram
     826                      .dwattr $C$DW$64, DW_AT_name("__signbitf")
     827                      .dwattr $C$DW$64, DW_AT_low_pc(||__signbitf||)
     828                      .dwattr $C$DW$64, DW_AT_high_pc(0x00)
     829                      .dwattr $C$DW$64, DW_AT_linkage_name("__signbitf")
     830                      .dwattr $C$DW$64, DW_AT_external
     831                      .dwattr $C$DW$64, DW_AT_type(*$C$DW$T$10)
     832                      .dwattr $C$DW$64, DW_AT_decl_file("C:/ti/ccs1210/ccs/tools/compiler/ti-cgt-c2000_22.6.0.LTS/include/_
     833                      .dwattr $C$DW$64, DW_AT_decl_line(0x16d)
     834                      .dwattr $C$DW$64, DW_AT_decl_column(0x18)
     835                      .dwattr $C$DW$64, DW_AT_TI_max_frame_size(-2)
     836                      .dwpsn  file "C:/ti/ccs1210/ccs/tools/compiler/ti-cgt-c2000_22.6.0.LTS/include/_defs.h",line 366,colu
     837              
     838                      .dwfde $C$DW$CIE, ||__signbitf||
     839              $C$DW$65        .dwtag  DW_TAG_formal_parameter
     840                      .dwattr $C$DW$65, DW_AT_name("f")
TMS320C2000 Assembler PC v22.6.0 Mon Apr 21 09:03:26 2025

Copyright (c) 1996-2018 Texas Instruments Incorporated
app_anpc_main.asm                                                    PAGE   17

     841                      .dwattr $C$DW$65, DW_AT_type(*$C$DW$T$16)
     842                      .dwattr $C$DW$65, DW_AT_location[DW_OP_regx 0x2b]
     843              
     844              
     845              ;***************************************************************
     846              ;* FNAME: __signbitf                    FR SIZE:   0           *
     847              ;*                                                             *
     848              ;* FUNCTION ENVIRONMENT                                        *
     849              ;*                                                             *
     850              ;* FUNCTION PROPERTIES                                         *
     851              ;*                            0 Parameter,  0 Auto,  0 SOE     *
     852              ;***************************************************************
     853              
     854              ||__signbitf||:
     855              ;* R0    assigned to f
     856              $C$DW$66        .dwtag  DW_TAG_variable
     857                      .dwattr $C$DW$66, DW_AT_name("f")
     858                      .dwattr $C$DW$66, DW_AT_type(*$C$DW$T$40)
     859                      .dwattr $C$DW$66, DW_AT_location[DW_OP_regx 0x2b]
     860              
     861                      .dwcfi  cfa_offset, -2
     862                      .dwcfi  save_reg_to_mem, 26, 0
     863                      .dwpsn  file "C:/ti/ccs1210/ccs/tools/compiler/ti-cgt-c2000_22.6.0.LTS/include/_defs.h",line 366,colu
     864 00000000 BFA9          MOV32     ACC,R0H               ; [CPU_FPU] |366| 
         00000001 0F12 
     865 00000002 BE00          MOVB      XAR6,#0               ; [CPU_ALU] |366| 
     866 00000003 9000          ANDB      AL,#0                 ; [CPU_ALU] |366| 
     867 00000004 18A8          AND       AH,#32768             ; [CPU_ALU] |366| 
         00000005 8000 
     868 00000006 FF58          TEST      ACC                   ; [CPU_ALU] |366| 
     869 00000007 56B0          MOVB      XAR6,#1,NEQ           ; [CPU_ALU] |366| 
         00000008 01A6 
     870 00000009 92A6          MOV       AL,AR6                ; [CPU_ALU] |366| 
     871              $C$DW$67        .dwtag  DW_TAG_TI_branch
     872                      .dwattr $C$DW$67, DW_AT_low_pc(0x00)
     873                      .dwattr $C$DW$67, DW_AT_TI_return
     874              
     875 0000000a 0006          LRETR     ; [CPU_ALU] 
     876                      ; return occurs ; [] 
     877                      .dwattr $C$DW$64, DW_AT_TI_end_file("C:/ti/ccs1210/ccs/tools/compiler/ti-cgt-c2000_22.6.0.LTS/include
     878                      .dwattr $C$DW$64, DW_AT_TI_end_line(0x16e)
     879                      .dwattr $C$DW$64, DW_AT_TI_end_column(0x29)
     880                      .dwendentry
     881                      .dwendtag $C$DW$64
     882              
     883 00000000               .sect   ".text:__signbit"
     884                      .clink
     885                      .global ||__signbit||
     886              
     887              $C$DW$68        .dwtag  DW_TAG_subprogram
     888                      .dwattr $C$DW$68, DW_AT_name("__signbit")
     889                      .dwattr $C$DW$68, DW_AT_low_pc(||__signbit||)
     890                      .dwattr $C$DW$68, DW_AT_high_pc(0x00)
     891                      .dwattr $C$DW$68, DW_AT_linkage_name("__signbit")
     892                      .dwattr $C$DW$68, DW_AT_external
TMS320C2000 Assembler PC v22.6.0 Mon Apr 21 09:03:26 2025

Copyright (c) 1996-2018 Texas Instruments Incorporated
app_anpc_main.asm                                                    PAGE   18

     893                      .dwattr $C$DW$68, DW_AT_type(*$C$DW$T$10)
     894                      .dwattr $C$DW$68, DW_AT_decl_file("C:/ti/ccs1210/ccs/tools/compiler/ti-cgt-c2000_22.6.0.LTS/include/_
     895                      .dwattr $C$DW$68, DW_AT_decl_line(0x16b)
     896                      .dwattr $C$DW$68, DW_AT_decl_column(0x18)
     897                      .dwattr $C$DW$68, DW_AT_TI_max_frame_size(-6)
     898                      .dwpsn  file "C:/ti/ccs1210/ccs/tools/compiler/ti-cgt-c2000_22.6.0.LTS/include/_defs.h",line 364,colu
     899              
     900                      .dwfde $C$DW$CIE, ||__signbit||
     901              $C$DW$69        .dwtag  DW_TAG_formal_parameter
     902                      .dwattr $C$DW$69, DW_AT_name("d")
     903                      .dwattr $C$DW$69, DW_AT_type(*$C$DW$T$41)
     904                      .dwattr $C$DW$69, DW_AT_location[DW_OP_reg12]
     905              
     906              
     907              ;***************************************************************
     908              ;* FNAME: __signbit                     FR SIZE:   4           *
     909              ;*                                                             *
     910              ;* FUNCTION ENVIRONMENT                                        *
     911              ;*                                                             *
     912              ;* FUNCTION PROPERTIES                                         *
     913              ;*                            4 Parameter,  0 Auto,  0 SOE     *
     914              ;***************************************************************
     915              
     916              ||__signbit||:
     917              ;* AR4   assigned to d
     918              $C$DW$70        .dwtag  DW_TAG_variable
     919                      .dwattr $C$DW$70, DW_AT_name("d")
     920                      .dwattr $C$DW$70, DW_AT_type(*$C$DW$T$42)
     921                      .dwattr $C$DW$70, DW_AT_location[DW_OP_reg12]
     922              
     923                      .dwcfi  cfa_offset, -2
     924                      .dwcfi  save_reg_to_mem, 26, 0
     925 00000000 FE04          ADDB      SP,#4                 ; [CPU_ARAU] 
     926                      .dwcfi  cfa_offset, -6
     927                      .dwpsn  file "C:/ti/ccs1210/ccs/tools/compiler/ti-cgt-c2000_22.6.0.LTS/include/_defs.h",line 364,colu
     928 00000001 0200          MOVB      ACC,#0                ; [CPU_ALU] |364| 
     929 00000002 1E44          MOVL      *-SP[4],ACC           ; [CPU_ALU] |364| 
     930 00000003 2B42          MOV       *-SP[2],#0            ; [CPU_ALU] |364| 
     931 00000004 2B41          MOV       *-SP[1],#0            ; [CPU_ALU] |364| 
     932 00000005 A3C4          MOVL      P,*+XAR4[0]           ; [CPU_ALU] |364| 
     933 00000006 06D4          MOVL      ACC,*+XAR4[2]         ; [CPU_ALU] |364| 
     934 00000007 18AB          AND       PL,#0                 ; [CPU_ALU] |364| 
         00000008 0000 
     935 00000009 18AA          AND       PH,#0                 ; [CPU_ALU] |364| 
         0000000a 0000 
     936 0000000b 9000          ANDB      AL,#0                 ; [CPU_ALU] |364| 
     937 0000000c 18A8          AND       AH,#32768             ; [CPU_ALU] |364| 
         0000000d 8000 
     938              $C$DW$71        .dwtag  DW_TAG_TI_branch
     939                      .dwattr $C$DW$71, DW_AT_low_pc(0x00)
     940                      .dwattr $C$DW$71, DW_AT_name("__c28xabi_cmpull")
     941                      .dwattr $C$DW$71, DW_AT_TI_call
     942              
     943 0000000e 7640!         LCR       #||__c28xabi_cmpull|| ; [CPU_ALU] |364| 
         0000000f 0000 
TMS320C2000 Assembler PC v22.6.0 Mon Apr 21 09:03:26 2025

Copyright (c) 1996-2018 Texas Instruments Incorporated
app_anpc_main.asm                                                    PAGE   19

     944                      ; call occurs [#||__c28xabi_cmpull||] ; [] |364| 
     945 00000010 9B00          MOVB      AH,#0                 ; [CPU_ALU] |364| 
     946 00000011 5200          CMPB      AL,#0                 ; [CPU_ALU] |364| 
     947 00000012 56B0          MOVB      AH,#1,NEQ             ; [CPU_ALU] |364| 
         00000013 01A8 
     948 00000014 92A8          MOV       AL,AH                 ; [CPU_ALU] |364| 
     949 00000015 FE84          SUBB      SP,#4                 ; [CPU_ARAU] 
     950                      .dwcfi  cfa_offset, -2
     951              $C$DW$72        .dwtag  DW_TAG_TI_branch
     952                      .dwattr $C$DW$72, DW_AT_low_pc(0x00)
     953                      .dwattr $C$DW$72, DW_AT_TI_return
     954              
     955 00000016 0006          LRETR     ; [CPU_ALU] 
     956                      ; return occurs ; [] 
     957                      .dwattr $C$DW$68, DW_AT_TI_end_file("C:/ti/ccs1210/ccs/tools/compiler/ti-cgt-c2000_22.6.0.LTS/include
     958                      .dwattr $C$DW$68, DW_AT_TI_end_line(0x16c)
     959                      .dwattr $C$DW$68, DW_AT_TI_end_column(0x2a)
     960                      .dwendentry
     961                      .dwendtag $C$DW$68
     962              
     963 00000000               .sect   ".text:__relaxed_sqrtf"
     964                      .clink
     965                      .global ||__relaxed_sqrtf||
     966              
     967              $C$DW$73        .dwtag  DW_TAG_subprogram
     968                      .dwattr $C$DW$73, DW_AT_name("__relaxed_sqrtf")
     969                      .dwattr $C$DW$73, DW_AT_low_pc(||__relaxed_sqrtf||)
     970                      .dwattr $C$DW$73, DW_AT_high_pc(0x00)
     971                      .dwattr $C$DW$73, DW_AT_linkage_name("__relaxed_sqrtf")
     972                      .dwattr $C$DW$73, DW_AT_external
     973                      .dwattr $C$DW$73, DW_AT_type(*$C$DW$T$16)
     974                      .dwattr $C$DW$73, DW_AT_decl_file("C:/ti/ccs1210/ccs/tools/compiler/ti-cgt-c2000_22.6.0.LTS/include/m
     975                      .dwattr $C$DW$73, DW_AT_decl_line(0x103)
     976                      .dwattr $C$DW$73, DW_AT_decl_column(0x10)
     977                      .dwattr $C$DW$73, DW_AT_TI_max_frame_size(-2)
     978                      .dwpsn  file "C:/ti/ccs1210/ccs/tools/compiler/ti-cgt-c2000_22.6.0.LTS/include/math.h",line 260,colum
     979              
     980                      .dwfde $C$DW$CIE, ||__relaxed_sqrtf||
     981              $C$DW$74        .dwtag  DW_TAG_formal_parameter
     982                      .dwattr $C$DW$74, DW_AT_name("x")
     983                      .dwattr $C$DW$74, DW_AT_type(*$C$DW$T$16)
     984                      .dwattr $C$DW$74, DW_AT_location[DW_OP_regx 0x2b]
     985              
     986              
     987              ;***************************************************************
     988              ;* FNAME: __relaxed_sqrtf               FR SIZE:   0           *
     989              ;*                                                             *
     990              ;* FUNCTION ENVIRONMENT                                        *
     991              ;*                                                             *
     992              ;* FUNCTION PROPERTIES                                         *
     993              ;*                            0 Parameter,  0 Auto,  0 SOE     *
     994              ;***************************************************************
     995              
     996              ||__relaxed_sqrtf||:
     997              ;* R0    assigned to x
TMS320C2000 Assembler PC v22.6.0 Mon Apr 21 09:03:26 2025

Copyright (c) 1996-2018 Texas Instruments Incorporated
app_anpc_main.asm                                                    PAGE   20

     998              $C$DW$75        .dwtag  DW_TAG_variable
     999                      .dwattr $C$DW$75, DW_AT_name("x")
    1000                      .dwattr $C$DW$75, DW_AT_type(*$C$DW$T$40)
    1001                      .dwattr $C$DW$75, DW_AT_location[DW_OP_regx 0x2b]
    1002              
    1003                      .dwcfi  cfa_offset, -2
    1004                      .dwcfi  save_reg_to_mem, 26, 0
    1005                      .dwpsn  file "C:/ti/ccs1210/ccs/tools/compiler/ti-cgt-c2000_22.6.0.LTS/include/math.h",line 261,colum
    1006 00000000 E277          SQRTF32   R0H,R0H               ; [CPU_FPU] |261| 
         00000001 0000 
    1007 00000002 7700          NOP       ; [CPU_ALU] 
    1008 00000003 7700          NOP       ; [CPU_ALU] 
    1009 00000004 7700          NOP       ; [CPU_ALU] 
    1010              $C$DW$76        .dwtag  DW_TAG_TI_branch
    1011                      .dwattr $C$DW$76, DW_AT_low_pc(0x00)
    1012                      .dwattr $C$DW$76, DW_AT_TI_return
    1013              
    1014 00000005 0006          LRETR     ; [CPU_ALU] 
    1015                      ; return occurs ; [] 
    1016                      .dwattr $C$DW$73, DW_AT_TI_end_file("C:/ti/ccs1210/ccs/tools/compiler/ti-cgt-c2000_22.6.0.LTS/include
    1017                      .dwattr $C$DW$73, DW_AT_TI_end_line(0x106)
    1018                      .dwattr $C$DW$73, DW_AT_TI_end_column(0x01)
    1019                      .dwendentry
    1020                      .dwendtag $C$DW$73
    1021              
    1022 00000000               .sect   ".text:__relaxed_sinf"
    1023                      .clink
    1024                      .global ||__relaxed_sinf||
    1025              
    1026              $C$DW$77        .dwtag  DW_TAG_subprogram
    1027                      .dwattr $C$DW$77, DW_AT_name("__relaxed_sinf")
    1028                      .dwattr $C$DW$77, DW_AT_low_pc(||__relaxed_sinf||)
    1029                      .dwattr $C$DW$77, DW_AT_high_pc(0x00)
    1030                      .dwattr $C$DW$77, DW_AT_linkage_name("__relaxed_sinf")
    1031                      .dwattr $C$DW$77, DW_AT_external
    1032                      .dwattr $C$DW$77, DW_AT_type(*$C$DW$T$16)
    1033                      .dwattr $C$DW$77, DW_AT_decl_file("C:/ti/ccs1210/ccs/tools/compiler/ti-cgt-c2000_22.6.0.LTS/include/m
    1034                      .dwattr $C$DW$77, DW_AT_decl_line(0x108)
    1035                      .dwattr $C$DW$77, DW_AT_decl_column(0x10)
    1036                      .dwattr $C$DW$77, DW_AT_TI_max_frame_size(-2)
    1037                      .dwpsn  file "C:/ti/ccs1210/ccs/tools/compiler/ti-cgt-c2000_22.6.0.LTS/include/math.h",line 265,colum
    1038              
    1039                      .dwfde $C$DW$CIE, ||__relaxed_sinf||
    1040              $C$DW$78        .dwtag  DW_TAG_formal_parameter
    1041                      .dwattr $C$DW$78, DW_AT_name("x")
    1042                      .dwattr $C$DW$78, DW_AT_type(*$C$DW$T$16)
    1043                      .dwattr $C$DW$78, DW_AT_location[DW_OP_regx 0x2b]
    1044              
    1045              
    1046              ;***************************************************************
    1047              ;* FNAME: __relaxed_sinf                FR SIZE:   0           *
    1048              ;*                                                             *
    1049              ;* FUNCTION ENVIRONMENT                                        *
    1050              ;*                                                             *
    1051              ;* FUNCTION PROPERTIES                                         *
TMS320C2000 Assembler PC v22.6.0 Mon Apr 21 09:03:26 2025

Copyright (c) 1996-2018 Texas Instruments Incorporated
app_anpc_main.asm                                                    PAGE   21

    1052              ;*                            0 Parameter,  0 Auto,  0 SOE     *
    1053              ;***************************************************************
    1054              
    1055              ||__relaxed_sinf||:
    1056              ;* R0    assigned to x
    1057              $C$DW$79        .dwtag  DW_TAG_variable
    1058                      .dwattr $C$DW$79, DW_AT_name("x")
    1059                      .dwattr $C$DW$79, DW_AT_type(*$C$DW$T$40)
    1060                      .dwattr $C$DW$79, DW_AT_location[DW_OP_regx 0x2b]
    1061              
    1062                      .dwcfi  cfa_offset, -2
    1063                      .dwcfi  save_reg_to_mem, 26, 0
    1064                      .dwpsn  file "C:/ti/ccs1210/ccs/tools/compiler/ti-cgt-c2000_22.6.0.LTS/include/math.h",line 266,colum
    1065 00000000 E271          DIV2PIF32 R0H,R0H               ; [CPU_FPU] |266| 
         00000001 0000 
    1066 00000002 7700          NOP       ; [CPU_ALU] 
    1067 00000003 E278          SINPUF32  R0H,R0H               ; [CPU_FPU] |266| 
         00000004 0000 
    1068 00000005 7700          NOP       ; [CPU_ALU] 
    1069 00000006 7700          NOP       ; [CPU_ALU] 
    1070              $C$DW$80        .dwtag  DW_TAG_TI_branch
    1071                      .dwattr $C$DW$80, DW_AT_low_pc(0x00)
    1072                      .dwattr $C$DW$80, DW_AT_TI_return
    1073              
    1074 00000007 0006          LRETR     ; [CPU_ALU] 
    1075                      ; return occurs ; [] 
    1076                      .dwattr $C$DW$77, DW_AT_TI_end_file("C:/ti/ccs1210/ccs/tools/compiler/ti-cgt-c2000_22.6.0.LTS/include
    1077                      .dwattr $C$DW$77, DW_AT_TI_end_line(0x10b)
    1078                      .dwattr $C$DW$77, DW_AT_TI_end_column(0x01)
    1079                      .dwendentry
    1080                      .dwendtag $C$DW$77
    1081              
    1082 00000000               .sect   ".text:__relaxed_fmodf"
    1083                      .clink
    1084                      .global ||__relaxed_fmodf||
    1085              
    1086              $C$DW$81        .dwtag  DW_TAG_subprogram
    1087                      .dwattr $C$DW$81, DW_AT_name("__relaxed_fmodf")
    1088                      .dwattr $C$DW$81, DW_AT_low_pc(||__relaxed_fmodf||)
    1089                      .dwattr $C$DW$81, DW_AT_high_pc(0x00)
    1090                      .dwattr $C$DW$81, DW_AT_linkage_name("__relaxed_fmodf")
    1091                      .dwattr $C$DW$81, DW_AT_external
    1092                      .dwattr $C$DW$81, DW_AT_type(*$C$DW$T$16)
    1093                      .dwattr $C$DW$81, DW_AT_decl_file("C:/ti/ccs1210/ccs/tools/compiler/ti-cgt-c2000_22.6.0.LTS/include/m
    1094                      .dwattr $C$DW$81, DW_AT_decl_line(0x11c)
    1095                      .dwattr $C$DW$81, DW_AT_decl_column(0x10)
    1096                      .dwattr $C$DW$81, DW_AT_TI_max_frame_size(-2)
    1097                      .dwpsn  file "C:/ti/ccs1210/ccs/tools/compiler/ti-cgt-c2000_22.6.0.LTS/include/math.h",line 285,colum
    1098              
    1099                      .dwfde $C$DW$CIE, ||__relaxed_fmodf||
    1100              $C$DW$82        .dwtag  DW_TAG_formal_parameter
    1101                      .dwattr $C$DW$82, DW_AT_name("y")
    1102                      .dwattr $C$DW$82, DW_AT_type(*$C$DW$T$16)
    1103                      .dwattr $C$DW$82, DW_AT_location[DW_OP_regx 0x2b]
    1104              
TMS320C2000 Assembler PC v22.6.0 Mon Apr 21 09:03:26 2025

Copyright (c) 1996-2018 Texas Instruments Incorporated
app_anpc_main.asm                                                    PAGE   22

    1105              $C$DW$83        .dwtag  DW_TAG_formal_parameter
    1106                      .dwattr $C$DW$83, DW_AT_name("x")
    1107                      .dwattr $C$DW$83, DW_AT_type(*$C$DW$T$16)
    1108                      .dwattr $C$DW$83, DW_AT_location[DW_OP_regx 0x2f]
    1109              
    1110              
    1111              ;***************************************************************
    1112              ;* FNAME: __relaxed_fmodf               FR SIZE:   0           *
    1113              ;*                                                             *
    1114              ;* FUNCTION ENVIRONMENT                                        *
    1115              ;*                                                             *
    1116              ;* FUNCTION PROPERTIES                                         *
    1117              ;*                            0 Parameter,  0 Auto,  0 SOE     *
    1118              ;***************************************************************
    1119              
    1120              ||__relaxed_fmodf||:
    1121              ;* R0    assigned to y
    1122              $C$DW$84        .dwtag  DW_TAG_variable
    1123                      .dwattr $C$DW$84, DW_AT_name("y")
    1124                      .dwattr $C$DW$84, DW_AT_type(*$C$DW$T$40)
    1125                      .dwattr $C$DW$84, DW_AT_location[DW_OP_regx 0x2b]
    1126              
    1127              ;* R1    assigned to x
    1128              $C$DW$85        .dwtag  DW_TAG_variable
    1129                      .dwattr $C$DW$85, DW_AT_name("x")
    1130                      .dwattr $C$DW$85, DW_AT_type(*$C$DW$T$40)
    1131                      .dwattr $C$DW$85, DW_AT_location[DW_OP_regx 0x2f]
    1132              
    1133                      .dwcfi  cfa_offset, -2
    1134                      .dwcfi  save_reg_to_mem, 26, 0
    1135                      .dwpsn  file "C:/ti/ccs1210/ccs/tools/compiler/ti-cgt-c2000_22.6.0.LTS/include/math.h",line 286,colum
    1136 00000000 E274          DIVF32    R2H,R0H,R1H           ; [CPU_FPU] |286| 
         00000001 0042 
    1137 00000002 7700          NOP       ; [CPU_ALU] 
    1138 00000003 7700          NOP       ; [CPU_ALU] 
    1139 00000004 7700          NOP       ; [CPU_ALU] 
    1140 00000005 7700          NOP       ; [CPU_ALU] 
    1141 00000006 E688          F32TOI32  R2H,R2H               ; [CPU_FPU] |286| 
         00000007 0012 
    1142 00000008 7700          NOP       ; [CPU_ALU] 
    1143 00000009 E689          I32TOF32  R2H,R2H               ; [CPU_FPU] |286| 
         0000000a 0012 
    1144 0000000b 7700          NOP       ; [CPU_ALU] 
    1145 0000000c E700          MPYF32    R1H,R1H,R2H           ; [CPU_FPU] |286| 
         0000000d 0089 
    1146 0000000e 7700          NOP       ; [CPU_ALU] 
    1147 0000000f E720          SUBF32    R0H,R0H,R1H           ; [CPU_FPU] |286| 
         00000010 0040 
    1148              $C$DW$86        .dwtag  DW_TAG_TI_branch
    1149                      .dwattr $C$DW$86, DW_AT_low_pc(0x00)
    1150                      .dwattr $C$DW$86, DW_AT_TI_return
    1151              
    1152 00000011 0006          LRETR     ; [CPU_ALU] 
    1153                      ; return occurs ; [] 
    1154                      .dwattr $C$DW$81, DW_AT_TI_end_file("C:/ti/ccs1210/ccs/tools/compiler/ti-cgt-c2000_22.6.0.LTS/include
TMS320C2000 Assembler PC v22.6.0 Mon Apr 21 09:03:26 2025

Copyright (c) 1996-2018 Texas Instruments Incorporated
app_anpc_main.asm                                                    PAGE   23

    1155                      .dwattr $C$DW$81, DW_AT_TI_end_line(0x11f)
    1156                      .dwattr $C$DW$81, DW_AT_TI_end_column(0x01)
    1157                      .dwendentry
    1158                      .dwendtag $C$DW$81
    1159              
    1160 00000000               .sect   ".text:__relaxed_fminf"
    1161                      .clink
    1162                      .global ||__relaxed_fminf||
    1163              
    1164              $C$DW$87        .dwtag  DW_TAG_subprogram
    1165                      .dwattr $C$DW$87, DW_AT_name("__relaxed_fminf")
    1166                      .dwattr $C$DW$87, DW_AT_low_pc(||__relaxed_fminf||)
    1167                      .dwattr $C$DW$87, DW_AT_high_pc(0x00)
    1168                      .dwattr $C$DW$87, DW_AT_linkage_name("__relaxed_fminf")
    1169                      .dwattr $C$DW$87, DW_AT_external
    1170                      .dwattr $C$DW$87, DW_AT_type(*$C$DW$T$16)
    1171                      .dwattr $C$DW$87, DW_AT_decl_file("C:/ti/ccs1210/ccs/tools/compiler/ti-cgt-c2000_22.6.0.LTS/include/m
    1172                      .dwattr $C$DW$87, DW_AT_decl_line(0xee)
    1173                      .dwattr $C$DW$87, DW_AT_decl_column(0x10)
    1174                      .dwattr $C$DW$87, DW_AT_TI_max_frame_size(-2)
    1175                      .dwpsn  file "C:/ti/ccs1210/ccs/tools/compiler/ti-cgt-c2000_22.6.0.LTS/include/math.h",line 239,colum
    1176              
    1177                      .dwfde $C$DW$CIE, ||__relaxed_fminf||
    1178              $C$DW$88        .dwtag  DW_TAG_formal_parameter
    1179                      .dwattr $C$DW$88, DW_AT_name("x")
    1180                      .dwattr $C$DW$88, DW_AT_type(*$C$DW$T$16)
    1181                      .dwattr $C$DW$88, DW_AT_location[DW_OP_regx 0x2b]
    1182              
    1183              $C$DW$89        .dwtag  DW_TAG_formal_parameter
    1184                      .dwattr $C$DW$89, DW_AT_name("y")
    1185                      .dwattr $C$DW$89, DW_AT_type(*$C$DW$T$16)
    1186                      .dwattr $C$DW$89, DW_AT_location[DW_OP_regx 0x2f]
    1187              
    1188              
    1189              ;***************************************************************
    1190              ;* FNAME: __relaxed_fminf               FR SIZE:   0           *
    1191              ;*                                                             *
    1192              ;* FUNCTION ENVIRONMENT                                        *
    1193              ;*                                                             *
    1194              ;* FUNCTION PROPERTIES                                         *
    1195              ;*                            0 Parameter,  0 Auto,  0 SOE     *
    1196              ;***************************************************************
    1197              
    1198              ||__relaxed_fminf||:
    1199              ;* R1    assigned to y
    1200              $C$DW$90        .dwtag  DW_TAG_variable
    1201                      .dwattr $C$DW$90, DW_AT_name("y")
    1202                      .dwattr $C$DW$90, DW_AT_type(*$C$DW$T$40)
    1203                      .dwattr $C$DW$90, DW_AT_location[DW_OP_regx 0x2f]
    1204              
    1205                      .dwcfi  cfa_offset, -2
    1206                      .dwcfi  save_reg_to_mem, 26, 0
    1207                      .dwpsn  file "C:/ti/ccs1210/ccs/tools/compiler/ti-cgt-c2000_22.6.0.LTS/include/math.h",line 240,colum
    1208 00000000 E697          MINF32    R0H,R1H               ; [CPU_FPU] |240| 
         00000001 0008 
TMS320C2000 Assembler PC v22.6.0 Mon Apr 21 09:03:26 2025

Copyright (c) 1996-2018 Texas Instruments Incorporated
app_anpc_main.asm                                                    PAGE   24

    1209              $C$DW$91        .dwtag  DW_TAG_TI_branch
    1210                      .dwattr $C$DW$91, DW_AT_low_pc(0x00)
    1211                      .dwattr $C$DW$91, DW_AT_TI_return
    1212              
    1213 00000002 0006          LRETR     ; [CPU_ALU] 
    1214                      ; return occurs ; [] 
    1215                      .dwattr $C$DW$87, DW_AT_TI_end_file("C:/ti/ccs1210/ccs/tools/compiler/ti-cgt-c2000_22.6.0.LTS/include
    1216                      .dwattr $C$DW$87, DW_AT_TI_end_line(0xf1)
    1217                      .dwattr $C$DW$87, DW_AT_TI_end_column(0x01)
    1218                      .dwendentry
    1219                      .dwendtag $C$DW$87
    1220              
    1221 00000000               .sect   ".text:__relaxed_fmaxf"
    1222                      .clink
    1223                      .global ||__relaxed_fmaxf||
    1224              
    1225              $C$DW$92        .dwtag  DW_TAG_subprogram
    1226                      .dwattr $C$DW$92, DW_AT_name("__relaxed_fmaxf")
    1227                      .dwattr $C$DW$92, DW_AT_low_pc(||__relaxed_fmaxf||)
    1228                      .dwattr $C$DW$92, DW_AT_high_pc(0x00)
    1229                      .dwattr $C$DW$92, DW_AT_linkage_name("__relaxed_fmaxf")
    1230                      .dwattr $C$DW$92, DW_AT_external
    1231                      .dwattr $C$DW$92, DW_AT_type(*$C$DW$T$16)
    1232                      .dwattr $C$DW$92, DW_AT_decl_file("C:/ti/ccs1210/ccs/tools/compiler/ti-cgt-c2000_22.6.0.LTS/include/m
    1233                      .dwattr $C$DW$92, DW_AT_decl_line(0xe8)
    1234                      .dwattr $C$DW$92, DW_AT_decl_column(0x10)
    1235                      .dwattr $C$DW$92, DW_AT_TI_max_frame_size(-2)
    1236                      .dwpsn  file "C:/ti/ccs1210/ccs/tools/compiler/ti-cgt-c2000_22.6.0.LTS/include/math.h",line 233,colum
    1237              
    1238                      .dwfde $C$DW$CIE, ||__relaxed_fmaxf||
    1239              $C$DW$93        .dwtag  DW_TAG_formal_parameter
    1240                      .dwattr $C$DW$93, DW_AT_name("x")
    1241                      .dwattr $C$DW$93, DW_AT_type(*$C$DW$T$16)
    1242                      .dwattr $C$DW$93, DW_AT_location[DW_OP_regx 0x2b]
    1243              
    1244              $C$DW$94        .dwtag  DW_TAG_formal_parameter
    1245                      .dwattr $C$DW$94, DW_AT_name("y")
    1246                      .dwattr $C$DW$94, DW_AT_type(*$C$DW$T$16)
    1247                      .dwattr $C$DW$94, DW_AT_location[DW_OP_regx 0x2f]
    1248              
    1249              
    1250              ;***************************************************************
    1251              ;* FNAME: __relaxed_fmaxf               FR SIZE:   0           *
    1252              ;*                                                             *
    1253              ;* FUNCTION ENVIRONMENT                                        *
    1254              ;*                                                             *
    1255              ;* FUNCTION PROPERTIES                                         *
    1256              ;*                            0 Parameter,  0 Auto,  0 SOE     *
    1257              ;***************************************************************
    1258              
    1259              ||__relaxed_fmaxf||:
    1260              ;* R1    assigned to y
    1261              $C$DW$95        .dwtag  DW_TAG_variable
    1262                      .dwattr $C$DW$95, DW_AT_name("y")
    1263                      .dwattr $C$DW$95, DW_AT_type(*$C$DW$T$40)
TMS320C2000 Assembler PC v22.6.0 Mon Apr 21 09:03:26 2025

Copyright (c) 1996-2018 Texas Instruments Incorporated
app_anpc_main.asm                                                    PAGE   25

    1264                      .dwattr $C$DW$95, DW_AT_location[DW_OP_regx 0x2f]
    1265              
    1266                      .dwcfi  cfa_offset, -2
    1267                      .dwcfi  save_reg_to_mem, 26, 0
    1268                      .dwpsn  file "C:/ti/ccs1210/ccs/tools/compiler/ti-cgt-c2000_22.6.0.LTS/include/math.h",line 234,colum
    1269 00000000 E696          MAXF32    R0H,R1H               ; [CPU_FPU] |234| 
         00000001 0008 
    1270              $C$DW$96        .dwtag  DW_TAG_TI_branch
    1271                      .dwattr $C$DW$96, DW_AT_low_pc(0x00)
    1272                      .dwattr $C$DW$96, DW_AT_TI_return
    1273              
    1274 00000002 0006          LRETR     ; [CPU_ALU] 
    1275                      ; return occurs ; [] 
    1276                      .dwattr $C$DW$92, DW_AT_TI_end_file("C:/ti/ccs1210/ccs/tools/compiler/ti-cgt-c2000_22.6.0.LTS/include
    1277                      .dwattr $C$DW$92, DW_AT_TI_end_line(0xeb)
    1278                      .dwattr $C$DW$92, DW_AT_TI_end_column(0x01)
    1279                      .dwendentry
    1280                      .dwendtag $C$DW$92
    1281              
    1282 00000000               .sect   ".text:__relaxed_cosf"
    1283                      .clink
    1284                      .global ||__relaxed_cosf||
    1285              
    1286              $C$DW$97        .dwtag  DW_TAG_subprogram
    1287                      .dwattr $C$DW$97, DW_AT_name("__relaxed_cosf")
    1288                      .dwattr $C$DW$97, DW_AT_low_pc(||__relaxed_cosf||)
    1289                      .dwattr $C$DW$97, DW_AT_high_pc(0x00)
    1290                      .dwattr $C$DW$97, DW_AT_linkage_name("__relaxed_cosf")
    1291                      .dwattr $C$DW$97, DW_AT_external
    1292                      .dwattr $C$DW$97, DW_AT_type(*$C$DW$T$16)
    1293                      .dwattr $C$DW$97, DW_AT_decl_file("C:/ti/ccs1210/ccs/tools/compiler/ti-cgt-c2000_22.6.0.LTS/include/m
    1294                      .dwattr $C$DW$97, DW_AT_decl_line(0x10d)
    1295                      .dwattr $C$DW$97, DW_AT_decl_column(0x10)
    1296                      .dwattr $C$DW$97, DW_AT_TI_max_frame_size(-2)
    1297                      .dwpsn  file "C:/ti/ccs1210/ccs/tools/compiler/ti-cgt-c2000_22.6.0.LTS/include/math.h",line 270,colum
    1298              
    1299                      .dwfde $C$DW$CIE, ||__relaxed_cosf||
    1300              $C$DW$98        .dwtag  DW_TAG_formal_parameter
    1301                      .dwattr $C$DW$98, DW_AT_name("x")
    1302                      .dwattr $C$DW$98, DW_AT_type(*$C$DW$T$16)
    1303                      .dwattr $C$DW$98, DW_AT_location[DW_OP_regx 0x2b]
    1304              
    1305              
    1306              ;***************************************************************
    1307              ;* FNAME: __relaxed_cosf                FR SIZE:   0           *
    1308              ;*                                                             *
    1309              ;* FUNCTION ENVIRONMENT                                        *
    1310              ;*                                                             *
    1311              ;* FUNCTION PROPERTIES                                         *
    1312              ;*                            0 Parameter,  0 Auto,  0 SOE     *
    1313              ;***************************************************************
    1314              
    1315              ||__relaxed_cosf||:
    1316              ;* R0    assigned to x
    1317              $C$DW$99        .dwtag  DW_TAG_variable
TMS320C2000 Assembler PC v22.6.0 Mon Apr 21 09:03:26 2025

Copyright (c) 1996-2018 Texas Instruments Incorporated
app_anpc_main.asm                                                    PAGE   26

    1318                      .dwattr $C$DW$99, DW_AT_name("x")
    1319                      .dwattr $C$DW$99, DW_AT_type(*$C$DW$T$40)
    1320                      .dwattr $C$DW$99, DW_AT_location[DW_OP_regx 0x2b]
    1321              
    1322                      .dwcfi  cfa_offset, -2
    1323                      .dwcfi  save_reg_to_mem, 26, 0
    1324                      .dwpsn  file "C:/ti/ccs1210/ccs/tools/compiler/ti-cgt-c2000_22.6.0.LTS/include/math.h",line 271,colum
    1325 00000000 E271          DIV2PIF32 R0H,R0H               ; [CPU_FPU] |271| 
         00000001 0000 
    1326 00000002 7700          NOP       ; [CPU_ALU] 
    1327 00000003 E279          COSPUF32  R0H,R0H               ; [CPU_FPU] |271| 
         00000004 0000 
    1328 00000005 7700          NOP       ; [CPU_ALU] 
    1329 00000006 7700          NOP       ; [CPU_ALU] 
    1330              $C$DW$100       .dwtag  DW_TAG_TI_branch
    1331                      .dwattr $C$DW$100, DW_AT_low_pc(0x00)
    1332                      .dwattr $C$DW$100, DW_AT_TI_return
    1333              
    1334 00000007 0006          LRETR     ; [CPU_ALU] 
    1335                      ; return occurs ; [] 
    1336                      .dwattr $C$DW$97, DW_AT_TI_end_file("C:/ti/ccs1210/ccs/tools/compiler/ti-cgt-c2000_22.6.0.LTS/include
    1337                      .dwattr $C$DW$97, DW_AT_TI_end_line(0x110)
    1338                      .dwattr $C$DW$97, DW_AT_TI_end_column(0x01)
    1339                      .dwendentry
    1340                      .dwendtag $C$DW$97
    1341              
    1342 00000000               .sect   ".text:__relaxed_atanf"
    1343                      .clink
    1344                      .global ||__relaxed_atanf||
    1345              
    1346              $C$DW$101       .dwtag  DW_TAG_subprogram
    1347                      .dwattr $C$DW$101, DW_AT_name("__relaxed_atanf")
    1348                      .dwattr $C$DW$101, DW_AT_low_pc(||__relaxed_atanf||)
    1349                      .dwattr $C$DW$101, DW_AT_high_pc(0x00)
    1350                      .dwattr $C$DW$101, DW_AT_linkage_name("__relaxed_atanf")
    1351                      .dwattr $C$DW$101, DW_AT_external
    1352                      .dwattr $C$DW$101, DW_AT_type(*$C$DW$T$16)
    1353                      .dwattr $C$DW$101, DW_AT_decl_file("C:/ti/ccs1210/ccs/tools/compiler/ti-cgt-c2000_22.6.0.LTS/include/
    1354                      .dwattr $C$DW$101, DW_AT_decl_line(0x112)
    1355                      .dwattr $C$DW$101, DW_AT_decl_column(0x10)
    1356                      .dwattr $C$DW$101, DW_AT_TI_max_frame_size(-2)
    1357                      .dwpsn  file "C:/ti/ccs1210/ccs/tools/compiler/ti-cgt-c2000_22.6.0.LTS/include/math.h",line 275,colum
    1358              
    1359                      .dwfde $C$DW$CIE, ||__relaxed_atanf||
    1360              $C$DW$102       .dwtag  DW_TAG_formal_parameter
    1361                      .dwattr $C$DW$102, DW_AT_name("x")
    1362                      .dwattr $C$DW$102, DW_AT_type(*$C$DW$T$16)
    1363                      .dwattr $C$DW$102, DW_AT_location[DW_OP_regx 0x2b]
    1364              
    1365              
    1366              ;***************************************************************
    1367              ;* FNAME: __relaxed_atanf               FR SIZE:   0           *
    1368              ;*                                                             *
    1369              ;* FUNCTION ENVIRONMENT                                        *
    1370              ;*                                                             *
TMS320C2000 Assembler PC v22.6.0 Mon Apr 21 09:03:26 2025

Copyright (c) 1996-2018 Texas Instruments Incorporated
app_anpc_main.asm                                                    PAGE   27

    1371              ;* FUNCTION PROPERTIES                                         *
    1372              ;*                            0 Parameter,  0 Auto,  0 SOE     *
    1373              ;***************************************************************
    1374              
    1375              ||__relaxed_atanf||:
    1376              ;* R0    assigned to x
    1377              $C$DW$103       .dwtag  DW_TAG_variable
    1378                      .dwattr $C$DW$103, DW_AT_name("x")
    1379                      .dwattr $C$DW$103, DW_AT_type(*$C$DW$T$40)
    1380                      .dwattr $C$DW$103, DW_AT_location[DW_OP_regx 0x2b]
    1381              
    1382                      .dwcfi  cfa_offset, -2
    1383                      .dwcfi  save_reg_to_mem, 26, 0
    1384                      .dwpsn  file "C:/ti/ccs1210/ccs/tools/compiler/ti-cgt-c2000_22.6.0.LTS/include/math.h",line 276,colum
    1385 00000000 E801          MOVIZ     R1H,#16256            ; [CPU_FPU] |276| 
         00000001 FC01 
    1386 00000002 E27C          QUADF32   R1H,R0H,R0H,R1H       ; [CPU_FPU] |276| 
         00000003 0201 
    1387 00000004 7700          NOP       ; [CPU_ALU] 
    1388 00000005 7700          NOP       ; [CPU_ALU] 
    1389 00000006 7700          NOP       ; [CPU_ALU] 
    1390 00000007 7700          NOP       ; [CPU_ALU] 
    1391 00000008 E27A          ATANPUF32 R0H,R0H               ; [CPU_FPU] |276| 
         00000009 0000 
    1392 0000000a 7700          NOP       ; [CPU_ALU] 
    1393 0000000b 7700          NOP       ; [CPU_ALU] 
    1394 0000000c 7700          NOP       ; [CPU_ALU] 
    1395 0000000d E710          ADDF32    R0H,R0H,R1H           ; [CPU_FPU] |276| 
         0000000e 0040 
    1396 0000000f 7700          NOP       ; [CPU_ALU] 
    1397 00000010 7700          NOP       ; [CPU_ALU] 
    1398 00000011 E270          MPY2PIF32 R0H,R0H               ; [CPU_FPU] |276| 
         00000012 0000 
    1399 00000013 7700          NOP       ; [CPU_ALU] 
    1400              $C$DW$104       .dwtag  DW_TAG_TI_branch
    1401                      .dwattr $C$DW$104, DW_AT_low_pc(0x00)
    1402                      .dwattr $C$DW$104, DW_AT_TI_return
    1403              
    1404 00000014 0006          LRETR     ; [CPU_ALU] 
    1405                      ; return occurs ; [] 
    1406                      .dwattr $C$DW$101, DW_AT_TI_end_file("C:/ti/ccs1210/ccs/tools/compiler/ti-cgt-c2000_22.6.0.LTS/includ
    1407                      .dwattr $C$DW$101, DW_AT_TI_end_line(0x115)
    1408                      .dwattr $C$DW$101, DW_AT_TI_end_column(0x01)
    1409                      .dwendentry
    1410                      .dwendtag $C$DW$101
    1411              
    1412 00000000               .sect   ".text:__relaxed_atan2f"
    1413                      .clink
    1414                      .global ||__relaxed_atan2f||
    1415              
    1416              $C$DW$105       .dwtag  DW_TAG_subprogram
    1417                      .dwattr $C$DW$105, DW_AT_name("__relaxed_atan2f")
    1418                      .dwattr $C$DW$105, DW_AT_low_pc(||__relaxed_atan2f||)
    1419                      .dwattr $C$DW$105, DW_AT_high_pc(0x00)
    1420                      .dwattr $C$DW$105, DW_AT_linkage_name("__relaxed_atan2f")
TMS320C2000 Assembler PC v22.6.0 Mon Apr 21 09:03:26 2025

Copyright (c) 1996-2018 Texas Instruments Incorporated
app_anpc_main.asm                                                    PAGE   28

    1421                      .dwattr $C$DW$105, DW_AT_external
    1422                      .dwattr $C$DW$105, DW_AT_type(*$C$DW$T$16)
    1423                      .dwattr $C$DW$105, DW_AT_decl_file("C:/ti/ccs1210/ccs/tools/compiler/ti-cgt-c2000_22.6.0.LTS/include/
    1424                      .dwattr $C$DW$105, DW_AT_decl_line(0x117)
    1425                      .dwattr $C$DW$105, DW_AT_decl_column(0x10)
    1426                      .dwattr $C$DW$105, DW_AT_TI_max_frame_size(-2)
    1427                      .dwpsn  file "C:/ti/ccs1210/ccs/tools/compiler/ti-cgt-c2000_22.6.0.LTS/include/math.h",line 280,colum
    1428              
    1429                      .dwfde $C$DW$CIE, ||__relaxed_atan2f||
    1430              $C$DW$106       .dwtag  DW_TAG_formal_parameter
    1431                      .dwattr $C$DW$106, DW_AT_name("y")
    1432                      .dwattr $C$DW$106, DW_AT_type(*$C$DW$T$16)
    1433                      .dwattr $C$DW$106, DW_AT_location[DW_OP_regx 0x2b]
    1434              
    1435              $C$DW$107       .dwtag  DW_TAG_formal_parameter
    1436                      .dwattr $C$DW$107, DW_AT_name("x")
    1437                      .dwattr $C$DW$107, DW_AT_type(*$C$DW$T$16)
    1438                      .dwattr $C$DW$107, DW_AT_location[DW_OP_regx 0x2f]
    1439              
    1440              
    1441              ;***************************************************************
    1442              ;* FNAME: __relaxed_atan2f              FR SIZE:   0           *
    1443              ;*                                                             *
    1444              ;* FUNCTION ENVIRONMENT                                        *
    1445              ;*                                                             *
    1446              ;* FUNCTION PROPERTIES                                         *
    1447              ;*                            0 Parameter,  0 Auto,  0 SOE     *
    1448              ;***************************************************************
    1449              
    1450              ||__relaxed_atan2f||:
    1451              ;* R0    assigned to y
    1452              $C$DW$108       .dwtag  DW_TAG_variable
    1453                      .dwattr $C$DW$108, DW_AT_name("y")
    1454                      .dwattr $C$DW$108, DW_AT_type(*$C$DW$T$40)
    1455                      .dwattr $C$DW$108, DW_AT_location[DW_OP_regx 0x2b]
    1456              
    1457              ;* R1    assigned to x
    1458              $C$DW$109       .dwtag  DW_TAG_variable
    1459                      .dwattr $C$DW$109, DW_AT_name("x")
    1460                      .dwattr $C$DW$109, DW_AT_type(*$C$DW$T$40)
    1461                      .dwattr $C$DW$109, DW_AT_location[DW_OP_regx 0x2f]
    1462              
    1463                      .dwcfi  cfa_offset, -2
    1464                      .dwcfi  save_reg_to_mem, 26, 0
    1465                      .dwpsn  file "C:/ti/ccs1210/ccs/tools/compiler/ti-cgt-c2000_22.6.0.LTS/include/math.h",line 281,colum
    1466 00000000 E27C          QUADF32   R1H,R0H,R0H,R1H       ; [CPU_FPU] |281| 
         00000001 0201 
    1467 00000002 7700          NOP       ; [CPU_ALU] 
    1468 00000003 7700          NOP       ; [CPU_ALU] 
    1469 00000004 7700          NOP       ; [CPU_ALU] 
    1470 00000005 7700          NOP       ; [CPU_ALU] 
    1471 00000006 E27A          ATANPUF32 R0H,R0H               ; [CPU_FPU] |281| 
         00000007 0000 
    1472 00000008 7700          NOP       ; [CPU_ALU] 
    1473 00000009 7700          NOP       ; [CPU_ALU] 
TMS320C2000 Assembler PC v22.6.0 Mon Apr 21 09:03:26 2025

Copyright (c) 1996-2018 Texas Instruments Incorporated
app_anpc_main.asm                                                    PAGE   29

    1474 0000000a 7700          NOP       ; [CPU_ALU] 
    1475 0000000b E710          ADDF32    R0H,R0H,R1H           ; [CPU_FPU] |281| 
         0000000c 0040 
    1476 0000000d 7700          NOP       ; [CPU_ALU] 
    1477 0000000e 7700          NOP       ; [CPU_ALU] 
    1478 0000000f E270          MPY2PIF32 R0H,R0H               ; [CPU_FPU] |281| 
         00000010 0000 
    1479 00000011 7700          NOP       ; [CPU_ALU] 
    1480              $C$DW$110       .dwtag  DW_TAG_TI_branch
    1481                      .dwattr $C$DW$110, DW_AT_low_pc(0x00)
    1482                      .dwattr $C$DW$110, DW_AT_TI_return
    1483              
    1484 00000012 0006          LRETR     ; [CPU_ALU] 
    1485                      ; return occurs ; [] 
    1486                      .dwattr $C$DW$105, DW_AT_TI_end_file("C:/ti/ccs1210/ccs/tools/compiler/ti-cgt-c2000_22.6.0.LTS/includ
    1487                      .dwattr $C$DW$105, DW_AT_TI_end_line(0x11a)
    1488                      .dwattr $C$DW$105, DW_AT_TI_end_column(0x01)
    1489                      .dwendentry
    1490                      .dwendtag $C$DW$105
    1491              
    1492 00000000               .sect   ".text:__isnormall"
    1493                      .clink
    1494                      .global ||__isnormall||
    1495              
    1496              $C$DW$111       .dwtag  DW_TAG_subprogram
    1497                      .dwattr $C$DW$111, DW_AT_name("__isnormall")
    1498                      .dwattr $C$DW$111, DW_AT_low_pc(||__isnormall||)
    1499                      .dwattr $C$DW$111, DW_AT_high_pc(0x00)
    1500                      .dwattr $C$DW$111, DW_AT_linkage_name("__isnormall")
    1501                      .dwattr $C$DW$111, DW_AT_external
    1502                      .dwattr $C$DW$111, DW_AT_type(*$C$DW$T$10)
    1503                      .dwattr $C$DW$111, DW_AT_decl_file("C:/ti/ccs1210/ccs/tools/compiler/ti-cgt-c2000_22.6.0.LTS/include/
    1504                      .dwattr $C$DW$111, DW_AT_decl_line(0x167)
    1505                      .dwattr $C$DW$111, DW_AT_decl_column(0x18)
    1506                      .dwattr $C$DW$111, DW_AT_TI_max_frame_size(-6)
    1507                      .dwpsn  file "C:/ti/ccs1210/ccs/tools/compiler/ti-cgt-c2000_22.6.0.LTS/include/_defs.h",line 360,colu
    1508              
    1509                      .dwfde $C$DW$CIE, ||__isnormall||
    1510              $C$DW$112       .dwtag  DW_TAG_formal_parameter
    1511                      .dwattr $C$DW$112, DW_AT_name("e")
    1512                      .dwattr $C$DW$112, DW_AT_type(*$C$DW$T$43)
    1513                      .dwattr $C$DW$112, DW_AT_location[DW_OP_reg12]
    1514              
    1515              
    1516              ;***************************************************************
    1517              ;* FNAME: __isnormall                   FR SIZE:   4           *
    1518              ;*                                                             *
    1519              ;* FUNCTION ENVIRONMENT                                        *
    1520              ;*                                                             *
    1521              ;* FUNCTION PROPERTIES                                         *
    1522              ;*                            4 Parameter,  0 Auto,  0 SOE     *
    1523              ;***************************************************************
    1524              
    1525              ||__isnormall||:
    1526              ;* AR5   assigned to $O$C2
TMS320C2000 Assembler PC v22.6.0 Mon Apr 21 09:03:26 2025

Copyright (c) 1996-2018 Texas Instruments Incorporated
app_anpc_main.asm                                                    PAGE   30

    1527              ;* AR6   assigned to $O$S1
    1528              ;* AR4   assigned to e
    1529              $C$DW$113       .dwtag  DW_TAG_variable
    1530                      .dwattr $C$DW$113, DW_AT_name("e")
    1531                      .dwattr $C$DW$113, DW_AT_type(*$C$DW$T$44)
    1532                      .dwattr $C$DW$113, DW_AT_location[DW_OP_reg12]
    1533              
    1534                      .dwcfi  cfa_offset, -2
    1535                      .dwcfi  save_reg_to_mem, 26, 0
    1536 00000000 FE04          ADDB      SP,#4                 ; [CPU_ARAU] 
    1537                      .dwcfi  cfa_offset, -6
    1538                      .dwpsn  file "C:/ti/ccs1210/ccs/tools/compiler/ti-cgt-c2000_22.6.0.LTS/include/_defs.h",line 360,colu
    1539 00000001 83C4          MOVL      XAR5,*+XAR4[0]        ; [CPU_ALU] |360| 
    1540 00000002 8AD4          MOVL      XAR4,*+XAR4[2]        ; [CPU_ALU] |360| 
    1541 00000003 BE00          MOVB      XAR6,#0               ; [CPU_ALU] |360| 
    1542 00000004 28AC          MOV       T,#52                 ; [CPU_ALU] |360| 
         00000005 0034 
    1543 00000006 A0AB          MOVL      P,XAR5                ; [CPU_ALU] |360| 
    1544 00000007 A8A9          MOVL      ACC,XAR4              ; [CPU_ALU] |360| 
    1545 00000008 C244          MOVL      *-SP[4],XAR6          ; [CPU_ALU] |360| 
    1546 00000009 2B42          MOV       *-SP[2],#0            ; [CPU_ALU] |360| 
    1547 0000000a 565B          LSR64     ACC:P,T               ; [CPU_ALU] |360| 
    1548 0000000b 2B41          MOV       *-SP[1],#0            ; [CPU_FPU] |360| 
    1549 0000000c 9000          ANDB      AL,#0                 ; [CPU_ALU] |360| 
    1550 0000000d 9100          ANDB      AH,#0                 ; [CPU_ALU] |360| 
    1551 0000000e 18AB          AND       PL,#2047              ; [CPU_ALU] |360| 
         0000000f 07FF 
    1552 00000010 18AA          AND       PH,#0                 ; [CPU_ALU] |360| 
         00000011 0000 
    1553              $C$DW$114       .dwtag  DW_TAG_TI_branch
    1554                      .dwattr $C$DW$114, DW_AT_low_pc(0x00)
    1555                      .dwattr $C$DW$114, DW_AT_name("__c28xabi_cmpull")
    1556                      .dwattr $C$DW$114, DW_AT_TI_call
    1557              
    1558 00000012 7640!         LCR       #||__c28xabi_cmpull|| ; [CPU_ALU] |360| 
         00000013 0000 
    1559                      ; call occurs [#||__c28xabi_cmpull||] ; [] |360| 
    1560 00000014 BE00          MOVB      XAR6,#0               ; [CPU_ALU] |360| 
    1561 00000015 5200          CMPB      AL,#0                 ; [CPU_ALU] |360| 
    1562 00000016 610E          B         ||$C$L3||,EQ          ; [CPU_ALU] |360| 
    1563                      ; branchcc occurs ; [] |360| 
    1564 00000017 A0AB          MOVL      P,XAR5                ; [CPU_ALU] |360| 
    1565 00000018 A8A9          MOVL      ACC,XAR4              ; [CPU_ALU] |360| 
    1566 00000019 28AC          MOV       T,#48                 ; [CPU_ALU] |360| 
         0000001a 0030 
    1567 0000001b 565B          LSR64     ACC:P,T               ; [CPU_ALU] |360| 
    1568 0000001c 18AB          AND       PL,#0x7ff0            ; [CPU_ALU] |360| 
         0000001d 7FF0 
    1569 0000001e 80AB          MOVZ      AR7,PL                ; [CPU_ALU] |360| 
    1570 0000001f FF20          MOV       ACC,#32752            ; [CPU_ALU] |360| 
         00000020 7FF0 
    1571 00000021 0FA7          CMPL      ACC,XAR7              ; [CPU_ALU] |360| 
    1572 00000022 56B0          MOVB      XAR6,#1,NEQ           ; [CPU_ALU] |360| 
         00000023 01A6 
    1573 00000024       ||$C$L3||:    
TMS320C2000 Assembler PC v22.6.0 Mon Apr 21 09:03:26 2025

Copyright (c) 1996-2018 Texas Instruments Incorporated
app_anpc_main.asm                                                    PAGE   31

    1574 00000024 FE84          SUBB      SP,#4                 ; [CPU_ARAU] 
    1575                      .dwcfi  cfa_offset, -2
    1576 00000025 92A6          MOV       AL,AR6                ; [CPU_ALU] |360| 
    1577              $C$DW$115       .dwtag  DW_TAG_TI_branch
    1578                      .dwattr $C$DW$115, DW_AT_low_pc(0x00)
    1579                      .dwattr $C$DW$115, DW_AT_TI_return
    1580              
    1581 00000026 0006          LRETR     ; [CPU_ALU] 
    1582                      ; return occurs ; [] 
    1583                      .dwattr $C$DW$111, DW_AT_TI_end_file("C:/ti/ccs1210/ccs/tools/compiler/ti-cgt-c2000_22.6.0.LTS/includ
    1584                      .dwattr $C$DW$111, DW_AT_TI_end_line(0x169)
    1585                      .dwattr $C$DW$111, DW_AT_TI_end_column(0x31)
    1586                      .dwendentry
    1587                      .dwendtag $C$DW$111
    1588              
    1589 00000000               .sect   ".text:__isnormalf"
    1590                      .clink
    1591                      .global ||__isnormalf||
    1592              
    1593              $C$DW$116       .dwtag  DW_TAG_subprogram
    1594                      .dwattr $C$DW$116, DW_AT_name("__isnormalf")
    1595                      .dwattr $C$DW$116, DW_AT_low_pc(||__isnormalf||)
    1596                      .dwattr $C$DW$116, DW_AT_high_pc(0x00)
    1597                      .dwattr $C$DW$116, DW_AT_linkage_name("__isnormalf")
    1598                      .dwattr $C$DW$116, DW_AT_external
    1599                      .dwattr $C$DW$116, DW_AT_type(*$C$DW$T$10)
    1600                      .dwattr $C$DW$116, DW_AT_decl_file("C:/ti/ccs1210/ccs/tools/compiler/ti-cgt-c2000_22.6.0.LTS/include/
    1601                      .dwattr $C$DW$116, DW_AT_decl_line(0x163)
    1602                      .dwattr $C$DW$116, DW_AT_decl_column(0x18)
    1603                      .dwattr $C$DW$116, DW_AT_TI_max_frame_size(-2)
    1604                      .dwpsn  file "C:/ti/ccs1210/ccs/tools/compiler/ti-cgt-c2000_22.6.0.LTS/include/_defs.h",line 356,colu
    1605              
    1606                      .dwfde $C$DW$CIE, ||__isnormalf||
    1607              $C$DW$117       .dwtag  DW_TAG_formal_parameter
    1608                      .dwattr $C$DW$117, DW_AT_name("f")
    1609                      .dwattr $C$DW$117, DW_AT_type(*$C$DW$T$16)
    1610                      .dwattr $C$DW$117, DW_AT_location[DW_OP_regx 0x2b]
    1611              
    1612              
    1613              ;***************************************************************
    1614              ;* FNAME: __isnormalf                   FR SIZE:   0           *
    1615              ;*                                                             *
    1616              ;* FUNCTION ENVIRONMENT                                        *
    1617              ;*                                                             *
    1618              ;* FUNCTION PROPERTIES                                         *
    1619              ;*                            0 Parameter,  0 Auto,  0 SOE     *
    1620              ;***************************************************************
    1621              
    1622              ||__isnormalf||:
    1623              ;* PL    assigned to $O$K3
    1624              ;* AR6   assigned to $O$S1
    1625              ;* R0    assigned to f
    1626              $C$DW$118       .dwtag  DW_TAG_variable
    1627                      .dwattr $C$DW$118, DW_AT_name("f")
    1628                      .dwattr $C$DW$118, DW_AT_type(*$C$DW$T$40)
TMS320C2000 Assembler PC v22.6.0 Mon Apr 21 09:03:26 2025

Copyright (c) 1996-2018 Texas Instruments Incorporated
app_anpc_main.asm                                                    PAGE   32

    1629                      .dwattr $C$DW$118, DW_AT_location[DW_OP_regx 0x2b]
    1630              
    1631                      .dwcfi  cfa_offset, -2
    1632                      .dwcfi  save_reg_to_mem, 26, 0
    1633                      .dwpsn  file "C:/ti/ccs1210/ccs/tools/compiler/ti-cgt-c2000_22.6.0.LTS/include/_defs.h",line 356,colu
    1634 00000000 BFAB          MOV32     P,R0H                 ; [CPU_FPU] |356| 
         00000001 0F12 
    1635 00000002 28AC          MOV       T,#23                 ; [CPU_ALU] |356| 
         00000003 0017 
    1636 00000004 A9A9          MOVL      ACC,P                 ; [CPU_ALU] |356| 
    1637 00000005 BE00          MOVB      XAR6,#0               ; [CPU_ALU] |356| 
    1638 00000006 5622          LSRL      ACC,T                 ; [CPU_ALU] |356| 
    1639 00000007 90FF          ANDB      AL,#0xff              ; [CPU_ALU] |356| 
    1640 00000008 6109          B         ||$C$L4||,EQ          ; [CPU_ALU] |356| 
    1641                      ; branchcc occurs ; [] |356| 
    1642 00000009 CCAA          AND       AL,PH,#0x7f80         ; [CPU_ALU] |356| 
         0000000a 7F80 
    1643 0000000b 80A9          MOVZ      AR7,AL                ; [CPU_ALU] |356| 
    1644 0000000c FF20          MOV       ACC,#32640            ; [CPU_ALU] |356| 
         0000000d 7F80 
    1645 0000000e 0FA7          CMPL      ACC,XAR7              ; [CPU_ALU] |356| 
    1646 0000000f 56B0          MOVB      XAR6,#1,NEQ           ; [CPU_ALU] |356| 
         00000010 01A6 
    1647 00000011       ||$C$L4||:    
    1648 00000011 92A6          MOV       AL,AR6                ; [CPU_ALU] |356| 
    1649              $C$DW$119       .dwtag  DW_TAG_TI_branch
    1650                      .dwattr $C$DW$119, DW_AT_low_pc(0x00)
    1651                      .dwattr $C$DW$119, DW_AT_TI_return
    1652              
    1653 00000012 0006          LRETR     ; [CPU_ALU] 
    1654                      ; return occurs ; [] 
    1655                      .dwattr $C$DW$116, DW_AT_TI_end_file("C:/ti/ccs1210/ccs/tools/compiler/ti-cgt-c2000_22.6.0.LTS/includ
    1656                      .dwattr $C$DW$116, DW_AT_TI_end_line(0x165)
    1657                      .dwattr $C$DW$116, DW_AT_TI_end_column(0x2f)
    1658                      .dwendentry
    1659                      .dwendtag $C$DW$116
    1660              
    1661 00000000               .sect   ".text:__isnormal"
    1662                      .clink
    1663                      .global ||__isnormal||
    1664              
    1665              $C$DW$120       .dwtag  DW_TAG_subprogram
    1666                      .dwattr $C$DW$120, DW_AT_name("__isnormal")
    1667                      .dwattr $C$DW$120, DW_AT_low_pc(||__isnormal||)
    1668                      .dwattr $C$DW$120, DW_AT_high_pc(0x00)
    1669                      .dwattr $C$DW$120, DW_AT_linkage_name("__isnormal")
    1670                      .dwattr $C$DW$120, DW_AT_external
    1671                      .dwattr $C$DW$120, DW_AT_type(*$C$DW$T$10)
    1672                      .dwattr $C$DW$120, DW_AT_decl_file("C:/ti/ccs1210/ccs/tools/compiler/ti-cgt-c2000_22.6.0.LTS/include/
    1673                      .dwattr $C$DW$120, DW_AT_decl_line(0x15f)
    1674                      .dwattr $C$DW$120, DW_AT_decl_column(0x18)
    1675                      .dwattr $C$DW$120, DW_AT_TI_max_frame_size(-6)
    1676                      .dwpsn  file "C:/ti/ccs1210/ccs/tools/compiler/ti-cgt-c2000_22.6.0.LTS/include/_defs.h",line 352,colu
    1677              
    1678                      .dwfde $C$DW$CIE, ||__isnormal||
TMS320C2000 Assembler PC v22.6.0 Mon Apr 21 09:03:26 2025

Copyright (c) 1996-2018 Texas Instruments Incorporated
app_anpc_main.asm                                                    PAGE   33

    1679              $C$DW$121       .dwtag  DW_TAG_formal_parameter
    1680                      .dwattr $C$DW$121, DW_AT_name("d")
    1681                      .dwattr $C$DW$121, DW_AT_type(*$C$DW$T$41)
    1682                      .dwattr $C$DW$121, DW_AT_location[DW_OP_reg12]
    1683              
    1684              
    1685              ;***************************************************************
    1686              ;* FNAME: __isnormal                    FR SIZE:   4           *
    1687              ;*                                                             *
    1688              ;* FUNCTION ENVIRONMENT                                        *
    1689              ;*                                                             *
    1690              ;* FUNCTION PROPERTIES                                         *
    1691              ;*                            4 Parameter,  0 Auto,  0 SOE     *
    1692              ;***************************************************************
    1693              
    1694              ||__isnormal||:
    1695              ;* AR5   assigned to $O$C2
    1696              ;* AR6   assigned to $O$S1
    1697              ;* AR4   assigned to d
    1698              $C$DW$122       .dwtag  DW_TAG_variable
    1699                      .dwattr $C$DW$122, DW_AT_name("d")
    1700                      .dwattr $C$DW$122, DW_AT_type(*$C$DW$T$42)
    1701                      .dwattr $C$DW$122, DW_AT_location[DW_OP_reg12]
    1702              
    1703                      .dwcfi  cfa_offset, -2
    1704                      .dwcfi  save_reg_to_mem, 26, 0
    1705 00000000 FE04          ADDB      SP,#4                 ; [CPU_ARAU] 
    1706                      .dwcfi  cfa_offset, -6
    1707                      .dwpsn  file "C:/ti/ccs1210/ccs/tools/compiler/ti-cgt-c2000_22.6.0.LTS/include/_defs.h",line 352,colu
    1708 00000001 83C4          MOVL      XAR5,*+XAR4[0]        ; [CPU_ALU] |352| 
    1709 00000002 8AD4          MOVL      XAR4,*+XAR4[2]        ; [CPU_ALU] |352| 
    1710 00000003 BE00          MOVB      XAR6,#0               ; [CPU_ALU] |352| 
    1711 00000004 28AC          MOV       T,#52                 ; [CPU_ALU] |352| 
         00000005 0034 
    1712 00000006 A0AB          MOVL      P,XAR5                ; [CPU_ALU] |352| 
    1713 00000007 A8A9          MOVL      ACC,XAR4              ; [CPU_ALU] |352| 
    1714 00000008 C244          MOVL      *-SP[4],XAR6          ; [CPU_ALU] |352| 
    1715 00000009 2B42          MOV       *-SP[2],#0            ; [CPU_ALU] |352| 
    1716 0000000a 565B          LSR64     ACC:P,T               ; [CPU_ALU] |352| 
    1717 0000000b 2B41          MOV       *-SP[1],#0            ; [CPU_FPU] |352| 
    1718 0000000c 9000          ANDB      AL,#0                 ; [CPU_ALU] |352| 
    1719 0000000d 9100          ANDB      AH,#0                 ; [CPU_ALU] |352| 
    1720 0000000e 18AB          AND       PL,#2047              ; [CPU_ALU] |352| 
         0000000f 07FF 
    1721 00000010 18AA          AND       PH,#0                 ; [CPU_ALU] |352| 
         00000011 0000 
    1722              $C$DW$123       .dwtag  DW_TAG_TI_branch
    1723                      .dwattr $C$DW$123, DW_AT_low_pc(0x00)
    1724                      .dwattr $C$DW$123, DW_AT_name("__c28xabi_cmpull")
    1725                      .dwattr $C$DW$123, DW_AT_TI_call
    1726              
    1727 00000012 7640!         LCR       #||__c28xabi_cmpull|| ; [CPU_ALU] |352| 
         00000013 0000 
    1728                      ; call occurs [#||__c28xabi_cmpull||] ; [] |352| 
    1729 00000014 BE00          MOVB      XAR6,#0               ; [CPU_ALU] |352| 
TMS320C2000 Assembler PC v22.6.0 Mon Apr 21 09:03:26 2025

Copyright (c) 1996-2018 Texas Instruments Incorporated
app_anpc_main.asm                                                    PAGE   34

    1730 00000015 5200          CMPB      AL,#0                 ; [CPU_ALU] |352| 
    1731 00000016 610E          B         ||$C$L5||,EQ          ; [CPU_ALU] |352| 
    1732                      ; branchcc occurs ; [] |352| 
    1733 00000017 A0AB          MOVL      P,XAR5                ; [CPU_ALU] |352| 
    1734 00000018 A8A9          MOVL      ACC,XAR4              ; [CPU_ALU] |352| 
    1735 00000019 28AC          MOV       T,#48                 ; [CPU_ALU] |352| 
         0000001a 0030 
    1736 0000001b 565B          LSR64     ACC:P,T               ; [CPU_ALU] |352| 
    1737 0000001c 18AB          AND       PL,#0x7ff0            ; [CPU_ALU] |352| 
         0000001d 7FF0 
    1738 0000001e 80AB          MOVZ      AR7,PL                ; [CPU_ALU] |352| 
    1739 0000001f FF20          MOV       ACC,#32752            ; [CPU_ALU] |352| 
         00000020 7FF0 
    1740 00000021 0FA7          CMPL      ACC,XAR7              ; [CPU_ALU] |352| 
    1741 00000022 56B0          MOVB      XAR6,#1,NEQ           ; [CPU_ALU] |352| 
         00000023 01A6 
    1742 00000024       ||$C$L5||:    
    1743 00000024 FE84          SUBB      SP,#4                 ; [CPU_ARAU] 
    1744                      .dwcfi  cfa_offset, -2
    1745 00000025 92A6          MOV       AL,AR6                ; [CPU_ALU] |352| 
    1746              $C$DW$124       .dwtag  DW_TAG_TI_branch
    1747                      .dwattr $C$DW$124, DW_AT_low_pc(0x00)
    1748                      .dwattr $C$DW$124, DW_AT_TI_return
    1749              
    1750 00000026 0006          LRETR     ; [CPU_ALU] 
    1751                      ; return occurs ; [] 
    1752                      .dwattr $C$DW$120, DW_AT_TI_end_file("C:/ti/ccs1210/ccs/tools/compiler/ti-cgt-c2000_22.6.0.LTS/includ
    1753                      .dwattr $C$DW$120, DW_AT_TI_end_line(0x161)
    1754                      .dwattr $C$DW$120, DW_AT_TI_end_column(0x30)
    1755                      .dwendentry
    1756                      .dwendtag $C$DW$120
    1757              
    1758 00000000               .sect   ".text:__isnanl"
    1759                      .clink
    1760                      .global ||__isnanl||
    1761              
    1762              $C$DW$125       .dwtag  DW_TAG_subprogram
    1763                      .dwattr $C$DW$125, DW_AT_name("__isnanl")
    1764                      .dwattr $C$DW$125, DW_AT_low_pc(||__isnanl||)
    1765                      .dwattr $C$DW$125, DW_AT_high_pc(0x00)
    1766                      .dwattr $C$DW$125, DW_AT_linkage_name("__isnanl")
    1767                      .dwattr $C$DW$125, DW_AT_external
    1768                      .dwattr $C$DW$125, DW_AT_type(*$C$DW$T$10)
    1769                      .dwattr $C$DW$125, DW_AT_decl_file("C:/ti/ccs1210/ccs/tools/compiler/ti-cgt-c2000_22.6.0.LTS/include/
    1770                      .dwattr $C$DW$125, DW_AT_decl_line(0x15b)
    1771                      .dwattr $C$DW$125, DW_AT_decl_column(0x18)
    1772                      .dwattr $C$DW$125, DW_AT_TI_max_frame_size(-6)
    1773                      .dwpsn  file "C:/ti/ccs1210/ccs/tools/compiler/ti-cgt-c2000_22.6.0.LTS/include/_defs.h",line 348,colu
    1774              
    1775                      .dwfde $C$DW$CIE, ||__isnanl||
    1776              $C$DW$126       .dwtag  DW_TAG_formal_parameter
    1777                      .dwattr $C$DW$126, DW_AT_name("e")
    1778                      .dwattr $C$DW$126, DW_AT_type(*$C$DW$T$43)
    1779                      .dwattr $C$DW$126, DW_AT_location[DW_OP_reg12]
    1780              
TMS320C2000 Assembler PC v22.6.0 Mon Apr 21 09:03:26 2025

Copyright (c) 1996-2018 Texas Instruments Incorporated
app_anpc_main.asm                                                    PAGE   35

    1781              
    1782              ;***************************************************************
    1783              ;* FNAME: __isnanl                      FR SIZE:   4           *
    1784              ;*                                                             *
    1785              ;* FUNCTION ENVIRONMENT                                        *
    1786              ;*                                                             *
    1787              ;* FUNCTION PROPERTIES                                         *
    1788              ;*                            4 Parameter,  0 Auto,  0 SOE     *
    1789              ;***************************************************************
    1790              
    1791              ||__isnanl||:
    1792              ;* AR7   assigned to $O$C2
    1793              ;* AR4   assigned to $O$S1
    1794              ;* AR4   assigned to e
    1795              $C$DW$127       .dwtag  DW_TAG_variable
    1796                      .dwattr $C$DW$127, DW_AT_name("e")
    1797                      .dwattr $C$DW$127, DW_AT_type(*$C$DW$T$44)
    1798                      .dwattr $C$DW$127, DW_AT_location[DW_OP_reg12]
    1799              
    1800                      .dwcfi  cfa_offset, -2
    1801                      .dwcfi  save_reg_to_mem, 26, 0
    1802 00000000 FE04          ADDB      SP,#4                 ; [CPU_ARAU] 
    1803                      .dwcfi  cfa_offset, -6
    1804                      .dwpsn  file "C:/ti/ccs1210/ccs/tools/compiler/ti-cgt-c2000_22.6.0.LTS/include/_defs.h",line 348,colu
    1805 00000001 C5C4          MOVL      XAR7,*+XAR4[0]        ; [CPU_ALU] |348| 
    1806 00000002 06D4          MOVL      ACC,*+XAR4[2]         ; [CPU_ALU] |348| 
    1807 00000003 28AC          MOV       T,#48                 ; [CPU_ALU] |348| 
         00000004 0030 
    1808 00000005 1EA6          MOVL      XAR6,ACC              ; [CPU_ALU] |348| 
    1809 00000006 A3A7          MOVL      P,XAR7                ; [CPU_ALU] |348| 
    1810 00000007 D400          MOVB      XAR4,#0               ; [CPU_ALU] |348| 
    1811 00000008 565B          LSR64     ACC:P,T               ; [CPU_ALU] |348| 
    1812 00000009 2BAA          MOV       PH,#0                 ; [CPU_ALU] |348| 
    1813 0000000a 18AB          AND       PL,#0x7ff0            ; [CPU_ALU] |348| 
         0000000b 7FF0 
    1814 0000000c FF20          MOV       ACC,#32752            ; [CPU_ALU] |348| 
         0000000d 7FF0 
    1815 0000000e 0FAB          CMPL      ACC,P                 ; [CPU_ALU] |348| 
    1816 0000000f 6013          B         ||$C$L6||,NEQ         ; [CPU_ALU] |348| 
    1817                      ; branchcc occurs ; [] |348| 
    1818 00000010 06A6          MOVL      ACC,XAR6              ; [CPU_ALU] |348| 
    1819 00000011 A3A7          MOVL      P,XAR7                ; [CPU_ALU] |348| 
    1820 00000012 BE00          MOVB      XAR6,#0               ; [CPU_ALU] |348| 
    1821 00000013 18A9          AND       AL,#65535             ; [CPU_ALU] |348| 
         00000014 FFFF 
    1822 00000015 910F          ANDB      AH,#15                ; [CPU_ALU] |348| 
    1823 00000016 18AB          AND       PL,#65535             ; [CPU_ALU] |348| 
         00000017 FFFF 
    1824 00000018 18AA          AND       PH,#65535             ; [CPU_ALU] |348| 
         00000019 FFFF 
    1825 0000001a C244          MOVL      *-SP[4],XAR6          ; [CPU_FPU] |348| 
    1826 0000001b 2B42          MOV       *-SP[2],#0            ; [CPU_FPU] |348| 
    1827 0000001c 2B41          MOV       *-SP[1],#0            ; [CPU_FPU] |348| 
    1828              $C$DW$128       .dwtag  DW_TAG_TI_branch
    1829                      .dwattr $C$DW$128, DW_AT_low_pc(0x00)
TMS320C2000 Assembler PC v22.6.0 Mon Apr 21 09:03:26 2025

Copyright (c) 1996-2018 Texas Instruments Incorporated
app_anpc_main.asm                                                    PAGE   36

    1830                      .dwattr $C$DW$128, DW_AT_name("__c28xabi_cmpull")
    1831                      .dwattr $C$DW$128, DW_AT_TI_call
    1832              
    1833 0000001d 7640!         LCR       #||__c28xabi_cmpull|| ; [CPU_ALU] |348| 
         0000001e 0000 
    1834                      ; call occurs [#||__c28xabi_cmpull||] ; [] |348| 
    1835 0000001f 5200          CMPB      AL,#0                 ; [CPU_ALU] |348| 
    1836 00000020 56B0          MOVB      XAR4,#1,NEQ           ; [CPU_ALU] |348| 
         00000021 01A4 
    1837 00000022       ||$C$L6||:    
    1838 00000022 FE84          SUBB      SP,#4                 ; [CPU_ARAU] 
    1839                      .dwcfi  cfa_offset, -2
    1840 00000023 92A4          MOV       AL,AR4                ; [CPU_ALU] |348| 
    1841              $C$DW$129       .dwtag  DW_TAG_TI_branch
    1842                      .dwattr $C$DW$129, DW_AT_low_pc(0x00)
    1843                      .dwattr $C$DW$129, DW_AT_TI_return
    1844              
    1845 00000024 0006          LRETR     ; [CPU_ALU] 
    1846                      ; return occurs ; [] 
    1847                      .dwattr $C$DW$125, DW_AT_TI_end_file("C:/ti/ccs1210/ccs/tools/compiler/ti-cgt-c2000_22.6.0.LTS/includ
    1848                      .dwattr $C$DW$125, DW_AT_TI_end_line(0x15d)
    1849                      .dwattr $C$DW$125, DW_AT_TI_end_column(0x30)
    1850                      .dwendentry
    1851                      .dwendtag $C$DW$125
    1852              
    1853 00000000               .sect   ".text:__isnanf"
    1854                      .clink
    1855                      .global ||__isnanf||
    1856              
    1857              $C$DW$130       .dwtag  DW_TAG_subprogram
    1858                      .dwattr $C$DW$130, DW_AT_name("__isnanf")
    1859                      .dwattr $C$DW$130, DW_AT_low_pc(||__isnanf||)
    1860                      .dwattr $C$DW$130, DW_AT_high_pc(0x00)
    1861                      .dwattr $C$DW$130, DW_AT_linkage_name("__isnanf")
    1862                      .dwattr $C$DW$130, DW_AT_external
    1863                      .dwattr $C$DW$130, DW_AT_type(*$C$DW$T$10)
    1864                      .dwattr $C$DW$130, DW_AT_decl_file("C:/ti/ccs1210/ccs/tools/compiler/ti-cgt-c2000_22.6.0.LTS/include/
    1865                      .dwattr $C$DW$130, DW_AT_decl_line(0x158)
    1866                      .dwattr $C$DW$130, DW_AT_decl_column(0x18)
    1867                      .dwattr $C$DW$130, DW_AT_TI_max_frame_size(-2)
    1868                      .dwpsn  file "C:/ti/ccs1210/ccs/tools/compiler/ti-cgt-c2000_22.6.0.LTS/include/_defs.h",line 345,colu
    1869              
    1870                      .dwfde $C$DW$CIE, ||__isnanf||
    1871              $C$DW$131       .dwtag  DW_TAG_formal_parameter
    1872                      .dwattr $C$DW$131, DW_AT_name("f")
    1873                      .dwattr $C$DW$131, DW_AT_type(*$C$DW$T$16)
    1874                      .dwattr $C$DW$131, DW_AT_location[DW_OP_regx 0x2b]
    1875              
    1876              
    1877              ;***************************************************************
    1878              ;* FNAME: __isnanf                      FR SIZE:   0           *
    1879              ;*                                                             *
    1880              ;* FUNCTION ENVIRONMENT                                        *
    1881              ;*                                                             *
    1882              ;* FUNCTION PROPERTIES                                         *
TMS320C2000 Assembler PC v22.6.0 Mon Apr 21 09:03:26 2025

Copyright (c) 1996-2018 Texas Instruments Incorporated
app_anpc_main.asm                                                    PAGE   37

    1883              ;*                            0 Parameter,  0 Auto,  0 SOE     *
    1884              ;***************************************************************
    1885              
    1886              ||__isnanf||:
    1887              ;* PL    assigned to $O$K3
    1888              ;* AR6   assigned to $O$S1
    1889              ;* R0    assigned to f
    1890              $C$DW$132       .dwtag  DW_TAG_variable
    1891                      .dwattr $C$DW$132, DW_AT_name("f")
    1892                      .dwattr $C$DW$132, DW_AT_type(*$C$DW$T$40)
    1893                      .dwattr $C$DW$132, DW_AT_location[DW_OP_regx 0x2b]
    1894              
    1895                      .dwcfi  cfa_offset, -2
    1896                      .dwcfi  save_reg_to_mem, 26, 0
    1897                      .dwpsn  file "C:/ti/ccs1210/ccs/tools/compiler/ti-cgt-c2000_22.6.0.LTS/include/_defs.h",line 345,colu
    1898 00000000 BFAB          MOV32     P,R0H                 ; [CPU_FPU] |345| 
         00000001 0F12 
    1899 00000002 CCAA          AND       AL,PH,#0x7f80         ; [CPU_ALU] |345| 
         00000003 7F80 
    1900 00000004 80A9          MOVZ      AR7,AL                ; [CPU_ALU] |345| 
    1901 00000005 BE00          MOVB      XAR6,#0               ; [CPU_ALU] |345| 
    1902 00000006 FF20          MOV       ACC,#32640            ; [CPU_ALU] |345| 
         00000007 7F80 
    1903 00000008 0FA7          CMPL      ACC,XAR7              ; [CPU_ALU] |345| 
    1904 00000009 6006          B         ||$C$L7||,NEQ         ; [CPU_ALU] |345| 
    1905                      ; branchcc occurs ; [] |345| 
    1906 0000000a A9A9          MOVL      ACC,P                 ; [CPU_ALU] |345| 
    1907 0000000b 917F          ANDB      AH,#127               ; [CPU_ALU] |345| 
    1908 0000000c FF58          TEST      ACC                   ; [CPU_ALU] |345| 
    1909 0000000d 56B0          MOVB      XAR6,#1,NEQ           ; [CPU_ALU] |345| 
         0000000e 01A6 
    1910 0000000f       ||$C$L7||:    
    1911 0000000f 92A6          MOV       AL,AR6                ; [CPU_ALU] |345| 
    1912              $C$DW$133       .dwtag  DW_TAG_TI_branch
    1913                      .dwattr $C$DW$133, DW_AT_low_pc(0x00)
    1914                      .dwattr $C$DW$133, DW_AT_TI_return
    1915              
    1916 00000010 0006          LRETR     ; [CPU_ALU] 
    1917                      ; return occurs ; [] 
    1918                      .dwattr $C$DW$130, DW_AT_TI_end_file("C:/ti/ccs1210/ccs/tools/compiler/ti-cgt-c2000_22.6.0.LTS/includ
    1919                      .dwattr $C$DW$130, DW_AT_TI_end_line(0x15a)
    1920                      .dwattr $C$DW$130, DW_AT_TI_end_column(0x2e)
    1921                      .dwendentry
    1922                      .dwendtag $C$DW$130
    1923              
    1924 00000000               .sect   ".text:__isnan"
    1925                      .clink
    1926                      .global ||__isnan||
    1927              
    1928              $C$DW$134       .dwtag  DW_TAG_subprogram
    1929                      .dwattr $C$DW$134, DW_AT_name("__isnan")
    1930                      .dwattr $C$DW$134, DW_AT_low_pc(||__isnan||)
    1931                      .dwattr $C$DW$134, DW_AT_high_pc(0x00)
    1932                      .dwattr $C$DW$134, DW_AT_linkage_name("__isnan")
    1933                      .dwattr $C$DW$134, DW_AT_external
TMS320C2000 Assembler PC v22.6.0 Mon Apr 21 09:03:26 2025

Copyright (c) 1996-2018 Texas Instruments Incorporated
app_anpc_main.asm                                                    PAGE   38

    1934                      .dwattr $C$DW$134, DW_AT_type(*$C$DW$T$10)
    1935                      .dwattr $C$DW$134, DW_AT_decl_file("C:/ti/ccs1210/ccs/tools/compiler/ti-cgt-c2000_22.6.0.LTS/include/
    1936                      .dwattr $C$DW$134, DW_AT_decl_line(0x155)
    1937                      .dwattr $C$DW$134, DW_AT_decl_column(0x18)
    1938                      .dwattr $C$DW$134, DW_AT_TI_max_frame_size(-6)
    1939                      .dwpsn  file "C:/ti/ccs1210/ccs/tools/compiler/ti-cgt-c2000_22.6.0.LTS/include/_defs.h",line 342,colu
    1940              
    1941                      .dwfde $C$DW$CIE, ||__isnan||
    1942              $C$DW$135       .dwtag  DW_TAG_formal_parameter
    1943                      .dwattr $C$DW$135, DW_AT_name("d")
    1944                      .dwattr $C$DW$135, DW_AT_type(*$C$DW$T$41)
    1945                      .dwattr $C$DW$135, DW_AT_location[DW_OP_reg12]
    1946              
    1947              
    1948              ;***************************************************************
    1949              ;* FNAME: __isnan                       FR SIZE:   4           *
    1950              ;*                                                             *
    1951              ;* FUNCTION ENVIRONMENT                                        *
    1952              ;*                                                             *
    1953              ;* FUNCTION PROPERTIES                                         *
    1954              ;*                            4 Parameter,  0 Auto,  0 SOE     *
    1955              ;***************************************************************
    1956              
    1957              ||__isnan||:
    1958              ;* AR7   assigned to $O$C2
    1959              ;* AR4   assigned to $O$S1
    1960              ;* AR4   assigned to d
    1961              $C$DW$136       .dwtag  DW_TAG_variable
    1962                      .dwattr $C$DW$136, DW_AT_name("d")
    1963                      .dwattr $C$DW$136, DW_AT_type(*$C$DW$T$42)
    1964                      .dwattr $C$DW$136, DW_AT_location[DW_OP_reg12]
    1965              
    1966                      .dwcfi  cfa_offset, -2
    1967                      .dwcfi  save_reg_to_mem, 26, 0
    1968 00000000 FE04          ADDB      SP,#4                 ; [CPU_ARAU] 
    1969                      .dwcfi  cfa_offset, -6
    1970                      .dwpsn  file "C:/ti/ccs1210/ccs/tools/compiler/ti-cgt-c2000_22.6.0.LTS/include/_defs.h",line 342,colu
    1971 00000001 C5C4          MOVL      XAR7,*+XAR4[0]        ; [CPU_ALU] |342| 
    1972 00000002 06D4          MOVL      ACC,*+XAR4[2]         ; [CPU_ALU] |342| 
    1973 00000003 28AC          MOV       T,#48                 ; [CPU_ALU] |342| 
         00000004 0030 
    1974 00000005 1EA6          MOVL      XAR6,ACC              ; [CPU_ALU] |342| 
    1975 00000006 A3A7          MOVL      P,XAR7                ; [CPU_ALU] |342| 
    1976 00000007 D400          MOVB      XAR4,#0               ; [CPU_ALU] |342| 
    1977 00000008 565B          LSR64     ACC:P,T               ; [CPU_ALU] |342| 
    1978 00000009 2BAA          MOV       PH,#0                 ; [CPU_ALU] |342| 
    1979 0000000a 18AB          AND       PL,#0x7ff0            ; [CPU_ALU] |342| 
         0000000b 7FF0 
    1980 0000000c FF20          MOV       ACC,#32752            ; [CPU_ALU] |342| 
         0000000d 7FF0 
    1981 0000000e 0FAB          CMPL      ACC,P                 ; [CPU_ALU] |342| 
    1982 0000000f 6013          B         ||$C$L8||,NEQ         ; [CPU_ALU] |342| 
    1983                      ; branchcc occurs ; [] |342| 
    1984 00000010 06A6          MOVL      ACC,XAR6              ; [CPU_ALU] |342| 
    1985 00000011 A3A7          MOVL      P,XAR7                ; [CPU_ALU] |342| 
TMS320C2000 Assembler PC v22.6.0 Mon Apr 21 09:03:26 2025

Copyright (c) 1996-2018 Texas Instruments Incorporated
app_anpc_main.asm                                                    PAGE   39

    1986 00000012 BE00          MOVB      XAR6,#0               ; [CPU_ALU] |342| 
    1987 00000013 18A9          AND       AL,#65535             ; [CPU_ALU] |342| 
         00000014 FFFF 
    1988 00000015 910F          ANDB      AH,#15                ; [CPU_ALU] |342| 
    1989 00000016 18AB          AND       PL,#65535             ; [CPU_ALU] |342| 
         00000017 FFFF 
    1990 00000018 18AA          AND       PH,#65535             ; [CPU_ALU] |342| 
         00000019 FFFF 
    1991 0000001a C244          MOVL      *-SP[4],XAR6          ; [CPU_FPU] |342| 
    1992 0000001b 2B42          MOV       *-SP[2],#0            ; [CPU_FPU] |342| 
    1993 0000001c 2B41          MOV       *-SP[1],#0            ; [CPU_FPU] |342| 
    1994              $C$DW$137       .dwtag  DW_TAG_TI_branch
    1995                      .dwattr $C$DW$137, DW_AT_low_pc(0x00)
    1996                      .dwattr $C$DW$137, DW_AT_name("__c28xabi_cmpull")
    1997                      .dwattr $C$DW$137, DW_AT_TI_call
    1998              
    1999 0000001d 7640!         LCR       #||__c28xabi_cmpull|| ; [CPU_ALU] |342| 
         0000001e 0000 
    2000                      ; call occurs [#||__c28xabi_cmpull||] ; [] |342| 
    2001 0000001f 5200          CMPB      AL,#0                 ; [CPU_ALU] |342| 
    2002 00000020 56B0          MOVB      XAR4,#1,NEQ           ; [CPU_ALU] |342| 
         00000021 01A4 
    2003 00000022       ||$C$L8||:    
    2004 00000022 FE84          SUBB      SP,#4                 ; [CPU_ARAU] 
    2005                      .dwcfi  cfa_offset, -2
    2006 00000023 92A4          MOV       AL,AR4                ; [CPU_ALU] |342| 
    2007              $C$DW$138       .dwtag  DW_TAG_TI_branch
    2008                      .dwattr $C$DW$138, DW_AT_low_pc(0x00)
    2009                      .dwattr $C$DW$138, DW_AT_TI_return
    2010              
    2011 00000024 0006          LRETR     ; [CPU_ALU] 
    2012                      ; return occurs ; [] 
    2013                      .dwattr $C$DW$134, DW_AT_TI_end_file("C:/ti/ccs1210/ccs/tools/compiler/ti-cgt-c2000_22.6.0.LTS/includ
    2014                      .dwattr $C$DW$134, DW_AT_TI_end_line(0x157)
    2015                      .dwattr $C$DW$134, DW_AT_TI_end_column(0x2f)
    2016                      .dwendentry
    2017                      .dwendtag $C$DW$134
    2018              
    2019 00000000               .sect   ".text:__isinfl"
    2020                      .clink
    2021                      .global ||__isinfl||
    2022              
    2023              $C$DW$139       .dwtag  DW_TAG_subprogram
    2024                      .dwattr $C$DW$139, DW_AT_name("__isinfl")
    2025                      .dwattr $C$DW$139, DW_AT_low_pc(||__isinfl||)
    2026                      .dwattr $C$DW$139, DW_AT_high_pc(0x00)
    2027                      .dwattr $C$DW$139, DW_AT_linkage_name("__isinfl")
    2028                      .dwattr $C$DW$139, DW_AT_external
    2029                      .dwattr $C$DW$139, DW_AT_type(*$C$DW$T$10)
    2030                      .dwattr $C$DW$139, DW_AT_decl_file("C:/ti/ccs1210/ccs/tools/compiler/ti-cgt-c2000_22.6.0.LTS/include/
    2031                      .dwattr $C$DW$139, DW_AT_decl_line(0x17a)
    2032                      .dwattr $C$DW$139, DW_AT_decl_column(0x18)
    2033                      .dwattr $C$DW$139, DW_AT_TI_max_frame_size(-6)
    2034                      .dwpsn  file "C:/ti/ccs1210/ccs/tools/compiler/ti-cgt-c2000_22.6.0.LTS/include/_defs.h",line 379,colu
    2035              
TMS320C2000 Assembler PC v22.6.0 Mon Apr 21 09:03:26 2025

Copyright (c) 1996-2018 Texas Instruments Incorporated
app_anpc_main.asm                                                    PAGE   40

    2036                      .dwfde $C$DW$CIE, ||__isinfl||
    2037              $C$DW$140       .dwtag  DW_TAG_formal_parameter
    2038                      .dwattr $C$DW$140, DW_AT_name("e")
    2039                      .dwattr $C$DW$140, DW_AT_type(*$C$DW$T$43)
    2040                      .dwattr $C$DW$140, DW_AT_location[DW_OP_reg12]
    2041              
    2042              
    2043              ;***************************************************************
    2044              ;* FNAME: __isinfl                      FR SIZE:   4           *
    2045              ;*                                                             *
    2046              ;* FUNCTION ENVIRONMENT                                        *
    2047              ;*                                                             *
    2048              ;* FUNCTION PROPERTIES                                         *
    2049              ;*                            4 Parameter,  0 Auto,  0 SOE     *
    2050              ;***************************************************************
    2051              
    2052              ||__isinfl||:
    2053              ;* AR7   assigned to $O$C2
    2054              ;* AR4   assigned to $O$S1
    2055              ;* AR4   assigned to e
    2056              $C$DW$141       .dwtag  DW_TAG_variable
    2057                      .dwattr $C$DW$141, DW_AT_name("e")
    2058                      .dwattr $C$DW$141, DW_AT_type(*$C$DW$T$44)
    2059                      .dwattr $C$DW$141, DW_AT_location[DW_OP_reg12]
    2060              
    2061                      .dwcfi  cfa_offset, -2
    2062                      .dwcfi  save_reg_to_mem, 26, 0
    2063 00000000 FE04          ADDB      SP,#4                 ; [CPU_ARAU] 
    2064                      .dwcfi  cfa_offset, -6
    2065                      .dwpsn  file "C:/ti/ccs1210/ccs/tools/compiler/ti-cgt-c2000_22.6.0.LTS/include/_defs.h",line 379,colu
    2066 00000001 C5C4          MOVL      XAR7,*+XAR4[0]        ; [CPU_ALU] |379| 
    2067 00000002 06D4          MOVL      ACC,*+XAR4[2]         ; [CPU_ALU] |379| 
    2068 00000003 28AC          MOV       T,#48                 ; [CPU_ALU] |379| 
         00000004 0030 
    2069 00000005 1EA6          MOVL      XAR6,ACC              ; [CPU_ALU] |379| 
    2070 00000006 A3A7          MOVL      P,XAR7                ; [CPU_ALU] |379| 
    2071 00000007 D400          MOVB      XAR4,#0               ; [CPU_ALU] |379| 
    2072 00000008 565B          LSR64     ACC:P,T               ; [CPU_ALU] |379| 
    2073 00000009 2BAA          MOV       PH,#0                 ; [CPU_ALU] |379| 
    2074 0000000a 18AB          AND       PL,#0x7ff0            ; [CPU_ALU] |379| 
         0000000b 7FF0 
    2075 0000000c FF20          MOV       ACC,#32752            ; [CPU_ALU] |379| 
         0000000d 7FF0 
    2076 0000000e 0FAB          CMPL      ACC,P                 ; [CPU_ALU] |379| 
    2077 0000000f 6013          B         ||$C$L9||,NEQ         ; [CPU_ALU] |379| 
    2078                      ; branchcc occurs ; [] |379| 
    2079 00000010 06A6          MOVL      ACC,XAR6              ; [CPU_ALU] |379| 
    2080 00000011 A3A7          MOVL      P,XAR7                ; [CPU_ALU] |379| 
    2081 00000012 BE00          MOVB      XAR6,#0               ; [CPU_ALU] |379| 
    2082 00000013 18A9          AND       AL,#65535             ; [CPU_ALU] |379| 
         00000014 FFFF 
    2083 00000015 910F          ANDB      AH,#15                ; [CPU_ALU] |379| 
    2084 00000016 18AB          AND       PL,#65535             ; [CPU_ALU] |379| 
         00000017 FFFF 
    2085 00000018 18AA          AND       PH,#65535             ; [CPU_ALU] |379| 
TMS320C2000 Assembler PC v22.6.0 Mon Apr 21 09:03:26 2025

Copyright (c) 1996-2018 Texas Instruments Incorporated
app_anpc_main.asm                                                    PAGE   41

         00000019 FFFF 
    2086 0000001a C244          MOVL      *-SP[4],XAR6          ; [CPU_FPU] |379| 
    2087 0000001b 2B42          MOV       *-SP[2],#0            ; [CPU_FPU] |379| 
    2088 0000001c 2B41          MOV       *-SP[1],#0            ; [CPU_FPU] |379| 
    2089              $C$DW$142       .dwtag  DW_TAG_TI_branch
    2090                      .dwattr $C$DW$142, DW_AT_low_pc(0x00)
    2091                      .dwattr $C$DW$142, DW_AT_name("__c28xabi_cmpull")
    2092                      .dwattr $C$DW$142, DW_AT_TI_call
    2093              
    2094 0000001d 7640!         LCR       #||__c28xabi_cmpull|| ; [CPU_ALU] |379| 
         0000001e 0000 
    2095                      ; call occurs [#||__c28xabi_cmpull||] ; [] |379| 
    2096 0000001f 5200          CMPB      AL,#0                 ; [CPU_ALU] |379| 
    2097 00000020 56B1          MOVB      XAR4,#1,EQ            ; [CPU_ALU] |379| 
         00000021 01A4 
    2098 00000022       ||$C$L9||:    
    2099 00000022 FE84          SUBB      SP,#4                 ; [CPU_ARAU] 
    2100                      .dwcfi  cfa_offset, -2
    2101 00000023 92A4          MOV       AL,AR4                ; [CPU_ALU] |379| 
    2102              $C$DW$143       .dwtag  DW_TAG_TI_branch
    2103                      .dwattr $C$DW$143, DW_AT_low_pc(0x00)
    2104                      .dwattr $C$DW$143, DW_AT_TI_return
    2105              
    2106 00000024 0006          LRETR     ; [CPU_ALU] 
    2107                      ; return occurs ; [] 
    2108                      .dwattr $C$DW$139, DW_AT_TI_end_file("C:/ti/ccs1210/ccs/tools/compiler/ti-cgt-c2000_22.6.0.LTS/includ
    2109                      .dwattr $C$DW$139, DW_AT_TI_end_line(0x17b)
    2110                      .dwattr $C$DW$139, DW_AT_TI_end_column(0x4c)
    2111                      .dwendentry
    2112                      .dwendtag $C$DW$139
    2113              
    2114 00000000               .sect   ".text:__isinff"
    2115                      .clink
    2116                      .global ||__isinff||
    2117              
    2118              $C$DW$144       .dwtag  DW_TAG_subprogram
    2119                      .dwattr $C$DW$144, DW_AT_name("__isinff")
    2120                      .dwattr $C$DW$144, DW_AT_low_pc(||__isinff||)
    2121                      .dwattr $C$DW$144, DW_AT_high_pc(0x00)
    2122                      .dwattr $C$DW$144, DW_AT_linkage_name("__isinff")
    2123                      .dwattr $C$DW$144, DW_AT_external
    2124                      .dwattr $C$DW$144, DW_AT_type(*$C$DW$T$10)
    2125                      .dwattr $C$DW$144, DW_AT_decl_file("C:/ti/ccs1210/ccs/tools/compiler/ti-cgt-c2000_22.6.0.LTS/include/
    2126                      .dwattr $C$DW$144, DW_AT_decl_line(0x176)
    2127                      .dwattr $C$DW$144, DW_AT_decl_column(0x18)
    2128                      .dwattr $C$DW$144, DW_AT_TI_max_frame_size(-2)
    2129                      .dwpsn  file "C:/ti/ccs1210/ccs/tools/compiler/ti-cgt-c2000_22.6.0.LTS/include/_defs.h",line 375,colu
    2130              
    2131                      .dwfde $C$DW$CIE, ||__isinff||
    2132              $C$DW$145       .dwtag  DW_TAG_formal_parameter
    2133                      .dwattr $C$DW$145, DW_AT_name("f")
    2134                      .dwattr $C$DW$145, DW_AT_type(*$C$DW$T$16)
    2135                      .dwattr $C$DW$145, DW_AT_location[DW_OP_regx 0x2b]
    2136              
    2137              
TMS320C2000 Assembler PC v22.6.0 Mon Apr 21 09:03:26 2025

Copyright (c) 1996-2018 Texas Instruments Incorporated
app_anpc_main.asm                                                    PAGE   42

    2138              ;***************************************************************
    2139              ;* FNAME: __isinff                      FR SIZE:   0           *
    2140              ;*                                                             *
    2141              ;* FUNCTION ENVIRONMENT                                        *
    2142              ;*                                                             *
    2143              ;* FUNCTION PROPERTIES                                         *
    2144              ;*                            0 Parameter,  0 Auto,  0 SOE     *
    2145              ;***************************************************************
    2146              
    2147              ||__isinff||:
    2148              ;* PL    assigned to $O$K3
    2149              ;* AR6   assigned to $O$S1
    2150              ;* R0    assigned to f
    2151              $C$DW$146       .dwtag  DW_TAG_variable
    2152                      .dwattr $C$DW$146, DW_AT_name("f")
    2153                      .dwattr $C$DW$146, DW_AT_type(*$C$DW$T$40)
    2154                      .dwattr $C$DW$146, DW_AT_location[DW_OP_regx 0x2b]
    2155              
    2156                      .dwcfi  cfa_offset, -2
    2157                      .dwcfi  save_reg_to_mem, 26, 0
    2158                      .dwpsn  file "C:/ti/ccs1210/ccs/tools/compiler/ti-cgt-c2000_22.6.0.LTS/include/_defs.h",line 375,colu
    2159 00000000 BFAB          MOV32     P,R0H                 ; [CPU_FPU] |375| 
         00000001 0F12 
    2160 00000002 CCAA          AND       AL,PH,#0x7f80         ; [CPU_ALU] |375| 
         00000003 7F80 
    2161 00000004 80A9          MOVZ      AR7,AL                ; [CPU_ALU] |375| 
    2162 00000005 BE00          MOVB      XAR6,#0               ; [CPU_ALU] |375| 
    2163 00000006 FF20          MOV       ACC,#32640            ; [CPU_ALU] |375| 
         00000007 7F80 
    2164 00000008 0FA7          CMPL      ACC,XAR7              ; [CPU_ALU] |375| 
    2165 00000009 6006          B         ||$C$L10||,NEQ        ; [CPU_ALU] |375| 
    2166                      ; branchcc occurs ; [] |375| 
    2167 0000000a A9A9          MOVL      ACC,P                 ; [CPU_ALU] |375| 
    2168 0000000b 917F          ANDB      AH,#127               ; [CPU_ALU] |375| 
    2169 0000000c FF58          TEST      ACC                   ; [CPU_ALU] |375| 
    2170 0000000d 56B1          MOVB      XAR6,#1,EQ            ; [CPU_ALU] |375| 
         0000000e 01A6 
    2171 0000000f       ||$C$L10||:    
    2172 0000000f 92A6          MOV       AL,AR6                ; [CPU_ALU] |375| 
    2173              $C$DW$147       .dwtag  DW_TAG_TI_branch
    2174                      .dwattr $C$DW$147, DW_AT_low_pc(0x00)
    2175                      .dwattr $C$DW$147, DW_AT_TI_return
    2176              
    2177 00000010 0006          LRETR     ; [CPU_ALU] 
    2178                      ; return occurs ; [] 
    2179                      .dwattr $C$DW$144, DW_AT_TI_end_file("C:/ti/ccs1210/ccs/tools/compiler/ti-cgt-c2000_22.6.0.LTS/includ
    2180                      .dwattr $C$DW$144, DW_AT_TI_end_line(0x177)
    2181                      .dwattr $C$DW$144, DW_AT_TI_end_column(0x48)
    2182                      .dwendentry
    2183                      .dwendtag $C$DW$144
    2184              
    2185 00000000               .sect   ".text:__isinf"
    2186                      .clink
    2187                      .global ||__isinf||
    2188              
TMS320C2000 Assembler PC v22.6.0 Mon Apr 21 09:03:26 2025

Copyright (c) 1996-2018 Texas Instruments Incorporated
app_anpc_main.asm                                                    PAGE   43

    2189              $C$DW$148       .dwtag  DW_TAG_subprogram
    2190                      .dwattr $C$DW$148, DW_AT_name("__isinf")
    2191                      .dwattr $C$DW$148, DW_AT_low_pc(||__isinf||)
    2192                      .dwattr $C$DW$148, DW_AT_high_pc(0x00)
    2193                      .dwattr $C$DW$148, DW_AT_linkage_name("__isinf")
    2194                      .dwattr $C$DW$148, DW_AT_external
    2195                      .dwattr $C$DW$148, DW_AT_type(*$C$DW$T$10)
    2196                      .dwattr $C$DW$148, DW_AT_decl_file("C:/ti/ccs1210/ccs/tools/compiler/ti-cgt-c2000_22.6.0.LTS/include/
    2197                      .dwattr $C$DW$148, DW_AT_decl_line(0x178)
    2198                      .dwattr $C$DW$148, DW_AT_decl_column(0x18)
    2199                      .dwattr $C$DW$148, DW_AT_TI_max_frame_size(-6)
    2200                      .dwpsn  file "C:/ti/ccs1210/ccs/tools/compiler/ti-cgt-c2000_22.6.0.LTS/include/_defs.h",line 377,colu
    2201              
    2202                      .dwfde $C$DW$CIE, ||__isinf||
    2203              $C$DW$149       .dwtag  DW_TAG_formal_parameter
    2204                      .dwattr $C$DW$149, DW_AT_name("d")
    2205                      .dwattr $C$DW$149, DW_AT_type(*$C$DW$T$41)
    2206                      .dwattr $C$DW$149, DW_AT_location[DW_OP_reg12]
    2207              
    2208              
    2209              ;***************************************************************
    2210              ;* FNAME: __isinf                       FR SIZE:   4           *
    2211              ;*                                                             *
    2212              ;* FUNCTION ENVIRONMENT                                        *
    2213              ;*                                                             *
    2214              ;* FUNCTION PROPERTIES                                         *
    2215              ;*                            4 Parameter,  0 Auto,  0 SOE     *
    2216              ;***************************************************************
    2217              
    2218              ||__isinf||:
    2219              ;* AR7   assigned to $O$C2
    2220              ;* AR4   assigned to $O$S1
    2221              ;* AR4   assigned to d
    2222              $C$DW$150       .dwtag  DW_TAG_variable
    2223                      .dwattr $C$DW$150, DW_AT_name("d")
    2224                      .dwattr $C$DW$150, DW_AT_type(*$C$DW$T$42)
    2225                      .dwattr $C$DW$150, DW_AT_location[DW_OP_reg12]
    2226              
    2227                      .dwcfi  cfa_offset, -2
    2228                      .dwcfi  save_reg_to_mem, 26, 0
    2229 00000000 FE04          ADDB      SP,#4                 ; [CPU_ARAU] 
    2230                      .dwcfi  cfa_offset, -6
    2231                      .dwpsn  file "C:/ti/ccs1210/ccs/tools/compiler/ti-cgt-c2000_22.6.0.LTS/include/_defs.h",line 377,colu
    2232 00000001 C5C4          MOVL      XAR7,*+XAR4[0]        ; [CPU_ALU] |377| 
    2233 00000002 06D4          MOVL      ACC,*+XAR4[2]         ; [CPU_ALU] |377| 
    2234 00000003 28AC          MOV       T,#48                 ; [CPU_ALU] |377| 
         00000004 0030 
    2235 00000005 1EA6          MOVL      XAR6,ACC              ; [CPU_ALU] |377| 
    2236 00000006 A3A7          MOVL      P,XAR7                ; [CPU_ALU] |377| 
    2237 00000007 D400          MOVB      XAR4,#0               ; [CPU_ALU] |377| 
    2238 00000008 565B          LSR64     ACC:P,T               ; [CPU_ALU] |377| 
    2239 00000009 2BAA          MOV       PH,#0                 ; [CPU_ALU] |377| 
    2240 0000000a 18AB          AND       PL,#0x7ff0            ; [CPU_ALU] |377| 
         0000000b 7FF0 
    2241 0000000c FF20          MOV       ACC,#32752            ; [CPU_ALU] |377| 
TMS320C2000 Assembler PC v22.6.0 Mon Apr 21 09:03:26 2025

Copyright (c) 1996-2018 Texas Instruments Incorporated
app_anpc_main.asm                                                    PAGE   44

         0000000d 7FF0 
    2242 0000000e 0FAB          CMPL      ACC,P                 ; [CPU_ALU] |377| 
    2243 0000000f 6013          B         ||$C$L11||,NEQ        ; [CPU_ALU] |377| 
    2244                      ; branchcc occurs ; [] |377| 
    2245 00000010 06A6          MOVL      ACC,XAR6              ; [CPU_ALU] |377| 
    2246 00000011 A3A7          MOVL      P,XAR7                ; [CPU_ALU] |377| 
    2247 00000012 BE00          MOVB      XAR6,#0               ; [CPU_ALU] |377| 
    2248 00000013 18A9          AND       AL,#65535             ; [CPU_ALU] |377| 
         00000014 FFFF 
    2249 00000015 910F          ANDB      AH,#15                ; [CPU_ALU] |377| 
    2250 00000016 18AB          AND       PL,#65535             ; [CPU_ALU] |377| 
         00000017 FFFF 
    2251 00000018 18AA          AND       PH,#65535             ; [CPU_ALU] |377| 
         00000019 FFFF 
    2252 0000001a C244          MOVL      *-SP[4],XAR6          ; [CPU_FPU] |377| 
    2253 0000001b 2B42          MOV       *-SP[2],#0            ; [CPU_FPU] |377| 
    2254 0000001c 2B41          MOV       *-SP[1],#0            ; [CPU_FPU] |377| 
    2255              $C$DW$151       .dwtag  DW_TAG_TI_branch
    2256                      .dwattr $C$DW$151, DW_AT_low_pc(0x00)
    2257                      .dwattr $C$DW$151, DW_AT_name("__c28xabi_cmpull")
    2258                      .dwattr $C$DW$151, DW_AT_TI_call
    2259              
    2260 0000001d 7640!         LCR       #||__c28xabi_cmpull|| ; [CPU_ALU] |377| 
         0000001e 0000 
    2261                      ; call occurs [#||__c28xabi_cmpull||] ; [] |377| 
    2262 0000001f 5200          CMPB      AL,#0                 ; [CPU_ALU] |377| 
    2263 00000020 56B1          MOVB      XAR4,#1,EQ            ; [CPU_ALU] |377| 
         00000021 01A4 
    2264 00000022       ||$C$L11||:    
    2265 00000022 FE84          SUBB      SP,#4                 ; [CPU_ARAU] 
    2266                      .dwcfi  cfa_offset, -2
    2267 00000023 92A4          MOV       AL,AR4                ; [CPU_ALU] |377| 
    2268              $C$DW$152       .dwtag  DW_TAG_TI_branch
    2269                      .dwattr $C$DW$152, DW_AT_low_pc(0x00)
    2270                      .dwattr $C$DW$152, DW_AT_TI_return
    2271              
    2272 00000024 0006          LRETR     ; [CPU_ALU] 
    2273                      ; return occurs ; [] 
    2274                      .dwattr $C$DW$148, DW_AT_TI_end_file("C:/ti/ccs1210/ccs/tools/compiler/ti-cgt-c2000_22.6.0.LTS/includ
    2275                      .dwattr $C$DW$148, DW_AT_TI_end_line(0x179)
    2276                      .dwattr $C$DW$148, DW_AT_TI_end_column(0x4a)
    2277                      .dwendentry
    2278                      .dwendtag $C$DW$148
    2279              
    2280 00000000               .sect   ".text:__isfinitel"
    2281                      .clink
    2282                      .global ||__isfinitel||
    2283              
    2284              $C$DW$153       .dwtag  DW_TAG_subprogram
    2285                      .dwattr $C$DW$153, DW_AT_name("__isfinitel")
    2286                      .dwattr $C$DW$153, DW_AT_low_pc(||__isfinitel||)
    2287                      .dwattr $C$DW$153, DW_AT_high_pc(0x00)
    2288                      .dwattr $C$DW$153, DW_AT_linkage_name("__isfinitel")
    2289                      .dwattr $C$DW$153, DW_AT_external
    2290                      .dwattr $C$DW$153, DW_AT_type(*$C$DW$T$10)
TMS320C2000 Assembler PC v22.6.0 Mon Apr 21 09:03:26 2025

Copyright (c) 1996-2018 Texas Instruments Incorporated
app_anpc_main.asm                                                    PAGE   45

    2291                      .dwattr $C$DW$153, DW_AT_decl_file("C:/ti/ccs1210/ccs/tools/compiler/ti-cgt-c2000_22.6.0.LTS/include/
    2292                      .dwattr $C$DW$153, DW_AT_decl_line(0x152)
    2293                      .dwattr $C$DW$153, DW_AT_decl_column(0x18)
    2294                      .dwattr $C$DW$153, DW_AT_TI_max_frame_size(-2)
    2295                      .dwpsn  file "C:/ti/ccs1210/ccs/tools/compiler/ti-cgt-c2000_22.6.0.LTS/include/_defs.h",line 339,colu
    2296              
    2297                      .dwfde $C$DW$CIE, ||__isfinitel||
    2298              $C$DW$154       .dwtag  DW_TAG_formal_parameter
    2299                      .dwattr $C$DW$154, DW_AT_name("e")
    2300                      .dwattr $C$DW$154, DW_AT_type(*$C$DW$T$43)
    2301                      .dwattr $C$DW$154, DW_AT_location[DW_OP_reg12]
    2302              
    2303              
    2304              ;***************************************************************
    2305              ;* FNAME: __isfinitel                   FR SIZE:   0           *
    2306              ;*                                                             *
    2307              ;* FUNCTION ENVIRONMENT                                        *
    2308              ;*                                                             *
    2309              ;* FUNCTION PROPERTIES                                         *
    2310              ;*                            0 Parameter,  0 Auto,  0 SOE     *
    2311              ;***************************************************************
    2312              
    2313              ||__isfinitel||:
    2314              ;* AR4   assigned to e
    2315              $C$DW$155       .dwtag  DW_TAG_variable
    2316                      .dwattr $C$DW$155, DW_AT_name("e")
    2317                      .dwattr $C$DW$155, DW_AT_type(*$C$DW$T$44)
    2318                      .dwattr $C$DW$155, DW_AT_location[DW_OP_reg12]
    2319              
    2320                      .dwcfi  cfa_offset, -2
    2321                      .dwcfi  save_reg_to_mem, 26, 0
    2322                      .dwpsn  file "C:/ti/ccs1210/ccs/tools/compiler/ti-cgt-c2000_22.6.0.LTS/include/_defs.h",line 339,colu
    2323 00000000 A3C4          MOVL      P,*+XAR4[0]           ; [CPU_ALU] |339| 
    2324 00000001 06D4          MOVL      ACC,*+XAR4[2]         ; [CPU_ALU] |339| 
    2325 00000002 28AC          MOV       T,#48                 ; [CPU_ALU] |339| 
         00000003 0030 
    2326 00000004 565B          LSR64     ACC:P,T               ; [CPU_ALU] |339| 
    2327 00000005 18AB          AND       PL,#0x7ff0            ; [CPU_ALU] |339| 
         00000006 7FF0 
    2328 00000007 80AB          MOVZ      AR7,PL                ; [CPU_ALU] |339| 
    2329 00000008 FF20          MOV       ACC,#32752            ; [CPU_ALU] |339| 
         00000009 7FF0 
    2330 0000000a BE00          MOVB      XAR6,#0               ; [CPU_ALU] |339| 
    2331 0000000b 0FA7          CMPL      ACC,XAR7              ; [CPU_ALU] |339| 
    2332 0000000c 56B0          MOVB      XAR6,#1,NEQ           ; [CPU_ALU] |339| 
         0000000d 01A6 
    2333 0000000e 92A6          MOV       AL,AR6                ; [CPU_ALU] |339| 
    2334              $C$DW$156       .dwtag  DW_TAG_TI_branch
    2335                      .dwattr $C$DW$156, DW_AT_low_pc(0x00)
    2336                      .dwattr $C$DW$156, DW_AT_TI_return
    2337              
    2338 0000000f 0006          LRETR     ; [CPU_ALU] 
    2339                      ; return occurs ; [] 
    2340                      .dwattr $C$DW$153, DW_AT_TI_end_file("C:/ti/ccs1210/ccs/tools/compiler/ti-cgt-c2000_22.6.0.LTS/includ
    2341                      .dwattr $C$DW$153, DW_AT_TI_end_line(0x153)
TMS320C2000 Assembler PC v22.6.0 Mon Apr 21 09:03:26 2025

Copyright (c) 1996-2018 Texas Instruments Incorporated
app_anpc_main.asm                                                    PAGE   46

    2342                      .dwattr $C$DW$153, DW_AT_TI_end_column(0x2f)
    2343                      .dwendentry
    2344                      .dwendtag $C$DW$153
    2345              
    2346 00000000               .sect   ".text:__isfinitef"
    2347                      .clink
    2348                      .global ||__isfinitef||
    2349              
    2350              $C$DW$157       .dwtag  DW_TAG_subprogram
    2351                      .dwattr $C$DW$157, DW_AT_name("__isfinitef")
    2352                      .dwattr $C$DW$157, DW_AT_low_pc(||__isfinitef||)
    2353                      .dwattr $C$DW$157, DW_AT_high_pc(0x00)
    2354                      .dwattr $C$DW$157, DW_AT_linkage_name("__isfinitef")
    2355                      .dwattr $C$DW$157, DW_AT_external
    2356                      .dwattr $C$DW$157, DW_AT_type(*$C$DW$T$10)
    2357                      .dwattr $C$DW$157, DW_AT_decl_file("C:/ti/ccs1210/ccs/tools/compiler/ti-cgt-c2000_22.6.0.LTS/include/
    2358                      .dwattr $C$DW$157, DW_AT_decl_line(0x150)
    2359                      .dwattr $C$DW$157, DW_AT_decl_column(0x18)
    2360                      .dwattr $C$DW$157, DW_AT_TI_max_frame_size(-2)
    2361                      .dwpsn  file "C:/ti/ccs1210/ccs/tools/compiler/ti-cgt-c2000_22.6.0.LTS/include/_defs.h",line 337,colu
    2362              
    2363                      .dwfde $C$DW$CIE, ||__isfinitef||
    2364              $C$DW$158       .dwtag  DW_TAG_formal_parameter
    2365                      .dwattr $C$DW$158, DW_AT_name("f")
    2366                      .dwattr $C$DW$158, DW_AT_type(*$C$DW$T$16)
    2367                      .dwattr $C$DW$158, DW_AT_location[DW_OP_regx 0x2b]
    2368              
    2369              
    2370              ;***************************************************************
    2371              ;* FNAME: __isfinitef                   FR SIZE:   0           *
    2372              ;*                                                             *
    2373              ;* FUNCTION ENVIRONMENT                                        *
    2374              ;*                                                             *
    2375              ;* FUNCTION PROPERTIES                                         *
    2376              ;*                            0 Parameter,  0 Auto,  0 SOE     *
    2377              ;***************************************************************
    2378              
    2379              ||__isfinitef||:
    2380              ;* R0    assigned to f
    2381              $C$DW$159       .dwtag  DW_TAG_variable
    2382                      .dwattr $C$DW$159, DW_AT_name("f")
    2383                      .dwattr $C$DW$159, DW_AT_type(*$C$DW$T$40)
    2384                      .dwattr $C$DW$159, DW_AT_location[DW_OP_regx 0x2b]
    2385              
    2386                      .dwcfi  cfa_offset, -2
    2387                      .dwcfi  save_reg_to_mem, 26, 0
    2388                      .dwpsn  file "C:/ti/ccs1210/ccs/tools/compiler/ti-cgt-c2000_22.6.0.LTS/include/_defs.h",line 337,colu
    2389 00000000 BFAB          MOV32     P,R0H                 ; [CPU_FPU] |337| 
         00000001 0F12 
    2390 00000002 18AA          AND       PH,#0x7f80            ; [CPU_ALU] |337| 
         00000003 7F80 
    2391 00000004 80AA          MOVZ      AR7,PH                ; [CPU_ALU] |337| 
    2392 00000005 FF20          MOV       ACC,#32640            ; [CPU_ALU] |337| 
         00000006 7F80 
    2393 00000007 BE00          MOVB      XAR6,#0               ; [CPU_ALU] |337| 
TMS320C2000 Assembler PC v22.6.0 Mon Apr 21 09:03:26 2025

Copyright (c) 1996-2018 Texas Instruments Incorporated
app_anpc_main.asm                                                    PAGE   47

    2394 00000008 0FA7          CMPL      ACC,XAR7              ; [CPU_ALU] |337| 
    2395 00000009 56B0          MOVB      XAR6,#1,NEQ           ; [CPU_ALU] |337| 
         0000000a 01A6 
    2396 0000000b 92A6          MOV       AL,AR6                ; [CPU_ALU] |337| 
    2397              $C$DW$160       .dwtag  DW_TAG_TI_branch
    2398                      .dwattr $C$DW$160, DW_AT_low_pc(0x00)
    2399                      .dwattr $C$DW$160, DW_AT_TI_return
    2400              
    2401 0000000c 0006          LRETR     ; [CPU_ALU] 
    2402                      ; return occurs ; [] 
    2403                      .dwattr $C$DW$157, DW_AT_TI_end_file("C:/ti/ccs1210/ccs/tools/compiler/ti-cgt-c2000_22.6.0.LTS/includ
    2404                      .dwattr $C$DW$157, DW_AT_TI_end_line(0x151)
    2405                      .dwattr $C$DW$157, DW_AT_TI_end_column(0x2d)
    2406                      .dwendentry
    2407                      .dwendtag $C$DW$157
    2408              
    2409 00000000               .sect   ".text:__isfinite"
    2410                      .clink
    2411                      .global ||__isfinite||
    2412              
    2413              $C$DW$161       .dwtag  DW_TAG_subprogram
    2414                      .dwattr $C$DW$161, DW_AT_name("__isfinite")
    2415                      .dwattr $C$DW$161, DW_AT_low_pc(||__isfinite||)
    2416                      .dwattr $C$DW$161, DW_AT_high_pc(0x00)
    2417                      .dwattr $C$DW$161, DW_AT_linkage_name("__isfinite")
    2418                      .dwattr $C$DW$161, DW_AT_external
    2419                      .dwattr $C$DW$161, DW_AT_type(*$C$DW$T$10)
    2420                      .dwattr $C$DW$161, DW_AT_decl_file("C:/ti/ccs1210/ccs/tools/compiler/ti-cgt-c2000_22.6.0.LTS/include/
    2421                      .dwattr $C$DW$161, DW_AT_decl_line(0x14e)
    2422                      .dwattr $C$DW$161, DW_AT_decl_column(0x18)
    2423                      .dwattr $C$DW$161, DW_AT_TI_max_frame_size(-2)
    2424                      .dwpsn  file "C:/ti/ccs1210/ccs/tools/compiler/ti-cgt-c2000_22.6.0.LTS/include/_defs.h",line 335,colu
    2425              
    2426                      .dwfde $C$DW$CIE, ||__isfinite||
    2427              $C$DW$162       .dwtag  DW_TAG_formal_parameter
    2428                      .dwattr $C$DW$162, DW_AT_name("d")
    2429                      .dwattr $C$DW$162, DW_AT_type(*$C$DW$T$41)
    2430                      .dwattr $C$DW$162, DW_AT_location[DW_OP_reg12]
    2431              
    2432              
    2433              ;***************************************************************
    2434              ;* FNAME: __isfinite                    FR SIZE:   0           *
    2435              ;*                                                             *
    2436              ;* FUNCTION ENVIRONMENT                                        *
    2437              ;*                                                             *
    2438              ;* FUNCTION PROPERTIES                                         *
    2439              ;*                            0 Parameter,  0 Auto,  0 SOE     *
    2440              ;***************************************************************
    2441              
    2442              ||__isfinite||:
    2443              ;* AR4   assigned to d
    2444              $C$DW$163       .dwtag  DW_TAG_variable
    2445                      .dwattr $C$DW$163, DW_AT_name("d")
    2446                      .dwattr $C$DW$163, DW_AT_type(*$C$DW$T$42)
    2447                      .dwattr $C$DW$163, DW_AT_location[DW_OP_reg12]
TMS320C2000 Assembler PC v22.6.0 Mon Apr 21 09:03:26 2025

Copyright (c) 1996-2018 Texas Instruments Incorporated
app_anpc_main.asm                                                    PAGE   48

    2448              
    2449                      .dwcfi  cfa_offset, -2
    2450                      .dwcfi  save_reg_to_mem, 26, 0
    2451                      .dwpsn  file "C:/ti/ccs1210/ccs/tools/compiler/ti-cgt-c2000_22.6.0.LTS/include/_defs.h",line 335,colu
    2452 00000000 A3C4          MOVL      P,*+XAR4[0]           ; [CPU_ALU] |335| 
    2453 00000001 06D4          MOVL      ACC,*+XAR4[2]         ; [CPU_ALU] |335| 
    2454 00000002 28AC          MOV       T,#48                 ; [CPU_ALU] |335| 
         00000003 0030 
    2455 00000004 565B          LSR64     ACC:P,T               ; [CPU_ALU] |335| 
    2456 00000005 18AB          AND       PL,#0x7ff0            ; [CPU_ALU] |335| 
         00000006 7FF0 
    2457 00000007 80AB          MOVZ      AR7,PL                ; [CPU_ALU] |335| 
    2458 00000008 FF20          MOV       ACC,#32752            ; [CPU_ALU] |335| 
         00000009 7FF0 
    2459 0000000a BE00          MOVB      XAR6,#0               ; [CPU_ALU] |335| 
    2460 0000000b 0FA7          CMPL      ACC,XAR7              ; [CPU_ALU] |335| 
    2461 0000000c 56B0          MOVB      XAR6,#1,NEQ           ; [CPU_ALU] |335| 
         0000000d 01A6 
    2462 0000000e 92A6          MOV       AL,AR6                ; [CPU_ALU] |335| 
    2463              $C$DW$164       .dwtag  DW_TAG_TI_branch
    2464                      .dwattr $C$DW$164, DW_AT_low_pc(0x00)
    2465                      .dwattr $C$DW$164, DW_AT_TI_return
    2466              
    2467 0000000f 0006          LRETR     ; [CPU_ALU] 
    2468                      ; return occurs ; [] 
    2469                      .dwattr $C$DW$161, DW_AT_TI_end_file("C:/ti/ccs1210/ccs/tools/compiler/ti-cgt-c2000_22.6.0.LTS/includ
    2470                      .dwattr $C$DW$161, DW_AT_TI_end_line(0x14f)
    2471                      .dwattr $C$DW$161, DW_AT_TI_end_column(0x2e)
    2472                      .dwendentry
    2473                      .dwendtag $C$DW$161
    2474              
    2475 00000000               .sect   ".text:__fpclassifyl"
    2476                      .clink
    2477                      .global ||__fpclassifyl||
    2478              
    2479              $C$DW$165       .dwtag  DW_TAG_subprogram
    2480                      .dwattr $C$DW$165, DW_AT_name("__fpclassifyl")
    2481                      .dwattr $C$DW$165, DW_AT_low_pc(||__fpclassifyl||)
    2482                      .dwattr $C$DW$165, DW_AT_high_pc(0x00)
    2483                      .dwattr $C$DW$165, DW_AT_linkage_name("__fpclassifyl")
    2484                      .dwattr $C$DW$165, DW_AT_external
    2485                      .dwattr $C$DW$165, DW_AT_type(*$C$DW$T$10)
    2486                      .dwattr $C$DW$165, DW_AT_decl_file("C:/ti/ccs1210/ccs/tools/compiler/ti-cgt-c2000_22.6.0.LTS/include/
    2487                      .dwattr $C$DW$165, DW_AT_decl_line(0x1ae)
    2488                      .dwattr $C$DW$165, DW_AT_decl_column(0x18)
    2489                      .dwattr $C$DW$165, DW_AT_TI_max_frame_size(-10)
    2490                      .dwpsn  file "C:/ti/ccs1210/ccs/tools/compiler/ti-cgt-c2000_22.6.0.LTS/include/_defs.h",line 431,colu
    2491              
    2492                      .dwfde $C$DW$CIE, ||__fpclassifyl||
    2493              $C$DW$166       .dwtag  DW_TAG_formal_parameter
    2494                      .dwattr $C$DW$166, DW_AT_name("e")
    2495                      .dwattr $C$DW$166, DW_AT_type(*$C$DW$T$43)
    2496                      .dwattr $C$DW$166, DW_AT_location[DW_OP_reg12]
    2497              
    2498              
TMS320C2000 Assembler PC v22.6.0 Mon Apr 21 09:03:26 2025

Copyright (c) 1996-2018 Texas Instruments Incorporated
app_anpc_main.asm                                                    PAGE   49

    2499              ;***************************************************************
    2500              ;* FNAME: __fpclassifyl                 FR SIZE:   8           *
    2501              ;*                                                             *
    2502              ;* FUNCTION ENVIRONMENT                                        *
    2503              ;*                                                             *
    2504              ;* FUNCTION PROPERTIES                                         *
    2505              ;*                            4 Parameter,  4 Auto,  0 SOE     *
    2506              ;***************************************************************
    2507              
    2508              ||__fpclassifyl||:
    2509              $C$DW$167       .dwtag  DW_TAG_variable
    2510                      .dwattr $C$DW$167, DW_AT_name("e")
    2511                      .dwattr $C$DW$167, DW_AT_type(*$C$DW$T$18)
    2512                      .dwattr $C$DW$167, DW_AT_location[DW_OP_breg20 -8]
    2513              
    2514              ;* AR5   assigned to $O$C1
    2515              ;* AR4   assigned to e
    2516              $C$DW$168       .dwtag  DW_TAG_variable
    2517                      .dwattr $C$DW$168, DW_AT_name("e")
    2518                      .dwattr $C$DW$168, DW_AT_type(*$C$DW$T$44)
    2519                      .dwattr $C$DW$168, DW_AT_location[DW_OP_reg12]
    2520              
    2521                      .dwcfi  cfa_offset, -2
    2522                      .dwcfi  save_reg_to_mem, 26, 0
    2523 00000000 FE08          ADDB      SP,#8                 ; [CPU_ARAU] 
    2524                      .dwcfi  cfa_offset, -10
    2525 00000001 C4D4          MOVL      XAR6,*+XAR4[2]        ; [CPU_ALU] |431| 
    2526 00000002 06C4          MOVL      ACC,*+XAR4[0]         ; [CPU_ALU] |431| 
    2527 00000003 1E48          MOVL      *-SP[8],ACC           ; [CPU_ALU] |431| 
    2528 00000004 C246          MOVL      *-SP[6],XAR6          ; [CPU_ALU] |431| 
    2529                      .dwpsn  file "C:/ti/ccs1210/ccs/tools/compiler/ti-cgt-c2000_22.6.0.LTS/include/_defs.h",line 432,colu
    2530 00000005 8348          MOVL      XAR5,*-SP[8]          ; [CPU_ALU] |432| 
    2531 00000006 8A46          MOVL      XAR4,*-SP[6]          ; [CPU_ALU] |432| 
    2532                      .dwpsn  file "C:/ti/ccs1210/ccs/tools/compiler/ti-cgt-c2000_22.6.0.LTS/include/_defs.h",line 436,colu
    2533 00000007 28AC          MOV       T,#48                 ; [CPU_ALU] |436| 
         00000008 0030 
    2534 00000009 A0AB          MOVL      P,XAR5                ; [CPU_ALU] |436| 
    2535 0000000a A8A9          MOVL      ACC,XAR4              ; [CPU_ALU] |436| 
    2536 0000000b 565B          LSR64     ACC:P,T               ; [CPU_ALU] |436| 
    2537 0000000c 18AB          AND       PL,#0x7ff0            ; [CPU_ALU] |436| 
         0000000d 7FF0 
    2538 0000000e 88AB          MOVZ      AR6,PL                ; [CPU_ALU] |436| 
    2539 0000000f FF20          MOV       ACC,#32752            ; [CPU_ALU] |436| 
         00000010 7FF0 
    2540 00000011 0FA6          CMPL      ACC,XAR6              ; [CPU_ALU] |436| 
    2541 00000012 6016          B         ||$C$L13||,NEQ        ; [CPU_ALU] |436| 
    2542                      ; branchcc occurs ; [] |436| 
    2543 00000013 0200          MOVB      ACC,#0                ; [CPU_ALU] |436| 
    2544 00000014 1E44          MOVL      *-SP[4],ACC           ; [CPU_ALU] |436| 
    2545 00000015 2B42          MOV       *-SP[2],#0            ; [CPU_ALU] |436| 
    2546 00000016 2B41          MOV       *-SP[1],#0            ; [CPU_ALU] |436| 
    2547 00000017 A348          MOVL      P,*-SP[8]             ; [CPU_ALU] |436| 
    2548 00000018 0646          MOVL      ACC,*-SP[6]           ; [CPU_ALU] |436| 
    2549 00000019 18AB          AND       PL,#65535             ; [CPU_ALU] |436| 
         0000001a FFFF 
TMS320C2000 Assembler PC v22.6.0 Mon Apr 21 09:03:26 2025

Copyright (c) 1996-2018 Texas Instruments Incorporated
app_anpc_main.asm                                                    PAGE   50

    2550 0000001b 18AA          AND       PH,#65535             ; [CPU_ALU] |436| 
         0000001c FFFF 
    2551 0000001d 18A9          AND       AL,#65535             ; [CPU_ALU] |436| 
         0000001e FFFF 
    2552 0000001f 910F          ANDB      AH,#15                ; [CPU_ALU] |436| 
    2553              $C$DW$169       .dwtag  DW_TAG_TI_branch
    2554                      .dwattr $C$DW$169, DW_AT_low_pc(0x00)
    2555                      .dwattr $C$DW$169, DW_AT_name("__c28xabi_cmpull")
    2556                      .dwattr $C$DW$169, DW_AT_TI_call
    2557              
    2558 00000020 7640!         LCR       #||__c28xabi_cmpull|| ; [CPU_ALU] |436| 
         00000021 0000 
    2559                      ; call occurs [#||__c28xabi_cmpull||] ; [] |436| 
    2560 00000022 5200          CMPB      AL,#0                 ; [CPU_ALU] |436| 
    2561 00000023 6103          B         ||$C$L12||,EQ         ; [CPU_ALU] |436| 
    2562                      ; branchcc occurs ; [] |436| 
    2563 00000024 9A02          MOVB      AL,#2                 ; [CPU_ALU] |436| 
    2564 00000025 6F2D          B         ||$C$L16||,UNC        ; [CPU_ALU] |436| 
    2565                      ; branch occurs ; [] |436| 
    2566 00000026       ||$C$L12||:    
    2567 00000026 9A01          MOVB      AL,#1                 ; [CPU_ALU] |436| 
    2568 00000027 6F2B          B         ||$C$L16||,UNC        ; [CPU_ALU] |436| 
    2569                      ; branch occurs ; [] |436| 
    2570 00000028       ||$C$L13||:    
    2571 00000028 BE00          MOVB      XAR6,#0               ; [CPU_ALU] |436| 
    2572 00000029 A0AB          MOVL      P,XAR5                ; [CPU_ALU] |436| 
    2573 0000002a A8A9          MOVL      ACC,XAR4              ; [CPU_ALU] |436| 
    2574 0000002b 28AC          MOV       T,#52                 ; [CPU_ALU] |436| 
         0000002c 0034 
    2575 0000002d C244          MOVL      *-SP[4],XAR6          ; [CPU_ALU] |436| 
    2576 0000002e 2B42          MOV       *-SP[2],#0            ; [CPU_ALU] |436| 
    2577 0000002f 565B          LSR64     ACC:P,T               ; [CPU_ALU] |436| 
    2578 00000030 2B41          MOV       *-SP[1],#0            ; [CPU_FPU] |436| 
    2579 00000031 9000          ANDB      AL,#0                 ; [CPU_ALU] |436| 
    2580 00000032 9100          ANDB      AH,#0                 ; [CPU_ALU] |436| 
    2581 00000033 18AB          AND       PL,#2047              ; [CPU_ALU] |436| 
         00000034 07FF 
    2582 00000035 18AA          AND       PH,#0                 ; [CPU_ALU] |436| 
         00000036 0000 
    2583              $C$DW$170       .dwtag  DW_TAG_TI_branch
    2584                      .dwattr $C$DW$170, DW_AT_low_pc(0x00)
    2585                      .dwattr $C$DW$170, DW_AT_name("__c28xabi_cmpull")
    2586                      .dwattr $C$DW$170, DW_AT_TI_call
    2587              
    2588 00000037 7640!         LCR       #||__c28xabi_cmpull|| ; [CPU_ALU] |436| 
         00000038 0000 
    2589                      ; call occurs [#||__c28xabi_cmpull||] ; [] |436| 
    2590 00000039 5200          CMPB      AL,#0                 ; [CPU_ALU] |436| 
    2591 0000003a 6104          B         ||$C$L14||,EQ         ; [CPU_ALU] |436| 
    2592                      ; branchcc occurs ; [] |436| 
    2593 0000003b 28A9          MOV       AL,#-1                ; [CPU_ALU] |436| 
         0000003c FFFF 
    2594 0000003d 6F15          B         ||$C$L16||,UNC        ; [CPU_ALU] |436| 
    2595                      ; branch occurs ; [] |436| 
    2596 0000003e       ||$C$L14||:    
TMS320C2000 Assembler PC v22.6.0 Mon Apr 21 09:03:26 2025

Copyright (c) 1996-2018 Texas Instruments Incorporated
app_anpc_main.asm                                                    PAGE   51

    2597 0000003e C244          MOVL      *-SP[4],XAR6          ; [CPU_ALU] |436| 
    2598 0000003f A8A9          MOVL      ACC,XAR4              ; [CPU_ALU] |436| 
    2599 00000040 A0AB          MOVL      P,XAR5                ; [CPU_ALU] |436| 
    2600 00000041 2B42          MOV       *-SP[2],#0            ; [CPU_ALU] |436| 
    2601 00000042 18A9          AND       AL,#65535             ; [CPU_ALU] |436| 
         00000043 FFFF 
    2602 00000044 910F          ANDB      AH,#15                ; [CPU_ALU] |436| 
    2603 00000045 18AB          AND       PL,#65535             ; [CPU_ALU] |436| 
         00000046 FFFF 
    2604 00000047 18AA          AND       PH,#65535             ; [CPU_ALU] |436| 
         00000048 FFFF 
    2605 00000049 2B41          MOV       *-SP[1],#0            ; [CPU_FPU] |436| 
    2606              $C$DW$171       .dwtag  DW_TAG_TI_branch
    2607                      .dwattr $C$DW$171, DW_AT_low_pc(0x00)
    2608                      .dwattr $C$DW$171, DW_AT_name("__c28xabi_cmpull")
    2609                      .dwattr $C$DW$171, DW_AT_TI_call
    2610              
    2611 0000004a 7640!         LCR       #||__c28xabi_cmpull|| ; [CPU_ALU] |436| 
         0000004b 0000 
    2612                      ; call occurs [#||__c28xabi_cmpull||] ; [] |436| 
    2613 0000004c 5200          CMPB      AL,#0                 ; [CPU_ALU] |436| 
    2614 0000004d 6104          B         ||$C$L15||,EQ         ; [CPU_ALU] |436| 
    2615                      ; branchcc occurs ; [] |436| 
    2616 0000004e 28A9          MOV       AL,#-2                ; [CPU_ALU] |436| 
         0000004f FFFE 
    2617 00000050 6F02          B         ||$C$L16||,UNC        ; [CPU_ALU] |436| 
    2618                      ; branch occurs ; [] |436| 
    2619 00000051       ||$C$L15||:    
    2620 00000051 9A00          MOVB      AL,#0                 ; [CPU_ALU] |436| 
    2621 00000052       ||$C$L16||:    
    2622 00000052 FE88          SUBB      SP,#8                 ; [CPU_ARAU] 
    2623                      .dwcfi  cfa_offset, -2
    2624              $C$DW$172       .dwtag  DW_TAG_TI_branch
    2625                      .dwattr $C$DW$172, DW_AT_low_pc(0x00)
    2626                      .dwattr $C$DW$172, DW_AT_TI_return
    2627              
    2628 00000053 0006          LRETR     ; [CPU_ALU] 
    2629                      ; return occurs ; [] 
    2630                      .dwattr $C$DW$165, DW_AT_TI_end_file("C:/ti/ccs1210/ccs/tools/compiler/ti-cgt-c2000_22.6.0.LTS/includ
    2631                      .dwattr $C$DW$165, DW_AT_TI_end_line(0x1bd)
    2632                      .dwattr $C$DW$165, DW_AT_TI_end_column(0x01)
    2633                      .dwendentry
    2634                      .dwendtag $C$DW$165
    2635              
    2636 00000000               .sect   ".text:__fpclassifyf"
    2637                      .clink
    2638                      .global ||__fpclassifyf||
    2639              
    2640              $C$DW$173       .dwtag  DW_TAG_subprogram
    2641                      .dwattr $C$DW$173, DW_AT_name("__fpclassifyf")
    2642                      .dwattr $C$DW$173, DW_AT_low_pc(||__fpclassifyf||)
    2643                      .dwattr $C$DW$173, DW_AT_high_pc(0x00)
    2644                      .dwattr $C$DW$173, DW_AT_linkage_name("__fpclassifyf")
    2645                      .dwattr $C$DW$173, DW_AT_external
    2646                      .dwattr $C$DW$173, DW_AT_type(*$C$DW$T$10)
TMS320C2000 Assembler PC v22.6.0 Mon Apr 21 09:03:26 2025

Copyright (c) 1996-2018 Texas Instruments Incorporated
app_anpc_main.asm                                                    PAGE   52

    2647                      .dwattr $C$DW$173, DW_AT_decl_file("C:/ti/ccs1210/ccs/tools/compiler/ti-cgt-c2000_22.6.0.LTS/include/
    2648                      .dwattr $C$DW$173, DW_AT_decl_line(0x18c)
    2649                      .dwattr $C$DW$173, DW_AT_decl_column(0x18)
    2650                      .dwattr $C$DW$173, DW_AT_TI_max_frame_size(-2)
    2651                      .dwpsn  file "C:/ti/ccs1210/ccs/tools/compiler/ti-cgt-c2000_22.6.0.LTS/include/_defs.h",line 397,colu
    2652              
    2653                      .dwfde $C$DW$CIE, ||__fpclassifyf||
    2654              $C$DW$174       .dwtag  DW_TAG_formal_parameter
    2655                      .dwattr $C$DW$174, DW_AT_name("f")
    2656                      .dwattr $C$DW$174, DW_AT_type(*$C$DW$T$16)
    2657                      .dwattr $C$DW$174, DW_AT_location[DW_OP_regx 0x2b]
    2658              
    2659              
    2660              ;***************************************************************
    2661              ;* FNAME: __fpclassifyf                 FR SIZE:   0           *
    2662              ;*                                                             *
    2663              ;* FUNCTION ENVIRONMENT                                        *
    2664              ;*                                                             *
    2665              ;* FUNCTION PROPERTIES                                         *
    2666              ;*                            0 Parameter,  0 Auto,  0 SOE     *
    2667              ;***************************************************************
    2668              
    2669              ||__fpclassifyf||:
    2670              ;* PL    assigned to $O$K1
    2671              ;* R0    assigned to f
    2672              $C$DW$175       .dwtag  DW_TAG_variable
    2673                      .dwattr $C$DW$175, DW_AT_name("f")
    2674                      .dwattr $C$DW$175, DW_AT_type(*$C$DW$T$40)
    2675                      .dwattr $C$DW$175, DW_AT_location[DW_OP_regx 0x2b]
    2676              
    2677                      .dwcfi  cfa_offset, -2
    2678                      .dwcfi  save_reg_to_mem, 26, 0
    2679                      .dwpsn  file "C:/ti/ccs1210/ccs/tools/compiler/ti-cgt-c2000_22.6.0.LTS/include/_defs.h",line 398,colu
    2680 00000000 BFAB          MOV32     P,R0H                 ; [CPU_FPU] |398| 
         00000001 0F12 
    2681                      .dwpsn  file "C:/ti/ccs1210/ccs/tools/compiler/ti-cgt-c2000_22.6.0.LTS/include/_defs.h",line 402,colu
    2682 00000002 CCAA          AND       AL,PH,#0x7f80         ; [CPU_ALU] |402| 
         00000003 7F80 
    2683 00000004 88A9          MOVZ      AR6,AL                ; [CPU_ALU] |402| 
    2684 00000005 FF20          MOV       ACC,#32640            ; [CPU_ALU] |402| 
         00000006 7F80 
    2685 00000007 0FA6          CMPL      ACC,XAR6              ; [CPU_ALU] |402| 
    2686 00000008 6009          B         ||$C$L18||,NEQ        ; [CPU_ALU] |402| 
    2687                      ; branchcc occurs ; [] |402| 
    2688 00000009 A9A9          MOVL      ACC,P                 ; [CPU_ALU] |402| 
    2689 0000000a 917F          ANDB      AH,#127               ; [CPU_ALU] |402| 
    2690 0000000b FF58          TEST      ACC                   ; [CPU_ALU] |402| 
    2691 0000000c 6103          B         ||$C$L17||,EQ         ; [CPU_ALU] |402| 
    2692                      ; branchcc occurs ; [] |402| 
    2693                      .dwcfi  remember_state
    2694 0000000d 9A02          MOVB      AL,#2                 ; [CPU_ALU] |402| 
    2695              $C$DW$176       .dwtag  DW_TAG_TI_branch
    2696                      .dwattr $C$DW$176, DW_AT_low_pc(0x00)
    2697                      .dwattr $C$DW$176, DW_AT_TI_return
    2698              
TMS320C2000 Assembler PC v22.6.0 Mon Apr 21 09:03:26 2025

Copyright (c) 1996-2018 Texas Instruments Incorporated
app_anpc_main.asm                                                    PAGE   53

    2699 0000000e 0006          LRETR     ; [CPU_ALU] 
    2700                      ; return occurs ; [] 
    2701                      .dwcfi  restore_state
    2702 0000000f       ||$C$L17||:    
    2703                      .dwcfi  remember_state
    2704 0000000f 9A01          MOVB      AL,#1                 ; [CPU_ALU] |402| 
    2705              $C$DW$177       .dwtag  DW_TAG_TI_branch
    2706                      .dwattr $C$DW$177, DW_AT_low_pc(0x00)
    2707                      .dwattr $C$DW$177, DW_AT_TI_return
    2708              
    2709 00000010 0006          LRETR     ; [CPU_ALU] 
    2710                      ; return occurs ; [] 
    2711                      .dwcfi  restore_state
    2712 00000011       ||$C$L18||:    
    2713 00000011 A9A9          MOVL      ACC,P                 ; [CPU_ALU] |402| 
    2714 00000012 28AC          MOV       T,#23                 ; [CPU_ALU] |402| 
         00000013 0017 
    2715 00000014 5622          LSRL      ACC,T                 ; [CPU_ALU] |402| 
    2716 00000015 90FF          ANDB      AL,#0xff              ; [CPU_ALU] |402| 
    2717 00000016 6104          B         ||$C$L19||,EQ         ; [CPU_ALU] |402| 
    2718                      ; branchcc occurs ; [] |402| 
    2719                      .dwcfi  remember_state
    2720 00000017 28A9          MOV       AL,#-1                ; [CPU_ALU] |402| 
         00000018 FFFF 
    2721              $C$DW$178       .dwtag  DW_TAG_TI_branch
    2722                      .dwattr $C$DW$178, DW_AT_low_pc(0x00)
    2723                      .dwattr $C$DW$178, DW_AT_TI_return
    2724              
    2725 00000019 0006          LRETR     ; [CPU_ALU] 
    2726                      ; return occurs ; [] 
    2727                      .dwcfi  restore_state
    2728 0000001a       ||$C$L19||:    
    2729 0000001a A9A9          MOVL      ACC,P                 ; [CPU_ALU] |402| 
    2730 0000001b 917F          ANDB      AH,#127               ; [CPU_ALU] |402| 
    2731 0000001c FF58          TEST      ACC                   ; [CPU_ALU] |402| 
    2732 0000001d 6104          B         ||$C$L20||,EQ         ; [CPU_ALU] |402| 
    2733                      ; branchcc occurs ; [] |402| 
    2734                      .dwcfi  remember_state
    2735 0000001e 28A9          MOV       AL,#-2                ; [CPU_ALU] |402| 
         0000001f FFFE 
    2736              $C$DW$179       .dwtag  DW_TAG_TI_branch
    2737                      .dwattr $C$DW$179, DW_AT_low_pc(0x00)
    2738                      .dwattr $C$DW$179, DW_AT_TI_return
    2739              
    2740 00000020 0006          LRETR     ; [CPU_ALU] 
    2741                      ; return occurs ; [] 
    2742                      .dwcfi  restore_state
    2743 00000021       ||$C$L20||:    
    2744 00000021 9A00          MOVB      AL,#0                 ; [CPU_ALU] |402| 
    2745              $C$DW$180       .dwtag  DW_TAG_TI_branch
    2746                      .dwattr $C$DW$180, DW_AT_low_pc(0x00)
    2747                      .dwattr $C$DW$180, DW_AT_TI_return
    2748              
    2749 00000022 0006          LRETR     ; [CPU_ALU] 
    2750                      ; return occurs ; [] 
TMS320C2000 Assembler PC v22.6.0 Mon Apr 21 09:03:26 2025

Copyright (c) 1996-2018 Texas Instruments Incorporated
app_anpc_main.asm                                                    PAGE   54

    2751                      .dwattr $C$DW$173, DW_AT_TI_end_file("C:/ti/ccs1210/ccs/tools/compiler/ti-cgt-c2000_22.6.0.LTS/includ
    2752                      .dwattr $C$DW$173, DW_AT_TI_end_line(0x19b)
    2753                      .dwattr $C$DW$173, DW_AT_TI_end_column(0x01)
    2754                      .dwendentry
    2755                      .dwendtag $C$DW$173
    2756              
    2757 00000000               .sect   ".text:__fpclassify"
    2758                      .clink
    2759                      .global ||__fpclassify||
    2760              
    2761              $C$DW$181       .dwtag  DW_TAG_subprogram
    2762                      .dwattr $C$DW$181, DW_AT_name("__fpclassify")
    2763                      .dwattr $C$DW$181, DW_AT_low_pc(||__fpclassify||)
    2764                      .dwattr $C$DW$181, DW_AT_high_pc(0x00)
    2765                      .dwattr $C$DW$181, DW_AT_linkage_name("__fpclassify")
    2766                      .dwattr $C$DW$181, DW_AT_external
    2767                      .dwattr $C$DW$181, DW_AT_type(*$C$DW$T$10)
    2768                      .dwattr $C$DW$181, DW_AT_decl_file("C:/ti/ccs1210/ccs/tools/compiler/ti-cgt-c2000_22.6.0.LTS/include/
    2769                      .dwattr $C$DW$181, DW_AT_decl_line(0x19d)
    2770                      .dwattr $C$DW$181, DW_AT_decl_column(0x18)
    2771                      .dwattr $C$DW$181, DW_AT_TI_max_frame_size(-10)
    2772                      .dwpsn  file "C:/ti/ccs1210/ccs/tools/compiler/ti-cgt-c2000_22.6.0.LTS/include/_defs.h",line 414,colu
    2773              
    2774                      .dwfde $C$DW$CIE, ||__fpclassify||
    2775              $C$DW$182       .dwtag  DW_TAG_formal_parameter
    2776                      .dwattr $C$DW$182, DW_AT_name("d")
    2777                      .dwattr $C$DW$182, DW_AT_type(*$C$DW$T$41)
    2778                      .dwattr $C$DW$182, DW_AT_location[DW_OP_reg12]
    2779              
    2780              
    2781              ;***************************************************************
    2782              ;* FNAME: __fpclassify                  FR SIZE:   8           *
    2783              ;*                                                             *
    2784              ;* FUNCTION ENVIRONMENT                                        *
    2785              ;*                                                             *
    2786              ;* FUNCTION PROPERTIES                                         *
    2787              ;*                            4 Parameter,  4 Auto,  0 SOE     *
    2788              ;***************************************************************
    2789              
    2790              ||__fpclassify||:
    2791              $C$DW$183       .dwtag  DW_TAG_variable
    2792                      .dwattr $C$DW$183, DW_AT_name("d")
    2793                      .dwattr $C$DW$183, DW_AT_type(*$C$DW$T$17)
    2794                      .dwattr $C$DW$183, DW_AT_location[DW_OP_breg20 -8]
    2795              
    2796              ;* AR5   assigned to $O$C1
    2797              ;* AR4   assigned to d
    2798              $C$DW$184       .dwtag  DW_TAG_variable
    2799                      .dwattr $C$DW$184, DW_AT_name("d")
    2800                      .dwattr $C$DW$184, DW_AT_type(*$C$DW$T$42)
    2801                      .dwattr $C$DW$184, DW_AT_location[DW_OP_reg12]
    2802              
    2803                      .dwcfi  cfa_offset, -2
    2804                      .dwcfi  save_reg_to_mem, 26, 0
    2805 00000000 FE08          ADDB      SP,#8                 ; [CPU_ARAU] 
TMS320C2000 Assembler PC v22.6.0 Mon Apr 21 09:03:26 2025

Copyright (c) 1996-2018 Texas Instruments Incorporated
app_anpc_main.asm                                                    PAGE   55

    2806                      .dwcfi  cfa_offset, -10
    2807 00000001 C4D4          MOVL      XAR6,*+XAR4[2]        ; [CPU_ALU] |414| 
    2808 00000002 06C4          MOVL      ACC,*+XAR4[0]         ; [CPU_ALU] |414| 
    2809 00000003 1E48          MOVL      *-SP[8],ACC           ; [CPU_ALU] |414| 
    2810 00000004 C246          MOVL      *-SP[6],XAR6          ; [CPU_ALU] |414| 
    2811                      .dwpsn  file "C:/ti/ccs1210/ccs/tools/compiler/ti-cgt-c2000_22.6.0.LTS/include/_defs.h",line 415,colu
    2812 00000005 8348          MOVL      XAR5,*-SP[8]          ; [CPU_ALU] |415| 
    2813 00000006 8A46          MOVL      XAR4,*-SP[6]          ; [CPU_ALU] |415| 
    2814                      .dwpsn  file "C:/ti/ccs1210/ccs/tools/compiler/ti-cgt-c2000_22.6.0.LTS/include/_defs.h",line 419,colu
    2815 00000007 28AC          MOV       T,#48                 ; [CPU_ALU] |419| 
         00000008 0030 
    2816 00000009 A0AB          MOVL      P,XAR5                ; [CPU_ALU] |419| 
    2817 0000000a A8A9          MOVL      ACC,XAR4              ; [CPU_ALU] |419| 
    2818 0000000b 565B          LSR64     ACC:P,T               ; [CPU_ALU] |419| 
    2819 0000000c 18AB          AND       PL,#0x7ff0            ; [CPU_ALU] |419| 
         0000000d 7FF0 
    2820 0000000e 88AB          MOVZ      AR6,PL                ; [CPU_ALU] |419| 
    2821 0000000f FF20          MOV       ACC,#32752            ; [CPU_ALU] |419| 
         00000010 7FF0 
    2822 00000011 0FA6          CMPL      ACC,XAR6              ; [CPU_ALU] |419| 
    2823 00000012 6016          B         ||$C$L22||,NEQ        ; [CPU_ALU] |419| 
    2824                      ; branchcc occurs ; [] |419| 
    2825 00000013 0200          MOVB      ACC,#0                ; [CPU_ALU] |419| 
    2826 00000014 1E44          MOVL      *-SP[4],ACC           ; [CPU_ALU] |419| 
    2827 00000015 2B42          MOV       *-SP[2],#0            ; [CPU_ALU] |419| 
    2828 00000016 2B41          MOV       *-SP[1],#0            ; [CPU_ALU] |419| 
    2829 00000017 A348          MOVL      P,*-SP[8]             ; [CPU_ALU] |419| 
    2830 00000018 0646          MOVL      ACC,*-SP[6]           ; [CPU_ALU] |419| 
    2831 00000019 18AB          AND       PL,#65535             ; [CPU_ALU] |419| 
         0000001a FFFF 
    2832 0000001b 18AA          AND       PH,#65535             ; [CPU_ALU] |419| 
         0000001c FFFF 
    2833 0000001d 18A9          AND       AL,#65535             ; [CPU_ALU] |419| 
         0000001e FFFF 
    2834 0000001f 910F          ANDB      AH,#15                ; [CPU_ALU] |419| 
    2835              $C$DW$185       .dwtag  DW_TAG_TI_branch
    2836                      .dwattr $C$DW$185, DW_AT_low_pc(0x00)
    2837                      .dwattr $C$DW$185, DW_AT_name("__c28xabi_cmpull")
    2838                      .dwattr $C$DW$185, DW_AT_TI_call
    2839              
    2840 00000020 7640!         LCR       #||__c28xabi_cmpull|| ; [CPU_ALU] |419| 
         00000021 0000 
    2841                      ; call occurs [#||__c28xabi_cmpull||] ; [] |419| 
    2842 00000022 5200          CMPB      AL,#0                 ; [CPU_ALU] |419| 
    2843 00000023 6103          B         ||$C$L21||,EQ         ; [CPU_ALU] |419| 
    2844                      ; branchcc occurs ; [] |419| 
    2845 00000024 9A02          MOVB      AL,#2                 ; [CPU_ALU] |419| 
    2846 00000025 6F2D          B         ||$C$L25||,UNC        ; [CPU_ALU] |419| 
    2847                      ; branch occurs ; [] |419| 
    2848 00000026       ||$C$L21||:    
    2849 00000026 9A01          MOVB      AL,#1                 ; [CPU_ALU] |419| 
    2850 00000027 6F2B          B         ||$C$L25||,UNC        ; [CPU_ALU] |419| 
    2851                      ; branch occurs ; [] |419| 
    2852 00000028       ||$C$L22||:    
    2853 00000028 BE00          MOVB      XAR6,#0               ; [CPU_ALU] |419| 
TMS320C2000 Assembler PC v22.6.0 Mon Apr 21 09:03:26 2025

Copyright (c) 1996-2018 Texas Instruments Incorporated
app_anpc_main.asm                                                    PAGE   56

    2854 00000029 A0AB          MOVL      P,XAR5                ; [CPU_ALU] |419| 
    2855 0000002a A8A9          MOVL      ACC,XAR4              ; [CPU_ALU] |419| 
    2856 0000002b 28AC          MOV       T,#52                 ; [CPU_ALU] |419| 
         0000002c 0034 
    2857 0000002d C244          MOVL      *-SP[4],XAR6          ; [CPU_ALU] |419| 
    2858 0000002e 2B42          MOV       *-SP[2],#0            ; [CPU_ALU] |419| 
    2859 0000002f 565B          LSR64     ACC:P,T               ; [CPU_ALU] |419| 
    2860 00000030 2B41          MOV       *-SP[1],#0            ; [CPU_FPU] |419| 
    2861 00000031 9000          ANDB      AL,#0                 ; [CPU_ALU] |419| 
    2862 00000032 9100          ANDB      AH,#0                 ; [CPU_ALU] |419| 
    2863 00000033 18AB          AND       PL,#2047              ; [CPU_ALU] |419| 
         00000034 07FF 
    2864 00000035 18AA          AND       PH,#0                 ; [CPU_ALU] |419| 
         00000036 0000 
    2865              $C$DW$186       .dwtag  DW_TAG_TI_branch
    2866                      .dwattr $C$DW$186, DW_AT_low_pc(0x00)
    2867                      .dwattr $C$DW$186, DW_AT_name("__c28xabi_cmpull")
    2868                      .dwattr $C$DW$186, DW_AT_TI_call
    2869              
    2870 00000037 7640!         LCR       #||__c28xabi_cmpull|| ; [CPU_ALU] |419| 
         00000038 0000 
    2871                      ; call occurs [#||__c28xabi_cmpull||] ; [] |419| 
    2872 00000039 5200          CMPB      AL,#0                 ; [CPU_ALU] |419| 
    2873 0000003a 6104          B         ||$C$L23||,EQ         ; [CPU_ALU] |419| 
    2874                      ; branchcc occurs ; [] |419| 
    2875 0000003b 28A9          MOV       AL,#-1                ; [CPU_ALU] |419| 
         0000003c FFFF 
    2876 0000003d 6F15          B         ||$C$L25||,UNC        ; [CPU_ALU] |419| 
    2877                      ; branch occurs ; [] |419| 
    2878 0000003e       ||$C$L23||:    
    2879 0000003e C244          MOVL      *-SP[4],XAR6          ; [CPU_ALU] |419| 
    2880 0000003f A8A9          MOVL      ACC,XAR4              ; [CPU_ALU] |419| 
    2881 00000040 A0AB          MOVL      P,XAR5                ; [CPU_ALU] |419| 
    2882 00000041 2B42          MOV       *-SP[2],#0            ; [CPU_ALU] |419| 
    2883 00000042 18A9          AND       AL,#65535             ; [CPU_ALU] |419| 
         00000043 FFFF 
    2884 00000044 910F          ANDB      AH,#15                ; [CPU_ALU] |419| 
    2885 00000045 18AB          AND       PL,#65535             ; [CPU_ALU] |419| 
         00000046 FFFF 
    2886 00000047 18AA          AND       PH,#65535             ; [CPU_ALU] |419| 
         00000048 FFFF 
    2887 00000049 2B41          MOV       *-SP[1],#0            ; [CPU_FPU] |419| 
    2888              $C$DW$187       .dwtag  DW_TAG_TI_branch
    2889                      .dwattr $C$DW$187, DW_AT_low_pc(0x00)
    2890                      .dwattr $C$DW$187, DW_AT_name("__c28xabi_cmpull")
    2891                      .dwattr $C$DW$187, DW_AT_TI_call
    2892              
    2893 0000004a 7640!         LCR       #||__c28xabi_cmpull|| ; [CPU_ALU] |419| 
         0000004b 0000 
    2894                      ; call occurs [#||__c28xabi_cmpull||] ; [] |419| 
    2895 0000004c 5200          CMPB      AL,#0                 ; [CPU_ALU] |419| 
    2896 0000004d 6104          B         ||$C$L24||,EQ         ; [CPU_ALU] |419| 
    2897                      ; branchcc occurs ; [] |419| 
    2898 0000004e 28A9          MOV       AL,#-2                ; [CPU_ALU] |419| 
         0000004f FFFE 
TMS320C2000 Assembler PC v22.6.0 Mon Apr 21 09:03:26 2025

Copyright (c) 1996-2018 Texas Instruments Incorporated
app_anpc_main.asm                                                    PAGE   57

    2899 00000050 6F02          B         ||$C$L25||,UNC        ; [CPU_ALU] |419| 
    2900                      ; branch occurs ; [] |419| 
    2901 00000051       ||$C$L24||:    
    2902 00000051 9A00          MOVB      AL,#0                 ; [CPU_ALU] |419| 
    2903 00000052       ||$C$L25||:    
    2904 00000052 FE88          SUBB      SP,#8                 ; [CPU_ARAU] 
    2905                      .dwcfi  cfa_offset, -2
    2906              $C$DW$188       .dwtag  DW_TAG_TI_branch
    2907                      .dwattr $C$DW$188, DW_AT_low_pc(0x00)
    2908                      .dwattr $C$DW$188, DW_AT_TI_return
    2909              
    2910 00000053 0006          LRETR     ; [CPU_ALU] 
    2911                      ; return occurs ; [] 
    2912                      .dwattr $C$DW$181, DW_AT_TI_end_file("C:/ti/ccs1210/ccs/tools/compiler/ti-cgt-c2000_22.6.0.LTS/includ
    2913                      .dwattr $C$DW$181, DW_AT_TI_end_line(0x1ac)
    2914                      .dwattr $C$DW$181, DW_AT_TI_end_column(0x01)
    2915                      .dwendentry
    2916                      .dwendtag $C$DW$181
    2917              
    2918              ;**************************************************************
    2919              ;* UNDEFINED EXTERNAL REFERENCES                              *
    2920              ;**************************************************************
    2921                      .global ||timer1kHz_Callback||
    2922                      .global ||timer10Hz_Callback||
    2923                      .global ||bsp_InitSYSTEM||
    2924                      .global ||bsp_InitTIMER||
    2925                      .global ||bsp_InitADC||
    2926                      .global ||bsp_InitCOMP||
    2927                      .global ||bsp_InitCLB||
    2928                      .global ||bsp_InitDGPIO||
    2929                      .global ||bsp_InitPWM||
    2930                      .global ||bsp_InitINTERRUPT||
    2931                      .global ||state_InitStateMachine||
    2932                      .global ||state_ResetStateFlag||
    2933                      .global ||protect_ResetProtectFlag||
    2934                      .global ||protect_ResetProtectVariables||
    2935                      .global ||ctrl_ResetControlVariables||
    2936                      .global ||event_ResetEventVariables||
    2937                      .global ||phyvalue_ResetAllPhysicalValues||
    2938                      .global ||phyvalue_CalibrateOffset||
    2939                      .global ||anpc_ResetOperationVariables||
    2940                      .global ||StateFlag||
    2941                      .global ||__c28xabi_cmpull||
    2942              ;**************************************************************
    2943              ;* SECTION GROUPS                                             *
    2944              ;**************************************************************
    2945                      .group    "__fpclassify", 1
    2946                      .gmember  ".text:__fpclassify"
    2947                      .endgroup
    2948                      .group    "__fpclassifyf", 1
    2949                      .gmember  ".text:__fpclassifyf"
    2950                      .endgroup
    2951                      .group    "__fpclassifyl", 1
    2952                      .gmember  ".text:__fpclassifyl"
    2953                      .endgroup
TMS320C2000 Assembler PC v22.6.0 Mon Apr 21 09:03:26 2025

Copyright (c) 1996-2018 Texas Instruments Incorporated
app_anpc_main.asm                                                    PAGE   58

    2954                      .group    "__isfinite", 1
    2955                      .gmember  ".text:__isfinite"
    2956                      .endgroup
    2957                      .group    "__isfinitef", 1
    2958                      .gmember  ".text:__isfinitef"
    2959                      .endgroup
    2960                      .group    "__isfinitel", 1
    2961                      .gmember  ".text:__isfinitel"
    2962                      .endgroup
    2963                      .group    "__isinf", 1
    2964                      .gmember  ".text:__isinf"
    2965                      .endgroup
    2966                      .group    "__isinff", 1
    2967                      .gmember  ".text:__isinff"
    2968                      .endgroup
    2969                      .group    "__isinfl", 1
    2970                      .gmember  ".text:__isinfl"
    2971                      .endgroup
    2972                      .group    "__isnan", 1
    2973                      .gmember  ".text:__isnan"
    2974                      .endgroup
    2975                      .group    "__isnanf", 1
    2976                      .gmember  ".text:__isnanf"
    2977                      .endgroup
    2978                      .group    "__isnanl", 1
    2979                      .gmember  ".text:__isnanl"
    2980                      .endgroup
    2981                      .group    "__isnormal", 1
    2982                      .gmember  ".text:__isnormal"
    2983                      .endgroup
    2984                      .group    "__isnormalf", 1
    2985                      .gmember  ".text:__isnormalf"
    2986                      .endgroup
    2987                      .group    "__isnormall", 1
    2988                      .gmember  ".text:__isnormall"
    2989                      .endgroup
    2990                      .group    "__relaxed_atan2f", 1
    2991                      .gmember  ".text:__relaxed_atan2f"
    2992                      .endgroup
    2993                      .group    "__relaxed_atanf", 1
    2994                      .gmember  ".text:__relaxed_atanf"
    2995                      .endgroup
    2996                      .group    "__relaxed_cosf", 1
    2997                      .gmember  ".text:__relaxed_cosf"
    2998                      .endgroup
    2999                      .group    "__relaxed_fmaxf", 1
    3000                      .gmember  ".text:__relaxed_fmaxf"
    3001                      .endgroup
    3002                      .group    "__relaxed_fminf", 1
    3003                      .gmember  ".text:__relaxed_fminf"
    3004                      .endgroup
    3005                      .group    "__relaxed_fmodf", 1
    3006                      .gmember  ".text:__relaxed_fmodf"
    3007                      .endgroup
    3008                      .group    "__relaxed_sinf", 1
TMS320C2000 Assembler PC v22.6.0 Mon Apr 21 09:03:26 2025

Copyright (c) 1996-2018 Texas Instruments Incorporated
app_anpc_main.asm                                                    PAGE   59

    3009                      .gmember  ".text:__relaxed_sinf"
    3010                      .endgroup
    3011                      .group    "__relaxed_sqrtf", 1
    3012                      .gmember  ".text:__relaxed_sqrtf"
    3013                      .endgroup
    3014                      .group    "__signbit", 1
    3015                      .gmember  ".text:__signbit"
    3016                      .endgroup
    3017                      .group    "__signbitf", 1
    3018                      .gmember  ".text:__signbitf"
    3019                      .endgroup
    3020                      .group    "__signbitl", 1
    3021                      .gmember  ".text:__signbitl"
    3022                      .endgroup
    3023              
    3024              
    3025              ;***************************************************************
    3026              ;* BUILD ATTRIBUTES                                            *
    3027              ;***************************************************************
    3028                      .battr "c28xabi", Tag_File, 1, Tag_float_args(1)
    3029                      .battr "c28xabi", Tag_File, 1, Tag_double_args(1)
    3030                      .dwattr $C$DW$CU, DW_AT_language(DW_LANG_C)
    3031              
    3032              ;***************************************************************
    3033              ;* DWARF CIE ENTRIES                                           *
    3034              ;***************************************************************
    3035              
    3036              $C$DW$CIE       .dwcie 26
    3037                      .dwcfi  cfa_register, 20
    3038                      .dwcfi  cfa_offset, 0
    3039                      .dwcfi  same_value, 28
    3040                      .dwcfi  same_value, 6
    3041                      .dwcfi  same_value, 7
    3042                      .dwcfi  same_value, 8
    3043                      .dwcfi  same_value, 9
    3044                      .dwcfi  same_value, 10
    3045                      .dwcfi  same_value, 11
    3046                      .dwcfi  same_value, 59
    3047                      .dwcfi  same_value, 63
    3048                      .dwcfi  same_value, 67
    3049                      .dwcfi  same_value, 71
    3050                      .dwendentry
    3051                      .dwendtag $C$DW$CU
    3052              
    3053              
    3054              ;***************************************************************
    3055              ;* TYPE INFORMATION                                            *
    3056              ;***************************************************************
    3057              
    3058              $C$DW$TU$20     .dwtag  DW_TAG_type_unit
    3059                      .dwmtype  $C$DW$T$20
    3060              
    3061              $C$DW$T$20      .dwtag  DW_TAG_union_type
    3062                      .dwattr $C$DW$T$20, DW_AT_byte_size(0x01)
    3063              $C$DW$189       .dwtag  DW_TAG_member
TMS320C2000 Assembler PC v22.6.0 Mon Apr 21 09:03:26 2025

Copyright (c) 1996-2018 Texas Instruments Incorporated
app_anpc_main.asm                                                    PAGE   60

    3064                      .dwattr $C$DW$189, DW_AT_type(*$C$DW$T$22)
    3065                      .dwattr $C$DW$189, DW_AT_name("bits")
    3066                      .dwattr $C$DW$189, DW_AT_accessibility(DW_ACCESS_public)
    3067                      .dwattr $C$DW$189, DW_AT_decl_file("D:\15_Delta\14. ANPC Converter\ANPC_3Layer\Source\app\app_state.h
    3068                      .dwattr $C$DW$189, DW_AT_decl_line(0x39)
    3069                      .dwattr $C$DW$189, DW_AT_decl_column(0x06)
    3070              
    3071              $C$DW$190       .dwtag  DW_TAG_member
    3072                      .dwattr $C$DW$190, DW_AT_type(*$C$DW$T$19)
    3073                      .dwattr $C$DW$190, DW_AT_name("Word")
    3074                      .dwattr $C$DW$190, DW_AT_accessibility(DW_ACCESS_public)
    3075                      .dwattr $C$DW$190, DW_AT_decl_file("D:\15_Delta\14. ANPC Converter\ANPC_3Layer\Source\app\app_state.h
    3076                      .dwattr $C$DW$190, DW_AT_decl_line(0x3b)
    3077                      .dwattr $C$DW$190, DW_AT_decl_column(0x0c)
    3078              
    3079                      .dwattr $C$DW$T$20, DW_AT_decl_file("D:\15_Delta\14. ANPC Converter\ANPC_3Layer\Source\app\app_state.
    3080                      .dwattr $C$DW$T$20, DW_AT_decl_line(0x26)
    3081                      .dwattr $C$DW$T$20, DW_AT_decl_column(0x01)
    3082                      .dwendtag $C$DW$T$20
    3083              
    3084                      .dwendtag $C$DW$TU$20
    3085              
    3086              
    3087              $C$DW$TU$23     .dwtag  DW_TAG_type_unit
    3088                      .dwmtype  $C$DW$T$23
    3089              $C$DW$T$23      .dwtag  DW_TAG_typedef
    3090                      .dwattr $C$DW$T$23, DW_AT_name("StateFlag_Struct")
    3091                      .dwattr $C$DW$T$23, DW_AT_type(*$C$DW$T$20)
    3092                      .dwattr $C$DW$T$23, DW_AT_decl_file("D:\15_Delta\14. ANPC Converter\ANPC_3Layer\Source\app\app_state.
    3093                      .dwattr $C$DW$T$23, DW_AT_decl_line(0x3d)
    3094                      .dwattr $C$DW$T$23, DW_AT_decl_column(0x03)
    3095              
    3096                      .dwendtag $C$DW$TU$23
    3097              
    3098              
    3099              $C$DW$TU$22     .dwtag  DW_TAG_type_unit
    3100                      .dwmtype  $C$DW$T$22
    3101              
    3102              $C$DW$T$22      .dwtag  DW_TAG_structure_type
    3103                      .dwattr $C$DW$T$22, DW_AT_name("StateFlag")
    3104                      .dwattr $C$DW$T$22, DW_AT_byte_size(0x01)
    3105              $C$DW$191       .dwtag  DW_TAG_member
    3106                      .dwattr $C$DW$191, DW_AT_type(*$C$DW$T$21)
    3107                      .dwattr $C$DW$191, DW_AT_name("system_init_finish")
    3108                      .dwattr $C$DW$191, DW_AT_bit_offset(0x0f)
    3109                      .dwattr $C$DW$191, DW_AT_bit_size(0x01)
    3110                      .dwattr $C$DW$191, DW_AT_accessibility(DW_ACCESS_public)
    3111                      .dwattr $C$DW$191, DW_AT_decl_file("D:\15_Delta\14. ANPC Converter\ANPC_3Layer\Source\app\app_state.h
    3112                      .dwattr $C$DW$191, DW_AT_decl_line(0x29)
    3113                      .dwattr $C$DW$191, DW_AT_decl_column(0x0f)
    3114              
    3115              $C$DW$192       .dwtag  DW_TAG_member
    3116                      .dwattr $C$DW$192, DW_AT_type(*$C$DW$T$21)
    3117                      .dwattr $C$DW$192, DW_AT_name("wait_for_softstart")
    3118                      .dwattr $C$DW$192, DW_AT_bit_offset(0x0e)
TMS320C2000 Assembler PC v22.6.0 Mon Apr 21 09:03:26 2025

Copyright (c) 1996-2018 Texas Instruments Incorporated
app_anpc_main.asm                                                    PAGE   61

    3119                      .dwattr $C$DW$192, DW_AT_bit_size(0x01)
    3120                      .dwattr $C$DW$192, DW_AT_accessibility(DW_ACCESS_public)
    3121                      .dwattr $C$DW$192, DW_AT_decl_file("D:\15_Delta\14. ANPC Converter\ANPC_3Layer\Source\app\app_state.h
    3122                      .dwattr $C$DW$192, DW_AT_decl_line(0x2a)
    3123                      .dwattr $C$DW$192, DW_AT_decl_column(0x0f)
    3124              
    3125              $C$DW$193       .dwtag  DW_TAG_member
    3126                      .dwattr $C$DW$193, DW_AT_type(*$C$DW$T$21)
    3127                      .dwattr $C$DW$193, DW_AT_name("soft_start_on")
    3128                      .dwattr $C$DW$193, DW_AT_bit_offset(0x0d)
    3129                      .dwattr $C$DW$193, DW_AT_bit_size(0x01)
    3130                      .dwattr $C$DW$193, DW_AT_accessibility(DW_ACCESS_public)
    3131                      .dwattr $C$DW$193, DW_AT_decl_file("D:\15_Delta\14. ANPC Converter\ANPC_3Layer\Source\app\app_state.h
    3132                      .dwattr $C$DW$193, DW_AT_decl_line(0x2b)
    3133                      .dwattr $C$DW$193, DW_AT_decl_column(0x0f)
    3134              
    3135              $C$DW$194       .dwtag  DW_TAG_member
    3136                      .dwattr $C$DW$194, DW_AT_type(*$C$DW$T$21)
    3137                      .dwattr $C$DW$194, DW_AT_name("pwm_kickoff")
    3138                      .dwattr $C$DW$194, DW_AT_bit_offset(0x0c)
    3139                      .dwattr $C$DW$194, DW_AT_bit_size(0x01)
    3140                      .dwattr $C$DW$194, DW_AT_accessibility(DW_ACCESS_public)
    3141                      .dwattr $C$DW$194, DW_AT_decl_file("D:\15_Delta\14. ANPC Converter\ANPC_3Layer\Source\app\app_state.h
    3142                      .dwattr $C$DW$194, DW_AT_decl_line(0x2c)
    3143                      .dwattr $C$DW$194, DW_AT_decl_column(0x0f)
    3144              
    3145              $C$DW$195       .dwtag  DW_TAG_member
    3146                      .dwattr $C$DW$195, DW_AT_type(*$C$DW$T$21)
    3147                      .dwattr $C$DW$195, DW_AT_name("control_en")
    3148                      .dwattr $C$DW$195, DW_AT_bit_offset(0x0b)
    3149                      .dwattr $C$DW$195, DW_AT_bit_size(0x01)
    3150                      .dwattr $C$DW$195, DW_AT_accessibility(DW_ACCESS_public)
    3151                      .dwattr $C$DW$195, DW_AT_decl_file("D:\15_Delta\14. ANPC Converter\ANPC_3Layer\Source\app\app_state.h
    3152                      .dwattr $C$DW$195, DW_AT_decl_line(0x2d)
    3153                      .dwattr $C$DW$195, DW_AT_decl_column(0x0f)
    3154              
    3155              $C$DW$196       .dwtag  DW_TAG_member
    3156                      .dwattr $C$DW$196, DW_AT_type(*$C$DW$T$21)
    3157                      .dwattr $C$DW$196, DW_AT_name("Reserved4")
    3158                      .dwattr $C$DW$196, DW_AT_bit_offset(0x0a)
    3159                      .dwattr $C$DW$196, DW_AT_bit_size(0x01)
    3160                      .dwattr $C$DW$196, DW_AT_accessibility(DW_ACCESS_public)
    3161                      .dwattr $C$DW$196, DW_AT_decl_file("D:\15_Delta\14. ANPC Converter\ANPC_3Layer\Source\app\app_state.h
    3162                      .dwattr $C$DW$196, DW_AT_decl_line(0x2e)
    3163                      .dwattr $C$DW$196, DW_AT_decl_column(0x0f)
    3164              
    3165              $C$DW$197       .dwtag  DW_TAG_member
    3166                      .dwattr $C$DW$197, DW_AT_type(*$C$DW$T$21)
    3167                      .dwattr $C$DW$197, DW_AT_name("Reserved5")
    3168                      .dwattr $C$DW$197, DW_AT_bit_offset(0x09)
    3169                      .dwattr $C$DW$197, DW_AT_bit_size(0x01)
    3170                      .dwattr $C$DW$197, DW_AT_accessibility(DW_ACCESS_public)
    3171                      .dwattr $C$DW$197, DW_AT_decl_file("D:\15_Delta\14. ANPC Converter\ANPC_3Layer\Source\app\app_state.h
    3172                      .dwattr $C$DW$197, DW_AT_decl_line(0x2f)
    3173                      .dwattr $C$DW$197, DW_AT_decl_column(0x0f)
TMS320C2000 Assembler PC v22.6.0 Mon Apr 21 09:03:26 2025

Copyright (c) 1996-2018 Texas Instruments Incorporated
app_anpc_main.asm                                                    PAGE   62

    3174              
    3175              $C$DW$198       .dwtag  DW_TAG_member
    3176                      .dwattr $C$DW$198, DW_AT_type(*$C$DW$T$21)
    3177                      .dwattr $C$DW$198, DW_AT_name("Reserved6")
    3178                      .dwattr $C$DW$198, DW_AT_bit_offset(0x08)
    3179                      .dwattr $C$DW$198, DW_AT_bit_size(0x01)
    3180                      .dwattr $C$DW$198, DW_AT_accessibility(DW_ACCESS_public)
    3181                      .dwattr $C$DW$198, DW_AT_decl_file("D:\15_Delta\14. ANPC Converter\ANPC_3Layer\Source\app\app_state.h
    3182                      .dwattr $C$DW$198, DW_AT_decl_line(0x30)
    3183                      .dwattr $C$DW$198, DW_AT_decl_column(0x0f)
    3184              
    3185              $C$DW$199       .dwtag  DW_TAG_member
    3186                      .dwattr $C$DW$199, DW_AT_type(*$C$DW$T$21)
    3187                      .dwattr $C$DW$199, DW_AT_name("Reserved7")
    3188                      .dwattr $C$DW$199, DW_AT_bit_offset(0x07)
    3189                      .dwattr $C$DW$199, DW_AT_bit_size(0x01)
    3190                      .dwattr $C$DW$199, DW_AT_accessibility(DW_ACCESS_public)
    3191                      .dwattr $C$DW$199, DW_AT_decl_file("D:\15_Delta\14. ANPC Converter\ANPC_3Layer\Source\app\app_state.h
    3192                      .dwattr $C$DW$199, DW_AT_decl_line(0x31)
    3193                      .dwattr $C$DW$199, DW_AT_decl_column(0x0f)
    3194              
    3195              $C$DW$200       .dwtag  DW_TAG_member
    3196                      .dwattr $C$DW$200, DW_AT_type(*$C$DW$T$21)
    3197                      .dwattr $C$DW$200, DW_AT_name("Reserved8")
    3198                      .dwattr $C$DW$200, DW_AT_bit_offset(0x06)
    3199                      .dwattr $C$DW$200, DW_AT_bit_size(0x01)
    3200                      .dwattr $C$DW$200, DW_AT_accessibility(DW_ACCESS_public)
    3201                      .dwattr $C$DW$200, DW_AT_decl_file("D:\15_Delta\14. ANPC Converter\ANPC_3Layer\Source\app\app_state.h
    3202                      .dwattr $C$DW$200, DW_AT_decl_line(0x32)
    3203                      .dwattr $C$DW$200, DW_AT_decl_column(0x0f)
    3204              
    3205              $C$DW$201       .dwtag  DW_TAG_member
    3206                      .dwattr $C$DW$201, DW_AT_type(*$C$DW$T$21)
    3207                      .dwattr $C$DW$201, DW_AT_name("Reserved9")
    3208                      .dwattr $C$DW$201, DW_AT_bit_offset(0x05)
    3209                      .dwattr $C$DW$201, DW_AT_bit_size(0x01)
    3210                      .dwattr $C$DW$201, DW_AT_accessibility(DW_ACCESS_public)
    3211                      .dwattr $C$DW$201, DW_AT_decl_file("D:\15_Delta\14. ANPC Converter\ANPC_3Layer\Source\app\app_state.h
    3212                      .dwattr $C$DW$201, DW_AT_decl_line(0x33)
    3213                      .dwattr $C$DW$201, DW_AT_decl_column(0x0f)
    3214              
    3215              $C$DW$202       .dwtag  DW_TAG_member
    3216                      .dwattr $C$DW$202, DW_AT_type(*$C$DW$T$21)
    3217                      .dwattr $C$DW$202, DW_AT_name("Reserved10")
    3218                      .dwattr $C$DW$202, DW_AT_bit_offset(0x04)
    3219                      .dwattr $C$DW$202, DW_AT_bit_size(0x01)
    3220                      .dwattr $C$DW$202, DW_AT_accessibility(DW_ACCESS_public)
    3221                      .dwattr $C$DW$202, DW_AT_decl_file("D:\15_Delta\14. ANPC Converter\ANPC_3Layer\Source\app\app_state.h
    3222                      .dwattr $C$DW$202, DW_AT_decl_line(0x34)
    3223                      .dwattr $C$DW$202, DW_AT_decl_column(0x0f)
    3224              
    3225              $C$DW$203       .dwtag  DW_TAG_member
    3226                      .dwattr $C$DW$203, DW_AT_type(*$C$DW$T$21)
    3227                      .dwattr $C$DW$203, DW_AT_name("Reserved11")
    3228                      .dwattr $C$DW$203, DW_AT_bit_offset(0x03)
TMS320C2000 Assembler PC v22.6.0 Mon Apr 21 09:03:26 2025

Copyright (c) 1996-2018 Texas Instruments Incorporated
app_anpc_main.asm                                                    PAGE   63

    3229                      .dwattr $C$DW$203, DW_AT_bit_size(0x01)
    3230                      .dwattr $C$DW$203, DW_AT_accessibility(DW_ACCESS_public)
    3231                      .dwattr $C$DW$203, DW_AT_decl_file("D:\15_Delta\14. ANPC Converter\ANPC_3Layer\Source\app\app_state.h
    3232                      .dwattr $C$DW$203, DW_AT_decl_line(0x35)
    3233                      .dwattr $C$DW$203, DW_AT_decl_column(0x0f)
    3234              
    3235              $C$DW$204       .dwtag  DW_TAG_member
    3236                      .dwattr $C$DW$204, DW_AT_type(*$C$DW$T$21)
    3237                      .dwattr $C$DW$204, DW_AT_name("Reserved12")
    3238                      .dwattr $C$DW$204, DW_AT_bit_offset(0x02)
    3239                      .dwattr $C$DW$204, DW_AT_bit_size(0x01)
    3240                      .dwattr $C$DW$204, DW_AT_accessibility(DW_ACCESS_public)
    3241                      .dwattr $C$DW$204, DW_AT_decl_file("D:\15_Delta\14. ANPC Converter\ANPC_3Layer\Source\app\app_state.h
    3242                      .dwattr $C$DW$204, DW_AT_decl_line(0x36)
    3243                      .dwattr $C$DW$204, DW_AT_decl_column(0x0f)
    3244              
    3245              $C$DW$205       .dwtag  DW_TAG_member
    3246                      .dwattr $C$DW$205, DW_AT_type(*$C$DW$T$21)
    3247                      .dwattr $C$DW$205, DW_AT_name("Reserved13")
    3248                      .dwattr $C$DW$205, DW_AT_bit_offset(0x01)
    3249                      .dwattr $C$DW$205, DW_AT_bit_size(0x01)
    3250                      .dwattr $C$DW$205, DW_AT_accessibility(DW_ACCESS_public)
    3251                      .dwattr $C$DW$205, DW_AT_decl_file("D:\15_Delta\14. ANPC Converter\ANPC_3Layer\Source\app\app_state.h
    3252                      .dwattr $C$DW$205, DW_AT_decl_line(0x37)
    3253                      .dwattr $C$DW$205, DW_AT_decl_column(0x0f)
    3254              
    3255              $C$DW$206       .dwtag  DW_TAG_member
    3256                      .dwattr $C$DW$206, DW_AT_type(*$C$DW$T$21)
    3257                      .dwattr $C$DW$206, DW_AT_name("Reserved14")
    3258                      .dwattr $C$DW$206, DW_AT_bit_offset(0x00)
    3259                      .dwattr $C$DW$206, DW_AT_bit_size(0x01)
    3260                      .dwattr $C$DW$206, DW_AT_accessibility(DW_ACCESS_public)
    3261                      .dwattr $C$DW$206, DW_AT_decl_file("D:\15_Delta\14. ANPC Converter\ANPC_3Layer\Source\app\app_state.h
    3262                      .dwattr $C$DW$206, DW_AT_decl_line(0x38)
    3263                      .dwattr $C$DW$206, DW_AT_decl_column(0x0f)
    3264              
    3265                      .dwattr $C$DW$T$22, DW_AT_decl_file("D:\15_Delta\14. ANPC Converter\ANPC_3Layer\Source\app\app_state.
    3266                      .dwattr $C$DW$T$22, DW_AT_decl_line(0x27)
    3267                      .dwattr $C$DW$T$22, DW_AT_decl_column(0x0c)
    3268                      .dwendtag $C$DW$T$22
    3269              
    3270                      .dwendtag $C$DW$TU$22
    3271              
    3272              
    3273              $C$DW$TU$2      .dwtag  DW_TAG_type_unit
    3274                      .dwmtype  $C$DW$T$2
    3275              $C$DW$T$2       .dwtag  DW_TAG_unspecified_type
    3276                      .dwattr $C$DW$T$2, DW_AT_name("void")
    3277              
    3278                      .dwendtag $C$DW$TU$2
    3279              
    3280              
    3281              $C$DW$TU$4      .dwtag  DW_TAG_type_unit
    3282                      .dwmtype  $C$DW$T$4
    3283              $C$DW$T$4       .dwtag  DW_TAG_base_type
TMS320C2000 Assembler PC v22.6.0 Mon Apr 21 09:03:26 2025

Copyright (c) 1996-2018 Texas Instruments Incorporated
app_anpc_main.asm                                                    PAGE   64

    3284                      .dwattr $C$DW$T$4, DW_AT_encoding(DW_ATE_boolean)
    3285                      .dwattr $C$DW$T$4, DW_AT_name("bool")
    3286                      .dwattr $C$DW$T$4, DW_AT_byte_size(0x01)
    3287              
    3288                      .dwendtag $C$DW$TU$4
    3289              
    3290              
    3291              $C$DW$TU$5      .dwtag  DW_TAG_type_unit
    3292                      .dwmtype  $C$DW$T$5
    3293              $C$DW$T$5       .dwtag  DW_TAG_base_type
    3294                      .dwattr $C$DW$T$5, DW_AT_encoding(DW_ATE_signed_char)
    3295                      .dwattr $C$DW$T$5, DW_AT_name("signed char")
    3296                      .dwattr $C$DW$T$5, DW_AT_byte_size(0x01)
    3297              
    3298                      .dwendtag $C$DW$TU$5
    3299              
    3300              
    3301              $C$DW$TU$6      .dwtag  DW_TAG_type_unit
    3302                      .dwmtype  $C$DW$T$6
    3303              $C$DW$T$6       .dwtag  DW_TAG_base_type
    3304                      .dwattr $C$DW$T$6, DW_AT_encoding(DW_ATE_unsigned_char)
    3305                      .dwattr $C$DW$T$6, DW_AT_name("unsigned char")
    3306                      .dwattr $C$DW$T$6, DW_AT_byte_size(0x01)
    3307              
    3308                      .dwendtag $C$DW$TU$6
    3309              
    3310              
    3311              $C$DW$TU$7      .dwtag  DW_TAG_type_unit
    3312                      .dwmtype  $C$DW$T$7
    3313              $C$DW$T$7       .dwtag  DW_TAG_base_type
    3314                      .dwattr $C$DW$T$7, DW_AT_encoding(DW_ATE_signed_char)
    3315                      .dwattr $C$DW$T$7, DW_AT_name("wchar_t")
    3316                      .dwattr $C$DW$T$7, DW_AT_byte_size(0x02)
    3317              
    3318                      .dwendtag $C$DW$TU$7
    3319              
    3320              
    3321              $C$DW$TU$8      .dwtag  DW_TAG_type_unit
    3322                      .dwmtype  $C$DW$T$8
    3323              $C$DW$T$8       .dwtag  DW_TAG_base_type
    3324                      .dwattr $C$DW$T$8, DW_AT_encoding(DW_ATE_signed)
    3325                      .dwattr $C$DW$T$8, DW_AT_name("short")
    3326                      .dwattr $C$DW$T$8, DW_AT_byte_size(0x01)
    3327              
    3328                      .dwendtag $C$DW$TU$8
    3329              
    3330              
    3331              $C$DW$TU$9      .dwtag  DW_TAG_type_unit
    3332                      .dwmtype  $C$DW$T$9
    3333              $C$DW$T$9       .dwtag  DW_TAG_base_type
    3334                      .dwattr $C$DW$T$9, DW_AT_encoding(DW_ATE_unsigned)
    3335                      .dwattr $C$DW$T$9, DW_AT_name("unsigned short")
    3336                      .dwattr $C$DW$T$9, DW_AT_byte_size(0x01)
    3337              
    3338                      .dwendtag $C$DW$TU$9
TMS320C2000 Assembler PC v22.6.0 Mon Apr 21 09:03:26 2025

Copyright (c) 1996-2018 Texas Instruments Incorporated
app_anpc_main.asm                                                    PAGE   65

    3339              
    3340              
    3341              $C$DW$TU$10     .dwtag  DW_TAG_type_unit
    3342                      .dwmtype  $C$DW$T$10
    3343              $C$DW$T$10      .dwtag  DW_TAG_base_type
    3344                      .dwattr $C$DW$T$10, DW_AT_encoding(DW_ATE_signed)
    3345                      .dwattr $C$DW$T$10, DW_AT_name("int")
    3346                      .dwattr $C$DW$T$10, DW_AT_byte_size(0x01)
    3347              
    3348                      .dwendtag $C$DW$TU$10
    3349              
    3350              
    3351              $C$DW$TU$11     .dwtag  DW_TAG_type_unit
    3352                      .dwmtype  $C$DW$T$11
    3353              $C$DW$T$11      .dwtag  DW_TAG_base_type
    3354                      .dwattr $C$DW$T$11, DW_AT_encoding(DW_ATE_unsigned)
    3355                      .dwattr $C$DW$T$11, DW_AT_name("unsigned int")
    3356                      .dwattr $C$DW$T$11, DW_AT_byte_size(0x01)
    3357              
    3358                      .dwendtag $C$DW$TU$11
    3359              
    3360              
    3361              $C$DW$TU$36     .dwtag  DW_TAG_type_unit
    3362                      .dwmtype  $C$DW$T$36
    3363              $C$DW$T$36      .dwtag  DW_TAG_typedef
    3364                      .dwattr $C$DW$T$36, DW_AT_name("__uint16_t")
    3365                      .dwattr $C$DW$T$36, DW_AT_type(*$C$DW$T$11)
    3366                      .dwattr $C$DW$T$36, DW_AT_decl_file("C:/ti/ccs1210/ccs/tools/compiler/ti-cgt-c2000_22.6.0.LTS/include
    3367                      .dwattr $C$DW$T$36, DW_AT_decl_line(0x41)
    3368                      .dwattr $C$DW$T$36, DW_AT_decl_column(0x1c)
    3369              
    3370                      .dwendtag $C$DW$TU$36
    3371              
    3372              
    3373              $C$DW$TU$37     .dwtag  DW_TAG_type_unit
    3374                      .dwmtype  $C$DW$T$37
    3375              $C$DW$T$37      .dwtag  DW_TAG_typedef
    3376                      .dwattr $C$DW$T$37, DW_AT_name("uint16_t")
    3377                      .dwattr $C$DW$T$37, DW_AT_type(*$C$DW$T$36)
    3378                      .dwattr $C$DW$T$37, DW_AT_decl_file("C:/ti/ccs1210/ccs/tools/compiler/ti-cgt-c2000_22.6.0.LTS/include
    3379                      .dwattr $C$DW$T$37, DW_AT_decl_line(0x41)
    3380                      .dwattr $C$DW$T$37, DW_AT_decl_column(0x15)
    3381              
    3382                      .dwendtag $C$DW$TU$37
    3383              
    3384              
    3385              $C$DW$TU$21     .dwtag  DW_TAG_type_unit
    3386                      .dwmtype  $C$DW$T$21
    3387              $C$DW$T$21      .dwtag  DW_TAG_typedef
    3388                      .dwattr $C$DW$T$21, DW_AT_name("bit_t")
    3389                      .dwattr $C$DW$T$21, DW_AT_type(*$C$DW$T$11)
    3390                      .dwattr $C$DW$T$21, DW_AT_decl_file("D:\15_Delta\14. ANPC Converter\ANPC_3Layer\Source\app\app_math_c
    3391                      .dwattr $C$DW$T$21, DW_AT_decl_line(0x23)
    3392                      .dwattr $C$DW$T$21, DW_AT_decl_column(0x19)
    3393              
TMS320C2000 Assembler PC v22.6.0 Mon Apr 21 09:03:26 2025

Copyright (c) 1996-2018 Texas Instruments Incorporated
app_anpc_main.asm                                                    PAGE   66

    3394                      .dwendtag $C$DW$TU$21
    3395              
    3396              
    3397              $C$DW$TU$19     .dwtag  DW_TAG_type_unit
    3398                      .dwmtype  $C$DW$T$19
    3399              $C$DW$T$19      .dwtag  DW_TAG_typedef
    3400                      .dwattr $C$DW$T$19, DW_AT_name("word_t")
    3401                      .dwattr $C$DW$T$19, DW_AT_type(*$C$DW$T$11)
    3402                      .dwattr $C$DW$T$19, DW_AT_decl_file("D:\15_Delta\14. ANPC Converter\ANPC_3Layer\Source\app\app_math_c
    3403                      .dwattr $C$DW$T$19, DW_AT_decl_line(0x25)
    3404                      .dwattr $C$DW$T$19, DW_AT_decl_column(0x19)
    3405              
    3406                      .dwendtag $C$DW$TU$19
    3407              
    3408              
    3409              $C$DW$TU$12     .dwtag  DW_TAG_type_unit
    3410                      .dwmtype  $C$DW$T$12
    3411              $C$DW$T$12      .dwtag  DW_TAG_base_type
    3412                      .dwattr $C$DW$T$12, DW_AT_encoding(DW_ATE_signed)
    3413                      .dwattr $C$DW$T$12, DW_AT_name("long")
    3414                      .dwattr $C$DW$T$12, DW_AT_byte_size(0x02)
    3415              
    3416                      .dwendtag $C$DW$TU$12
    3417              
    3418              
    3419              $C$DW$TU$13     .dwtag  DW_TAG_type_unit
    3420                      .dwmtype  $C$DW$T$13
    3421              $C$DW$T$13      .dwtag  DW_TAG_base_type
    3422                      .dwattr $C$DW$T$13, DW_AT_encoding(DW_ATE_unsigned)
    3423                      .dwattr $C$DW$T$13, DW_AT_name("unsigned long")
    3424                      .dwattr $C$DW$T$13, DW_AT_byte_size(0x02)
    3425              
    3426                      .dwendtag $C$DW$TU$13
    3427              
    3428              
    3429              $C$DW$TU$25     .dwtag  DW_TAG_type_unit
    3430                      .dwmtype  $C$DW$T$25
    3431              $C$DW$T$25      .dwtag  DW_TAG_typedef
    3432                      .dwattr $C$DW$T$25, DW_AT_name("__uint32_t")
    3433                      .dwattr $C$DW$T$25, DW_AT_type(*$C$DW$T$13)
    3434                      .dwattr $C$DW$T$25, DW_AT_decl_file("C:/ti/ccs1210/ccs/tools/compiler/ti-cgt-c2000_22.6.0.LTS/include
    3435                      .dwattr $C$DW$T$25, DW_AT_decl_line(0x43)
    3436                      .dwattr $C$DW$T$25, DW_AT_decl_column(0x1c)
    3437              
    3438                      .dwendtag $C$DW$TU$25
    3439              
    3440              
    3441              $C$DW$TU$26     .dwtag  DW_TAG_type_unit
    3442                      .dwmtype  $C$DW$T$26
    3443              $C$DW$T$26      .dwtag  DW_TAG_typedef
    3444                      .dwattr $C$DW$T$26, DW_AT_name("uint32_t")
    3445                      .dwattr $C$DW$T$26, DW_AT_type(*$C$DW$T$25)
    3446                      .dwattr $C$DW$T$26, DW_AT_decl_file("C:/ti/ccs1210/ccs/tools/compiler/ti-cgt-c2000_22.6.0.LTS/include
    3447                      .dwattr $C$DW$T$26, DW_AT_decl_line(0x46)
    3448                      .dwattr $C$DW$T$26, DW_AT_decl_column(0x15)
TMS320C2000 Assembler PC v22.6.0 Mon Apr 21 09:03:26 2025

Copyright (c) 1996-2018 Texas Instruments Incorporated
app_anpc_main.asm                                                    PAGE   67

    3449              
    3450                      .dwendtag $C$DW$TU$26
    3451              
    3452              
    3453              $C$DW$TU$14     .dwtag  DW_TAG_type_unit
    3454                      .dwmtype  $C$DW$T$14
    3455              $C$DW$T$14      .dwtag  DW_TAG_base_type
    3456                      .dwattr $C$DW$T$14, DW_AT_encoding(DW_ATE_signed)
    3457                      .dwattr $C$DW$T$14, DW_AT_name("long long")
    3458                      .dwattr $C$DW$T$14, DW_AT_byte_size(0x04)
    3459              
    3460                      .dwendtag $C$DW$TU$14
    3461              
    3462              
    3463              $C$DW$TU$15     .dwtag  DW_TAG_type_unit
    3464                      .dwmtype  $C$DW$T$15
    3465              $C$DW$T$15      .dwtag  DW_TAG_base_type
    3466                      .dwattr $C$DW$T$15, DW_AT_encoding(DW_ATE_unsigned)
    3467                      .dwattr $C$DW$T$15, DW_AT_name("unsigned long long")
    3468                      .dwattr $C$DW$T$15, DW_AT_byte_size(0x04)
    3469              
    3470                      .dwendtag $C$DW$TU$15
    3471              
    3472              
    3473              $C$DW$TU$16     .dwtag  DW_TAG_type_unit
    3474                      .dwmtype  $C$DW$T$16
    3475              $C$DW$T$16      .dwtag  DW_TAG_base_type
    3476                      .dwattr $C$DW$T$16, DW_AT_encoding(DW_ATE_float)
    3477                      .dwattr $C$DW$T$16, DW_AT_name("float")
    3478                      .dwattr $C$DW$T$16, DW_AT_byte_size(0x02)
    3479              
    3480                      .dwendtag $C$DW$TU$16
    3481              
    3482              
    3483              $C$DW$TU$40     .dwtag  DW_TAG_type_unit
    3484                      .dwmtype  $C$DW$T$40
    3485              $C$DW$207       .dwtag  DW_TAG_TI_far_type
    3486                      .dwattr $C$DW$207, DW_AT_type(*$C$DW$T$16)
    3487              
    3488              $C$DW$T$40      .dwtag  DW_TAG_const_type
    3489                      .dwattr $C$DW$T$40, DW_AT_type(*$C$DW$207)
    3490              
    3491                      .dwendtag $C$DW$TU$40
    3492              
    3493              
    3494              $C$DW$TU$17     .dwtag  DW_TAG_type_unit
    3495                      .dwmtype  $C$DW$T$17
    3496              $C$DW$T$17      .dwtag  DW_TAG_base_type
    3497                      .dwattr $C$DW$T$17, DW_AT_encoding(DW_ATE_float)
    3498                      .dwattr $C$DW$T$17, DW_AT_name("double")
    3499                      .dwattr $C$DW$T$17, DW_AT_byte_size(0x04)
    3500              
    3501                      .dwendtag $C$DW$TU$17
    3502              
    3503              
TMS320C2000 Assembler PC v22.6.0 Mon Apr 21 09:03:26 2025

Copyright (c) 1996-2018 Texas Instruments Incorporated
app_anpc_main.asm                                                    PAGE   68

    3504              $C$DW$TU$41     .dwtag  DW_TAG_type_unit
    3505                      .dwmtype  $C$DW$T$41
    3506              $C$DW$T$41      .dwtag  DW_TAG_pointer_type
    3507                      .dwattr $C$DW$T$41, DW_AT_type(*$C$DW$T$17)
    3508                      .dwattr $C$DW$T$41, DW_AT_address_class(0x20)
    3509              
    3510                      .dwendtag $C$DW$TU$41
    3511              
    3512              
    3513              $C$DW$TU$42     .dwtag  DW_TAG_type_unit
    3514                      .dwmtype  $C$DW$T$42
    3515              $C$DW$208       .dwtag  DW_TAG_TI_far_type
    3516                      .dwattr $C$DW$208, DW_AT_type(*$C$DW$T$41)
    3517              
    3518              $C$DW$T$42      .dwtag  DW_TAG_const_type
    3519                      .dwattr $C$DW$T$42, DW_AT_type(*$C$DW$208)
    3520              
    3521                      .dwendtag $C$DW$TU$42
    3522              
    3523              
    3524              $C$DW$TU$18     .dwtag  DW_TAG_type_unit
    3525                      .dwmtype  $C$DW$T$18
    3526              $C$DW$T$18      .dwtag  DW_TAG_base_type
    3527                      .dwattr $C$DW$T$18, DW_AT_encoding(DW_ATE_float)
    3528                      .dwattr $C$DW$T$18, DW_AT_name("long double")
    3529                      .dwattr $C$DW$T$18, DW_AT_byte_size(0x04)
    3530              
    3531                      .dwendtag $C$DW$TU$18
    3532              
    3533              
    3534              $C$DW$TU$43     .dwtag  DW_TAG_type_unit
    3535                      .dwmtype  $C$DW$T$43
    3536              $C$DW$T$43      .dwtag  DW_TAG_pointer_type
    3537                      .dwattr $C$DW$T$43, DW_AT_type(*$C$DW$T$18)
    3538                      .dwattr $C$DW$T$43, DW_AT_address_class(0x20)
    3539              
    3540                      .dwendtag $C$DW$TU$43
    3541              
    3542              
    3543              $C$DW$TU$44     .dwtag  DW_TAG_type_unit
    3544                      .dwmtype  $C$DW$T$44
    3545              $C$DW$209       .dwtag  DW_TAG_TI_far_type
    3546                      .dwattr $C$DW$209, DW_AT_type(*$C$DW$T$43)
    3547              
    3548              $C$DW$T$44      .dwtag  DW_TAG_const_type
    3549                      .dwattr $C$DW$T$44, DW_AT_type(*$C$DW$209)
    3550              
    3551                      .dwendtag $C$DW$TU$44
    3552              
    3553              
    3554              $C$DW$TU$45     .dwtag  DW_TAG_type_unit
    3555                      .dwmtype  $C$DW$T$45
    3556              $C$DW$T$45      .dwtag  DW_TAG_base_type
    3557                      .dwattr $C$DW$T$45, DW_AT_encoding(DW_ATE_unsigned_char)
    3558                      .dwattr $C$DW$T$45, DW_AT_name("unsigned char")
TMS320C2000 Assembler PC v22.6.0 Mon Apr 21 09:03:26 2025

Copyright (c) 1996-2018 Texas Instruments Incorporated
app_anpc_main.asm                                                    PAGE   69

    3559                      .dwattr $C$DW$T$45, DW_AT_byte_size(0x01)
    3560              
    3561                      .dwendtag $C$DW$TU$45
    3562              

No Assembly Errors, No Assembly Warnings
