TMS320C2000 Assembler PC v22.6.0 Mon Apr 21 09:04:20 2025

Copyright (c) 1996-2018 Texas Instruments Incorporated
app_state.asm                                                        PAGE    1

       1              ;***************************************************************
       2              ;* TMS320C2000 G3 C/C++ Codegen                               PC v22.6.0.LTS *
       3              ;* Date/Time created: Mon Apr 21 09:04:20 2025                 *
       4              ;***************************************************************
       5                      .compiler_opts --abi=eabi --cla_support=cla2 --diag_wrap=off --float_support=fpu32 --hll_source=on --
       6                      .asg    XAR2, FP
       7              
       8              $C$DW$CU        .dwtag  DW_TAG_compile_unit
       9                      .dwattr $C$DW$CU, DW_AT_name("D:/15_Delta/14. ANPC Converter/ANPC_3Layer/Source/app/app_state.c")
      10                      .dwattr $C$DW$CU, DW_AT_producer("TI TMS320C2000 G3 C/C++ Codegen PC v22.6.0.LTS Copyright (c) 1996-2
      11                      .dwattr $C$DW$CU, DW_AT_TI_version(0x01)
      12                      .dwattr $C$DW$CU, DW_AT_comp_dir("D:\15_Delta\14. ANPC Converter\ANPC_3Layer\TMS320F280049C\RELEASE")
      13                      .global ||CurrentState||
      14 00000000               .bss    ||CurrentState||,1,1,0
      15              $C$DW$1 .dwtag  DW_TAG_variable
      16                      .dwattr $C$DW$1, DW_AT_name("CurrentState")
      17                      .dwattr $C$DW$1, DW_AT_linkage_name("CurrentState")
      18                      .dwattr $C$DW$1, DW_AT_location[DW_OP_addr ||CurrentState||]
      19                      .dwattr $C$DW$1, DW_AT_type(*$C$DW$T$42)
      20                      .dwattr $C$DW$1, DW_AT_external
      21                      .dwattr $C$DW$1, DW_AT_decl_file("D:/15_Delta/14. ANPC Converter/ANPC_3Layer/Source/app/app_state.c")
      22                      .dwattr $C$DW$1, DW_AT_decl_line(0x23)
      23                      .dwattr $C$DW$1, DW_AT_decl_column(0x0c)
      24              
      25                      .global ||StateFlag||
      26 00000000               .data
      27                      .align  1
      28                      .elfsym ||StateFlag||,SYM_SIZE(1),SYM_BLOCKED(1)
      29 00000000       ||StateFlag||:
      30 00000000 0000          .bits           0,16
      31                                      ; StateFlag.Word @ 0
      32              
      33              $C$DW$2 .dwtag  DW_TAG_variable
      34                      .dwattr $C$DW$2, DW_AT_name("StateFlag")
      35                      .dwattr $C$DW$2, DW_AT_linkage_name("StateFlag")
      36                      .dwattr $C$DW$2, DW_AT_location[DW_OP_addr ||StateFlag||]
      37                      .dwattr $C$DW$2, DW_AT_type(*$C$DW$T$47)
      38                      .dwattr $C$DW$2, DW_AT_external
      39                      .dwattr $C$DW$2, DW_AT_decl_file("D:/15_Delta/14. ANPC Converter/ANPC_3Layer/Source/app/app_state.c")
      40                      .dwattr $C$DW$2, DW_AT_decl_line(0x24)
      41                      .dwattr $C$DW$2, DW_AT_decl_column(0x12)
      42              
      43 00000002               .bss    ||pvHandleEvent||,2,1,1
      44              $C$DW$3 .dwtag  DW_TAG_variable
      45                      .dwattr $C$DW$3, DW_AT_name("pvHandleEvent")
      46                      .dwattr $C$DW$3, DW_AT_linkage_name("pvHandleEvent")
      47                      .dwattr $C$DW$3, DW_AT_type(*$C$DW$T$59)
      48                      .dwattr $C$DW$3, DW_AT_location[DW_OP_addr ||pvHandleEvent||]
      49                      .dwattr $C$DW$3, DW_AT_decl_file("D:/15_Delta/14. ANPC Converter/ANPC_3Layer/Source/app/app_state.c")
      50                      .dwattr $C$DW$3, DW_AT_decl_line(0x22)
      51                      .dwattr $C$DW$3, DW_AT_decl_column(0x18)
      52              
      53              
      54              $C$DW$4 .dwtag  DW_TAG_subprogram
      55                      .dwattr $C$DW$4, DW_AT_name("__eallow")
TMS320C2000 Assembler PC v22.6.0 Mon Apr 21 09:04:20 2025

Copyright (c) 1996-2018 Texas Instruments Incorporated
app_state.asm                                                        PAGE    2

      56                      .dwattr $C$DW$4, DW_AT_linkage_name("__eallow")
      57                      .dwattr $C$DW$4, DW_AT_declaration
      58                      .dwattr $C$DW$4, DW_AT_external
      59                      .dwendtag $C$DW$4
      60              
      61              
      62              $C$DW$5 .dwtag  DW_TAG_subprogram
      63                      .dwattr $C$DW$5, DW_AT_name("__edis")
      64                      .dwattr $C$DW$5, DW_AT_linkage_name("__edis")
      65                      .dwattr $C$DW$5, DW_AT_declaration
      66                      .dwattr $C$DW$5, DW_AT_external
      67                      .dwendtag $C$DW$5
      68              
      69              $C$DW$6 .dwtag  DW_TAG_variable
      70                      .dwattr $C$DW$6, DW_AT_name("VICtrl")
      71                      .dwattr $C$DW$6, DW_AT_linkage_name("VICtrl")
      72                      .dwattr $C$DW$6, DW_AT_type(*$C$DW$T$46)
      73                      .dwattr $C$DW$6, DW_AT_declaration
      74                      .dwattr $C$DW$6, DW_AT_external
      75                      .dwattr $C$DW$6, DW_AT_decl_file("D:\15_Delta\14. ANPC Converter\ANPC_3Layer\Source\app\app_anpc_cont
      76                      .dwattr $C$DW$6, DW_AT_decl_line(0x97)
      77                      .dwattr $C$DW$6, DW_AT_decl_column(0x16)
      78              
      79              $C$DW$7 .dwtag  DW_TAG_variable
      80                      .dwattr $C$DW$7, DW_AT_name("PhyValue")
      81                      .dwattr $C$DW$7, DW_AT_linkage_name("PhyValue")
      82                      .dwattr $C$DW$7, DW_AT_type(*$C$DW$T$45)
      83                      .dwattr $C$DW$7, DW_AT_declaration
      84                      .dwattr $C$DW$7, DW_AT_external
      85                      .dwattr $C$DW$7, DW_AT_decl_file("D:\15_Delta\14. ANPC Converter\ANPC_3Layer\Source\app\app_physical_
      86                      .dwattr $C$DW$7, DW_AT_decl_line(0x71)
      87                      .dwattr $C$DW$7, DW_AT_decl_column(0x1d)
      88              
      89                      .sblock ".bss"
      90                      .sblock ".data"
      91              ;       C:\ti\ccs1210\ccs\tools\compiler\ti-cgt-c2000_22.6.0.LTS\bin\opt2000.exe C:\\Users\\User\\AppData\\Lo
      92              ;       C:\ti\ccs1210\ccs\tools\compiler\ti-cgt-c2000_22.6.0.LTS\bin\acia2000.exe -@C:\\Users\\User\\AppData\
      93 00000000               .sect   ".text"
      94                      .clink
      95              
      96              $C$DW$8 .dwtag  DW_TAG_subprogram
      97                      .dwattr $C$DW$8, DW_AT_name("state_Normal_Operation")
      98                      .dwattr $C$DW$8, DW_AT_low_pc(||state_Normal_Operation||)
      99                      .dwattr $C$DW$8, DW_AT_high_pc(0x00)
     100                      .dwattr $C$DW$8, DW_AT_linkage_name("state_Normal_Operation")
     101                      .dwattr $C$DW$8, DW_AT_decl_file("D:/15_Delta/14. ANPC Converter/ANPC_3Layer/Source/app/app_state.c")
     102                      .dwattr $C$DW$8, DW_AT_decl_line(0xcb)
     103                      .dwattr $C$DW$8, DW_AT_decl_column(0x0d)
     104                      .dwattr $C$DW$8, DW_AT_TI_max_frame_size(-2)
     105                      .dwpsn  file "D:/15_Delta/14. ANPC Converter/ANPC_3Layer/Source/app/app_state.c",line 204,column 1,is
     106              
     107                      .dwfde $C$DW$CIE, ||state_Normal_Operation||
     108              $C$DW$9 .dwtag  DW_TAG_formal_parameter
     109                      .dwattr $C$DW$9, DW_AT_name("event")
     110                      .dwattr $C$DW$9, DW_AT_type(*$C$DW$T$34)
TMS320C2000 Assembler PC v22.6.0 Mon Apr 21 09:04:20 2025

Copyright (c) 1996-2018 Texas Instruments Incorporated
app_state.asm                                                        PAGE    3

     111                      .dwattr $C$DW$9, DW_AT_location[DW_OP_reg0]
     112              
     113              
     114              ;***************************************************************
     115              ;* FNAME: state_Normal_Operation        FR SIZE:   0           *
     116              ;*                                                             *
     117              ;* FUNCTION ENVIRONMENT                                        *
     118              ;*                                                             *
     119              ;* FUNCTION PROPERTIES                                         *
     120              ;*                            0 Parameter,  0 Auto,  0 SOE     *
     121              ;***************************************************************
     122              
     123 00000000       ||state_Normal_Operation||:
     124                      .dwcfi  cfa_offset, -2
     125                      .dwcfi  save_reg_to_mem, 26, 0
     126                      .dwpsn  file "D:/15_Delta/14. ANPC Converter/ANPC_3Layer/Source/app/app_state.c",line 205,column 5,is
     127 00000000 5201          CMPB      AL,#1                 ; [CPU_ALU] |205| 
     128 00000001 6109          B         ||$C$L1||,EQ          ; [CPU_ALU] |205| 
     129                      ; branchcc occurs ; [] |205| 
     130 00000002 9CFD          ADDB      AL,#-3                ; [CPU_ALU] |205| 
     131 00000003 5207          CMPB      AL,#7                 ; [CPU_ALU] |205| 
     132 00000004 6613          B         ||$C$L2||,HI          ; [CPU_ALU] |205| 
     133                      ; branchcc occurs ; [] |205| 
     134                      .dwcfi  remember_state
     135                      .dwpsn  file "D:/15_Delta/14. ANPC Converter/ANPC_3Layer/Source/app/app_state.c",line 217,column 13,i
     136 00000005 8F00!         MOVL      XAR4,#||state_Shutdown|| ; [CPU_ARAU] |217| 
         00000006 0000 
     137              $C$DW$10        .dwtag  DW_TAG_TI_branch
     138                      .dwattr $C$DW$10, DW_AT_low_pc(0x00)
     139                      .dwattr $C$DW$10, DW_AT_name("state_ChangeState")
     140                      .dwattr $C$DW$10, DW_AT_TI_call
     141              
     142 00000007 7640!         LCR       #||state_ChangeState|| ; [CPU_ALU] |217| 
         00000008 0000 
     143                      ; call occurs [#||state_ChangeState||] ; [] |217| 
     144              $C$DW$11        .dwtag  DW_TAG_TI_branch
     145                      .dwattr $C$DW$11, DW_AT_low_pc(0x00)
     146                      .dwattr $C$DW$11, DW_AT_TI_return
     147              
     148 00000009 0006          LRETR     ; [CPU_ALU] 
     149                      ; return occurs ; [] 
     150                      .dwcfi  restore_state
     151 0000000a       ||$C$L1||:    
     152                      .dwpsn  file "D:/15_Delta/14. ANPC Converter/ANPC_3Layer/TMS320F280049C/device/driverlib/gpio.h",line
     153 0000000a FF2F          MOV       ACC,#1024 << 15       ; [CPU_ALU] |466| 
         0000000b 0400 
     154 0000000c 761F!         MOVW      DP,#||CurrentState||  ; [CPU_ARAU] 
         0000000d 0000 
     155 0000000e BDA9          MOV32     *(0:0x7f0a),ACC       ; [CPU_FPU] |466| 
         0000000f 7F0A 
     156                      .dwpsn  file "D:/15_Delta/14. ANPC Converter/ANPC_3Layer/Source/app/app_state.c",line 209,column 13,i
     157 00000010 56BF!         MOVB      @||CurrentState||,#4,UNC ; [CPU_ALU] |209| 
         00000011 0400 
     158                      .dwpsn  file "D:/15_Delta/14. ANPC Converter/ANPC_3Layer/TMS320F280049C/device/driverlib/gpio.h",line
     159 00000012 9A00          MOVB      AL,#0                 ; [CPU_ALU] |466| 
TMS320C2000 Assembler PC v22.6.0 Mon Apr 21 09:04:20 2025

Copyright (c) 1996-2018 Texas Instruments Incorporated
app_state.asm                                                        PAGE    4

     160 00000013 28A8          MOV       AH,#32768             ; [CPU_ALU] |466| 
         00000014 8000 
     161 00000015 BDA9          MOV32     *(0:0x7f02),ACC       ; [CPU_FPU] |466| 
         00000016 7F02 
     162              ||$C$L2||:    
     163              $C$DW$12        .dwtag  DW_TAG_TI_branch
     164                      .dwattr $C$DW$12, DW_AT_low_pc(0x00)
     165                      .dwattr $C$DW$12, DW_AT_TI_return
     166              
     167 00000017 0006          LRETR     ; [CPU_ALU] 
     168                      ; return occurs ; [] 
     169                      .dwattr $C$DW$8, DW_AT_TI_end_file("D:/15_Delta/14. ANPC Converter/ANPC_3Layer/Source/app/app_state.c
     170                      .dwattr $C$DW$8, DW_AT_TI_end_line(0xfe)
     171                      .dwattr $C$DW$8, DW_AT_TI_end_column(0x01)
     172                      .dwendentry
     173                      .dwendtag $C$DW$8
     174              
     175 00000018               .sect   ".text"
     176                      .clink
     177              
     178              $C$DW$13        .dwtag  DW_TAG_subprogram
     179                      .dwattr $C$DW$13, DW_AT_name("state_Shutdown")
     180                      .dwattr $C$DW$13, DW_AT_low_pc(||state_Shutdown||)
     181                      .dwattr $C$DW$13, DW_AT_high_pc(0x00)
     182                      .dwattr $C$DW$13, DW_AT_linkage_name("state_Shutdown")
     183                      .dwattr $C$DW$13, DW_AT_decl_file("D:/15_Delta/14. ANPC Converter/ANPC_3Layer/Source/app/app_state.c"
     184                      .dwattr $C$DW$13, DW_AT_decl_line(0x100)
     185                      .dwattr $C$DW$13, DW_AT_decl_column(0x0d)
     186                      .dwattr $C$DW$13, DW_AT_TI_max_frame_size(-2)
     187                      .dwpsn  file "D:/15_Delta/14. ANPC Converter/ANPC_3Layer/Source/app/app_state.c",line 257,column 1,is
     188              
     189                      .dwfde $C$DW$CIE, ||state_Shutdown||
     190              $C$DW$14        .dwtag  DW_TAG_formal_parameter
     191                      .dwattr $C$DW$14, DW_AT_name("event")
     192                      .dwattr $C$DW$14, DW_AT_type(*$C$DW$T$34)
     193                      .dwattr $C$DW$14, DW_AT_location[DW_OP_reg0]
     194              
     195              
     196              ;***************************************************************
     197              ;* FNAME: state_Shutdown                FR SIZE:   0           *
     198              ;*                                                             *
     199              ;* FUNCTION ENVIRONMENT                                        *
     200              ;*                                                             *
     201              ;* FUNCTION PROPERTIES                                         *
     202              ;*                            0 Parameter,  0 Auto,  0 SOE     *
     203              ;***************************************************************
     204              
     205 00000018       ||state_Shutdown||:
     206                      .dwcfi  cfa_offset, -2
     207                      .dwcfi  save_reg_to_mem, 26, 0
     208                      .dwpsn  file "D:/15_Delta/14. ANPC Converter/ANPC_3Layer/Source/app/app_state.c",line 258,column 5,is
     209 00000018 5201          CMPB      AL,#1                 ; [CPU_ALU] |258| 
     210 00000019 6108          B         ||$C$L3||,EQ          ; [CPU_ALU] |258| 
     211                      ; branchcc occurs ; [] |258| 
     212 0000001a 5210          CMPB      AL,#16                ; [CPU_ALU] |258| 
TMS320C2000 Assembler PC v22.6.0 Mon Apr 21 09:04:20 2025

Copyright (c) 1996-2018 Texas Instruments Incorporated
app_state.asm                                                        PAGE    5

     213 0000001b 6037          B         ||$C$L4||,NEQ         ; [CPU_ALU] |258| 
     214                      ; branchcc occurs ; [] |258| 
     215                      .dwcfi  remember_state
     216                      .dwpsn  file "D:/15_Delta/14. ANPC Converter/ANPC_3Layer/Source/app/app_state.c",line 275,column 13,i
     217 0000001c 8F00!         MOVL      XAR4,#||state_Standby|| ; [CPU_ARAU] |275| 
         0000001d 0000 
     218              $C$DW$15        .dwtag  DW_TAG_TI_branch
     219                      .dwattr $C$DW$15, DW_AT_low_pc(0x00)
     220                      .dwattr $C$DW$15, DW_AT_name("state_ChangeState")
     221                      .dwattr $C$DW$15, DW_AT_TI_call
     222              
     223 0000001e 7640!         LCR       #||state_ChangeState|| ; [CPU_ALU] |275| 
         0000001f 0000 
     224                      ; call occurs [#||state_ChangeState||] ; [] |275| 
     225              $C$DW$16        .dwtag  DW_TAG_TI_branch
     226                      .dwattr $C$DW$16, DW_AT_low_pc(0x00)
     227                      .dwattr $C$DW$16, DW_AT_TI_return
     228              
     229 00000020 0006          LRETR     ; [CPU_ALU] 
     230                      ; return occurs ; [] 
     231                      .dwcfi  restore_state
     232 00000021       ||$C$L3||:    
     233 00000021 761F!         MOVW      DP,#||CurrentState||  ; [CPU_ARAU] 
         00000022 0000 
     234                      .dwpsn  file "D:/15_Delta/14. ANPC Converter/ANPC_3Layer/Source/app/app_state.c",line 262,column 13,i
     235 00000023 56BF!         MOVB      @||CurrentState||,#5,UNC ; [CPU_ALU] |262| 
         00000024 0500 
     236                      .dwpsn  file "D:/15_Delta/14. ANPC Converter/ANPC_3Layer/TMS320F280049C/device/driverlib/epwm.h",line
     237 00000025 7622          EALLOW    ; [CPU_ALU] |4654| 
     238                      .dwpsn  file "D:/15_Delta/14. ANPC Converter/ANPC_3Layer/TMS320F280049C/device/driverlib/epwm.h",line
     239 00000026 F5A9          MOV       AL,*(0:0x409b)        ; [CPU_ALU] |4655| 
         00000027 409B 
     240 00000028 5004          ORB       AL,#0x04              ; [CPU_ALU] |4655| 
     241 00000029 F4A9          MOV       *(0:0x409b),AL        ; [CPU_ALU] |4655| 
         0000002a 409B 
     242 0000002b F5A9          MOV       AL,*(0:0x419b)        ; [CPU_ALU] |4655| 
         0000002c 419B 
     243 0000002d 5004          ORB       AL,#0x04              ; [CPU_ALU] |4655| 
     244 0000002e F4A9          MOV       *(0:0x419b),AL        ; [CPU_ALU] |4655| 
         0000002f 419B 
     245 00000030 F5A9          MOV       AL,*(0:0x429b)        ; [CPU_ALU] |4655| 
         00000031 429B 
     246 00000032 5004          ORB       AL,#0x04              ; [CPU_ALU] |4655| 
     247 00000033 F4A9          MOV       *(0:0x429b),AL        ; [CPU_ALU] |4655| 
         00000034 429B 
     248 00000035 F5A9          MOV       AL,*(0:0x439b)        ; [CPU_ALU] |4655| 
         00000036 439B 
     249 00000037 5004          ORB       AL,#0x04              ; [CPU_ALU] |4655| 
     250 00000038 F4A9          MOV       *(0:0x439b),AL        ; [CPU_ALU] |4655| 
         00000039 439B 
     251 0000003a F5A9          MOV       AL,*(0:0x469b)        ; [CPU_ALU] |4655| 
         0000003b 469B 
     252 0000003c 5004          ORB       AL,#0x04              ; [CPU_ALU] |4655| 
     253 0000003d F4A9          MOV       *(0:0x469b),AL        ; [CPU_ALU] |4655| 
         0000003e 469B 
TMS320C2000 Assembler PC v22.6.0 Mon Apr 21 09:04:20 2025

Copyright (c) 1996-2018 Texas Instruments Incorporated
app_state.asm                                                        PAGE    6

     254 0000003f F5A9          MOV       AL,*(0:0x479b)        ; [CPU_ALU] |4655| 
         00000040 479B 
     255 00000041 5004          ORB       AL,#0x04              ; [CPU_ALU] |4655| 
     256 00000042 F4A9          MOV       *(0:0x479b),AL        ; [CPU_ALU] |4655| 
         00000043 479B 
     257                      .dwpsn  file "D:/15_Delta/14. ANPC Converter/ANPC_3Layer/TMS320F280049C/device/driverlib/epwm.h",line
     258 00000044 761A          EDIS      ; [CPU_ALU] |4656| 
     259 00000045 761F!         MOVW      DP,#||StateFlag||     ; [CPU_ARAU] 
         00000046 0000 
     260                      .dwpsn  file "D:/15_Delta/14. ANPC Converter/ANPC_3Layer/TMS320F280049C/device/driverlib/gpio.h",line
     261 00000047 FF2F          MOV       ACC,#1024 << 15       ; [CPU_ALU] |462| 
         00000048 0400 
     262                      .dwpsn  file "D:/15_Delta/14. ANPC Converter/ANPC_3Layer/Source/app/app_state.c",line 268,column 13,i
     263 00000049 1800!         AND       @||StateFlag||,#0xffee ; [CPU_ALU] |268| 
         0000004a FFEE 
     264                      .dwpsn  file "D:/15_Delta/14. ANPC Converter/ANPC_3Layer/TMS320F280049C/device/driverlib/gpio.h",line
     265 0000004b BDA9          MOV32     *(0:0x7f0c),ACC       ; [CPU_FPU] |462| 
         0000004c 7F0C 
     266 0000004d 9A00          MOVB      AL,#0                 ; [CPU_ALU] |462| 
     267 0000004e 28A8          MOV       AH,#32768             ; [CPU_ALU] |462| 
         0000004f 8000 
     268 00000050 BDA9          MOV32     *(0:0x7f04),ACC       ; [CPU_FPU] |462| 
         00000051 7F04 
     269              ||$C$L4||:    
     270              $C$DW$17        .dwtag  DW_TAG_TI_branch
     271                      .dwattr $C$DW$17, DW_AT_low_pc(0x00)
     272                      .dwattr $C$DW$17, DW_AT_TI_return
     273              
     274 00000052 0006          LRETR     ; [CPU_ALU] 
     275                      ; return occurs ; [] 
     276                      .dwattr $C$DW$13, DW_AT_TI_end_file("D:/15_Delta/14. ANPC Converter/ANPC_3Layer/Source/app/app_state.
     277                      .dwattr $C$DW$13, DW_AT_TI_end_line(0x11d)
     278                      .dwattr $C$DW$13, DW_AT_TI_end_column(0x01)
     279                      .dwendentry
     280                      .dwendtag $C$DW$13
     281              
     282 00000053               .sect   ".text"
     283                      .clink
     284              
     285              $C$DW$18        .dwtag  DW_TAG_subprogram
     286                      .dwattr $C$DW$18, DW_AT_name("state_SoftStart")
     287                      .dwattr $C$DW$18, DW_AT_low_pc(||state_SoftStart||)
     288                      .dwattr $C$DW$18, DW_AT_high_pc(0x00)
     289                      .dwattr $C$DW$18, DW_AT_linkage_name("state_SoftStart")
     290                      .dwattr $C$DW$18, DW_AT_decl_file("D:/15_Delta/14. ANPC Converter/ANPC_3Layer/Source/app/app_state.c"
     291                      .dwattr $C$DW$18, DW_AT_decl_line(0x91)
     292                      .dwattr $C$DW$18, DW_AT_decl_column(0x0d)
     293                      .dwattr $C$DW$18, DW_AT_TI_max_frame_size(-2)
     294                      .dwpsn  file "D:/15_Delta/14. ANPC Converter/ANPC_3Layer/Source/app/app_state.c",line 146,column 1,is
     295              
     296                      .dwfde $C$DW$CIE, ||state_SoftStart||
     297              $C$DW$19        .dwtag  DW_TAG_formal_parameter
     298                      .dwattr $C$DW$19, DW_AT_name("event")
     299                      .dwattr $C$DW$19, DW_AT_type(*$C$DW$T$34)
     300                      .dwattr $C$DW$19, DW_AT_location[DW_OP_reg0]
TMS320C2000 Assembler PC v22.6.0 Mon Apr 21 09:04:20 2025

Copyright (c) 1996-2018 Texas Instruments Incorporated
app_state.asm                                                        PAGE    7

     301              
     302              
     303              ;***************************************************************
     304              ;* FNAME: state_SoftStart               FR SIZE:   0           *
     305              ;*                                                             *
     306              ;* FUNCTION ENVIRONMENT                                        *
     307              ;*                                                             *
     308              ;* FUNCTION PROPERTIES                                         *
     309              ;*                            0 Parameter,  0 Auto,  0 SOE     *
     310              ;***************************************************************
     311              
     312 00000053       ||state_SoftStart||:
     313                      .dwcfi  cfa_offset, -2
     314                      .dwcfi  save_reg_to_mem, 26, 0
     315                      .dwpsn  file "D:/15_Delta/14. ANPC Converter/ANPC_3Layer/Source/app/app_state.c",line 147,column 5,is
     316 00000053 5201          CMPB      AL,#1                 ; [CPU_ALU] |147| 
     317 00000054 6113          B         ||$C$L7||,EQ          ; [CPU_ALU] |147| 
     318                      ; branchcc occurs ; [] |147| 
     319 00000055 93A9          MOV       AH,AL                 ; [CPU_ALU] |147| 
     320 00000056 9DFD          ADDB      AH,#-3                ; [CPU_ALU] |147| 
     321 00000057 5304          CMPB      AH,#4                 ; [CPU_ALU] |147| 
     322 00000058 690A          B         ||$C$L5||,LOS         ; [CPU_ALU] |147| 
     323                      ; branchcc occurs ; [] |147| 
     324 00000059 93A9          MOV       AH,AL                 ; [CPU_ALU] |147| 
     325 0000005a 9DF7          ADDB      AH,#-9                ; [CPU_ALU] |147| 
     326 0000005b 5301          CMPB      AH,#1                 ; [CPU_ALU] |147| 
     327 0000005c 6906          B         ||$C$L5||,LOS         ; [CPU_ALU] |147| 
     328                      ; branchcc occurs ; [] |147| 
     329 0000005d 520F          CMPB      AL,#15                ; [CPU_ALU] |147| 
     330 0000005e 601A          B         ||$C$L8||,NEQ         ; [CPU_ALU] |147| 
     331                      ; branchcc occurs ; [] |147| 
     332                      .dwpsn  file "D:/15_Delta/14. ANPC Converter/ANPC_3Layer/Source/app/app_state.c",line 163,column 13,i
     333 0000005f 8F00!         MOVL      XAR4,#||state_Normal_Operation|| ; [CPU_ARAU] |163| 
         00000060 0000 
     334                      .dwpsn  file "D:/15_Delta/14. ANPC Converter/ANPC_3Layer/Source/app/app_state.c",line 165,column 13,i
     335 00000061 6F03          B         ||$C$L6||,UNC         ; [CPU_ALU] |165| 
     336                      ; branch occurs ; [] |165| 
     337 00000062       ||$C$L5||:    
     338                      .dwcfi  remember_state
     339                      .dwpsn  file "D:/15_Delta/14. ANPC Converter/ANPC_3Layer/Source/app/app_state.c",line 168,column 13,i
     340 00000062 8F00!         MOVL      XAR4,#||state_Shutdown|| ; [CPU_ARAU] |168| 
         00000063 0000 
     341              ||$C$L6||:    
     342              $C$DW$20        .dwtag  DW_TAG_TI_branch
     343                      .dwattr $C$DW$20, DW_AT_low_pc(0x00)
     344                      .dwattr $C$DW$20, DW_AT_name("state_ChangeState")
     345                      .dwattr $C$DW$20, DW_AT_TI_call
     346              
     347 00000064 7640!         LCR       #||state_ChangeState|| ; [CPU_ALU] |168| 
         00000065 0000 
     348                      ; call occurs [#||state_ChangeState||] ; [] |168| 
     349              $C$DW$21        .dwtag  DW_TAG_TI_branch
     350                      .dwattr $C$DW$21, DW_AT_low_pc(0x00)
     351                      .dwattr $C$DW$21, DW_AT_TI_return
     352              
TMS320C2000 Assembler PC v22.6.0 Mon Apr 21 09:04:20 2025

Copyright (c) 1996-2018 Texas Instruments Incorporated
app_state.asm                                                        PAGE    8

     353 00000066 0006          LRETR     ; [CPU_ALU] 
     354                      ; return occurs ; [] 
     355                      .dwcfi  restore_state
     356 00000067       ||$C$L7||:    
     357 00000067 761F!         MOVW      DP,#||CurrentState||  ; [CPU_ARAU] 
         00000068 0000 
     358                      .dwpsn  file "D:/15_Delta/14. ANPC Converter/ANPC_3Layer/TMS320F280049C/device/driverlib/gpio.h",line
     359 00000069 FF2F          MOV       ACC,#1024 << 15       ; [CPU_ALU] |466| 
         0000006a 0400 
     360                      .dwpsn  file "D:/15_Delta/14. ANPC Converter/ANPC_3Layer/Source/app/app_state.c",line 151,column 13,i
     361 0000006b 56BF!         MOVB      @||CurrentState||,#3,UNC ; [CPU_ALU] |151| 
         0000006c 0300 
     362                      .dwpsn  file "D:/15_Delta/14. ANPC Converter/ANPC_3Layer/TMS320F280049C/device/driverlib/gpio.h",line
     363 0000006d BDA9          MOV32     *(0:0x7f0a),ACC       ; [CPU_FPU] |466| 
         0000006e 7F0A 
     364 0000006f 761F!         MOVW      DP,#||StateFlag||     ; [CPU_ARAU] 
         00000070 0000 
     365 00000071 9A00          MOVB      AL,#0                 ; [CPU_ALU] |466| 
     366 00000072 28A8          MOV       AH,#32768             ; [CPU_ALU] |466| 
         00000073 8000 
     367                      .dwpsn  file "D:/15_Delta/14. ANPC Converter/ANPC_3Layer/Source/app/app_state.c",line 156,column 13,i
     368 00000074 1A00!         OR        @||StateFlag||,#0x000c ; [CPU_ALU] |156| 
         00000075 000C 
     369                      .dwpsn  file "D:/15_Delta/14. ANPC Converter/ANPC_3Layer/TMS320F280049C/device/driverlib/gpio.h",line
     370 00000076 BDA9          MOV32     *(0:0x7f02),ACC       ; [CPU_FPU] |466| 
         00000077 7F02 
     371              ||$C$L8||:    
     372              $C$DW$22        .dwtag  DW_TAG_TI_branch
     373                      .dwattr $C$DW$22, DW_AT_low_pc(0x00)
     374                      .dwattr $C$DW$22, DW_AT_TI_return
     375              
     376 00000078 0006          LRETR     ; [CPU_ALU] 
     377                      ; return occurs ; [] 
     378                      .dwattr $C$DW$18, DW_AT_TI_end_file("D:/15_Delta/14. ANPC Converter/ANPC_3Layer/Source/app/app_state.
     379                      .dwattr $C$DW$18, DW_AT_TI_end_line(0xc9)
     380                      .dwattr $C$DW$18, DW_AT_TI_end_column(0x01)
     381                      .dwendentry
     382                      .dwendtag $C$DW$18
     383              
     384 00000079               .sect   ".text"
     385                      .clink
     386              
     387              $C$DW$23        .dwtag  DW_TAG_subprogram
     388                      .dwattr $C$DW$23, DW_AT_name("state_Precharge")
     389                      .dwattr $C$DW$23, DW_AT_low_pc(||state_Precharge||)
     390                      .dwattr $C$DW$23, DW_AT_high_pc(0x00)
     391                      .dwattr $C$DW$23, DW_AT_linkage_name("state_Precharge")
     392                      .dwattr $C$DW$23, DW_AT_decl_file("D:/15_Delta/14. ANPC Converter/ANPC_3Layer/Source/app/app_state.c"
     393                      .dwattr $C$DW$23, DW_AT_decl_line(0x4b)
     394                      .dwattr $C$DW$23, DW_AT_decl_column(0x0d)
     395                      .dwattr $C$DW$23, DW_AT_TI_max_frame_size(-2)
     396                      .dwpsn  file "D:/15_Delta/14. ANPC Converter/ANPC_3Layer/Source/app/app_state.c",line 76,column 1,is_
     397              
     398                      .dwfde $C$DW$CIE, ||state_Precharge||
     399              $C$DW$24        .dwtag  DW_TAG_formal_parameter
TMS320C2000 Assembler PC v22.6.0 Mon Apr 21 09:04:20 2025

Copyright (c) 1996-2018 Texas Instruments Incorporated
app_state.asm                                                        PAGE    9

     400                      .dwattr $C$DW$24, DW_AT_name("event")
     401                      .dwattr $C$DW$24, DW_AT_type(*$C$DW$T$34)
     402                      .dwattr $C$DW$24, DW_AT_location[DW_OP_reg0]
     403              
     404              
     405              ;***************************************************************
     406              ;* FNAME: state_Precharge               FR SIZE:   0           *
     407              ;*                                                             *
     408              ;* FUNCTION ENVIRONMENT                                        *
     409              ;*                                                             *
     410              ;* FUNCTION PROPERTIES                                         *
     411              ;*                            0 Parameter,  0 Auto,  0 SOE     *
     412              ;***************************************************************
     413              
     414 00000079       ||state_Precharge||:
     415                      .dwcfi  cfa_offset, -2
     416                      .dwcfi  save_reg_to_mem, 26, 0
     417                      .dwpsn  file "D:/15_Delta/14. ANPC Converter/ANPC_3Layer/Source/app/app_state.c",line 77,column 5,is_
     418 00000079 520A          CMPB      AL,#10                ; [CPU_ALU] |77| 
     419 0000007a 620B          B         ||$C$L9||,GT          ; [CPU_ALU] |77| 
     420                      ; branchcc occurs ; [] |77| 
     421 0000007b 5209          CMPB      AL,#9                 ; [CPU_ALU] |77| 
     422 0000007c 6321          B         ||$C$L12||,GEQ        ; [CPU_ALU] |77| 
     423                      ; branchcc occurs ; [] |77| 
     424 0000007d 5201          CMPB      AL,#1                 ; [CPU_ALU] |77| 
     425 0000007e 6128          B         ||$C$L14||,EQ         ; [CPU_ALU] |77| 
     426                      ; branchcc occurs ; [] |77| 
     427 0000007f 5202          CMPB      AL,#2                 ; [CPU_ALU] |77| 
     428 00000080 6120          B         ||$C$L13||,EQ         ; [CPU_ALU] |77| 
     429                      ; branchcc occurs ; [] |77| 
     430 00000081 9CFD          ADDB      AL,#-3                ; [CPU_ALU] |77| 
     431 00000082 5204          CMPB      AL,#4                 ; [CPU_ALU] |77| 
     432 00000083 691A          B         ||$C$L12||,LOS        ; [CPU_ALU] |77| 
     433                      ; branchcc occurs ; [] |77| 
     434                      .dwcfi  remember_state
     435              $C$DW$25        .dwtag  DW_TAG_TI_branch
     436                      .dwattr $C$DW$25, DW_AT_low_pc(0x00)
     437                      .dwattr $C$DW$25, DW_AT_TI_return
     438              
     439 00000084 0006          LRETR     ; [CPU_ALU] 
     440                      ; return occurs ; [] 
     441                      .dwcfi  restore_state
     442 00000085       ||$C$L9||:    
     443 00000085 520C          CMPB      AL,#12                ; [CPU_ALU] |77| 
     444 00000086 610E          B         ||$C$L11||,EQ         ; [CPU_ALU] |77| 
     445                      ; branchcc occurs ; [] |77| 
     446 00000087 520D          CMPB      AL,#13                ; [CPU_ALU] |77| 
     447 00000088 604B          B         ||$C$L15||,NEQ        ; [CPU_ALU] |77| 
     448                      ; branchcc occurs ; [] |77| 
     449                      .dwcfi  remember_state
     450 00000089 761F!         MOVW      DP,#||PhyValue||+420  ; [CPU_ARAU] 
         0000008a 0006 
     451                      .dwpsn  file "D:/15_Delta/14. ANPC Converter/ANPC_3Layer/Source/app/app_state.c",line 101,column 13,i
     452 0000008b 0624!         MOVL      ACC,@$BLOCKED(||PhyValue||)+420 ; [CPU_ALU] |101| 
     453                      .dwpsn  file "D:/15_Delta/14. ANPC Converter/ANPC_3Layer/Source/app/app_state.c",line 102,column 13,i
TMS320C2000 Assembler PC v22.6.0 Mon Apr 21 09:04:20 2025

Copyright (c) 1996-2018 Texas Instruments Incorporated
app_state.asm                                                        PAGE   10

     454 0000008c 8F00!         MOVL      XAR4,#||state_SoftStart|| ; [CPU_ARAU] |102| 
         0000008d 0000 
     455 0000008e 761F!         MOVW      DP,#||VICtrl||+2      ; [CPU_ARAU] 
         0000008f 0000 
     456                      .dwpsn  file "D:/15_Delta/14. ANPC Converter/ANPC_3Layer/Source/app/app_state.c",line 101,column 13,i
     457 00000090 1E02!         MOVL      @$BLOCKED(||VICtrl||)+2,ACC ; [CPU_ALU] |101| 
     458 00000091       ||$C$L10||:    
     459                      .dwpsn  file "D:/15_Delta/14. ANPC Converter/ANPC_3Layer/Source/app/app_state.c",line 102,column 13,i
     460              $C$DW$26        .dwtag  DW_TAG_TI_branch
     461                      .dwattr $C$DW$26, DW_AT_low_pc(0x00)
     462                      .dwattr $C$DW$26, DW_AT_name("state_ChangeState")
     463                      .dwattr $C$DW$26, DW_AT_TI_call
     464              
     465 00000091 7640!         LCR       #||state_ChangeState|| ; [CPU_ALU] |102| 
         00000092 0000 
     466                      ; call occurs [#||state_ChangeState||] ; [] |102| 
     467              $C$DW$27        .dwtag  DW_TAG_TI_branch
     468                      .dwattr $C$DW$27, DW_AT_low_pc(0x00)
     469                      .dwattr $C$DW$27, DW_AT_TI_return
     470              
     471 00000093 0006          LRETR     ; [CPU_ALU] 
     472                      ; return occurs ; [] 
     473                      .dwcfi  restore_state
     474 00000094       ||$C$L11||:    
     475                      .dwcfi  remember_state
     476 00000094 761F!         MOVW      DP,#||StateFlag||     ; [CPU_ARAU] 
         00000095 0000 
     477                      .dwpsn  file "D:/15_Delta/14. ANPC Converter/ANPC_3Layer/TMS320F280049C/device/driverlib/gpio.h",line
     478 00000096 FF2F          MOV       ACC,#1024 << 15       ; [CPU_ALU] |466| 
         00000097 0400 
     479                      .dwpsn  file "D:/15_Delta/14. ANPC Converter/ANPC_3Layer/Source/app/app_state.c",line 92,column 13,is
     480 00000098 1A00!         OR        @||StateFlag||,#0x0002 ; [CPU_ALU] |92| 
         00000099 0002 
     481                      .dwpsn  file "D:/15_Delta/14. ANPC Converter/ANPC_3Layer/TMS320F280049C/device/driverlib/gpio.h",line
     482 0000009a BDA9          MOV32     *(0:0x7f0a),ACC       ; [CPU_FPU] |466| 
         0000009b 7F0A 
     483              $C$DW$28        .dwtag  DW_TAG_TI_branch
     484                      .dwattr $C$DW$28, DW_AT_low_pc(0x00)
     485                      .dwattr $C$DW$28, DW_AT_TI_return
     486              
     487 0000009c 0006          LRETR     ; [CPU_ALU] 
     488                      ; return occurs ; [] 
     489                      .dwcfi  restore_state
     490 0000009d       ||$C$L12||:    
     491                      .dwpsn  file "D:/15_Delta/14. ANPC Converter/ANPC_3Layer/Source/app/app_state.c",line 107,column 13,i
     492 0000009d 8F00!         MOVL      XAR4,#||state_Shutdown|| ; [CPU_ARAU] |107| 
         0000009e 0000 
     493                      .dwpsn  file "D:/15_Delta/14. ANPC Converter/ANPC_3Layer/Source/app/app_state.c",line 108,column 13,i
     494 0000009f 6FF2          B         ||$C$L10||,UNC        ; [CPU_ALU] |108| 
     495                      ; branch occurs ; [] |108| 
     496 000000a0       ||$C$L13||:    
     497                      .dwcfi  remember_state
     498                      .dwpsn  file "D:/15_Delta/14. ANPC Converter/ANPC_3Layer/TMS320F280049C/device/driverlib/gpio.h",line
     499 000000a0 9A00          MOVB      AL,#0                 ; [CPU_ALU] |466| 
     500 000000a1 28A8          MOV       AH,#32768             ; [CPU_ALU] |466| 
TMS320C2000 Assembler PC v22.6.0 Mon Apr 21 09:04:20 2025

Copyright (c) 1996-2018 Texas Instruments Incorporated
app_state.asm                                                        PAGE   11

         000000a2 8000 
     501 000000a3 BDA9          MOV32     *(0:0x7f02),ACC       ; [CPU_FPU] |466| 
         000000a4 7F02 
     502              $C$DW$29        .dwtag  DW_TAG_TI_branch
     503                      .dwattr $C$DW$29, DW_AT_low_pc(0x00)
     504                      .dwattr $C$DW$29, DW_AT_TI_return
     505              
     506 000000a5 0006          LRETR     ; [CPU_ALU] 
     507                      ; return occurs ; [] 
     508                      .dwcfi  restore_state
     509 000000a6       ||$C$L14||:    
     510 000000a6 761F!         MOVW      DP,#||CurrentState||  ; [CPU_ARAU] 
         000000a7 0000 
     511                      .dwpsn  file "D:/15_Delta/14. ANPC Converter/ANPC_3Layer/Source/app/app_state.c",line 81,column 13,is
     512 000000a8 56BF!         MOVB      @||CurrentState||,#2,UNC ; [CPU_ALU] |81| 
         000000a9 0200 
     513                      .dwpsn  file "D:/15_Delta/14. ANPC Converter/ANPC_3Layer/TMS320F280049C/device/driverlib/epwm.h",line
     514 000000aa 7622          EALLOW    ; [CPU_ALU] |4654| 
     515                      .dwpsn  file "D:/15_Delta/14. ANPC Converter/ANPC_3Layer/TMS320F280049C/device/driverlib/epwm.h",line
     516 000000ab F5A9          MOV       AL,*(0:0x409b)        ; [CPU_ALU] |4655| 
         000000ac 409B 
     517 000000ad 5004          ORB       AL,#0x04              ; [CPU_ALU] |4655| 
     518 000000ae F4A9          MOV       *(0:0x409b),AL        ; [CPU_ALU] |4655| 
         000000af 409B 
     519 000000b0 F5A9          MOV       AL,*(0:0x419b)        ; [CPU_ALU] |4655| 
         000000b1 419B 
     520 000000b2 5004          ORB       AL,#0x04              ; [CPU_ALU] |4655| 
     521 000000b3 F4A9          MOV       *(0:0x419b),AL        ; [CPU_ALU] |4655| 
         000000b4 419B 
     522 000000b5 F5A9          MOV       AL,*(0:0x429b)        ; [CPU_ALU] |4655| 
         000000b6 429B 
     523 000000b7 5004          ORB       AL,#0x04              ; [CPU_ALU] |4655| 
     524 000000b8 F4A9          MOV       *(0:0x429b),AL        ; [CPU_ALU] |4655| 
         000000b9 429B 
     525 000000ba F5A9          MOV       AL,*(0:0x439b)        ; [CPU_ALU] |4655| 
         000000bb 439B 
     526 000000bc 5004          ORB       AL,#0x04              ; [CPU_ALU] |4655| 
     527 000000bd F4A9          MOV       *(0:0x439b),AL        ; [CPU_ALU] |4655| 
         000000be 439B 
     528 000000bf F5A9          MOV       AL,*(0:0x469b)        ; [CPU_ALU] |4655| 
         000000c0 469B 
     529 000000c1 5004          ORB       AL,#0x04              ; [CPU_ALU] |4655| 
     530 000000c2 F4A9          MOV       *(0:0x469b),AL        ; [CPU_ALU] |4655| 
         000000c3 469B 
     531 000000c4 F5A9          MOV       AL,*(0:0x479b)        ; [CPU_ALU] |4655| 
         000000c5 479B 
     532 000000c6 5004          ORB       AL,#0x04              ; [CPU_ALU] |4655| 
     533 000000c7 F4A9          MOV       *(0:0x479b),AL        ; [CPU_ALU] |4655| 
         000000c8 479B 
     534                      .dwpsn  file "D:/15_Delta/14. ANPC Converter/ANPC_3Layer/TMS320F280049C/device/driverlib/epwm.h",line
     535 000000c9 761A          EDIS      ; [CPU_ALU] |4656| 
     536                      .dwpsn  file "D:/15_Delta/14. ANPC Converter/ANPC_3Layer/TMS320F280049C/device/driverlib/gpio.h",line
     537 000000ca FF2F          MOV       ACC,#1024 << 15       ; [CPU_ALU] |462| 
         000000cb 0400 
     538 000000cc BDA9          MOV32     *(0:0x7f0c),ACC       ; [CPU_FPU] |462| 
TMS320C2000 Assembler PC v22.6.0 Mon Apr 21 09:04:20 2025

Copyright (c) 1996-2018 Texas Instruments Incorporated
app_state.asm                                                        PAGE   12

         000000cd 7F0C 
     539 000000ce 9A00          MOVB      AL,#0                 ; [CPU_ALU] |462| 
     540 000000cf 28A8          MOV       AH,#32768             ; [CPU_ALU] |462| 
         000000d0 8000 
     541 000000d1 BDA9          MOV32     *(0:0x7f04),ACC       ; [CPU_FPU] |462| 
         000000d2 7F04 
     542              ||$C$L15||:    
     543              $C$DW$30        .dwtag  DW_TAG_TI_branch
     544                      .dwattr $C$DW$30, DW_AT_low_pc(0x00)
     545                      .dwattr $C$DW$30, DW_AT_TI_return
     546              
     547 000000d3 0006          LRETR     ; [CPU_ALU] 
     548                      ; return occurs ; [] 
     549                      .dwattr $C$DW$23, DW_AT_TI_end_file("D:/15_Delta/14. ANPC Converter/ANPC_3Layer/Source/app/app_state.
     550                      .dwattr $C$DW$23, DW_AT_TI_end_line(0x8f)
     551                      .dwattr $C$DW$23, DW_AT_TI_end_column(0x01)
     552                      .dwendentry
     553                      .dwendtag $C$DW$23
     554              
     555 000000d4               .sect   ".text"
     556                      .clink
     557                      .global ||state_ChangeState||
     558              
     559              $C$DW$31        .dwtag  DW_TAG_subprogram
     560                      .dwattr $C$DW$31, DW_AT_name("state_ChangeState")
     561                      .dwattr $C$DW$31, DW_AT_low_pc(||state_ChangeState||)
     562                      .dwattr $C$DW$31, DW_AT_high_pc(0x00)
     563                      .dwattr $C$DW$31, DW_AT_linkage_name("state_ChangeState")
     564                      .dwattr $C$DW$31, DW_AT_external
     565                      .dwattr $C$DW$31, DW_AT_decl_file("D:/15_Delta/14. ANPC Converter/ANPC_3Layer/Source/app/app_state.c"
     566                      .dwattr $C$DW$31, DW_AT_decl_line(0x12e)
     567                      .dwattr $C$DW$31, DW_AT_decl_column(0x06)
     568                      .dwattr $C$DW$31, DW_AT_TI_max_frame_size(-4)
     569                      .dwpsn  file "D:/15_Delta/14. ANPC Converter/ANPC_3Layer/Source/app/app_state.c",line 303,column 1,is
     570              
     571                      .dwfde $C$DW$CIE, ||state_ChangeState||
     572              $C$DW$32        .dwtag  DW_TAG_formal_parameter
     573                      .dwattr $C$DW$32, DW_AT_name("pvStateEventHandler")
     574                      .dwattr $C$DW$32, DW_AT_type(*$C$DW$T$57)
     575                      .dwattr $C$DW$32, DW_AT_location[DW_OP_reg12]
     576              
     577              
     578              ;***************************************************************
     579              ;* FNAME: state_ChangeState             FR SIZE:   2           *
     580              ;*                                                             *
     581              ;* FUNCTION ENVIRONMENT                                        *
     582              ;*                                                             *
     583              ;* FUNCTION PROPERTIES                                         *
     584              ;*                            0 Parameter,  0 Auto,  2 SOE     *
     585              ;***************************************************************
     586              
     587              ||state_ChangeState||:
     588              ;* AR1   assigned to pvStateEventHandler
     589              $C$DW$33        .dwtag  DW_TAG_variable
     590                      .dwattr $C$DW$33, DW_AT_name("pvStateEventHandler")
TMS320C2000 Assembler PC v22.6.0 Mon Apr 21 09:04:20 2025

Copyright (c) 1996-2018 Texas Instruments Incorporated
app_state.asm                                                        PAGE   13

     591                      .dwattr $C$DW$33, DW_AT_type(*$C$DW$T$58)
     592                      .dwattr $C$DW$33, DW_AT_location[DW_OP_reg6]
     593              
     594                      .dwcfi  cfa_offset, -2
     595                      .dwcfi  save_reg_to_mem, 26, 0
     596 000000d4 761F!         MOVW      DP,#||pvHandleEvent|| ; [CPU_ARAU] 
         000000d5 0000 
     597 000000d6 B2BD          MOVL      *SP++,XAR1            ; [CPU_ALU] 
     598                      .dwcfi  save_reg_to_mem, 7, 2
     599                      .dwcfi  cfa_offset, -4
     600                      .dwpsn  file "D:/15_Delta/14. ANPC Converter/ANPC_3Layer/Source/app/app_state.c",line 311,column 5,is
     601 000000d7 C500!         MOVL      XAR7,@||pvHandleEvent|| ; [CPU_ALU] |311| 
     602 000000d8 9A02          MOVB      AL,#2                 ; [CPU_ALU] |311| 
     603                      .dwpsn  file "D:/15_Delta/14. ANPC Converter/ANPC_3Layer/Source/app/app_state.c",line 303,column 1,is
     604 000000d9 8BA4          MOVL      XAR1,XAR4             ; [CPU_ALU] |303| 
     605                      .dwpsn  file "D:/15_Delta/14. ANPC Converter/ANPC_3Layer/Source/app/app_state.c",line 311,column 5,is
     606              $C$DW$34        .dwtag  DW_TAG_TI_branch
     607                      .dwattr $C$DW$34, DW_AT_low_pc(0x00)
     608                      .dwattr $C$DW$34, DW_AT_TI_call
     609                      .dwattr $C$DW$34, DW_AT_TI_indirect
     610              
     611 000000da 3E67          LCR       *XAR7                 ; [CPU_ALU] |311| 
     612                      ; call occurs [XAR7] ; [] |311| 
     613 000000db 761F!         MOVW      DP,#||pvHandleEvent|| ; [CPU_ARAU] 
         000000dc 0000 
     614                      .dwpsn  file "D:/15_Delta/14. ANPC Converter/ANPC_3Layer/Source/app/app_state.c",line 317,column 5,is
     615 000000dd 9A01          MOVB      AL,#1                 ; [CPU_ALU] |317| 
     616 000000de C5A1          MOVL      XAR7,XAR1             ; [CPU_ALU] |317| 
     617                      .dwpsn  file "D:/15_Delta/14. ANPC Converter/ANPC_3Layer/Source/app/app_state.c",line 314,column 5,is
     618 000000df B200!         MOVL      @||pvHandleEvent||,XAR1 ; [CPU_ALU] |314| 
     619                      .dwpsn  file "D:/15_Delta/14. ANPC Converter/ANPC_3Layer/Source/app/app_state.c",line 317,column 5,is
     620              $C$DW$35        .dwtag  DW_TAG_TI_branch
     621                      .dwattr $C$DW$35, DW_AT_low_pc(0x00)
     622                      .dwattr $C$DW$35, DW_AT_TI_call
     623                      .dwattr $C$DW$35, DW_AT_TI_indirect
     624              
     625 000000e0 3E67          LCR       *XAR7                 ; [CPU_ALU] |317| 
     626                      ; call occurs [XAR7] ; [] |317| 
     627 000000e1 8BBE          MOVL      XAR1,*--SP            ; [CPU_ALU] 
     628                      .dwcfi  cfa_offset, -2
     629                      .dwcfi  restore_reg, 7
     630              $C$DW$36        .dwtag  DW_TAG_TI_branch
     631                      .dwattr $C$DW$36, DW_AT_low_pc(0x00)
     632                      .dwattr $C$DW$36, DW_AT_TI_return
     633              
     634 000000e2 0006          LRETR     ; [CPU_ALU] 
     635                      ; return occurs ; [] 
     636                      .dwattr $C$DW$31, DW_AT_TI_end_file("D:/15_Delta/14. ANPC Converter/ANPC_3Layer/Source/app/app_state.
     637                      .dwattr $C$DW$31, DW_AT_TI_end_line(0x13f)
     638                      .dwattr $C$DW$31, DW_AT_TI_end_column(0x01)
     639                      .dwendentry
     640                      .dwendtag $C$DW$31
     641              
     642 000000e3               .sect   ".text"
     643                      .clink
TMS320C2000 Assembler PC v22.6.0 Mon Apr 21 09:04:20 2025

Copyright (c) 1996-2018 Texas Instruments Incorporated
app_state.asm                                                        PAGE   14

     644              
     645              $C$DW$37        .dwtag  DW_TAG_subprogram
     646                      .dwattr $C$DW$37, DW_AT_name("state_Standby")
     647                      .dwattr $C$DW$37, DW_AT_low_pc(||state_Standby||)
     648                      .dwattr $C$DW$37, DW_AT_high_pc(0x00)
     649                      .dwattr $C$DW$37, DW_AT_linkage_name("state_Standby")
     650                      .dwattr $C$DW$37, DW_AT_decl_file("D:/15_Delta/14. ANPC Converter/ANPC_3Layer/Source/app/app_state.c"
     651                      .dwattr $C$DW$37, DW_AT_decl_line(0x2f)
     652                      .dwattr $C$DW$37, DW_AT_decl_column(0x0d)
     653                      .dwattr $C$DW$37, DW_AT_TI_max_frame_size(-2)
     654                      .dwpsn  file "D:/15_Delta/14. ANPC Converter/ANPC_3Layer/Source/app/app_state.c",line 48,column 1,is_
     655              
     656                      .dwfde $C$DW$CIE, ||state_Standby||
     657              $C$DW$38        .dwtag  DW_TAG_formal_parameter
     658                      .dwattr $C$DW$38, DW_AT_name("event")
     659                      .dwattr $C$DW$38, DW_AT_type(*$C$DW$T$34)
     660                      .dwattr $C$DW$38, DW_AT_location[DW_OP_reg0]
     661              
     662              
     663              ;***************************************************************
     664              ;* FNAME: state_Standby                 FR SIZE:   0           *
     665              ;*                                                             *
     666              ;* FUNCTION ENVIRONMENT                                        *
     667              ;*                                                             *
     668              ;* FUNCTION PROPERTIES                                         *
     669              ;*                            0 Parameter,  0 Auto,  0 SOE     *
     670              ;***************************************************************
     671              
     672 000000e3       ||state_Standby||:
     673                      .dwcfi  cfa_offset, -2
     674                      .dwcfi  save_reg_to_mem, 26, 0
     675                      .dwpsn  file "D:/15_Delta/14. ANPC Converter/ANPC_3Layer/Source/app/app_state.c",line 49,column 5,is_
     676 000000e3 5201          CMPB      AL,#1                 ; [CPU_ALU] |49| 
     677 000000e4 6108          B         ||$C$L16||,EQ         ; [CPU_ALU] |49| 
     678                      ; branchcc occurs ; [] |49| 
     679 000000e5 520B          CMPB      AL,#11                ; [CPU_ALU] |49| 
     680 000000e6 6033          B         ||$C$L17||,NEQ        ; [CPU_ALU] |49| 
     681                      ; branchcc occurs ; [] |49| 
     682                      .dwcfi  remember_state
     683                      .dwpsn  file "D:/15_Delta/14. ANPC Converter/ANPC_3Layer/Source/app/app_state.c",line 63,column 13,is
     684 000000e7 8F00!         MOVL      XAR4,#||state_Precharge|| ; [CPU_ARAU] |63| 
         000000e8 0000 
     685              $C$DW$39        .dwtag  DW_TAG_TI_branch
     686                      .dwattr $C$DW$39, DW_AT_low_pc(0x00)
     687                      .dwattr $C$DW$39, DW_AT_name("state_ChangeState")
     688                      .dwattr $C$DW$39, DW_AT_TI_call
     689              
     690 000000e9 7640!         LCR       #||state_ChangeState|| ; [CPU_ALU] |63| 
         000000ea 0000 
     691                      ; call occurs [#||state_ChangeState||] ; [] |63| 
     692              $C$DW$40        .dwtag  DW_TAG_TI_branch
     693                      .dwattr $C$DW$40, DW_AT_low_pc(0x00)
     694                      .dwattr $C$DW$40, DW_AT_TI_return
     695              
     696 000000eb 0006          LRETR     ; [CPU_ALU] 
TMS320C2000 Assembler PC v22.6.0 Mon Apr 21 09:04:20 2025

Copyright (c) 1996-2018 Texas Instruments Incorporated
app_state.asm                                                        PAGE   15

     697                      ; return occurs ; [] 
     698                      .dwcfi  restore_state
     699 000000ec       ||$C$L16||:    
     700 000000ec 761F!         MOVW      DP,#||CurrentState||  ; [CPU_ARAU] 
         000000ed 0000 
     701                      .dwpsn  file "D:/15_Delta/14. ANPC Converter/ANPC_3Layer/Source/app/app_state.c",line 53,column 13,is
     702 000000ee 56BF!         MOVB      @||CurrentState||,#1,UNC ; [CPU_ALU] |53| 
         000000ef 0100 
     703                      .dwpsn  file "D:/15_Delta/14. ANPC Converter/ANPC_3Layer/TMS320F280049C/device/driverlib/epwm.h",line
     704 000000f0 7622          EALLOW    ; [CPU_ALU] |4654| 
     705                      .dwpsn  file "D:/15_Delta/14. ANPC Converter/ANPC_3Layer/TMS320F280049C/device/driverlib/epwm.h",line
     706 000000f1 F5A9          MOV       AL,*(0:0x409b)        ; [CPU_ALU] |4655| 
         000000f2 409B 
     707 000000f3 5004          ORB       AL,#0x04              ; [CPU_ALU] |4655| 
     708 000000f4 F4A9          MOV       *(0:0x409b),AL        ; [CPU_ALU] |4655| 
         000000f5 409B 
     709 000000f6 F5A9          MOV       AL,*(0:0x419b)        ; [CPU_ALU] |4655| 
         000000f7 419B 
     710 000000f8 5004          ORB       AL,#0x04              ; [CPU_ALU] |4655| 
     711 000000f9 F4A9          MOV       *(0:0x419b),AL        ; [CPU_ALU] |4655| 
         000000fa 419B 
     712 000000fb F5A9          MOV       AL,*(0:0x429b)        ; [CPU_ALU] |4655| 
         000000fc 429B 
     713 000000fd 5004          ORB       AL,#0x04              ; [CPU_ALU] |4655| 
     714 000000fe F4A9          MOV       *(0:0x429b),AL        ; [CPU_ALU] |4655| 
         000000ff 429B 
     715 00000100 F5A9          MOV       AL,*(0:0x439b)        ; [CPU_ALU] |4655| 
         00000101 439B 
     716 00000102 5004          ORB       AL,#0x04              ; [CPU_ALU] |4655| 
     717 00000103 F4A9          MOV       *(0:0x439b),AL        ; [CPU_ALU] |4655| 
         00000104 439B 
     718 00000105 F5A9          MOV       AL,*(0:0x469b)        ; [CPU_ALU] |4655| 
         00000106 469B 
     719 00000107 5004          ORB       AL,#0x04              ; [CPU_ALU] |4655| 
     720 00000108 F4A9          MOV       *(0:0x469b),AL        ; [CPU_ALU] |4655| 
         00000109 469B 
     721 0000010a F5A9          MOV       AL,*(0:0x479b)        ; [CPU_ALU] |4655| 
         0000010b 479B 
     722 0000010c 5004          ORB       AL,#0x04              ; [CPU_ALU] |4655| 
     723 0000010d F4A9          MOV       *(0:0x479b),AL        ; [CPU_ALU] |4655| 
         0000010e 479B 
     724                      .dwpsn  file "D:/15_Delta/14. ANPC Converter/ANPC_3Layer/TMS320F280049C/device/driverlib/epwm.h",line
     725 0000010f 761A          EDIS      ; [CPU_ALU] |4656| 
     726                      .dwpsn  file "D:/15_Delta/14. ANPC Converter/ANPC_3Layer/TMS320F280049C/device/driverlib/gpio.h",line
     727 00000110 FF2F          MOV       ACC,#1024 << 15       ; [CPU_ALU] |462| 
         00000111 0400 
     728 00000112 BDA9          MOV32     *(0:0x7f0c),ACC       ; [CPU_FPU] |462| 
         00000113 7F0C 
     729 00000114 9A00          MOVB      AL,#0                 ; [CPU_ALU] |462| 
     730 00000115 28A8          MOV       AH,#32768             ; [CPU_ALU] |462| 
         00000116 8000 
     731 00000117 BDA9          MOV32     *(0:0x7f04),ACC       ; [CPU_FPU] |462| 
         00000118 7F04 
     732              ||$C$L17||:    
     733              $C$DW$41        .dwtag  DW_TAG_TI_branch
TMS320C2000 Assembler PC v22.6.0 Mon Apr 21 09:04:20 2025

Copyright (c) 1996-2018 Texas Instruments Incorporated
app_state.asm                                                        PAGE   16

     734                      .dwattr $C$DW$41, DW_AT_low_pc(0x00)
     735                      .dwattr $C$DW$41, DW_AT_TI_return
     736              
     737 00000119 0006          LRETR     ; [CPU_ALU] 
     738                      ; return occurs ; [] 
     739                      .dwattr $C$DW$37, DW_AT_TI_end_file("D:/15_Delta/14. ANPC Converter/ANPC_3Layer/Source/app/app_state.
     740                      .dwattr $C$DW$37, DW_AT_TI_end_line(0x49)
     741                      .dwattr $C$DW$37, DW_AT_TI_end_column(0x01)
     742                      .dwendentry
     743                      .dwendtag $C$DW$37
     744              
     745 0000011a               .sect   ".text"
     746                      .clink
     747                      .global ||state_SetCurrentState||
     748              
     749              $C$DW$42        .dwtag  DW_TAG_subprogram
     750                      .dwattr $C$DW$42, DW_AT_name("state_SetCurrentState")
     751                      .dwattr $C$DW$42, DW_AT_low_pc(||state_SetCurrentState||)
     752                      .dwattr $C$DW$42, DW_AT_high_pc(0x00)
     753                      .dwattr $C$DW$42, DW_AT_linkage_name("state_SetCurrentState")
     754                      .dwattr $C$DW$42, DW_AT_external
     755                      .dwattr $C$DW$42, DW_AT_decl_file("D:/15_Delta/14. ANPC Converter/ANPC_3Layer/Source/app/app_state.c"
     756                      .dwattr $C$DW$42, DW_AT_decl_line(0x141)
     757                      .dwattr $C$DW$42, DW_AT_decl_column(0x06)
     758                      .dwattr $C$DW$42, DW_AT_TI_max_frame_size(-2)
     759                      .dwpsn  file "D:/15_Delta/14. ANPC Converter/ANPC_3Layer/Source/app/app_state.c",line 322,column 1,is
     760              
     761                      .dwfde $C$DW$CIE, ||state_SetCurrentState||
     762              $C$DW$43        .dwtag  DW_TAG_formal_parameter
     763                      .dwattr $C$DW$43, DW_AT_name("event")
     764                      .dwattr $C$DW$43, DW_AT_type(*$C$DW$T$59)
     765                      .dwattr $C$DW$43, DW_AT_location[DW_OP_reg12]
     766              
     767              
     768              ;***************************************************************
     769              ;* FNAME: state_SetCurrentState         FR SIZE:   0           *
     770              ;*                                                             *
     771              ;* FUNCTION ENVIRONMENT                                        *
     772              ;*                                                             *
     773              ;* FUNCTION PROPERTIES                                         *
     774              ;*                            0 Parameter,  0 Auto,  0 SOE     *
     775              ;***************************************************************
     776              
     777              ||state_SetCurrentState||:
     778              ;* AR4   assigned to event
     779              $C$DW$44        .dwtag  DW_TAG_variable
     780                      .dwattr $C$DW$44, DW_AT_name("event")
     781                      .dwattr $C$DW$44, DW_AT_type(*$C$DW$T$60)
     782                      .dwattr $C$DW$44, DW_AT_location[DW_OP_reg12]
     783              
     784                      .dwcfi  cfa_offset, -2
     785                      .dwcfi  save_reg_to_mem, 26, 0
     786 0000011a 761F!         MOVW      DP,#||pvHandleEvent|| ; [CPU_ARAU] 
         0000011b 0000 
     787                      .dwpsn  file "D:/15_Delta/14. ANPC Converter/ANPC_3Layer/Source/app/app_state.c",line 323,column 5,is
TMS320C2000 Assembler PC v22.6.0 Mon Apr 21 09:04:20 2025

Copyright (c) 1996-2018 Texas Instruments Incorporated
app_state.asm                                                        PAGE   17

     788 0000011c A800!         MOVL      @||pvHandleEvent||,XAR4 ; [CPU_ALU] |323| 
     789              $C$DW$45        .dwtag  DW_TAG_TI_branch
     790                      .dwattr $C$DW$45, DW_AT_low_pc(0x00)
     791                      .dwattr $C$DW$45, DW_AT_TI_return
     792              
     793 0000011d 0006          LRETR     ; [CPU_ALU] 
     794                      ; return occurs ; [] 
     795                      .dwattr $C$DW$42, DW_AT_TI_end_file("D:/15_Delta/14. ANPC Converter/ANPC_3Layer/Source/app/app_state.
     796                      .dwattr $C$DW$42, DW_AT_TI_end_line(0x144)
     797                      .dwattr $C$DW$42, DW_AT_TI_end_column(0x01)
     798                      .dwendentry
     799                      .dwendtag $C$DW$42
     800              
     801 0000011e               .sect   ".text"
     802                      .clink
     803                      .global ||state_ResetStateFlag||
     804              
     805              $C$DW$46        .dwtag  DW_TAG_subprogram
     806                      .dwattr $C$DW$46, DW_AT_name("state_ResetStateFlag")
     807                      .dwattr $C$DW$46, DW_AT_low_pc(||state_ResetStateFlag||)
     808                      .dwattr $C$DW$46, DW_AT_high_pc(0x00)
     809                      .dwattr $C$DW$46, DW_AT_linkage_name("state_ResetStateFlag")
     810                      .dwattr $C$DW$46, DW_AT_external
     811                      .dwattr $C$DW$46, DW_AT_decl_file("D:/15_Delta/14. ANPC Converter/ANPC_3Layer/Source/app/app_state.c"
     812                      .dwattr $C$DW$46, DW_AT_decl_line(0x164)
     813                      .dwattr $C$DW$46, DW_AT_decl_column(0x06)
     814                      .dwattr $C$DW$46, DW_AT_TI_max_frame_size(-2)
     815                      .dwpsn  file "D:/15_Delta/14. ANPC Converter/ANPC_3Layer/Source/app/app_state.c",line 357,column 1,is
     816              
     817                      .dwfde $C$DW$CIE, ||state_ResetStateFlag||
     818              
     819              ;***************************************************************
     820              ;* FNAME: state_ResetStateFlag          FR SIZE:   0           *
     821              ;*                                                             *
     822              ;* FUNCTION ENVIRONMENT                                        *
     823              ;*                                                             *
     824              ;* FUNCTION PROPERTIES                                         *
     825              ;*                            0 Parameter,  0 Auto,  0 SOE     *
     826              ;***************************************************************
     827              
     828 0000011e       ||state_ResetStateFlag||:
     829                      .dwcfi  cfa_offset, -2
     830                      .dwcfi  save_reg_to_mem, 26, 0
     831 0000011e 761F!         MOVW      DP,#||StateFlag||     ; [CPU_ARAU] 
         0000011f 0000 
     832                      .dwpsn  file "D:/15_Delta/14. ANPC Converter/ANPC_3Layer/Source/app/app_state.c",line 358,column 5,is
     833 00000120 2B00!         MOV       @||StateFlag||,#0     ; [CPU_ALU] |358| 
     834              $C$DW$47        .dwtag  DW_TAG_TI_branch
     835                      .dwattr $C$DW$47, DW_AT_low_pc(0x00)
     836                      .dwattr $C$DW$47, DW_AT_TI_return
     837              
     838 00000121 0006          LRETR     ; [CPU_ALU] 
     839                      ; return occurs ; [] 
     840                      .dwattr $C$DW$46, DW_AT_TI_end_file("D:/15_Delta/14. ANPC Converter/ANPC_3Layer/Source/app/app_state.
     841                      .dwattr $C$DW$46, DW_AT_TI_end_line(0x167)
TMS320C2000 Assembler PC v22.6.0 Mon Apr 21 09:04:20 2025

Copyright (c) 1996-2018 Texas Instruments Incorporated
app_state.asm                                                        PAGE   18

     842                      .dwattr $C$DW$46, DW_AT_TI_end_column(0x01)
     843                      .dwendentry
     844                      .dwendtag $C$DW$46
     845              
     846 00000122               .sect   ".text"
     847                      .clink
     848                      .global ||state_ReportEvent||
     849              
     850              $C$DW$48        .dwtag  DW_TAG_subprogram
     851                      .dwattr $C$DW$48, DW_AT_name("state_ReportEvent")
     852                      .dwattr $C$DW$48, DW_AT_low_pc(||state_ReportEvent||)
     853                      .dwattr $C$DW$48, DW_AT_high_pc(0x00)
     854                      .dwattr $C$DW$48, DW_AT_linkage_name("state_ReportEvent")
     855                      .dwattr $C$DW$48, DW_AT_external
     856                      .dwattr $C$DW$48, DW_AT_decl_file("D:/15_Delta/14. ANPC Converter/ANPC_3Layer/Source/app/app_state.c"
     857                      .dwattr $C$DW$48, DW_AT_decl_line(0x129)
     858                      .dwattr $C$DW$48, DW_AT_decl_column(0x06)
     859                      .dwattr $C$DW$48, DW_AT_TI_max_frame_size(-2)
     860                      .dwpsn  file "D:/15_Delta/14. ANPC Converter/ANPC_3Layer/Source/app/app_state.c",line 298,column 1,is
     861              
     862                      .dwfde $C$DW$CIE, ||state_ReportEvent||
     863              $C$DW$49        .dwtag  DW_TAG_formal_parameter
     864                      .dwattr $C$DW$49, DW_AT_name("event")
     865                      .dwattr $C$DW$49, DW_AT_type(*$C$DW$T$34)
     866                      .dwattr $C$DW$49, DW_AT_location[DW_OP_reg0]
     867              
     868              
     869              ;***************************************************************
     870              ;* FNAME: state_ReportEvent             FR SIZE:   0           *
     871              ;*                                                             *
     872              ;* FUNCTION ENVIRONMENT                                        *
     873              ;*                                                             *
     874              ;* FUNCTION PROPERTIES                                         *
     875              ;*                            0 Parameter,  0 Auto,  0 SOE     *
     876              ;***************************************************************
     877              
     878 00000122       ||state_ReportEvent||:
     879                      .dwcfi  cfa_offset, -2
     880                      .dwcfi  save_reg_to_mem, 26, 0
     881 00000122 761F!         MOVW      DP,#||pvHandleEvent|| ; [CPU_ARAU] 
         00000123 0000 
     882                      .dwpsn  file "D:/15_Delta/14. ANPC Converter/ANPC_3Layer/Source/app/app_state.c",line 299,column 5,is
     883 00000124 C500!         MOVL      XAR7,@||pvHandleEvent|| ; [CPU_ALU] |299| 
     884              $C$DW$50        .dwtag  DW_TAG_TI_branch
     885                      .dwattr $C$DW$50, DW_AT_low_pc(0x00)
     886                      .dwattr $C$DW$50, DW_AT_TI_call
     887                      .dwattr $C$DW$50, DW_AT_TI_indirect
     888              
     889 00000125 3E67          LCR       *XAR7                 ; [CPU_ALU] |299| 
     890                      ; call occurs [XAR7] ; [] |299| 
     891              $C$DW$51        .dwtag  DW_TAG_TI_branch
     892                      .dwattr $C$DW$51, DW_AT_low_pc(0x00)
     893                      .dwattr $C$DW$51, DW_AT_TI_return
     894              
     895 00000126 0006          LRETR     ; [CPU_ALU] 
TMS320C2000 Assembler PC v22.6.0 Mon Apr 21 09:04:20 2025

Copyright (c) 1996-2018 Texas Instruments Incorporated
app_state.asm                                                        PAGE   19

     896                      ; return occurs ; [] 
     897                      .dwattr $C$DW$48, DW_AT_TI_end_file("D:/15_Delta/14. ANPC Converter/ANPC_3Layer/Source/app/app_state.
     898                      .dwattr $C$DW$48, DW_AT_TI_end_line(0x12c)
     899                      .dwattr $C$DW$48, DW_AT_TI_end_column(0x01)
     900                      .dwendentry
     901                      .dwendtag $C$DW$48
     902              
     903 00000127               .sect   ".text"
     904                      .clink
     905                      .global ||state_IsStandby||
     906              
     907              $C$DW$52        .dwtag  DW_TAG_subprogram
     908                      .dwattr $C$DW$52, DW_AT_name("state_IsStandby")
     909                      .dwattr $C$DW$52, DW_AT_low_pc(||state_IsStandby||)
     910                      .dwattr $C$DW$52, DW_AT_high_pc(0x00)
     911                      .dwattr $C$DW$52, DW_AT_linkage_name("state_IsStandby")
     912                      .dwattr $C$DW$52, DW_AT_external
     913                      .dwattr $C$DW$52, DW_AT_type(*$C$DW$T$84)
     914                      .dwattr $C$DW$52, DW_AT_decl_file("D:/15_Delta/14. ANPC Converter/ANPC_3Layer/Source/app/app_state.c"
     915                      .dwattr $C$DW$52, DW_AT_decl_line(0x14b)
     916                      .dwattr $C$DW$52, DW_AT_decl_column(0x06)
     917                      .dwattr $C$DW$52, DW_AT_TI_max_frame_size(-2)
     918                      .dwpsn  file "D:/15_Delta/14. ANPC Converter/ANPC_3Layer/Source/app/app_state.c",line 332,column 1,is
     919              
     920                      .dwfde $C$DW$CIE, ||state_IsStandby||
     921              
     922              ;***************************************************************
     923              ;* FNAME: state_IsStandby               FR SIZE:   0           *
     924              ;*                                                             *
     925              ;* FUNCTION ENVIRONMENT                                        *
     926              ;*                                                             *
     927              ;* FUNCTION PROPERTIES                                         *
     928              ;*                            0 Parameter,  0 Auto,  0 SOE     *
     929              ;***************************************************************
     930              
     931 00000127       ||state_IsStandby||:
     932                      .dwcfi  cfa_offset, -2
     933                      .dwcfi  save_reg_to_mem, 26, 0
     934 00000127 761F!         MOVW      DP,#||CurrentState||  ; [CPU_ARAU] 
         00000128 0000 
     935                      .dwpsn  file "D:/15_Delta/14. ANPC Converter/ANPC_3Layer/Source/app/app_state.c",line 333,column 5,is
     936 00000129 9A00          MOVB      AL,#0                 ; [CPU_ALU] |333| 
     937 0000012a 9300!         MOV       AH,@||CurrentState||  ; [CPU_ALU] |333| 
     938 0000012b 5301          CMPB      AH,#1                 ; [CPU_ALU] |333| 
     939 0000012c 56B1          MOVB      AL,#1,EQ              ; [CPU_ALU] |333| 
         0000012d 01A9 
     940              $C$DW$53        .dwtag  DW_TAG_TI_branch
     941                      .dwattr $C$DW$53, DW_AT_low_pc(0x00)
     942                      .dwattr $C$DW$53, DW_AT_TI_return
     943              
     944 0000012e 0006          LRETR     ; [CPU_ALU] 
     945                      ; return occurs ; [] 
     946                      .dwattr $C$DW$52, DW_AT_TI_end_file("D:/15_Delta/14. ANPC Converter/ANPC_3Layer/Source/app/app_state.
     947                      .dwattr $C$DW$52, DW_AT_TI_end_line(0x14e)
     948                      .dwattr $C$DW$52, DW_AT_TI_end_column(0x01)
TMS320C2000 Assembler PC v22.6.0 Mon Apr 21 09:04:20 2025

Copyright (c) 1996-2018 Texas Instruments Incorporated
app_state.asm                                                        PAGE   20

     949                      .dwendentry
     950                      .dwendtag $C$DW$52
     951              
     952 0000012f               .sect   ".text"
     953                      .clink
     954                      .global ||state_IsSoftStart||
     955              
     956              $C$DW$54        .dwtag  DW_TAG_subprogram
     957                      .dwattr $C$DW$54, DW_AT_name("state_IsSoftStart")
     958                      .dwattr $C$DW$54, DW_AT_low_pc(||state_IsSoftStart||)
     959                      .dwattr $C$DW$54, DW_AT_high_pc(0x00)
     960                      .dwattr $C$DW$54, DW_AT_linkage_name("state_IsSoftStart")
     961                      .dwattr $C$DW$54, DW_AT_external
     962                      .dwattr $C$DW$54, DW_AT_type(*$C$DW$T$84)
     963                      .dwattr $C$DW$54, DW_AT_decl_file("D:/15_Delta/14. ANPC Converter/ANPC_3Layer/Source/app/app_state.c"
     964                      .dwattr $C$DW$54, DW_AT_decl_line(0x155)
     965                      .dwattr $C$DW$54, DW_AT_decl_column(0x06)
     966                      .dwattr $C$DW$54, DW_AT_TI_max_frame_size(-2)
     967                      .dwpsn  file "D:/15_Delta/14. ANPC Converter/ANPC_3Layer/Source/app/app_state.c",line 342,column 1,is
     968              
     969                      .dwfde $C$DW$CIE, ||state_IsSoftStart||
     970              
     971              ;***************************************************************
     972              ;* FNAME: state_IsSoftStart             FR SIZE:   0           *
     973              ;*                                                             *
     974              ;* FUNCTION ENVIRONMENT                                        *
     975              ;*                                                             *
     976              ;* FUNCTION PROPERTIES                                         *
     977              ;*                            0 Parameter,  0 Auto,  0 SOE     *
     978              ;***************************************************************
     979              
     980 0000012f       ||state_IsSoftStart||:
     981                      .dwcfi  cfa_offset, -2
     982                      .dwcfi  save_reg_to_mem, 26, 0
     983 0000012f 761F!         MOVW      DP,#||CurrentState||  ; [CPU_ARAU] 
         00000130 0000 
     984                      .dwpsn  file "D:/15_Delta/14. ANPC Converter/ANPC_3Layer/Source/app/app_state.c",line 343,column 5,is
     985 00000131 9A00          MOVB      AL,#0                 ; [CPU_ALU] |343| 
     986 00000132 9300!         MOV       AH,@||CurrentState||  ; [CPU_ALU] |343| 
     987 00000133 5303          CMPB      AH,#3                 ; [CPU_ALU] |343| 
     988 00000134 56B1          MOVB      AL,#1,EQ              ; [CPU_ALU] |343| 
         00000135 01A9 
     989              $C$DW$55        .dwtag  DW_TAG_TI_branch
     990                      .dwattr $C$DW$55, DW_AT_low_pc(0x00)
     991                      .dwattr $C$DW$55, DW_AT_TI_return
     992              
     993 00000136 0006          LRETR     ; [CPU_ALU] 
     994                      ; return occurs ; [] 
     995                      .dwattr $C$DW$54, DW_AT_TI_end_file("D:/15_Delta/14. ANPC Converter/ANPC_3Layer/Source/app/app_state.
     996                      .dwattr $C$DW$54, DW_AT_TI_end_line(0x158)
     997                      .dwattr $C$DW$54, DW_AT_TI_end_column(0x01)
     998                      .dwendentry
     999                      .dwendtag $C$DW$54
    1000              
    1001 00000137               .sect   ".text"
TMS320C2000 Assembler PC v22.6.0 Mon Apr 21 09:04:20 2025

Copyright (c) 1996-2018 Texas Instruments Incorporated
app_state.asm                                                        PAGE   21

    1002                      .clink
    1003                      .global ||state_IsShutdown||
    1004              
    1005              $C$DW$56        .dwtag  DW_TAG_subprogram
    1006                      .dwattr $C$DW$56, DW_AT_name("state_IsShutdown")
    1007                      .dwattr $C$DW$56, DW_AT_low_pc(||state_IsShutdown||)
    1008                      .dwattr $C$DW$56, DW_AT_high_pc(0x00)
    1009                      .dwattr $C$DW$56, DW_AT_linkage_name("state_IsShutdown")
    1010                      .dwattr $C$DW$56, DW_AT_external
    1011                      .dwattr $C$DW$56, DW_AT_type(*$C$DW$T$84)
    1012                      .dwattr $C$DW$56, DW_AT_decl_file("D:/15_Delta/14. ANPC Converter/ANPC_3Layer/Source/app/app_state.c"
    1013                      .dwattr $C$DW$56, DW_AT_decl_line(0x15f)
    1014                      .dwattr $C$DW$56, DW_AT_decl_column(0x06)
    1015                      .dwattr $C$DW$56, DW_AT_TI_max_frame_size(-2)
    1016                      .dwpsn  file "D:/15_Delta/14. ANPC Converter/ANPC_3Layer/Source/app/app_state.c",line 352,column 1,is
    1017              
    1018                      .dwfde $C$DW$CIE, ||state_IsShutdown||
    1019              
    1020              ;***************************************************************
    1021              ;* FNAME: state_IsShutdown              FR SIZE:   0           *
    1022              ;*                                                             *
    1023              ;* FUNCTION ENVIRONMENT                                        *
    1024              ;*                                                             *
    1025              ;* FUNCTION PROPERTIES                                         *
    1026              ;*                            0 Parameter,  0 Auto,  0 SOE     *
    1027              ;***************************************************************
    1028              
    1029 00000137       ||state_IsShutdown||:
    1030                      .dwcfi  cfa_offset, -2
    1031                      .dwcfi  save_reg_to_mem, 26, 0
    1032 00000137 761F!         MOVW      DP,#||CurrentState||  ; [CPU_ARAU] 
         00000138 0000 
    1033                      .dwpsn  file "D:/15_Delta/14. ANPC Converter/ANPC_3Layer/Source/app/app_state.c",line 353,column 5,is
    1034 00000139 9A00          MOVB      AL,#0                 ; [CPU_ALU] |353| 
    1035 0000013a 9300!         MOV       AH,@||CurrentState||  ; [CPU_ALU] |353| 
    1036 0000013b 5305          CMPB      AH,#5                 ; [CPU_ALU] |353| 
    1037 0000013c 56B1          MOVB      AL,#1,EQ              ; [CPU_ALU] |353| 
         0000013d 01A9 
    1038              $C$DW$57        .dwtag  DW_TAG_TI_branch
    1039                      .dwattr $C$DW$57, DW_AT_low_pc(0x00)
    1040                      .dwattr $C$DW$57, DW_AT_TI_return
    1041              
    1042 0000013e 0006          LRETR     ; [CPU_ALU] 
    1043                      ; return occurs ; [] 
    1044                      .dwattr $C$DW$56, DW_AT_TI_end_file("D:/15_Delta/14. ANPC Converter/ANPC_3Layer/Source/app/app_state.
    1045                      .dwattr $C$DW$56, DW_AT_TI_end_line(0x162)
    1046                      .dwattr $C$DW$56, DW_AT_TI_end_column(0x01)
    1047                      .dwendentry
    1048                      .dwendtag $C$DW$56
    1049              
    1050 0000013f               .sect   ".text"
    1051                      .clink
    1052                      .global ||state_IsPrecharge||
    1053              
    1054              $C$DW$58        .dwtag  DW_TAG_subprogram
TMS320C2000 Assembler PC v22.6.0 Mon Apr 21 09:04:20 2025

Copyright (c) 1996-2018 Texas Instruments Incorporated
app_state.asm                                                        PAGE   22

    1055                      .dwattr $C$DW$58, DW_AT_name("state_IsPrecharge")
    1056                      .dwattr $C$DW$58, DW_AT_low_pc(||state_IsPrecharge||)
    1057                      .dwattr $C$DW$58, DW_AT_high_pc(0x00)
    1058                      .dwattr $C$DW$58, DW_AT_linkage_name("state_IsPrecharge")
    1059                      .dwattr $C$DW$58, DW_AT_external
    1060                      .dwattr $C$DW$58, DW_AT_type(*$C$DW$T$84)
    1061                      .dwattr $C$DW$58, DW_AT_decl_file("D:/15_Delta/14. ANPC Converter/ANPC_3Layer/Source/app/app_state.c"
    1062                      .dwattr $C$DW$58, DW_AT_decl_line(0x150)
    1063                      .dwattr $C$DW$58, DW_AT_decl_column(0x06)
    1064                      .dwattr $C$DW$58, DW_AT_TI_max_frame_size(-2)
    1065                      .dwpsn  file "D:/15_Delta/14. ANPC Converter/ANPC_3Layer/Source/app/app_state.c",line 337,column 1,is
    1066              
    1067                      .dwfde $C$DW$CIE, ||state_IsPrecharge||
    1068              
    1069              ;***************************************************************
    1070              ;* FNAME: state_IsPrecharge             FR SIZE:   0           *
    1071              ;*                                                             *
    1072              ;* FUNCTION ENVIRONMENT                                        *
    1073              ;*                                                             *
    1074              ;* FUNCTION PROPERTIES                                         *
    1075              ;*                            0 Parameter,  0 Auto,  0 SOE     *
    1076              ;***************************************************************
    1077              
    1078 0000013f       ||state_IsPrecharge||:
    1079                      .dwcfi  cfa_offset, -2
    1080                      .dwcfi  save_reg_to_mem, 26, 0
    1081 0000013f 761F!         MOVW      DP,#||CurrentState||  ; [CPU_ARAU] 
         00000140 0000 
    1082                      .dwpsn  file "D:/15_Delta/14. ANPC Converter/ANPC_3Layer/Source/app/app_state.c",line 338,column 5,is
    1083 00000141 9A00          MOVB      AL,#0                 ; [CPU_ALU] |338| 
    1084 00000142 9300!         MOV       AH,@||CurrentState||  ; [CPU_ALU] |338| 
    1085 00000143 5302          CMPB      AH,#2                 ; [CPU_ALU] |338| 
    1086 00000144 56B1          MOVB      AL,#1,EQ              ; [CPU_ALU] |338| 
         00000145 01A9 
    1087              $C$DW$59        .dwtag  DW_TAG_TI_branch
    1088                      .dwattr $C$DW$59, DW_AT_low_pc(0x00)
    1089                      .dwattr $C$DW$59, DW_AT_TI_return
    1090              
    1091 00000146 0006          LRETR     ; [CPU_ALU] 
    1092                      ; return occurs ; [] 
    1093                      .dwattr $C$DW$58, DW_AT_TI_end_file("D:/15_Delta/14. ANPC Converter/ANPC_3Layer/Source/app/app_state.
    1094                      .dwattr $C$DW$58, DW_AT_TI_end_line(0x153)
    1095                      .dwattr $C$DW$58, DW_AT_TI_end_column(0x01)
    1096                      .dwendentry
    1097                      .dwendtag $C$DW$58
    1098              
    1099 00000147               .sect   ".text"
    1100                      .clink
    1101                      .global ||state_IsNormalOperation||
    1102              
    1103              $C$DW$60        .dwtag  DW_TAG_subprogram
    1104                      .dwattr $C$DW$60, DW_AT_name("state_IsNormalOperation")
    1105                      .dwattr $C$DW$60, DW_AT_low_pc(||state_IsNormalOperation||)
    1106                      .dwattr $C$DW$60, DW_AT_high_pc(0x00)
    1107                      .dwattr $C$DW$60, DW_AT_linkage_name("state_IsNormalOperation")
TMS320C2000 Assembler PC v22.6.0 Mon Apr 21 09:04:20 2025

Copyright (c) 1996-2018 Texas Instruments Incorporated
app_state.asm                                                        PAGE   23

    1108                      .dwattr $C$DW$60, DW_AT_external
    1109                      .dwattr $C$DW$60, DW_AT_type(*$C$DW$T$84)
    1110                      .dwattr $C$DW$60, DW_AT_decl_file("D:/15_Delta/14. ANPC Converter/ANPC_3Layer/Source/app/app_state.c"
    1111                      .dwattr $C$DW$60, DW_AT_decl_line(0x15a)
    1112                      .dwattr $C$DW$60, DW_AT_decl_column(0x06)
    1113                      .dwattr $C$DW$60, DW_AT_TI_max_frame_size(-2)
    1114                      .dwpsn  file "D:/15_Delta/14. ANPC Converter/ANPC_3Layer/Source/app/app_state.c",line 347,column 1,is
    1115              
    1116                      .dwfde $C$DW$CIE, ||state_IsNormalOperation||
    1117              
    1118              ;***************************************************************
    1119              ;* FNAME: state_IsNormalOperation       FR SIZE:   0           *
    1120              ;*                                                             *
    1121              ;* FUNCTION ENVIRONMENT                                        *
    1122              ;*                                                             *
    1123              ;* FUNCTION PROPERTIES                                         *
    1124              ;*                            0 Parameter,  0 Auto,  0 SOE     *
    1125              ;***************************************************************
    1126              
    1127 00000147       ||state_IsNormalOperation||:
    1128                      .dwcfi  cfa_offset, -2
    1129                      .dwcfi  save_reg_to_mem, 26, 0
    1130 00000147 761F!         MOVW      DP,#||CurrentState||  ; [CPU_ARAU] 
         00000148 0000 
    1131                      .dwpsn  file "D:/15_Delta/14. ANPC Converter/ANPC_3Layer/Source/app/app_state.c",line 348,column 5,is
    1132 00000149 9A00          MOVB      AL,#0                 ; [CPU_ALU] |348| 
    1133 0000014a 9300!         MOV       AH,@||CurrentState||  ; [CPU_ALU] |348| 
    1134 0000014b 5304          CMPB      AH,#4                 ; [CPU_ALU] |348| 
    1135 0000014c 56B1          MOVB      AL,#1,EQ              ; [CPU_ALU] |348| 
         0000014d 01A9 
    1136              $C$DW$61        .dwtag  DW_TAG_TI_branch
    1137                      .dwattr $C$DW$61, DW_AT_low_pc(0x00)
    1138                      .dwattr $C$DW$61, DW_AT_TI_return
    1139              
    1140 0000014e 0006          LRETR     ; [CPU_ALU] 
    1141                      ; return occurs ; [] 
    1142                      .dwattr $C$DW$60, DW_AT_TI_end_file("D:/15_Delta/14. ANPC Converter/ANPC_3Layer/Source/app/app_state.
    1143                      .dwattr $C$DW$60, DW_AT_TI_end_line(0x15d)
    1144                      .dwattr $C$DW$60, DW_AT_TI_end_column(0x01)
    1145                      .dwendentry
    1146                      .dwendtag $C$DW$60
    1147              
    1148 0000014f               .sect   ".text"
    1149                      .clink
    1150              
    1151              $C$DW$62        .dwtag  DW_TAG_subprogram
    1152                      .dwattr $C$DW$62, DW_AT_name("state_SMHandlerInit")
    1153                      .dwattr $C$DW$62, DW_AT_low_pc(||state_SMHandlerInit||)
    1154                      .dwattr $C$DW$62, DW_AT_high_pc(0x00)
    1155                      .dwattr $C$DW$62, DW_AT_linkage_name("state_SMHandlerInit")
    1156                      .dwattr $C$DW$62, DW_AT_decl_file("D:/15_Delta/14. ANPC Converter/ANPC_3Layer/Source/app/app_state.c"
    1157                      .dwattr $C$DW$62, DW_AT_decl_line(0x2a)
    1158                      .dwattr $C$DW$62, DW_AT_decl_column(0x0d)
    1159                      .dwattr $C$DW$62, DW_AT_TI_max_frame_size(-2)
    1160                      .dwpsn  file "D:/15_Delta/14. ANPC Converter/ANPC_3Layer/Source/app/app_state.c",line 43,column 1,is_
TMS320C2000 Assembler PC v22.6.0 Mon Apr 21 09:04:20 2025

Copyright (c) 1996-2018 Texas Instruments Incorporated
app_state.asm                                                        PAGE   24

    1161              
    1162                      .dwfde $C$DW$CIE, ||state_SMHandlerInit||
    1163              $C$DW$63        .dwtag  DW_TAG_formal_parameter
    1164                      .dwattr $C$DW$63, DW_AT_name("initial_state")
    1165                      .dwattr $C$DW$63, DW_AT_type(*$C$DW$T$59)
    1166                      .dwattr $C$DW$63, DW_AT_location[DW_OP_reg12]
    1167              
    1168              
    1169              ;***************************************************************
    1170              ;* FNAME: state_SMHandlerInit           FR SIZE:   0           *
    1171              ;*                                                             *
    1172              ;* FUNCTION ENVIRONMENT                                        *
    1173              ;*                                                             *
    1174              ;* FUNCTION PROPERTIES                                         *
    1175              ;*                            0 Parameter,  0 Auto,  0 SOE     *
    1176              ;***************************************************************
    1177              
    1178              ||state_SMHandlerInit||:
    1179              ;* AR4   assigned to initial_state
    1180              $C$DW$64        .dwtag  DW_TAG_variable
    1181                      .dwattr $C$DW$64, DW_AT_name("initial_state")
    1182                      .dwattr $C$DW$64, DW_AT_type(*$C$DW$T$60)
    1183                      .dwattr $C$DW$64, DW_AT_location[DW_OP_reg12]
    1184              
    1185                      .dwcfi  cfa_offset, -2
    1186                      .dwcfi  save_reg_to_mem, 26, 0
    1187 0000014f 761F!         MOVW      DP,#||pvHandleEvent|| ; [CPU_ARAU] 
         00000150 0000 
    1188                      .dwpsn  file "D:/15_Delta/14. ANPC Converter/ANPC_3Layer/Source/app/app_state.c",line 44,column 5,is_
    1189 00000151 A800!         MOVL      @||pvHandleEvent||,XAR4 ; [CPU_ALU] |44| 
    1190              $C$DW$65        .dwtag  DW_TAG_TI_branch
    1191                      .dwattr $C$DW$65, DW_AT_low_pc(0x00)
    1192                      .dwattr $C$DW$65, DW_AT_TI_return
    1193              
    1194 00000152 0006          LRETR     ; [CPU_ALU] 
    1195                      ; return occurs ; [] 
    1196                      .dwattr $C$DW$62, DW_AT_TI_end_file("D:/15_Delta/14. ANPC Converter/ANPC_3Layer/Source/app/app_state.
    1197                      .dwattr $C$DW$62, DW_AT_TI_end_line(0x2d)
    1198                      .dwattr $C$DW$62, DW_AT_TI_end_column(0x01)
    1199                      .dwendentry
    1200                      .dwendtag $C$DW$62
    1201              
    1202 00000153               .sect   ".text"
    1203                      .clink
    1204                      .global ||state_InitStateMachine||
    1205              
    1206              $C$DW$66        .dwtag  DW_TAG_subprogram
    1207                      .dwattr $C$DW$66, DW_AT_name("state_InitStateMachine")
    1208                      .dwattr $C$DW$66, DW_AT_low_pc(||state_InitStateMachine||)
    1209                      .dwattr $C$DW$66, DW_AT_high_pc(0x00)
    1210                      .dwattr $C$DW$66, DW_AT_linkage_name("state_InitStateMachine")
    1211                      .dwattr $C$DW$66, DW_AT_external
    1212                      .dwattr $C$DW$66, DW_AT_decl_file("D:/15_Delta/14. ANPC Converter/ANPC_3Layer/Source/app/app_state.c"
    1213                      .dwattr $C$DW$66, DW_AT_decl_line(0x122)
    1214                      .dwattr $C$DW$66, DW_AT_decl_column(0x06)
TMS320C2000 Assembler PC v22.6.0 Mon Apr 21 09:04:20 2025

Copyright (c) 1996-2018 Texas Instruments Incorporated
app_state.asm                                                        PAGE   25

    1215                      .dwattr $C$DW$66, DW_AT_TI_max_frame_size(-2)
    1216                      .dwpsn  file "D:/15_Delta/14. ANPC Converter/ANPC_3Layer/Source/app/app_state.c",line 291,column 1,is
    1217              
    1218                      .dwfde $C$DW$CIE, ||state_InitStateMachine||
    1219              
    1220              ;***************************************************************
    1221              ;* FNAME: state_InitStateMachine        FR SIZE:   0           *
    1222              ;*                                                             *
    1223              ;* FUNCTION ENVIRONMENT                                        *
    1224              ;*                                                             *
    1225              ;* FUNCTION PROPERTIES                                         *
    1226              ;*                            0 Parameter,  0 Auto,  0 SOE     *
    1227              ;***************************************************************
    1228              
    1229 00000153       ||state_InitStateMachine||:
    1230                      .dwcfi  cfa_offset, -2
    1231                      .dwcfi  save_reg_to_mem, 26, 0
    1232                      .dwpsn  file "D:/15_Delta/14. ANPC Converter/ANPC_3Layer/Source/app/app_state.c",line 292,column 5,is
    1233 00000153 8F00!         MOVL      XAR4,#||state_Standby|| ; [CPU_ARAU] |292| 
         00000154 0000 
    1234              $C$DW$67        .dwtag  DW_TAG_TI_branch
    1235                      .dwattr $C$DW$67, DW_AT_low_pc(0x00)
    1236                      .dwattr $C$DW$67, DW_AT_name("state_SMHandlerInit")
    1237                      .dwattr $C$DW$67, DW_AT_TI_call
    1238              
    1239 00000155 7640!         LCR       #||state_SMHandlerInit|| ; [CPU_ALU] |292| 
         00000156 0000 
    1240                      ; call occurs [#||state_SMHandlerInit||] ; [] |292| 
    1241                      .dwpsn  file "D:/15_Delta/14. ANPC Converter/ANPC_3Layer/Source/app/app_state.c",line 293,column 5,is
    1242 00000157 9A01          MOVB      AL,#1                 ; [CPU_ALU] |293| 
    1243              $C$DW$68        .dwtag  DW_TAG_TI_branch
    1244                      .dwattr $C$DW$68, DW_AT_low_pc(0x00)
    1245                      .dwattr $C$DW$68, DW_AT_name("state_ReportEvent")
    1246                      .dwattr $C$DW$68, DW_AT_TI_call
    1247              
    1248 00000158 7640!         LCR       #||state_ReportEvent|| ; [CPU_ALU] |293| 
         00000159 0000 
    1249                      ; call occurs [#||state_ReportEvent||] ; [] |293| 
    1250              $C$DW$69        .dwtag  DW_TAG_TI_branch
    1251                      .dwattr $C$DW$69, DW_AT_low_pc(0x00)
    1252                      .dwattr $C$DW$69, DW_AT_TI_return
    1253              
    1254 0000015a 0006          LRETR     ; [CPU_ALU] 
    1255                      ; return occurs ; [] 
    1256                      .dwattr $C$DW$66, DW_AT_TI_end_file("D:/15_Delta/14. ANPC Converter/ANPC_3Layer/Source/app/app_state.
    1257                      .dwattr $C$DW$66, DW_AT_TI_end_line(0x127)
    1258                      .dwattr $C$DW$66, DW_AT_TI_end_column(0x01)
    1259                      .dwendentry
    1260                      .dwendtag $C$DW$66
    1261              
    1262 0000015b               .sect   ".text"
    1263                      .clink
    1264                      .global ||state_GetCurrentState||
    1265              
    1266              $C$DW$70        .dwtag  DW_TAG_subprogram
TMS320C2000 Assembler PC v22.6.0 Mon Apr 21 09:04:20 2025

Copyright (c) 1996-2018 Texas Instruments Incorporated
app_state.asm                                                        PAGE   26

    1267                      .dwattr $C$DW$70, DW_AT_name("state_GetCurrentState")
    1268                      .dwattr $C$DW$70, DW_AT_low_pc(||state_GetCurrentState||)
    1269                      .dwattr $C$DW$70, DW_AT_high_pc(0x00)
    1270                      .dwattr $C$DW$70, DW_AT_linkage_name("state_GetCurrentState")
    1271                      .dwattr $C$DW$70, DW_AT_external
    1272                      .dwattr $C$DW$70, DW_AT_type(*$C$DW$T$42)
    1273                      .dwattr $C$DW$70, DW_AT_decl_file("D:/15_Delta/14. ANPC Converter/ANPC_3Layer/Source/app/app_state.c"
    1274                      .dwattr $C$DW$70, DW_AT_decl_line(0x146)
    1275                      .dwattr $C$DW$70, DW_AT_decl_column(0x0c)
    1276                      .dwattr $C$DW$70, DW_AT_TI_max_frame_size(-2)
    1277                      .dwpsn  file "D:/15_Delta/14. ANPC Converter/ANPC_3Layer/Source/app/app_state.c",line 327,column 1,is
    1278              
    1279                      .dwfde $C$DW$CIE, ||state_GetCurrentState||
    1280              
    1281              ;***************************************************************
    1282              ;* FNAME: state_GetCurrentState         FR SIZE:   0           *
    1283              ;*                                                             *
    1284              ;* FUNCTION ENVIRONMENT                                        *
    1285              ;*                                                             *
    1286              ;* FUNCTION PROPERTIES                                         *
    1287              ;*                            0 Parameter,  0 Auto,  0 SOE     *
    1288              ;***************************************************************
    1289              
    1290 0000015b       ||state_GetCurrentState||:
    1291                      .dwcfi  cfa_offset, -2
    1292                      .dwcfi  save_reg_to_mem, 26, 0
    1293 0000015b 761F!         MOVW      DP,#||CurrentState||  ; [CPU_ARAU] 
         0000015c 0000 
    1294                      .dwpsn  file "D:/15_Delta/14. ANPC Converter/ANPC_3Layer/Source/app/app_state.c",line 328,column 5,is
    1295 0000015d 9200!         MOV       AL,@||CurrentState||  ; [CPU_ALU] |328| 
    1296              $C$DW$71        .dwtag  DW_TAG_TI_branch
    1297                      .dwattr $C$DW$71, DW_AT_low_pc(0x00)
    1298                      .dwattr $C$DW$71, DW_AT_TI_return
    1299              
    1300 0000015e 0006          LRETR     ; [CPU_ALU] 
    1301                      ; return occurs ; [] 
    1302                      .dwattr $C$DW$70, DW_AT_TI_end_file("D:/15_Delta/14. ANPC Converter/ANPC_3Layer/Source/app/app_state.
    1303                      .dwattr $C$DW$70, DW_AT_TI_end_line(0x149)
    1304                      .dwattr $C$DW$70, DW_AT_TI_end_column(0x01)
    1305                      .dwendentry
    1306                      .dwendtag $C$DW$70
    1307              
    1308 00000000               .sect   ".text:__signbitl"
    1309                      .clink
    1310                      .global ||__signbitl||
    1311              
    1312              $C$DW$72        .dwtag  DW_TAG_subprogram
    1313                      .dwattr $C$DW$72, DW_AT_name("__signbitl")
    1314                      .dwattr $C$DW$72, DW_AT_low_pc(||__signbitl||)
    1315                      .dwattr $C$DW$72, DW_AT_high_pc(0x00)
    1316                      .dwattr $C$DW$72, DW_AT_linkage_name("__signbitl")
    1317                      .dwattr $C$DW$72, DW_AT_external
    1318                      .dwattr $C$DW$72, DW_AT_type(*$C$DW$T$10)
    1319                      .dwattr $C$DW$72, DW_AT_decl_file("C:/ti/ccs1210/ccs/tools/compiler/ti-cgt-c2000_22.6.0.LTS/include/_
    1320                      .dwattr $C$DW$72, DW_AT_decl_line(0x16f)
TMS320C2000 Assembler PC v22.6.0 Mon Apr 21 09:04:20 2025

Copyright (c) 1996-2018 Texas Instruments Incorporated
app_state.asm                                                        PAGE   27

    1321                      .dwattr $C$DW$72, DW_AT_decl_column(0x18)
    1322                      .dwattr $C$DW$72, DW_AT_TI_max_frame_size(-6)
    1323                      .dwpsn  file "C:/ti/ccs1210/ccs/tools/compiler/ti-cgt-c2000_22.6.0.LTS/include/_defs.h",line 368,colu
    1324              
    1325                      .dwfde $C$DW$CIE, ||__signbitl||
    1326              $C$DW$73        .dwtag  DW_TAG_formal_parameter
    1327                      .dwattr $C$DW$73, DW_AT_name("e")
    1328                      .dwattr $C$DW$73, DW_AT_type(*$C$DW$T$82)
    1329                      .dwattr $C$DW$73, DW_AT_location[DW_OP_reg12]
    1330              
    1331              
    1332              ;***************************************************************
    1333              ;* FNAME: __signbitl                    FR SIZE:   4           *
    1334              ;*                                                             *
    1335              ;* FUNCTION ENVIRONMENT                                        *
    1336              ;*                                                             *
    1337              ;* FUNCTION PROPERTIES                                         *
    1338              ;*                            4 Parameter,  0 Auto,  0 SOE     *
    1339              ;***************************************************************
    1340              
    1341              ||__signbitl||:
    1342              ;* AR4   assigned to e
    1343              $C$DW$74        .dwtag  DW_TAG_variable
    1344                      .dwattr $C$DW$74, DW_AT_name("e")
    1345                      .dwattr $C$DW$74, DW_AT_type(*$C$DW$T$83)
    1346                      .dwattr $C$DW$74, DW_AT_location[DW_OP_reg12]
    1347              
    1348                      .dwcfi  cfa_offset, -2
    1349                      .dwcfi  save_reg_to_mem, 26, 0
    1350 00000000 FE04          ADDB      SP,#4                 ; [CPU_ARAU] 
    1351                      .dwcfi  cfa_offset, -6
    1352                      .dwpsn  file "C:/ti/ccs1210/ccs/tools/compiler/ti-cgt-c2000_22.6.0.LTS/include/_defs.h",line 368,colu
    1353 00000001 0200          MOVB      ACC,#0                ; [CPU_ALU] |368| 
    1354 00000002 1E44          MOVL      *-SP[4],ACC           ; [CPU_ALU] |368| 
    1355 00000003 2B42          MOV       *-SP[2],#0            ; [CPU_ALU] |368| 
    1356 00000004 2B41          MOV       *-SP[1],#0            ; [CPU_ALU] |368| 
    1357 00000005 A3C4          MOVL      P,*+XAR4[0]           ; [CPU_ALU] |368| 
    1358 00000006 06D4          MOVL      ACC,*+XAR4[2]         ; [CPU_ALU] |368| 
    1359 00000007 18AB          AND       PL,#0                 ; [CPU_ALU] |368| 
         00000008 0000 
    1360 00000009 18AA          AND       PH,#0                 ; [CPU_ALU] |368| 
         0000000a 0000 
    1361 0000000b 9000          ANDB      AL,#0                 ; [CPU_ALU] |368| 
    1362 0000000c 18A8          AND       AH,#32768             ; [CPU_ALU] |368| 
         0000000d 8000 
    1363              $C$DW$75        .dwtag  DW_TAG_TI_branch
    1364                      .dwattr $C$DW$75, DW_AT_low_pc(0x00)
    1365                      .dwattr $C$DW$75, DW_AT_name("__c28xabi_cmpull")
    1366                      .dwattr $C$DW$75, DW_AT_TI_call
    1367              
    1368 0000000e 7640!         LCR       #||__c28xabi_cmpull|| ; [CPU_ALU] |368| 
         0000000f 0000 
    1369                      ; call occurs [#||__c28xabi_cmpull||] ; [] |368| 
    1370 00000010 9B00          MOVB      AH,#0                 ; [CPU_ALU] |368| 
    1371 00000011 5200          CMPB      AL,#0                 ; [CPU_ALU] |368| 
TMS320C2000 Assembler PC v22.6.0 Mon Apr 21 09:04:20 2025

Copyright (c) 1996-2018 Texas Instruments Incorporated
app_state.asm                                                        PAGE   28

    1372 00000012 56B0          MOVB      AH,#1,NEQ             ; [CPU_ALU] |368| 
         00000013 01A8 
    1373 00000014 92A8          MOV       AL,AH                 ; [CPU_ALU] |368| 
    1374 00000015 FE84          SUBB      SP,#4                 ; [CPU_ARAU] 
    1375                      .dwcfi  cfa_offset, -2
    1376              $C$DW$76        .dwtag  DW_TAG_TI_branch
    1377                      .dwattr $C$DW$76, DW_AT_low_pc(0x00)
    1378                      .dwattr $C$DW$76, DW_AT_TI_return
    1379              
    1380 00000016 0006          LRETR     ; [CPU_ALU] 
    1381                      ; return occurs ; [] 
    1382                      .dwattr $C$DW$72, DW_AT_TI_end_file("C:/ti/ccs1210/ccs/tools/compiler/ti-cgt-c2000_22.6.0.LTS/include
    1383                      .dwattr $C$DW$72, DW_AT_TI_end_line(0x170)
    1384                      .dwattr $C$DW$72, DW_AT_TI_end_column(0x2b)
    1385                      .dwendentry
    1386                      .dwendtag $C$DW$72
    1387              
    1388 00000000               .sect   ".text:__signbitf"
    1389                      .clink
    1390                      .global ||__signbitf||
    1391              
    1392              $C$DW$77        .dwtag  DW_TAG_subprogram
    1393                      .dwattr $C$DW$77, DW_AT_name("__signbitf")
    1394                      .dwattr $C$DW$77, DW_AT_low_pc(||__signbitf||)
    1395                      .dwattr $C$DW$77, DW_AT_high_pc(0x00)
    1396                      .dwattr $C$DW$77, DW_AT_linkage_name("__signbitf")
    1397                      .dwattr $C$DW$77, DW_AT_external
    1398                      .dwattr $C$DW$77, DW_AT_type(*$C$DW$T$10)
    1399                      .dwattr $C$DW$77, DW_AT_decl_file("C:/ti/ccs1210/ccs/tools/compiler/ti-cgt-c2000_22.6.0.LTS/include/_
    1400                      .dwattr $C$DW$77, DW_AT_decl_line(0x16d)
    1401                      .dwattr $C$DW$77, DW_AT_decl_column(0x18)
    1402                      .dwattr $C$DW$77, DW_AT_TI_max_frame_size(-2)
    1403                      .dwpsn  file "C:/ti/ccs1210/ccs/tools/compiler/ti-cgt-c2000_22.6.0.LTS/include/_defs.h",line 366,colu
    1404              
    1405                      .dwfde $C$DW$CIE, ||__signbitf||
    1406              $C$DW$78        .dwtag  DW_TAG_formal_parameter
    1407                      .dwattr $C$DW$78, DW_AT_name("f")
    1408                      .dwattr $C$DW$78, DW_AT_type(*$C$DW$T$16)
    1409                      .dwattr $C$DW$78, DW_AT_location[DW_OP_regx 0x2b]
    1410              
    1411              
    1412              ;***************************************************************
    1413              ;* FNAME: __signbitf                    FR SIZE:   0           *
    1414              ;*                                                             *
    1415              ;* FUNCTION ENVIRONMENT                                        *
    1416              ;*                                                             *
    1417              ;* FUNCTION PROPERTIES                                         *
    1418              ;*                            0 Parameter,  0 Auto,  0 SOE     *
    1419              ;***************************************************************
    1420              
    1421              ||__signbitf||:
    1422              ;* R0    assigned to f
    1423              $C$DW$79        .dwtag  DW_TAG_variable
    1424                      .dwattr $C$DW$79, DW_AT_name("f")
    1425                      .dwattr $C$DW$79, DW_AT_type(*$C$DW$T$79)
TMS320C2000 Assembler PC v22.6.0 Mon Apr 21 09:04:20 2025

Copyright (c) 1996-2018 Texas Instruments Incorporated
app_state.asm                                                        PAGE   29

    1426                      .dwattr $C$DW$79, DW_AT_location[DW_OP_regx 0x2b]
    1427              
    1428                      .dwcfi  cfa_offset, -2
    1429                      .dwcfi  save_reg_to_mem, 26, 0
    1430                      .dwpsn  file "C:/ti/ccs1210/ccs/tools/compiler/ti-cgt-c2000_22.6.0.LTS/include/_defs.h",line 366,colu
    1431 00000000 BFA9          MOV32     ACC,R0H               ; [CPU_FPU] |366| 
         00000001 0F12 
    1432 00000002 BE00          MOVB      XAR6,#0               ; [CPU_ALU] |366| 
    1433 00000003 9000          ANDB      AL,#0                 ; [CPU_ALU] |366| 
    1434 00000004 18A8          AND       AH,#32768             ; [CPU_ALU] |366| 
         00000005 8000 
    1435 00000006 FF58          TEST      ACC                   ; [CPU_ALU] |366| 
    1436 00000007 56B0          MOVB      XAR6,#1,NEQ           ; [CPU_ALU] |366| 
         00000008 01A6 
    1437 00000009 92A6          MOV       AL,AR6                ; [CPU_ALU] |366| 
    1438              $C$DW$80        .dwtag  DW_TAG_TI_branch
    1439                      .dwattr $C$DW$80, DW_AT_low_pc(0x00)
    1440                      .dwattr $C$DW$80, DW_AT_TI_return
    1441              
    1442 0000000a 0006          LRETR     ; [CPU_ALU] 
    1443                      ; return occurs ; [] 
    1444                      .dwattr $C$DW$77, DW_AT_TI_end_file("C:/ti/ccs1210/ccs/tools/compiler/ti-cgt-c2000_22.6.0.LTS/include
    1445                      .dwattr $C$DW$77, DW_AT_TI_end_line(0x16e)
    1446                      .dwattr $C$DW$77, DW_AT_TI_end_column(0x29)
    1447                      .dwendentry
    1448                      .dwendtag $C$DW$77
    1449              
    1450 00000000               .sect   ".text:__signbit"
    1451                      .clink
    1452                      .global ||__signbit||
    1453              
    1454              $C$DW$81        .dwtag  DW_TAG_subprogram
    1455                      .dwattr $C$DW$81, DW_AT_name("__signbit")
    1456                      .dwattr $C$DW$81, DW_AT_low_pc(||__signbit||)
    1457                      .dwattr $C$DW$81, DW_AT_high_pc(0x00)
    1458                      .dwattr $C$DW$81, DW_AT_linkage_name("__signbit")
    1459                      .dwattr $C$DW$81, DW_AT_external
    1460                      .dwattr $C$DW$81, DW_AT_type(*$C$DW$T$10)
    1461                      .dwattr $C$DW$81, DW_AT_decl_file("C:/ti/ccs1210/ccs/tools/compiler/ti-cgt-c2000_22.6.0.LTS/include/_
    1462                      .dwattr $C$DW$81, DW_AT_decl_line(0x16b)
    1463                      .dwattr $C$DW$81, DW_AT_decl_column(0x18)
    1464                      .dwattr $C$DW$81, DW_AT_TI_max_frame_size(-6)
    1465                      .dwpsn  file "C:/ti/ccs1210/ccs/tools/compiler/ti-cgt-c2000_22.6.0.LTS/include/_defs.h",line 364,colu
    1466              
    1467                      .dwfde $C$DW$CIE, ||__signbit||
    1468              $C$DW$82        .dwtag  DW_TAG_formal_parameter
    1469                      .dwattr $C$DW$82, DW_AT_name("d")
    1470                      .dwattr $C$DW$82, DW_AT_type(*$C$DW$T$80)
    1471                      .dwattr $C$DW$82, DW_AT_location[DW_OP_reg12]
    1472              
    1473              
    1474              ;***************************************************************
    1475              ;* FNAME: __signbit                     FR SIZE:   4           *
    1476              ;*                                                             *
    1477              ;* FUNCTION ENVIRONMENT                                        *
TMS320C2000 Assembler PC v22.6.0 Mon Apr 21 09:04:20 2025

Copyright (c) 1996-2018 Texas Instruments Incorporated
app_state.asm                                                        PAGE   30

    1478              ;*                                                             *
    1479              ;* FUNCTION PROPERTIES                                         *
    1480              ;*                            4 Parameter,  0 Auto,  0 SOE     *
    1481              ;***************************************************************
    1482              
    1483              ||__signbit||:
    1484              ;* AR4   assigned to d
    1485              $C$DW$83        .dwtag  DW_TAG_variable
    1486                      .dwattr $C$DW$83, DW_AT_name("d")
    1487                      .dwattr $C$DW$83, DW_AT_type(*$C$DW$T$81)
    1488                      .dwattr $C$DW$83, DW_AT_location[DW_OP_reg12]
    1489              
    1490                      .dwcfi  cfa_offset, -2
    1491                      .dwcfi  save_reg_to_mem, 26, 0
    1492 00000000 FE04          ADDB      SP,#4                 ; [CPU_ARAU] 
    1493                      .dwcfi  cfa_offset, -6
    1494                      .dwpsn  file "C:/ti/ccs1210/ccs/tools/compiler/ti-cgt-c2000_22.6.0.LTS/include/_defs.h",line 364,colu
    1495 00000001 0200          MOVB      ACC,#0                ; [CPU_ALU] |364| 
    1496 00000002 1E44          MOVL      *-SP[4],ACC           ; [CPU_ALU] |364| 
    1497 00000003 2B42          MOV       *-SP[2],#0            ; [CPU_ALU] |364| 
    1498 00000004 2B41          MOV       *-SP[1],#0            ; [CPU_ALU] |364| 
    1499 00000005 A3C4          MOVL      P,*+XAR4[0]           ; [CPU_ALU] |364| 
    1500 00000006 06D4          MOVL      ACC,*+XAR4[2]         ; [CPU_ALU] |364| 
    1501 00000007 18AB          AND       PL,#0                 ; [CPU_ALU] |364| 
         00000008 0000 
    1502 00000009 18AA          AND       PH,#0                 ; [CPU_ALU] |364| 
         0000000a 0000 
    1503 0000000b 9000          ANDB      AL,#0                 ; [CPU_ALU] |364| 
    1504 0000000c 18A8          AND       AH,#32768             ; [CPU_ALU] |364| 
         0000000d 8000 
    1505              $C$DW$84        .dwtag  DW_TAG_TI_branch
    1506                      .dwattr $C$DW$84, DW_AT_low_pc(0x00)
    1507                      .dwattr $C$DW$84, DW_AT_name("__c28xabi_cmpull")
    1508                      .dwattr $C$DW$84, DW_AT_TI_call
    1509              
    1510 0000000e 7640!         LCR       #||__c28xabi_cmpull|| ; [CPU_ALU] |364| 
         0000000f 0000 
    1511                      ; call occurs [#||__c28xabi_cmpull||] ; [] |364| 
    1512 00000010 9B00          MOVB      AH,#0                 ; [CPU_ALU] |364| 
    1513 00000011 5200          CMPB      AL,#0                 ; [CPU_ALU] |364| 
    1514 00000012 56B0          MOVB      AH,#1,NEQ             ; [CPU_ALU] |364| 
         00000013 01A8 
    1515 00000014 92A8          MOV       AL,AH                 ; [CPU_ALU] |364| 
    1516 00000015 FE84          SUBB      SP,#4                 ; [CPU_ARAU] 
    1517                      .dwcfi  cfa_offset, -2
    1518              $C$DW$85        .dwtag  DW_TAG_TI_branch
    1519                      .dwattr $C$DW$85, DW_AT_low_pc(0x00)
    1520                      .dwattr $C$DW$85, DW_AT_TI_return
    1521              
    1522 00000016 0006          LRETR     ; [CPU_ALU] 
    1523                      ; return occurs ; [] 
    1524                      .dwattr $C$DW$81, DW_AT_TI_end_file("C:/ti/ccs1210/ccs/tools/compiler/ti-cgt-c2000_22.6.0.LTS/include
    1525                      .dwattr $C$DW$81, DW_AT_TI_end_line(0x16c)
    1526                      .dwattr $C$DW$81, DW_AT_TI_end_column(0x2a)
    1527                      .dwendentry
TMS320C2000 Assembler PC v22.6.0 Mon Apr 21 09:04:20 2025

Copyright (c) 1996-2018 Texas Instruments Incorporated
app_state.asm                                                        PAGE   31

    1528                      .dwendtag $C$DW$81
    1529              
    1530 00000000               .sect   ".text:__relaxed_sqrtf"
    1531                      .clink
    1532                      .global ||__relaxed_sqrtf||
    1533              
    1534              $C$DW$86        .dwtag  DW_TAG_subprogram
    1535                      .dwattr $C$DW$86, DW_AT_name("__relaxed_sqrtf")
    1536                      .dwattr $C$DW$86, DW_AT_low_pc(||__relaxed_sqrtf||)
    1537                      .dwattr $C$DW$86, DW_AT_high_pc(0x00)
    1538                      .dwattr $C$DW$86, DW_AT_linkage_name("__relaxed_sqrtf")
    1539                      .dwattr $C$DW$86, DW_AT_external
    1540                      .dwattr $C$DW$86, DW_AT_type(*$C$DW$T$16)
    1541                      .dwattr $C$DW$86, DW_AT_decl_file("C:/ti/ccs1210/ccs/tools/compiler/ti-cgt-c2000_22.6.0.LTS/include/m
    1542                      .dwattr $C$DW$86, DW_AT_decl_line(0x103)
    1543                      .dwattr $C$DW$86, DW_AT_decl_column(0x10)
    1544                      .dwattr $C$DW$86, DW_AT_TI_max_frame_size(-2)
    1545                      .dwpsn  file "C:/ti/ccs1210/ccs/tools/compiler/ti-cgt-c2000_22.6.0.LTS/include/math.h",line 260,colum
    1546              
    1547                      .dwfde $C$DW$CIE, ||__relaxed_sqrtf||
    1548              $C$DW$87        .dwtag  DW_TAG_formal_parameter
    1549                      .dwattr $C$DW$87, DW_AT_name("x")
    1550                      .dwattr $C$DW$87, DW_AT_type(*$C$DW$T$16)
    1551                      .dwattr $C$DW$87, DW_AT_location[DW_OP_regx 0x2b]
    1552              
    1553              
    1554              ;***************************************************************
    1555              ;* FNAME: __relaxed_sqrtf               FR SIZE:   0           *
    1556              ;*                                                             *
    1557              ;* FUNCTION ENVIRONMENT                                        *
    1558              ;*                                                             *
    1559              ;* FUNCTION PROPERTIES                                         *
    1560              ;*                            0 Parameter,  0 Auto,  0 SOE     *
    1561              ;***************************************************************
    1562              
    1563              ||__relaxed_sqrtf||:
    1564              ;* R0    assigned to x
    1565              $C$DW$88        .dwtag  DW_TAG_variable
    1566                      .dwattr $C$DW$88, DW_AT_name("x")
    1567                      .dwattr $C$DW$88, DW_AT_type(*$C$DW$T$79)
    1568                      .dwattr $C$DW$88, DW_AT_location[DW_OP_regx 0x2b]
    1569              
    1570                      .dwcfi  cfa_offset, -2
    1571                      .dwcfi  save_reg_to_mem, 26, 0
    1572                      .dwpsn  file "C:/ti/ccs1210/ccs/tools/compiler/ti-cgt-c2000_22.6.0.LTS/include/math.h",line 261,colum
    1573 00000000 E277          SQRTF32   R0H,R0H               ; [CPU_FPU] |261| 
         00000001 0000 
    1574 00000002 7700          NOP       ; [CPU_ALU] 
    1575 00000003 7700          NOP       ; [CPU_ALU] 
    1576 00000004 7700          NOP       ; [CPU_ALU] 
    1577              $C$DW$89        .dwtag  DW_TAG_TI_branch
    1578                      .dwattr $C$DW$89, DW_AT_low_pc(0x00)
    1579                      .dwattr $C$DW$89, DW_AT_TI_return
    1580              
    1581 00000005 0006          LRETR     ; [CPU_ALU] 
TMS320C2000 Assembler PC v22.6.0 Mon Apr 21 09:04:20 2025

Copyright (c) 1996-2018 Texas Instruments Incorporated
app_state.asm                                                        PAGE   32

    1582                      ; return occurs ; [] 
    1583                      .dwattr $C$DW$86, DW_AT_TI_end_file("C:/ti/ccs1210/ccs/tools/compiler/ti-cgt-c2000_22.6.0.LTS/include
    1584                      .dwattr $C$DW$86, DW_AT_TI_end_line(0x106)
    1585                      .dwattr $C$DW$86, DW_AT_TI_end_column(0x01)
    1586                      .dwendentry
    1587                      .dwendtag $C$DW$86
    1588              
    1589 00000000               .sect   ".text:__relaxed_sinf"
    1590                      .clink
    1591                      .global ||__relaxed_sinf||
    1592              
    1593              $C$DW$90        .dwtag  DW_TAG_subprogram
    1594                      .dwattr $C$DW$90, DW_AT_name("__relaxed_sinf")
    1595                      .dwattr $C$DW$90, DW_AT_low_pc(||__relaxed_sinf||)
    1596                      .dwattr $C$DW$90, DW_AT_high_pc(0x00)
    1597                      .dwattr $C$DW$90, DW_AT_linkage_name("__relaxed_sinf")
    1598                      .dwattr $C$DW$90, DW_AT_external
    1599                      .dwattr $C$DW$90, DW_AT_type(*$C$DW$T$16)
    1600                      .dwattr $C$DW$90, DW_AT_decl_file("C:/ti/ccs1210/ccs/tools/compiler/ti-cgt-c2000_22.6.0.LTS/include/m
    1601                      .dwattr $C$DW$90, DW_AT_decl_line(0x108)
    1602                      .dwattr $C$DW$90, DW_AT_decl_column(0x10)
    1603                      .dwattr $C$DW$90, DW_AT_TI_max_frame_size(-2)
    1604                      .dwpsn  file "C:/ti/ccs1210/ccs/tools/compiler/ti-cgt-c2000_22.6.0.LTS/include/math.h",line 265,colum
    1605              
    1606                      .dwfde $C$DW$CIE, ||__relaxed_sinf||
    1607              $C$DW$91        .dwtag  DW_TAG_formal_parameter
    1608                      .dwattr $C$DW$91, DW_AT_name("x")
    1609                      .dwattr $C$DW$91, DW_AT_type(*$C$DW$T$16)
    1610                      .dwattr $C$DW$91, DW_AT_location[DW_OP_regx 0x2b]
    1611              
    1612              
    1613              ;***************************************************************
    1614              ;* FNAME: __relaxed_sinf                FR SIZE:   0           *
    1615              ;*                                                             *
    1616              ;* FUNCTION ENVIRONMENT                                        *
    1617              ;*                                                             *
    1618              ;* FUNCTION PROPERTIES                                         *
    1619              ;*                            0 Parameter,  0 Auto,  0 SOE     *
    1620              ;***************************************************************
    1621              
    1622              ||__relaxed_sinf||:
    1623              ;* R0    assigned to x
    1624              $C$DW$92        .dwtag  DW_TAG_variable
    1625                      .dwattr $C$DW$92, DW_AT_name("x")
    1626                      .dwattr $C$DW$92, DW_AT_type(*$C$DW$T$79)
    1627                      .dwattr $C$DW$92, DW_AT_location[DW_OP_regx 0x2b]
    1628              
    1629                      .dwcfi  cfa_offset, -2
    1630                      .dwcfi  save_reg_to_mem, 26, 0
    1631                      .dwpsn  file "C:/ti/ccs1210/ccs/tools/compiler/ti-cgt-c2000_22.6.0.LTS/include/math.h",line 266,colum
    1632 00000000 E271          DIV2PIF32 R0H,R0H               ; [CPU_FPU] |266| 
         00000001 0000 
    1633 00000002 7700          NOP       ; [CPU_ALU] 
    1634 00000003 E278          SINPUF32  R0H,R0H               ; [CPU_FPU] |266| 
         00000004 0000 
TMS320C2000 Assembler PC v22.6.0 Mon Apr 21 09:04:20 2025

Copyright (c) 1996-2018 Texas Instruments Incorporated
app_state.asm                                                        PAGE   33

    1635 00000005 7700          NOP       ; [CPU_ALU] 
    1636 00000006 7700          NOP       ; [CPU_ALU] 
    1637              $C$DW$93        .dwtag  DW_TAG_TI_branch
    1638                      .dwattr $C$DW$93, DW_AT_low_pc(0x00)
    1639                      .dwattr $C$DW$93, DW_AT_TI_return
    1640              
    1641 00000007 0006          LRETR     ; [CPU_ALU] 
    1642                      ; return occurs ; [] 
    1643                      .dwattr $C$DW$90, DW_AT_TI_end_file("C:/ti/ccs1210/ccs/tools/compiler/ti-cgt-c2000_22.6.0.LTS/include
    1644                      .dwattr $C$DW$90, DW_AT_TI_end_line(0x10b)
    1645                      .dwattr $C$DW$90, DW_AT_TI_end_column(0x01)
    1646                      .dwendentry
    1647                      .dwendtag $C$DW$90
    1648              
    1649 00000000               .sect   ".text:__relaxed_fmodf"
    1650                      .clink
    1651                      .global ||__relaxed_fmodf||
    1652              
    1653              $C$DW$94        .dwtag  DW_TAG_subprogram
    1654                      .dwattr $C$DW$94, DW_AT_name("__relaxed_fmodf")
    1655                      .dwattr $C$DW$94, DW_AT_low_pc(||__relaxed_fmodf||)
    1656                      .dwattr $C$DW$94, DW_AT_high_pc(0x00)
    1657                      .dwattr $C$DW$94, DW_AT_linkage_name("__relaxed_fmodf")
    1658                      .dwattr $C$DW$94, DW_AT_external
    1659                      .dwattr $C$DW$94, DW_AT_type(*$C$DW$T$16)
    1660                      .dwattr $C$DW$94, DW_AT_decl_file("C:/ti/ccs1210/ccs/tools/compiler/ti-cgt-c2000_22.6.0.LTS/include/m
    1661                      .dwattr $C$DW$94, DW_AT_decl_line(0x11c)
    1662                      .dwattr $C$DW$94, DW_AT_decl_column(0x10)
    1663                      .dwattr $C$DW$94, DW_AT_TI_max_frame_size(-2)
    1664                      .dwpsn  file "C:/ti/ccs1210/ccs/tools/compiler/ti-cgt-c2000_22.6.0.LTS/include/math.h",line 285,colum
    1665              
    1666                      .dwfde $C$DW$CIE, ||__relaxed_fmodf||
    1667              $C$DW$95        .dwtag  DW_TAG_formal_parameter
    1668                      .dwattr $C$DW$95, DW_AT_name("y")
    1669                      .dwattr $C$DW$95, DW_AT_type(*$C$DW$T$16)
    1670                      .dwattr $C$DW$95, DW_AT_location[DW_OP_regx 0x2b]
    1671              
    1672              $C$DW$96        .dwtag  DW_TAG_formal_parameter
    1673                      .dwattr $C$DW$96, DW_AT_name("x")
    1674                      .dwattr $C$DW$96, DW_AT_type(*$C$DW$T$16)
    1675                      .dwattr $C$DW$96, DW_AT_location[DW_OP_regx 0x2f]
    1676              
    1677              
    1678              ;***************************************************************
    1679              ;* FNAME: __relaxed_fmodf               FR SIZE:   0           *
    1680              ;*                                                             *
    1681              ;* FUNCTION ENVIRONMENT                                        *
    1682              ;*                                                             *
    1683              ;* FUNCTION PROPERTIES                                         *
    1684              ;*                            0 Parameter,  0 Auto,  0 SOE     *
    1685              ;***************************************************************
    1686              
    1687              ||__relaxed_fmodf||:
    1688              ;* R0    assigned to y
    1689              $C$DW$97        .dwtag  DW_TAG_variable
TMS320C2000 Assembler PC v22.6.0 Mon Apr 21 09:04:20 2025

Copyright (c) 1996-2018 Texas Instruments Incorporated
app_state.asm                                                        PAGE   34

    1690                      .dwattr $C$DW$97, DW_AT_name("y")
    1691                      .dwattr $C$DW$97, DW_AT_type(*$C$DW$T$79)
    1692                      .dwattr $C$DW$97, DW_AT_location[DW_OP_regx 0x2b]
    1693              
    1694              ;* R1    assigned to x
    1695              $C$DW$98        .dwtag  DW_TAG_variable
    1696                      .dwattr $C$DW$98, DW_AT_name("x")
    1697                      .dwattr $C$DW$98, DW_AT_type(*$C$DW$T$79)
    1698                      .dwattr $C$DW$98, DW_AT_location[DW_OP_regx 0x2f]
    1699              
    1700                      .dwcfi  cfa_offset, -2
    1701                      .dwcfi  save_reg_to_mem, 26, 0
    1702                      .dwpsn  file "C:/ti/ccs1210/ccs/tools/compiler/ti-cgt-c2000_22.6.0.LTS/include/math.h",line 286,colum
    1703 00000000 E274          DIVF32    R2H,R0H,R1H           ; [CPU_FPU] |286| 
         00000001 0042 
    1704 00000002 7700          NOP       ; [CPU_ALU] 
    1705 00000003 7700          NOP       ; [CPU_ALU] 
    1706 00000004 7700          NOP       ; [CPU_ALU] 
    1707 00000005 7700          NOP       ; [CPU_ALU] 
    1708 00000006 E688          F32TOI32  R2H,R2H               ; [CPU_FPU] |286| 
         00000007 0012 
    1709 00000008 7700          NOP       ; [CPU_ALU] 
    1710 00000009 E689          I32TOF32  R2H,R2H               ; [CPU_FPU] |286| 
         0000000a 0012 
    1711 0000000b 7700          NOP       ; [CPU_ALU] 
    1712 0000000c E700          MPYF32    R1H,R1H,R2H           ; [CPU_FPU] |286| 
         0000000d 0089 
    1713 0000000e 7700          NOP       ; [CPU_ALU] 
    1714 0000000f E720          SUBF32    R0H,R0H,R1H           ; [CPU_FPU] |286| 
         00000010 0040 
    1715              $C$DW$99        .dwtag  DW_TAG_TI_branch
    1716                      .dwattr $C$DW$99, DW_AT_low_pc(0x00)
    1717                      .dwattr $C$DW$99, DW_AT_TI_return
    1718              
    1719 00000011 0006          LRETR     ; [CPU_ALU] 
    1720                      ; return occurs ; [] 
    1721                      .dwattr $C$DW$94, DW_AT_TI_end_file("C:/ti/ccs1210/ccs/tools/compiler/ti-cgt-c2000_22.6.0.LTS/include
    1722                      .dwattr $C$DW$94, DW_AT_TI_end_line(0x11f)
    1723                      .dwattr $C$DW$94, DW_AT_TI_end_column(0x01)
    1724                      .dwendentry
    1725                      .dwendtag $C$DW$94
    1726              
    1727 00000000               .sect   ".text:__relaxed_fminf"
    1728                      .clink
    1729                      .global ||__relaxed_fminf||
    1730              
    1731              $C$DW$100       .dwtag  DW_TAG_subprogram
    1732                      .dwattr $C$DW$100, DW_AT_name("__relaxed_fminf")
    1733                      .dwattr $C$DW$100, DW_AT_low_pc(||__relaxed_fminf||)
    1734                      .dwattr $C$DW$100, DW_AT_high_pc(0x00)
    1735                      .dwattr $C$DW$100, DW_AT_linkage_name("__relaxed_fminf")
    1736                      .dwattr $C$DW$100, DW_AT_external
    1737                      .dwattr $C$DW$100, DW_AT_type(*$C$DW$T$16)
    1738                      .dwattr $C$DW$100, DW_AT_decl_file("C:/ti/ccs1210/ccs/tools/compiler/ti-cgt-c2000_22.6.0.LTS/include/
    1739                      .dwattr $C$DW$100, DW_AT_decl_line(0xee)
TMS320C2000 Assembler PC v22.6.0 Mon Apr 21 09:04:20 2025

Copyright (c) 1996-2018 Texas Instruments Incorporated
app_state.asm                                                        PAGE   35

    1740                      .dwattr $C$DW$100, DW_AT_decl_column(0x10)
    1741                      .dwattr $C$DW$100, DW_AT_TI_max_frame_size(-2)
    1742                      .dwpsn  file "C:/ti/ccs1210/ccs/tools/compiler/ti-cgt-c2000_22.6.0.LTS/include/math.h",line 239,colum
    1743              
    1744                      .dwfde $C$DW$CIE, ||__relaxed_fminf||
    1745              $C$DW$101       .dwtag  DW_TAG_formal_parameter
    1746                      .dwattr $C$DW$101, DW_AT_name("x")
    1747                      .dwattr $C$DW$101, DW_AT_type(*$C$DW$T$16)
    1748                      .dwattr $C$DW$101, DW_AT_location[DW_OP_regx 0x2b]
    1749              
    1750              $C$DW$102       .dwtag  DW_TAG_formal_parameter
    1751                      .dwattr $C$DW$102, DW_AT_name("y")
    1752                      .dwattr $C$DW$102, DW_AT_type(*$C$DW$T$16)
    1753                      .dwattr $C$DW$102, DW_AT_location[DW_OP_regx 0x2f]
    1754              
    1755              
    1756              ;***************************************************************
    1757              ;* FNAME: __relaxed_fminf               FR SIZE:   0           *
    1758              ;*                                                             *
    1759              ;* FUNCTION ENVIRONMENT                                        *
    1760              ;*                                                             *
    1761              ;* FUNCTION PROPERTIES                                         *
    1762              ;*                            0 Parameter,  0 Auto,  0 SOE     *
    1763              ;***************************************************************
    1764              
    1765              ||__relaxed_fminf||:
    1766              ;* R1    assigned to y
    1767              $C$DW$103       .dwtag  DW_TAG_variable
    1768                      .dwattr $C$DW$103, DW_AT_name("y")
    1769                      .dwattr $C$DW$103, DW_AT_type(*$C$DW$T$79)
    1770                      .dwattr $C$DW$103, DW_AT_location[DW_OP_regx 0x2f]
    1771              
    1772                      .dwcfi  cfa_offset, -2
    1773                      .dwcfi  save_reg_to_mem, 26, 0
    1774                      .dwpsn  file "C:/ti/ccs1210/ccs/tools/compiler/ti-cgt-c2000_22.6.0.LTS/include/math.h",line 240,colum
    1775 00000000 E697          MINF32    R0H,R1H               ; [CPU_FPU] |240| 
         00000001 0008 
    1776              $C$DW$104       .dwtag  DW_TAG_TI_branch
    1777                      .dwattr $C$DW$104, DW_AT_low_pc(0x00)
    1778                      .dwattr $C$DW$104, DW_AT_TI_return
    1779              
    1780 00000002 0006          LRETR     ; [CPU_ALU] 
    1781                      ; return occurs ; [] 
    1782                      .dwattr $C$DW$100, DW_AT_TI_end_file("C:/ti/ccs1210/ccs/tools/compiler/ti-cgt-c2000_22.6.0.LTS/includ
    1783                      .dwattr $C$DW$100, DW_AT_TI_end_line(0xf1)
    1784                      .dwattr $C$DW$100, DW_AT_TI_end_column(0x01)
    1785                      .dwendentry
    1786                      .dwendtag $C$DW$100
    1787              
    1788 00000000               .sect   ".text:__relaxed_fmaxf"
    1789                      .clink
    1790                      .global ||__relaxed_fmaxf||
    1791              
    1792              $C$DW$105       .dwtag  DW_TAG_subprogram
    1793                      .dwattr $C$DW$105, DW_AT_name("__relaxed_fmaxf")
TMS320C2000 Assembler PC v22.6.0 Mon Apr 21 09:04:20 2025

Copyright (c) 1996-2018 Texas Instruments Incorporated
app_state.asm                                                        PAGE   36

    1794                      .dwattr $C$DW$105, DW_AT_low_pc(||__relaxed_fmaxf||)
    1795                      .dwattr $C$DW$105, DW_AT_high_pc(0x00)
    1796                      .dwattr $C$DW$105, DW_AT_linkage_name("__relaxed_fmaxf")
    1797                      .dwattr $C$DW$105, DW_AT_external
    1798                      .dwattr $C$DW$105, DW_AT_type(*$C$DW$T$16)
    1799                      .dwattr $C$DW$105, DW_AT_decl_file("C:/ti/ccs1210/ccs/tools/compiler/ti-cgt-c2000_22.6.0.LTS/include/
    1800                      .dwattr $C$DW$105, DW_AT_decl_line(0xe8)
    1801                      .dwattr $C$DW$105, DW_AT_decl_column(0x10)
    1802                      .dwattr $C$DW$105, DW_AT_TI_max_frame_size(-2)
    1803                      .dwpsn  file "C:/ti/ccs1210/ccs/tools/compiler/ti-cgt-c2000_22.6.0.LTS/include/math.h",line 233,colum
    1804              
    1805                      .dwfde $C$DW$CIE, ||__relaxed_fmaxf||
    1806              $C$DW$106       .dwtag  DW_TAG_formal_parameter
    1807                      .dwattr $C$DW$106, DW_AT_name("x")
    1808                      .dwattr $C$DW$106, DW_AT_type(*$C$DW$T$16)
    1809                      .dwattr $C$DW$106, DW_AT_location[DW_OP_regx 0x2b]
    1810              
    1811              $C$DW$107       .dwtag  DW_TAG_formal_parameter
    1812                      .dwattr $C$DW$107, DW_AT_name("y")
    1813                      .dwattr $C$DW$107, DW_AT_type(*$C$DW$T$16)
    1814                      .dwattr $C$DW$107, DW_AT_location[DW_OP_regx 0x2f]
    1815              
    1816              
    1817              ;***************************************************************
    1818              ;* FNAME: __relaxed_fmaxf               FR SIZE:   0           *
    1819              ;*                                                             *
    1820              ;* FUNCTION ENVIRONMENT                                        *
    1821              ;*                                                             *
    1822              ;* FUNCTION PROPERTIES                                         *
    1823              ;*                            0 Parameter,  0 Auto,  0 SOE     *
    1824              ;***************************************************************
    1825              
    1826              ||__relaxed_fmaxf||:
    1827              ;* R1    assigned to y
    1828              $C$DW$108       .dwtag  DW_TAG_variable
    1829                      .dwattr $C$DW$108, DW_AT_name("y")
    1830                      .dwattr $C$DW$108, DW_AT_type(*$C$DW$T$79)
    1831                      .dwattr $C$DW$108, DW_AT_location[DW_OP_regx 0x2f]
    1832              
    1833                      .dwcfi  cfa_offset, -2
    1834                      .dwcfi  save_reg_to_mem, 26, 0
    1835                      .dwpsn  file "C:/ti/ccs1210/ccs/tools/compiler/ti-cgt-c2000_22.6.0.LTS/include/math.h",line 234,colum
    1836 00000000 E696          MAXF32    R0H,R1H               ; [CPU_FPU] |234| 
         00000001 0008 
    1837              $C$DW$109       .dwtag  DW_TAG_TI_branch
    1838                      .dwattr $C$DW$109, DW_AT_low_pc(0x00)
    1839                      .dwattr $C$DW$109, DW_AT_TI_return
    1840              
    1841 00000002 0006          LRETR     ; [CPU_ALU] 
    1842                      ; return occurs ; [] 
    1843                      .dwattr $C$DW$105, DW_AT_TI_end_file("C:/ti/ccs1210/ccs/tools/compiler/ti-cgt-c2000_22.6.0.LTS/includ
    1844                      .dwattr $C$DW$105, DW_AT_TI_end_line(0xeb)
    1845                      .dwattr $C$DW$105, DW_AT_TI_end_column(0x01)
    1846                      .dwendentry
    1847                      .dwendtag $C$DW$105
TMS320C2000 Assembler PC v22.6.0 Mon Apr 21 09:04:20 2025

Copyright (c) 1996-2018 Texas Instruments Incorporated
app_state.asm                                                        PAGE   37

    1848              
    1849 00000000               .sect   ".text:__relaxed_cosf"
    1850                      .clink
    1851                      .global ||__relaxed_cosf||
    1852              
    1853              $C$DW$110       .dwtag  DW_TAG_subprogram
    1854                      .dwattr $C$DW$110, DW_AT_name("__relaxed_cosf")
    1855                      .dwattr $C$DW$110, DW_AT_low_pc(||__relaxed_cosf||)
    1856                      .dwattr $C$DW$110, DW_AT_high_pc(0x00)
    1857                      .dwattr $C$DW$110, DW_AT_linkage_name("__relaxed_cosf")
    1858                      .dwattr $C$DW$110, DW_AT_external
    1859                      .dwattr $C$DW$110, DW_AT_type(*$C$DW$T$16)
    1860                      .dwattr $C$DW$110, DW_AT_decl_file("C:/ti/ccs1210/ccs/tools/compiler/ti-cgt-c2000_22.6.0.LTS/include/
    1861                      .dwattr $C$DW$110, DW_AT_decl_line(0x10d)
    1862                      .dwattr $C$DW$110, DW_AT_decl_column(0x10)
    1863                      .dwattr $C$DW$110, DW_AT_TI_max_frame_size(-2)
    1864                      .dwpsn  file "C:/ti/ccs1210/ccs/tools/compiler/ti-cgt-c2000_22.6.0.LTS/include/math.h",line 270,colum
    1865              
    1866                      .dwfde $C$DW$CIE, ||__relaxed_cosf||
    1867              $C$DW$111       .dwtag  DW_TAG_formal_parameter
    1868                      .dwattr $C$DW$111, DW_AT_name("x")
    1869                      .dwattr $C$DW$111, DW_AT_type(*$C$DW$T$16)
    1870                      .dwattr $C$DW$111, DW_AT_location[DW_OP_regx 0x2b]
    1871              
    1872              
    1873              ;***************************************************************
    1874              ;* FNAME: __relaxed_cosf                FR SIZE:   0           *
    1875              ;*                                                             *
    1876              ;* FUNCTION ENVIRONMENT                                        *
    1877              ;*                                                             *
    1878              ;* FUNCTION PROPERTIES                                         *
    1879              ;*                            0 Parameter,  0 Auto,  0 SOE     *
    1880              ;***************************************************************
    1881              
    1882              ||__relaxed_cosf||:
    1883              ;* R0    assigned to x
    1884              $C$DW$112       .dwtag  DW_TAG_variable
    1885                      .dwattr $C$DW$112, DW_AT_name("x")
    1886                      .dwattr $C$DW$112, DW_AT_type(*$C$DW$T$79)
    1887                      .dwattr $C$DW$112, DW_AT_location[DW_OP_regx 0x2b]
    1888              
    1889                      .dwcfi  cfa_offset, -2
    1890                      .dwcfi  save_reg_to_mem, 26, 0
    1891                      .dwpsn  file "C:/ti/ccs1210/ccs/tools/compiler/ti-cgt-c2000_22.6.0.LTS/include/math.h",line 271,colum
    1892 00000000 E271          DIV2PIF32 R0H,R0H               ; [CPU_FPU] |271| 
         00000001 0000 
    1893 00000002 7700          NOP       ; [CPU_ALU] 
    1894 00000003 E279          COSPUF32  R0H,R0H               ; [CPU_FPU] |271| 
         00000004 0000 
    1895 00000005 7700          NOP       ; [CPU_ALU] 
    1896 00000006 7700          NOP       ; [CPU_ALU] 
    1897              $C$DW$113       .dwtag  DW_TAG_TI_branch
    1898                      .dwattr $C$DW$113, DW_AT_low_pc(0x00)
    1899                      .dwattr $C$DW$113, DW_AT_TI_return
    1900              
TMS320C2000 Assembler PC v22.6.0 Mon Apr 21 09:04:20 2025

Copyright (c) 1996-2018 Texas Instruments Incorporated
app_state.asm                                                        PAGE   38

    1901 00000007 0006          LRETR     ; [CPU_ALU] 
    1902                      ; return occurs ; [] 
    1903                      .dwattr $C$DW$110, DW_AT_TI_end_file("C:/ti/ccs1210/ccs/tools/compiler/ti-cgt-c2000_22.6.0.LTS/includ
    1904                      .dwattr $C$DW$110, DW_AT_TI_end_line(0x110)
    1905                      .dwattr $C$DW$110, DW_AT_TI_end_column(0x01)
    1906                      .dwendentry
    1907                      .dwendtag $C$DW$110
    1908              
    1909 00000000               .sect   ".text:__relaxed_atanf"
    1910                      .clink
    1911                      .global ||__relaxed_atanf||
    1912              
    1913              $C$DW$114       .dwtag  DW_TAG_subprogram
    1914                      .dwattr $C$DW$114, DW_AT_name("__relaxed_atanf")
    1915                      .dwattr $C$DW$114, DW_AT_low_pc(||__relaxed_atanf||)
    1916                      .dwattr $C$DW$114, DW_AT_high_pc(0x00)
    1917                      .dwattr $C$DW$114, DW_AT_linkage_name("__relaxed_atanf")
    1918                      .dwattr $C$DW$114, DW_AT_external
    1919                      .dwattr $C$DW$114, DW_AT_type(*$C$DW$T$16)
    1920                      .dwattr $C$DW$114, DW_AT_decl_file("C:/ti/ccs1210/ccs/tools/compiler/ti-cgt-c2000_22.6.0.LTS/include/
    1921                      .dwattr $C$DW$114, DW_AT_decl_line(0x112)
    1922                      .dwattr $C$DW$114, DW_AT_decl_column(0x10)
    1923                      .dwattr $C$DW$114, DW_AT_TI_max_frame_size(-2)
    1924                      .dwpsn  file "C:/ti/ccs1210/ccs/tools/compiler/ti-cgt-c2000_22.6.0.LTS/include/math.h",line 275,colum
    1925              
    1926                      .dwfde $C$DW$CIE, ||__relaxed_atanf||
    1927              $C$DW$115       .dwtag  DW_TAG_formal_parameter
    1928                      .dwattr $C$DW$115, DW_AT_name("x")
    1929                      .dwattr $C$DW$115, DW_AT_type(*$C$DW$T$16)
    1930                      .dwattr $C$DW$115, DW_AT_location[DW_OP_regx 0x2b]
    1931              
    1932              
    1933              ;***************************************************************
    1934              ;* FNAME: __relaxed_atanf               FR SIZE:   0           *
    1935              ;*                                                             *
    1936              ;* FUNCTION ENVIRONMENT                                        *
    1937              ;*                                                             *
    1938              ;* FUNCTION PROPERTIES                                         *
    1939              ;*                            0 Parameter,  0 Auto,  0 SOE     *
    1940              ;***************************************************************
    1941              
    1942              ||__relaxed_atanf||:
    1943              ;* R0    assigned to x
    1944              $C$DW$116       .dwtag  DW_TAG_variable
    1945                      .dwattr $C$DW$116, DW_AT_name("x")
    1946                      .dwattr $C$DW$116, DW_AT_type(*$C$DW$T$79)
    1947                      .dwattr $C$DW$116, DW_AT_location[DW_OP_regx 0x2b]
    1948              
    1949                      .dwcfi  cfa_offset, -2
    1950                      .dwcfi  save_reg_to_mem, 26, 0
    1951                      .dwpsn  file "C:/ti/ccs1210/ccs/tools/compiler/ti-cgt-c2000_22.6.0.LTS/include/math.h",line 276,colum
    1952 00000000 E801          MOVIZ     R1H,#16256            ; [CPU_FPU] |276| 
         00000001 FC01 
    1953 00000002 E27C          QUADF32   R1H,R0H,R0H,R1H       ; [CPU_FPU] |276| 
         00000003 0201 
TMS320C2000 Assembler PC v22.6.0 Mon Apr 21 09:04:20 2025

Copyright (c) 1996-2018 Texas Instruments Incorporated
app_state.asm                                                        PAGE   39

    1954 00000004 7700          NOP       ; [CPU_ALU] 
    1955 00000005 7700          NOP       ; [CPU_ALU] 
    1956 00000006 7700          NOP       ; [CPU_ALU] 
    1957 00000007 7700          NOP       ; [CPU_ALU] 
    1958 00000008 E27A          ATANPUF32 R0H,R0H               ; [CPU_FPU] |276| 
         00000009 0000 
    1959 0000000a 7700          NOP       ; [CPU_ALU] 
    1960 0000000b 7700          NOP       ; [CPU_ALU] 
    1961 0000000c 7700          NOP       ; [CPU_ALU] 
    1962 0000000d E710          ADDF32    R0H,R0H,R1H           ; [CPU_FPU] |276| 
         0000000e 0040 
    1963 0000000f 7700          NOP       ; [CPU_ALU] 
    1964 00000010 7700          NOP       ; [CPU_ALU] 
    1965 00000011 E270          MPY2PIF32 R0H,R0H               ; [CPU_FPU] |276| 
         00000012 0000 
    1966 00000013 7700          NOP       ; [CPU_ALU] 
    1967              $C$DW$117       .dwtag  DW_TAG_TI_branch
    1968                      .dwattr $C$DW$117, DW_AT_low_pc(0x00)
    1969                      .dwattr $C$DW$117, DW_AT_TI_return
    1970              
    1971 00000014 0006          LRETR     ; [CPU_ALU] 
    1972                      ; return occurs ; [] 
    1973                      .dwattr $C$DW$114, DW_AT_TI_end_file("C:/ti/ccs1210/ccs/tools/compiler/ti-cgt-c2000_22.6.0.LTS/includ
    1974                      .dwattr $C$DW$114, DW_AT_TI_end_line(0x115)
    1975                      .dwattr $C$DW$114, DW_AT_TI_end_column(0x01)
    1976                      .dwendentry
    1977                      .dwendtag $C$DW$114
    1978              
    1979 00000000               .sect   ".text:__relaxed_atan2f"
    1980                      .clink
    1981                      .global ||__relaxed_atan2f||
    1982              
    1983              $C$DW$118       .dwtag  DW_TAG_subprogram
    1984                      .dwattr $C$DW$118, DW_AT_name("__relaxed_atan2f")
    1985                      .dwattr $C$DW$118, DW_AT_low_pc(||__relaxed_atan2f||)
    1986                      .dwattr $C$DW$118, DW_AT_high_pc(0x00)
    1987                      .dwattr $C$DW$118, DW_AT_linkage_name("__relaxed_atan2f")
    1988                      .dwattr $C$DW$118, DW_AT_external
    1989                      .dwattr $C$DW$118, DW_AT_type(*$C$DW$T$16)
    1990                      .dwattr $C$DW$118, DW_AT_decl_file("C:/ti/ccs1210/ccs/tools/compiler/ti-cgt-c2000_22.6.0.LTS/include/
    1991                      .dwattr $C$DW$118, DW_AT_decl_line(0x117)
    1992                      .dwattr $C$DW$118, DW_AT_decl_column(0x10)
    1993                      .dwattr $C$DW$118, DW_AT_TI_max_frame_size(-2)
    1994                      .dwpsn  file "C:/ti/ccs1210/ccs/tools/compiler/ti-cgt-c2000_22.6.0.LTS/include/math.h",line 280,colum
    1995              
    1996                      .dwfde $C$DW$CIE, ||__relaxed_atan2f||
    1997              $C$DW$119       .dwtag  DW_TAG_formal_parameter
    1998                      .dwattr $C$DW$119, DW_AT_name("y")
    1999                      .dwattr $C$DW$119, DW_AT_type(*$C$DW$T$16)
    2000                      .dwattr $C$DW$119, DW_AT_location[DW_OP_regx 0x2b]
    2001              
    2002              $C$DW$120       .dwtag  DW_TAG_formal_parameter
    2003                      .dwattr $C$DW$120, DW_AT_name("x")
    2004                      .dwattr $C$DW$120, DW_AT_type(*$C$DW$T$16)
    2005                      .dwattr $C$DW$120, DW_AT_location[DW_OP_regx 0x2f]
TMS320C2000 Assembler PC v22.6.0 Mon Apr 21 09:04:20 2025

Copyright (c) 1996-2018 Texas Instruments Incorporated
app_state.asm                                                        PAGE   40

    2006              
    2007              
    2008              ;***************************************************************
    2009              ;* FNAME: __relaxed_atan2f              FR SIZE:   0           *
    2010              ;*                                                             *
    2011              ;* FUNCTION ENVIRONMENT                                        *
    2012              ;*                                                             *
    2013              ;* FUNCTION PROPERTIES                                         *
    2014              ;*                            0 Parameter,  0 Auto,  0 SOE     *
    2015              ;***************************************************************
    2016              
    2017              ||__relaxed_atan2f||:
    2018              ;* R0    assigned to y
    2019              $C$DW$121       .dwtag  DW_TAG_variable
    2020                      .dwattr $C$DW$121, DW_AT_name("y")
    2021                      .dwattr $C$DW$121, DW_AT_type(*$C$DW$T$79)
    2022                      .dwattr $C$DW$121, DW_AT_location[DW_OP_regx 0x2b]
    2023              
    2024              ;* R1    assigned to x
    2025              $C$DW$122       .dwtag  DW_TAG_variable
    2026                      .dwattr $C$DW$122, DW_AT_name("x")
    2027                      .dwattr $C$DW$122, DW_AT_type(*$C$DW$T$79)
    2028                      .dwattr $C$DW$122, DW_AT_location[DW_OP_regx 0x2f]
    2029              
    2030                      .dwcfi  cfa_offset, -2
    2031                      .dwcfi  save_reg_to_mem, 26, 0
    2032                      .dwpsn  file "C:/ti/ccs1210/ccs/tools/compiler/ti-cgt-c2000_22.6.0.LTS/include/math.h",line 281,colum
    2033 00000000 E27C          QUADF32   R1H,R0H,R0H,R1H       ; [CPU_FPU] |281| 
         00000001 0201 
    2034 00000002 7700          NOP       ; [CPU_ALU] 
    2035 00000003 7700          NOP       ; [CPU_ALU] 
    2036 00000004 7700          NOP       ; [CPU_ALU] 
    2037 00000005 7700          NOP       ; [CPU_ALU] 
    2038 00000006 E27A          ATANPUF32 R0H,R0H               ; [CPU_FPU] |281| 
         00000007 0000 
    2039 00000008 7700          NOP       ; [CPU_ALU] 
    2040 00000009 7700          NOP       ; [CPU_ALU] 
    2041 0000000a 7700          NOP       ; [CPU_ALU] 
    2042 0000000b E710          ADDF32    R0H,R0H,R1H           ; [CPU_FPU] |281| 
         0000000c 0040 
    2043 0000000d 7700          NOP       ; [CPU_ALU] 
    2044 0000000e 7700          NOP       ; [CPU_ALU] 
    2045 0000000f E270          MPY2PIF32 R0H,R0H               ; [CPU_FPU] |281| 
         00000010 0000 
    2046 00000011 7700          NOP       ; [CPU_ALU] 
    2047              $C$DW$123       .dwtag  DW_TAG_TI_branch
    2048                      .dwattr $C$DW$123, DW_AT_low_pc(0x00)
    2049                      .dwattr $C$DW$123, DW_AT_TI_return
    2050              
    2051 00000012 0006          LRETR     ; [CPU_ALU] 
    2052                      ; return occurs ; [] 
    2053                      .dwattr $C$DW$118, DW_AT_TI_end_file("C:/ti/ccs1210/ccs/tools/compiler/ti-cgt-c2000_22.6.0.LTS/includ
    2054                      .dwattr $C$DW$118, DW_AT_TI_end_line(0x11a)
    2055                      .dwattr $C$DW$118, DW_AT_TI_end_column(0x01)
    2056                      .dwendentry
TMS320C2000 Assembler PC v22.6.0 Mon Apr 21 09:04:20 2025

Copyright (c) 1996-2018 Texas Instruments Incorporated
app_state.asm                                                        PAGE   41

    2057                      .dwendtag $C$DW$118
    2058              
    2059 00000000               .sect   ".text:__isnormall"
    2060                      .clink
    2061                      .global ||__isnormall||
    2062              
    2063              $C$DW$124       .dwtag  DW_TAG_subprogram
    2064                      .dwattr $C$DW$124, DW_AT_name("__isnormall")
    2065                      .dwattr $C$DW$124, DW_AT_low_pc(||__isnormall||)
    2066                      .dwattr $C$DW$124, DW_AT_high_pc(0x00)
    2067                      .dwattr $C$DW$124, DW_AT_linkage_name("__isnormall")
    2068                      .dwattr $C$DW$124, DW_AT_external
    2069                      .dwattr $C$DW$124, DW_AT_type(*$C$DW$T$10)
    2070                      .dwattr $C$DW$124, DW_AT_decl_file("C:/ti/ccs1210/ccs/tools/compiler/ti-cgt-c2000_22.6.0.LTS/include/
    2071                      .dwattr $C$DW$124, DW_AT_decl_line(0x167)
    2072                      .dwattr $C$DW$124, DW_AT_decl_column(0x18)
    2073                      .dwattr $C$DW$124, DW_AT_TI_max_frame_size(-6)
    2074                      .dwpsn  file "C:/ti/ccs1210/ccs/tools/compiler/ti-cgt-c2000_22.6.0.LTS/include/_defs.h",line 360,colu
    2075              
    2076                      .dwfde $C$DW$CIE, ||__isnormall||
    2077              $C$DW$125       .dwtag  DW_TAG_formal_parameter
    2078                      .dwattr $C$DW$125, DW_AT_name("e")
    2079                      .dwattr $C$DW$125, DW_AT_type(*$C$DW$T$82)
    2080                      .dwattr $C$DW$125, DW_AT_location[DW_OP_reg12]
    2081              
    2082              
    2083              ;***************************************************************
    2084              ;* FNAME: __isnormall                   FR SIZE:   4           *
    2085              ;*                                                             *
    2086              ;* FUNCTION ENVIRONMENT                                        *
    2087              ;*                                                             *
    2088              ;* FUNCTION PROPERTIES                                         *
    2089              ;*                            4 Parameter,  0 Auto,  0 SOE     *
    2090              ;***************************************************************
    2091              
    2092              ||__isnormall||:
    2093              ;* AR5   assigned to $O$C2
    2094              ;* AR6   assigned to $O$S1
    2095              ;* AR4   assigned to e
    2096              $C$DW$126       .dwtag  DW_TAG_variable
    2097                      .dwattr $C$DW$126, DW_AT_name("e")
    2098                      .dwattr $C$DW$126, DW_AT_type(*$C$DW$T$83)
    2099                      .dwattr $C$DW$126, DW_AT_location[DW_OP_reg12]
    2100              
    2101                      .dwcfi  cfa_offset, -2
    2102                      .dwcfi  save_reg_to_mem, 26, 0
    2103 00000000 FE04          ADDB      SP,#4                 ; [CPU_ARAU] 
    2104                      .dwcfi  cfa_offset, -6
    2105                      .dwpsn  file "C:/ti/ccs1210/ccs/tools/compiler/ti-cgt-c2000_22.6.0.LTS/include/_defs.h",line 360,colu
    2106 00000001 83C4          MOVL      XAR5,*+XAR4[0]        ; [CPU_ALU] |360| 
    2107 00000002 8AD4          MOVL      XAR4,*+XAR4[2]        ; [CPU_ALU] |360| 
    2108 00000003 BE00          MOVB      XAR6,#0               ; [CPU_ALU] |360| 
    2109 00000004 28AC          MOV       T,#52                 ; [CPU_ALU] |360| 
         00000005 0034 
    2110 00000006 A0AB          MOVL      P,XAR5                ; [CPU_ALU] |360| 
TMS320C2000 Assembler PC v22.6.0 Mon Apr 21 09:04:20 2025

Copyright (c) 1996-2018 Texas Instruments Incorporated
app_state.asm                                                        PAGE   42

    2111 00000007 A8A9          MOVL      ACC,XAR4              ; [CPU_ALU] |360| 
    2112 00000008 C244          MOVL      *-SP[4],XAR6          ; [CPU_ALU] |360| 
    2113 00000009 2B42          MOV       *-SP[2],#0            ; [CPU_ALU] |360| 
    2114 0000000a 565B          LSR64     ACC:P,T               ; [CPU_ALU] |360| 
    2115 0000000b 2B41          MOV       *-SP[1],#0            ; [CPU_FPU] |360| 
    2116 0000000c 9000          ANDB      AL,#0                 ; [CPU_ALU] |360| 
    2117 0000000d 9100          ANDB      AH,#0                 ; [CPU_ALU] |360| 
    2118 0000000e 18AB          AND       PL,#2047              ; [CPU_ALU] |360| 
         0000000f 07FF 
    2119 00000010 18AA          AND       PH,#0                 ; [CPU_ALU] |360| 
         00000011 0000 
    2120              $C$DW$127       .dwtag  DW_TAG_TI_branch
    2121                      .dwattr $C$DW$127, DW_AT_low_pc(0x00)
    2122                      .dwattr $C$DW$127, DW_AT_name("__c28xabi_cmpull")
    2123                      .dwattr $C$DW$127, DW_AT_TI_call
    2124              
    2125 00000012 7640!         LCR       #||__c28xabi_cmpull|| ; [CPU_ALU] |360| 
         00000013 0000 
    2126                      ; call occurs [#||__c28xabi_cmpull||] ; [] |360| 
    2127 00000014 BE00          MOVB      XAR6,#0               ; [CPU_ALU] |360| 
    2128 00000015 5200          CMPB      AL,#0                 ; [CPU_ALU] |360| 
    2129 00000016 610E          B         ||$C$L18||,EQ         ; [CPU_ALU] |360| 
    2130                      ; branchcc occurs ; [] |360| 
    2131 00000017 A0AB          MOVL      P,XAR5                ; [CPU_ALU] |360| 
    2132 00000018 A8A9          MOVL      ACC,XAR4              ; [CPU_ALU] |360| 
    2133 00000019 28AC          MOV       T,#48                 ; [CPU_ALU] |360| 
         0000001a 0030 
    2134 0000001b 565B          LSR64     ACC:P,T               ; [CPU_ALU] |360| 
    2135 0000001c 18AB          AND       PL,#0x7ff0            ; [CPU_ALU] |360| 
         0000001d 7FF0 
    2136 0000001e 80AB          MOVZ      AR7,PL                ; [CPU_ALU] |360| 
    2137 0000001f FF20          MOV       ACC,#32752            ; [CPU_ALU] |360| 
         00000020 7FF0 
    2138 00000021 0FA7          CMPL      ACC,XAR7              ; [CPU_ALU] |360| 
    2139 00000022 56B0          MOVB      XAR6,#1,NEQ           ; [CPU_ALU] |360| 
         00000023 01A6 
    2140 00000024       ||$C$L18||:    
    2141 00000024 FE84          SUBB      SP,#4                 ; [CPU_ARAU] 
    2142                      .dwcfi  cfa_offset, -2
    2143 00000025 92A6          MOV       AL,AR6                ; [CPU_ALU] |360| 
    2144              $C$DW$128       .dwtag  DW_TAG_TI_branch
    2145                      .dwattr $C$DW$128, DW_AT_low_pc(0x00)
    2146                      .dwattr $C$DW$128, DW_AT_TI_return
    2147              
    2148 00000026 0006          LRETR     ; [CPU_ALU] 
    2149                      ; return occurs ; [] 
    2150                      .dwattr $C$DW$124, DW_AT_TI_end_file("C:/ti/ccs1210/ccs/tools/compiler/ti-cgt-c2000_22.6.0.LTS/includ
    2151                      .dwattr $C$DW$124, DW_AT_TI_end_line(0x169)
    2152                      .dwattr $C$DW$124, DW_AT_TI_end_column(0x31)
    2153                      .dwendentry
    2154                      .dwendtag $C$DW$124
    2155              
    2156 00000000               .sect   ".text:__isnormalf"
    2157                      .clink
    2158                      .global ||__isnormalf||
TMS320C2000 Assembler PC v22.6.0 Mon Apr 21 09:04:20 2025

Copyright (c) 1996-2018 Texas Instruments Incorporated
app_state.asm                                                        PAGE   43

    2159              
    2160              $C$DW$129       .dwtag  DW_TAG_subprogram
    2161                      .dwattr $C$DW$129, DW_AT_name("__isnormalf")
    2162                      .dwattr $C$DW$129, DW_AT_low_pc(||__isnormalf||)
    2163                      .dwattr $C$DW$129, DW_AT_high_pc(0x00)
    2164                      .dwattr $C$DW$129, DW_AT_linkage_name("__isnormalf")
    2165                      .dwattr $C$DW$129, DW_AT_external
    2166                      .dwattr $C$DW$129, DW_AT_type(*$C$DW$T$10)
    2167                      .dwattr $C$DW$129, DW_AT_decl_file("C:/ti/ccs1210/ccs/tools/compiler/ti-cgt-c2000_22.6.0.LTS/include/
    2168                      .dwattr $C$DW$129, DW_AT_decl_line(0x163)
    2169                      .dwattr $C$DW$129, DW_AT_decl_column(0x18)
    2170                      .dwattr $C$DW$129, DW_AT_TI_max_frame_size(-2)
    2171                      .dwpsn  file "C:/ti/ccs1210/ccs/tools/compiler/ti-cgt-c2000_22.6.0.LTS/include/_defs.h",line 356,colu
    2172              
    2173                      .dwfde $C$DW$CIE, ||__isnormalf||
    2174              $C$DW$130       .dwtag  DW_TAG_formal_parameter
    2175                      .dwattr $C$DW$130, DW_AT_name("f")
    2176                      .dwattr $C$DW$130, DW_AT_type(*$C$DW$T$16)
    2177                      .dwattr $C$DW$130, DW_AT_location[DW_OP_regx 0x2b]
    2178              
    2179              
    2180              ;***************************************************************
    2181              ;* FNAME: __isnormalf                   FR SIZE:   0           *
    2182              ;*                                                             *
    2183              ;* FUNCTION ENVIRONMENT                                        *
    2184              ;*                                                             *
    2185              ;* FUNCTION PROPERTIES                                         *
    2186              ;*                            0 Parameter,  0 Auto,  0 SOE     *
    2187              ;***************************************************************
    2188              
    2189              ||__isnormalf||:
    2190              ;* PL    assigned to $O$K3
    2191              ;* AR6   assigned to $O$S1
    2192              ;* R0    assigned to f
    2193              $C$DW$131       .dwtag  DW_TAG_variable
    2194                      .dwattr $C$DW$131, DW_AT_name("f")
    2195                      .dwattr $C$DW$131, DW_AT_type(*$C$DW$T$79)
    2196                      .dwattr $C$DW$131, DW_AT_location[DW_OP_regx 0x2b]
    2197              
    2198                      .dwcfi  cfa_offset, -2
    2199                      .dwcfi  save_reg_to_mem, 26, 0
    2200                      .dwpsn  file "C:/ti/ccs1210/ccs/tools/compiler/ti-cgt-c2000_22.6.0.LTS/include/_defs.h",line 356,colu
    2201 00000000 BFAB          MOV32     P,R0H                 ; [CPU_FPU] |356| 
         00000001 0F12 
    2202 00000002 28AC          MOV       T,#23                 ; [CPU_ALU] |356| 
         00000003 0017 
    2203 00000004 A9A9          MOVL      ACC,P                 ; [CPU_ALU] |356| 
    2204 00000005 BE00          MOVB      XAR6,#0               ; [CPU_ALU] |356| 
    2205 00000006 5622          LSRL      ACC,T                 ; [CPU_ALU] |356| 
    2206 00000007 90FF          ANDB      AL,#0xff              ; [CPU_ALU] |356| 
    2207 00000008 6109          B         ||$C$L19||,EQ         ; [CPU_ALU] |356| 
    2208                      ; branchcc occurs ; [] |356| 
    2209 00000009 CCAA          AND       AL,PH,#0x7f80         ; [CPU_ALU] |356| 
         0000000a 7F80 
    2210 0000000b 80A9          MOVZ      AR7,AL                ; [CPU_ALU] |356| 
TMS320C2000 Assembler PC v22.6.0 Mon Apr 21 09:04:20 2025

Copyright (c) 1996-2018 Texas Instruments Incorporated
app_state.asm                                                        PAGE   44

    2211 0000000c FF20          MOV       ACC,#32640            ; [CPU_ALU] |356| 
         0000000d 7F80 
    2212 0000000e 0FA7          CMPL      ACC,XAR7              ; [CPU_ALU] |356| 
    2213 0000000f 56B0          MOVB      XAR6,#1,NEQ           ; [CPU_ALU] |356| 
         00000010 01A6 
    2214 00000011       ||$C$L19||:    
    2215 00000011 92A6          MOV       AL,AR6                ; [CPU_ALU] |356| 
    2216              $C$DW$132       .dwtag  DW_TAG_TI_branch
    2217                      .dwattr $C$DW$132, DW_AT_low_pc(0x00)
    2218                      .dwattr $C$DW$132, DW_AT_TI_return
    2219              
    2220 00000012 0006          LRETR     ; [CPU_ALU] 
    2221                      ; return occurs ; [] 
    2222                      .dwattr $C$DW$129, DW_AT_TI_end_file("C:/ti/ccs1210/ccs/tools/compiler/ti-cgt-c2000_22.6.0.LTS/includ
    2223                      .dwattr $C$DW$129, DW_AT_TI_end_line(0x165)
    2224                      .dwattr $C$DW$129, DW_AT_TI_end_column(0x2f)
    2225                      .dwendentry
    2226                      .dwendtag $C$DW$129
    2227              
    2228 00000000               .sect   ".text:__isnormal"
    2229                      .clink
    2230                      .global ||__isnormal||
    2231              
    2232              $C$DW$133       .dwtag  DW_TAG_subprogram
    2233                      .dwattr $C$DW$133, DW_AT_name("__isnormal")
    2234                      .dwattr $C$DW$133, DW_AT_low_pc(||__isnormal||)
    2235                      .dwattr $C$DW$133, DW_AT_high_pc(0x00)
    2236                      .dwattr $C$DW$133, DW_AT_linkage_name("__isnormal")
    2237                      .dwattr $C$DW$133, DW_AT_external
    2238                      .dwattr $C$DW$133, DW_AT_type(*$C$DW$T$10)
    2239                      .dwattr $C$DW$133, DW_AT_decl_file("C:/ti/ccs1210/ccs/tools/compiler/ti-cgt-c2000_22.6.0.LTS/include/
    2240                      .dwattr $C$DW$133, DW_AT_decl_line(0x15f)
    2241                      .dwattr $C$DW$133, DW_AT_decl_column(0x18)
    2242                      .dwattr $C$DW$133, DW_AT_TI_max_frame_size(-6)
    2243                      .dwpsn  file "C:/ti/ccs1210/ccs/tools/compiler/ti-cgt-c2000_22.6.0.LTS/include/_defs.h",line 352,colu
    2244              
    2245                      .dwfde $C$DW$CIE, ||__isnormal||
    2246              $C$DW$134       .dwtag  DW_TAG_formal_parameter
    2247                      .dwattr $C$DW$134, DW_AT_name("d")
    2248                      .dwattr $C$DW$134, DW_AT_type(*$C$DW$T$80)
    2249                      .dwattr $C$DW$134, DW_AT_location[DW_OP_reg12]
    2250              
    2251              
    2252              ;***************************************************************
    2253              ;* FNAME: __isnormal                    FR SIZE:   4           *
    2254              ;*                                                             *
    2255              ;* FUNCTION ENVIRONMENT                                        *
    2256              ;*                                                             *
    2257              ;* FUNCTION PROPERTIES                                         *
    2258              ;*                            4 Parameter,  0 Auto,  0 SOE     *
    2259              ;***************************************************************
    2260              
    2261              ||__isnormal||:
    2262              ;* AR5   assigned to $O$C2
    2263              ;* AR6   assigned to $O$S1
TMS320C2000 Assembler PC v22.6.0 Mon Apr 21 09:04:20 2025

Copyright (c) 1996-2018 Texas Instruments Incorporated
app_state.asm                                                        PAGE   45

    2264              ;* AR4   assigned to d
    2265              $C$DW$135       .dwtag  DW_TAG_variable
    2266                      .dwattr $C$DW$135, DW_AT_name("d")
    2267                      .dwattr $C$DW$135, DW_AT_type(*$C$DW$T$81)
    2268                      .dwattr $C$DW$135, DW_AT_location[DW_OP_reg12]
    2269              
    2270                      .dwcfi  cfa_offset, -2
    2271                      .dwcfi  save_reg_to_mem, 26, 0
    2272 00000000 FE04          ADDB      SP,#4                 ; [CPU_ARAU] 
    2273                      .dwcfi  cfa_offset, -6
    2274                      .dwpsn  file "C:/ti/ccs1210/ccs/tools/compiler/ti-cgt-c2000_22.6.0.LTS/include/_defs.h",line 352,colu
    2275 00000001 83C4          MOVL      XAR5,*+XAR4[0]        ; [CPU_ALU] |352| 
    2276 00000002 8AD4          MOVL      XAR4,*+XAR4[2]        ; [CPU_ALU] |352| 
    2277 00000003 BE00          MOVB      XAR6,#0               ; [CPU_ALU] |352| 
    2278 00000004 28AC          MOV       T,#52                 ; [CPU_ALU] |352| 
         00000005 0034 
    2279 00000006 A0AB          MOVL      P,XAR5                ; [CPU_ALU] |352| 
    2280 00000007 A8A9          MOVL      ACC,XAR4              ; [CPU_ALU] |352| 
    2281 00000008 C244          MOVL      *-SP[4],XAR6          ; [CPU_ALU] |352| 
    2282 00000009 2B42          MOV       *-SP[2],#0            ; [CPU_ALU] |352| 
    2283 0000000a 565B          LSR64     ACC:P,T               ; [CPU_ALU] |352| 
    2284 0000000b 2B41          MOV       *-SP[1],#0            ; [CPU_FPU] |352| 
    2285 0000000c 9000          ANDB      AL,#0                 ; [CPU_ALU] |352| 
    2286 0000000d 9100          ANDB      AH,#0                 ; [CPU_ALU] |352| 
    2287 0000000e 18AB          AND       PL,#2047              ; [CPU_ALU] |352| 
         0000000f 07FF 
    2288 00000010 18AA          AND       PH,#0                 ; [CPU_ALU] |352| 
         00000011 0000 
    2289              $C$DW$136       .dwtag  DW_TAG_TI_branch
    2290                      .dwattr $C$DW$136, DW_AT_low_pc(0x00)
    2291                      .dwattr $C$DW$136, DW_AT_name("__c28xabi_cmpull")
    2292                      .dwattr $C$DW$136, DW_AT_TI_call
    2293              
    2294 00000012 7640!         LCR       #||__c28xabi_cmpull|| ; [CPU_ALU] |352| 
         00000013 0000 
    2295                      ; call occurs [#||__c28xabi_cmpull||] ; [] |352| 
    2296 00000014 BE00          MOVB      XAR6,#0               ; [CPU_ALU] |352| 
    2297 00000015 5200          CMPB      AL,#0                 ; [CPU_ALU] |352| 
    2298 00000016 610E          B         ||$C$L20||,EQ         ; [CPU_ALU] |352| 
    2299                      ; branchcc occurs ; [] |352| 
    2300 00000017 A0AB          MOVL      P,XAR5                ; [CPU_ALU] |352| 
    2301 00000018 A8A9          MOVL      ACC,XAR4              ; [CPU_ALU] |352| 
    2302 00000019 28AC          MOV       T,#48                 ; [CPU_ALU] |352| 
         0000001a 0030 
    2303 0000001b 565B          LSR64     ACC:P,T               ; [CPU_ALU] |352| 
    2304 0000001c 18AB          AND       PL,#0x7ff0            ; [CPU_ALU] |352| 
         0000001d 7FF0 
    2305 0000001e 80AB          MOVZ      AR7,PL                ; [CPU_ALU] |352| 
    2306 0000001f FF20          MOV       ACC,#32752            ; [CPU_ALU] |352| 
         00000020 7FF0 
    2307 00000021 0FA7          CMPL      ACC,XAR7              ; [CPU_ALU] |352| 
    2308 00000022 56B0          MOVB      XAR6,#1,NEQ           ; [CPU_ALU] |352| 
         00000023 01A6 
    2309 00000024       ||$C$L20||:    
    2310 00000024 FE84          SUBB      SP,#4                 ; [CPU_ARAU] 
TMS320C2000 Assembler PC v22.6.0 Mon Apr 21 09:04:20 2025

Copyright (c) 1996-2018 Texas Instruments Incorporated
app_state.asm                                                        PAGE   46

    2311                      .dwcfi  cfa_offset, -2
    2312 00000025 92A6          MOV       AL,AR6                ; [CPU_ALU] |352| 
    2313              $C$DW$137       .dwtag  DW_TAG_TI_branch
    2314                      .dwattr $C$DW$137, DW_AT_low_pc(0x00)
    2315                      .dwattr $C$DW$137, DW_AT_TI_return
    2316              
    2317 00000026 0006          LRETR     ; [CPU_ALU] 
    2318                      ; return occurs ; [] 
    2319                      .dwattr $C$DW$133, DW_AT_TI_end_file("C:/ti/ccs1210/ccs/tools/compiler/ti-cgt-c2000_22.6.0.LTS/includ
    2320                      .dwattr $C$DW$133, DW_AT_TI_end_line(0x161)
    2321                      .dwattr $C$DW$133, DW_AT_TI_end_column(0x30)
    2322                      .dwendentry
    2323                      .dwendtag $C$DW$133
    2324              
    2325 00000000               .sect   ".text:__isnanl"
    2326                      .clink
    2327                      .global ||__isnanl||
    2328              
    2329              $C$DW$138       .dwtag  DW_TAG_subprogram
    2330                      .dwattr $C$DW$138, DW_AT_name("__isnanl")
    2331                      .dwattr $C$DW$138, DW_AT_low_pc(||__isnanl||)
    2332                      .dwattr $C$DW$138, DW_AT_high_pc(0x00)
    2333                      .dwattr $C$DW$138, DW_AT_linkage_name("__isnanl")
    2334                      .dwattr $C$DW$138, DW_AT_external
    2335                      .dwattr $C$DW$138, DW_AT_type(*$C$DW$T$10)
    2336                      .dwattr $C$DW$138, DW_AT_decl_file("C:/ti/ccs1210/ccs/tools/compiler/ti-cgt-c2000_22.6.0.LTS/include/
    2337                      .dwattr $C$DW$138, DW_AT_decl_line(0x15b)
    2338                      .dwattr $C$DW$138, DW_AT_decl_column(0x18)
    2339                      .dwattr $C$DW$138, DW_AT_TI_max_frame_size(-6)
    2340                      .dwpsn  file "C:/ti/ccs1210/ccs/tools/compiler/ti-cgt-c2000_22.6.0.LTS/include/_defs.h",line 348,colu
    2341              
    2342                      .dwfde $C$DW$CIE, ||__isnanl||
    2343              $C$DW$139       .dwtag  DW_TAG_formal_parameter
    2344                      .dwattr $C$DW$139, DW_AT_name("e")
    2345                      .dwattr $C$DW$139, DW_AT_type(*$C$DW$T$82)
    2346                      .dwattr $C$DW$139, DW_AT_location[DW_OP_reg12]
    2347              
    2348              
    2349              ;***************************************************************
    2350              ;* FNAME: __isnanl                      FR SIZE:   4           *
    2351              ;*                                                             *
    2352              ;* FUNCTION ENVIRONMENT                                        *
    2353              ;*                                                             *
    2354              ;* FUNCTION PROPERTIES                                         *
    2355              ;*                            4 Parameter,  0 Auto,  0 SOE     *
    2356              ;***************************************************************
    2357              
    2358              ||__isnanl||:
    2359              ;* AR7   assigned to $O$C2
    2360              ;* AR4   assigned to $O$S1
    2361              ;* AR4   assigned to e
    2362              $C$DW$140       .dwtag  DW_TAG_variable
    2363                      .dwattr $C$DW$140, DW_AT_name("e")
    2364                      .dwattr $C$DW$140, DW_AT_type(*$C$DW$T$83)
    2365                      .dwattr $C$DW$140, DW_AT_location[DW_OP_reg12]
TMS320C2000 Assembler PC v22.6.0 Mon Apr 21 09:04:20 2025

Copyright (c) 1996-2018 Texas Instruments Incorporated
app_state.asm                                                        PAGE   47

    2366              
    2367                      .dwcfi  cfa_offset, -2
    2368                      .dwcfi  save_reg_to_mem, 26, 0
    2369 00000000 FE04          ADDB      SP,#4                 ; [CPU_ARAU] 
    2370                      .dwcfi  cfa_offset, -6
    2371                      .dwpsn  file "C:/ti/ccs1210/ccs/tools/compiler/ti-cgt-c2000_22.6.0.LTS/include/_defs.h",line 348,colu
    2372 00000001 C5C4          MOVL      XAR7,*+XAR4[0]        ; [CPU_ALU] |348| 
    2373 00000002 06D4          MOVL      ACC,*+XAR4[2]         ; [CPU_ALU] |348| 
    2374 00000003 28AC          MOV       T,#48                 ; [CPU_ALU] |348| 
         00000004 0030 
    2375 00000005 1EA6          MOVL      XAR6,ACC              ; [CPU_ALU] |348| 
    2376 00000006 A3A7          MOVL      P,XAR7                ; [CPU_ALU] |348| 
    2377 00000007 D400          MOVB      XAR4,#0               ; [CPU_ALU] |348| 
    2378 00000008 565B          LSR64     ACC:P,T               ; [CPU_ALU] |348| 
    2379 00000009 2BAA          MOV       PH,#0                 ; [CPU_ALU] |348| 
    2380 0000000a 18AB          AND       PL,#0x7ff0            ; [CPU_ALU] |348| 
         0000000b 7FF0 
    2381 0000000c FF20          MOV       ACC,#32752            ; [CPU_ALU] |348| 
         0000000d 7FF0 
    2382 0000000e 0FAB          CMPL      ACC,P                 ; [CPU_ALU] |348| 
    2383 0000000f 6013          B         ||$C$L21||,NEQ        ; [CPU_ALU] |348| 
    2384                      ; branchcc occurs ; [] |348| 
    2385 00000010 06A6          MOVL      ACC,XAR6              ; [CPU_ALU] |348| 
    2386 00000011 A3A7          MOVL      P,XAR7                ; [CPU_ALU] |348| 
    2387 00000012 BE00          MOVB      XAR6,#0               ; [CPU_ALU] |348| 
    2388 00000013 18A9          AND       AL,#65535             ; [CPU_ALU] |348| 
         00000014 FFFF 
    2389 00000015 910F          ANDB      AH,#15                ; [CPU_ALU] |348| 
    2390 00000016 18AB          AND       PL,#65535             ; [CPU_ALU] |348| 
         00000017 FFFF 
    2391 00000018 18AA          AND       PH,#65535             ; [CPU_ALU] |348| 
         00000019 FFFF 
    2392 0000001a C244          MOVL      *-SP[4],XAR6          ; [CPU_FPU] |348| 
    2393 0000001b 2B42          MOV       *-SP[2],#0            ; [CPU_FPU] |348| 
    2394 0000001c 2B41          MOV       *-SP[1],#0            ; [CPU_FPU] |348| 
    2395              $C$DW$141       .dwtag  DW_TAG_TI_branch
    2396                      .dwattr $C$DW$141, DW_AT_low_pc(0x00)
    2397                      .dwattr $C$DW$141, DW_AT_name("__c28xabi_cmpull")
    2398                      .dwattr $C$DW$141, DW_AT_TI_call
    2399              
    2400 0000001d 7640!         LCR       #||__c28xabi_cmpull|| ; [CPU_ALU] |348| 
         0000001e 0000 
    2401                      ; call occurs [#||__c28xabi_cmpull||] ; [] |348| 
    2402 0000001f 5200          CMPB      AL,#0                 ; [CPU_ALU] |348| 
    2403 00000020 56B0          MOVB      XAR4,#1,NEQ           ; [CPU_ALU] |348| 
         00000021 01A4 
    2404 00000022       ||$C$L21||:    
    2405 00000022 FE84          SUBB      SP,#4                 ; [CPU_ARAU] 
    2406                      .dwcfi  cfa_offset, -2
    2407 00000023 92A4          MOV       AL,AR4                ; [CPU_ALU] |348| 
    2408              $C$DW$142       .dwtag  DW_TAG_TI_branch
    2409                      .dwattr $C$DW$142, DW_AT_low_pc(0x00)
    2410                      .dwattr $C$DW$142, DW_AT_TI_return
    2411              
    2412 00000024 0006          LRETR     ; [CPU_ALU] 
TMS320C2000 Assembler PC v22.6.0 Mon Apr 21 09:04:20 2025

Copyright (c) 1996-2018 Texas Instruments Incorporated
app_state.asm                                                        PAGE   48

    2413                      ; return occurs ; [] 
    2414                      .dwattr $C$DW$138, DW_AT_TI_end_file("C:/ti/ccs1210/ccs/tools/compiler/ti-cgt-c2000_22.6.0.LTS/includ
    2415                      .dwattr $C$DW$138, DW_AT_TI_end_line(0x15d)
    2416                      .dwattr $C$DW$138, DW_AT_TI_end_column(0x30)
    2417                      .dwendentry
    2418                      .dwendtag $C$DW$138
    2419              
    2420 00000000               .sect   ".text:__isnanf"
    2421                      .clink
    2422                      .global ||__isnanf||
    2423              
    2424              $C$DW$143       .dwtag  DW_TAG_subprogram
    2425                      .dwattr $C$DW$143, DW_AT_name("__isnanf")
    2426                      .dwattr $C$DW$143, DW_AT_low_pc(||__isnanf||)
    2427                      .dwattr $C$DW$143, DW_AT_high_pc(0x00)
    2428                      .dwattr $C$DW$143, DW_AT_linkage_name("__isnanf")
    2429                      .dwattr $C$DW$143, DW_AT_external
    2430                      .dwattr $C$DW$143, DW_AT_type(*$C$DW$T$10)
    2431                      .dwattr $C$DW$143, DW_AT_decl_file("C:/ti/ccs1210/ccs/tools/compiler/ti-cgt-c2000_22.6.0.LTS/include/
    2432                      .dwattr $C$DW$143, DW_AT_decl_line(0x158)
    2433                      .dwattr $C$DW$143, DW_AT_decl_column(0x18)
    2434                      .dwattr $C$DW$143, DW_AT_TI_max_frame_size(-2)
    2435                      .dwpsn  file "C:/ti/ccs1210/ccs/tools/compiler/ti-cgt-c2000_22.6.0.LTS/include/_defs.h",line 345,colu
    2436              
    2437                      .dwfde $C$DW$CIE, ||__isnanf||
    2438              $C$DW$144       .dwtag  DW_TAG_formal_parameter
    2439                      .dwattr $C$DW$144, DW_AT_name("f")
    2440                      .dwattr $C$DW$144, DW_AT_type(*$C$DW$T$16)
    2441                      .dwattr $C$DW$144, DW_AT_location[DW_OP_regx 0x2b]
    2442              
    2443              
    2444              ;***************************************************************
    2445              ;* FNAME: __isnanf                      FR SIZE:   0           *
    2446              ;*                                                             *
    2447              ;* FUNCTION ENVIRONMENT                                        *
    2448              ;*                                                             *
    2449              ;* FUNCTION PROPERTIES                                         *
    2450              ;*                            0 Parameter,  0 Auto,  0 SOE     *
    2451              ;***************************************************************
    2452              
    2453              ||__isnanf||:
    2454              ;* PL    assigned to $O$K3
    2455              ;* AR6   assigned to $O$S1
    2456              ;* R0    assigned to f
    2457              $C$DW$145       .dwtag  DW_TAG_variable
    2458                      .dwattr $C$DW$145, DW_AT_name("f")
    2459                      .dwattr $C$DW$145, DW_AT_type(*$C$DW$T$79)
    2460                      .dwattr $C$DW$145, DW_AT_location[DW_OP_regx 0x2b]
    2461              
    2462                      .dwcfi  cfa_offset, -2
    2463                      .dwcfi  save_reg_to_mem, 26, 0
    2464                      .dwpsn  file "C:/ti/ccs1210/ccs/tools/compiler/ti-cgt-c2000_22.6.0.LTS/include/_defs.h",line 345,colu
    2465 00000000 BFAB          MOV32     P,R0H                 ; [CPU_FPU] |345| 
         00000001 0F12 
    2466 00000002 CCAA          AND       AL,PH,#0x7f80         ; [CPU_ALU] |345| 
TMS320C2000 Assembler PC v22.6.0 Mon Apr 21 09:04:20 2025

Copyright (c) 1996-2018 Texas Instruments Incorporated
app_state.asm                                                        PAGE   49

         00000003 7F80 
    2467 00000004 80A9          MOVZ      AR7,AL                ; [CPU_ALU] |345| 
    2468 00000005 BE00          MOVB      XAR6,#0               ; [CPU_ALU] |345| 
    2469 00000006 FF20          MOV       ACC,#32640            ; [CPU_ALU] |345| 
         00000007 7F80 
    2470 00000008 0FA7          CMPL      ACC,XAR7              ; [CPU_ALU] |345| 
    2471 00000009 6006          B         ||$C$L22||,NEQ        ; [CPU_ALU] |345| 
    2472                      ; branchcc occurs ; [] |345| 
    2473 0000000a A9A9          MOVL      ACC,P                 ; [CPU_ALU] |345| 
    2474 0000000b 917F          ANDB      AH,#127               ; [CPU_ALU] |345| 
    2475 0000000c FF58          TEST      ACC                   ; [CPU_ALU] |345| 
    2476 0000000d 56B0          MOVB      XAR6,#1,NEQ           ; [CPU_ALU] |345| 
         0000000e 01A6 
    2477 0000000f       ||$C$L22||:    
    2478 0000000f 92A6          MOV       AL,AR6                ; [CPU_ALU] |345| 
    2479              $C$DW$146       .dwtag  DW_TAG_TI_branch
    2480                      .dwattr $C$DW$146, DW_AT_low_pc(0x00)
    2481                      .dwattr $C$DW$146, DW_AT_TI_return
    2482              
    2483 00000010 0006          LRETR     ; [CPU_ALU] 
    2484                      ; return occurs ; [] 
    2485                      .dwattr $C$DW$143, DW_AT_TI_end_file("C:/ti/ccs1210/ccs/tools/compiler/ti-cgt-c2000_22.6.0.LTS/includ
    2486                      .dwattr $C$DW$143, DW_AT_TI_end_line(0x15a)
    2487                      .dwattr $C$DW$143, DW_AT_TI_end_column(0x2e)
    2488                      .dwendentry
    2489                      .dwendtag $C$DW$143
    2490              
    2491 00000000               .sect   ".text:__isnan"
    2492                      .clink
    2493                      .global ||__isnan||
    2494              
    2495              $C$DW$147       .dwtag  DW_TAG_subprogram
    2496                      .dwattr $C$DW$147, DW_AT_name("__isnan")
    2497                      .dwattr $C$DW$147, DW_AT_low_pc(||__isnan||)
    2498                      .dwattr $C$DW$147, DW_AT_high_pc(0x00)
    2499                      .dwattr $C$DW$147, DW_AT_linkage_name("__isnan")
    2500                      .dwattr $C$DW$147, DW_AT_external
    2501                      .dwattr $C$DW$147, DW_AT_type(*$C$DW$T$10)
    2502                      .dwattr $C$DW$147, DW_AT_decl_file("C:/ti/ccs1210/ccs/tools/compiler/ti-cgt-c2000_22.6.0.LTS/include/
    2503                      .dwattr $C$DW$147, DW_AT_decl_line(0x155)
    2504                      .dwattr $C$DW$147, DW_AT_decl_column(0x18)
    2505                      .dwattr $C$DW$147, DW_AT_TI_max_frame_size(-6)
    2506                      .dwpsn  file "C:/ti/ccs1210/ccs/tools/compiler/ti-cgt-c2000_22.6.0.LTS/include/_defs.h",line 342,colu
    2507              
    2508                      .dwfde $C$DW$CIE, ||__isnan||
    2509              $C$DW$148       .dwtag  DW_TAG_formal_parameter
    2510                      .dwattr $C$DW$148, DW_AT_name("d")
    2511                      .dwattr $C$DW$148, DW_AT_type(*$C$DW$T$80)
    2512                      .dwattr $C$DW$148, DW_AT_location[DW_OP_reg12]
    2513              
    2514              
    2515              ;***************************************************************
    2516              ;* FNAME: __isnan                       FR SIZE:   4           *
    2517              ;*                                                             *
    2518              ;* FUNCTION ENVIRONMENT                                        *
TMS320C2000 Assembler PC v22.6.0 Mon Apr 21 09:04:20 2025

Copyright (c) 1996-2018 Texas Instruments Incorporated
app_state.asm                                                        PAGE   50

    2519              ;*                                                             *
    2520              ;* FUNCTION PROPERTIES                                         *
    2521              ;*                            4 Parameter,  0 Auto,  0 SOE     *
    2522              ;***************************************************************
    2523              
    2524              ||__isnan||:
    2525              ;* AR7   assigned to $O$C2
    2526              ;* AR4   assigned to $O$S1
    2527              ;* AR4   assigned to d
    2528              $C$DW$149       .dwtag  DW_TAG_variable
    2529                      .dwattr $C$DW$149, DW_AT_name("d")
    2530                      .dwattr $C$DW$149, DW_AT_type(*$C$DW$T$81)
    2531                      .dwattr $C$DW$149, DW_AT_location[DW_OP_reg12]
    2532              
    2533                      .dwcfi  cfa_offset, -2
    2534                      .dwcfi  save_reg_to_mem, 26, 0
    2535 00000000 FE04          ADDB      SP,#4                 ; [CPU_ARAU] 
    2536                      .dwcfi  cfa_offset, -6
    2537                      .dwpsn  file "C:/ti/ccs1210/ccs/tools/compiler/ti-cgt-c2000_22.6.0.LTS/include/_defs.h",line 342,colu
    2538 00000001 C5C4          MOVL      XAR7,*+XAR4[0]        ; [CPU_ALU] |342| 
    2539 00000002 06D4          MOVL      ACC,*+XAR4[2]         ; [CPU_ALU] |342| 
    2540 00000003 28AC          MOV       T,#48                 ; [CPU_ALU] |342| 
         00000004 0030 
    2541 00000005 1EA6          MOVL      XAR6,ACC              ; [CPU_ALU] |342| 
    2542 00000006 A3A7          MOVL      P,XAR7                ; [CPU_ALU] |342| 
    2543 00000007 D400          MOVB      XAR4,#0               ; [CPU_ALU] |342| 
    2544 00000008 565B          LSR64     ACC:P,T               ; [CPU_ALU] |342| 
    2545 00000009 2BAA          MOV       PH,#0                 ; [CPU_ALU] |342| 
    2546 0000000a 18AB          AND       PL,#0x7ff0            ; [CPU_ALU] |342| 
         0000000b 7FF0 
    2547 0000000c FF20          MOV       ACC,#32752            ; [CPU_ALU] |342| 
         0000000d 7FF0 
    2548 0000000e 0FAB          CMPL      ACC,P                 ; [CPU_ALU] |342| 
    2549 0000000f 6013          B         ||$C$L23||,NEQ        ; [CPU_ALU] |342| 
    2550                      ; branchcc occurs ; [] |342| 
    2551 00000010 06A6          MOVL      ACC,XAR6              ; [CPU_ALU] |342| 
    2552 00000011 A3A7          MOVL      P,XAR7                ; [CPU_ALU] |342| 
    2553 00000012 BE00          MOVB      XAR6,#0               ; [CPU_ALU] |342| 
    2554 00000013 18A9          AND       AL,#65535             ; [CPU_ALU] |342| 
         00000014 FFFF 
    2555 00000015 910F          ANDB      AH,#15                ; [CPU_ALU] |342| 
    2556 00000016 18AB          AND       PL,#65535             ; [CPU_ALU] |342| 
         00000017 FFFF 
    2557 00000018 18AA          AND       PH,#65535             ; [CPU_ALU] |342| 
         00000019 FFFF 
    2558 0000001a C244          MOVL      *-SP[4],XAR6          ; [CPU_FPU] |342| 
    2559 0000001b 2B42          MOV       *-SP[2],#0            ; [CPU_FPU] |342| 
    2560 0000001c 2B41          MOV       *-SP[1],#0            ; [CPU_FPU] |342| 
    2561              $C$DW$150       .dwtag  DW_TAG_TI_branch
    2562                      .dwattr $C$DW$150, DW_AT_low_pc(0x00)
    2563                      .dwattr $C$DW$150, DW_AT_name("__c28xabi_cmpull")
    2564                      .dwattr $C$DW$150, DW_AT_TI_call
    2565              
    2566 0000001d 7640!         LCR       #||__c28xabi_cmpull|| ; [CPU_ALU] |342| 
         0000001e 0000 
TMS320C2000 Assembler PC v22.6.0 Mon Apr 21 09:04:20 2025

Copyright (c) 1996-2018 Texas Instruments Incorporated
app_state.asm                                                        PAGE   51

    2567                      ; call occurs [#||__c28xabi_cmpull||] ; [] |342| 
    2568 0000001f 5200          CMPB      AL,#0                 ; [CPU_ALU] |342| 
    2569 00000020 56B0          MOVB      XAR4,#1,NEQ           ; [CPU_ALU] |342| 
         00000021 01A4 
    2570 00000022       ||$C$L23||:    
    2571 00000022 FE84          SUBB      SP,#4                 ; [CPU_ARAU] 
    2572                      .dwcfi  cfa_offset, -2
    2573 00000023 92A4          MOV       AL,AR4                ; [CPU_ALU] |342| 
    2574              $C$DW$151       .dwtag  DW_TAG_TI_branch
    2575                      .dwattr $C$DW$151, DW_AT_low_pc(0x00)
    2576                      .dwattr $C$DW$151, DW_AT_TI_return
    2577              
    2578 00000024 0006          LRETR     ; [CPU_ALU] 
    2579                      ; return occurs ; [] 
    2580                      .dwattr $C$DW$147, DW_AT_TI_end_file("C:/ti/ccs1210/ccs/tools/compiler/ti-cgt-c2000_22.6.0.LTS/includ
    2581                      .dwattr $C$DW$147, DW_AT_TI_end_line(0x157)
    2582                      .dwattr $C$DW$147, DW_AT_TI_end_column(0x2f)
    2583                      .dwendentry
    2584                      .dwendtag $C$DW$147
    2585              
    2586 00000000               .sect   ".text:__isinfl"
    2587                      .clink
    2588                      .global ||__isinfl||
    2589              
    2590              $C$DW$152       .dwtag  DW_TAG_subprogram
    2591                      .dwattr $C$DW$152, DW_AT_name("__isinfl")
    2592                      .dwattr $C$DW$152, DW_AT_low_pc(||__isinfl||)
    2593                      .dwattr $C$DW$152, DW_AT_high_pc(0x00)
    2594                      .dwattr $C$DW$152, DW_AT_linkage_name("__isinfl")
    2595                      .dwattr $C$DW$152, DW_AT_external
    2596                      .dwattr $C$DW$152, DW_AT_type(*$C$DW$T$10)
    2597                      .dwattr $C$DW$152, DW_AT_decl_file("C:/ti/ccs1210/ccs/tools/compiler/ti-cgt-c2000_22.6.0.LTS/include/
    2598                      .dwattr $C$DW$152, DW_AT_decl_line(0x17a)
    2599                      .dwattr $C$DW$152, DW_AT_decl_column(0x18)
    2600                      .dwattr $C$DW$152, DW_AT_TI_max_frame_size(-6)
    2601                      .dwpsn  file "C:/ti/ccs1210/ccs/tools/compiler/ti-cgt-c2000_22.6.0.LTS/include/_defs.h",line 379,colu
    2602              
    2603                      .dwfde $C$DW$CIE, ||__isinfl||
    2604              $C$DW$153       .dwtag  DW_TAG_formal_parameter
    2605                      .dwattr $C$DW$153, DW_AT_name("e")
    2606                      .dwattr $C$DW$153, DW_AT_type(*$C$DW$T$82)
    2607                      .dwattr $C$DW$153, DW_AT_location[DW_OP_reg12]
    2608              
    2609              
    2610              ;***************************************************************
    2611              ;* FNAME: __isinfl                      FR SIZE:   4           *
    2612              ;*                                                             *
    2613              ;* FUNCTION ENVIRONMENT                                        *
    2614              ;*                                                             *
    2615              ;* FUNCTION PROPERTIES                                         *
    2616              ;*                            4 Parameter,  0 Auto,  0 SOE     *
    2617              ;***************************************************************
    2618              
    2619              ||__isinfl||:
    2620              ;* AR7   assigned to $O$C2
TMS320C2000 Assembler PC v22.6.0 Mon Apr 21 09:04:20 2025

Copyright (c) 1996-2018 Texas Instruments Incorporated
app_state.asm                                                        PAGE   52

    2621              ;* AR4   assigned to $O$S1
    2622              ;* AR4   assigned to e
    2623              $C$DW$154       .dwtag  DW_TAG_variable
    2624                      .dwattr $C$DW$154, DW_AT_name("e")
    2625                      .dwattr $C$DW$154, DW_AT_type(*$C$DW$T$83)
    2626                      .dwattr $C$DW$154, DW_AT_location[DW_OP_reg12]
    2627              
    2628                      .dwcfi  cfa_offset, -2
    2629                      .dwcfi  save_reg_to_mem, 26, 0
    2630 00000000 FE04          ADDB      SP,#4                 ; [CPU_ARAU] 
    2631                      .dwcfi  cfa_offset, -6
    2632                      .dwpsn  file "C:/ti/ccs1210/ccs/tools/compiler/ti-cgt-c2000_22.6.0.LTS/include/_defs.h",line 379,colu
    2633 00000001 C5C4          MOVL      XAR7,*+XAR4[0]        ; [CPU_ALU] |379| 
    2634 00000002 06D4          MOVL      ACC,*+XAR4[2]         ; [CPU_ALU] |379| 
    2635 00000003 28AC          MOV       T,#48                 ; [CPU_ALU] |379| 
         00000004 0030 
    2636 00000005 1EA6          MOVL      XAR6,ACC              ; [CPU_ALU] |379| 
    2637 00000006 A3A7          MOVL      P,XAR7                ; [CPU_ALU] |379| 
    2638 00000007 D400          MOVB      XAR4,#0               ; [CPU_ALU] |379| 
    2639 00000008 565B          LSR64     ACC:P,T               ; [CPU_ALU] |379| 
    2640 00000009 2BAA          MOV       PH,#0                 ; [CPU_ALU] |379| 
    2641 0000000a 18AB          AND       PL,#0x7ff0            ; [CPU_ALU] |379| 
         0000000b 7FF0 
    2642 0000000c FF20          MOV       ACC,#32752            ; [CPU_ALU] |379| 
         0000000d 7FF0 
    2643 0000000e 0FAB          CMPL      ACC,P                 ; [CPU_ALU] |379| 
    2644 0000000f 6013          B         ||$C$L24||,NEQ        ; [CPU_ALU] |379| 
    2645                      ; branchcc occurs ; [] |379| 
    2646 00000010 06A6          MOVL      ACC,XAR6              ; [CPU_ALU] |379| 
    2647 00000011 A3A7          MOVL      P,XAR7                ; [CPU_ALU] |379| 
    2648 00000012 BE00          MOVB      XAR6,#0               ; [CPU_ALU] |379| 
    2649 00000013 18A9          AND       AL,#65535             ; [CPU_ALU] |379| 
         00000014 FFFF 
    2650 00000015 910F          ANDB      AH,#15                ; [CPU_ALU] |379| 
    2651 00000016 18AB          AND       PL,#65535             ; [CPU_ALU] |379| 
         00000017 FFFF 
    2652 00000018 18AA          AND       PH,#65535             ; [CPU_ALU] |379| 
         00000019 FFFF 
    2653 0000001a C244          MOVL      *-SP[4],XAR6          ; [CPU_FPU] |379| 
    2654 0000001b 2B42          MOV       *-SP[2],#0            ; [CPU_FPU] |379| 
    2655 0000001c 2B41          MOV       *-SP[1],#0            ; [CPU_FPU] |379| 
    2656              $C$DW$155       .dwtag  DW_TAG_TI_branch
    2657                      .dwattr $C$DW$155, DW_AT_low_pc(0x00)
    2658                      .dwattr $C$DW$155, DW_AT_name("__c28xabi_cmpull")
    2659                      .dwattr $C$DW$155, DW_AT_TI_call
    2660              
    2661 0000001d 7640!         LCR       #||__c28xabi_cmpull|| ; [CPU_ALU] |379| 
         0000001e 0000 
    2662                      ; call occurs [#||__c28xabi_cmpull||] ; [] |379| 
    2663 0000001f 5200          CMPB      AL,#0                 ; [CPU_ALU] |379| 
    2664 00000020 56B1          MOVB      XAR4,#1,EQ            ; [CPU_ALU] |379| 
         00000021 01A4 
    2665 00000022       ||$C$L24||:    
    2666 00000022 FE84          SUBB      SP,#4                 ; [CPU_ARAU] 
    2667                      .dwcfi  cfa_offset, -2
TMS320C2000 Assembler PC v22.6.0 Mon Apr 21 09:04:20 2025

Copyright (c) 1996-2018 Texas Instruments Incorporated
app_state.asm                                                        PAGE   53

    2668 00000023 92A4          MOV       AL,AR4                ; [CPU_ALU] |379| 
    2669              $C$DW$156       .dwtag  DW_TAG_TI_branch
    2670                      .dwattr $C$DW$156, DW_AT_low_pc(0x00)
    2671                      .dwattr $C$DW$156, DW_AT_TI_return
    2672              
    2673 00000024 0006          LRETR     ; [CPU_ALU] 
    2674                      ; return occurs ; [] 
    2675                      .dwattr $C$DW$152, DW_AT_TI_end_file("C:/ti/ccs1210/ccs/tools/compiler/ti-cgt-c2000_22.6.0.LTS/includ
    2676                      .dwattr $C$DW$152, DW_AT_TI_end_line(0x17b)
    2677                      .dwattr $C$DW$152, DW_AT_TI_end_column(0x4c)
    2678                      .dwendentry
    2679                      .dwendtag $C$DW$152
    2680              
    2681 00000000               .sect   ".text:__isinff"
    2682                      .clink
    2683                      .global ||__isinff||
    2684              
    2685              $C$DW$157       .dwtag  DW_TAG_subprogram
    2686                      .dwattr $C$DW$157, DW_AT_name("__isinff")
    2687                      .dwattr $C$DW$157, DW_AT_low_pc(||__isinff||)
    2688                      .dwattr $C$DW$157, DW_AT_high_pc(0x00)
    2689                      .dwattr $C$DW$157, DW_AT_linkage_name("__isinff")
    2690                      .dwattr $C$DW$157, DW_AT_external
    2691                      .dwattr $C$DW$157, DW_AT_type(*$C$DW$T$10)
    2692                      .dwattr $C$DW$157, DW_AT_decl_file("C:/ti/ccs1210/ccs/tools/compiler/ti-cgt-c2000_22.6.0.LTS/include/
    2693                      .dwattr $C$DW$157, DW_AT_decl_line(0x176)
    2694                      .dwattr $C$DW$157, DW_AT_decl_column(0x18)
    2695                      .dwattr $C$DW$157, DW_AT_TI_max_frame_size(-2)
    2696                      .dwpsn  file "C:/ti/ccs1210/ccs/tools/compiler/ti-cgt-c2000_22.6.0.LTS/include/_defs.h",line 375,colu
    2697              
    2698                      .dwfde $C$DW$CIE, ||__isinff||
    2699              $C$DW$158       .dwtag  DW_TAG_formal_parameter
    2700                      .dwattr $C$DW$158, DW_AT_name("f")
    2701                      .dwattr $C$DW$158, DW_AT_type(*$C$DW$T$16)
    2702                      .dwattr $C$DW$158, DW_AT_location[DW_OP_regx 0x2b]
    2703              
    2704              
    2705              ;***************************************************************
    2706              ;* FNAME: __isinff                      FR SIZE:   0           *
    2707              ;*                                                             *
    2708              ;* FUNCTION ENVIRONMENT                                        *
    2709              ;*                                                             *
    2710              ;* FUNCTION PROPERTIES                                         *
    2711              ;*                            0 Parameter,  0 Auto,  0 SOE     *
    2712              ;***************************************************************
    2713              
    2714              ||__isinff||:
    2715              ;* PL    assigned to $O$K3
    2716              ;* AR6   assigned to $O$S1
    2717              ;* R0    assigned to f
    2718              $C$DW$159       .dwtag  DW_TAG_variable
    2719                      .dwattr $C$DW$159, DW_AT_name("f")
    2720                      .dwattr $C$DW$159, DW_AT_type(*$C$DW$T$79)
    2721                      .dwattr $C$DW$159, DW_AT_location[DW_OP_regx 0x2b]
    2722              
TMS320C2000 Assembler PC v22.6.0 Mon Apr 21 09:04:20 2025

Copyright (c) 1996-2018 Texas Instruments Incorporated
app_state.asm                                                        PAGE   54

    2723                      .dwcfi  cfa_offset, -2
    2724                      .dwcfi  save_reg_to_mem, 26, 0
    2725                      .dwpsn  file "C:/ti/ccs1210/ccs/tools/compiler/ti-cgt-c2000_22.6.0.LTS/include/_defs.h",line 375,colu
    2726 00000000 BFAB          MOV32     P,R0H                 ; [CPU_FPU] |375| 
         00000001 0F12 
    2727 00000002 CCAA          AND       AL,PH,#0x7f80         ; [CPU_ALU] |375| 
         00000003 7F80 
    2728 00000004 80A9          MOVZ      AR7,AL                ; [CPU_ALU] |375| 
    2729 00000005 BE00          MOVB      XAR6,#0               ; [CPU_ALU] |375| 
    2730 00000006 FF20          MOV       ACC,#32640            ; [CPU_ALU] |375| 
         00000007 7F80 
    2731 00000008 0FA7          CMPL      ACC,XAR7              ; [CPU_ALU] |375| 
    2732 00000009 6006          B         ||$C$L25||,NEQ        ; [CPU_ALU] |375| 
    2733                      ; branchcc occurs ; [] |375| 
    2734 0000000a A9A9          MOVL      ACC,P                 ; [CPU_ALU] |375| 
    2735 0000000b 917F          ANDB      AH,#127               ; [CPU_ALU] |375| 
    2736 0000000c FF58          TEST      ACC                   ; [CPU_ALU] |375| 
    2737 0000000d 56B1          MOVB      XAR6,#1,EQ            ; [CPU_ALU] |375| 
         0000000e 01A6 
    2738 0000000f       ||$C$L25||:    
    2739 0000000f 92A6          MOV       AL,AR6                ; [CPU_ALU] |375| 
    2740              $C$DW$160       .dwtag  DW_TAG_TI_branch
    2741                      .dwattr $C$DW$160, DW_AT_low_pc(0x00)
    2742                      .dwattr $C$DW$160, DW_AT_TI_return
    2743              
    2744 00000010 0006          LRETR     ; [CPU_ALU] 
    2745                      ; return occurs ; [] 
    2746                      .dwattr $C$DW$157, DW_AT_TI_end_file("C:/ti/ccs1210/ccs/tools/compiler/ti-cgt-c2000_22.6.0.LTS/includ
    2747                      .dwattr $C$DW$157, DW_AT_TI_end_line(0x177)
    2748                      .dwattr $C$DW$157, DW_AT_TI_end_column(0x48)
    2749                      .dwendentry
    2750                      .dwendtag $C$DW$157
    2751              
    2752 00000000               .sect   ".text:__isinf"
    2753                      .clink
    2754                      .global ||__isinf||
    2755              
    2756              $C$DW$161       .dwtag  DW_TAG_subprogram
    2757                      .dwattr $C$DW$161, DW_AT_name("__isinf")
    2758                      .dwattr $C$DW$161, DW_AT_low_pc(||__isinf||)
    2759                      .dwattr $C$DW$161, DW_AT_high_pc(0x00)
    2760                      .dwattr $C$DW$161, DW_AT_linkage_name("__isinf")
    2761                      .dwattr $C$DW$161, DW_AT_external
    2762                      .dwattr $C$DW$161, DW_AT_type(*$C$DW$T$10)
    2763                      .dwattr $C$DW$161, DW_AT_decl_file("C:/ti/ccs1210/ccs/tools/compiler/ti-cgt-c2000_22.6.0.LTS/include/
    2764                      .dwattr $C$DW$161, DW_AT_decl_line(0x178)
    2765                      .dwattr $C$DW$161, DW_AT_decl_column(0x18)
    2766                      .dwattr $C$DW$161, DW_AT_TI_max_frame_size(-6)
    2767                      .dwpsn  file "C:/ti/ccs1210/ccs/tools/compiler/ti-cgt-c2000_22.6.0.LTS/include/_defs.h",line 377,colu
    2768              
    2769                      .dwfde $C$DW$CIE, ||__isinf||
    2770              $C$DW$162       .dwtag  DW_TAG_formal_parameter
    2771                      .dwattr $C$DW$162, DW_AT_name("d")
    2772                      .dwattr $C$DW$162, DW_AT_type(*$C$DW$T$80)
    2773                      .dwattr $C$DW$162, DW_AT_location[DW_OP_reg12]
TMS320C2000 Assembler PC v22.6.0 Mon Apr 21 09:04:20 2025

Copyright (c) 1996-2018 Texas Instruments Incorporated
app_state.asm                                                        PAGE   55

    2774              
    2775              
    2776              ;***************************************************************
    2777              ;* FNAME: __isinf                       FR SIZE:   4           *
    2778              ;*                                                             *
    2779              ;* FUNCTION ENVIRONMENT                                        *
    2780              ;*                                                             *
    2781              ;* FUNCTION PROPERTIES                                         *
    2782              ;*                            4 Parameter,  0 Auto,  0 SOE     *
    2783              ;***************************************************************
    2784              
    2785              ||__isinf||:
    2786              ;* AR7   assigned to $O$C2
    2787              ;* AR4   assigned to $O$S1
    2788              ;* AR4   assigned to d
    2789              $C$DW$163       .dwtag  DW_TAG_variable
    2790                      .dwattr $C$DW$163, DW_AT_name("d")
    2791                      .dwattr $C$DW$163, DW_AT_type(*$C$DW$T$81)
    2792                      .dwattr $C$DW$163, DW_AT_location[DW_OP_reg12]
    2793              
    2794                      .dwcfi  cfa_offset, -2
    2795                      .dwcfi  save_reg_to_mem, 26, 0
    2796 00000000 FE04          ADDB      SP,#4                 ; [CPU_ARAU] 
    2797                      .dwcfi  cfa_offset, -6
    2798                      .dwpsn  file "C:/ti/ccs1210/ccs/tools/compiler/ti-cgt-c2000_22.6.0.LTS/include/_defs.h",line 377,colu
    2799 00000001 C5C4          MOVL      XAR7,*+XAR4[0]        ; [CPU_ALU] |377| 
    2800 00000002 06D4          MOVL      ACC,*+XAR4[2]         ; [CPU_ALU] |377| 
    2801 00000003 28AC          MOV       T,#48                 ; [CPU_ALU] |377| 
         00000004 0030 
    2802 00000005 1EA6          MOVL      XAR6,ACC              ; [CPU_ALU] |377| 
    2803 00000006 A3A7          MOVL      P,XAR7                ; [CPU_ALU] |377| 
    2804 00000007 D400          MOVB      XAR4,#0               ; [CPU_ALU] |377| 
    2805 00000008 565B          LSR64     ACC:P,T               ; [CPU_ALU] |377| 
    2806 00000009 2BAA          MOV       PH,#0                 ; [CPU_ALU] |377| 
    2807 0000000a 18AB          AND       PL,#0x7ff0            ; [CPU_ALU] |377| 
         0000000b 7FF0 
    2808 0000000c FF20          MOV       ACC,#32752            ; [CPU_ALU] |377| 
         0000000d 7FF0 
    2809 0000000e 0FAB          CMPL      ACC,P                 ; [CPU_ALU] |377| 
    2810 0000000f 6013          B         ||$C$L26||,NEQ        ; [CPU_ALU] |377| 
    2811                      ; branchcc occurs ; [] |377| 
    2812 00000010 06A6          MOVL      ACC,XAR6              ; [CPU_ALU] |377| 
    2813 00000011 A3A7          MOVL      P,XAR7                ; [CPU_ALU] |377| 
    2814 00000012 BE00          MOVB      XAR6,#0               ; [CPU_ALU] |377| 
    2815 00000013 18A9          AND       AL,#65535             ; [CPU_ALU] |377| 
         00000014 FFFF 
    2816 00000015 910F          ANDB      AH,#15                ; [CPU_ALU] |377| 
    2817 00000016 18AB          AND       PL,#65535             ; [CPU_ALU] |377| 
         00000017 FFFF 
    2818 00000018 18AA          AND       PH,#65535             ; [CPU_ALU] |377| 
         00000019 FFFF 
    2819 0000001a C244          MOVL      *-SP[4],XAR6          ; [CPU_FPU] |377| 
    2820 0000001b 2B42          MOV       *-SP[2],#0            ; [CPU_FPU] |377| 
    2821 0000001c 2B41          MOV       *-SP[1],#0            ; [CPU_FPU] |377| 
    2822              $C$DW$164       .dwtag  DW_TAG_TI_branch
TMS320C2000 Assembler PC v22.6.0 Mon Apr 21 09:04:20 2025

Copyright (c) 1996-2018 Texas Instruments Incorporated
app_state.asm                                                        PAGE   56

    2823                      .dwattr $C$DW$164, DW_AT_low_pc(0x00)
    2824                      .dwattr $C$DW$164, DW_AT_name("__c28xabi_cmpull")
    2825                      .dwattr $C$DW$164, DW_AT_TI_call
    2826              
    2827 0000001d 7640!         LCR       #||__c28xabi_cmpull|| ; [CPU_ALU] |377| 
         0000001e 0000 
    2828                      ; call occurs [#||__c28xabi_cmpull||] ; [] |377| 
    2829 0000001f 5200          CMPB      AL,#0                 ; [CPU_ALU] |377| 
    2830 00000020 56B1          MOVB      XAR4,#1,EQ            ; [CPU_ALU] |377| 
         00000021 01A4 
    2831 00000022       ||$C$L26||:    
    2832 00000022 FE84          SUBB      SP,#4                 ; [CPU_ARAU] 
    2833                      .dwcfi  cfa_offset, -2
    2834 00000023 92A4          MOV       AL,AR4                ; [CPU_ALU] |377| 
    2835              $C$DW$165       .dwtag  DW_TAG_TI_branch
    2836                      .dwattr $C$DW$165, DW_AT_low_pc(0x00)
    2837                      .dwattr $C$DW$165, DW_AT_TI_return
    2838              
    2839 00000024 0006          LRETR     ; [CPU_ALU] 
    2840                      ; return occurs ; [] 
    2841                      .dwattr $C$DW$161, DW_AT_TI_end_file("C:/ti/ccs1210/ccs/tools/compiler/ti-cgt-c2000_22.6.0.LTS/includ
    2842                      .dwattr $C$DW$161, DW_AT_TI_end_line(0x179)
    2843                      .dwattr $C$DW$161, DW_AT_TI_end_column(0x4a)
    2844                      .dwendentry
    2845                      .dwendtag $C$DW$161
    2846              
    2847 00000000               .sect   ".text:__isfinitel"
    2848                      .clink
    2849                      .global ||__isfinitel||
    2850              
    2851              $C$DW$166       .dwtag  DW_TAG_subprogram
    2852                      .dwattr $C$DW$166, DW_AT_name("__isfinitel")
    2853                      .dwattr $C$DW$166, DW_AT_low_pc(||__isfinitel||)
    2854                      .dwattr $C$DW$166, DW_AT_high_pc(0x00)
    2855                      .dwattr $C$DW$166, DW_AT_linkage_name("__isfinitel")
    2856                      .dwattr $C$DW$166, DW_AT_external
    2857                      .dwattr $C$DW$166, DW_AT_type(*$C$DW$T$10)
    2858                      .dwattr $C$DW$166, DW_AT_decl_file("C:/ti/ccs1210/ccs/tools/compiler/ti-cgt-c2000_22.6.0.LTS/include/
    2859                      .dwattr $C$DW$166, DW_AT_decl_line(0x152)
    2860                      .dwattr $C$DW$166, DW_AT_decl_column(0x18)
    2861                      .dwattr $C$DW$166, DW_AT_TI_max_frame_size(-2)
    2862                      .dwpsn  file "C:/ti/ccs1210/ccs/tools/compiler/ti-cgt-c2000_22.6.0.LTS/include/_defs.h",line 339,colu
    2863              
    2864                      .dwfde $C$DW$CIE, ||__isfinitel||
    2865              $C$DW$167       .dwtag  DW_TAG_formal_parameter
    2866                      .dwattr $C$DW$167, DW_AT_name("e")
    2867                      .dwattr $C$DW$167, DW_AT_type(*$C$DW$T$82)
    2868                      .dwattr $C$DW$167, DW_AT_location[DW_OP_reg12]
    2869              
    2870              
    2871              ;***************************************************************
    2872              ;* FNAME: __isfinitel                   FR SIZE:   0           *
    2873              ;*                                                             *
    2874              ;* FUNCTION ENVIRONMENT                                        *
    2875              ;*                                                             *
TMS320C2000 Assembler PC v22.6.0 Mon Apr 21 09:04:20 2025

Copyright (c) 1996-2018 Texas Instruments Incorporated
app_state.asm                                                        PAGE   57

    2876              ;* FUNCTION PROPERTIES                                         *
    2877              ;*                            0 Parameter,  0 Auto,  0 SOE     *
    2878              ;***************************************************************
    2879              
    2880              ||__isfinitel||:
    2881              ;* AR4   assigned to e
    2882              $C$DW$168       .dwtag  DW_TAG_variable
    2883                      .dwattr $C$DW$168, DW_AT_name("e")
    2884                      .dwattr $C$DW$168, DW_AT_type(*$C$DW$T$83)
    2885                      .dwattr $C$DW$168, DW_AT_location[DW_OP_reg12]
    2886              
    2887                      .dwcfi  cfa_offset, -2
    2888                      .dwcfi  save_reg_to_mem, 26, 0
    2889                      .dwpsn  file "C:/ti/ccs1210/ccs/tools/compiler/ti-cgt-c2000_22.6.0.LTS/include/_defs.h",line 339,colu
    2890 00000000 A3C4          MOVL      P,*+XAR4[0]           ; [CPU_ALU] |339| 
    2891 00000001 06D4          MOVL      ACC,*+XAR4[2]         ; [CPU_ALU] |339| 
    2892 00000002 28AC          MOV       T,#48                 ; [CPU_ALU] |339| 
         00000003 0030 
    2893 00000004 565B          LSR64     ACC:P,T               ; [CPU_ALU] |339| 
    2894 00000005 18AB          AND       PL,#0x7ff0            ; [CPU_ALU] |339| 
         00000006 7FF0 
    2895 00000007 80AB          MOVZ      AR7,PL                ; [CPU_ALU] |339| 
    2896 00000008 FF20          MOV       ACC,#32752            ; [CPU_ALU] |339| 
         00000009 7FF0 
    2897 0000000a BE00          MOVB      XAR6,#0               ; [CPU_ALU] |339| 
    2898 0000000b 0FA7          CMPL      ACC,XAR7              ; [CPU_ALU] |339| 
    2899 0000000c 56B0          MOVB      XAR6,#1,NEQ           ; [CPU_ALU] |339| 
         0000000d 01A6 
    2900 0000000e 92A6          MOV       AL,AR6                ; [CPU_ALU] |339| 
    2901              $C$DW$169       .dwtag  DW_TAG_TI_branch
    2902                      .dwattr $C$DW$169, DW_AT_low_pc(0x00)
    2903                      .dwattr $C$DW$169, DW_AT_TI_return
    2904              
    2905 0000000f 0006          LRETR     ; [CPU_ALU] 
    2906                      ; return occurs ; [] 
    2907                      .dwattr $C$DW$166, DW_AT_TI_end_file("C:/ti/ccs1210/ccs/tools/compiler/ti-cgt-c2000_22.6.0.LTS/includ
    2908                      .dwattr $C$DW$166, DW_AT_TI_end_line(0x153)
    2909                      .dwattr $C$DW$166, DW_AT_TI_end_column(0x2f)
    2910                      .dwendentry
    2911                      .dwendtag $C$DW$166
    2912              
    2913 00000000               .sect   ".text:__isfinitef"
    2914                      .clink
    2915                      .global ||__isfinitef||
    2916              
    2917              $C$DW$170       .dwtag  DW_TAG_subprogram
    2918                      .dwattr $C$DW$170, DW_AT_name("__isfinitef")
    2919                      .dwattr $C$DW$170, DW_AT_low_pc(||__isfinitef||)
    2920                      .dwattr $C$DW$170, DW_AT_high_pc(0x00)
    2921                      .dwattr $C$DW$170, DW_AT_linkage_name("__isfinitef")
    2922                      .dwattr $C$DW$170, DW_AT_external
    2923                      .dwattr $C$DW$170, DW_AT_type(*$C$DW$T$10)
    2924                      .dwattr $C$DW$170, DW_AT_decl_file("C:/ti/ccs1210/ccs/tools/compiler/ti-cgt-c2000_22.6.0.LTS/include/
    2925                      .dwattr $C$DW$170, DW_AT_decl_line(0x150)
    2926                      .dwattr $C$DW$170, DW_AT_decl_column(0x18)
TMS320C2000 Assembler PC v22.6.0 Mon Apr 21 09:04:20 2025

Copyright (c) 1996-2018 Texas Instruments Incorporated
app_state.asm                                                        PAGE   58

    2927                      .dwattr $C$DW$170, DW_AT_TI_max_frame_size(-2)
    2928                      .dwpsn  file "C:/ti/ccs1210/ccs/tools/compiler/ti-cgt-c2000_22.6.0.LTS/include/_defs.h",line 337,colu
    2929              
    2930                      .dwfde $C$DW$CIE, ||__isfinitef||
    2931              $C$DW$171       .dwtag  DW_TAG_formal_parameter
    2932                      .dwattr $C$DW$171, DW_AT_name("f")
    2933                      .dwattr $C$DW$171, DW_AT_type(*$C$DW$T$16)
    2934                      .dwattr $C$DW$171, DW_AT_location[DW_OP_regx 0x2b]
    2935              
    2936              
    2937              ;***************************************************************
    2938              ;* FNAME: __isfinitef                   FR SIZE:   0           *
    2939              ;*                                                             *
    2940              ;* FUNCTION ENVIRONMENT                                        *
    2941              ;*                                                             *
    2942              ;* FUNCTION PROPERTIES                                         *
    2943              ;*                            0 Parameter,  0 Auto,  0 SOE     *
    2944              ;***************************************************************
    2945              
    2946              ||__isfinitef||:
    2947              ;* R0    assigned to f
    2948              $C$DW$172       .dwtag  DW_TAG_variable
    2949                      .dwattr $C$DW$172, DW_AT_name("f")
    2950                      .dwattr $C$DW$172, DW_AT_type(*$C$DW$T$79)
    2951                      .dwattr $C$DW$172, DW_AT_location[DW_OP_regx 0x2b]
    2952              
    2953                      .dwcfi  cfa_offset, -2
    2954                      .dwcfi  save_reg_to_mem, 26, 0
    2955                      .dwpsn  file "C:/ti/ccs1210/ccs/tools/compiler/ti-cgt-c2000_22.6.0.LTS/include/_defs.h",line 337,colu
    2956 00000000 BFAB          MOV32     P,R0H                 ; [CPU_FPU] |337| 
         00000001 0F12 
    2957 00000002 18AA          AND       PH,#0x7f80            ; [CPU_ALU] |337| 
         00000003 7F80 
    2958 00000004 80AA          MOVZ      AR7,PH                ; [CPU_ALU] |337| 
    2959 00000005 FF20          MOV       ACC,#32640            ; [CPU_ALU] |337| 
         00000006 7F80 
    2960 00000007 BE00          MOVB      XAR6,#0               ; [CPU_ALU] |337| 
    2961 00000008 0FA7          CMPL      ACC,XAR7              ; [CPU_ALU] |337| 
    2962 00000009 56B0          MOVB      XAR6,#1,NEQ           ; [CPU_ALU] |337| 
         0000000a 01A6 
    2963 0000000b 92A6          MOV       AL,AR6                ; [CPU_ALU] |337| 
    2964              $C$DW$173       .dwtag  DW_TAG_TI_branch
    2965                      .dwattr $C$DW$173, DW_AT_low_pc(0x00)
    2966                      .dwattr $C$DW$173, DW_AT_TI_return
    2967              
    2968 0000000c 0006          LRETR     ; [CPU_ALU] 
    2969                      ; return occurs ; [] 
    2970                      .dwattr $C$DW$170, DW_AT_TI_end_file("C:/ti/ccs1210/ccs/tools/compiler/ti-cgt-c2000_22.6.0.LTS/includ
    2971                      .dwattr $C$DW$170, DW_AT_TI_end_line(0x151)
    2972                      .dwattr $C$DW$170, DW_AT_TI_end_column(0x2d)
    2973                      .dwendentry
    2974                      .dwendtag $C$DW$170
    2975              
    2976 00000000               .sect   ".text:__isfinite"
    2977                      .clink
TMS320C2000 Assembler PC v22.6.0 Mon Apr 21 09:04:20 2025

Copyright (c) 1996-2018 Texas Instruments Incorporated
app_state.asm                                                        PAGE   59

    2978                      .global ||__isfinite||
    2979              
    2980              $C$DW$174       .dwtag  DW_TAG_subprogram
    2981                      .dwattr $C$DW$174, DW_AT_name("__isfinite")
    2982                      .dwattr $C$DW$174, DW_AT_low_pc(||__isfinite||)
    2983                      .dwattr $C$DW$174, DW_AT_high_pc(0x00)
    2984                      .dwattr $C$DW$174, DW_AT_linkage_name("__isfinite")
    2985                      .dwattr $C$DW$174, DW_AT_external
    2986                      .dwattr $C$DW$174, DW_AT_type(*$C$DW$T$10)
    2987                      .dwattr $C$DW$174, DW_AT_decl_file("C:/ti/ccs1210/ccs/tools/compiler/ti-cgt-c2000_22.6.0.LTS/include/
    2988                      .dwattr $C$DW$174, DW_AT_decl_line(0x14e)
    2989                      .dwattr $C$DW$174, DW_AT_decl_column(0x18)
    2990                      .dwattr $C$DW$174, DW_AT_TI_max_frame_size(-2)
    2991                      .dwpsn  file "C:/ti/ccs1210/ccs/tools/compiler/ti-cgt-c2000_22.6.0.LTS/include/_defs.h",line 335,colu
    2992              
    2993                      .dwfde $C$DW$CIE, ||__isfinite||
    2994              $C$DW$175       .dwtag  DW_TAG_formal_parameter
    2995                      .dwattr $C$DW$175, DW_AT_name("d")
    2996                      .dwattr $C$DW$175, DW_AT_type(*$C$DW$T$80)
    2997                      .dwattr $C$DW$175, DW_AT_location[DW_OP_reg12]
    2998              
    2999              
    3000              ;***************************************************************
    3001              ;* FNAME: __isfinite                    FR SIZE:   0           *
    3002              ;*                                                             *
    3003              ;* FUNCTION ENVIRONMENT                                        *
    3004              ;*                                                             *
    3005              ;* FUNCTION PROPERTIES                                         *
    3006              ;*                            0 Parameter,  0 Auto,  0 SOE     *
    3007              ;***************************************************************
    3008              
    3009              ||__isfinite||:
    3010              ;* AR4   assigned to d
    3011              $C$DW$176       .dwtag  DW_TAG_variable
    3012                      .dwattr $C$DW$176, DW_AT_name("d")
    3013                      .dwattr $C$DW$176, DW_AT_type(*$C$DW$T$81)
    3014                      .dwattr $C$DW$176, DW_AT_location[DW_OP_reg12]
    3015              
    3016                      .dwcfi  cfa_offset, -2
    3017                      .dwcfi  save_reg_to_mem, 26, 0
    3018                      .dwpsn  file "C:/ti/ccs1210/ccs/tools/compiler/ti-cgt-c2000_22.6.0.LTS/include/_defs.h",line 335,colu
    3019 00000000 A3C4          MOVL      P,*+XAR4[0]           ; [CPU_ALU] |335| 
    3020 00000001 06D4          MOVL      ACC,*+XAR4[2]         ; [CPU_ALU] |335| 
    3021 00000002 28AC          MOV       T,#48                 ; [CPU_ALU] |335| 
         00000003 0030 
    3022 00000004 565B          LSR64     ACC:P,T               ; [CPU_ALU] |335| 
    3023 00000005 18AB          AND       PL,#0x7ff0            ; [CPU_ALU] |335| 
         00000006 7FF0 
    3024 00000007 80AB          MOVZ      AR7,PL                ; [CPU_ALU] |335| 
    3025 00000008 FF20          MOV       ACC,#32752            ; [CPU_ALU] |335| 
         00000009 7FF0 
    3026 0000000a BE00          MOVB      XAR6,#0               ; [CPU_ALU] |335| 
    3027 0000000b 0FA7          CMPL      ACC,XAR7              ; [CPU_ALU] |335| 
    3028 0000000c 56B0          MOVB      XAR6,#1,NEQ           ; [CPU_ALU] |335| 
         0000000d 01A6 
TMS320C2000 Assembler PC v22.6.0 Mon Apr 21 09:04:20 2025

Copyright (c) 1996-2018 Texas Instruments Incorporated
app_state.asm                                                        PAGE   60

    3029 0000000e 92A6          MOV       AL,AR6                ; [CPU_ALU] |335| 
    3030              $C$DW$177       .dwtag  DW_TAG_TI_branch
    3031                      .dwattr $C$DW$177, DW_AT_low_pc(0x00)
    3032                      .dwattr $C$DW$177, DW_AT_TI_return
    3033              
    3034 0000000f 0006          LRETR     ; [CPU_ALU] 
    3035                      ; return occurs ; [] 
    3036                      .dwattr $C$DW$174, DW_AT_TI_end_file("C:/ti/ccs1210/ccs/tools/compiler/ti-cgt-c2000_22.6.0.LTS/includ
    3037                      .dwattr $C$DW$174, DW_AT_TI_end_line(0x14f)
    3038                      .dwattr $C$DW$174, DW_AT_TI_end_column(0x2e)
    3039                      .dwendentry
    3040                      .dwendtag $C$DW$174
    3041              
    3042 00000000               .sect   ".text:__fpclassifyl"
    3043                      .clink
    3044                      .global ||__fpclassifyl||
    3045              
    3046              $C$DW$178       .dwtag  DW_TAG_subprogram
    3047                      .dwattr $C$DW$178, DW_AT_name("__fpclassifyl")
    3048                      .dwattr $C$DW$178, DW_AT_low_pc(||__fpclassifyl||)
    3049                      .dwattr $C$DW$178, DW_AT_high_pc(0x00)
    3050                      .dwattr $C$DW$178, DW_AT_linkage_name("__fpclassifyl")
    3051                      .dwattr $C$DW$178, DW_AT_external
    3052                      .dwattr $C$DW$178, DW_AT_type(*$C$DW$T$10)
    3053                      .dwattr $C$DW$178, DW_AT_decl_file("C:/ti/ccs1210/ccs/tools/compiler/ti-cgt-c2000_22.6.0.LTS/include/
    3054                      .dwattr $C$DW$178, DW_AT_decl_line(0x1ae)
    3055                      .dwattr $C$DW$178, DW_AT_decl_column(0x18)
    3056                      .dwattr $C$DW$178, DW_AT_TI_max_frame_size(-10)
    3057                      .dwpsn  file "C:/ti/ccs1210/ccs/tools/compiler/ti-cgt-c2000_22.6.0.LTS/include/_defs.h",line 431,colu
    3058              
    3059                      .dwfde $C$DW$CIE, ||__fpclassifyl||
    3060              $C$DW$179       .dwtag  DW_TAG_formal_parameter
    3061                      .dwattr $C$DW$179, DW_AT_name("e")
    3062                      .dwattr $C$DW$179, DW_AT_type(*$C$DW$T$82)
    3063                      .dwattr $C$DW$179, DW_AT_location[DW_OP_reg12]
    3064              
    3065              
    3066              ;***************************************************************
    3067              ;* FNAME: __fpclassifyl                 FR SIZE:   8           *
    3068              ;*                                                             *
    3069              ;* FUNCTION ENVIRONMENT                                        *
    3070              ;*                                                             *
    3071              ;* FUNCTION PROPERTIES                                         *
    3072              ;*                            4 Parameter,  4 Auto,  0 SOE     *
    3073              ;***************************************************************
    3074              
    3075              ||__fpclassifyl||:
    3076              $C$DW$180       .dwtag  DW_TAG_variable
    3077                      .dwattr $C$DW$180, DW_AT_name("e")
    3078                      .dwattr $C$DW$180, DW_AT_type(*$C$DW$T$18)
    3079                      .dwattr $C$DW$180, DW_AT_location[DW_OP_breg20 -8]
    3080              
    3081              ;* AR5   assigned to $O$C1
    3082              ;* AR4   assigned to e
    3083              $C$DW$181       .dwtag  DW_TAG_variable
TMS320C2000 Assembler PC v22.6.0 Mon Apr 21 09:04:20 2025

Copyright (c) 1996-2018 Texas Instruments Incorporated
app_state.asm                                                        PAGE   61

    3084                      .dwattr $C$DW$181, DW_AT_name("e")
    3085                      .dwattr $C$DW$181, DW_AT_type(*$C$DW$T$83)
    3086                      .dwattr $C$DW$181, DW_AT_location[DW_OP_reg12]
    3087              
    3088                      .dwcfi  cfa_offset, -2
    3089                      .dwcfi  save_reg_to_mem, 26, 0
    3090 00000000 FE08          ADDB      SP,#8                 ; [CPU_ARAU] 
    3091                      .dwcfi  cfa_offset, -10
    3092 00000001 C4D4          MOVL      XAR6,*+XAR4[2]        ; [CPU_ALU] |431| 
    3093 00000002 06C4          MOVL      ACC,*+XAR4[0]         ; [CPU_ALU] |431| 
    3094 00000003 1E48          MOVL      *-SP[8],ACC           ; [CPU_ALU] |431| 
    3095 00000004 C246          MOVL      *-SP[6],XAR6          ; [CPU_ALU] |431| 
    3096                      .dwpsn  file "C:/ti/ccs1210/ccs/tools/compiler/ti-cgt-c2000_22.6.0.LTS/include/_defs.h",line 432,colu
    3097 00000005 8348          MOVL      XAR5,*-SP[8]          ; [CPU_ALU] |432| 
    3098 00000006 8A46          MOVL      XAR4,*-SP[6]          ; [CPU_ALU] |432| 
    3099                      .dwpsn  file "C:/ti/ccs1210/ccs/tools/compiler/ti-cgt-c2000_22.6.0.LTS/include/_defs.h",line 436,colu
    3100 00000007 28AC          MOV       T,#48                 ; [CPU_ALU] |436| 
         00000008 0030 
    3101 00000009 A0AB          MOVL      P,XAR5                ; [CPU_ALU] |436| 
    3102 0000000a A8A9          MOVL      ACC,XAR4              ; [CPU_ALU] |436| 
    3103 0000000b 565B          LSR64     ACC:P,T               ; [CPU_ALU] |436| 
    3104 0000000c 18AB          AND       PL,#0x7ff0            ; [CPU_ALU] |436| 
         0000000d 7FF0 
    3105 0000000e 88AB          MOVZ      AR6,PL                ; [CPU_ALU] |436| 
    3106 0000000f FF20          MOV       ACC,#32752            ; [CPU_ALU] |436| 
         00000010 7FF0 
    3107 00000011 0FA6          CMPL      ACC,XAR6              ; [CPU_ALU] |436| 
    3108 00000012 6016          B         ||$C$L28||,NEQ        ; [CPU_ALU] |436| 
    3109                      ; branchcc occurs ; [] |436| 
    3110 00000013 0200          MOVB      ACC,#0                ; [CPU_ALU] |436| 
    3111 00000014 1E44          MOVL      *-SP[4],ACC           ; [CPU_ALU] |436| 
    3112 00000015 2B42          MOV       *-SP[2],#0            ; [CPU_ALU] |436| 
    3113 00000016 2B41          MOV       *-SP[1],#0            ; [CPU_ALU] |436| 
    3114 00000017 A348          MOVL      P,*-SP[8]             ; [CPU_ALU] |436| 
    3115 00000018 0646          MOVL      ACC,*-SP[6]           ; [CPU_ALU] |436| 
    3116 00000019 18AB          AND       PL,#65535             ; [CPU_ALU] |436| 
         0000001a FFFF 
    3117 0000001b 18AA          AND       PH,#65535             ; [CPU_ALU] |436| 
         0000001c FFFF 
    3118 0000001d 18A9          AND       AL,#65535             ; [CPU_ALU] |436| 
         0000001e FFFF 
    3119 0000001f 910F          ANDB      AH,#15                ; [CPU_ALU] |436| 
    3120              $C$DW$182       .dwtag  DW_TAG_TI_branch
    3121                      .dwattr $C$DW$182, DW_AT_low_pc(0x00)
    3122                      .dwattr $C$DW$182, DW_AT_name("__c28xabi_cmpull")
    3123                      .dwattr $C$DW$182, DW_AT_TI_call
    3124              
    3125 00000020 7640!         LCR       #||__c28xabi_cmpull|| ; [CPU_ALU] |436| 
         00000021 0000 
    3126                      ; call occurs [#||__c28xabi_cmpull||] ; [] |436| 
    3127 00000022 5200          CMPB      AL,#0                 ; [CPU_ALU] |436| 
    3128 00000023 6103          B         ||$C$L27||,EQ         ; [CPU_ALU] |436| 
    3129                      ; branchcc occurs ; [] |436| 
    3130 00000024 9A02          MOVB      AL,#2                 ; [CPU_ALU] |436| 
    3131 00000025 6F2D          B         ||$C$L31||,UNC        ; [CPU_ALU] |436| 
TMS320C2000 Assembler PC v22.6.0 Mon Apr 21 09:04:20 2025

Copyright (c) 1996-2018 Texas Instruments Incorporated
app_state.asm                                                        PAGE   62

    3132                      ; branch occurs ; [] |436| 
    3133 00000026       ||$C$L27||:    
    3134 00000026 9A01          MOVB      AL,#1                 ; [CPU_ALU] |436| 
    3135 00000027 6F2B          B         ||$C$L31||,UNC        ; [CPU_ALU] |436| 
    3136                      ; branch occurs ; [] |436| 
    3137 00000028       ||$C$L28||:    
    3138 00000028 BE00          MOVB      XAR6,#0               ; [CPU_ALU] |436| 
    3139 00000029 A0AB          MOVL      P,XAR5                ; [CPU_ALU] |436| 
    3140 0000002a A8A9          MOVL      ACC,XAR4              ; [CPU_ALU] |436| 
    3141 0000002b 28AC          MOV       T,#52                 ; [CPU_ALU] |436| 
         0000002c 0034 
    3142 0000002d C244          MOVL      *-SP[4],XAR6          ; [CPU_ALU] |436| 
    3143 0000002e 2B42          MOV       *-SP[2],#0            ; [CPU_ALU] |436| 
    3144 0000002f 565B          LSR64     ACC:P,T               ; [CPU_ALU] |436| 
    3145 00000030 2B41          MOV       *-SP[1],#0            ; [CPU_FPU] |436| 
    3146 00000031 9000          ANDB      AL,#0                 ; [CPU_ALU] |436| 
    3147 00000032 9100          ANDB      AH,#0                 ; [CPU_ALU] |436| 
    3148 00000033 18AB          AND       PL,#2047              ; [CPU_ALU] |436| 
         00000034 07FF 
    3149 00000035 18AA          AND       PH,#0                 ; [CPU_ALU] |436| 
         00000036 0000 
    3150              $C$DW$183       .dwtag  DW_TAG_TI_branch
    3151                      .dwattr $C$DW$183, DW_AT_low_pc(0x00)
    3152                      .dwattr $C$DW$183, DW_AT_name("__c28xabi_cmpull")
    3153                      .dwattr $C$DW$183, DW_AT_TI_call
    3154              
    3155 00000037 7640!         LCR       #||__c28xabi_cmpull|| ; [CPU_ALU] |436| 
         00000038 0000 
    3156                      ; call occurs [#||__c28xabi_cmpull||] ; [] |436| 
    3157 00000039 5200          CMPB      AL,#0                 ; [CPU_ALU] |436| 
    3158 0000003a 6104          B         ||$C$L29||,EQ         ; [CPU_ALU] |436| 
    3159                      ; branchcc occurs ; [] |436| 
    3160 0000003b 28A9          MOV       AL,#-1                ; [CPU_ALU] |436| 
         0000003c FFFF 
    3161 0000003d 6F15          B         ||$C$L31||,UNC        ; [CPU_ALU] |436| 
    3162                      ; branch occurs ; [] |436| 
    3163 0000003e       ||$C$L29||:    
    3164 0000003e C244          MOVL      *-SP[4],XAR6          ; [CPU_ALU] |436| 
    3165 0000003f A8A9          MOVL      ACC,XAR4              ; [CPU_ALU] |436| 
    3166 00000040 A0AB          MOVL      P,XAR5                ; [CPU_ALU] |436| 
    3167 00000041 2B42          MOV       *-SP[2],#0            ; [CPU_ALU] |436| 
    3168 00000042 18A9          AND       AL,#65535             ; [CPU_ALU] |436| 
         00000043 FFFF 
    3169 00000044 910F          ANDB      AH,#15                ; [CPU_ALU] |436| 
    3170 00000045 18AB          AND       PL,#65535             ; [CPU_ALU] |436| 
         00000046 FFFF 
    3171 00000047 18AA          AND       PH,#65535             ; [CPU_ALU] |436| 
         00000048 FFFF 
    3172 00000049 2B41          MOV       *-SP[1],#0            ; [CPU_FPU] |436| 
    3173              $C$DW$184       .dwtag  DW_TAG_TI_branch
    3174                      .dwattr $C$DW$184, DW_AT_low_pc(0x00)
    3175                      .dwattr $C$DW$184, DW_AT_name("__c28xabi_cmpull")
    3176                      .dwattr $C$DW$184, DW_AT_TI_call
    3177              
    3178 0000004a 7640!         LCR       #||__c28xabi_cmpull|| ; [CPU_ALU] |436| 
TMS320C2000 Assembler PC v22.6.0 Mon Apr 21 09:04:20 2025

Copyright (c) 1996-2018 Texas Instruments Incorporated
app_state.asm                                                        PAGE   63

         0000004b 0000 
    3179                      ; call occurs [#||__c28xabi_cmpull||] ; [] |436| 
    3180 0000004c 5200          CMPB      AL,#0                 ; [CPU_ALU] |436| 
    3181 0000004d 6104          B         ||$C$L30||,EQ         ; [CPU_ALU] |436| 
    3182                      ; branchcc occurs ; [] |436| 
    3183 0000004e 28A9          MOV       AL,#-2                ; [CPU_ALU] |436| 
         0000004f FFFE 
    3184 00000050 6F02          B         ||$C$L31||,UNC        ; [CPU_ALU] |436| 
    3185                      ; branch occurs ; [] |436| 
    3186 00000051       ||$C$L30||:    
    3187 00000051 9A00          MOVB      AL,#0                 ; [CPU_ALU] |436| 
    3188 00000052       ||$C$L31||:    
    3189 00000052 FE88          SUBB      SP,#8                 ; [CPU_ARAU] 
    3190                      .dwcfi  cfa_offset, -2
    3191              $C$DW$185       .dwtag  DW_TAG_TI_branch
    3192                      .dwattr $C$DW$185, DW_AT_low_pc(0x00)
    3193                      .dwattr $C$DW$185, DW_AT_TI_return
    3194              
    3195 00000053 0006          LRETR     ; [CPU_ALU] 
    3196                      ; return occurs ; [] 
    3197                      .dwattr $C$DW$178, DW_AT_TI_end_file("C:/ti/ccs1210/ccs/tools/compiler/ti-cgt-c2000_22.6.0.LTS/includ
    3198                      .dwattr $C$DW$178, DW_AT_TI_end_line(0x1bd)
    3199                      .dwattr $C$DW$178, DW_AT_TI_end_column(0x01)
    3200                      .dwendentry
    3201                      .dwendtag $C$DW$178
    3202              
    3203 00000000               .sect   ".text:__fpclassifyf"
    3204                      .clink
    3205                      .global ||__fpclassifyf||
    3206              
    3207              $C$DW$186       .dwtag  DW_TAG_subprogram
    3208                      .dwattr $C$DW$186, DW_AT_name("__fpclassifyf")
    3209                      .dwattr $C$DW$186, DW_AT_low_pc(||__fpclassifyf||)
    3210                      .dwattr $C$DW$186, DW_AT_high_pc(0x00)
    3211                      .dwattr $C$DW$186, DW_AT_linkage_name("__fpclassifyf")
    3212                      .dwattr $C$DW$186, DW_AT_external
    3213                      .dwattr $C$DW$186, DW_AT_type(*$C$DW$T$10)
    3214                      .dwattr $C$DW$186, DW_AT_decl_file("C:/ti/ccs1210/ccs/tools/compiler/ti-cgt-c2000_22.6.0.LTS/include/
    3215                      .dwattr $C$DW$186, DW_AT_decl_line(0x18c)
    3216                      .dwattr $C$DW$186, DW_AT_decl_column(0x18)
    3217                      .dwattr $C$DW$186, DW_AT_TI_max_frame_size(-2)
    3218                      .dwpsn  file "C:/ti/ccs1210/ccs/tools/compiler/ti-cgt-c2000_22.6.0.LTS/include/_defs.h",line 397,colu
    3219              
    3220                      .dwfde $C$DW$CIE, ||__fpclassifyf||
    3221              $C$DW$187       .dwtag  DW_TAG_formal_parameter
    3222                      .dwattr $C$DW$187, DW_AT_name("f")
    3223                      .dwattr $C$DW$187, DW_AT_type(*$C$DW$T$16)
    3224                      .dwattr $C$DW$187, DW_AT_location[DW_OP_regx 0x2b]
    3225              
    3226              
    3227              ;***************************************************************
    3228              ;* FNAME: __fpclassifyf                 FR SIZE:   0           *
    3229              ;*                                                             *
    3230              ;* FUNCTION ENVIRONMENT                                        *
    3231              ;*                                                             *
TMS320C2000 Assembler PC v22.6.0 Mon Apr 21 09:04:20 2025

Copyright (c) 1996-2018 Texas Instruments Incorporated
app_state.asm                                                        PAGE   64

    3232              ;* FUNCTION PROPERTIES                                         *
    3233              ;*                            0 Parameter,  0 Auto,  0 SOE     *
    3234              ;***************************************************************
    3235              
    3236              ||__fpclassifyf||:
    3237              ;* PL    assigned to $O$K1
    3238              ;* R0    assigned to f
    3239              $C$DW$188       .dwtag  DW_TAG_variable
    3240                      .dwattr $C$DW$188, DW_AT_name("f")
    3241                      .dwattr $C$DW$188, DW_AT_type(*$C$DW$T$79)
    3242                      .dwattr $C$DW$188, DW_AT_location[DW_OP_regx 0x2b]
    3243              
    3244                      .dwcfi  cfa_offset, -2
    3245                      .dwcfi  save_reg_to_mem, 26, 0
    3246                      .dwpsn  file "C:/ti/ccs1210/ccs/tools/compiler/ti-cgt-c2000_22.6.0.LTS/include/_defs.h",line 398,colu
    3247 00000000 BFAB          MOV32     P,R0H                 ; [CPU_FPU] |398| 
         00000001 0F12 
    3248                      .dwpsn  file "C:/ti/ccs1210/ccs/tools/compiler/ti-cgt-c2000_22.6.0.LTS/include/_defs.h",line 402,colu
    3249 00000002 CCAA          AND       AL,PH,#0x7f80         ; [CPU_ALU] |402| 
         00000003 7F80 
    3250 00000004 88A9          MOVZ      AR6,AL                ; [CPU_ALU] |402| 
    3251 00000005 FF20          MOV       ACC,#32640            ; [CPU_ALU] |402| 
         00000006 7F80 
    3252 00000007 0FA6          CMPL      ACC,XAR6              ; [CPU_ALU] |402| 
    3253 00000008 6009          B         ||$C$L33||,NEQ        ; [CPU_ALU] |402| 
    3254                      ; branchcc occurs ; [] |402| 
    3255 00000009 A9A9          MOVL      ACC,P                 ; [CPU_ALU] |402| 
    3256 0000000a 917F          ANDB      AH,#127               ; [CPU_ALU] |402| 
    3257 0000000b FF58          TEST      ACC                   ; [CPU_ALU] |402| 
    3258 0000000c 6103          B         ||$C$L32||,EQ         ; [CPU_ALU] |402| 
    3259                      ; branchcc occurs ; [] |402| 
    3260                      .dwcfi  remember_state
    3261 0000000d 9A02          MOVB      AL,#2                 ; [CPU_ALU] |402| 
    3262              $C$DW$189       .dwtag  DW_TAG_TI_branch
    3263                      .dwattr $C$DW$189, DW_AT_low_pc(0x00)
    3264                      .dwattr $C$DW$189, DW_AT_TI_return
    3265              
    3266 0000000e 0006          LRETR     ; [CPU_ALU] 
    3267                      ; return occurs ; [] 
    3268                      .dwcfi  restore_state
    3269 0000000f       ||$C$L32||:    
    3270                      .dwcfi  remember_state
    3271 0000000f 9A01          MOVB      AL,#1                 ; [CPU_ALU] |402| 
    3272              $C$DW$190       .dwtag  DW_TAG_TI_branch
    3273                      .dwattr $C$DW$190, DW_AT_low_pc(0x00)
    3274                      .dwattr $C$DW$190, DW_AT_TI_return
    3275              
    3276 00000010 0006          LRETR     ; [CPU_ALU] 
    3277                      ; return occurs ; [] 
    3278                      .dwcfi  restore_state
    3279 00000011       ||$C$L33||:    
    3280 00000011 A9A9          MOVL      ACC,P                 ; [CPU_ALU] |402| 
    3281 00000012 28AC          MOV       T,#23                 ; [CPU_ALU] |402| 
         00000013 0017 
    3282 00000014 5622          LSRL      ACC,T                 ; [CPU_ALU] |402| 
TMS320C2000 Assembler PC v22.6.0 Mon Apr 21 09:04:20 2025

Copyright (c) 1996-2018 Texas Instruments Incorporated
app_state.asm                                                        PAGE   65

    3283 00000015 90FF          ANDB      AL,#0xff              ; [CPU_ALU] |402| 
    3284 00000016 6104          B         ||$C$L34||,EQ         ; [CPU_ALU] |402| 
    3285                      ; branchcc occurs ; [] |402| 
    3286                      .dwcfi  remember_state
    3287 00000017 28A9          MOV       AL,#-1                ; [CPU_ALU] |402| 
         00000018 FFFF 
    3288              $C$DW$191       .dwtag  DW_TAG_TI_branch
    3289                      .dwattr $C$DW$191, DW_AT_low_pc(0x00)
    3290                      .dwattr $C$DW$191, DW_AT_TI_return
    3291              
    3292 00000019 0006          LRETR     ; [CPU_ALU] 
    3293                      ; return occurs ; [] 
    3294                      .dwcfi  restore_state
    3295 0000001a       ||$C$L34||:    
    3296 0000001a A9A9          MOVL      ACC,P                 ; [CPU_ALU] |402| 
    3297 0000001b 917F          ANDB      AH,#127               ; [CPU_ALU] |402| 
    3298 0000001c FF58          TEST      ACC                   ; [CPU_ALU] |402| 
    3299 0000001d 6104          B         ||$C$L35||,EQ         ; [CPU_ALU] |402| 
    3300                      ; branchcc occurs ; [] |402| 
    3301                      .dwcfi  remember_state
    3302 0000001e 28A9          MOV       AL,#-2                ; [CPU_ALU] |402| 
         0000001f FFFE 
    3303              $C$DW$192       .dwtag  DW_TAG_TI_branch
    3304                      .dwattr $C$DW$192, DW_AT_low_pc(0x00)
    3305                      .dwattr $C$DW$192, DW_AT_TI_return
    3306              
    3307 00000020 0006          LRETR     ; [CPU_ALU] 
    3308                      ; return occurs ; [] 
    3309                      .dwcfi  restore_state
    3310 00000021       ||$C$L35||:    
    3311 00000021 9A00          MOVB      AL,#0                 ; [CPU_ALU] |402| 
    3312              $C$DW$193       .dwtag  DW_TAG_TI_branch
    3313                      .dwattr $C$DW$193, DW_AT_low_pc(0x00)
    3314                      .dwattr $C$DW$193, DW_AT_TI_return
    3315              
    3316 00000022 0006          LRETR     ; [CPU_ALU] 
    3317                      ; return occurs ; [] 
    3318                      .dwattr $C$DW$186, DW_AT_TI_end_file("C:/ti/ccs1210/ccs/tools/compiler/ti-cgt-c2000_22.6.0.LTS/includ
    3319                      .dwattr $C$DW$186, DW_AT_TI_end_line(0x19b)
    3320                      .dwattr $C$DW$186, DW_AT_TI_end_column(0x01)
    3321                      .dwendentry
    3322                      .dwendtag $C$DW$186
    3323              
    3324 00000000               .sect   ".text:__fpclassify"
    3325                      .clink
    3326                      .global ||__fpclassify||
    3327              
    3328              $C$DW$194       .dwtag  DW_TAG_subprogram
    3329                      .dwattr $C$DW$194, DW_AT_name("__fpclassify")
    3330                      .dwattr $C$DW$194, DW_AT_low_pc(||__fpclassify||)
    3331                      .dwattr $C$DW$194, DW_AT_high_pc(0x00)
    3332                      .dwattr $C$DW$194, DW_AT_linkage_name("__fpclassify")
    3333                      .dwattr $C$DW$194, DW_AT_external
    3334                      .dwattr $C$DW$194, DW_AT_type(*$C$DW$T$10)
    3335                      .dwattr $C$DW$194, DW_AT_decl_file("C:/ti/ccs1210/ccs/tools/compiler/ti-cgt-c2000_22.6.0.LTS/include/
TMS320C2000 Assembler PC v22.6.0 Mon Apr 21 09:04:20 2025

Copyright (c) 1996-2018 Texas Instruments Incorporated
app_state.asm                                                        PAGE   66

    3336                      .dwattr $C$DW$194, DW_AT_decl_line(0x19d)
    3337                      .dwattr $C$DW$194, DW_AT_decl_column(0x18)
    3338                      .dwattr $C$DW$194, DW_AT_TI_max_frame_size(-10)
    3339                      .dwpsn  file "C:/ti/ccs1210/ccs/tools/compiler/ti-cgt-c2000_22.6.0.LTS/include/_defs.h",line 414,colu
    3340              
    3341                      .dwfde $C$DW$CIE, ||__fpclassify||
    3342              $C$DW$195       .dwtag  DW_TAG_formal_parameter
    3343                      .dwattr $C$DW$195, DW_AT_name("d")
    3344                      .dwattr $C$DW$195, DW_AT_type(*$C$DW$T$80)
    3345                      .dwattr $C$DW$195, DW_AT_location[DW_OP_reg12]
    3346              
    3347              
    3348              ;***************************************************************
    3349              ;* FNAME: __fpclassify                  FR SIZE:   8           *
    3350              ;*                                                             *
    3351              ;* FUNCTION ENVIRONMENT                                        *
    3352              ;*                                                             *
    3353              ;* FUNCTION PROPERTIES                                         *
    3354              ;*                            4 Parameter,  4 Auto,  0 SOE     *
    3355              ;***************************************************************
    3356              
    3357              ||__fpclassify||:
    3358              $C$DW$196       .dwtag  DW_TAG_variable
    3359                      .dwattr $C$DW$196, DW_AT_name("d")
    3360                      .dwattr $C$DW$196, DW_AT_type(*$C$DW$T$17)
    3361                      .dwattr $C$DW$196, DW_AT_location[DW_OP_breg20 -8]
    3362              
    3363              ;* AR5   assigned to $O$C1
    3364              ;* AR4   assigned to d
    3365              $C$DW$197       .dwtag  DW_TAG_variable
    3366                      .dwattr $C$DW$197, DW_AT_name("d")
    3367                      .dwattr $C$DW$197, DW_AT_type(*$C$DW$T$81)
    3368                      .dwattr $C$DW$197, DW_AT_location[DW_OP_reg12]
    3369              
    3370                      .dwcfi  cfa_offset, -2
    3371                      .dwcfi  save_reg_to_mem, 26, 0
    3372 00000000 FE08          ADDB      SP,#8                 ; [CPU_ARAU] 
    3373                      .dwcfi  cfa_offset, -10
    3374 00000001 C4D4          MOVL      XAR6,*+XAR4[2]        ; [CPU_ALU] |414| 
    3375 00000002 06C4          MOVL      ACC,*+XAR4[0]         ; [CPU_ALU] |414| 
    3376 00000003 1E48          MOVL      *-SP[8],ACC           ; [CPU_ALU] |414| 
    3377 00000004 C246          MOVL      *-SP[6],XAR6          ; [CPU_ALU] |414| 
    3378                      .dwpsn  file "C:/ti/ccs1210/ccs/tools/compiler/ti-cgt-c2000_22.6.0.LTS/include/_defs.h",line 415,colu
    3379 00000005 8348          MOVL      XAR5,*-SP[8]          ; [CPU_ALU] |415| 
    3380 00000006 8A46          MOVL      XAR4,*-SP[6]          ; [CPU_ALU] |415| 
    3381                      .dwpsn  file "C:/ti/ccs1210/ccs/tools/compiler/ti-cgt-c2000_22.6.0.LTS/include/_defs.h",line 419,colu
    3382 00000007 28AC          MOV       T,#48                 ; [CPU_ALU] |419| 
         00000008 0030 
    3383 00000009 A0AB          MOVL      P,XAR5                ; [CPU_ALU] |419| 
    3384 0000000a A8A9          MOVL      ACC,XAR4              ; [CPU_ALU] |419| 
    3385 0000000b 565B          LSR64     ACC:P,T               ; [CPU_ALU] |419| 
    3386 0000000c 18AB          AND       PL,#0x7ff0            ; [CPU_ALU] |419| 
         0000000d 7FF0 
    3387 0000000e 88AB          MOVZ      AR6,PL                ; [CPU_ALU] |419| 
    3388 0000000f FF20          MOV       ACC,#32752            ; [CPU_ALU] |419| 
TMS320C2000 Assembler PC v22.6.0 Mon Apr 21 09:04:20 2025

Copyright (c) 1996-2018 Texas Instruments Incorporated
app_state.asm                                                        PAGE   67

         00000010 7FF0 
    3389 00000011 0FA6          CMPL      ACC,XAR6              ; [CPU_ALU] |419| 
    3390 00000012 6016          B         ||$C$L37||,NEQ        ; [CPU_ALU] |419| 
    3391                      ; branchcc occurs ; [] |419| 
    3392 00000013 0200          MOVB      ACC,#0                ; [CPU_ALU] |419| 
    3393 00000014 1E44          MOVL      *-SP[4],ACC           ; [CPU_ALU] |419| 
    3394 00000015 2B42          MOV       *-SP[2],#0            ; [CPU_ALU] |419| 
    3395 00000016 2B41          MOV       *-SP[1],#0            ; [CPU_ALU] |419| 
    3396 00000017 A348          MOVL      P,*-SP[8]             ; [CPU_ALU] |419| 
    3397 00000018 0646          MOVL      ACC,*-SP[6]           ; [CPU_ALU] |419| 
    3398 00000019 18AB          AND       PL,#65535             ; [CPU_ALU] |419| 
         0000001a FFFF 
    3399 0000001b 18AA          AND       PH,#65535             ; [CPU_ALU] |419| 
         0000001c FFFF 
    3400 0000001d 18A9          AND       AL,#65535             ; [CPU_ALU] |419| 
         0000001e FFFF 
    3401 0000001f 910F          ANDB      AH,#15                ; [CPU_ALU] |419| 
    3402              $C$DW$198       .dwtag  DW_TAG_TI_branch
    3403                      .dwattr $C$DW$198, DW_AT_low_pc(0x00)
    3404                      .dwattr $C$DW$198, DW_AT_name("__c28xabi_cmpull")
    3405                      .dwattr $C$DW$198, DW_AT_TI_call
    3406              
    3407 00000020 7640!         LCR       #||__c28xabi_cmpull|| ; [CPU_ALU] |419| 
         00000021 0000 
    3408                      ; call occurs [#||__c28xabi_cmpull||] ; [] |419| 
    3409 00000022 5200          CMPB      AL,#0                 ; [CPU_ALU] |419| 
    3410 00000023 6103          B         ||$C$L36||,EQ         ; [CPU_ALU] |419| 
    3411                      ; branchcc occurs ; [] |419| 
    3412 00000024 9A02          MOVB      AL,#2                 ; [CPU_ALU] |419| 
    3413 00000025 6F2D          B         ||$C$L40||,UNC        ; [CPU_ALU] |419| 
    3414                      ; branch occurs ; [] |419| 
    3415 00000026       ||$C$L36||:    
    3416 00000026 9A01          MOVB      AL,#1                 ; [CPU_ALU] |419| 
    3417 00000027 6F2B          B         ||$C$L40||,UNC        ; [CPU_ALU] |419| 
    3418                      ; branch occurs ; [] |419| 
    3419 00000028       ||$C$L37||:    
    3420 00000028 BE00          MOVB      XAR6,#0               ; [CPU_ALU] |419| 
    3421 00000029 A0AB          MOVL      P,XAR5                ; [CPU_ALU] |419| 
    3422 0000002a A8A9          MOVL      ACC,XAR4              ; [CPU_ALU] |419| 
    3423 0000002b 28AC          MOV       T,#52                 ; [CPU_ALU] |419| 
         0000002c 0034 
    3424 0000002d C244          MOVL      *-SP[4],XAR6          ; [CPU_ALU] |419| 
    3425 0000002e 2B42          MOV       *-SP[2],#0            ; [CPU_ALU] |419| 
    3426 0000002f 565B          LSR64     ACC:P,T               ; [CPU_ALU] |419| 
    3427 00000030 2B41          MOV       *-SP[1],#0            ; [CPU_FPU] |419| 
    3428 00000031 9000          ANDB      AL,#0                 ; [CPU_ALU] |419| 
    3429 00000032 9100          ANDB      AH,#0                 ; [CPU_ALU] |419| 
    3430 00000033 18AB          AND       PL,#2047              ; [CPU_ALU] |419| 
         00000034 07FF 
    3431 00000035 18AA          AND       PH,#0                 ; [CPU_ALU] |419| 
         00000036 0000 
    3432              $C$DW$199       .dwtag  DW_TAG_TI_branch
    3433                      .dwattr $C$DW$199, DW_AT_low_pc(0x00)
    3434                      .dwattr $C$DW$199, DW_AT_name("__c28xabi_cmpull")
    3435                      .dwattr $C$DW$199, DW_AT_TI_call
TMS320C2000 Assembler PC v22.6.0 Mon Apr 21 09:04:20 2025

Copyright (c) 1996-2018 Texas Instruments Incorporated
app_state.asm                                                        PAGE   68

    3436              
    3437 00000037 7640!         LCR       #||__c28xabi_cmpull|| ; [CPU_ALU] |419| 
         00000038 0000 
    3438                      ; call occurs [#||__c28xabi_cmpull||] ; [] |419| 
    3439 00000039 5200          CMPB      AL,#0                 ; [CPU_ALU] |419| 
    3440 0000003a 6104          B         ||$C$L38||,EQ         ; [CPU_ALU] |419| 
    3441                      ; branchcc occurs ; [] |419| 
    3442 0000003b 28A9          MOV       AL,#-1                ; [CPU_ALU] |419| 
         0000003c FFFF 
    3443 0000003d 6F15          B         ||$C$L40||,UNC        ; [CPU_ALU] |419| 
    3444                      ; branch occurs ; [] |419| 
    3445 0000003e       ||$C$L38||:    
    3446 0000003e C244          MOVL      *-SP[4],XAR6          ; [CPU_ALU] |419| 
    3447 0000003f A8A9          MOVL      ACC,XAR4              ; [CPU_ALU] |419| 
    3448 00000040 A0AB          MOVL      P,XAR5                ; [CPU_ALU] |419| 
    3449 00000041 2B42          MOV       *-SP[2],#0            ; [CPU_ALU] |419| 
    3450 00000042 18A9          AND       AL,#65535             ; [CPU_ALU] |419| 
         00000043 FFFF 
    3451 00000044 910F          ANDB      AH,#15                ; [CPU_ALU] |419| 
    3452 00000045 18AB          AND       PL,#65535             ; [CPU_ALU] |419| 
         00000046 FFFF 
    3453 00000047 18AA          AND       PH,#65535             ; [CPU_ALU] |419| 
         00000048 FFFF 
    3454 00000049 2B41          MOV       *-SP[1],#0            ; [CPU_FPU] |419| 
    3455              $C$DW$200       .dwtag  DW_TAG_TI_branch
    3456                      .dwattr $C$DW$200, DW_AT_low_pc(0x00)
    3457                      .dwattr $C$DW$200, DW_AT_name("__c28xabi_cmpull")
    3458                      .dwattr $C$DW$200, DW_AT_TI_call
    3459              
    3460 0000004a 7640!         LCR       #||__c28xabi_cmpull|| ; [CPU_ALU] |419| 
         0000004b 0000 
    3461                      ; call occurs [#||__c28xabi_cmpull||] ; [] |419| 
    3462 0000004c 5200          CMPB      AL,#0                 ; [CPU_ALU] |419| 
    3463 0000004d 6104          B         ||$C$L39||,EQ         ; [CPU_ALU] |419| 
    3464                      ; branchcc occurs ; [] |419| 
    3465 0000004e 28A9          MOV       AL,#-2                ; [CPU_ALU] |419| 
         0000004f FFFE 
    3466 00000050 6F02          B         ||$C$L40||,UNC        ; [CPU_ALU] |419| 
    3467                      ; branch occurs ; [] |419| 
    3468 00000051       ||$C$L39||:    
    3469 00000051 9A00          MOVB      AL,#0                 ; [CPU_ALU] |419| 
    3470 00000052       ||$C$L40||:    
    3471 00000052 FE88          SUBB      SP,#8                 ; [CPU_ARAU] 
    3472                      .dwcfi  cfa_offset, -2
    3473              $C$DW$201       .dwtag  DW_TAG_TI_branch
    3474                      .dwattr $C$DW$201, DW_AT_low_pc(0x00)
    3475                      .dwattr $C$DW$201, DW_AT_TI_return
    3476              
    3477 00000053 0006          LRETR     ; [CPU_ALU] 
    3478                      ; return occurs ; [] 
    3479                      .dwattr $C$DW$194, DW_AT_TI_end_file("C:/ti/ccs1210/ccs/tools/compiler/ti-cgt-c2000_22.6.0.LTS/includ
    3480                      .dwattr $C$DW$194, DW_AT_TI_end_line(0x1ac)
    3481                      .dwattr $C$DW$194, DW_AT_TI_end_column(0x01)
    3482                      .dwendentry
    3483                      .dwendtag $C$DW$194
TMS320C2000 Assembler PC v22.6.0 Mon Apr 21 09:04:20 2025

Copyright (c) 1996-2018 Texas Instruments Incorporated
app_state.asm                                                        PAGE   69

    3484              
    3485              ;**************************************************************
    3486              ;* UNDEFINED EXTERNAL REFERENCES                              *
    3487              ;**************************************************************
    3488                      .global ||VICtrl||
    3489                      .global ||PhyValue||
    3490                      .global ||__c28xabi_cmpull||
    3491              ;**************************************************************
    3492              ;* SECTION GROUPS                                             *
    3493              ;**************************************************************
    3494                      .group    "__fpclassify", 1
    3495                      .gmember  ".text:__fpclassify"
    3496                      .endgroup
    3497                      .group    "__fpclassifyf", 1
    3498                      .gmember  ".text:__fpclassifyf"
    3499                      .endgroup
    3500                      .group    "__fpclassifyl", 1
    3501                      .gmember  ".text:__fpclassifyl"
    3502                      .endgroup
    3503                      .group    "__isfinite", 1
    3504                      .gmember  ".text:__isfinite"
    3505                      .endgroup
    3506                      .group    "__isfinitef", 1
    3507                      .gmember  ".text:__isfinitef"
    3508                      .endgroup
    3509                      .group    "__isfinitel", 1
    3510                      .gmember  ".text:__isfinitel"
    3511                      .endgroup
    3512                      .group    "__isinf", 1
    3513                      .gmember  ".text:__isinf"
    3514                      .endgroup
    3515                      .group    "__isinff", 1
    3516                      .gmember  ".text:__isinff"
    3517                      .endgroup
    3518                      .group    "__isinfl", 1
    3519                      .gmember  ".text:__isinfl"
    3520                      .endgroup
    3521                      .group    "__isnan", 1
    3522                      .gmember  ".text:__isnan"
    3523                      .endgroup
    3524                      .group    "__isnanf", 1
    3525                      .gmember  ".text:__isnanf"
    3526                      .endgroup
    3527                      .group    "__isnanl", 1
    3528                      .gmember  ".text:__isnanl"
    3529                      .endgroup
    3530                      .group    "__isnormal", 1
    3531                      .gmember  ".text:__isnormal"
    3532                      .endgroup
    3533                      .group    "__isnormalf", 1
    3534                      .gmember  ".text:__isnormalf"
    3535                      .endgroup
    3536                      .group    "__isnormall", 1
    3537                      .gmember  ".text:__isnormall"
    3538                      .endgroup
TMS320C2000 Assembler PC v22.6.0 Mon Apr 21 09:04:20 2025

Copyright (c) 1996-2018 Texas Instruments Incorporated
app_state.asm                                                        PAGE   70

    3539                      .group    "__relaxed_atan2f", 1
    3540                      .gmember  ".text:__relaxed_atan2f"
    3541                      .endgroup
    3542                      .group    "__relaxed_atanf", 1
    3543                      .gmember  ".text:__relaxed_atanf"
    3544                      .endgroup
    3545                      .group    "__relaxed_cosf", 1
    3546                      .gmember  ".text:__relaxed_cosf"
    3547                      .endgroup
    3548                      .group    "__relaxed_fmaxf", 1
    3549                      .gmember  ".text:__relaxed_fmaxf"
    3550                      .endgroup
    3551                      .group    "__relaxed_fminf", 1
    3552                      .gmember  ".text:__relaxed_fminf"
    3553                      .endgroup
    3554                      .group    "__relaxed_fmodf", 1
    3555                      .gmember  ".text:__relaxed_fmodf"
    3556                      .endgroup
    3557                      .group    "__relaxed_sinf", 1
    3558                      .gmember  ".text:__relaxed_sinf"
    3559                      .endgroup
    3560                      .group    "__relaxed_sqrtf", 1
    3561                      .gmember  ".text:__relaxed_sqrtf"
    3562                      .endgroup
    3563                      .group    "__signbit", 1
    3564                      .gmember  ".text:__signbit"
    3565                      .endgroup
    3566                      .group    "__signbitf", 1
    3567                      .gmember  ".text:__signbitf"
    3568                      .endgroup
    3569                      .group    "__signbitl", 1
    3570                      .gmember  ".text:__signbitl"
    3571                      .endgroup
    3572              
    3573              
    3574              ;***************************************************************
    3575              ;* BUILD ATTRIBUTES                                            *
    3576              ;***************************************************************
    3577                      .battr "c28xabi", Tag_File, 1, Tag_float_args(1)
    3578                      .battr "c28xabi", Tag_File, 1, Tag_double_args(1)
    3579                      .dwattr $C$DW$CU, DW_AT_language(DW_LANG_C)
    3580              
    3581              ;***************************************************************
    3582              ;* DWARF CIE ENTRIES                                           *
    3583              ;***************************************************************
    3584              
    3585              $C$DW$CIE       .dwcie 26
    3586                      .dwcfi  cfa_register, 20
    3587                      .dwcfi  cfa_offset, 0
    3588                      .dwcfi  same_value, 28
    3589                      .dwcfi  same_value, 6
    3590                      .dwcfi  same_value, 7
    3591                      .dwcfi  same_value, 8
    3592                      .dwcfi  same_value, 9
    3593                      .dwcfi  same_value, 10
TMS320C2000 Assembler PC v22.6.0 Mon Apr 21 09:04:20 2025

Copyright (c) 1996-2018 Texas Instruments Incorporated
app_state.asm                                                        PAGE   71

    3594                      .dwcfi  same_value, 11
    3595                      .dwcfi  same_value, 59
    3596                      .dwcfi  same_value, 63
    3597                      .dwcfi  same_value, 67
    3598                      .dwcfi  same_value, 71
    3599                      .dwendentry
    3600                      .dwendtag $C$DW$CU
    3601              
    3602              
    3603              ;***************************************************************
    3604              ;* TYPE INFORMATION                                            *
    3605              ;***************************************************************
    3606              
    3607              $C$DW$TU$33     .dwtag  DW_TAG_type_unit
    3608                      .dwmtype  $C$DW$T$33
    3609              
    3610              $C$DW$T$33      .dwtag  DW_TAG_enumeration_type
    3611                      .dwattr $C$DW$T$33, DW_AT_byte_size(0x01)
    3612              $C$DW$202       .dwtag  DW_TAG_enumerator
    3613                      .dwattr $C$DW$202, DW_AT_name("EVENT_NULL")
    3614                      .dwattr $C$DW$202, DW_AT_const_value(0x00)
    3615                      .dwattr $C$DW$202, DW_AT_decl_file("D:\15_Delta\14. ANPC Converter\ANPC_3Layer\Source\app\app_event.h
    3616                      .dwattr $C$DW$202, DW_AT_decl_line(0x1d)
    3617                      .dwattr $C$DW$202, DW_AT_decl_column(0x05)
    3618              
    3619              $C$DW$203       .dwtag  DW_TAG_enumerator
    3620                      .dwattr $C$DW$203, DW_AT_name("EVENT_ON_ENTRY")
    3621                      .dwattr $C$DW$203, DW_AT_const_value(0x01)
    3622                      .dwattr $C$DW$203, DW_AT_decl_file("D:\15_Delta\14. ANPC Converter\ANPC_3Layer\Source\app\app_event.h
    3623                      .dwattr $C$DW$203, DW_AT_decl_line(0x1e)
    3624                      .dwattr $C$DW$203, DW_AT_decl_column(0x05)
    3625              
    3626              $C$DW$204       .dwtag  DW_TAG_enumerator
    3627                      .dwattr $C$DW$204, DW_AT_name("EVENT_ON_EXIT")
    3628                      .dwattr $C$DW$204, DW_AT_const_value(0x02)
    3629                      .dwattr $C$DW$204, DW_AT_decl_file("D:\15_Delta\14. ANPC Converter\ANPC_3Layer\Source\app\app_event.h
    3630                      .dwattr $C$DW$204, DW_AT_decl_line(0x1f)
    3631                      .dwattr $C$DW$204, DW_AT_decl_column(0x05)
    3632              
    3633              $C$DW$205       .dwtag  DW_TAG_enumerator
    3634                      .dwattr $C$DW$205, DW_AT_name("EVENT_VGRID_OVP")
    3635                      .dwattr $C$DW$205, DW_AT_const_value(0x03)
    3636                      .dwattr $C$DW$205, DW_AT_decl_file("D:\15_Delta\14. ANPC Converter\ANPC_3Layer\Source\app\app_event.h
    3637                      .dwattr $C$DW$205, DW_AT_decl_line(0x22)
    3638                      .dwattr $C$DW$205, DW_AT_decl_column(0x05)
    3639              
    3640              $C$DW$206       .dwtag  DW_TAG_enumerator
    3641                      .dwattr $C$DW$206, DW_AT_name("EVENT_VGRID_UVP")
    3642                      .dwattr $C$DW$206, DW_AT_const_value(0x04)
    3643                      .dwattr $C$DW$206, DW_AT_decl_file("D:\15_Delta\14. ANPC Converter\ANPC_3Layer\Source\app\app_event.h
    3644                      .dwattr $C$DW$206, DW_AT_decl_line(0x23)
    3645                      .dwattr $C$DW$206, DW_AT_decl_column(0x05)
    3646              
    3647              $C$DW$207       .dwtag  DW_TAG_enumerator
    3648                      .dwattr $C$DW$207, DW_AT_name("EVENT_VGRID_LOSS")
TMS320C2000 Assembler PC v22.6.0 Mon Apr 21 09:04:20 2025

Copyright (c) 1996-2018 Texas Instruments Incorporated
app_state.asm                                                        PAGE   72

    3649                      .dwattr $C$DW$207, DW_AT_const_value(0x05)
    3650                      .dwattr $C$DW$207, DW_AT_decl_file("D:\15_Delta\14. ANPC Converter\ANPC_3Layer\Source\app\app_event.h
    3651                      .dwattr $C$DW$207, DW_AT_decl_line(0x24)
    3652                      .dwattr $C$DW$207, DW_AT_decl_column(0x05)
    3653              
    3654              $C$DW$208       .dwtag  DW_TAG_enumerator
    3655                      .dwattr $C$DW$208, DW_AT_name("EVENT_VGRID_FREQ")
    3656                      .dwattr $C$DW$208, DW_AT_const_value(0x06)
    3657                      .dwattr $C$DW$208, DW_AT_decl_file("D:\15_Delta\14. ANPC Converter\ANPC_3Layer\Source\app\app_event.h
    3658                      .dwattr $C$DW$208, DW_AT_decl_line(0x25)
    3659                      .dwattr $C$DW$208, DW_AT_decl_column(0x05)
    3660              
    3661              $C$DW$209       .dwtag  DW_TAG_enumerator
    3662                      .dwattr $C$DW$209, DW_AT_name("EVENT_VBUS_OVP")
    3663                      .dwattr $C$DW$209, DW_AT_const_value(0x07)
    3664                      .dwattr $C$DW$209, DW_AT_decl_file("D:\15_Delta\14. ANPC Converter\ANPC_3Layer\Source\app\app_event.h
    3665                      .dwattr $C$DW$209, DW_AT_decl_line(0x26)
    3666                      .dwattr $C$DW$209, DW_AT_decl_column(0x05)
    3667              
    3668              $C$DW$210       .dwtag  DW_TAG_enumerator
    3669                      .dwattr $C$DW$210, DW_AT_name("EVENT_VBUS_UVP")
    3670                      .dwattr $C$DW$210, DW_AT_const_value(0x08)
    3671                      .dwattr $C$DW$210, DW_AT_decl_file("D:\15_Delta\14. ANPC Converter\ANPC_3Layer\Source\app\app_event.h
    3672                      .dwattr $C$DW$210, DW_AT_decl_line(0x27)
    3673                      .dwattr $C$DW$210, DW_AT_decl_column(0x05)
    3674              
    3675              $C$DW$211       .dwtag  DW_TAG_enumerator
    3676                      .dwattr $C$DW$211, DW_AT_name("EVENT_I_OCP")
    3677                      .dwattr $C$DW$211, DW_AT_const_value(0x09)
    3678                      .dwattr $C$DW$211, DW_AT_decl_file("D:\15_Delta\14. ANPC Converter\ANPC_3Layer\Source\app\app_event.h
    3679                      .dwattr $C$DW$211, DW_AT_decl_line(0x28)
    3680                      .dwattr $C$DW$211, DW_AT_decl_column(0x05)
    3681              
    3682              $C$DW$212       .dwtag  DW_TAG_enumerator
    3683                      .dwattr $C$DW$212, DW_AT_name("EVENT_TEMP_OTP")
    3684                      .dwattr $C$DW$212, DW_AT_const_value(0x0a)
    3685                      .dwattr $C$DW$212, DW_AT_decl_file("D:\15_Delta\14. ANPC Converter\ANPC_3Layer\Source\app\app_event.h
    3686                      .dwattr $C$DW$212, DW_AT_decl_line(0x29)
    3687                      .dwattr $C$DW$212, DW_AT_decl_column(0x05)
    3688              
    3689              $C$DW$213       .dwtag  DW_TAG_enumerator
    3690                      .dwattr $C$DW$213, DW_AT_name("EVENT_START_SM_OK")
    3691                      .dwattr $C$DW$213, DW_AT_const_value(0x0b)
    3692                      .dwattr $C$DW$213, DW_AT_decl_file("D:\15_Delta\14. ANPC Converter\ANPC_3Layer\Source\app\app_event.h
    3693                      .dwattr $C$DW$213, DW_AT_decl_line(0x2c)
    3694                      .dwattr $C$DW$213, DW_AT_decl_column(0x05)
    3695              
    3696              $C$DW$214       .dwtag  DW_TAG_enumerator
    3697                      .dwattr $C$DW$214, DW_AT_name("EVENT_PRECHARGE_OK")
    3698                      .dwattr $C$DW$214, DW_AT_const_value(0x0c)
    3699                      .dwattr $C$DW$214, DW_AT_decl_file("D:\15_Delta\14. ANPC Converter\ANPC_3Layer\Source\app\app_event.h
    3700                      .dwattr $C$DW$214, DW_AT_decl_line(0x2f)
    3701                      .dwattr $C$DW$214, DW_AT_decl_column(0x05)
    3702              
    3703              $C$DW$215       .dwtag  DW_TAG_enumerator
TMS320C2000 Assembler PC v22.6.0 Mon Apr 21 09:04:20 2025

Copyright (c) 1996-2018 Texas Instruments Incorporated
app_state.asm                                                        PAGE   73

    3704                      .dwattr $C$DW$215, DW_AT_name("EVENT_JUMP_TO_SOFTSTART")
    3705                      .dwattr $C$DW$215, DW_AT_const_value(0x0d)
    3706                      .dwattr $C$DW$215, DW_AT_decl_file("D:\15_Delta\14. ANPC Converter\ANPC_3Layer\Source\app\app_event.h
    3707                      .dwattr $C$DW$215, DW_AT_decl_line(0x30)
    3708                      .dwattr $C$DW$215, DW_AT_decl_column(0x05)
    3709              
    3710              $C$DW$216       .dwtag  DW_TAG_enumerator
    3711                      .dwattr $C$DW$216, DW_AT_name("EVENT_PRECHARGE_NOT_OK")
    3712                      .dwattr $C$DW$216, DW_AT_const_value(0x0e)
    3713                      .dwattr $C$DW$216, DW_AT_decl_file("D:\15_Delta\14. ANPC Converter\ANPC_3Layer\Source\app\app_event.h
    3714                      .dwattr $C$DW$216, DW_AT_decl_line(0x33)
    3715                      .dwattr $C$DW$216, DW_AT_decl_column(0x05)
    3716              
    3717              $C$DW$217       .dwtag  DW_TAG_enumerator
    3718                      .dwattr $C$DW$217, DW_AT_name("EVENT_SOFTSTART_OK")
    3719                      .dwattr $C$DW$217, DW_AT_const_value(0x0f)
    3720                      .dwattr $C$DW$217, DW_AT_decl_file("D:\15_Delta\14. ANPC Converter\ANPC_3Layer\Source\app\app_event.h
    3721                      .dwattr $C$DW$217, DW_AT_decl_line(0x34)
    3722                      .dwattr $C$DW$217, DW_AT_decl_column(0x05)
    3723              
    3724              $C$DW$218       .dwtag  DW_TAG_enumerator
    3725                      .dwattr $C$DW$218, DW_AT_name("EVENT_RESET")
    3726                      .dwattr $C$DW$218, DW_AT_const_value(0x10)
    3727                      .dwattr $C$DW$218, DW_AT_decl_file("D:\15_Delta\14. ANPC Converter\ANPC_3Layer\Source\app\app_event.h
    3728                      .dwattr $C$DW$218, DW_AT_decl_line(0x39)
    3729                      .dwattr $C$DW$218, DW_AT_decl_column(0x05)
    3730              
    3731                      .dwattr $C$DW$T$33, DW_AT_decl_file("D:\15_Delta\14. ANPC Converter\ANPC_3Layer\Source\app\app_event.
    3732                      .dwattr $C$DW$T$33, DW_AT_decl_line(0x1b)
    3733                      .dwattr $C$DW$T$33, DW_AT_decl_column(0x01)
    3734                      .dwendtag $C$DW$T$33
    3735              
    3736                      .dwendtag $C$DW$TU$33
    3737              
    3738              
    3739              $C$DW$TU$34     .dwtag  DW_TAG_type_unit
    3740                      .dwmtype  $C$DW$T$34
    3741              $C$DW$T$34      .dwtag  DW_TAG_typedef
    3742                      .dwattr $C$DW$T$34, DW_AT_name("StateEvent")
    3743                      .dwattr $C$DW$T$34, DW_AT_type(*$C$DW$T$33)
    3744                      .dwattr $C$DW$T$34, DW_AT_decl_file("D:\15_Delta\14. ANPC Converter\ANPC_3Layer\Source\app\app_event.
    3745                      .dwattr $C$DW$T$34, DW_AT_decl_line(0x3b)
    3746                      .dwattr $C$DW$T$34, DW_AT_decl_column(0x03)
    3747              
    3748                      .dwendtag $C$DW$TU$34
    3749              
    3750              
    3751              $C$DW$TU$41     .dwtag  DW_TAG_type_unit
    3752                      .dwmtype  $C$DW$T$41
    3753              
    3754              $C$DW$T$41      .dwtag  DW_TAG_enumeration_type
    3755                      .dwattr $C$DW$T$41, DW_AT_byte_size(0x01)
    3756              $C$DW$219       .dwtag  DW_TAG_enumerator
    3757                      .dwattr $C$DW$219, DW_AT_name("STATE_NULL")
    3758                      .dwattr $C$DW$219, DW_AT_const_value(0x00)
TMS320C2000 Assembler PC v22.6.0 Mon Apr 21 09:04:20 2025

Copyright (c) 1996-2018 Texas Instruments Incorporated
app_state.asm                                                        PAGE   74

    3759                      .dwattr $C$DW$219, DW_AT_decl_file("D:\15_Delta\14. ANPC Converter\ANPC_3Layer\Source\app\app_state.h
    3760                      .dwattr $C$DW$219, DW_AT_decl_line(0x1a)
    3761                      .dwattr $C$DW$219, DW_AT_decl_column(0x05)
    3762              
    3763              $C$DW$220       .dwtag  DW_TAG_enumerator
    3764                      .dwattr $C$DW$220, DW_AT_name("STATE_STANDBY")
    3765                      .dwattr $C$DW$220, DW_AT_const_value(0x01)
    3766                      .dwattr $C$DW$220, DW_AT_decl_file("D:\15_Delta\14. ANPC Converter\ANPC_3Layer\Source\app\app_state.h
    3767                      .dwattr $C$DW$220, DW_AT_decl_line(0x1b)
    3768                      .dwattr $C$DW$220, DW_AT_decl_column(0x05)
    3769              
    3770              $C$DW$221       .dwtag  DW_TAG_enumerator
    3771                      .dwattr $C$DW$221, DW_AT_name("STATE_PRECHARGE")
    3772                      .dwattr $C$DW$221, DW_AT_const_value(0x02)
    3773                      .dwattr $C$DW$221, DW_AT_decl_file("D:\15_Delta\14. ANPC Converter\ANPC_3Layer\Source\app\app_state.h
    3774                      .dwattr $C$DW$221, DW_AT_decl_line(0x1c)
    3775                      .dwattr $C$DW$221, DW_AT_decl_column(0x05)
    3776              
    3777              $C$DW$222       .dwtag  DW_TAG_enumerator
    3778                      .dwattr $C$DW$222, DW_AT_name("STATE_SOFTSTART")
    3779                      .dwattr $C$DW$222, DW_AT_const_value(0x03)
    3780                      .dwattr $C$DW$222, DW_AT_decl_file("D:\15_Delta\14. ANPC Converter\ANPC_3Layer\Source\app\app_state.h
    3781                      .dwattr $C$DW$222, DW_AT_decl_line(0x1d)
    3782                      .dwattr $C$DW$222, DW_AT_decl_column(0x05)
    3783              
    3784              $C$DW$223       .dwtag  DW_TAG_enumerator
    3785                      .dwattr $C$DW$223, DW_AT_name("STATE_NORMAL_OPERATION")
    3786                      .dwattr $C$DW$223, DW_AT_const_value(0x04)
    3787                      .dwattr $C$DW$223, DW_AT_decl_file("D:\15_Delta\14. ANPC Converter\ANPC_3Layer\Source\app\app_state.h
    3788                      .dwattr $C$DW$223, DW_AT_decl_line(0x1e)
    3789                      .dwattr $C$DW$223, DW_AT_decl_column(0x05)
    3790              
    3791              $C$DW$224       .dwtag  DW_TAG_enumerator
    3792                      .dwattr $C$DW$224, DW_AT_name("STATE_SHUTDOWN")
    3793                      .dwattr $C$DW$224, DW_AT_const_value(0x05)
    3794                      .dwattr $C$DW$224, DW_AT_decl_file("D:\15_Delta\14. ANPC Converter\ANPC_3Layer\Source\app\app_state.h
    3795                      .dwattr $C$DW$224, DW_AT_decl_line(0x1f)
    3796                      .dwattr $C$DW$224, DW_AT_decl_column(0x05)
    3797              
    3798                      .dwattr $C$DW$T$41, DW_AT_decl_file("D:\15_Delta\14. ANPC Converter\ANPC_3Layer\Source\app\app_state.
    3799                      .dwattr $C$DW$T$41, DW_AT_decl_line(0x19)
    3800                      .dwattr $C$DW$T$41, DW_AT_decl_column(0x01)
    3801                      .dwendtag $C$DW$T$41
    3802              
    3803                      .dwendtag $C$DW$TU$41
    3804              
    3805              
    3806              $C$DW$TU$42     .dwtag  DW_TAG_type_unit
    3807                      .dwmtype  $C$DW$T$42
    3808              $C$DW$T$42      .dwtag  DW_TAG_typedef
    3809                      .dwattr $C$DW$T$42, DW_AT_name("ANPC_State")
    3810                      .dwattr $C$DW$T$42, DW_AT_type(*$C$DW$T$41)
    3811                      .dwattr $C$DW$T$42, DW_AT_decl_file("D:\15_Delta\14. ANPC Converter\ANPC_3Layer\Source\app\app_state.
    3812                      .dwattr $C$DW$T$42, DW_AT_decl_line(0x21)
    3813                      .dwattr $C$DW$T$42, DW_AT_decl_column(0x02)
TMS320C2000 Assembler PC v22.6.0 Mon Apr 21 09:04:20 2025

Copyright (c) 1996-2018 Texas Instruments Incorporated
app_state.asm                                                        PAGE   75

    3814              
    3815                      .dwendtag $C$DW$TU$42
    3816              
    3817              
    3818              $C$DW$TU$20     .dwtag  DW_TAG_type_unit
    3819                      .dwmtype  $C$DW$T$20
    3820              
    3821              $C$DW$T$20      .dwtag  DW_TAG_structure_type
    3822                      .dwattr $C$DW$T$20, DW_AT_byte_size(0x12)
    3823              $C$DW$225       .dwtag  DW_TAG_member
    3824                      .dwattr $C$DW$225, DW_AT_type(*$C$DW$T$19)
    3825                      .dwattr $C$DW$225, DW_AT_name("raw")
    3826                      .dwattr $C$DW$225, DW_AT_accessibility(DW_ACCESS_public)
    3827                      .dwattr $C$DW$225, DW_AT_decl_file("D:\15_Delta\14. ANPC Converter\ANPC_3Layer\Source\app\app_physica
    3828                      .dwattr $C$DW$225, DW_AT_decl_line(0x1e)
    3829                      .dwattr $C$DW$225, DW_AT_decl_column(0x0f)
    3830              
    3831              $C$DW$226       .dwtag  DW_TAG_member
    3832                      .dwattr $C$DW$226, DW_AT_type(*$C$DW$T$19)
    3833                      .dwattr $C$DW$226, DW_AT_name("avg")
    3834                      .dwattr $C$DW$226, DW_AT_data_member_location[DW_OP_plus_uconst 0x2]
    3835                      .dwattr $C$DW$226, DW_AT_accessibility(DW_ACCESS_public)
    3836                      .dwattr $C$DW$226, DW_AT_decl_file("D:\15_Delta\14. ANPC Converter\ANPC_3Layer\Source\app\app_physica
    3837                      .dwattr $C$DW$226, DW_AT_decl_line(0x1f)
    3838                      .dwattr $C$DW$226, DW_AT_decl_column(0x0f)
    3839              
    3840              $C$DW$227       .dwtag  DW_TAG_member
    3841                      .dwattr $C$DW$227, DW_AT_type(*$C$DW$T$19)
    3842                      .dwattr $C$DW$227, DW_AT_name("rms")
    3843                      .dwattr $C$DW$227, DW_AT_data_member_location[DW_OP_plus_uconst 0x4]
    3844                      .dwattr $C$DW$227, DW_AT_accessibility(DW_ACCESS_public)
    3845                      .dwattr $C$DW$227, DW_AT_decl_file("D:\15_Delta\14. ANPC Converter\ANPC_3Layer\Source\app\app_physica
    3846                      .dwattr $C$DW$227, DW_AT_decl_line(0x20)
    3847                      .dwattr $C$DW$227, DW_AT_decl_column(0x0f)
    3848              
    3849              $C$DW$228       .dwtag  DW_TAG_member
    3850                      .dwattr $C$DW$228, DW_AT_type(*$C$DW$T$19)
    3851                      .dwattr $C$DW$228, DW_AT_name("peak")
    3852                      .dwattr $C$DW$228, DW_AT_data_member_location[DW_OP_plus_uconst 0x6]
    3853                      .dwattr $C$DW$228, DW_AT_accessibility(DW_ACCESS_public)
    3854                      .dwattr $C$DW$228, DW_AT_decl_file("D:\15_Delta\14. ANPC Converter\ANPC_3Layer\Source\app\app_physica
    3855                      .dwattr $C$DW$228, DW_AT_decl_line(0x21)
    3856                      .dwattr $C$DW$228, DW_AT_decl_column(0x0f)
    3857              
    3858              $C$DW$229       .dwtag  DW_TAG_member
    3859                      .dwattr $C$DW$229, DW_AT_type(*$C$DW$T$19)
    3860                      .dwattr $C$DW$229, DW_AT_name("actual")
    3861                      .dwattr $C$DW$229, DW_AT_data_member_location[DW_OP_plus_uconst 0x8]
    3862                      .dwattr $C$DW$229, DW_AT_accessibility(DW_ACCESS_public)
    3863                      .dwattr $C$DW$229, DW_AT_decl_file("D:\15_Delta\14. ANPC Converter\ANPC_3Layer\Source\app\app_physica
    3864                      .dwattr $C$DW$229, DW_AT_decl_line(0x22)
    3865                      .dwattr $C$DW$229, DW_AT_decl_column(0x0f)
    3866              
    3867              $C$DW$230       .dwtag  DW_TAG_member
    3868                      .dwattr $C$DW$230, DW_AT_type(*$C$DW$T$19)
TMS320C2000 Assembler PC v22.6.0 Mon Apr 21 09:04:20 2025

Copyright (c) 1996-2018 Texas Instruments Incorporated
app_state.asm                                                        PAGE   76

    3869                      .dwattr $C$DW$230, DW_AT_name("raw_pu")
    3870                      .dwattr $C$DW$230, DW_AT_data_member_location[DW_OP_plus_uconst 0xa]
    3871                      .dwattr $C$DW$230, DW_AT_accessibility(DW_ACCESS_public)
    3872                      .dwattr $C$DW$230, DW_AT_decl_file("D:\15_Delta\14. ANPC Converter\ANPC_3Layer\Source\app\app_physica
    3873                      .dwattr $C$DW$230, DW_AT_decl_line(0x24)
    3874                      .dwattr $C$DW$230, DW_AT_decl_column(0x0f)
    3875              
    3876              $C$DW$231       .dwtag  DW_TAG_member
    3877                      .dwattr $C$DW$231, DW_AT_type(*$C$DW$T$19)
    3878                      .dwattr $C$DW$231, DW_AT_name("avg_pu")
    3879                      .dwattr $C$DW$231, DW_AT_data_member_location[DW_OP_plus_uconst 0xc]
    3880                      .dwattr $C$DW$231, DW_AT_accessibility(DW_ACCESS_public)
    3881                      .dwattr $C$DW$231, DW_AT_decl_file("D:\15_Delta\14. ANPC Converter\ANPC_3Layer\Source\app\app_physica
    3882                      .dwattr $C$DW$231, DW_AT_decl_line(0x25)
    3883                      .dwattr $C$DW$231, DW_AT_decl_column(0x0f)
    3884              
    3885              $C$DW$232       .dwtag  DW_TAG_member
    3886                      .dwattr $C$DW$232, DW_AT_type(*$C$DW$T$19)
    3887                      .dwattr $C$DW$232, DW_AT_name("rms_pu")
    3888                      .dwattr $C$DW$232, DW_AT_data_member_location[DW_OP_plus_uconst 0xe]
    3889                      .dwattr $C$DW$232, DW_AT_accessibility(DW_ACCESS_public)
    3890                      .dwattr $C$DW$232, DW_AT_decl_file("D:\15_Delta\14. ANPC Converter\ANPC_3Layer\Source\app\app_physica
    3891                      .dwattr $C$DW$232, DW_AT_decl_line(0x26)
    3892                      .dwattr $C$DW$232, DW_AT_decl_column(0x0f)
    3893              
    3894              $C$DW$233       .dwtag  DW_TAG_member
    3895                      .dwattr $C$DW$233, DW_AT_type(*$C$DW$T$19)
    3896                      .dwattr $C$DW$233, DW_AT_name("peak_pu")
    3897                      .dwattr $C$DW$233, DW_AT_data_member_location[DW_OP_plus_uconst 0x10]
    3898                      .dwattr $C$DW$233, DW_AT_accessibility(DW_ACCESS_public)
    3899                      .dwattr $C$DW$233, DW_AT_decl_file("D:\15_Delta\14. ANPC Converter\ANPC_3Layer\Source\app\app_physica
    3900                      .dwattr $C$DW$233, DW_AT_decl_line(0x27)
    3901                      .dwattr $C$DW$233, DW_AT_decl_column(0x0f)
    3902              
    3903                      .dwattr $C$DW$T$20, DW_AT_decl_file("D:\15_Delta\14. ANPC Converter\ANPC_3Layer\Source\app\app_physic
    3904                      .dwattr $C$DW$T$20, DW_AT_decl_line(0x1d)
    3905                      .dwattr $C$DW$T$20, DW_AT_decl_column(0x01)
    3906                      .dwendtag $C$DW$T$20
    3907              
    3908                      .dwendtag $C$DW$TU$20
    3909              
    3910              
    3911              $C$DW$TU$21     .dwtag  DW_TAG_type_unit
    3912                      .dwmtype  $C$DW$T$21
    3913              $C$DW$T$21      .dwtag  DW_TAG_typedef
    3914                      .dwattr $C$DW$T$21, DW_AT_name("PhysicalHandle_Struct")
    3915                      .dwattr $C$DW$T$21, DW_AT_type(*$C$DW$T$20)
    3916                      .dwattr $C$DW$T$21, DW_AT_decl_file("D:\15_Delta\14. ANPC Converter\ANPC_3Layer\Source\app\app_physic
    3917                      .dwattr $C$DW$T$21, DW_AT_decl_line(0x29)
    3918                      .dwattr $C$DW$T$21, DW_AT_decl_column(0x03)
    3919              
    3920                      .dwendtag $C$DW$TU$21
    3921              
    3922              
    3923              $C$DW$TU$23     .dwtag  DW_TAG_type_unit
TMS320C2000 Assembler PC v22.6.0 Mon Apr 21 09:04:20 2025

Copyright (c) 1996-2018 Texas Instruments Incorporated
app_state.asm                                                        PAGE   77

    3924                      .dwmtype  $C$DW$T$23
    3925              
    3926              $C$DW$T$23      .dwtag  DW_TAG_structure_type
    3927                      .dwattr $C$DW$T$23, DW_AT_byte_size(0x294)
    3928              $C$DW$234       .dwtag  DW_TAG_member
    3929                      .dwattr $C$DW$234, DW_AT_type(*$C$DW$T$21)
    3930                      .dwattr $C$DW$234, DW_AT_name("VgridA")
    3931                      .dwattr $C$DW$234, DW_AT_accessibility(DW_ACCESS_public)
    3932                      .dwattr $C$DW$234, DW_AT_decl_file("D:\15_Delta\14. ANPC Converter\ANPC_3Layer\Source\app\app_physica
    3933                      .dwattr $C$DW$234, DW_AT_decl_line(0x2d)
    3934                      .dwattr $C$DW$234, DW_AT_decl_column(0x1b)
    3935              
    3936              $C$DW$235       .dwtag  DW_TAG_member
    3937                      .dwattr $C$DW$235, DW_AT_type(*$C$DW$T$21)
    3938                      .dwattr $C$DW$235, DW_AT_name("VgridA_prev")
    3939                      .dwattr $C$DW$235, DW_AT_data_member_location[DW_OP_plus_uconst 0x12]
    3940                      .dwattr $C$DW$235, DW_AT_accessibility(DW_ACCESS_public)
    3941                      .dwattr $C$DW$235, DW_AT_decl_file("D:\15_Delta\14. ANPC Converter\ANPC_3Layer\Source\app\app_physica
    3942                      .dwattr $C$DW$235, DW_AT_decl_line(0x2e)
    3943                      .dwattr $C$DW$235, DW_AT_decl_column(0x1b)
    3944              
    3945              $C$DW$236       .dwtag  DW_TAG_member
    3946                      .dwattr $C$DW$236, DW_AT_type(*$C$DW$T$21)
    3947                      .dwattr $C$DW$236, DW_AT_name("VgridB")
    3948                      .dwattr $C$DW$236, DW_AT_data_member_location[DW_OP_plus_uconst 0x24]
    3949                      .dwattr $C$DW$236, DW_AT_accessibility(DW_ACCESS_public)
    3950                      .dwattr $C$DW$236, DW_AT_decl_file("D:\15_Delta\14. ANPC Converter\ANPC_3Layer\Source\app\app_physica
    3951                      .dwattr $C$DW$236, DW_AT_decl_line(0x2f)
    3952                      .dwattr $C$DW$236, DW_AT_decl_column(0x1b)
    3953              
    3954              $C$DW$237       .dwtag  DW_TAG_member
    3955                      .dwattr $C$DW$237, DW_AT_type(*$C$DW$T$21)
    3956                      .dwattr $C$DW$237, DW_AT_name("VgridC")
    3957                      .dwattr $C$DW$237, DW_AT_data_member_location[DW_OP_plus_uconst 0x36]
    3958                      .dwattr $C$DW$237, DW_AT_accessibility(DW_ACCESS_public)
    3959                      .dwattr $C$DW$237, DW_AT_decl_file("D:\15_Delta\14. ANPC Converter\ANPC_3Layer\Source\app\app_physica
    3960                      .dwattr $C$DW$237, DW_AT_decl_line(0x30)
    3961                      .dwattr $C$DW$237, DW_AT_decl_column(0x1b)
    3962              
    3963              $C$DW$238       .dwtag  DW_TAG_member
    3964                      .dwattr $C$DW$238, DW_AT_type(*$C$DW$T$21)
    3965                      .dwattr $C$DW$238, DW_AT_name("VgridA_offset")
    3966                      .dwattr $C$DW$238, DW_AT_data_member_location[DW_OP_plus_uconst 0x48]
    3967                      .dwattr $C$DW$238, DW_AT_accessibility(DW_ACCESS_public)
    3968                      .dwattr $C$DW$238, DW_AT_decl_file("D:\15_Delta\14. ANPC Converter\ANPC_3Layer\Source\app\app_physica
    3969                      .dwattr $C$DW$238, DW_AT_decl_line(0x32)
    3970                      .dwattr $C$DW$238, DW_AT_decl_column(0x1b)
    3971              
    3972              $C$DW$239       .dwtag  DW_TAG_member
    3973                      .dwattr $C$DW$239, DW_AT_type(*$C$DW$T$21)
    3974                      .dwattr $C$DW$239, DW_AT_name("VgridB_offset")
    3975                      .dwattr $C$DW$239, DW_AT_data_member_location[DW_OP_plus_uconst 0x5a]
    3976                      .dwattr $C$DW$239, DW_AT_accessibility(DW_ACCESS_public)
    3977                      .dwattr $C$DW$239, DW_AT_decl_file("D:\15_Delta\14. ANPC Converter\ANPC_3Layer\Source\app\app_physica
    3978                      .dwattr $C$DW$239, DW_AT_decl_line(0x33)
TMS320C2000 Assembler PC v22.6.0 Mon Apr 21 09:04:20 2025

Copyright (c) 1996-2018 Texas Instruments Incorporated
app_state.asm                                                        PAGE   78

    3979                      .dwattr $C$DW$239, DW_AT_decl_column(0x1b)
    3980              
    3981              $C$DW$240       .dwtag  DW_TAG_member
    3982                      .dwattr $C$DW$240, DW_AT_type(*$C$DW$T$21)
    3983                      .dwattr $C$DW$240, DW_AT_name("VgridC_offset")
    3984                      .dwattr $C$DW$240, DW_AT_data_member_location[DW_OP_plus_uconst 0x6c]
    3985                      .dwattr $C$DW$240, DW_AT_accessibility(DW_ACCESS_public)
    3986                      .dwattr $C$DW$240, DW_AT_decl_file("D:\15_Delta\14. ANPC Converter\ANPC_3Layer\Source\app\app_physica
    3987                      .dwattr $C$DW$240, DW_AT_decl_line(0x34)
    3988                      .dwattr $C$DW$240, DW_AT_decl_column(0x1b)
    3989              
    3990              $C$DW$241       .dwtag  DW_TAG_member
    3991                      .dwattr $C$DW$241, DW_AT_type(*$C$DW$T$21)
    3992                      .dwattr $C$DW$241, DW_AT_name("VanpcA")
    3993                      .dwattr $C$DW$241, DW_AT_data_member_location[DW_OP_plus_uconst 0x7e]
    3994                      .dwattr $C$DW$241, DW_AT_accessibility(DW_ACCESS_public)
    3995                      .dwattr $C$DW$241, DW_AT_decl_file("D:\15_Delta\14. ANPC Converter\ANPC_3Layer\Source\app\app_physica
    3996                      .dwattr $C$DW$241, DW_AT_decl_line(0x36)
    3997                      .dwattr $C$DW$241, DW_AT_decl_column(0x1b)
    3998              
    3999              $C$DW$242       .dwtag  DW_TAG_member
    4000                      .dwattr $C$DW$242, DW_AT_type(*$C$DW$T$21)
    4001                      .dwattr $C$DW$242, DW_AT_name("VanpcB")
    4002                      .dwattr $C$DW$242, DW_AT_data_member_location[DW_OP_plus_uconst 0x90]
    4003                      .dwattr $C$DW$242, DW_AT_accessibility(DW_ACCESS_public)
    4004                      .dwattr $C$DW$242, DW_AT_decl_file("D:\15_Delta\14. ANPC Converter\ANPC_3Layer\Source\app\app_physica
    4005                      .dwattr $C$DW$242, DW_AT_decl_line(0x37)
    4006                      .dwattr $C$DW$242, DW_AT_decl_column(0x1b)
    4007              
    4008              $C$DW$243       .dwtag  DW_TAG_member
    4009                      .dwattr $C$DW$243, DW_AT_type(*$C$DW$T$21)
    4010                      .dwattr $C$DW$243, DW_AT_name("VanpcC")
    4011                      .dwattr $C$DW$243, DW_AT_data_member_location[DW_OP_plus_uconst 0xa2]
    4012                      .dwattr $C$DW$243, DW_AT_accessibility(DW_ACCESS_public)
    4013                      .dwattr $C$DW$243, DW_AT_decl_file("D:\15_Delta\14. ANPC Converter\ANPC_3Layer\Source\app\app_physica
    4014                      .dwattr $C$DW$243, DW_AT_decl_line(0x38)
    4015                      .dwattr $C$DW$243, DW_AT_decl_column(0x1b)
    4016              
    4017              $C$DW$244       .dwtag  DW_TAG_member
    4018                      .dwattr $C$DW$244, DW_AT_type(*$C$DW$T$21)
    4019                      .dwattr $C$DW$244, DW_AT_name("VanpcA_offset")
    4020                      .dwattr $C$DW$244, DW_AT_data_member_location[DW_OP_plus_uconst 0xb4]
    4021                      .dwattr $C$DW$244, DW_AT_accessibility(DW_ACCESS_public)
    4022                      .dwattr $C$DW$244, DW_AT_decl_file("D:\15_Delta\14. ANPC Converter\ANPC_3Layer\Source\app\app_physica
    4023                      .dwattr $C$DW$244, DW_AT_decl_line(0x3a)
    4024                      .dwattr $C$DW$244, DW_AT_decl_column(0x1b)
    4025              
    4026              $C$DW$245       .dwtag  DW_TAG_member
    4027                      .dwattr $C$DW$245, DW_AT_type(*$C$DW$T$21)
    4028                      .dwattr $C$DW$245, DW_AT_name("VanpcB_offset")
    4029                      .dwattr $C$DW$245, DW_AT_data_member_location[DW_OP_plus_uconst 0xc6]
    4030                      .dwattr $C$DW$245, DW_AT_accessibility(DW_ACCESS_public)
    4031                      .dwattr $C$DW$245, DW_AT_decl_file("D:\15_Delta\14. ANPC Converter\ANPC_3Layer\Source\app\app_physica
    4032                      .dwattr $C$DW$245, DW_AT_decl_line(0x3b)
    4033                      .dwattr $C$DW$245, DW_AT_decl_column(0x1b)
TMS320C2000 Assembler PC v22.6.0 Mon Apr 21 09:04:20 2025

Copyright (c) 1996-2018 Texas Instruments Incorporated
app_state.asm                                                        PAGE   79

    4034              
    4035              $C$DW$246       .dwtag  DW_TAG_member
    4036                      .dwattr $C$DW$246, DW_AT_type(*$C$DW$T$21)
    4037                      .dwattr $C$DW$246, DW_AT_name("VanpcC_offset")
    4038                      .dwattr $C$DW$246, DW_AT_data_member_location[DW_OP_plus_uconst 0xd8]
    4039                      .dwattr $C$DW$246, DW_AT_accessibility(DW_ACCESS_public)
    4040                      .dwattr $C$DW$246, DW_AT_decl_file("D:\15_Delta\14. ANPC Converter\ANPC_3Layer\Source\app\app_physica
    4041                      .dwattr $C$DW$246, DW_AT_decl_line(0x3c)
    4042                      .dwattr $C$DW$246, DW_AT_decl_column(0x1b)
    4043              
    4044              $C$DW$247       .dwtag  DW_TAG_member
    4045                      .dwattr $C$DW$247, DW_AT_type(*$C$DW$T$21)
    4046                      .dwattr $C$DW$247, DW_AT_name("IA")
    4047                      .dwattr $C$DW$247, DW_AT_data_member_location[DW_OP_plus_uconst 0xea]
    4048                      .dwattr $C$DW$247, DW_AT_accessibility(DW_ACCESS_public)
    4049                      .dwattr $C$DW$247, DW_AT_decl_file("D:\15_Delta\14. ANPC Converter\ANPC_3Layer\Source\app\app_physica
    4050                      .dwattr $C$DW$247, DW_AT_decl_line(0x3e)
    4051                      .dwattr $C$DW$247, DW_AT_decl_column(0x1b)
    4052              
    4053              $C$DW$248       .dwtag  DW_TAG_member
    4054                      .dwattr $C$DW$248, DW_AT_type(*$C$DW$T$21)
    4055                      .dwattr $C$DW$248, DW_AT_name("IB")
    4056                      .dwattr $C$DW$248, DW_AT_data_member_location[DW_OP_plus_uconst 0xfc]
    4057                      .dwattr $C$DW$248, DW_AT_accessibility(DW_ACCESS_public)
    4058                      .dwattr $C$DW$248, DW_AT_decl_file("D:\15_Delta\14. ANPC Converter\ANPC_3Layer\Source\app\app_physica
    4059                      .dwattr $C$DW$248, DW_AT_decl_line(0x3f)
    4060                      .dwattr $C$DW$248, DW_AT_decl_column(0x1b)
    4061              
    4062              $C$DW$249       .dwtag  DW_TAG_member
    4063                      .dwattr $C$DW$249, DW_AT_type(*$C$DW$T$21)
    4064                      .dwattr $C$DW$249, DW_AT_name("IC")
    4065                      .dwattr $C$DW$249, DW_AT_data_member_location[DW_OP_plus_uconst 0x10e]
    4066                      .dwattr $C$DW$249, DW_AT_accessibility(DW_ACCESS_public)
    4067                      .dwattr $C$DW$249, DW_AT_decl_file("D:\15_Delta\14. ANPC Converter\ANPC_3Layer\Source\app\app_physica
    4068                      .dwattr $C$DW$249, DW_AT_decl_line(0x40)
    4069                      .dwattr $C$DW$249, DW_AT_decl_column(0x1b)
    4070              
    4071              $C$DW$250       .dwtag  DW_TAG_member
    4072                      .dwattr $C$DW$250, DW_AT_type(*$C$DW$T$21)
    4073                      .dwattr $C$DW$250, DW_AT_name("IA_offset")
    4074                      .dwattr $C$DW$250, DW_AT_data_member_location[DW_OP_plus_uconst 0x120]
    4075                      .dwattr $C$DW$250, DW_AT_accessibility(DW_ACCESS_public)
    4076                      .dwattr $C$DW$250, DW_AT_decl_file("D:\15_Delta\14. ANPC Converter\ANPC_3Layer\Source\app\app_physica
    4077                      .dwattr $C$DW$250, DW_AT_decl_line(0x42)
    4078                      .dwattr $C$DW$250, DW_AT_decl_column(0x1b)
    4079              
    4080              $C$DW$251       .dwtag  DW_TAG_member
    4081                      .dwattr $C$DW$251, DW_AT_type(*$C$DW$T$21)
    4082                      .dwattr $C$DW$251, DW_AT_name("IB_offset")
    4083                      .dwattr $C$DW$251, DW_AT_data_member_location[DW_OP_plus_uconst 0x132]
    4084                      .dwattr $C$DW$251, DW_AT_accessibility(DW_ACCESS_public)
    4085                      .dwattr $C$DW$251, DW_AT_decl_file("D:\15_Delta\14. ANPC Converter\ANPC_3Layer\Source\app\app_physica
    4086                      .dwattr $C$DW$251, DW_AT_decl_line(0x43)
    4087                      .dwattr $C$DW$251, DW_AT_decl_column(0x1b)
    4088              
TMS320C2000 Assembler PC v22.6.0 Mon Apr 21 09:04:20 2025

Copyright (c) 1996-2018 Texas Instruments Incorporated
app_state.asm                                                        PAGE   80

    4089              $C$DW$252       .dwtag  DW_TAG_member
    4090                      .dwattr $C$DW$252, DW_AT_type(*$C$DW$T$21)
    4091                      .dwattr $C$DW$252, DW_AT_name("IC_offset")
    4092                      .dwattr $C$DW$252, DW_AT_data_member_location[DW_OP_plus_uconst 0x144]
    4093                      .dwattr $C$DW$252, DW_AT_accessibility(DW_ACCESS_public)
    4094                      .dwattr $C$DW$252, DW_AT_decl_file("D:\15_Delta\14. ANPC Converter\ANPC_3Layer\Source\app\app_physica
    4095                      .dwattr $C$DW$252, DW_AT_decl_line(0x44)
    4096                      .dwattr $C$DW$252, DW_AT_decl_column(0x1b)
    4097              
    4098              $C$DW$253       .dwtag  DW_TAG_member
    4099                      .dwattr $C$DW$253, DW_AT_type(*$C$DW$T$22)
    4100                      .dwattr $C$DW$253, DW_AT_name("IA_buff")
    4101                      .dwattr $C$DW$253, DW_AT_data_member_location[DW_OP_plus_uconst 0x156]
    4102                      .dwattr $C$DW$253, DW_AT_accessibility(DW_ACCESS_public)
    4103                      .dwattr $C$DW$253, DW_AT_decl_file("D:\15_Delta\14. ANPC Converter\ANPC_3Layer\Source\app\app_physica
    4104                      .dwattr $C$DW$253, DW_AT_decl_line(0x46)
    4105                      .dwattr $C$DW$253, DW_AT_decl_column(0x0f)
    4106              
    4107              $C$DW$254       .dwtag  DW_TAG_member
    4108                      .dwattr $C$DW$254, DW_AT_type(*$C$DW$T$22)
    4109                      .dwattr $C$DW$254, DW_AT_name("IB_buff")
    4110                      .dwattr $C$DW$254, DW_AT_data_member_location[DW_OP_plus_uconst 0x170]
    4111                      .dwattr $C$DW$254, DW_AT_accessibility(DW_ACCESS_public)
    4112                      .dwattr $C$DW$254, DW_AT_decl_file("D:\15_Delta\14. ANPC Converter\ANPC_3Layer\Source\app\app_physica
    4113                      .dwattr $C$DW$254, DW_AT_decl_line(0x47)
    4114                      .dwattr $C$DW$254, DW_AT_decl_column(0x0f)
    4115              
    4116              $C$DW$255       .dwtag  DW_TAG_member
    4117                      .dwattr $C$DW$255, DW_AT_type(*$C$DW$T$22)
    4118                      .dwattr $C$DW$255, DW_AT_name("IC_buff")
    4119                      .dwattr $C$DW$255, DW_AT_data_member_location[DW_OP_plus_uconst 0x18a]
    4120                      .dwattr $C$DW$255, DW_AT_accessibility(DW_ACCESS_public)
    4121                      .dwattr $C$DW$255, DW_AT_decl_file("D:\15_Delta\14. ANPC Converter\ANPC_3Layer\Source\app\app_physica
    4122                      .dwattr $C$DW$255, DW_AT_decl_line(0x48)
    4123                      .dwattr $C$DW$255, DW_AT_decl_column(0x0f)
    4124              
    4125              $C$DW$256       .dwtag  DW_TAG_member
    4126                      .dwattr $C$DW$256, DW_AT_type(*$C$DW$T$21)
    4127                      .dwattr $C$DW$256, DW_AT_name("Vbus")
    4128                      .dwattr $C$DW$256, DW_AT_data_member_location[DW_OP_plus_uconst 0x1a4]
    4129                      .dwattr $C$DW$256, DW_AT_accessibility(DW_ACCESS_public)
    4130                      .dwattr $C$DW$256, DW_AT_decl_file("D:\15_Delta\14. ANPC Converter\ANPC_3Layer\Source\app\app_physica
    4131                      .dwattr $C$DW$256, DW_AT_decl_line(0x4a)
    4132                      .dwattr $C$DW$256, DW_AT_decl_column(0x1b)
    4133              
    4134              $C$DW$257       .dwtag  DW_TAG_member
    4135                      .dwattr $C$DW$257, DW_AT_type(*$C$DW$T$21)
    4136                      .dwattr $C$DW$257, DW_AT_name("Vbusp")
    4137                      .dwattr $C$DW$257, DW_AT_data_member_location[DW_OP_plus_uconst 0x1b6]
    4138                      .dwattr $C$DW$257, DW_AT_accessibility(DW_ACCESS_public)
    4139                      .dwattr $C$DW$257, DW_AT_decl_file("D:\15_Delta\14. ANPC Converter\ANPC_3Layer\Source\app\app_physica
    4140                      .dwattr $C$DW$257, DW_AT_decl_line(0x4b)
    4141                      .dwattr $C$DW$257, DW_AT_decl_column(0x1b)
    4142              
    4143              $C$DW$258       .dwtag  DW_TAG_member
TMS320C2000 Assembler PC v22.6.0 Mon Apr 21 09:04:20 2025

Copyright (c) 1996-2018 Texas Instruments Incorporated
app_state.asm                                                        PAGE   81

    4144                      .dwattr $C$DW$258, DW_AT_type(*$C$DW$T$21)
    4145                      .dwattr $C$DW$258, DW_AT_name("Vbusn")
    4146                      .dwattr $C$DW$258, DW_AT_data_member_location[DW_OP_plus_uconst 0x1c8]
    4147                      .dwattr $C$DW$258, DW_AT_accessibility(DW_ACCESS_public)
    4148                      .dwattr $C$DW$258, DW_AT_decl_file("D:\15_Delta\14. ANPC Converter\ANPC_3Layer\Source\app\app_physica
    4149                      .dwattr $C$DW$258, DW_AT_decl_line(0x4c)
    4150                      .dwattr $C$DW$258, DW_AT_decl_column(0x1b)
    4151              
    4152              $C$DW$259       .dwtag  DW_TAG_member
    4153                      .dwattr $C$DW$259, DW_AT_type(*$C$DW$T$21)
    4154                      .dwattr $C$DW$259, DW_AT_name("Vbus_delta")
    4155                      .dwattr $C$DW$259, DW_AT_data_member_location[DW_OP_plus_uconst 0x1da]
    4156                      .dwattr $C$DW$259, DW_AT_accessibility(DW_ACCESS_public)
    4157                      .dwattr $C$DW$259, DW_AT_decl_file("D:\15_Delta\14. ANPC Converter\ANPC_3Layer\Source\app\app_physica
    4158                      .dwattr $C$DW$259, DW_AT_decl_line(0x4d)
    4159                      .dwattr $C$DW$259, DW_AT_decl_column(0x1b)
    4160              
    4161              $C$DW$260       .dwtag  DW_TAG_member
    4162                      .dwattr $C$DW$260, DW_AT_type(*$C$DW$T$21)
    4163                      .dwattr $C$DW$260, DW_AT_name("Vbus_offset")
    4164                      .dwattr $C$DW$260, DW_AT_data_member_location[DW_OP_plus_uconst 0x1ec]
    4165                      .dwattr $C$DW$260, DW_AT_accessibility(DW_ACCESS_public)
    4166                      .dwattr $C$DW$260, DW_AT_decl_file("D:\15_Delta\14. ANPC Converter\ANPC_3Layer\Source\app\app_physica
    4167                      .dwattr $C$DW$260, DW_AT_decl_line(0x4f)
    4168                      .dwattr $C$DW$260, DW_AT_decl_column(0x1b)
    4169              
    4170              $C$DW$261       .dwtag  DW_TAG_member
    4171                      .dwattr $C$DW$261, DW_AT_type(*$C$DW$T$21)
    4172                      .dwattr $C$DW$261, DW_AT_name("Vbusp_offset")
    4173                      .dwattr $C$DW$261, DW_AT_data_member_location[DW_OP_plus_uconst 0x1fe]
    4174                      .dwattr $C$DW$261, DW_AT_accessibility(DW_ACCESS_public)
    4175                      .dwattr $C$DW$261, DW_AT_decl_file("D:\15_Delta\14. ANPC Converter\ANPC_3Layer\Source\app\app_physica
    4176                      .dwattr $C$DW$261, DW_AT_decl_line(0x50)
    4177                      .dwattr $C$DW$261, DW_AT_decl_column(0x1b)
    4178              
    4179              $C$DW$262       .dwtag  DW_TAG_member
    4180                      .dwattr $C$DW$262, DW_AT_type(*$C$DW$T$21)
    4181                      .dwattr $C$DW$262, DW_AT_name("Vbusn_offset")
    4182                      .dwattr $C$DW$262, DW_AT_data_member_location[DW_OP_plus_uconst 0x210]
    4183                      .dwattr $C$DW$262, DW_AT_accessibility(DW_ACCESS_public)
    4184                      .dwattr $C$DW$262, DW_AT_decl_file("D:\15_Delta\14. ANPC Converter\ANPC_3Layer\Source\app\app_physica
    4185                      .dwattr $C$DW$262, DW_AT_decl_line(0x51)
    4186                      .dwattr $C$DW$262, DW_AT_decl_column(0x1b)
    4187              
    4188              $C$DW$263       .dwtag  DW_TAG_member
    4189                      .dwattr $C$DW$263, DW_AT_type(*$C$DW$T$21)
    4190                      .dwattr $C$DW$263, DW_AT_name("TempA")
    4191                      .dwattr $C$DW$263, DW_AT_data_member_location[DW_OP_plus_uconst 0x222]
    4192                      .dwattr $C$DW$263, DW_AT_accessibility(DW_ACCESS_public)
    4193                      .dwattr $C$DW$263, DW_AT_decl_file("D:\15_Delta\14. ANPC Converter\ANPC_3Layer\Source\app\app_physica
    4194                      .dwattr $C$DW$263, DW_AT_decl_line(0x53)
    4195                      .dwattr $C$DW$263, DW_AT_decl_column(0x1b)
    4196              
    4197              $C$DW$264       .dwtag  DW_TAG_member
    4198                      .dwattr $C$DW$264, DW_AT_type(*$C$DW$T$21)
TMS320C2000 Assembler PC v22.6.0 Mon Apr 21 09:04:20 2025

Copyright (c) 1996-2018 Texas Instruments Incorporated
app_state.asm                                                        PAGE   82

    4199                      .dwattr $C$DW$264, DW_AT_name("TempB")
    4200                      .dwattr $C$DW$264, DW_AT_data_member_location[DW_OP_plus_uconst 0x234]
    4201                      .dwattr $C$DW$264, DW_AT_accessibility(DW_ACCESS_public)
    4202                      .dwattr $C$DW$264, DW_AT_decl_file("D:\15_Delta\14. ANPC Converter\ANPC_3Layer\Source\app\app_physica
    4203                      .dwattr $C$DW$264, DW_AT_decl_line(0x54)
    4204                      .dwattr $C$DW$264, DW_AT_decl_column(0x1b)
    4205              
    4206              $C$DW$265       .dwtag  DW_TAG_member
    4207                      .dwattr $C$DW$265, DW_AT_type(*$C$DW$T$21)
    4208                      .dwattr $C$DW$265, DW_AT_name("TempC")
    4209                      .dwattr $C$DW$265, DW_AT_data_member_location[DW_OP_plus_uconst 0x246]
    4210                      .dwattr $C$DW$265, DW_AT_accessibility(DW_ACCESS_public)
    4211                      .dwattr $C$DW$265, DW_AT_decl_file("D:\15_Delta\14. ANPC Converter\ANPC_3Layer\Source\app\app_physica
    4212                      .dwattr $C$DW$265, DW_AT_decl_line(0x55)
    4213                      .dwattr $C$DW$265, DW_AT_decl_column(0x1b)
    4214              
    4215              $C$DW$266       .dwtag  DW_TAG_member
    4216                      .dwattr $C$DW$266, DW_AT_type(*$C$DW$T$21)
    4217                      .dwattr $C$DW$266, DW_AT_name("TempAmbient")
    4218                      .dwattr $C$DW$266, DW_AT_data_member_location[DW_OP_plus_uconst 0x258]
    4219                      .dwattr $C$DW$266, DW_AT_accessibility(DW_ACCESS_public)
    4220                      .dwattr $C$DW$266, DW_AT_decl_file("D:\15_Delta\14. ANPC Converter\ANPC_3Layer\Source\app\app_physica
    4221                      .dwattr $C$DW$266, DW_AT_decl_line(0x56)
    4222                      .dwattr $C$DW$266, DW_AT_decl_column(0x1b)
    4223              
    4224              $C$DW$267       .dwtag  DW_TAG_member
    4225                      .dwattr $C$DW$267, DW_AT_type(*$C$DW$T$21)
    4226                      .dwattr $C$DW$267, DW_AT_name("Vref1")
    4227                      .dwattr $C$DW$267, DW_AT_data_member_location[DW_OP_plus_uconst 0x26a]
    4228                      .dwattr $C$DW$267, DW_AT_accessibility(DW_ACCESS_public)
    4229                      .dwattr $C$DW$267, DW_AT_decl_file("D:\15_Delta\14. ANPC Converter\ANPC_3Layer\Source\app\app_physica
    4230                      .dwattr $C$DW$267, DW_AT_decl_line(0x58)
    4231                      .dwattr $C$DW$267, DW_AT_decl_column(0x1b)
    4232              
    4233              $C$DW$268       .dwtag  DW_TAG_member
    4234                      .dwattr $C$DW$268, DW_AT_type(*$C$DW$T$21)
    4235                      .dwattr $C$DW$268, DW_AT_name("Vref2")
    4236                      .dwattr $C$DW$268, DW_AT_data_member_location[DW_OP_plus_uconst 0x27c]
    4237                      .dwattr $C$DW$268, DW_AT_accessibility(DW_ACCESS_public)
    4238                      .dwattr $C$DW$268, DW_AT_decl_file("D:\15_Delta\14. ANPC Converter\ANPC_3Layer\Source\app\app_physica
    4239                      .dwattr $C$DW$268, DW_AT_decl_line(0x59)
    4240                      .dwattr $C$DW$268, DW_AT_decl_column(0x1b)
    4241              
    4242              $C$DW$269       .dwtag  DW_TAG_member
    4243                      .dwattr $C$DW$269, DW_AT_type(*$C$DW$T$19)
    4244                      .dwattr $C$DW$269, DW_AT_name("Pin")
    4245                      .dwattr $C$DW$269, DW_AT_data_member_location[DW_OP_plus_uconst 0x28e]
    4246                      .dwattr $C$DW$269, DW_AT_accessibility(DW_ACCESS_public)
    4247                      .dwattr $C$DW$269, DW_AT_decl_file("D:\15_Delta\14. ANPC Converter\ANPC_3Layer\Source\app\app_physica
    4248                      .dwattr $C$DW$269, DW_AT_decl_line(0x5b)
    4249                      .dwattr $C$DW$269, DW_AT_decl_column(0x0f)
    4250              
    4251              $C$DW$270       .dwtag  DW_TAG_member
    4252                      .dwattr $C$DW$270, DW_AT_type(*$C$DW$T$19)
    4253                      .dwattr $C$DW$270, DW_AT_name("PF")
TMS320C2000 Assembler PC v22.6.0 Mon Apr 21 09:04:20 2025

Copyright (c) 1996-2018 Texas Instruments Incorporated
app_state.asm                                                        PAGE   83

    4254                      .dwattr $C$DW$270, DW_AT_data_member_location[DW_OP_plus_uconst 0x290]
    4255                      .dwattr $C$DW$270, DW_AT_accessibility(DW_ACCESS_public)
    4256                      .dwattr $C$DW$270, DW_AT_decl_file("D:\15_Delta\14. ANPC Converter\ANPC_3Layer\Source\app\app_physica
    4257                      .dwattr $C$DW$270, DW_AT_decl_line(0x5c)
    4258                      .dwattr $C$DW$270, DW_AT_decl_column(0x0f)
    4259              
    4260              $C$DW$271       .dwtag  DW_TAG_member
    4261                      .dwattr $C$DW$271, DW_AT_type(*$C$DW$T$19)
    4262                      .dwattr $C$DW$271, DW_AT_name("fgrid")
    4263                      .dwattr $C$DW$271, DW_AT_data_member_location[DW_OP_plus_uconst 0x292]
    4264                      .dwattr $C$DW$271, DW_AT_accessibility(DW_ACCESS_public)
    4265                      .dwattr $C$DW$271, DW_AT_decl_file("D:\15_Delta\14. ANPC Converter\ANPC_3Layer\Source\app\app_physica
    4266                      .dwattr $C$DW$271, DW_AT_decl_line(0x5d)
    4267                      .dwattr $C$DW$271, DW_AT_decl_column(0x0f)
    4268              
    4269                      .dwattr $C$DW$T$23, DW_AT_decl_file("D:\15_Delta\14. ANPC Converter\ANPC_3Layer\Source\app\app_physic
    4270                      .dwattr $C$DW$T$23, DW_AT_decl_line(0x2c)
    4271                      .dwattr $C$DW$T$23, DW_AT_decl_column(0x01)
    4272                      .dwendtag $C$DW$T$23
    4273              
    4274                      .dwendtag $C$DW$TU$23
    4275              
    4276              
    4277              $C$DW$TU$45     .dwtag  DW_TAG_type_unit
    4278                      .dwmtype  $C$DW$T$45
    4279              $C$DW$T$45      .dwtag  DW_TAG_typedef
    4280                      .dwattr $C$DW$T$45, DW_AT_name("PhysicalValue_Struct")
    4281                      .dwattr $C$DW$T$45, DW_AT_type(*$C$DW$T$23)
    4282                      .dwattr $C$DW$T$45, DW_AT_decl_file("D:\15_Delta\14. ANPC Converter\ANPC_3Layer\Source\app\app_physic
    4283                      .dwattr $C$DW$T$45, DW_AT_decl_line(0x5f)
    4284                      .dwattr $C$DW$T$45, DW_AT_decl_column(0x03)
    4285              
    4286                      .dwendtag $C$DW$TU$45
    4287              
    4288              
    4289              $C$DW$TU$24     .dwtag  DW_TAG_type_unit
    4290                      .dwmtype  $C$DW$T$24
    4291              
    4292              $C$DW$T$24      .dwtag  DW_TAG_structure_type
    4293                      .dwattr $C$DW$T$24, DW_AT_byte_size(0x0a)
    4294              $C$DW$272       .dwtag  DW_TAG_member
    4295                      .dwattr $C$DW$272, DW_AT_type(*$C$DW$T$19)
    4296                      .dwattr $C$DW$272, DW_AT_name("a")
    4297                      .dwattr $C$DW$272, DW_AT_accessibility(DW_ACCESS_public)
    4298                      .dwattr $C$DW$272, DW_AT_decl_file("D:/15_Delta/14. ANPC Converter/ANPC_3Layer/Source/app/math_ctrl_l
    4299                      .dwattr $C$DW$272, DW_AT_decl_line(0x32)
    4300                      .dwattr $C$DW$272, DW_AT_decl_column(0x0f)
    4301              
    4302              $C$DW$273       .dwtag  DW_TAG_member
    4303                      .dwattr $C$DW$273, DW_AT_type(*$C$DW$T$19)
    4304                      .dwattr $C$DW$273, DW_AT_name("b")
    4305                      .dwattr $C$DW$273, DW_AT_data_member_location[DW_OP_plus_uconst 0x2]
    4306                      .dwattr $C$DW$273, DW_AT_accessibility(DW_ACCESS_public)
    4307                      .dwattr $C$DW$273, DW_AT_decl_file("D:/15_Delta/14. ANPC Converter/ANPC_3Layer/Source/app/math_ctrl_l
    4308                      .dwattr $C$DW$273, DW_AT_decl_line(0x33)
TMS320C2000 Assembler PC v22.6.0 Mon Apr 21 09:04:20 2025

Copyright (c) 1996-2018 Texas Instruments Incorporated
app_state.asm                                                        PAGE   84

    4309                      .dwattr $C$DW$273, DW_AT_decl_column(0x0f)
    4310              
    4311              $C$DW$274       .dwtag  DW_TAG_member
    4312                      .dwattr $C$DW$274, DW_AT_type(*$C$DW$T$19)
    4313                      .dwattr $C$DW$274, DW_AT_name("c")
    4314                      .dwattr $C$DW$274, DW_AT_data_member_location[DW_OP_plus_uconst 0x4]
    4315                      .dwattr $C$DW$274, DW_AT_accessibility(DW_ACCESS_public)
    4316                      .dwattr $C$DW$274, DW_AT_decl_file("D:/15_Delta/14. ANPC Converter/ANPC_3Layer/Source/app/math_ctrl_l
    4317                      .dwattr $C$DW$274, DW_AT_decl_line(0x34)
    4318                      .dwattr $C$DW$274, DW_AT_decl_column(0x0f)
    4319              
    4320              $C$DW$275       .dwtag  DW_TAG_member
    4321                      .dwattr $C$DW$275, DW_AT_type(*$C$DW$T$19)
    4322                      .dwattr $C$DW$275, DW_AT_name("alpha")
    4323                      .dwattr $C$DW$275, DW_AT_data_member_location[DW_OP_plus_uconst 0x6]
    4324                      .dwattr $C$DW$275, DW_AT_accessibility(DW_ACCESS_public)
    4325                      .dwattr $C$DW$275, DW_AT_decl_file("D:/15_Delta/14. ANPC Converter/ANPC_3Layer/Source/app/math_ctrl_l
    4326                      .dwattr $C$DW$275, DW_AT_decl_line(0x35)
    4327                      .dwattr $C$DW$275, DW_AT_decl_column(0x0f)
    4328              
    4329              $C$DW$276       .dwtag  DW_TAG_member
    4330                      .dwattr $C$DW$276, DW_AT_type(*$C$DW$T$19)
    4331                      .dwattr $C$DW$276, DW_AT_name("beta")
    4332                      .dwattr $C$DW$276, DW_AT_data_member_location[DW_OP_plus_uconst 0x8]
    4333                      .dwattr $C$DW$276, DW_AT_accessibility(DW_ACCESS_public)
    4334                      .dwattr $C$DW$276, DW_AT_decl_file("D:/15_Delta/14. ANPC Converter/ANPC_3Layer/Source/app/math_ctrl_l
    4335                      .dwattr $C$DW$276, DW_AT_decl_line(0x36)
    4336                      .dwattr $C$DW$276, DW_AT_decl_column(0x0f)
    4337              
    4338                      .dwattr $C$DW$T$24, DW_AT_decl_file("D:/15_Delta/14. ANPC Converter/ANPC_3Layer/Source/app/math_ctrl_
    4339                      .dwattr $C$DW$T$24, DW_AT_decl_line(0x31)
    4340                      .dwattr $C$DW$T$24, DW_AT_decl_column(0x0f)
    4341                      .dwendtag $C$DW$T$24
    4342              
    4343                      .dwendtag $C$DW$TU$24
    4344              
    4345              
    4346              $C$DW$TU$26     .dwtag  DW_TAG_type_unit
    4347                      .dwmtype  $C$DW$T$26
    4348              $C$DW$T$26      .dwtag  DW_TAG_typedef
    4349                      .dwattr $C$DW$T$26, DW_AT_name("DQ0_ABC")
    4350                      .dwattr $C$DW$T$26, DW_AT_type(*$C$DW$T$24)
    4351                      .dwattr $C$DW$T$26, DW_AT_decl_file("D:/15_Delta/14. ANPC Converter/ANPC_3Layer/Source/app/math_ctrl_
    4352                      .dwattr $C$DW$T$26, DW_AT_decl_line(0x37)
    4353                      .dwattr $C$DW$T$26, DW_AT_decl_column(0x02)
    4354              
    4355                      .dwendtag $C$DW$TU$26
    4356              
    4357              
    4358              $C$DW$TU$27     .dwtag  DW_TAG_type_unit
    4359                      .dwmtype  $C$DW$T$27
    4360              
    4361              $C$DW$T$27      .dwtag  DW_TAG_structure_type
    4362                      .dwattr $C$DW$T$27, DW_AT_byte_size(0x82)
    4363              $C$DW$277       .dwtag  DW_TAG_member
TMS320C2000 Assembler PC v22.6.0 Mon Apr 21 09:04:20 2025

Copyright (c) 1996-2018 Texas Instruments Incorporated
app_state.asm                                                        PAGE   85

    4364                      .dwattr $C$DW$277, DW_AT_type(*$C$DW$T$19)
    4365                      .dwattr $C$DW$277, DW_AT_name("Vbus_cmd")
    4366                      .dwattr $C$DW$277, DW_AT_accessibility(DW_ACCESS_public)
    4367                      .dwattr $C$DW$277, DW_AT_decl_file("D:\15_Delta\14. ANPC Converter\ANPC_3Layer\Source\app\app_anpc_co
    4368                      .dwattr $C$DW$277, DW_AT_decl_line(0x57)
    4369                      .dwattr $C$DW$277, DW_AT_decl_column(0x0f)
    4370              
    4371              $C$DW$278       .dwtag  DW_TAG_member
    4372                      .dwattr $C$DW$278, DW_AT_type(*$C$DW$T$19)
    4373                      .dwattr $C$DW$278, DW_AT_name("Vbus_ref")
    4374                      .dwattr $C$DW$278, DW_AT_data_member_location[DW_OP_plus_uconst 0x2]
    4375                      .dwattr $C$DW$278, DW_AT_accessibility(DW_ACCESS_public)
    4376                      .dwattr $C$DW$278, DW_AT_decl_file("D:\15_Delta\14. ANPC Converter\ANPC_3Layer\Source\app\app_anpc_co
    4377                      .dwattr $C$DW$278, DW_AT_decl_line(0x58)
    4378                      .dwattr $C$DW$278, DW_AT_decl_column(0x0f)
    4379              
    4380              $C$DW$279       .dwtag  DW_TAG_member
    4381                      .dwattr $C$DW$279, DW_AT_type(*$C$DW$T$25)
    4382                      .dwattr $C$DW$279, DW_AT_name("Vbus")
    4383                      .dwattr $C$DW$279, DW_AT_data_member_location[DW_OP_plus_uconst 0x4]
    4384                      .dwattr $C$DW$279, DW_AT_accessibility(DW_ACCESS_public)
    4385                      .dwattr $C$DW$279, DW_AT_decl_file("D:\15_Delta\14. ANPC Converter\ANPC_3Layer\Source\app\app_anpc_co
    4386                      .dwattr $C$DW$279, DW_AT_decl_line(0x5a)
    4387                      .dwattr $C$DW$279, DW_AT_decl_column(0x0d)
    4388              
    4389              $C$DW$280       .dwtag  DW_TAG_member
    4390                      .dwattr $C$DW$280, DW_AT_type(*$C$DW$T$25)
    4391                      .dwattr $C$DW$280, DW_AT_name("Vbus_delta")
    4392                      .dwattr $C$DW$280, DW_AT_data_member_location[DW_OP_plus_uconst 0x16]
    4393                      .dwattr $C$DW$280, DW_AT_accessibility(DW_ACCESS_public)
    4394                      .dwattr $C$DW$280, DW_AT_decl_file("D:\15_Delta\14. ANPC Converter\ANPC_3Layer\Source\app\app_anpc_co
    4395                      .dwattr $C$DW$280, DW_AT_decl_line(0x5b)
    4396                      .dwattr $C$DW$280, DW_AT_decl_column(0x0d)
    4397              
    4398              $C$DW$281       .dwtag  DW_TAG_member
    4399                      .dwattr $C$DW$281, DW_AT_type(*$C$DW$T$19)
    4400                      .dwattr $C$DW$281, DW_AT_name("Vbus_out")
    4401                      .dwattr $C$DW$281, DW_AT_data_member_location[DW_OP_plus_uconst 0x28]
    4402                      .dwattr $C$DW$281, DW_AT_accessibility(DW_ACCESS_public)
    4403                      .dwattr $C$DW$281, DW_AT_decl_file("D:\15_Delta\14. ANPC Converter\ANPC_3Layer\Source\app\app_anpc_co
    4404                      .dwattr $C$DW$281, DW_AT_decl_line(0x5d)
    4405                      .dwattr $C$DW$281, DW_AT_decl_column(0x0f)
    4406              
    4407              $C$DW$282       .dwtag  DW_TAG_member
    4408                      .dwattr $C$DW$282, DW_AT_type(*$C$DW$T$19)
    4409                      .dwattr $C$DW$282, DW_AT_name("Vbus_delta_out")
    4410                      .dwattr $C$DW$282, DW_AT_data_member_location[DW_OP_plus_uconst 0x2a]
    4411                      .dwattr $C$DW$282, DW_AT_accessibility(DW_ACCESS_public)
    4412                      .dwattr $C$DW$282, DW_AT_decl_file("D:\15_Delta\14. ANPC Converter\ANPC_3Layer\Source\app\app_anpc_co
    4413                      .dwattr $C$DW$282, DW_AT_decl_line(0x5e)
    4414                      .dwattr $C$DW$282, DW_AT_decl_column(0x0f)
    4415              
    4416              $C$DW$283       .dwtag  DW_TAG_member
    4417                      .dwattr $C$DW$283, DW_AT_type(*$C$DW$T$19)
    4418                      .dwattr $C$DW$283, DW_AT_name("Id_cmd")
TMS320C2000 Assembler PC v22.6.0 Mon Apr 21 09:04:20 2025

Copyright (c) 1996-2018 Texas Instruments Incorporated
app_state.asm                                                        PAGE   86

    4419                      .dwattr $C$DW$283, DW_AT_data_member_location[DW_OP_plus_uconst 0x2c]
    4420                      .dwattr $C$DW$283, DW_AT_accessibility(DW_ACCESS_public)
    4421                      .dwattr $C$DW$283, DW_AT_decl_file("D:\15_Delta\14. ANPC Converter\ANPC_3Layer\Source\app\app_anpc_co
    4422                      .dwattr $C$DW$283, DW_AT_decl_line(0x60)
    4423                      .dwattr $C$DW$283, DW_AT_decl_column(0x0f)
    4424              
    4425              $C$DW$284       .dwtag  DW_TAG_member
    4426                      .dwattr $C$DW$284, DW_AT_type(*$C$DW$T$19)
    4427                      .dwattr $C$DW$284, DW_AT_name("Iq_cmd")
    4428                      .dwattr $C$DW$284, DW_AT_data_member_location[DW_OP_plus_uconst 0x2e]
    4429                      .dwattr $C$DW$284, DW_AT_accessibility(DW_ACCESS_public)
    4430                      .dwattr $C$DW$284, DW_AT_decl_file("D:\15_Delta\14. ANPC Converter\ANPC_3Layer\Source\app\app_anpc_co
    4431                      .dwattr $C$DW$284, DW_AT_decl_line(0x61)
    4432                      .dwattr $C$DW$284, DW_AT_decl_column(0x0f)
    4433              
    4434              $C$DW$285       .dwtag  DW_TAG_member
    4435                      .dwattr $C$DW$285, DW_AT_type(*$C$DW$T$19)
    4436                      .dwattr $C$DW$285, DW_AT_name("Id_ref")
    4437                      .dwattr $C$DW$285, DW_AT_data_member_location[DW_OP_plus_uconst 0x30]
    4438                      .dwattr $C$DW$285, DW_AT_accessibility(DW_ACCESS_public)
    4439                      .dwattr $C$DW$285, DW_AT_decl_file("D:\15_Delta\14. ANPC Converter\ANPC_3Layer\Source\app\app_anpc_co
    4440                      .dwattr $C$DW$285, DW_AT_decl_line(0x63)
    4441                      .dwattr $C$DW$285, DW_AT_decl_column(0x0f)
    4442              
    4443              $C$DW$286       .dwtag  DW_TAG_member
    4444                      .dwattr $C$DW$286, DW_AT_type(*$C$DW$T$19)
    4445                      .dwattr $C$DW$286, DW_AT_name("Iq_ref")
    4446                      .dwattr $C$DW$286, DW_AT_data_member_location[DW_OP_plus_uconst 0x32]
    4447                      .dwattr $C$DW$286, DW_AT_accessibility(DW_ACCESS_public)
    4448                      .dwattr $C$DW$286, DW_AT_decl_file("D:\15_Delta\14. ANPC Converter\ANPC_3Layer\Source\app\app_anpc_co
    4449                      .dwattr $C$DW$286, DW_AT_decl_line(0x64)
    4450                      .dwattr $C$DW$286, DW_AT_decl_column(0x0f)
    4451              
    4452              $C$DW$287       .dwtag  DW_TAG_member
    4453                      .dwattr $C$DW$287, DW_AT_type(*$C$DW$T$25)
    4454                      .dwattr $C$DW$287, DW_AT_name("Id")
    4455                      .dwattr $C$DW$287, DW_AT_data_member_location[DW_OP_plus_uconst 0x34]
    4456                      .dwattr $C$DW$287, DW_AT_accessibility(DW_ACCESS_public)
    4457                      .dwattr $C$DW$287, DW_AT_decl_file("D:\15_Delta\14. ANPC Converter\ANPC_3Layer\Source\app\app_anpc_co
    4458                      .dwattr $C$DW$287, DW_AT_decl_line(0x66)
    4459                      .dwattr $C$DW$287, DW_AT_decl_column(0x0d)
    4460              
    4461              $C$DW$288       .dwtag  DW_TAG_member
    4462                      .dwattr $C$DW$288, DW_AT_type(*$C$DW$T$25)
    4463                      .dwattr $C$DW$288, DW_AT_name("Iq")
    4464                      .dwattr $C$DW$288, DW_AT_data_member_location[DW_OP_plus_uconst 0x46]
    4465                      .dwattr $C$DW$288, DW_AT_accessibility(DW_ACCESS_public)
    4466                      .dwattr $C$DW$288, DW_AT_decl_file("D:\15_Delta\14. ANPC Converter\ANPC_3Layer\Source\app\app_anpc_co
    4467                      .dwattr $C$DW$288, DW_AT_decl_line(0x67)
    4468                      .dwattr $C$DW$288, DW_AT_decl_column(0x0d)
    4469              
    4470              $C$DW$289       .dwtag  DW_TAG_member
    4471                      .dwattr $C$DW$289, DW_AT_type(*$C$DW$T$19)
    4472                      .dwattr $C$DW$289, DW_AT_name("Id_out")
    4473                      .dwattr $C$DW$289, DW_AT_data_member_location[DW_OP_plus_uconst 0x58]
TMS320C2000 Assembler PC v22.6.0 Mon Apr 21 09:04:20 2025

Copyright (c) 1996-2018 Texas Instruments Incorporated
app_state.asm                                                        PAGE   87

    4474                      .dwattr $C$DW$289, DW_AT_accessibility(DW_ACCESS_public)
    4475                      .dwattr $C$DW$289, DW_AT_decl_file("D:\15_Delta\14. ANPC Converter\ANPC_3Layer\Source\app\app_anpc_co
    4476                      .dwattr $C$DW$289, DW_AT_decl_line(0x69)
    4477                      .dwattr $C$DW$289, DW_AT_decl_column(0x0f)
    4478              
    4479              $C$DW$290       .dwtag  DW_TAG_member
    4480                      .dwattr $C$DW$290, DW_AT_type(*$C$DW$T$19)
    4481                      .dwattr $C$DW$290, DW_AT_name("Iq_out")
    4482                      .dwattr $C$DW$290, DW_AT_data_member_location[DW_OP_plus_uconst 0x5a]
    4483                      .dwattr $C$DW$290, DW_AT_accessibility(DW_ACCESS_public)
    4484                      .dwattr $C$DW$290, DW_AT_decl_file("D:\15_Delta\14. ANPC Converter\ANPC_3Layer\Source\app\app_anpc_co
    4485                      .dwattr $C$DW$290, DW_AT_decl_line(0x6a)
    4486                      .dwattr $C$DW$290, DW_AT_decl_column(0x0f)
    4487              
    4488              $C$DW$291       .dwtag  DW_TAG_member
    4489                      .dwattr $C$DW$291, DW_AT_type(*$C$DW$T$19)
    4490                      .dwattr $C$DW$291, DW_AT_name("Vd_pu")
    4491                      .dwattr $C$DW$291, DW_AT_data_member_location[DW_OP_plus_uconst 0x5c]
    4492                      .dwattr $C$DW$291, DW_AT_accessibility(DW_ACCESS_public)
    4493                      .dwattr $C$DW$291, DW_AT_decl_file("D:\15_Delta\14. ANPC Converter\ANPC_3Layer\Source\app\app_anpc_co
    4494                      .dwattr $C$DW$291, DW_AT_decl_line(0x6c)
    4495                      .dwattr $C$DW$291, DW_AT_decl_column(0x0f)
    4496              
    4497              $C$DW$292       .dwtag  DW_TAG_member
    4498                      .dwattr $C$DW$292, DW_AT_type(*$C$DW$T$19)
    4499                      .dwattr $C$DW$292, DW_AT_name("Vq_pu")
    4500                      .dwattr $C$DW$292, DW_AT_data_member_location[DW_OP_plus_uconst 0x5e]
    4501                      .dwattr $C$DW$292, DW_AT_accessibility(DW_ACCESS_public)
    4502                      .dwattr $C$DW$292, DW_AT_decl_file("D:\15_Delta\14. ANPC Converter\ANPC_3Layer\Source\app\app_anpc_co
    4503                      .dwattr $C$DW$292, DW_AT_decl_line(0x6d)
    4504                      .dwattr $C$DW$292, DW_AT_decl_column(0x0f)
    4505              
    4506              $C$DW$293       .dwtag  DW_TAG_member
    4507                      .dwattr $C$DW$293, DW_AT_type(*$C$DW$T$19)
    4508                      .dwattr $C$DW$293, DW_AT_name("Vz_pu")
    4509                      .dwattr $C$DW$293, DW_AT_data_member_location[DW_OP_plus_uconst 0x60]
    4510                      .dwattr $C$DW$293, DW_AT_accessibility(DW_ACCESS_public)
    4511                      .dwattr $C$DW$293, DW_AT_decl_file("D:\15_Delta\14. ANPC Converter\ANPC_3Layer\Source\app\app_anpc_co
    4512                      .dwattr $C$DW$293, DW_AT_decl_line(0x6e)
    4513                      .dwattr $C$DW$293, DW_AT_decl_column(0x0f)
    4514              
    4515              $C$DW$294       .dwtag  DW_TAG_member
    4516                      .dwattr $C$DW$294, DW_AT_type(*$C$DW$T$26)
    4517                      .dwattr $C$DW$294, DW_AT_name("Vabc_pu")
    4518                      .dwattr $C$DW$294, DW_AT_data_member_location[DW_OP_plus_uconst 0x62]
    4519                      .dwattr $C$DW$294, DW_AT_accessibility(DW_ACCESS_public)
    4520                      .dwattr $C$DW$294, DW_AT_decl_file("D:\15_Delta\14. ANPC Converter\ANPC_3Layer\Source\app\app_anpc_co
    4521                      .dwattr $C$DW$294, DW_AT_decl_line(0x70)
    4522                      .dwattr $C$DW$294, DW_AT_decl_column(0x0d)
    4523              
    4524              $C$DW$295       .dwtag  DW_TAG_member
    4525                      .dwattr $C$DW$295, DW_AT_type(*$C$DW$T$19)
    4526                      .dwattr $C$DW$295, DW_AT_name("Duty_3rd_v1")
    4527                      .dwattr $C$DW$295, DW_AT_data_member_location[DW_OP_plus_uconst 0x6c]
    4528                      .dwattr $C$DW$295, DW_AT_accessibility(DW_ACCESS_public)
TMS320C2000 Assembler PC v22.6.0 Mon Apr 21 09:04:20 2025

Copyright (c) 1996-2018 Texas Instruments Incorporated
app_state.asm                                                        PAGE   88

    4529                      .dwattr $C$DW$295, DW_AT_decl_file("D:\15_Delta\14. ANPC Converter\ANPC_3Layer\Source\app\app_anpc_co
    4530                      .dwattr $C$DW$295, DW_AT_decl_line(0x72)
    4531                      .dwattr $C$DW$295, DW_AT_decl_column(0x0f)
    4532              
    4533              $C$DW$296       .dwtag  DW_TAG_member
    4534                      .dwattr $C$DW$296, DW_AT_type(*$C$DW$T$19)
    4535                      .dwattr $C$DW$296, DW_AT_name("Duty_3rd_v2")
    4536                      .dwattr $C$DW$296, DW_AT_data_member_location[DW_OP_plus_uconst 0x6e]
    4537                      .dwattr $C$DW$296, DW_AT_accessibility(DW_ACCESS_public)
    4538                      .dwattr $C$DW$296, DW_AT_decl_file("D:\15_Delta\14. ANPC Converter\ANPC_3Layer\Source\app\app_anpc_co
    4539                      .dwattr $C$DW$296, DW_AT_decl_line(0x73)
    4540                      .dwattr $C$DW$296, DW_AT_decl_column(0x0f)
    4541              
    4542              $C$DW$297       .dwtag  DW_TAG_member
    4543                      .dwattr $C$DW$297, DW_AT_type(*$C$DW$T$19)
    4544                      .dwattr $C$DW$297, DW_AT_name("Duty_3rd_v3")
    4545                      .dwattr $C$DW$297, DW_AT_data_member_location[DW_OP_plus_uconst 0x70]
    4546                      .dwattr $C$DW$297, DW_AT_accessibility(DW_ACCESS_public)
    4547                      .dwattr $C$DW$297, DW_AT_decl_file("D:\15_Delta\14. ANPC Converter\ANPC_3Layer\Source\app\app_anpc_co
    4548                      .dwattr $C$DW$297, DW_AT_decl_line(0x74)
    4549                      .dwattr $C$DW$297, DW_AT_decl_column(0x0f)
    4550              
    4551              $C$DW$298       .dwtag  DW_TAG_member
    4552                      .dwattr $C$DW$298, DW_AT_type(*$C$DW$T$19)
    4553                      .dwattr $C$DW$298, DW_AT_name("Duty_3rd")
    4554                      .dwattr $C$DW$298, DW_AT_data_member_location[DW_OP_plus_uconst 0x72]
    4555                      .dwattr $C$DW$298, DW_AT_accessibility(DW_ACCESS_public)
    4556                      .dwattr $C$DW$298, DW_AT_decl_file("D:\15_Delta\14. ANPC Converter\ANPC_3Layer\Source\app\app_anpc_co
    4557                      .dwattr $C$DW$298, DW_AT_decl_line(0x75)
    4558                      .dwattr $C$DW$298, DW_AT_decl_column(0x0f)
    4559              
    4560              $C$DW$299       .dwtag  DW_TAG_member
    4561                      .dwattr $C$DW$299, DW_AT_type(*$C$DW$T$19)
    4562                      .dwattr $C$DW$299, DW_AT_name("Duty_A")
    4563                      .dwattr $C$DW$299, DW_AT_data_member_location[DW_OP_plus_uconst 0x74]
    4564                      .dwattr $C$DW$299, DW_AT_accessibility(DW_ACCESS_public)
    4565                      .dwattr $C$DW$299, DW_AT_decl_file("D:\15_Delta\14. ANPC Converter\ANPC_3Layer\Source\app\app_anpc_co
    4566                      .dwattr $C$DW$299, DW_AT_decl_line(0x77)
    4567                      .dwattr $C$DW$299, DW_AT_decl_column(0x0f)
    4568              
    4569              $C$DW$300       .dwtag  DW_TAG_member
    4570                      .dwattr $C$DW$300, DW_AT_type(*$C$DW$T$19)
    4571                      .dwattr $C$DW$300, DW_AT_name("Duty_B")
    4572                      .dwattr $C$DW$300, DW_AT_data_member_location[DW_OP_plus_uconst 0x76]
    4573                      .dwattr $C$DW$300, DW_AT_accessibility(DW_ACCESS_public)
    4574                      .dwattr $C$DW$300, DW_AT_decl_file("D:\15_Delta\14. ANPC Converter\ANPC_3Layer\Source\app\app_anpc_co
    4575                      .dwattr $C$DW$300, DW_AT_decl_line(0x78)
    4576                      .dwattr $C$DW$300, DW_AT_decl_column(0x0f)
    4577              
    4578              $C$DW$301       .dwtag  DW_TAG_member
    4579                      .dwattr $C$DW$301, DW_AT_type(*$C$DW$T$19)
    4580                      .dwattr $C$DW$301, DW_AT_name("Duty_C")
    4581                      .dwattr $C$DW$301, DW_AT_data_member_location[DW_OP_plus_uconst 0x78]
    4582                      .dwattr $C$DW$301, DW_AT_accessibility(DW_ACCESS_public)
    4583                      .dwattr $C$DW$301, DW_AT_decl_file("D:\15_Delta\14. ANPC Converter\ANPC_3Layer\Source\app\app_anpc_co
TMS320C2000 Assembler PC v22.6.0 Mon Apr 21 09:04:20 2025

Copyright (c) 1996-2018 Texas Instruments Incorporated
app_state.asm                                                        PAGE   89

    4584                      .dwattr $C$DW$301, DW_AT_decl_line(0x79)
    4585                      .dwattr $C$DW$301, DW_AT_decl_column(0x0f)
    4586              
    4587              $C$DW$302       .dwtag  DW_TAG_member
    4588                      .dwattr $C$DW$302, DW_AT_type(*$C$DW$T$19)
    4589                      .dwattr $C$DW$302, DW_AT_name("Duty_A_prev")
    4590                      .dwattr $C$DW$302, DW_AT_data_member_location[DW_OP_plus_uconst 0x7a]
    4591                      .dwattr $C$DW$302, DW_AT_accessibility(DW_ACCESS_public)
    4592                      .dwattr $C$DW$302, DW_AT_decl_file("D:\15_Delta\14. ANPC Converter\ANPC_3Layer\Source\app\app_anpc_co
    4593                      .dwattr $C$DW$302, DW_AT_decl_line(0x7b)
    4594                      .dwattr $C$DW$302, DW_AT_decl_column(0x0f)
    4595              
    4596              $C$DW$303       .dwtag  DW_TAG_member
    4597                      .dwattr $C$DW$303, DW_AT_type(*$C$DW$T$19)
    4598                      .dwattr $C$DW$303, DW_AT_name("Duty_B_prev")
    4599                      .dwattr $C$DW$303, DW_AT_data_member_location[DW_OP_plus_uconst 0x7c]
    4600                      .dwattr $C$DW$303, DW_AT_accessibility(DW_ACCESS_public)
    4601                      .dwattr $C$DW$303, DW_AT_decl_file("D:\15_Delta\14. ANPC Converter\ANPC_3Layer\Source\app\app_anpc_co
    4602                      .dwattr $C$DW$303, DW_AT_decl_line(0x7c)
    4603                      .dwattr $C$DW$303, DW_AT_decl_column(0x0f)
    4604              
    4605              $C$DW$304       .dwtag  DW_TAG_member
    4606                      .dwattr $C$DW$304, DW_AT_type(*$C$DW$T$19)
    4607                      .dwattr $C$DW$304, DW_AT_name("Duty_C_prev")
    4608                      .dwattr $C$DW$304, DW_AT_data_member_location[DW_OP_plus_uconst 0x7e]
    4609                      .dwattr $C$DW$304, DW_AT_accessibility(DW_ACCESS_public)
    4610                      .dwattr $C$DW$304, DW_AT_decl_file("D:\15_Delta\14. ANPC Converter\ANPC_3Layer\Source\app\app_anpc_co
    4611                      .dwattr $C$DW$304, DW_AT_decl_line(0x7d)
    4612                      .dwattr $C$DW$304, DW_AT_decl_column(0x0f)
    4613              
    4614              $C$DW$305       .dwtag  DW_TAG_member
    4615                      .dwattr $C$DW$305, DW_AT_type(*$C$DW$T$19)
    4616                      .dwattr $C$DW$305, DW_AT_name("Deadband")
    4617                      .dwattr $C$DW$305, DW_AT_data_member_location[DW_OP_plus_uconst 0x80]
    4618                      .dwattr $C$DW$305, DW_AT_accessibility(DW_ACCESS_public)
    4619                      .dwattr $C$DW$305, DW_AT_decl_file("D:\15_Delta\14. ANPC Converter\ANPC_3Layer\Source\app\app_anpc_co
    4620                      .dwattr $C$DW$305, DW_AT_decl_line(0x7f)
    4621                      .dwattr $C$DW$305, DW_AT_decl_column(0x0f)
    4622              
    4623                      .dwattr $C$DW$T$27, DW_AT_decl_file("D:\15_Delta\14. ANPC Converter\ANPC_3Layer\Source\app\app_anpc_c
    4624                      .dwattr $C$DW$T$27, DW_AT_decl_line(0x56)
    4625                      .dwattr $C$DW$T$27, DW_AT_decl_column(0x01)
    4626                      .dwendtag $C$DW$T$27
    4627              
    4628                      .dwendtag $C$DW$TU$27
    4629              
    4630              
    4631              $C$DW$TU$46     .dwtag  DW_TAG_type_unit
    4632                      .dwmtype  $C$DW$T$46
    4633              $C$DW$T$46      .dwtag  DW_TAG_typedef
    4634                      .dwattr $C$DW$T$46, DW_AT_name("VICtrl_Struct")
    4635                      .dwattr $C$DW$T$46, DW_AT_type(*$C$DW$T$27)
    4636                      .dwattr $C$DW$T$46, DW_AT_decl_file("D:\15_Delta\14. ANPC Converter\ANPC_3Layer\Source\app\app_anpc_c
    4637                      .dwattr $C$DW$T$46, DW_AT_decl_line(0x81)
    4638                      .dwattr $C$DW$T$46, DW_AT_decl_column(0x03)
TMS320C2000 Assembler PC v22.6.0 Mon Apr 21 09:04:20 2025

Copyright (c) 1996-2018 Texas Instruments Incorporated
app_state.asm                                                        PAGE   90

    4639              
    4640                      .dwendtag $C$DW$TU$46
    4641              
    4642              
    4643              $C$DW$TU$29     .dwtag  DW_TAG_type_unit
    4644                      .dwmtype  $C$DW$T$29
    4645              
    4646              $C$DW$T$29      .dwtag  DW_TAG_union_type
    4647                      .dwattr $C$DW$T$29, DW_AT_byte_size(0x01)
    4648              $C$DW$306       .dwtag  DW_TAG_member
    4649                      .dwattr $C$DW$306, DW_AT_type(*$C$DW$T$31)
    4650                      .dwattr $C$DW$306, DW_AT_name("bits")
    4651                      .dwattr $C$DW$306, DW_AT_accessibility(DW_ACCESS_public)
    4652                      .dwattr $C$DW$306, DW_AT_decl_file("D:\15_Delta\14. ANPC Converter\ANPC_3Layer\Source\app\app_state.h
    4653                      .dwattr $C$DW$306, DW_AT_decl_line(0x39)
    4654                      .dwattr $C$DW$306, DW_AT_decl_column(0x06)
    4655              
    4656              $C$DW$307       .dwtag  DW_TAG_member
    4657                      .dwattr $C$DW$307, DW_AT_type(*$C$DW$T$28)
    4658                      .dwattr $C$DW$307, DW_AT_name("Word")
    4659                      .dwattr $C$DW$307, DW_AT_accessibility(DW_ACCESS_public)
    4660                      .dwattr $C$DW$307, DW_AT_decl_file("D:\15_Delta\14. ANPC Converter\ANPC_3Layer\Source\app\app_state.h
    4661                      .dwattr $C$DW$307, DW_AT_decl_line(0x3b)
    4662                      .dwattr $C$DW$307, DW_AT_decl_column(0x0c)
    4663              
    4664                      .dwattr $C$DW$T$29, DW_AT_decl_file("D:\15_Delta\14. ANPC Converter\ANPC_3Layer\Source\app\app_state.
    4665                      .dwattr $C$DW$T$29, DW_AT_decl_line(0x26)
    4666                      .dwattr $C$DW$T$29, DW_AT_decl_column(0x01)
    4667                      .dwendtag $C$DW$T$29
    4668              
    4669                      .dwendtag $C$DW$TU$29
    4670              
    4671              
    4672              $C$DW$TU$47     .dwtag  DW_TAG_type_unit
    4673                      .dwmtype  $C$DW$T$47
    4674              $C$DW$T$47      .dwtag  DW_TAG_typedef
    4675                      .dwattr $C$DW$T$47, DW_AT_name("StateFlag_Struct")
    4676                      .dwattr $C$DW$T$47, DW_AT_type(*$C$DW$T$29)
    4677                      .dwattr $C$DW$T$47, DW_AT_decl_file("D:\15_Delta\14. ANPC Converter\ANPC_3Layer\Source\app\app_state.
    4678                      .dwattr $C$DW$T$47, DW_AT_decl_line(0x3d)
    4679                      .dwattr $C$DW$T$47, DW_AT_decl_column(0x03)
    4680              
    4681                      .dwendtag $C$DW$TU$47
    4682              
    4683              
    4684              $C$DW$TU$31     .dwtag  DW_TAG_type_unit
    4685                      .dwmtype  $C$DW$T$31
    4686              
    4687              $C$DW$T$31      .dwtag  DW_TAG_structure_type
    4688                      .dwattr $C$DW$T$31, DW_AT_name("StateFlag")
    4689                      .dwattr $C$DW$T$31, DW_AT_byte_size(0x01)
    4690              $C$DW$308       .dwtag  DW_TAG_member
    4691                      .dwattr $C$DW$308, DW_AT_type(*$C$DW$T$30)
    4692                      .dwattr $C$DW$308, DW_AT_name("system_init_finish")
    4693                      .dwattr $C$DW$308, DW_AT_bit_offset(0x0f)
TMS320C2000 Assembler PC v22.6.0 Mon Apr 21 09:04:20 2025

Copyright (c) 1996-2018 Texas Instruments Incorporated
app_state.asm                                                        PAGE   91

    4694                      .dwattr $C$DW$308, DW_AT_bit_size(0x01)
    4695                      .dwattr $C$DW$308, DW_AT_accessibility(DW_ACCESS_public)
    4696                      .dwattr $C$DW$308, DW_AT_decl_file("D:\15_Delta\14. ANPC Converter\ANPC_3Layer\Source\app\app_state.h
    4697                      .dwattr $C$DW$308, DW_AT_decl_line(0x29)
    4698                      .dwattr $C$DW$308, DW_AT_decl_column(0x0f)
    4699              
    4700              $C$DW$309       .dwtag  DW_TAG_member
    4701                      .dwattr $C$DW$309, DW_AT_type(*$C$DW$T$30)
    4702                      .dwattr $C$DW$309, DW_AT_name("wait_for_softstart")
    4703                      .dwattr $C$DW$309, DW_AT_bit_offset(0x0e)
    4704                      .dwattr $C$DW$309, DW_AT_bit_size(0x01)
    4705                      .dwattr $C$DW$309, DW_AT_accessibility(DW_ACCESS_public)
    4706                      .dwattr $C$DW$309, DW_AT_decl_file("D:\15_Delta\14. ANPC Converter\ANPC_3Layer\Source\app\app_state.h
    4707                      .dwattr $C$DW$309, DW_AT_decl_line(0x2a)
    4708                      .dwattr $C$DW$309, DW_AT_decl_column(0x0f)
    4709              
    4710              $C$DW$310       .dwtag  DW_TAG_member
    4711                      .dwattr $C$DW$310, DW_AT_type(*$C$DW$T$30)
    4712                      .dwattr $C$DW$310, DW_AT_name("soft_start_on")
    4713                      .dwattr $C$DW$310, DW_AT_bit_offset(0x0d)
    4714                      .dwattr $C$DW$310, DW_AT_bit_size(0x01)
    4715                      .dwattr $C$DW$310, DW_AT_accessibility(DW_ACCESS_public)
    4716                      .dwattr $C$DW$310, DW_AT_decl_file("D:\15_Delta\14. ANPC Converter\ANPC_3Layer\Source\app\app_state.h
    4717                      .dwattr $C$DW$310, DW_AT_decl_line(0x2b)
    4718                      .dwattr $C$DW$310, DW_AT_decl_column(0x0f)
    4719              
    4720              $C$DW$311       .dwtag  DW_TAG_member
    4721                      .dwattr $C$DW$311, DW_AT_type(*$C$DW$T$30)
    4722                      .dwattr $C$DW$311, DW_AT_name("pwm_kickoff")
    4723                      .dwattr $C$DW$311, DW_AT_bit_offset(0x0c)
    4724                      .dwattr $C$DW$311, DW_AT_bit_size(0x01)
    4725                      .dwattr $C$DW$311, DW_AT_accessibility(DW_ACCESS_public)
    4726                      .dwattr $C$DW$311, DW_AT_decl_file("D:\15_Delta\14. ANPC Converter\ANPC_3Layer\Source\app\app_state.h
    4727                      .dwattr $C$DW$311, DW_AT_decl_line(0x2c)
    4728                      .dwattr $C$DW$311, DW_AT_decl_column(0x0f)
    4729              
    4730              $C$DW$312       .dwtag  DW_TAG_member
    4731                      .dwattr $C$DW$312, DW_AT_type(*$C$DW$T$30)
    4732                      .dwattr $C$DW$312, DW_AT_name("control_en")
    4733                      .dwattr $C$DW$312, DW_AT_bit_offset(0x0b)
    4734                      .dwattr $C$DW$312, DW_AT_bit_size(0x01)
    4735                      .dwattr $C$DW$312, DW_AT_accessibility(DW_ACCESS_public)
    4736                      .dwattr $C$DW$312, DW_AT_decl_file("D:\15_Delta\14. ANPC Converter\ANPC_3Layer\Source\app\app_state.h
    4737                      .dwattr $C$DW$312, DW_AT_decl_line(0x2d)
    4738                      .dwattr $C$DW$312, DW_AT_decl_column(0x0f)
    4739              
    4740              $C$DW$313       .dwtag  DW_TAG_member
    4741                      .dwattr $C$DW$313, DW_AT_type(*$C$DW$T$30)
    4742                      .dwattr $C$DW$313, DW_AT_name("Reserved4")
    4743                      .dwattr $C$DW$313, DW_AT_bit_offset(0x0a)
    4744                      .dwattr $C$DW$313, DW_AT_bit_size(0x01)
    4745                      .dwattr $C$DW$313, DW_AT_accessibility(DW_ACCESS_public)
    4746                      .dwattr $C$DW$313, DW_AT_decl_file("D:\15_Delta\14. ANPC Converter\ANPC_3Layer\Source\app\app_state.h
    4747                      .dwattr $C$DW$313, DW_AT_decl_line(0x2e)
    4748                      .dwattr $C$DW$313, DW_AT_decl_column(0x0f)
TMS320C2000 Assembler PC v22.6.0 Mon Apr 21 09:04:20 2025

Copyright (c) 1996-2018 Texas Instruments Incorporated
app_state.asm                                                        PAGE   92

    4749              
    4750              $C$DW$314       .dwtag  DW_TAG_member
    4751                      .dwattr $C$DW$314, DW_AT_type(*$C$DW$T$30)
    4752                      .dwattr $C$DW$314, DW_AT_name("Reserved5")
    4753                      .dwattr $C$DW$314, DW_AT_bit_offset(0x09)
    4754                      .dwattr $C$DW$314, DW_AT_bit_size(0x01)
    4755                      .dwattr $C$DW$314, DW_AT_accessibility(DW_ACCESS_public)
    4756                      .dwattr $C$DW$314, DW_AT_decl_file("D:\15_Delta\14. ANPC Converter\ANPC_3Layer\Source\app\app_state.h
    4757                      .dwattr $C$DW$314, DW_AT_decl_line(0x2f)
    4758                      .dwattr $C$DW$314, DW_AT_decl_column(0x0f)
    4759              
    4760              $C$DW$315       .dwtag  DW_TAG_member
    4761                      .dwattr $C$DW$315, DW_AT_type(*$C$DW$T$30)
    4762                      .dwattr $C$DW$315, DW_AT_name("Reserved6")
    4763                      .dwattr $C$DW$315, DW_AT_bit_offset(0x08)
    4764                      .dwattr $C$DW$315, DW_AT_bit_size(0x01)
    4765                      .dwattr $C$DW$315, DW_AT_accessibility(DW_ACCESS_public)
    4766                      .dwattr $C$DW$315, DW_AT_decl_file("D:\15_Delta\14. ANPC Converter\ANPC_3Layer\Source\app\app_state.h
    4767                      .dwattr $C$DW$315, DW_AT_decl_line(0x30)
    4768                      .dwattr $C$DW$315, DW_AT_decl_column(0x0f)
    4769              
    4770              $C$DW$316       .dwtag  DW_TAG_member
    4771                      .dwattr $C$DW$316, DW_AT_type(*$C$DW$T$30)
    4772                      .dwattr $C$DW$316, DW_AT_name("Reserved7")
    4773                      .dwattr $C$DW$316, DW_AT_bit_offset(0x07)
    4774                      .dwattr $C$DW$316, DW_AT_bit_size(0x01)
    4775                      .dwattr $C$DW$316, DW_AT_accessibility(DW_ACCESS_public)
    4776                      .dwattr $C$DW$316, DW_AT_decl_file("D:\15_Delta\14. ANPC Converter\ANPC_3Layer\Source\app\app_state.h
    4777                      .dwattr $C$DW$316, DW_AT_decl_line(0x31)
    4778                      .dwattr $C$DW$316, DW_AT_decl_column(0x0f)
    4779              
    4780              $C$DW$317       .dwtag  DW_TAG_member
    4781                      .dwattr $C$DW$317, DW_AT_type(*$C$DW$T$30)
    4782                      .dwattr $C$DW$317, DW_AT_name("Reserved8")
    4783                      .dwattr $C$DW$317, DW_AT_bit_offset(0x06)
    4784                      .dwattr $C$DW$317, DW_AT_bit_size(0x01)
    4785                      .dwattr $C$DW$317, DW_AT_accessibility(DW_ACCESS_public)
    4786                      .dwattr $C$DW$317, DW_AT_decl_file("D:\15_Delta\14. ANPC Converter\ANPC_3Layer\Source\app\app_state.h
    4787                      .dwattr $C$DW$317, DW_AT_decl_line(0x32)
    4788                      .dwattr $C$DW$317, DW_AT_decl_column(0x0f)
    4789              
    4790              $C$DW$318       .dwtag  DW_TAG_member
    4791                      .dwattr $C$DW$318, DW_AT_type(*$C$DW$T$30)
    4792                      .dwattr $C$DW$318, DW_AT_name("Reserved9")
    4793                      .dwattr $C$DW$318, DW_AT_bit_offset(0x05)
    4794                      .dwattr $C$DW$318, DW_AT_bit_size(0x01)
    4795                      .dwattr $C$DW$318, DW_AT_accessibility(DW_ACCESS_public)
    4796                      .dwattr $C$DW$318, DW_AT_decl_file("D:\15_Delta\14. ANPC Converter\ANPC_3Layer\Source\app\app_state.h
    4797                      .dwattr $C$DW$318, DW_AT_decl_line(0x33)
    4798                      .dwattr $C$DW$318, DW_AT_decl_column(0x0f)
    4799              
    4800              $C$DW$319       .dwtag  DW_TAG_member
    4801                      .dwattr $C$DW$319, DW_AT_type(*$C$DW$T$30)
    4802                      .dwattr $C$DW$319, DW_AT_name("Reserved10")
    4803                      .dwattr $C$DW$319, DW_AT_bit_offset(0x04)
TMS320C2000 Assembler PC v22.6.0 Mon Apr 21 09:04:20 2025

Copyright (c) 1996-2018 Texas Instruments Incorporated
app_state.asm                                                        PAGE   93

    4804                      .dwattr $C$DW$319, DW_AT_bit_size(0x01)
    4805                      .dwattr $C$DW$319, DW_AT_accessibility(DW_ACCESS_public)
    4806                      .dwattr $C$DW$319, DW_AT_decl_file("D:\15_Delta\14. ANPC Converter\ANPC_3Layer\Source\app\app_state.h
    4807                      .dwattr $C$DW$319, DW_AT_decl_line(0x34)
    4808                      .dwattr $C$DW$319, DW_AT_decl_column(0x0f)
    4809              
    4810              $C$DW$320       .dwtag  DW_TAG_member
    4811                      .dwattr $C$DW$320, DW_AT_type(*$C$DW$T$30)
    4812                      .dwattr $C$DW$320, DW_AT_name("Reserved11")
    4813                      .dwattr $C$DW$320, DW_AT_bit_offset(0x03)
    4814                      .dwattr $C$DW$320, DW_AT_bit_size(0x01)
    4815                      .dwattr $C$DW$320, DW_AT_accessibility(DW_ACCESS_public)
    4816                      .dwattr $C$DW$320, DW_AT_decl_file("D:\15_Delta\14. ANPC Converter\ANPC_3Layer\Source\app\app_state.h
    4817                      .dwattr $C$DW$320, DW_AT_decl_line(0x35)
    4818                      .dwattr $C$DW$320, DW_AT_decl_column(0x0f)
    4819              
    4820              $C$DW$321       .dwtag  DW_TAG_member
    4821                      .dwattr $C$DW$321, DW_AT_type(*$C$DW$T$30)
    4822                      .dwattr $C$DW$321, DW_AT_name("Reserved12")
    4823                      .dwattr $C$DW$321, DW_AT_bit_offset(0x02)
    4824                      .dwattr $C$DW$321, DW_AT_bit_size(0x01)
    4825                      .dwattr $C$DW$321, DW_AT_accessibility(DW_ACCESS_public)
    4826                      .dwattr $C$DW$321, DW_AT_decl_file("D:\15_Delta\14. ANPC Converter\ANPC_3Layer\Source\app\app_state.h
    4827                      .dwattr $C$DW$321, DW_AT_decl_line(0x36)
    4828                      .dwattr $C$DW$321, DW_AT_decl_column(0x0f)
    4829              
    4830              $C$DW$322       .dwtag  DW_TAG_member
    4831                      .dwattr $C$DW$322, DW_AT_type(*$C$DW$T$30)
    4832                      .dwattr $C$DW$322, DW_AT_name("Reserved13")
    4833                      .dwattr $C$DW$322, DW_AT_bit_offset(0x01)
    4834                      .dwattr $C$DW$322, DW_AT_bit_size(0x01)
    4835                      .dwattr $C$DW$322, DW_AT_accessibility(DW_ACCESS_public)
    4836                      .dwattr $C$DW$322, DW_AT_decl_file("D:\15_Delta\14. ANPC Converter\ANPC_3Layer\Source\app\app_state.h
    4837                      .dwattr $C$DW$322, DW_AT_decl_line(0x37)
    4838                      .dwattr $C$DW$322, DW_AT_decl_column(0x0f)
    4839              
    4840              $C$DW$323       .dwtag  DW_TAG_member
    4841                      .dwattr $C$DW$323, DW_AT_type(*$C$DW$T$30)
    4842                      .dwattr $C$DW$323, DW_AT_name("Reserved14")
    4843                      .dwattr $C$DW$323, DW_AT_bit_offset(0x00)
    4844                      .dwattr $C$DW$323, DW_AT_bit_size(0x01)
    4845                      .dwattr $C$DW$323, DW_AT_accessibility(DW_ACCESS_public)
    4846                      .dwattr $C$DW$323, DW_AT_decl_file("D:\15_Delta\14. ANPC Converter\ANPC_3Layer\Source\app\app_state.h
    4847                      .dwattr $C$DW$323, DW_AT_decl_line(0x38)
    4848                      .dwattr $C$DW$323, DW_AT_decl_column(0x0f)
    4849              
    4850                      .dwattr $C$DW$T$31, DW_AT_decl_file("D:\15_Delta\14. ANPC Converter\ANPC_3Layer\Source\app\app_state.
    4851                      .dwattr $C$DW$T$31, DW_AT_decl_line(0x27)
    4852                      .dwattr $C$DW$T$31, DW_AT_decl_column(0x0c)
    4853                      .dwendtag $C$DW$T$31
    4854              
    4855                      .dwendtag $C$DW$TU$31
    4856              
    4857              
    4858              $C$DW$TU$2      .dwtag  DW_TAG_type_unit
TMS320C2000 Assembler PC v22.6.0 Mon Apr 21 09:04:20 2025

Copyright (c) 1996-2018 Texas Instruments Incorporated
app_state.asm                                                        PAGE   94

    4859                      .dwmtype  $C$DW$T$2
    4860              $C$DW$T$2       .dwtag  DW_TAG_unspecified_type
    4861                      .dwattr $C$DW$T$2, DW_AT_name("void")
    4862              
    4863                      .dwendtag $C$DW$TU$2
    4864              
    4865              
    4866              $C$DW$TU$56     .dwtag  DW_TAG_type_unit
    4867                      .dwmtype  $C$DW$T$56
    4868              
    4869              $C$DW$T$56      .dwtag  DW_TAG_subroutine_type
    4870              $C$DW$324       .dwtag  DW_TAG_formal_parameter
    4871                      .dwattr $C$DW$324, DW_AT_type(*$C$DW$T$34)
    4872              
    4873                      .dwendtag $C$DW$T$56
    4874              
    4875                      .dwendtag $C$DW$TU$56
    4876              
    4877              
    4878              $C$DW$TU$57     .dwtag  DW_TAG_type_unit
    4879                      .dwmtype  $C$DW$T$57
    4880              $C$DW$T$57      .dwtag  DW_TAG_pointer_type
    4881                      .dwattr $C$DW$T$57, DW_AT_type(*$C$DW$T$56)
    4882                      .dwattr $C$DW$T$57, DW_AT_address_class(0x20)
    4883              
    4884                      .dwendtag $C$DW$TU$57
    4885              
    4886              
    4887              $C$DW$TU$58     .dwtag  DW_TAG_type_unit
    4888                      .dwmtype  $C$DW$T$58
    4889              $C$DW$325       .dwtag  DW_TAG_TI_far_type
    4890                      .dwattr $C$DW$325, DW_AT_type(*$C$DW$T$57)
    4891              
    4892              $C$DW$T$58      .dwtag  DW_TAG_const_type
    4893                      .dwattr $C$DW$T$58, DW_AT_type(*$C$DW$325)
    4894              
    4895                      .dwendtag $C$DW$TU$58
    4896              
    4897              
    4898              $C$DW$TU$59     .dwtag  DW_TAG_type_unit
    4899                      .dwmtype  $C$DW$T$59
    4900              $C$DW$T$59      .dwtag  DW_TAG_typedef
    4901                      .dwattr $C$DW$T$59, DW_AT_name("event_handler_t")
    4902                      .dwattr $C$DW$T$59, DW_AT_type(*$C$DW$T$57)
    4903                      .dwattr $C$DW$T$59, DW_AT_decl_file("D:\15_Delta\14. ANPC Converter\ANPC_3Layer\Source\app\app_event.
    4904                      .dwattr $C$DW$T$59, DW_AT_decl_line(0x3d)
    4905                      .dwattr $C$DW$T$59, DW_AT_decl_column(0x10)
    4906              
    4907                      .dwendtag $C$DW$TU$59
    4908              
    4909              
    4910              $C$DW$TU$60     .dwtag  DW_TAG_type_unit
    4911                      .dwmtype  $C$DW$T$60
    4912              $C$DW$326       .dwtag  DW_TAG_TI_far_type
    4913                      .dwattr $C$DW$326, DW_AT_type(*$C$DW$T$59)
TMS320C2000 Assembler PC v22.6.0 Mon Apr 21 09:04:20 2025

Copyright (c) 1996-2018 Texas Instruments Incorporated
app_state.asm                                                        PAGE   95

    4914              
    4915              $C$DW$T$60      .dwtag  DW_TAG_const_type
    4916                      .dwattr $C$DW$T$60, DW_AT_type(*$C$DW$326)
    4917              
    4918                      .dwendtag $C$DW$TU$60
    4919              
    4920              
    4921              $C$DW$TU$4      .dwtag  DW_TAG_type_unit
    4922                      .dwmtype  $C$DW$T$4
    4923              $C$DW$T$4       .dwtag  DW_TAG_base_type
    4924                      .dwattr $C$DW$T$4, DW_AT_encoding(DW_ATE_boolean)
    4925                      .dwattr $C$DW$T$4, DW_AT_name("bool")
    4926                      .dwattr $C$DW$T$4, DW_AT_byte_size(0x01)
    4927              
    4928                      .dwendtag $C$DW$TU$4
    4929              
    4930              
    4931              $C$DW$TU$5      .dwtag  DW_TAG_type_unit
    4932                      .dwmtype  $C$DW$T$5
    4933              $C$DW$T$5       .dwtag  DW_TAG_base_type
    4934                      .dwattr $C$DW$T$5, DW_AT_encoding(DW_ATE_signed_char)
    4935                      .dwattr $C$DW$T$5, DW_AT_name("signed char")
    4936                      .dwattr $C$DW$T$5, DW_AT_byte_size(0x01)
    4937              
    4938                      .dwendtag $C$DW$TU$5
    4939              
    4940              
    4941              $C$DW$TU$6      .dwtag  DW_TAG_type_unit
    4942                      .dwmtype  $C$DW$T$6
    4943              $C$DW$T$6       .dwtag  DW_TAG_base_type
    4944                      .dwattr $C$DW$T$6, DW_AT_encoding(DW_ATE_unsigned_char)
    4945                      .dwattr $C$DW$T$6, DW_AT_name("unsigned char")
    4946                      .dwattr $C$DW$T$6, DW_AT_byte_size(0x01)
    4947              
    4948                      .dwendtag $C$DW$TU$6
    4949              
    4950              
    4951              $C$DW$TU$7      .dwtag  DW_TAG_type_unit
    4952                      .dwmtype  $C$DW$T$7
    4953              $C$DW$T$7       .dwtag  DW_TAG_base_type
    4954                      .dwattr $C$DW$T$7, DW_AT_encoding(DW_ATE_signed_char)
    4955                      .dwattr $C$DW$T$7, DW_AT_name("wchar_t")
    4956                      .dwattr $C$DW$T$7, DW_AT_byte_size(0x02)
    4957              
    4958                      .dwendtag $C$DW$TU$7
    4959              
    4960              
    4961              $C$DW$TU$8      .dwtag  DW_TAG_type_unit
    4962                      .dwmtype  $C$DW$T$8
    4963              $C$DW$T$8       .dwtag  DW_TAG_base_type
    4964                      .dwattr $C$DW$T$8, DW_AT_encoding(DW_ATE_signed)
    4965                      .dwattr $C$DW$T$8, DW_AT_name("short")
    4966                      .dwattr $C$DW$T$8, DW_AT_byte_size(0x01)
    4967              
    4968                      .dwendtag $C$DW$TU$8
TMS320C2000 Assembler PC v22.6.0 Mon Apr 21 09:04:20 2025

Copyright (c) 1996-2018 Texas Instruments Incorporated
app_state.asm                                                        PAGE   96

    4969              
    4970              
    4971              $C$DW$TU$9      .dwtag  DW_TAG_type_unit
    4972                      .dwmtype  $C$DW$T$9
    4973              $C$DW$T$9       .dwtag  DW_TAG_base_type
    4974                      .dwattr $C$DW$T$9, DW_AT_encoding(DW_ATE_unsigned)
    4975                      .dwattr $C$DW$T$9, DW_AT_name("unsigned short")
    4976                      .dwattr $C$DW$T$9, DW_AT_byte_size(0x01)
    4977              
    4978                      .dwendtag $C$DW$TU$9
    4979              
    4980              
    4981              $C$DW$TU$10     .dwtag  DW_TAG_type_unit
    4982                      .dwmtype  $C$DW$T$10
    4983              $C$DW$T$10      .dwtag  DW_TAG_base_type
    4984                      .dwattr $C$DW$T$10, DW_AT_encoding(DW_ATE_signed)
    4985                      .dwattr $C$DW$T$10, DW_AT_name("int")
    4986                      .dwattr $C$DW$T$10, DW_AT_byte_size(0x01)
    4987              
    4988                      .dwendtag $C$DW$TU$10
    4989              
    4990              
    4991              $C$DW$TU$11     .dwtag  DW_TAG_type_unit
    4992                      .dwmtype  $C$DW$T$11
    4993              $C$DW$T$11      .dwtag  DW_TAG_base_type
    4994                      .dwattr $C$DW$T$11, DW_AT_encoding(DW_ATE_unsigned)
    4995                      .dwattr $C$DW$T$11, DW_AT_name("unsigned int")
    4996                      .dwattr $C$DW$T$11, DW_AT_byte_size(0x01)
    4997              
    4998                      .dwendtag $C$DW$TU$11
    4999              
    5000              
    5001              $C$DW$TU$52     .dwtag  DW_TAG_type_unit
    5002                      .dwmtype  $C$DW$T$52
    5003              $C$DW$T$52      .dwtag  DW_TAG_typedef
    5004                      .dwattr $C$DW$T$52, DW_AT_name("__uint16_t")
    5005                      .dwattr $C$DW$T$52, DW_AT_type(*$C$DW$T$11)
    5006                      .dwattr $C$DW$T$52, DW_AT_decl_file("C:/ti/ccs1210/ccs/tools/compiler/ti-cgt-c2000_22.6.0.LTS/include
    5007                      .dwattr $C$DW$T$52, DW_AT_decl_line(0x41)
    5008                      .dwattr $C$DW$T$52, DW_AT_decl_column(0x1c)
    5009              
    5010                      .dwendtag $C$DW$TU$52
    5011              
    5012              
    5013              $C$DW$TU$53     .dwtag  DW_TAG_type_unit
    5014                      .dwmtype  $C$DW$T$53
    5015              $C$DW$T$53      .dwtag  DW_TAG_typedef
    5016                      .dwattr $C$DW$T$53, DW_AT_name("uint16_t")
    5017                      .dwattr $C$DW$T$53, DW_AT_type(*$C$DW$T$52)
    5018                      .dwattr $C$DW$T$53, DW_AT_decl_file("C:/ti/ccs1210/ccs/tools/compiler/ti-cgt-c2000_22.6.0.LTS/include
    5019                      .dwattr $C$DW$T$53, DW_AT_decl_line(0x41)
    5020                      .dwattr $C$DW$T$53, DW_AT_decl_column(0x15)
    5021              
    5022                      .dwendtag $C$DW$TU$53
    5023              
TMS320C2000 Assembler PC v22.6.0 Mon Apr 21 09:04:20 2025

Copyright (c) 1996-2018 Texas Instruments Incorporated
app_state.asm                                                        PAGE   97

    5024              
    5025              $C$DW$TU$30     .dwtag  DW_TAG_type_unit
    5026                      .dwmtype  $C$DW$T$30
    5027              $C$DW$T$30      .dwtag  DW_TAG_typedef
    5028                      .dwattr $C$DW$T$30, DW_AT_name("bit_t")
    5029                      .dwattr $C$DW$T$30, DW_AT_type(*$C$DW$T$11)
    5030                      .dwattr $C$DW$T$30, DW_AT_decl_file("D:\15_Delta\14. ANPC Converter\ANPC_3Layer\Source\app\app_math_c
    5031                      .dwattr $C$DW$T$30, DW_AT_decl_line(0x23)
    5032                      .dwattr $C$DW$T$30, DW_AT_decl_column(0x19)
    5033              
    5034                      .dwendtag $C$DW$TU$30
    5035              
    5036              
    5037              $C$DW$TU$28     .dwtag  DW_TAG_type_unit
    5038                      .dwmtype  $C$DW$T$28
    5039              $C$DW$T$28      .dwtag  DW_TAG_typedef
    5040                      .dwattr $C$DW$T$28, DW_AT_name("word_t")
    5041                      .dwattr $C$DW$T$28, DW_AT_type(*$C$DW$T$11)
    5042                      .dwattr $C$DW$T$28, DW_AT_decl_file("D:\15_Delta\14. ANPC Converter\ANPC_3Layer\Source\app\app_math_c
    5043                      .dwattr $C$DW$T$28, DW_AT_decl_line(0x25)
    5044                      .dwattr $C$DW$T$28, DW_AT_decl_column(0x19)
    5045              
    5046                      .dwendtag $C$DW$TU$28
    5047              
    5048              
    5049              $C$DW$TU$12     .dwtag  DW_TAG_type_unit
    5050                      .dwmtype  $C$DW$T$12
    5051              $C$DW$T$12      .dwtag  DW_TAG_base_type
    5052                      .dwattr $C$DW$T$12, DW_AT_encoding(DW_ATE_signed)
    5053                      .dwattr $C$DW$T$12, DW_AT_name("long")
    5054                      .dwattr $C$DW$T$12, DW_AT_byte_size(0x02)
    5055              
    5056                      .dwendtag $C$DW$TU$12
    5057              
    5058              
    5059              $C$DW$TU$13     .dwtag  DW_TAG_type_unit
    5060                      .dwmtype  $C$DW$T$13
    5061              $C$DW$T$13      .dwtag  DW_TAG_base_type
    5062                      .dwattr $C$DW$T$13, DW_AT_encoding(DW_ATE_unsigned)
    5063                      .dwattr $C$DW$T$13, DW_AT_name("unsigned long")
    5064                      .dwattr $C$DW$T$13, DW_AT_byte_size(0x02)
    5065              
    5066                      .dwendtag $C$DW$TU$13
    5067              
    5068              
    5069              $C$DW$TU$50     .dwtag  DW_TAG_type_unit
    5070                      .dwmtype  $C$DW$T$50
    5071              $C$DW$T$50      .dwtag  DW_TAG_typedef
    5072                      .dwattr $C$DW$T$50, DW_AT_name("__uint32_t")
    5073                      .dwattr $C$DW$T$50, DW_AT_type(*$C$DW$T$13)
    5074                      .dwattr $C$DW$T$50, DW_AT_decl_file("C:/ti/ccs1210/ccs/tools/compiler/ti-cgt-c2000_22.6.0.LTS/include
    5075                      .dwattr $C$DW$T$50, DW_AT_decl_line(0x43)
    5076                      .dwattr $C$DW$T$50, DW_AT_decl_column(0x1c)
    5077              
    5078                      .dwendtag $C$DW$TU$50
TMS320C2000 Assembler PC v22.6.0 Mon Apr 21 09:04:20 2025

Copyright (c) 1996-2018 Texas Instruments Incorporated
app_state.asm                                                        PAGE   98

    5079              
    5080              
    5081              $C$DW$TU$51     .dwtag  DW_TAG_type_unit
    5082                      .dwmtype  $C$DW$T$51
    5083              $C$DW$T$51      .dwtag  DW_TAG_typedef
    5084                      .dwattr $C$DW$T$51, DW_AT_name("uint32_t")
    5085                      .dwattr $C$DW$T$51, DW_AT_type(*$C$DW$T$50)
    5086                      .dwattr $C$DW$T$51, DW_AT_decl_file("C:/ti/ccs1210/ccs/tools/compiler/ti-cgt-c2000_22.6.0.LTS/include
    5087                      .dwattr $C$DW$T$51, DW_AT_decl_line(0x46)
    5088                      .dwattr $C$DW$T$51, DW_AT_decl_column(0x15)
    5089              
    5090                      .dwendtag $C$DW$TU$51
    5091              
    5092              
    5093              $C$DW$TU$14     .dwtag  DW_TAG_type_unit
    5094                      .dwmtype  $C$DW$T$14
    5095              $C$DW$T$14      .dwtag  DW_TAG_base_type
    5096                      .dwattr $C$DW$T$14, DW_AT_encoding(DW_ATE_signed)
    5097                      .dwattr $C$DW$T$14, DW_AT_name("long long")
    5098                      .dwattr $C$DW$T$14, DW_AT_byte_size(0x04)
    5099              
    5100                      .dwendtag $C$DW$TU$14
    5101              
    5102              
    5103              $C$DW$TU$15     .dwtag  DW_TAG_type_unit
    5104                      .dwmtype  $C$DW$T$15
    5105              $C$DW$T$15      .dwtag  DW_TAG_base_type
    5106                      .dwattr $C$DW$T$15, DW_AT_encoding(DW_ATE_unsigned)
    5107                      .dwattr $C$DW$T$15, DW_AT_name("unsigned long long")
    5108                      .dwattr $C$DW$T$15, DW_AT_byte_size(0x04)
    5109              
    5110                      .dwendtag $C$DW$TU$15
    5111              
    5112              
    5113              $C$DW$TU$16     .dwtag  DW_TAG_type_unit
    5114                      .dwmtype  $C$DW$T$16
    5115              $C$DW$T$16      .dwtag  DW_TAG_base_type
    5116                      .dwattr $C$DW$T$16, DW_AT_encoding(DW_ATE_float)
    5117                      .dwattr $C$DW$T$16, DW_AT_name("float")
    5118                      .dwattr $C$DW$T$16, DW_AT_byte_size(0x02)
    5119              
    5120                      .dwendtag $C$DW$TU$16
    5121              
    5122              
    5123              $C$DW$TU$79     .dwtag  DW_TAG_type_unit
    5124                      .dwmtype  $C$DW$T$79
    5125              $C$DW$327       .dwtag  DW_TAG_TI_far_type
    5126                      .dwattr $C$DW$327, DW_AT_type(*$C$DW$T$16)
    5127              
    5128              $C$DW$T$79      .dwtag  DW_TAG_const_type
    5129                      .dwattr $C$DW$T$79, DW_AT_type(*$C$DW$327)
    5130              
    5131                      .dwendtag $C$DW$TU$79
    5132              
    5133              
TMS320C2000 Assembler PC v22.6.0 Mon Apr 21 09:04:20 2025

Copyright (c) 1996-2018 Texas Instruments Incorporated
app_state.asm                                                        PAGE   99

    5134              $C$DW$TU$19     .dwtag  DW_TAG_type_unit
    5135                      .dwmtype  $C$DW$T$19
    5136              $C$DW$T$19      .dwtag  DW_TAG_typedef
    5137                      .dwattr $C$DW$T$19, DW_AT_name("float32_t")
    5138                      .dwattr $C$DW$T$19, DW_AT_type(*$C$DW$T$16)
    5139                      .dwattr $C$DW$T$19, DW_AT_decl_file("D:\15_Delta\14. ANPC Converter\ANPC_3Layer\TMS320F280049C\device
    5140                      .dwattr $C$DW$T$19, DW_AT_decl_line(0x64)
    5141                      .dwattr $C$DW$T$19, DW_AT_decl_column(0x17)
    5142              
    5143                      .dwendtag $C$DW$TU$19
    5144              
    5145              
    5146              $C$DW$TU$22     .dwtag  DW_TAG_type_unit
    5147                      .dwmtype  $C$DW$T$22
    5148              
    5149              $C$DW$T$22      .dwtag  DW_TAG_array_type
    5150                      .dwattr $C$DW$T$22, DW_AT_type(*$C$DW$T$19)
    5151                      .dwattr $C$DW$T$22, DW_AT_byte_size(0x1a)
    5152              $C$DW$328       .dwtag  DW_TAG_subrange_type
    5153                      .dwattr $C$DW$328, DW_AT_upper_bound(0x0c)
    5154              
    5155                      .dwendtag $C$DW$T$22
    5156              
    5157                      .dwendtag $C$DW$TU$22
    5158              
    5159              
    5160              $C$DW$TU$17     .dwtag  DW_TAG_type_unit
    5161                      .dwmtype  $C$DW$T$17
    5162              $C$DW$T$17      .dwtag  DW_TAG_base_type
    5163                      .dwattr $C$DW$T$17, DW_AT_encoding(DW_ATE_float)
    5164                      .dwattr $C$DW$T$17, DW_AT_name("double")
    5165                      .dwattr $C$DW$T$17, DW_AT_byte_size(0x04)
    5166              
    5167                      .dwendtag $C$DW$TU$17
    5168              
    5169              
    5170              $C$DW$TU$80     .dwtag  DW_TAG_type_unit
    5171                      .dwmtype  $C$DW$T$80
    5172              $C$DW$T$80      .dwtag  DW_TAG_pointer_type
    5173                      .dwattr $C$DW$T$80, DW_AT_type(*$C$DW$T$17)
    5174                      .dwattr $C$DW$T$80, DW_AT_address_class(0x20)
    5175              
    5176                      .dwendtag $C$DW$TU$80
    5177              
    5178              
    5179              $C$DW$TU$81     .dwtag  DW_TAG_type_unit
    5180                      .dwmtype  $C$DW$T$81
    5181              $C$DW$329       .dwtag  DW_TAG_TI_far_type
    5182                      .dwattr $C$DW$329, DW_AT_type(*$C$DW$T$80)
    5183              
    5184              $C$DW$T$81      .dwtag  DW_TAG_const_type
    5185                      .dwattr $C$DW$T$81, DW_AT_type(*$C$DW$329)
    5186              
    5187                      .dwendtag $C$DW$TU$81
    5188              
TMS320C2000 Assembler PC v22.6.0 Mon Apr 21 09:04:20 2025

Copyright (c) 1996-2018 Texas Instruments Incorporated
app_state.asm                                                        PAGE  100

    5189              
    5190              $C$DW$TU$18     .dwtag  DW_TAG_type_unit
    5191                      .dwmtype  $C$DW$T$18
    5192              $C$DW$T$18      .dwtag  DW_TAG_base_type
    5193                      .dwattr $C$DW$T$18, DW_AT_encoding(DW_ATE_float)
    5194                      .dwattr $C$DW$T$18, DW_AT_name("long double")
    5195                      .dwattr $C$DW$T$18, DW_AT_byte_size(0x04)
    5196              
    5197                      .dwendtag $C$DW$TU$18
    5198              
    5199              
    5200              $C$DW$TU$82     .dwtag  DW_TAG_type_unit
    5201                      .dwmtype  $C$DW$T$82
    5202              $C$DW$T$82      .dwtag  DW_TAG_pointer_type
    5203                      .dwattr $C$DW$T$82, DW_AT_type(*$C$DW$T$18)
    5204                      .dwattr $C$DW$T$82, DW_AT_address_class(0x20)
    5205              
    5206                      .dwendtag $C$DW$TU$82
    5207              
    5208              
    5209              $C$DW$TU$83     .dwtag  DW_TAG_type_unit
    5210                      .dwmtype  $C$DW$T$83
    5211              $C$DW$330       .dwtag  DW_TAG_TI_far_type
    5212                      .dwattr $C$DW$330, DW_AT_type(*$C$DW$T$82)
    5213              
    5214              $C$DW$T$83      .dwtag  DW_TAG_const_type
    5215                      .dwattr $C$DW$T$83, DW_AT_type(*$C$DW$330)
    5216              
    5217                      .dwendtag $C$DW$TU$83
    5218              
    5219              
    5220              $C$DW$TU$84     .dwtag  DW_TAG_type_unit
    5221                      .dwmtype  $C$DW$T$84
    5222              $C$DW$T$84      .dwtag  DW_TAG_base_type
    5223                      .dwattr $C$DW$T$84, DW_AT_encoding(DW_ATE_unsigned_char)
    5224                      .dwattr $C$DW$T$84, DW_AT_name("unsigned char")
    5225                      .dwattr $C$DW$T$84, DW_AT_byte_size(0x01)
    5226              
    5227                      .dwendtag $C$DW$TU$84
    5228              
    5229              
    5230              $C$DW$TU$32     .dwtag  DW_TAG_type_unit
    5231                      .dwmtype  $C$DW$T$32
    5232              
    5233              $C$DW$T$32      .dwtag  DW_TAG_structure_type
    5234                      .dwattr $C$DW$T$32, DW_AT_name("dcl_pi")
    5235                      .dwattr $C$DW$T$32, DW_AT_byte_size(0x12)
    5236              $C$DW$331       .dwtag  DW_TAG_member
    5237                      .dwattr $C$DW$331, DW_AT_type(*$C$DW$T$19)
    5238                      .dwattr $C$DW$331, DW_AT_name("Kp")
    5239                      .dwattr $C$DW$331, DW_AT_accessibility(DW_ACCESS_public)
    5240                      .dwattr $C$DW$331, DW_AT_decl_file("D:/15_Delta/14. ANPC Converter/ANPC_3Layer/Source/app/math_ctrl_l
    5241                      .dwattr $C$DW$331, DW_AT_decl_line(0x18)
    5242                      .dwattr $C$DW$331, DW_AT_decl_column(0x0f)
    5243              
TMS320C2000 Assembler PC v22.6.0 Mon Apr 21 09:04:20 2025

Copyright (c) 1996-2018 Texas Instruments Incorporated
app_state.asm                                                        PAGE  101

    5244              $C$DW$332       .dwtag  DW_TAG_member
    5245                      .dwattr $C$DW$332, DW_AT_type(*$C$DW$T$19)
    5246                      .dwattr $C$DW$332, DW_AT_name("Ki")
    5247                      .dwattr $C$DW$332, DW_AT_data_member_location[DW_OP_plus_uconst 0x2]
    5248                      .dwattr $C$DW$332, DW_AT_accessibility(DW_ACCESS_public)
    5249                      .dwattr $C$DW$332, DW_AT_decl_file("D:/15_Delta/14. ANPC Converter/ANPC_3Layer/Source/app/math_ctrl_l
    5250                      .dwattr $C$DW$332, DW_AT_decl_line(0x19)
    5251                      .dwattr $C$DW$332, DW_AT_decl_column(0x0f)
    5252              
    5253              $C$DW$333       .dwtag  DW_TAG_member
    5254                      .dwattr $C$DW$333, DW_AT_type(*$C$DW$T$19)
    5255                      .dwattr $C$DW$333, DW_AT_name("i10")
    5256                      .dwattr $C$DW$333, DW_AT_data_member_location[DW_OP_plus_uconst 0x4]
    5257                      .dwattr $C$DW$333, DW_AT_accessibility(DW_ACCESS_public)
    5258                      .dwattr $C$DW$333, DW_AT_decl_file("D:/15_Delta/14. ANPC Converter/ANPC_3Layer/Source/app/math_ctrl_l
    5259                      .dwattr $C$DW$333, DW_AT_decl_line(0x1a)
    5260                      .dwattr $C$DW$333, DW_AT_decl_column(0x0f)
    5261              
    5262              $C$DW$334       .dwtag  DW_TAG_member
    5263                      .dwattr $C$DW$334, DW_AT_type(*$C$DW$T$19)
    5264                      .dwattr $C$DW$334, DW_AT_name("Umax")
    5265                      .dwattr $C$DW$334, DW_AT_data_member_location[DW_OP_plus_uconst 0x6]
    5266                      .dwattr $C$DW$334, DW_AT_accessibility(DW_ACCESS_public)
    5267                      .dwattr $C$DW$334, DW_AT_decl_file("D:/15_Delta/14. ANPC Converter/ANPC_3Layer/Source/app/math_ctrl_l
    5268                      .dwattr $C$DW$334, DW_AT_decl_line(0x1b)
    5269                      .dwattr $C$DW$334, DW_AT_decl_column(0x0f)
    5270              
    5271              $C$DW$335       .dwtag  DW_TAG_member
    5272                      .dwattr $C$DW$335, DW_AT_type(*$C$DW$T$19)
    5273                      .dwattr $C$DW$335, DW_AT_name("Umin")
    5274                      .dwattr $C$DW$335, DW_AT_data_member_location[DW_OP_plus_uconst 0x8]
    5275                      .dwattr $C$DW$335, DW_AT_accessibility(DW_ACCESS_public)
    5276                      .dwattr $C$DW$335, DW_AT_decl_file("D:/15_Delta/14. ANPC Converter/ANPC_3Layer/Source/app/math_ctrl_l
    5277                      .dwattr $C$DW$335, DW_AT_decl_line(0x1c)
    5278                      .dwattr $C$DW$335, DW_AT_decl_column(0x0f)
    5279              
    5280              $C$DW$336       .dwtag  DW_TAG_member
    5281                      .dwattr $C$DW$336, DW_AT_type(*$C$DW$T$19)
    5282                      .dwattr $C$DW$336, DW_AT_name("i6")
    5283                      .dwattr $C$DW$336, DW_AT_data_member_location[DW_OP_plus_uconst 0xa]
    5284                      .dwattr $C$DW$336, DW_AT_accessibility(DW_ACCESS_public)
    5285                      .dwattr $C$DW$336, DW_AT_decl_file("D:/15_Delta/14. ANPC Converter/ANPC_3Layer/Source/app/math_ctrl_l
    5286                      .dwattr $C$DW$336, DW_AT_decl_line(0x1d)
    5287                      .dwattr $C$DW$336, DW_AT_decl_column(0x0f)
    5288              
    5289              $C$DW$337       .dwtag  DW_TAG_member
    5290                      .dwattr $C$DW$337, DW_AT_type(*$C$DW$T$19)
    5291                      .dwattr $C$DW$337, DW_AT_name("i11")
    5292                      .dwattr $C$DW$337, DW_AT_data_member_location[DW_OP_plus_uconst 0xc]
    5293                      .dwattr $C$DW$337, DW_AT_accessibility(DW_ACCESS_public)
    5294                      .dwattr $C$DW$337, DW_AT_decl_file("D:/15_Delta/14. ANPC Converter/ANPC_3Layer/Source/app/math_ctrl_l
    5295                      .dwattr $C$DW$337, DW_AT_decl_line(0x1e)
    5296                      .dwattr $C$DW$337, DW_AT_decl_column(0x0f)
    5297              
    5298              $C$DW$338       .dwtag  DW_TAG_member
TMS320C2000 Assembler PC v22.6.0 Mon Apr 21 09:04:20 2025

Copyright (c) 1996-2018 Texas Instruments Incorporated
app_state.asm                                                        PAGE  102

    5299                      .dwattr $C$DW$338, DW_AT_type(*$C$DW$T$19)
    5300                      .dwattr $C$DW$338, DW_AT_name("Imax")
    5301                      .dwattr $C$DW$338, DW_AT_data_member_location[DW_OP_plus_uconst 0xe]
    5302                      .dwattr $C$DW$338, DW_AT_accessibility(DW_ACCESS_public)
    5303                      .dwattr $C$DW$338, DW_AT_decl_file("D:/15_Delta/14. ANPC Converter/ANPC_3Layer/Source/app/math_ctrl_l
    5304                      .dwattr $C$DW$338, DW_AT_decl_line(0x1f)
    5305                      .dwattr $C$DW$338, DW_AT_decl_column(0x0f)
    5306              
    5307              $C$DW$339       .dwtag  DW_TAG_member
    5308                      .dwattr $C$DW$339, DW_AT_type(*$C$DW$T$19)
    5309                      .dwattr $C$DW$339, DW_AT_name("Imin")
    5310                      .dwattr $C$DW$339, DW_AT_data_member_location[DW_OP_plus_uconst 0x10]
    5311                      .dwattr $C$DW$339, DW_AT_accessibility(DW_ACCESS_public)
    5312                      .dwattr $C$DW$339, DW_AT_decl_file("D:/15_Delta/14. ANPC Converter/ANPC_3Layer/Source/app/math_ctrl_l
    5313                      .dwattr $C$DW$339, DW_AT_decl_line(0x20)
    5314                      .dwattr $C$DW$339, DW_AT_decl_column(0x0f)
    5315              
    5316                      .dwattr $C$DW$T$32, DW_AT_decl_file("D:/15_Delta/14. ANPC Converter/ANPC_3Layer/Source/app/math_ctrl_
    5317                      .dwattr $C$DW$T$32, DW_AT_decl_line(0x17)
    5318                      .dwattr $C$DW$T$32, DW_AT_decl_column(0x10)
    5319                      .dwendtag $C$DW$T$32
    5320              
    5321                      .dwendtag $C$DW$TU$32
    5322              
    5323              
    5324              $C$DW$TU$25     .dwtag  DW_TAG_type_unit
    5325                      .dwmtype  $C$DW$T$25
    5326              $C$DW$T$25      .dwtag  DW_TAG_typedef
    5327                      .dwattr $C$DW$T$25, DW_AT_name("DCL_PI")
    5328                      .dwattr $C$DW$T$25, DW_AT_type(*$C$DW$T$32)
    5329                      .dwattr $C$DW$T$25, DW_AT_decl_file("D:/15_Delta/14. ANPC Converter/ANPC_3Layer/Source/app/math_ctrl_
    5330                      .dwattr $C$DW$T$25, DW_AT_decl_line(0x21)
    5331                      .dwattr $C$DW$T$25, DW_AT_decl_column(0x03)
    5332              
    5333                      .dwendtag $C$DW$TU$25
    5334              

No Assembly Errors, No Assembly Warnings
