TMS320C2000 Assembler PC v22.6.0 Mon Apr 21 09:03:27 2025

Copyright (c) 1996-2018 Texas Instruments Incorporated
app_isr2.asm                                                         PAGE    1

       1              ;***************************************************************
       2              ;* TMS320C2000 G3 C/C++ Codegen                               PC v22.6.0.LTS *
       3              ;* Date/Time created: Mon Apr 21 09:03:26 2025                 *
       4              ;***************************************************************
       5                      .compiler_opts --abi=eabi --cla_support=cla2 --diag_wrap=off --float_support=fpu32 --hll_source=on --
       6                      .asg    XAR2, FP
       7              
       8              $C$DW$CU        .dwtag  DW_TAG_compile_unit
       9                      .dwattr $C$DW$CU, DW_AT_name("D:/15_Delta/14. ANPC Converter/ANPC_3Layer/Source/app/app_isr2.c")
      10                      .dwattr $C$DW$CU, DW_AT_producer("TI TMS320C2000 G3 C/C++ Codegen PC v22.6.0.LTS Copyright (c) 1996-2
      11                      .dwattr $C$DW$CU, DW_AT_TI_version(0x01)
      12                      .dwattr $C$DW$CU, DW_AT_comp_dir("D:\15_Delta\14. ANPC Converter\ANPC_3Layer\TMS320F280049C\RELEASE")
      13                      .global ||Isr2_count||
      14 00000000               .data
      15                      .align  1
      16                      .elfsym ||Isr2_count||,SYM_SIZE(1),SYM_BLOCKED(1)
      17 00000000       ||Isr2_count||:
      18 00000000 0000          .bits           0,16
      19                                      ; Isr2_count @ 0
      20              
      21              $C$DW$1 .dwtag  DW_TAG_variable
      22                      .dwattr $C$DW$1, DW_AT_name("Isr2_count")
      23                      .dwattr $C$DW$1, DW_AT_linkage_name("Isr2_count")
      24                      .dwattr $C$DW$1, DW_AT_location[DW_OP_addr ||Isr2_count||]
      25                      .dwattr $C$DW$1, DW_AT_type(*$C$DW$T$23)
      26                      .dwattr $C$DW$1, DW_AT_external
      27                      .dwattr $C$DW$1, DW_AT_decl_file("D:/15_Delta/14. ANPC Converter/ANPC_3Layer/Source/app/app_isr2.c")
      28                      .dwattr $C$DW$1, DW_AT_decl_line(0x14)
      29                      .dwattr $C$DW$1, DW_AT_decl_column(0x0a)
      30              
      31                      .global ||Isr2_ZC_judge||
      32 00000001               .data
      33                      .align  1
      34                      .elfsym ||Isr2_ZC_judge||,SYM_SIZE(1),SYM_BLOCKED(1)
      35 00000001       ||Isr2_ZC_judge||:
      36 00000001 0000          .bits           0,16
      37                                      ; Isr2_ZC_judge @ 0
      38              
      39              $C$DW$2 .dwtag  DW_TAG_variable
      40                      .dwattr $C$DW$2, DW_AT_name("Isr2_ZC_judge")
      41                      .dwattr $C$DW$2, DW_AT_linkage_name("Isr2_ZC_judge")
      42                      .dwattr $C$DW$2, DW_AT_location[DW_OP_addr ||Isr2_ZC_judge||]
      43                      .dwattr $C$DW$2, DW_AT_type(*$C$DW$T$23)
      44                      .dwattr $C$DW$2, DW_AT_external
      45                      .dwattr $C$DW$2, DW_AT_decl_file("D:/15_Delta/14. ANPC Converter/ANPC_3Layer/Source/app/app_isr2.c")
      46                      .dwattr $C$DW$2, DW_AT_decl_line(0x15)
      47                      .dwattr $C$DW$2, DW_AT_decl_column(0x0a)
      48              
      49                      .sblock ".data"
      50              ;       C:\ti\ccs1210\ccs\tools\compiler\ti-cgt-c2000_22.6.0.LTS\bin\opt2000.exe C:\\Users\\User\\AppData\\Lo
      51              ;       C:\ti\ccs1210\ccs\tools\compiler\ti-cgt-c2000_22.6.0.LTS\bin\acia2000.exe -@C:\\Users\\User\\AppData\
      52 00000000               .sect   ".text:__signbitl"
      53                      .clink
      54                      .global ||__signbitl||
      55              
TMS320C2000 Assembler PC v22.6.0 Mon Apr 21 09:03:27 2025

Copyright (c) 1996-2018 Texas Instruments Incorporated
app_isr2.asm                                                         PAGE    2

      56              $C$DW$3 .dwtag  DW_TAG_subprogram
      57                      .dwattr $C$DW$3, DW_AT_name("__signbitl")
      58                      .dwattr $C$DW$3, DW_AT_low_pc(||__signbitl||)
      59                      .dwattr $C$DW$3, DW_AT_high_pc(0x00)
      60                      .dwattr $C$DW$3, DW_AT_linkage_name("__signbitl")
      61                      .dwattr $C$DW$3, DW_AT_external
      62                      .dwattr $C$DW$3, DW_AT_type(*$C$DW$T$10)
      63                      .dwattr $C$DW$3, DW_AT_decl_file("C:/ti/ccs1210/ccs/tools/compiler/ti-cgt-c2000_22.6.0.LTS/include/_d
      64                      .dwattr $C$DW$3, DW_AT_decl_line(0x16f)
      65                      .dwattr $C$DW$3, DW_AT_decl_column(0x18)
      66                      .dwattr $C$DW$3, DW_AT_TI_max_frame_size(-6)
      67                      .dwpsn  file "C:/ti/ccs1210/ccs/tools/compiler/ti-cgt-c2000_22.6.0.LTS/include/_defs.h",line 368,colu
      68              
      69                      .dwfde $C$DW$CIE, ||__signbitl||
      70              $C$DW$4 .dwtag  DW_TAG_formal_parameter
      71                      .dwattr $C$DW$4, DW_AT_name("e")
      72                      .dwattr $C$DW$4, DW_AT_type(*$C$DW$T$29)
      73                      .dwattr $C$DW$4, DW_AT_location[DW_OP_reg12]
      74              
      75              
      76              ;***************************************************************
      77              ;* FNAME: __signbitl                    FR SIZE:   4           *
      78              ;*                                                             *
      79              ;* FUNCTION ENVIRONMENT                                        *
      80              ;*                                                             *
      81              ;* FUNCTION PROPERTIES                                         *
      82              ;*                            4 Parameter,  0 Auto,  0 SOE     *
      83              ;***************************************************************
      84              
      85              ||__signbitl||:
      86              ;* AR4   assigned to e
      87              $C$DW$5 .dwtag  DW_TAG_variable
      88                      .dwattr $C$DW$5, DW_AT_name("e")
      89                      .dwattr $C$DW$5, DW_AT_type(*$C$DW$T$30)
      90                      .dwattr $C$DW$5, DW_AT_location[DW_OP_reg12]
      91              
      92                      .dwcfi  cfa_offset, -2
      93                      .dwcfi  save_reg_to_mem, 26, 0
      94 00000000 FE04          ADDB      SP,#4                 ; [CPU_ARAU] 
      95                      .dwcfi  cfa_offset, -6
      96                      .dwpsn  file "C:/ti/ccs1210/ccs/tools/compiler/ti-cgt-c2000_22.6.0.LTS/include/_defs.h",line 368,colu
      97 00000001 0200          MOVB      ACC,#0                ; [CPU_ALU] |368| 
      98 00000002 1E44          MOVL      *-SP[4],ACC           ; [CPU_ALU] |368| 
      99 00000003 2B42          MOV       *-SP[2],#0            ; [CPU_ALU] |368| 
     100 00000004 2B41          MOV       *-SP[1],#0            ; [CPU_ALU] |368| 
     101 00000005 A3C4          MOVL      P,*+XAR4[0]           ; [CPU_ALU] |368| 
     102 00000006 06D4          MOVL      ACC,*+XAR4[2]         ; [CPU_ALU] |368| 
     103 00000007 18AB          AND       PL,#0                 ; [CPU_ALU] |368| 
         00000008 0000 
     104 00000009 18AA          AND       PH,#0                 ; [CPU_ALU] |368| 
         0000000a 0000 
     105 0000000b 9000          ANDB      AL,#0                 ; [CPU_ALU] |368| 
     106 0000000c 18A8          AND       AH,#32768             ; [CPU_ALU] |368| 
         0000000d 8000 
     107              $C$DW$6 .dwtag  DW_TAG_TI_branch
TMS320C2000 Assembler PC v22.6.0 Mon Apr 21 09:03:27 2025

Copyright (c) 1996-2018 Texas Instruments Incorporated
app_isr2.asm                                                         PAGE    3

     108                      .dwattr $C$DW$6, DW_AT_low_pc(0x00)
     109                      .dwattr $C$DW$6, DW_AT_name("__c28xabi_cmpull")
     110                      .dwattr $C$DW$6, DW_AT_TI_call
     111              
     112 0000000e 7640!         LCR       #||__c28xabi_cmpull|| ; [CPU_ALU] |368| 
         0000000f 0000 
     113                      ; call occurs [#||__c28xabi_cmpull||] ; [] |368| 
     114 00000010 9B00          MOVB      AH,#0                 ; [CPU_ALU] |368| 
     115 00000011 5200          CMPB      AL,#0                 ; [CPU_ALU] |368| 
     116 00000012 56B0          MOVB      AH,#1,NEQ             ; [CPU_ALU] |368| 
         00000013 01A8 
     117 00000014 92A8          MOV       AL,AH                 ; [CPU_ALU] |368| 
     118 00000015 FE84          SUBB      SP,#4                 ; [CPU_ARAU] 
     119                      .dwcfi  cfa_offset, -2
     120              $C$DW$7 .dwtag  DW_TAG_TI_branch
     121                      .dwattr $C$DW$7, DW_AT_low_pc(0x00)
     122                      .dwattr $C$DW$7, DW_AT_TI_return
     123              
     124 00000016 0006          LRETR     ; [CPU_ALU] 
     125                      ; return occurs ; [] 
     126                      .dwattr $C$DW$3, DW_AT_TI_end_file("C:/ti/ccs1210/ccs/tools/compiler/ti-cgt-c2000_22.6.0.LTS/include/
     127                      .dwattr $C$DW$3, DW_AT_TI_end_line(0x170)
     128                      .dwattr $C$DW$3, DW_AT_TI_end_column(0x2b)
     129                      .dwendentry
     130                      .dwendtag $C$DW$3
     131              
     132 00000000               .sect   ".text:__signbitf"
     133                      .clink
     134                      .global ||__signbitf||
     135              
     136              $C$DW$8 .dwtag  DW_TAG_subprogram
     137                      .dwattr $C$DW$8, DW_AT_name("__signbitf")
     138                      .dwattr $C$DW$8, DW_AT_low_pc(||__signbitf||)
     139                      .dwattr $C$DW$8, DW_AT_high_pc(0x00)
     140                      .dwattr $C$DW$8, DW_AT_linkage_name("__signbitf")
     141                      .dwattr $C$DW$8, DW_AT_external
     142                      .dwattr $C$DW$8, DW_AT_type(*$C$DW$T$10)
     143                      .dwattr $C$DW$8, DW_AT_decl_file("C:/ti/ccs1210/ccs/tools/compiler/ti-cgt-c2000_22.6.0.LTS/include/_d
     144                      .dwattr $C$DW$8, DW_AT_decl_line(0x16d)
     145                      .dwattr $C$DW$8, DW_AT_decl_column(0x18)
     146                      .dwattr $C$DW$8, DW_AT_TI_max_frame_size(-2)
     147                      .dwpsn  file "C:/ti/ccs1210/ccs/tools/compiler/ti-cgt-c2000_22.6.0.LTS/include/_defs.h",line 366,colu
     148              
     149                      .dwfde $C$DW$CIE, ||__signbitf||
     150              $C$DW$9 .dwtag  DW_TAG_formal_parameter
     151                      .dwattr $C$DW$9, DW_AT_name("f")
     152                      .dwattr $C$DW$9, DW_AT_type(*$C$DW$T$16)
     153                      .dwattr $C$DW$9, DW_AT_location[DW_OP_regx 0x2b]
     154              
     155              
     156              ;***************************************************************
     157              ;* FNAME: __signbitf                    FR SIZE:   0           *
     158              ;*                                                             *
     159              ;* FUNCTION ENVIRONMENT                                        *
     160              ;*                                                             *
TMS320C2000 Assembler PC v22.6.0 Mon Apr 21 09:03:27 2025

Copyright (c) 1996-2018 Texas Instruments Incorporated
app_isr2.asm                                                         PAGE    4

     161              ;* FUNCTION PROPERTIES                                         *
     162              ;*                            0 Parameter,  0 Auto,  0 SOE     *
     163              ;***************************************************************
     164              
     165              ||__signbitf||:
     166              ;* R0    assigned to f
     167              $C$DW$10        .dwtag  DW_TAG_variable
     168                      .dwattr $C$DW$10, DW_AT_name("f")
     169                      .dwattr $C$DW$10, DW_AT_type(*$C$DW$T$26)
     170                      .dwattr $C$DW$10, DW_AT_location[DW_OP_regx 0x2b]
     171              
     172                      .dwcfi  cfa_offset, -2
     173                      .dwcfi  save_reg_to_mem, 26, 0
     174                      .dwpsn  file "C:/ti/ccs1210/ccs/tools/compiler/ti-cgt-c2000_22.6.0.LTS/include/_defs.h",line 366,colu
     175 00000000 BFA9          MOV32     ACC,R0H               ; [CPU_FPU] |366| 
         00000001 0F12 
     176 00000002 BE00          MOVB      XAR6,#0               ; [CPU_ALU] |366| 
     177 00000003 9000          ANDB      AL,#0                 ; [CPU_ALU] |366| 
     178 00000004 18A8          AND       AH,#32768             ; [CPU_ALU] |366| 
         00000005 8000 
     179 00000006 FF58          TEST      ACC                   ; [CPU_ALU] |366| 
     180 00000007 56B0          MOVB      XAR6,#1,NEQ           ; [CPU_ALU] |366| 
         00000008 01A6 
     181 00000009 92A6          MOV       AL,AR6                ; [CPU_ALU] |366| 
     182              $C$DW$11        .dwtag  DW_TAG_TI_branch
     183                      .dwattr $C$DW$11, DW_AT_low_pc(0x00)
     184                      .dwattr $C$DW$11, DW_AT_TI_return
     185              
     186 0000000a 0006          LRETR     ; [CPU_ALU] 
     187                      ; return occurs ; [] 
     188                      .dwattr $C$DW$8, DW_AT_TI_end_file("C:/ti/ccs1210/ccs/tools/compiler/ti-cgt-c2000_22.6.0.LTS/include/
     189                      .dwattr $C$DW$8, DW_AT_TI_end_line(0x16e)
     190                      .dwattr $C$DW$8, DW_AT_TI_end_column(0x29)
     191                      .dwendentry
     192                      .dwendtag $C$DW$8
     193              
     194 00000000               .sect   ".text:__signbit"
     195                      .clink
     196                      .global ||__signbit||
     197              
     198              $C$DW$12        .dwtag  DW_TAG_subprogram
     199                      .dwattr $C$DW$12, DW_AT_name("__signbit")
     200                      .dwattr $C$DW$12, DW_AT_low_pc(||__signbit||)
     201                      .dwattr $C$DW$12, DW_AT_high_pc(0x00)
     202                      .dwattr $C$DW$12, DW_AT_linkage_name("__signbit")
     203                      .dwattr $C$DW$12, DW_AT_external
     204                      .dwattr $C$DW$12, DW_AT_type(*$C$DW$T$10)
     205                      .dwattr $C$DW$12, DW_AT_decl_file("C:/ti/ccs1210/ccs/tools/compiler/ti-cgt-c2000_22.6.0.LTS/include/_
     206                      .dwattr $C$DW$12, DW_AT_decl_line(0x16b)
     207                      .dwattr $C$DW$12, DW_AT_decl_column(0x18)
     208                      .dwattr $C$DW$12, DW_AT_TI_max_frame_size(-6)
     209                      .dwpsn  file "C:/ti/ccs1210/ccs/tools/compiler/ti-cgt-c2000_22.6.0.LTS/include/_defs.h",line 364,colu
     210              
     211                      .dwfde $C$DW$CIE, ||__signbit||
     212              $C$DW$13        .dwtag  DW_TAG_formal_parameter
TMS320C2000 Assembler PC v22.6.0 Mon Apr 21 09:03:27 2025

Copyright (c) 1996-2018 Texas Instruments Incorporated
app_isr2.asm                                                         PAGE    5

     213                      .dwattr $C$DW$13, DW_AT_name("d")
     214                      .dwattr $C$DW$13, DW_AT_type(*$C$DW$T$27)
     215                      .dwattr $C$DW$13, DW_AT_location[DW_OP_reg12]
     216              
     217              
     218              ;***************************************************************
     219              ;* FNAME: __signbit                     FR SIZE:   4           *
     220              ;*                                                             *
     221              ;* FUNCTION ENVIRONMENT                                        *
     222              ;*                                                             *
     223              ;* FUNCTION PROPERTIES                                         *
     224              ;*                            4 Parameter,  0 Auto,  0 SOE     *
     225              ;***************************************************************
     226              
     227              ||__signbit||:
     228              ;* AR4   assigned to d
     229              $C$DW$14        .dwtag  DW_TAG_variable
     230                      .dwattr $C$DW$14, DW_AT_name("d")
     231                      .dwattr $C$DW$14, DW_AT_type(*$C$DW$T$28)
     232                      .dwattr $C$DW$14, DW_AT_location[DW_OP_reg12]
     233              
     234                      .dwcfi  cfa_offset, -2
     235                      .dwcfi  save_reg_to_mem, 26, 0
     236 00000000 FE04          ADDB      SP,#4                 ; [CPU_ARAU] 
     237                      .dwcfi  cfa_offset, -6
     238                      .dwpsn  file "C:/ti/ccs1210/ccs/tools/compiler/ti-cgt-c2000_22.6.0.LTS/include/_defs.h",line 364,colu
     239 00000001 0200          MOVB      ACC,#0                ; [CPU_ALU] |364| 
     240 00000002 1E44          MOVL      *-SP[4],ACC           ; [CPU_ALU] |364| 
     241 00000003 2B42          MOV       *-SP[2],#0            ; [CPU_ALU] |364| 
     242 00000004 2B41          MOV       *-SP[1],#0            ; [CPU_ALU] |364| 
     243 00000005 A3C4          MOVL      P,*+XAR4[0]           ; [CPU_ALU] |364| 
     244 00000006 06D4          MOVL      ACC,*+XAR4[2]         ; [CPU_ALU] |364| 
     245 00000007 18AB          AND       PL,#0                 ; [CPU_ALU] |364| 
         00000008 0000 
     246 00000009 18AA          AND       PH,#0                 ; [CPU_ALU] |364| 
         0000000a 0000 
     247 0000000b 9000          ANDB      AL,#0                 ; [CPU_ALU] |364| 
     248 0000000c 18A8          AND       AH,#32768             ; [CPU_ALU] |364| 
         0000000d 8000 
     249              $C$DW$15        .dwtag  DW_TAG_TI_branch
     250                      .dwattr $C$DW$15, DW_AT_low_pc(0x00)
     251                      .dwattr $C$DW$15, DW_AT_name("__c28xabi_cmpull")
     252                      .dwattr $C$DW$15, DW_AT_TI_call
     253              
     254 0000000e 7640!         LCR       #||__c28xabi_cmpull|| ; [CPU_ALU] |364| 
         0000000f 0000 
     255                      ; call occurs [#||__c28xabi_cmpull||] ; [] |364| 
     256 00000010 9B00          MOVB      AH,#0                 ; [CPU_ALU] |364| 
     257 00000011 5200          CMPB      AL,#0                 ; [CPU_ALU] |364| 
     258 00000012 56B0          MOVB      AH,#1,NEQ             ; [CPU_ALU] |364| 
         00000013 01A8 
     259 00000014 92A8          MOV       AL,AH                 ; [CPU_ALU] |364| 
     260 00000015 FE84          SUBB      SP,#4                 ; [CPU_ARAU] 
     261                      .dwcfi  cfa_offset, -2
     262              $C$DW$16        .dwtag  DW_TAG_TI_branch
TMS320C2000 Assembler PC v22.6.0 Mon Apr 21 09:03:27 2025

Copyright (c) 1996-2018 Texas Instruments Incorporated
app_isr2.asm                                                         PAGE    6

     263                      .dwattr $C$DW$16, DW_AT_low_pc(0x00)
     264                      .dwattr $C$DW$16, DW_AT_TI_return
     265              
     266 00000016 0006          LRETR     ; [CPU_ALU] 
     267                      ; return occurs ; [] 
     268                      .dwattr $C$DW$12, DW_AT_TI_end_file("C:/ti/ccs1210/ccs/tools/compiler/ti-cgt-c2000_22.6.0.LTS/include
     269                      .dwattr $C$DW$12, DW_AT_TI_end_line(0x16c)
     270                      .dwattr $C$DW$12, DW_AT_TI_end_column(0x2a)
     271                      .dwendentry
     272                      .dwendtag $C$DW$12
     273              
     274 00000000               .sect   ".text:__relaxed_sqrtf"
     275                      .clink
     276                      .global ||__relaxed_sqrtf||
     277              
     278              $C$DW$17        .dwtag  DW_TAG_subprogram
     279                      .dwattr $C$DW$17, DW_AT_name("__relaxed_sqrtf")
     280                      .dwattr $C$DW$17, DW_AT_low_pc(||__relaxed_sqrtf||)
     281                      .dwattr $C$DW$17, DW_AT_high_pc(0x00)
     282                      .dwattr $C$DW$17, DW_AT_linkage_name("__relaxed_sqrtf")
     283                      .dwattr $C$DW$17, DW_AT_external
     284                      .dwattr $C$DW$17, DW_AT_type(*$C$DW$T$16)
     285                      .dwattr $C$DW$17, DW_AT_decl_file("C:/ti/ccs1210/ccs/tools/compiler/ti-cgt-c2000_22.6.0.LTS/include/m
     286                      .dwattr $C$DW$17, DW_AT_decl_line(0x103)
     287                      .dwattr $C$DW$17, DW_AT_decl_column(0x10)
     288                      .dwattr $C$DW$17, DW_AT_TI_max_frame_size(-2)
     289                      .dwpsn  file "C:/ti/ccs1210/ccs/tools/compiler/ti-cgt-c2000_22.6.0.LTS/include/math.h",line 260,colum
     290              
     291                      .dwfde $C$DW$CIE, ||__relaxed_sqrtf||
     292              $C$DW$18        .dwtag  DW_TAG_formal_parameter
     293                      .dwattr $C$DW$18, DW_AT_name("x")
     294                      .dwattr $C$DW$18, DW_AT_type(*$C$DW$T$16)
     295                      .dwattr $C$DW$18, DW_AT_location[DW_OP_regx 0x2b]
     296              
     297              
     298              ;***************************************************************
     299              ;* FNAME: __relaxed_sqrtf               FR SIZE:   0           *
     300              ;*                                                             *
     301              ;* FUNCTION ENVIRONMENT                                        *
     302              ;*                                                             *
     303              ;* FUNCTION PROPERTIES                                         *
     304              ;*                            0 Parameter,  0 Auto,  0 SOE     *
     305              ;***************************************************************
     306              
     307              ||__relaxed_sqrtf||:
     308              ;* R0    assigned to x
     309              $C$DW$19        .dwtag  DW_TAG_variable
     310                      .dwattr $C$DW$19, DW_AT_name("x")
     311                      .dwattr $C$DW$19, DW_AT_type(*$C$DW$T$26)
     312                      .dwattr $C$DW$19, DW_AT_location[DW_OP_regx 0x2b]
     313              
     314                      .dwcfi  cfa_offset, -2
     315                      .dwcfi  save_reg_to_mem, 26, 0
     316                      .dwpsn  file "C:/ti/ccs1210/ccs/tools/compiler/ti-cgt-c2000_22.6.0.LTS/include/math.h",line 261,colum
     317 00000000 E277          SQRTF32   R0H,R0H               ; [CPU_FPU] |261| 
TMS320C2000 Assembler PC v22.6.0 Mon Apr 21 09:03:27 2025

Copyright (c) 1996-2018 Texas Instruments Incorporated
app_isr2.asm                                                         PAGE    7

         00000001 0000 
     318 00000002 7700          NOP       ; [CPU_ALU] 
     319 00000003 7700          NOP       ; [CPU_ALU] 
     320 00000004 7700          NOP       ; [CPU_ALU] 
     321              $C$DW$20        .dwtag  DW_TAG_TI_branch
     322                      .dwattr $C$DW$20, DW_AT_low_pc(0x00)
     323                      .dwattr $C$DW$20, DW_AT_TI_return
     324              
     325 00000005 0006          LRETR     ; [CPU_ALU] 
     326                      ; return occurs ; [] 
     327                      .dwattr $C$DW$17, DW_AT_TI_end_file("C:/ti/ccs1210/ccs/tools/compiler/ti-cgt-c2000_22.6.0.LTS/include
     328                      .dwattr $C$DW$17, DW_AT_TI_end_line(0x106)
     329                      .dwattr $C$DW$17, DW_AT_TI_end_column(0x01)
     330                      .dwendentry
     331                      .dwendtag $C$DW$17
     332              
     333 00000000               .sect   ".text:__relaxed_sinf"
     334                      .clink
     335                      .global ||__relaxed_sinf||
     336              
     337              $C$DW$21        .dwtag  DW_TAG_subprogram
     338                      .dwattr $C$DW$21, DW_AT_name("__relaxed_sinf")
     339                      .dwattr $C$DW$21, DW_AT_low_pc(||__relaxed_sinf||)
     340                      .dwattr $C$DW$21, DW_AT_high_pc(0x00)
     341                      .dwattr $C$DW$21, DW_AT_linkage_name("__relaxed_sinf")
     342                      .dwattr $C$DW$21, DW_AT_external
     343                      .dwattr $C$DW$21, DW_AT_type(*$C$DW$T$16)
     344                      .dwattr $C$DW$21, DW_AT_decl_file("C:/ti/ccs1210/ccs/tools/compiler/ti-cgt-c2000_22.6.0.LTS/include/m
     345                      .dwattr $C$DW$21, DW_AT_decl_line(0x108)
     346                      .dwattr $C$DW$21, DW_AT_decl_column(0x10)
     347                      .dwattr $C$DW$21, DW_AT_TI_max_frame_size(-2)
     348                      .dwpsn  file "C:/ti/ccs1210/ccs/tools/compiler/ti-cgt-c2000_22.6.0.LTS/include/math.h",line 265,colum
     349              
     350                      .dwfde $C$DW$CIE, ||__relaxed_sinf||
     351              $C$DW$22        .dwtag  DW_TAG_formal_parameter
     352                      .dwattr $C$DW$22, DW_AT_name("x")
     353                      .dwattr $C$DW$22, DW_AT_type(*$C$DW$T$16)
     354                      .dwattr $C$DW$22, DW_AT_location[DW_OP_regx 0x2b]
     355              
     356              
     357              ;***************************************************************
     358              ;* FNAME: __relaxed_sinf                FR SIZE:   0           *
     359              ;*                                                             *
     360              ;* FUNCTION ENVIRONMENT                                        *
     361              ;*                                                             *
     362              ;* FUNCTION PROPERTIES                                         *
     363              ;*                            0 Parameter,  0 Auto,  0 SOE     *
     364              ;***************************************************************
     365              
     366              ||__relaxed_sinf||:
     367              ;* R0    assigned to x
     368              $C$DW$23        .dwtag  DW_TAG_variable
     369                      .dwattr $C$DW$23, DW_AT_name("x")
     370                      .dwattr $C$DW$23, DW_AT_type(*$C$DW$T$26)
     371                      .dwattr $C$DW$23, DW_AT_location[DW_OP_regx 0x2b]
TMS320C2000 Assembler PC v22.6.0 Mon Apr 21 09:03:27 2025

Copyright (c) 1996-2018 Texas Instruments Incorporated
app_isr2.asm                                                         PAGE    8

     372              
     373                      .dwcfi  cfa_offset, -2
     374                      .dwcfi  save_reg_to_mem, 26, 0
     375                      .dwpsn  file "C:/ti/ccs1210/ccs/tools/compiler/ti-cgt-c2000_22.6.0.LTS/include/math.h",line 266,colum
     376 00000000 E271          DIV2PIF32 R0H,R0H               ; [CPU_FPU] |266| 
         00000001 0000 
     377 00000002 7700          NOP       ; [CPU_ALU] 
     378 00000003 E278          SINPUF32  R0H,R0H               ; [CPU_FPU] |266| 
         00000004 0000 
     379 00000005 7700          NOP       ; [CPU_ALU] 
     380 00000006 7700          NOP       ; [CPU_ALU] 
     381              $C$DW$24        .dwtag  DW_TAG_TI_branch
     382                      .dwattr $C$DW$24, DW_AT_low_pc(0x00)
     383                      .dwattr $C$DW$24, DW_AT_TI_return
     384              
     385 00000007 0006          LRETR     ; [CPU_ALU] 
     386                      ; return occurs ; [] 
     387                      .dwattr $C$DW$21, DW_AT_TI_end_file("C:/ti/ccs1210/ccs/tools/compiler/ti-cgt-c2000_22.6.0.LTS/include
     388                      .dwattr $C$DW$21, DW_AT_TI_end_line(0x10b)
     389                      .dwattr $C$DW$21, DW_AT_TI_end_column(0x01)
     390                      .dwendentry
     391                      .dwendtag $C$DW$21
     392              
     393 00000000               .sect   ".text:__relaxed_fmodf"
     394                      .clink
     395                      .global ||__relaxed_fmodf||
     396              
     397              $C$DW$25        .dwtag  DW_TAG_subprogram
     398                      .dwattr $C$DW$25, DW_AT_name("__relaxed_fmodf")
     399                      .dwattr $C$DW$25, DW_AT_low_pc(||__relaxed_fmodf||)
     400                      .dwattr $C$DW$25, DW_AT_high_pc(0x00)
     401                      .dwattr $C$DW$25, DW_AT_linkage_name("__relaxed_fmodf")
     402                      .dwattr $C$DW$25, DW_AT_external
     403                      .dwattr $C$DW$25, DW_AT_type(*$C$DW$T$16)
     404                      .dwattr $C$DW$25, DW_AT_decl_file("C:/ti/ccs1210/ccs/tools/compiler/ti-cgt-c2000_22.6.0.LTS/include/m
     405                      .dwattr $C$DW$25, DW_AT_decl_line(0x11c)
     406                      .dwattr $C$DW$25, DW_AT_decl_column(0x10)
     407                      .dwattr $C$DW$25, DW_AT_TI_max_frame_size(-2)
     408                      .dwpsn  file "C:/ti/ccs1210/ccs/tools/compiler/ti-cgt-c2000_22.6.0.LTS/include/math.h",line 285,colum
     409              
     410                      .dwfde $C$DW$CIE, ||__relaxed_fmodf||
     411              $C$DW$26        .dwtag  DW_TAG_formal_parameter
     412                      .dwattr $C$DW$26, DW_AT_name("y")
     413                      .dwattr $C$DW$26, DW_AT_type(*$C$DW$T$16)
     414                      .dwattr $C$DW$26, DW_AT_location[DW_OP_regx 0x2b]
     415              
     416              $C$DW$27        .dwtag  DW_TAG_formal_parameter
     417                      .dwattr $C$DW$27, DW_AT_name("x")
     418                      .dwattr $C$DW$27, DW_AT_type(*$C$DW$T$16)
     419                      .dwattr $C$DW$27, DW_AT_location[DW_OP_regx 0x2f]
     420              
     421              
     422              ;***************************************************************
     423              ;* FNAME: __relaxed_fmodf               FR SIZE:   0           *
     424              ;*                                                             *
TMS320C2000 Assembler PC v22.6.0 Mon Apr 21 09:03:27 2025

Copyright (c) 1996-2018 Texas Instruments Incorporated
app_isr2.asm                                                         PAGE    9

     425              ;* FUNCTION ENVIRONMENT                                        *
     426              ;*                                                             *
     427              ;* FUNCTION PROPERTIES                                         *
     428              ;*                            0 Parameter,  0 Auto,  0 SOE     *
     429              ;***************************************************************
     430              
     431              ||__relaxed_fmodf||:
     432              ;* R0    assigned to y
     433              $C$DW$28        .dwtag  DW_TAG_variable
     434                      .dwattr $C$DW$28, DW_AT_name("y")
     435                      .dwattr $C$DW$28, DW_AT_type(*$C$DW$T$26)
     436                      .dwattr $C$DW$28, DW_AT_location[DW_OP_regx 0x2b]
     437              
     438              ;* R1    assigned to x
     439              $C$DW$29        .dwtag  DW_TAG_variable
     440                      .dwattr $C$DW$29, DW_AT_name("x")
     441                      .dwattr $C$DW$29, DW_AT_type(*$C$DW$T$26)
     442                      .dwattr $C$DW$29, DW_AT_location[DW_OP_regx 0x2f]
     443              
     444                      .dwcfi  cfa_offset, -2
     445                      .dwcfi  save_reg_to_mem, 26, 0
     446                      .dwpsn  file "C:/ti/ccs1210/ccs/tools/compiler/ti-cgt-c2000_22.6.0.LTS/include/math.h",line 286,colum
     447 00000000 E274          DIVF32    R2H,R0H,R1H           ; [CPU_FPU] |286| 
         00000001 0042 
     448 00000002 7700          NOP       ; [CPU_ALU] 
     449 00000003 7700          NOP       ; [CPU_ALU] 
     450 00000004 7700          NOP       ; [CPU_ALU] 
     451 00000005 7700          NOP       ; [CPU_ALU] 
     452 00000006 E688          F32TOI32  R2H,R2H               ; [CPU_FPU] |286| 
         00000007 0012 
     453 00000008 7700          NOP       ; [CPU_ALU] 
     454 00000009 E689          I32TOF32  R2H,R2H               ; [CPU_FPU] |286| 
         0000000a 0012 
     455 0000000b 7700          NOP       ; [CPU_ALU] 
     456 0000000c E700          MPYF32    R1H,R1H,R2H           ; [CPU_FPU] |286| 
         0000000d 0089 
     457 0000000e 7700          NOP       ; [CPU_ALU] 
     458 0000000f E720          SUBF32    R0H,R0H,R1H           ; [CPU_FPU] |286| 
         00000010 0040 
     459              $C$DW$30        .dwtag  DW_TAG_TI_branch
     460                      .dwattr $C$DW$30, DW_AT_low_pc(0x00)
     461                      .dwattr $C$DW$30, DW_AT_TI_return
     462              
     463 00000011 0006          LRETR     ; [CPU_ALU] 
     464                      ; return occurs ; [] 
     465                      .dwattr $C$DW$25, DW_AT_TI_end_file("C:/ti/ccs1210/ccs/tools/compiler/ti-cgt-c2000_22.6.0.LTS/include
     466                      .dwattr $C$DW$25, DW_AT_TI_end_line(0x11f)
     467                      .dwattr $C$DW$25, DW_AT_TI_end_column(0x01)
     468                      .dwendentry
     469                      .dwendtag $C$DW$25
     470              
     471 00000000               .sect   ".text:__relaxed_fminf"
     472                      .clink
     473                      .global ||__relaxed_fminf||
     474              
TMS320C2000 Assembler PC v22.6.0 Mon Apr 21 09:03:27 2025

Copyright (c) 1996-2018 Texas Instruments Incorporated
app_isr2.asm                                                         PAGE   10

     475              $C$DW$31        .dwtag  DW_TAG_subprogram
     476                      .dwattr $C$DW$31, DW_AT_name("__relaxed_fminf")
     477                      .dwattr $C$DW$31, DW_AT_low_pc(||__relaxed_fminf||)
     478                      .dwattr $C$DW$31, DW_AT_high_pc(0x00)
     479                      .dwattr $C$DW$31, DW_AT_linkage_name("__relaxed_fminf")
     480                      .dwattr $C$DW$31, DW_AT_external
     481                      .dwattr $C$DW$31, DW_AT_type(*$C$DW$T$16)
     482                      .dwattr $C$DW$31, DW_AT_decl_file("C:/ti/ccs1210/ccs/tools/compiler/ti-cgt-c2000_22.6.0.LTS/include/m
     483                      .dwattr $C$DW$31, DW_AT_decl_line(0xee)
     484                      .dwattr $C$DW$31, DW_AT_decl_column(0x10)
     485                      .dwattr $C$DW$31, DW_AT_TI_max_frame_size(-2)
     486                      .dwpsn  file "C:/ti/ccs1210/ccs/tools/compiler/ti-cgt-c2000_22.6.0.LTS/include/math.h",line 239,colum
     487              
     488                      .dwfde $C$DW$CIE, ||__relaxed_fminf||
     489              $C$DW$32        .dwtag  DW_TAG_formal_parameter
     490                      .dwattr $C$DW$32, DW_AT_name("x")
     491                      .dwattr $C$DW$32, DW_AT_type(*$C$DW$T$16)
     492                      .dwattr $C$DW$32, DW_AT_location[DW_OP_regx 0x2b]
     493              
     494              $C$DW$33        .dwtag  DW_TAG_formal_parameter
     495                      .dwattr $C$DW$33, DW_AT_name("y")
     496                      .dwattr $C$DW$33, DW_AT_type(*$C$DW$T$16)
     497                      .dwattr $C$DW$33, DW_AT_location[DW_OP_regx 0x2f]
     498              
     499              
     500              ;***************************************************************
     501              ;* FNAME: __relaxed_fminf               FR SIZE:   0           *
     502              ;*                                                             *
     503              ;* FUNCTION ENVIRONMENT                                        *
     504              ;*                                                             *
     505              ;* FUNCTION PROPERTIES                                         *
     506              ;*                            0 Parameter,  0 Auto,  0 SOE     *
     507              ;***************************************************************
     508              
     509              ||__relaxed_fminf||:
     510              ;* R1    assigned to y
     511              $C$DW$34        .dwtag  DW_TAG_variable
     512                      .dwattr $C$DW$34, DW_AT_name("y")
     513                      .dwattr $C$DW$34, DW_AT_type(*$C$DW$T$26)
     514                      .dwattr $C$DW$34, DW_AT_location[DW_OP_regx 0x2f]
     515              
     516                      .dwcfi  cfa_offset, -2
     517                      .dwcfi  save_reg_to_mem, 26, 0
     518                      .dwpsn  file "C:/ti/ccs1210/ccs/tools/compiler/ti-cgt-c2000_22.6.0.LTS/include/math.h",line 240,colum
     519 00000000 E697          MINF32    R0H,R1H               ; [CPU_FPU] |240| 
         00000001 0008 
     520              $C$DW$35        .dwtag  DW_TAG_TI_branch
     521                      .dwattr $C$DW$35, DW_AT_low_pc(0x00)
     522                      .dwattr $C$DW$35, DW_AT_TI_return
     523              
     524 00000002 0006          LRETR     ; [CPU_ALU] 
     525                      ; return occurs ; [] 
     526                      .dwattr $C$DW$31, DW_AT_TI_end_file("C:/ti/ccs1210/ccs/tools/compiler/ti-cgt-c2000_22.6.0.LTS/include
     527                      .dwattr $C$DW$31, DW_AT_TI_end_line(0xf1)
     528                      .dwattr $C$DW$31, DW_AT_TI_end_column(0x01)
TMS320C2000 Assembler PC v22.6.0 Mon Apr 21 09:03:27 2025

Copyright (c) 1996-2018 Texas Instruments Incorporated
app_isr2.asm                                                         PAGE   11

     529                      .dwendentry
     530                      .dwendtag $C$DW$31
     531              
     532 00000000               .sect   ".text:__relaxed_fmaxf"
     533                      .clink
     534                      .global ||__relaxed_fmaxf||
     535              
     536              $C$DW$36        .dwtag  DW_TAG_subprogram
     537                      .dwattr $C$DW$36, DW_AT_name("__relaxed_fmaxf")
     538                      .dwattr $C$DW$36, DW_AT_low_pc(||__relaxed_fmaxf||)
     539                      .dwattr $C$DW$36, DW_AT_high_pc(0x00)
     540                      .dwattr $C$DW$36, DW_AT_linkage_name("__relaxed_fmaxf")
     541                      .dwattr $C$DW$36, DW_AT_external
     542                      .dwattr $C$DW$36, DW_AT_type(*$C$DW$T$16)
     543                      .dwattr $C$DW$36, DW_AT_decl_file("C:/ti/ccs1210/ccs/tools/compiler/ti-cgt-c2000_22.6.0.LTS/include/m
     544                      .dwattr $C$DW$36, DW_AT_decl_line(0xe8)
     545                      .dwattr $C$DW$36, DW_AT_decl_column(0x10)
     546                      .dwattr $C$DW$36, DW_AT_TI_max_frame_size(-2)
     547                      .dwpsn  file "C:/ti/ccs1210/ccs/tools/compiler/ti-cgt-c2000_22.6.0.LTS/include/math.h",line 233,colum
     548              
     549                      .dwfde $C$DW$CIE, ||__relaxed_fmaxf||
     550              $C$DW$37        .dwtag  DW_TAG_formal_parameter
     551                      .dwattr $C$DW$37, DW_AT_name("x")
     552                      .dwattr $C$DW$37, DW_AT_type(*$C$DW$T$16)
     553                      .dwattr $C$DW$37, DW_AT_location[DW_OP_regx 0x2b]
     554              
     555              $C$DW$38        .dwtag  DW_TAG_formal_parameter
     556                      .dwattr $C$DW$38, DW_AT_name("y")
     557                      .dwattr $C$DW$38, DW_AT_type(*$C$DW$T$16)
     558                      .dwattr $C$DW$38, DW_AT_location[DW_OP_regx 0x2f]
     559              
     560              
     561              ;***************************************************************
     562              ;* FNAME: __relaxed_fmaxf               FR SIZE:   0           *
     563              ;*                                                             *
     564              ;* FUNCTION ENVIRONMENT                                        *
     565              ;*                                                             *
     566              ;* FUNCTION PROPERTIES                                         *
     567              ;*                            0 Parameter,  0 Auto,  0 SOE     *
     568              ;***************************************************************
     569              
     570              ||__relaxed_fmaxf||:
     571              ;* R1    assigned to y
     572              $C$DW$39        .dwtag  DW_TAG_variable
     573                      .dwattr $C$DW$39, DW_AT_name("y")
     574                      .dwattr $C$DW$39, DW_AT_type(*$C$DW$T$26)
     575                      .dwattr $C$DW$39, DW_AT_location[DW_OP_regx 0x2f]
     576              
     577                      .dwcfi  cfa_offset, -2
     578                      .dwcfi  save_reg_to_mem, 26, 0
     579                      .dwpsn  file "C:/ti/ccs1210/ccs/tools/compiler/ti-cgt-c2000_22.6.0.LTS/include/math.h",line 234,colum
     580 00000000 E696          MAXF32    R0H,R1H               ; [CPU_FPU] |234| 
         00000001 0008 
     581              $C$DW$40        .dwtag  DW_TAG_TI_branch
     582                      .dwattr $C$DW$40, DW_AT_low_pc(0x00)
TMS320C2000 Assembler PC v22.6.0 Mon Apr 21 09:03:27 2025

Copyright (c) 1996-2018 Texas Instruments Incorporated
app_isr2.asm                                                         PAGE   12

     583                      .dwattr $C$DW$40, DW_AT_TI_return
     584              
     585 00000002 0006          LRETR     ; [CPU_ALU] 
     586                      ; return occurs ; [] 
     587                      .dwattr $C$DW$36, DW_AT_TI_end_file("C:/ti/ccs1210/ccs/tools/compiler/ti-cgt-c2000_22.6.0.LTS/include
     588                      .dwattr $C$DW$36, DW_AT_TI_end_line(0xeb)
     589                      .dwattr $C$DW$36, DW_AT_TI_end_column(0x01)
     590                      .dwendentry
     591                      .dwendtag $C$DW$36
     592              
     593 00000000               .sect   ".text:__relaxed_cosf"
     594                      .clink
     595                      .global ||__relaxed_cosf||
     596              
     597              $C$DW$41        .dwtag  DW_TAG_subprogram
     598                      .dwattr $C$DW$41, DW_AT_name("__relaxed_cosf")
     599                      .dwattr $C$DW$41, DW_AT_low_pc(||__relaxed_cosf||)
     600                      .dwattr $C$DW$41, DW_AT_high_pc(0x00)
     601                      .dwattr $C$DW$41, DW_AT_linkage_name("__relaxed_cosf")
     602                      .dwattr $C$DW$41, DW_AT_external
     603                      .dwattr $C$DW$41, DW_AT_type(*$C$DW$T$16)
     604                      .dwattr $C$DW$41, DW_AT_decl_file("C:/ti/ccs1210/ccs/tools/compiler/ti-cgt-c2000_22.6.0.LTS/include/m
     605                      .dwattr $C$DW$41, DW_AT_decl_line(0x10d)
     606                      .dwattr $C$DW$41, DW_AT_decl_column(0x10)
     607                      .dwattr $C$DW$41, DW_AT_TI_max_frame_size(-2)
     608                      .dwpsn  file "C:/ti/ccs1210/ccs/tools/compiler/ti-cgt-c2000_22.6.0.LTS/include/math.h",line 270,colum
     609              
     610                      .dwfde $C$DW$CIE, ||__relaxed_cosf||
     611              $C$DW$42        .dwtag  DW_TAG_formal_parameter
     612                      .dwattr $C$DW$42, DW_AT_name("x")
     613                      .dwattr $C$DW$42, DW_AT_type(*$C$DW$T$16)
     614                      .dwattr $C$DW$42, DW_AT_location[DW_OP_regx 0x2b]
     615              
     616              
     617              ;***************************************************************
     618              ;* FNAME: __relaxed_cosf                FR SIZE:   0           *
     619              ;*                                                             *
     620              ;* FUNCTION ENVIRONMENT                                        *
     621              ;*                                                             *
     622              ;* FUNCTION PROPERTIES                                         *
     623              ;*                            0 Parameter,  0 Auto,  0 SOE     *
     624              ;***************************************************************
     625              
     626              ||__relaxed_cosf||:
     627              ;* R0    assigned to x
     628              $C$DW$43        .dwtag  DW_TAG_variable
     629                      .dwattr $C$DW$43, DW_AT_name("x")
     630                      .dwattr $C$DW$43, DW_AT_type(*$C$DW$T$26)
     631                      .dwattr $C$DW$43, DW_AT_location[DW_OP_regx 0x2b]
     632              
     633                      .dwcfi  cfa_offset, -2
     634                      .dwcfi  save_reg_to_mem, 26, 0
     635                      .dwpsn  file "C:/ti/ccs1210/ccs/tools/compiler/ti-cgt-c2000_22.6.0.LTS/include/math.h",line 271,colum
     636 00000000 E271          DIV2PIF32 R0H,R0H               ; [CPU_FPU] |271| 
         00000001 0000 
TMS320C2000 Assembler PC v22.6.0 Mon Apr 21 09:03:27 2025

Copyright (c) 1996-2018 Texas Instruments Incorporated
app_isr2.asm                                                         PAGE   13

     637 00000002 7700          NOP       ; [CPU_ALU] 
     638 00000003 E279          COSPUF32  R0H,R0H               ; [CPU_FPU] |271| 
         00000004 0000 
     639 00000005 7700          NOP       ; [CPU_ALU] 
     640 00000006 7700          NOP       ; [CPU_ALU] 
     641              $C$DW$44        .dwtag  DW_TAG_TI_branch
     642                      .dwattr $C$DW$44, DW_AT_low_pc(0x00)
     643                      .dwattr $C$DW$44, DW_AT_TI_return
     644              
     645 00000007 0006          LRETR     ; [CPU_ALU] 
     646                      ; return occurs ; [] 
     647                      .dwattr $C$DW$41, DW_AT_TI_end_file("C:/ti/ccs1210/ccs/tools/compiler/ti-cgt-c2000_22.6.0.LTS/include
     648                      .dwattr $C$DW$41, DW_AT_TI_end_line(0x110)
     649                      .dwattr $C$DW$41, DW_AT_TI_end_column(0x01)
     650                      .dwendentry
     651                      .dwendtag $C$DW$41
     652              
     653 00000000               .sect   ".text:__relaxed_atanf"
     654                      .clink
     655                      .global ||__relaxed_atanf||
     656              
     657              $C$DW$45        .dwtag  DW_TAG_subprogram
     658                      .dwattr $C$DW$45, DW_AT_name("__relaxed_atanf")
     659                      .dwattr $C$DW$45, DW_AT_low_pc(||__relaxed_atanf||)
     660                      .dwattr $C$DW$45, DW_AT_high_pc(0x00)
     661                      .dwattr $C$DW$45, DW_AT_linkage_name("__relaxed_atanf")
     662                      .dwattr $C$DW$45, DW_AT_external
     663                      .dwattr $C$DW$45, DW_AT_type(*$C$DW$T$16)
     664                      .dwattr $C$DW$45, DW_AT_decl_file("C:/ti/ccs1210/ccs/tools/compiler/ti-cgt-c2000_22.6.0.LTS/include/m
     665                      .dwattr $C$DW$45, DW_AT_decl_line(0x112)
     666                      .dwattr $C$DW$45, DW_AT_decl_column(0x10)
     667                      .dwattr $C$DW$45, DW_AT_TI_max_frame_size(-2)
     668                      .dwpsn  file "C:/ti/ccs1210/ccs/tools/compiler/ti-cgt-c2000_22.6.0.LTS/include/math.h",line 275,colum
     669              
     670                      .dwfde $C$DW$CIE, ||__relaxed_atanf||
     671              $C$DW$46        .dwtag  DW_TAG_formal_parameter
     672                      .dwattr $C$DW$46, DW_AT_name("x")
     673                      .dwattr $C$DW$46, DW_AT_type(*$C$DW$T$16)
     674                      .dwattr $C$DW$46, DW_AT_location[DW_OP_regx 0x2b]
     675              
     676              
     677              ;***************************************************************
     678              ;* FNAME: __relaxed_atanf               FR SIZE:   0           *
     679              ;*                                                             *
     680              ;* FUNCTION ENVIRONMENT                                        *
     681              ;*                                                             *
     682              ;* FUNCTION PROPERTIES                                         *
     683              ;*                            0 Parameter,  0 Auto,  0 SOE     *
     684              ;***************************************************************
     685              
     686              ||__relaxed_atanf||:
     687              ;* R0    assigned to x
     688              $C$DW$47        .dwtag  DW_TAG_variable
     689                      .dwattr $C$DW$47, DW_AT_name("x")
     690                      .dwattr $C$DW$47, DW_AT_type(*$C$DW$T$26)
TMS320C2000 Assembler PC v22.6.0 Mon Apr 21 09:03:27 2025

Copyright (c) 1996-2018 Texas Instruments Incorporated
app_isr2.asm                                                         PAGE   14

     691                      .dwattr $C$DW$47, DW_AT_location[DW_OP_regx 0x2b]
     692              
     693                      .dwcfi  cfa_offset, -2
     694                      .dwcfi  save_reg_to_mem, 26, 0
     695                      .dwpsn  file "C:/ti/ccs1210/ccs/tools/compiler/ti-cgt-c2000_22.6.0.LTS/include/math.h",line 276,colum
     696 00000000 E801          MOVIZ     R1H,#16256            ; [CPU_FPU] |276| 
         00000001 FC01 
     697 00000002 E27C          QUADF32   R1H,R0H,R0H,R1H       ; [CPU_FPU] |276| 
         00000003 0201 
     698 00000004 7700          NOP       ; [CPU_ALU] 
     699 00000005 7700          NOP       ; [CPU_ALU] 
     700 00000006 7700          NOP       ; [CPU_ALU] 
     701 00000007 7700          NOP       ; [CPU_ALU] 
     702 00000008 E27A          ATANPUF32 R0H,R0H               ; [CPU_FPU] |276| 
         00000009 0000 
     703 0000000a 7700          NOP       ; [CPU_ALU] 
     704 0000000b 7700          NOP       ; [CPU_ALU] 
     705 0000000c 7700          NOP       ; [CPU_ALU] 
     706 0000000d E710          ADDF32    R0H,R0H,R1H           ; [CPU_FPU] |276| 
         0000000e 0040 
     707 0000000f 7700          NOP       ; [CPU_ALU] 
     708 00000010 7700          NOP       ; [CPU_ALU] 
     709 00000011 E270          MPY2PIF32 R0H,R0H               ; [CPU_FPU] |276| 
         00000012 0000 
     710 00000013 7700          NOP       ; [CPU_ALU] 
     711              $C$DW$48        .dwtag  DW_TAG_TI_branch
     712                      .dwattr $C$DW$48, DW_AT_low_pc(0x00)
     713                      .dwattr $C$DW$48, DW_AT_TI_return
     714              
     715 00000014 0006          LRETR     ; [CPU_ALU] 
     716                      ; return occurs ; [] 
     717                      .dwattr $C$DW$45, DW_AT_TI_end_file("C:/ti/ccs1210/ccs/tools/compiler/ti-cgt-c2000_22.6.0.LTS/include
     718                      .dwattr $C$DW$45, DW_AT_TI_end_line(0x115)
     719                      .dwattr $C$DW$45, DW_AT_TI_end_column(0x01)
     720                      .dwendentry
     721                      .dwendtag $C$DW$45
     722              
     723 00000000               .sect   ".text:__relaxed_atan2f"
     724                      .clink
     725                      .global ||__relaxed_atan2f||
     726              
     727              $C$DW$49        .dwtag  DW_TAG_subprogram
     728                      .dwattr $C$DW$49, DW_AT_name("__relaxed_atan2f")
     729                      .dwattr $C$DW$49, DW_AT_low_pc(||__relaxed_atan2f||)
     730                      .dwattr $C$DW$49, DW_AT_high_pc(0x00)
     731                      .dwattr $C$DW$49, DW_AT_linkage_name("__relaxed_atan2f")
     732                      .dwattr $C$DW$49, DW_AT_external
     733                      .dwattr $C$DW$49, DW_AT_type(*$C$DW$T$16)
     734                      .dwattr $C$DW$49, DW_AT_decl_file("C:/ti/ccs1210/ccs/tools/compiler/ti-cgt-c2000_22.6.0.LTS/include/m
     735                      .dwattr $C$DW$49, DW_AT_decl_line(0x117)
     736                      .dwattr $C$DW$49, DW_AT_decl_column(0x10)
     737                      .dwattr $C$DW$49, DW_AT_TI_max_frame_size(-2)
     738                      .dwpsn  file "C:/ti/ccs1210/ccs/tools/compiler/ti-cgt-c2000_22.6.0.LTS/include/math.h",line 280,colum
     739              
     740                      .dwfde $C$DW$CIE, ||__relaxed_atan2f||
TMS320C2000 Assembler PC v22.6.0 Mon Apr 21 09:03:27 2025

Copyright (c) 1996-2018 Texas Instruments Incorporated
app_isr2.asm                                                         PAGE   15

     741              $C$DW$50        .dwtag  DW_TAG_formal_parameter
     742                      .dwattr $C$DW$50, DW_AT_name("y")
     743                      .dwattr $C$DW$50, DW_AT_type(*$C$DW$T$16)
     744                      .dwattr $C$DW$50, DW_AT_location[DW_OP_regx 0x2b]
     745              
     746              $C$DW$51        .dwtag  DW_TAG_formal_parameter
     747                      .dwattr $C$DW$51, DW_AT_name("x")
     748                      .dwattr $C$DW$51, DW_AT_type(*$C$DW$T$16)
     749                      .dwattr $C$DW$51, DW_AT_location[DW_OP_regx 0x2f]
     750              
     751              
     752              ;***************************************************************
     753              ;* FNAME: __relaxed_atan2f              FR SIZE:   0           *
     754              ;*                                                             *
     755              ;* FUNCTION ENVIRONMENT                                        *
     756              ;*                                                             *
     757              ;* FUNCTION PROPERTIES                                         *
     758              ;*                            0 Parameter,  0 Auto,  0 SOE     *
     759              ;***************************************************************
     760              
     761              ||__relaxed_atan2f||:
     762              ;* R0    assigned to y
     763              $C$DW$52        .dwtag  DW_TAG_variable
     764                      .dwattr $C$DW$52, DW_AT_name("y")
     765                      .dwattr $C$DW$52, DW_AT_type(*$C$DW$T$26)
     766                      .dwattr $C$DW$52, DW_AT_location[DW_OP_regx 0x2b]
     767              
     768              ;* R1    assigned to x
     769              $C$DW$53        .dwtag  DW_TAG_variable
     770                      .dwattr $C$DW$53, DW_AT_name("x")
     771                      .dwattr $C$DW$53, DW_AT_type(*$C$DW$T$26)
     772                      .dwattr $C$DW$53, DW_AT_location[DW_OP_regx 0x2f]
     773              
     774                      .dwcfi  cfa_offset, -2
     775                      .dwcfi  save_reg_to_mem, 26, 0
     776                      .dwpsn  file "C:/ti/ccs1210/ccs/tools/compiler/ti-cgt-c2000_22.6.0.LTS/include/math.h",line 281,colum
     777 00000000 E27C          QUADF32   R1H,R0H,R0H,R1H       ; [CPU_FPU] |281| 
         00000001 0201 
     778 00000002 7700          NOP       ; [CPU_ALU] 
     779 00000003 7700          NOP       ; [CPU_ALU] 
     780 00000004 7700          NOP       ; [CPU_ALU] 
     781 00000005 7700          NOP       ; [CPU_ALU] 
     782 00000006 E27A          ATANPUF32 R0H,R0H               ; [CPU_FPU] |281| 
         00000007 0000 
     783 00000008 7700          NOP       ; [CPU_ALU] 
     784 00000009 7700          NOP       ; [CPU_ALU] 
     785 0000000a 7700          NOP       ; [CPU_ALU] 
     786 0000000b E710          ADDF32    R0H,R0H,R1H           ; [CPU_FPU] |281| 
         0000000c 0040 
     787 0000000d 7700          NOP       ; [CPU_ALU] 
     788 0000000e 7700          NOP       ; [CPU_ALU] 
     789 0000000f E270          MPY2PIF32 R0H,R0H               ; [CPU_FPU] |281| 
         00000010 0000 
     790 00000011 7700          NOP       ; [CPU_ALU] 
     791              $C$DW$54        .dwtag  DW_TAG_TI_branch
TMS320C2000 Assembler PC v22.6.0 Mon Apr 21 09:03:27 2025

Copyright (c) 1996-2018 Texas Instruments Incorporated
app_isr2.asm                                                         PAGE   16

     792                      .dwattr $C$DW$54, DW_AT_low_pc(0x00)
     793                      .dwattr $C$DW$54, DW_AT_TI_return
     794              
     795 00000012 0006          LRETR     ; [CPU_ALU] 
     796                      ; return occurs ; [] 
     797                      .dwattr $C$DW$49, DW_AT_TI_end_file("C:/ti/ccs1210/ccs/tools/compiler/ti-cgt-c2000_22.6.0.LTS/include
     798                      .dwattr $C$DW$49, DW_AT_TI_end_line(0x11a)
     799                      .dwattr $C$DW$49, DW_AT_TI_end_column(0x01)
     800                      .dwendentry
     801                      .dwendtag $C$DW$49
     802              
     803 00000000               .sect   ".text:__isnormall"
     804                      .clink
     805                      .global ||__isnormall||
     806              
     807              $C$DW$55        .dwtag  DW_TAG_subprogram
     808                      .dwattr $C$DW$55, DW_AT_name("__isnormall")
     809                      .dwattr $C$DW$55, DW_AT_low_pc(||__isnormall||)
     810                      .dwattr $C$DW$55, DW_AT_high_pc(0x00)
     811                      .dwattr $C$DW$55, DW_AT_linkage_name("__isnormall")
     812                      .dwattr $C$DW$55, DW_AT_external
     813                      .dwattr $C$DW$55, DW_AT_type(*$C$DW$T$10)
     814                      .dwattr $C$DW$55, DW_AT_decl_file("C:/ti/ccs1210/ccs/tools/compiler/ti-cgt-c2000_22.6.0.LTS/include/_
     815                      .dwattr $C$DW$55, DW_AT_decl_line(0x167)
     816                      .dwattr $C$DW$55, DW_AT_decl_column(0x18)
     817                      .dwattr $C$DW$55, DW_AT_TI_max_frame_size(-6)
     818                      .dwpsn  file "C:/ti/ccs1210/ccs/tools/compiler/ti-cgt-c2000_22.6.0.LTS/include/_defs.h",line 360,colu
     819              
     820                      .dwfde $C$DW$CIE, ||__isnormall||
     821              $C$DW$56        .dwtag  DW_TAG_formal_parameter
     822                      .dwattr $C$DW$56, DW_AT_name("e")
     823                      .dwattr $C$DW$56, DW_AT_type(*$C$DW$T$29)
     824                      .dwattr $C$DW$56, DW_AT_location[DW_OP_reg12]
     825              
     826              
     827              ;***************************************************************
     828              ;* FNAME: __isnormall                   FR SIZE:   4           *
     829              ;*                                                             *
     830              ;* FUNCTION ENVIRONMENT                                        *
     831              ;*                                                             *
     832              ;* FUNCTION PROPERTIES                                         *
     833              ;*                            4 Parameter,  0 Auto,  0 SOE     *
     834              ;***************************************************************
     835              
     836              ||__isnormall||:
     837              ;* AR5   assigned to $O$C2
     838              ;* AR6   assigned to $O$S1
     839              ;* AR4   assigned to e
     840              $C$DW$57        .dwtag  DW_TAG_variable
     841                      .dwattr $C$DW$57, DW_AT_name("e")
     842                      .dwattr $C$DW$57, DW_AT_type(*$C$DW$T$30)
     843                      .dwattr $C$DW$57, DW_AT_location[DW_OP_reg12]
     844              
     845                      .dwcfi  cfa_offset, -2
     846                      .dwcfi  save_reg_to_mem, 26, 0
TMS320C2000 Assembler PC v22.6.0 Mon Apr 21 09:03:27 2025

Copyright (c) 1996-2018 Texas Instruments Incorporated
app_isr2.asm                                                         PAGE   17

     847 00000000 FE04          ADDB      SP,#4                 ; [CPU_ARAU] 
     848                      .dwcfi  cfa_offset, -6
     849                      .dwpsn  file "C:/ti/ccs1210/ccs/tools/compiler/ti-cgt-c2000_22.6.0.LTS/include/_defs.h",line 360,colu
     850 00000001 83C4          MOVL      XAR5,*+XAR4[0]        ; [CPU_ALU] |360| 
     851 00000002 8AD4          MOVL      XAR4,*+XAR4[2]        ; [CPU_ALU] |360| 
     852 00000003 BE00          MOVB      XAR6,#0               ; [CPU_ALU] |360| 
     853 00000004 28AC          MOV       T,#52                 ; [CPU_ALU] |360| 
         00000005 0034 
     854 00000006 A0AB          MOVL      P,XAR5                ; [CPU_ALU] |360| 
     855 00000007 A8A9          MOVL      ACC,XAR4              ; [CPU_ALU] |360| 
     856 00000008 C244          MOVL      *-SP[4],XAR6          ; [CPU_ALU] |360| 
     857 00000009 2B42          MOV       *-SP[2],#0            ; [CPU_ALU] |360| 
     858 0000000a 565B          LSR64     ACC:P,T               ; [CPU_ALU] |360| 
     859 0000000b 2B41          MOV       *-SP[1],#0            ; [CPU_FPU] |360| 
     860 0000000c 9000          ANDB      AL,#0                 ; [CPU_ALU] |360| 
     861 0000000d 9100          ANDB      AH,#0                 ; [CPU_ALU] |360| 
     862 0000000e 18AB          AND       PL,#2047              ; [CPU_ALU] |360| 
         0000000f 07FF 
     863 00000010 18AA          AND       PH,#0                 ; [CPU_ALU] |360| 
         00000011 0000 
     864              $C$DW$58        .dwtag  DW_TAG_TI_branch
     865                      .dwattr $C$DW$58, DW_AT_low_pc(0x00)
     866                      .dwattr $C$DW$58, DW_AT_name("__c28xabi_cmpull")
     867                      .dwattr $C$DW$58, DW_AT_TI_call
     868              
     869 00000012 7640!         LCR       #||__c28xabi_cmpull|| ; [CPU_ALU] |360| 
         00000013 0000 
     870                      ; call occurs [#||__c28xabi_cmpull||] ; [] |360| 
     871 00000014 BE00          MOVB      XAR6,#0               ; [CPU_ALU] |360| 
     872 00000015 5200          CMPB      AL,#0                 ; [CPU_ALU] |360| 
     873 00000016 610E          B         ||$C$L1||,EQ          ; [CPU_ALU] |360| 
     874                      ; branchcc occurs ; [] |360| 
     875 00000017 A0AB          MOVL      P,XAR5                ; [CPU_ALU] |360| 
     876 00000018 A8A9          MOVL      ACC,XAR4              ; [CPU_ALU] |360| 
     877 00000019 28AC          MOV       T,#48                 ; [CPU_ALU] |360| 
         0000001a 0030 
     878 0000001b 565B          LSR64     ACC:P,T               ; [CPU_ALU] |360| 
     879 0000001c 18AB          AND       PL,#0x7ff0            ; [CPU_ALU] |360| 
         0000001d 7FF0 
     880 0000001e 80AB          MOVZ      AR7,PL                ; [CPU_ALU] |360| 
     881 0000001f FF20          MOV       ACC,#32752            ; [CPU_ALU] |360| 
         00000020 7FF0 
     882 00000021 0FA7          CMPL      ACC,XAR7              ; [CPU_ALU] |360| 
     883 00000022 56B0          MOVB      XAR6,#1,NEQ           ; [CPU_ALU] |360| 
         00000023 01A6 
     884 00000024       ||$C$L1||:    
     885 00000024 FE84          SUBB      SP,#4                 ; [CPU_ARAU] 
     886                      .dwcfi  cfa_offset, -2
     887 00000025 92A6          MOV       AL,AR6                ; [CPU_ALU] |360| 
     888              $C$DW$59        .dwtag  DW_TAG_TI_branch
     889                      .dwattr $C$DW$59, DW_AT_low_pc(0x00)
     890                      .dwattr $C$DW$59, DW_AT_TI_return
     891              
     892 00000026 0006          LRETR     ; [CPU_ALU] 
     893                      ; return occurs ; [] 
TMS320C2000 Assembler PC v22.6.0 Mon Apr 21 09:03:27 2025

Copyright (c) 1996-2018 Texas Instruments Incorporated
app_isr2.asm                                                         PAGE   18

     894                      .dwattr $C$DW$55, DW_AT_TI_end_file("C:/ti/ccs1210/ccs/tools/compiler/ti-cgt-c2000_22.6.0.LTS/include
     895                      .dwattr $C$DW$55, DW_AT_TI_end_line(0x169)
     896                      .dwattr $C$DW$55, DW_AT_TI_end_column(0x31)
     897                      .dwendentry
     898                      .dwendtag $C$DW$55
     899              
     900 00000000               .sect   ".text:__isnormalf"
     901                      .clink
     902                      .global ||__isnormalf||
     903              
     904              $C$DW$60        .dwtag  DW_TAG_subprogram
     905                      .dwattr $C$DW$60, DW_AT_name("__isnormalf")
     906                      .dwattr $C$DW$60, DW_AT_low_pc(||__isnormalf||)
     907                      .dwattr $C$DW$60, DW_AT_high_pc(0x00)
     908                      .dwattr $C$DW$60, DW_AT_linkage_name("__isnormalf")
     909                      .dwattr $C$DW$60, DW_AT_external
     910                      .dwattr $C$DW$60, DW_AT_type(*$C$DW$T$10)
     911                      .dwattr $C$DW$60, DW_AT_decl_file("C:/ti/ccs1210/ccs/tools/compiler/ti-cgt-c2000_22.6.0.LTS/include/_
     912                      .dwattr $C$DW$60, DW_AT_decl_line(0x163)
     913                      .dwattr $C$DW$60, DW_AT_decl_column(0x18)
     914                      .dwattr $C$DW$60, DW_AT_TI_max_frame_size(-2)
     915                      .dwpsn  file "C:/ti/ccs1210/ccs/tools/compiler/ti-cgt-c2000_22.6.0.LTS/include/_defs.h",line 356,colu
     916              
     917                      .dwfde $C$DW$CIE, ||__isnormalf||
     918              $C$DW$61        .dwtag  DW_TAG_formal_parameter
     919                      .dwattr $C$DW$61, DW_AT_name("f")
     920                      .dwattr $C$DW$61, DW_AT_type(*$C$DW$T$16)
     921                      .dwattr $C$DW$61, DW_AT_location[DW_OP_regx 0x2b]
     922              
     923              
     924              ;***************************************************************
     925              ;* FNAME: __isnormalf                   FR SIZE:   0           *
     926              ;*                                                             *
     927              ;* FUNCTION ENVIRONMENT                                        *
     928              ;*                                                             *
     929              ;* FUNCTION PROPERTIES                                         *
     930              ;*                            0 Parameter,  0 Auto,  0 SOE     *
     931              ;***************************************************************
     932              
     933              ||__isnormalf||:
     934              ;* PL    assigned to $O$K3
     935              ;* AR6   assigned to $O$S1
     936              ;* R0    assigned to f
     937              $C$DW$62        .dwtag  DW_TAG_variable
     938                      .dwattr $C$DW$62, DW_AT_name("f")
     939                      .dwattr $C$DW$62, DW_AT_type(*$C$DW$T$26)
     940                      .dwattr $C$DW$62, DW_AT_location[DW_OP_regx 0x2b]
     941              
     942                      .dwcfi  cfa_offset, -2
     943                      .dwcfi  save_reg_to_mem, 26, 0
     944                      .dwpsn  file "C:/ti/ccs1210/ccs/tools/compiler/ti-cgt-c2000_22.6.0.LTS/include/_defs.h",line 356,colu
     945 00000000 BFAB          MOV32     P,R0H                 ; [CPU_FPU] |356| 
         00000001 0F12 
     946 00000002 28AC          MOV       T,#23                 ; [CPU_ALU] |356| 
         00000003 0017 
TMS320C2000 Assembler PC v22.6.0 Mon Apr 21 09:03:27 2025

Copyright (c) 1996-2018 Texas Instruments Incorporated
app_isr2.asm                                                         PAGE   19

     947 00000004 A9A9          MOVL      ACC,P                 ; [CPU_ALU] |356| 
     948 00000005 BE00          MOVB      XAR6,#0               ; [CPU_ALU] |356| 
     949 00000006 5622          LSRL      ACC,T                 ; [CPU_ALU] |356| 
     950 00000007 90FF          ANDB      AL,#0xff              ; [CPU_ALU] |356| 
     951 00000008 6109          B         ||$C$L2||,EQ          ; [CPU_ALU] |356| 
     952                      ; branchcc occurs ; [] |356| 
     953 00000009 CCAA          AND       AL,PH,#0x7f80         ; [CPU_ALU] |356| 
         0000000a 7F80 
     954 0000000b 80A9          MOVZ      AR7,AL                ; [CPU_ALU] |356| 
     955 0000000c FF20          MOV       ACC,#32640            ; [CPU_ALU] |356| 
         0000000d 7F80 
     956 0000000e 0FA7          CMPL      ACC,XAR7              ; [CPU_ALU] |356| 
     957 0000000f 56B0          MOVB      XAR6,#1,NEQ           ; [CPU_ALU] |356| 
         00000010 01A6 
     958 00000011       ||$C$L2||:    
     959 00000011 92A6          MOV       AL,AR6                ; [CPU_ALU] |356| 
     960              $C$DW$63        .dwtag  DW_TAG_TI_branch
     961                      .dwattr $C$DW$63, DW_AT_low_pc(0x00)
     962                      .dwattr $C$DW$63, DW_AT_TI_return
     963              
     964 00000012 0006          LRETR     ; [CPU_ALU] 
     965                      ; return occurs ; [] 
     966                      .dwattr $C$DW$60, DW_AT_TI_end_file("C:/ti/ccs1210/ccs/tools/compiler/ti-cgt-c2000_22.6.0.LTS/include
     967                      .dwattr $C$DW$60, DW_AT_TI_end_line(0x165)
     968                      .dwattr $C$DW$60, DW_AT_TI_end_column(0x2f)
     969                      .dwendentry
     970                      .dwendtag $C$DW$60
     971              
     972 00000000               .sect   ".text:__isnormal"
     973                      .clink
     974                      .global ||__isnormal||
     975              
     976              $C$DW$64        .dwtag  DW_TAG_subprogram
     977                      .dwattr $C$DW$64, DW_AT_name("__isnormal")
     978                      .dwattr $C$DW$64, DW_AT_low_pc(||__isnormal||)
     979                      .dwattr $C$DW$64, DW_AT_high_pc(0x00)
     980                      .dwattr $C$DW$64, DW_AT_linkage_name("__isnormal")
     981                      .dwattr $C$DW$64, DW_AT_external
     982                      .dwattr $C$DW$64, DW_AT_type(*$C$DW$T$10)
     983                      .dwattr $C$DW$64, DW_AT_decl_file("C:/ti/ccs1210/ccs/tools/compiler/ti-cgt-c2000_22.6.0.LTS/include/_
     984                      .dwattr $C$DW$64, DW_AT_decl_line(0x15f)
     985                      .dwattr $C$DW$64, DW_AT_decl_column(0x18)
     986                      .dwattr $C$DW$64, DW_AT_TI_max_frame_size(-6)
     987                      .dwpsn  file "C:/ti/ccs1210/ccs/tools/compiler/ti-cgt-c2000_22.6.0.LTS/include/_defs.h",line 352,colu
     988              
     989                      .dwfde $C$DW$CIE, ||__isnormal||
     990              $C$DW$65        .dwtag  DW_TAG_formal_parameter
     991                      .dwattr $C$DW$65, DW_AT_name("d")
     992                      .dwattr $C$DW$65, DW_AT_type(*$C$DW$T$27)
     993                      .dwattr $C$DW$65, DW_AT_location[DW_OP_reg12]
     994              
     995              
     996              ;***************************************************************
     997              ;* FNAME: __isnormal                    FR SIZE:   4           *
     998              ;*                                                             *
TMS320C2000 Assembler PC v22.6.0 Mon Apr 21 09:03:27 2025

Copyright (c) 1996-2018 Texas Instruments Incorporated
app_isr2.asm                                                         PAGE   20

     999              ;* FUNCTION ENVIRONMENT                                        *
    1000              ;*                                                             *
    1001              ;* FUNCTION PROPERTIES                                         *
    1002              ;*                            4 Parameter,  0 Auto,  0 SOE     *
    1003              ;***************************************************************
    1004              
    1005              ||__isnormal||:
    1006              ;* AR5   assigned to $O$C2
    1007              ;* AR6   assigned to $O$S1
    1008              ;* AR4   assigned to d
    1009              $C$DW$66        .dwtag  DW_TAG_variable
    1010                      .dwattr $C$DW$66, DW_AT_name("d")
    1011                      .dwattr $C$DW$66, DW_AT_type(*$C$DW$T$28)
    1012                      .dwattr $C$DW$66, DW_AT_location[DW_OP_reg12]
    1013              
    1014                      .dwcfi  cfa_offset, -2
    1015                      .dwcfi  save_reg_to_mem, 26, 0
    1016 00000000 FE04          ADDB      SP,#4                 ; [CPU_ARAU] 
    1017                      .dwcfi  cfa_offset, -6
    1018                      .dwpsn  file "C:/ti/ccs1210/ccs/tools/compiler/ti-cgt-c2000_22.6.0.LTS/include/_defs.h",line 352,colu
    1019 00000001 83C4          MOVL      XAR5,*+XAR4[0]        ; [CPU_ALU] |352| 
    1020 00000002 8AD4          MOVL      XAR4,*+XAR4[2]        ; [CPU_ALU] |352| 
    1021 00000003 BE00          MOVB      XAR6,#0               ; [CPU_ALU] |352| 
    1022 00000004 28AC          MOV       T,#52                 ; [CPU_ALU] |352| 
         00000005 0034 
    1023 00000006 A0AB          MOVL      P,XAR5                ; [CPU_ALU] |352| 
    1024 00000007 A8A9          MOVL      ACC,XAR4              ; [CPU_ALU] |352| 
    1025 00000008 C244          MOVL      *-SP[4],XAR6          ; [CPU_ALU] |352| 
    1026 00000009 2B42          MOV       *-SP[2],#0            ; [CPU_ALU] |352| 
    1027 0000000a 565B          LSR64     ACC:P,T               ; [CPU_ALU] |352| 
    1028 0000000b 2B41          MOV       *-SP[1],#0            ; [CPU_FPU] |352| 
    1029 0000000c 9000          ANDB      AL,#0                 ; [CPU_ALU] |352| 
    1030 0000000d 9100          ANDB      AH,#0                 ; [CPU_ALU] |352| 
    1031 0000000e 18AB          AND       PL,#2047              ; [CPU_ALU] |352| 
         0000000f 07FF 
    1032 00000010 18AA          AND       PH,#0                 ; [CPU_ALU] |352| 
         00000011 0000 
    1033              $C$DW$67        .dwtag  DW_TAG_TI_branch
    1034                      .dwattr $C$DW$67, DW_AT_low_pc(0x00)
    1035                      .dwattr $C$DW$67, DW_AT_name("__c28xabi_cmpull")
    1036                      .dwattr $C$DW$67, DW_AT_TI_call
    1037              
    1038 00000012 7640!         LCR       #||__c28xabi_cmpull|| ; [CPU_ALU] |352| 
         00000013 0000 
    1039                      ; call occurs [#||__c28xabi_cmpull||] ; [] |352| 
    1040 00000014 BE00          MOVB      XAR6,#0               ; [CPU_ALU] |352| 
    1041 00000015 5200          CMPB      AL,#0                 ; [CPU_ALU] |352| 
    1042 00000016 610E          B         ||$C$L3||,EQ          ; [CPU_ALU] |352| 
    1043                      ; branchcc occurs ; [] |352| 
    1044 00000017 A0AB          MOVL      P,XAR5                ; [CPU_ALU] |352| 
    1045 00000018 A8A9          MOVL      ACC,XAR4              ; [CPU_ALU] |352| 
    1046 00000019 28AC          MOV       T,#48                 ; [CPU_ALU] |352| 
         0000001a 0030 
    1047 0000001b 565B          LSR64     ACC:P,T               ; [CPU_ALU] |352| 
    1048 0000001c 18AB          AND       PL,#0x7ff0            ; [CPU_ALU] |352| 
TMS320C2000 Assembler PC v22.6.0 Mon Apr 21 09:03:27 2025

Copyright (c) 1996-2018 Texas Instruments Incorporated
app_isr2.asm                                                         PAGE   21

         0000001d 7FF0 
    1049 0000001e 80AB          MOVZ      AR7,PL                ; [CPU_ALU] |352| 
    1050 0000001f FF20          MOV       ACC,#32752            ; [CPU_ALU] |352| 
         00000020 7FF0 
    1051 00000021 0FA7          CMPL      ACC,XAR7              ; [CPU_ALU] |352| 
    1052 00000022 56B0          MOVB      XAR6,#1,NEQ           ; [CPU_ALU] |352| 
         00000023 01A6 
    1053 00000024       ||$C$L3||:    
    1054 00000024 FE84          SUBB      SP,#4                 ; [CPU_ARAU] 
    1055                      .dwcfi  cfa_offset, -2
    1056 00000025 92A6          MOV       AL,AR6                ; [CPU_ALU] |352| 
    1057              $C$DW$68        .dwtag  DW_TAG_TI_branch
    1058                      .dwattr $C$DW$68, DW_AT_low_pc(0x00)
    1059                      .dwattr $C$DW$68, DW_AT_TI_return
    1060              
    1061 00000026 0006          LRETR     ; [CPU_ALU] 
    1062                      ; return occurs ; [] 
    1063                      .dwattr $C$DW$64, DW_AT_TI_end_file("C:/ti/ccs1210/ccs/tools/compiler/ti-cgt-c2000_22.6.0.LTS/include
    1064                      .dwattr $C$DW$64, DW_AT_TI_end_line(0x161)
    1065                      .dwattr $C$DW$64, DW_AT_TI_end_column(0x30)
    1066                      .dwendentry
    1067                      .dwendtag $C$DW$64
    1068              
    1069 00000000               .sect   ".text:__isnanl"
    1070                      .clink
    1071                      .global ||__isnanl||
    1072              
    1073              $C$DW$69        .dwtag  DW_TAG_subprogram
    1074                      .dwattr $C$DW$69, DW_AT_name("__isnanl")
    1075                      .dwattr $C$DW$69, DW_AT_low_pc(||__isnanl||)
    1076                      .dwattr $C$DW$69, DW_AT_high_pc(0x00)
    1077                      .dwattr $C$DW$69, DW_AT_linkage_name("__isnanl")
    1078                      .dwattr $C$DW$69, DW_AT_external
    1079                      .dwattr $C$DW$69, DW_AT_type(*$C$DW$T$10)
    1080                      .dwattr $C$DW$69, DW_AT_decl_file("C:/ti/ccs1210/ccs/tools/compiler/ti-cgt-c2000_22.6.0.LTS/include/_
    1081                      .dwattr $C$DW$69, DW_AT_decl_line(0x15b)
    1082                      .dwattr $C$DW$69, DW_AT_decl_column(0x18)
    1083                      .dwattr $C$DW$69, DW_AT_TI_max_frame_size(-6)
    1084                      .dwpsn  file "C:/ti/ccs1210/ccs/tools/compiler/ti-cgt-c2000_22.6.0.LTS/include/_defs.h",line 348,colu
    1085              
    1086                      .dwfde $C$DW$CIE, ||__isnanl||
    1087              $C$DW$70        .dwtag  DW_TAG_formal_parameter
    1088                      .dwattr $C$DW$70, DW_AT_name("e")
    1089                      .dwattr $C$DW$70, DW_AT_type(*$C$DW$T$29)
    1090                      .dwattr $C$DW$70, DW_AT_location[DW_OP_reg12]
    1091              
    1092              
    1093              ;***************************************************************
    1094              ;* FNAME: __isnanl                      FR SIZE:   4           *
    1095              ;*                                                             *
    1096              ;* FUNCTION ENVIRONMENT                                        *
    1097              ;*                                                             *
    1098              ;* FUNCTION PROPERTIES                                         *
    1099              ;*                            4 Parameter,  0 Auto,  0 SOE     *
    1100              ;***************************************************************
TMS320C2000 Assembler PC v22.6.0 Mon Apr 21 09:03:27 2025

Copyright (c) 1996-2018 Texas Instruments Incorporated
app_isr2.asm                                                         PAGE   22

    1101              
    1102              ||__isnanl||:
    1103              ;* AR7   assigned to $O$C2
    1104              ;* AR4   assigned to $O$S1
    1105              ;* AR4   assigned to e
    1106              $C$DW$71        .dwtag  DW_TAG_variable
    1107                      .dwattr $C$DW$71, DW_AT_name("e")
    1108                      .dwattr $C$DW$71, DW_AT_type(*$C$DW$T$30)
    1109                      .dwattr $C$DW$71, DW_AT_location[DW_OP_reg12]
    1110              
    1111                      .dwcfi  cfa_offset, -2
    1112                      .dwcfi  save_reg_to_mem, 26, 0
    1113 00000000 FE04          ADDB      SP,#4                 ; [CPU_ARAU] 
    1114                      .dwcfi  cfa_offset, -6
    1115                      .dwpsn  file "C:/ti/ccs1210/ccs/tools/compiler/ti-cgt-c2000_22.6.0.LTS/include/_defs.h",line 348,colu
    1116 00000001 C5C4          MOVL      XAR7,*+XAR4[0]        ; [CPU_ALU] |348| 
    1117 00000002 06D4          MOVL      ACC,*+XAR4[2]         ; [CPU_ALU] |348| 
    1118 00000003 28AC          MOV       T,#48                 ; [CPU_ALU] |348| 
         00000004 0030 
    1119 00000005 1EA6          MOVL      XAR6,ACC              ; [CPU_ALU] |348| 
    1120 00000006 A3A7          MOVL      P,XAR7                ; [CPU_ALU] |348| 
    1121 00000007 D400          MOVB      XAR4,#0               ; [CPU_ALU] |348| 
    1122 00000008 565B          LSR64     ACC:P,T               ; [CPU_ALU] |348| 
    1123 00000009 2BAA          MOV       PH,#0                 ; [CPU_ALU] |348| 
    1124 0000000a 18AB          AND       PL,#0x7ff0            ; [CPU_ALU] |348| 
         0000000b 7FF0 
    1125 0000000c FF20          MOV       ACC,#32752            ; [CPU_ALU] |348| 
         0000000d 7FF0 
    1126 0000000e 0FAB          CMPL      ACC,P                 ; [CPU_ALU] |348| 
    1127 0000000f 6013          B         ||$C$L4||,NEQ         ; [CPU_ALU] |348| 
    1128                      ; branchcc occurs ; [] |348| 
    1129 00000010 06A6          MOVL      ACC,XAR6              ; [CPU_ALU] |348| 
    1130 00000011 A3A7          MOVL      P,XAR7                ; [CPU_ALU] |348| 
    1131 00000012 BE00          MOVB      XAR6,#0               ; [CPU_ALU] |348| 
    1132 00000013 18A9          AND       AL,#65535             ; [CPU_ALU] |348| 
         00000014 FFFF 
    1133 00000015 910F          ANDB      AH,#15                ; [CPU_ALU] |348| 
    1134 00000016 18AB          AND       PL,#65535             ; [CPU_ALU] |348| 
         00000017 FFFF 
    1135 00000018 18AA          AND       PH,#65535             ; [CPU_ALU] |348| 
         00000019 FFFF 
    1136 0000001a C244          MOVL      *-SP[4],XAR6          ; [CPU_FPU] |348| 
    1137 0000001b 2B42          MOV       *-SP[2],#0            ; [CPU_FPU] |348| 
    1138 0000001c 2B41          MOV       *-SP[1],#0            ; [CPU_FPU] |348| 
    1139              $C$DW$72        .dwtag  DW_TAG_TI_branch
    1140                      .dwattr $C$DW$72, DW_AT_low_pc(0x00)
    1141                      .dwattr $C$DW$72, DW_AT_name("__c28xabi_cmpull")
    1142                      .dwattr $C$DW$72, DW_AT_TI_call
    1143              
    1144 0000001d 7640!         LCR       #||__c28xabi_cmpull|| ; [CPU_ALU] |348| 
         0000001e 0000 
    1145                      ; call occurs [#||__c28xabi_cmpull||] ; [] |348| 
    1146 0000001f 5200          CMPB      AL,#0                 ; [CPU_ALU] |348| 
    1147 00000020 56B0          MOVB      XAR4,#1,NEQ           ; [CPU_ALU] |348| 
         00000021 01A4 
TMS320C2000 Assembler PC v22.6.0 Mon Apr 21 09:03:27 2025

Copyright (c) 1996-2018 Texas Instruments Incorporated
app_isr2.asm                                                         PAGE   23

    1148 00000022       ||$C$L4||:    
    1149 00000022 FE84          SUBB      SP,#4                 ; [CPU_ARAU] 
    1150                      .dwcfi  cfa_offset, -2
    1151 00000023 92A4          MOV       AL,AR4                ; [CPU_ALU] |348| 
    1152              $C$DW$73        .dwtag  DW_TAG_TI_branch
    1153                      .dwattr $C$DW$73, DW_AT_low_pc(0x00)
    1154                      .dwattr $C$DW$73, DW_AT_TI_return
    1155              
    1156 00000024 0006          LRETR     ; [CPU_ALU] 
    1157                      ; return occurs ; [] 
    1158                      .dwattr $C$DW$69, DW_AT_TI_end_file("C:/ti/ccs1210/ccs/tools/compiler/ti-cgt-c2000_22.6.0.LTS/include
    1159                      .dwattr $C$DW$69, DW_AT_TI_end_line(0x15d)
    1160                      .dwattr $C$DW$69, DW_AT_TI_end_column(0x30)
    1161                      .dwendentry
    1162                      .dwendtag $C$DW$69
    1163              
    1164 00000000               .sect   ".text:__isnanf"
    1165                      .clink
    1166                      .global ||__isnanf||
    1167              
    1168              $C$DW$74        .dwtag  DW_TAG_subprogram
    1169                      .dwattr $C$DW$74, DW_AT_name("__isnanf")
    1170                      .dwattr $C$DW$74, DW_AT_low_pc(||__isnanf||)
    1171                      .dwattr $C$DW$74, DW_AT_high_pc(0x00)
    1172                      .dwattr $C$DW$74, DW_AT_linkage_name("__isnanf")
    1173                      .dwattr $C$DW$74, DW_AT_external
    1174                      .dwattr $C$DW$74, DW_AT_type(*$C$DW$T$10)
    1175                      .dwattr $C$DW$74, DW_AT_decl_file("C:/ti/ccs1210/ccs/tools/compiler/ti-cgt-c2000_22.6.0.LTS/include/_
    1176                      .dwattr $C$DW$74, DW_AT_decl_line(0x158)
    1177                      .dwattr $C$DW$74, DW_AT_decl_column(0x18)
    1178                      .dwattr $C$DW$74, DW_AT_TI_max_frame_size(-2)
    1179                      .dwpsn  file "C:/ti/ccs1210/ccs/tools/compiler/ti-cgt-c2000_22.6.0.LTS/include/_defs.h",line 345,colu
    1180              
    1181                      .dwfde $C$DW$CIE, ||__isnanf||
    1182              $C$DW$75        .dwtag  DW_TAG_formal_parameter
    1183                      .dwattr $C$DW$75, DW_AT_name("f")
    1184                      .dwattr $C$DW$75, DW_AT_type(*$C$DW$T$16)
    1185                      .dwattr $C$DW$75, DW_AT_location[DW_OP_regx 0x2b]
    1186              
    1187              
    1188              ;***************************************************************
    1189              ;* FNAME: __isnanf                      FR SIZE:   0           *
    1190              ;*                                                             *
    1191              ;* FUNCTION ENVIRONMENT                                        *
    1192              ;*                                                             *
    1193              ;* FUNCTION PROPERTIES                                         *
    1194              ;*                            0 Parameter,  0 Auto,  0 SOE     *
    1195              ;***************************************************************
    1196              
    1197              ||__isnanf||:
    1198              ;* PL    assigned to $O$K3
    1199              ;* AR6   assigned to $O$S1
    1200              ;* R0    assigned to f
    1201              $C$DW$76        .dwtag  DW_TAG_variable
    1202                      .dwattr $C$DW$76, DW_AT_name("f")
TMS320C2000 Assembler PC v22.6.0 Mon Apr 21 09:03:27 2025

Copyright (c) 1996-2018 Texas Instruments Incorporated
app_isr2.asm                                                         PAGE   24

    1203                      .dwattr $C$DW$76, DW_AT_type(*$C$DW$T$26)
    1204                      .dwattr $C$DW$76, DW_AT_location[DW_OP_regx 0x2b]
    1205              
    1206                      .dwcfi  cfa_offset, -2
    1207                      .dwcfi  save_reg_to_mem, 26, 0
    1208                      .dwpsn  file "C:/ti/ccs1210/ccs/tools/compiler/ti-cgt-c2000_22.6.0.LTS/include/_defs.h",line 345,colu
    1209 00000000 BFAB          MOV32     P,R0H                 ; [CPU_FPU] |345| 
         00000001 0F12 
    1210 00000002 CCAA          AND       AL,PH,#0x7f80         ; [CPU_ALU] |345| 
         00000003 7F80 
    1211 00000004 80A9          MOVZ      AR7,AL                ; [CPU_ALU] |345| 
    1212 00000005 BE00          MOVB      XAR6,#0               ; [CPU_ALU] |345| 
    1213 00000006 FF20          MOV       ACC,#32640            ; [CPU_ALU] |345| 
         00000007 7F80 
    1214 00000008 0FA7          CMPL      ACC,XAR7              ; [CPU_ALU] |345| 
    1215 00000009 6006          B         ||$C$L5||,NEQ         ; [CPU_ALU] |345| 
    1216                      ; branchcc occurs ; [] |345| 
    1217 0000000a A9A9          MOVL      ACC,P                 ; [CPU_ALU] |345| 
    1218 0000000b 917F          ANDB      AH,#127               ; [CPU_ALU] |345| 
    1219 0000000c FF58          TEST      ACC                   ; [CPU_ALU] |345| 
    1220 0000000d 56B0          MOVB      XAR6,#1,NEQ           ; [CPU_ALU] |345| 
         0000000e 01A6 
    1221 0000000f       ||$C$L5||:    
    1222 0000000f 92A6          MOV       AL,AR6                ; [CPU_ALU] |345| 
    1223              $C$DW$77        .dwtag  DW_TAG_TI_branch
    1224                      .dwattr $C$DW$77, DW_AT_low_pc(0x00)
    1225                      .dwattr $C$DW$77, DW_AT_TI_return
    1226              
    1227 00000010 0006          LRETR     ; [CPU_ALU] 
    1228                      ; return occurs ; [] 
    1229                      .dwattr $C$DW$74, DW_AT_TI_end_file("C:/ti/ccs1210/ccs/tools/compiler/ti-cgt-c2000_22.6.0.LTS/include
    1230                      .dwattr $C$DW$74, DW_AT_TI_end_line(0x15a)
    1231                      .dwattr $C$DW$74, DW_AT_TI_end_column(0x2e)
    1232                      .dwendentry
    1233                      .dwendtag $C$DW$74
    1234              
    1235 00000000               .sect   ".text:__isnan"
    1236                      .clink
    1237                      .global ||__isnan||
    1238              
    1239              $C$DW$78        .dwtag  DW_TAG_subprogram
    1240                      .dwattr $C$DW$78, DW_AT_name("__isnan")
    1241                      .dwattr $C$DW$78, DW_AT_low_pc(||__isnan||)
    1242                      .dwattr $C$DW$78, DW_AT_high_pc(0x00)
    1243                      .dwattr $C$DW$78, DW_AT_linkage_name("__isnan")
    1244                      .dwattr $C$DW$78, DW_AT_external
    1245                      .dwattr $C$DW$78, DW_AT_type(*$C$DW$T$10)
    1246                      .dwattr $C$DW$78, DW_AT_decl_file("C:/ti/ccs1210/ccs/tools/compiler/ti-cgt-c2000_22.6.0.LTS/include/_
    1247                      .dwattr $C$DW$78, DW_AT_decl_line(0x155)
    1248                      .dwattr $C$DW$78, DW_AT_decl_column(0x18)
    1249                      .dwattr $C$DW$78, DW_AT_TI_max_frame_size(-6)
    1250                      .dwpsn  file "C:/ti/ccs1210/ccs/tools/compiler/ti-cgt-c2000_22.6.0.LTS/include/_defs.h",line 342,colu
    1251              
    1252                      .dwfde $C$DW$CIE, ||__isnan||
    1253              $C$DW$79        .dwtag  DW_TAG_formal_parameter
TMS320C2000 Assembler PC v22.6.0 Mon Apr 21 09:03:27 2025

Copyright (c) 1996-2018 Texas Instruments Incorporated
app_isr2.asm                                                         PAGE   25

    1254                      .dwattr $C$DW$79, DW_AT_name("d")
    1255                      .dwattr $C$DW$79, DW_AT_type(*$C$DW$T$27)
    1256                      .dwattr $C$DW$79, DW_AT_location[DW_OP_reg12]
    1257              
    1258              
    1259              ;***************************************************************
    1260              ;* FNAME: __isnan                       FR SIZE:   4           *
    1261              ;*                                                             *
    1262              ;* FUNCTION ENVIRONMENT                                        *
    1263              ;*                                                             *
    1264              ;* FUNCTION PROPERTIES                                         *
    1265              ;*                            4 Parameter,  0 Auto,  0 SOE     *
    1266              ;***************************************************************
    1267              
    1268              ||__isnan||:
    1269              ;* AR7   assigned to $O$C2
    1270              ;* AR4   assigned to $O$S1
    1271              ;* AR4   assigned to d
    1272              $C$DW$80        .dwtag  DW_TAG_variable
    1273                      .dwattr $C$DW$80, DW_AT_name("d")
    1274                      .dwattr $C$DW$80, DW_AT_type(*$C$DW$T$28)
    1275                      .dwattr $C$DW$80, DW_AT_location[DW_OP_reg12]
    1276              
    1277                      .dwcfi  cfa_offset, -2
    1278                      .dwcfi  save_reg_to_mem, 26, 0
    1279 00000000 FE04          ADDB      SP,#4                 ; [CPU_ARAU] 
    1280                      .dwcfi  cfa_offset, -6
    1281                      .dwpsn  file "C:/ti/ccs1210/ccs/tools/compiler/ti-cgt-c2000_22.6.0.LTS/include/_defs.h",line 342,colu
    1282 00000001 C5C4          MOVL      XAR7,*+XAR4[0]        ; [CPU_ALU] |342| 
    1283 00000002 06D4          MOVL      ACC,*+XAR4[2]         ; [CPU_ALU] |342| 
    1284 00000003 28AC          MOV       T,#48                 ; [CPU_ALU] |342| 
         00000004 0030 
    1285 00000005 1EA6          MOVL      XAR6,ACC              ; [CPU_ALU] |342| 
    1286 00000006 A3A7          MOVL      P,XAR7                ; [CPU_ALU] |342| 
    1287 00000007 D400          MOVB      XAR4,#0               ; [CPU_ALU] |342| 
    1288 00000008 565B          LSR64     ACC:P,T               ; [CPU_ALU] |342| 
    1289 00000009 2BAA          MOV       PH,#0                 ; [CPU_ALU] |342| 
    1290 0000000a 18AB          AND       PL,#0x7ff0            ; [CPU_ALU] |342| 
         0000000b 7FF0 
    1291 0000000c FF20          MOV       ACC,#32752            ; [CPU_ALU] |342| 
         0000000d 7FF0 
    1292 0000000e 0FAB          CMPL      ACC,P                 ; [CPU_ALU] |342| 
    1293 0000000f 6013          B         ||$C$L6||,NEQ         ; [CPU_ALU] |342| 
    1294                      ; branchcc occurs ; [] |342| 
    1295 00000010 06A6          MOVL      ACC,XAR6              ; [CPU_ALU] |342| 
    1296 00000011 A3A7          MOVL      P,XAR7                ; [CPU_ALU] |342| 
    1297 00000012 BE00          MOVB      XAR6,#0               ; [CPU_ALU] |342| 
    1298 00000013 18A9          AND       AL,#65535             ; [CPU_ALU] |342| 
         00000014 FFFF 
    1299 00000015 910F          ANDB      AH,#15                ; [CPU_ALU] |342| 
    1300 00000016 18AB          AND       PL,#65535             ; [CPU_ALU] |342| 
         00000017 FFFF 
    1301 00000018 18AA          AND       PH,#65535             ; [CPU_ALU] |342| 
         00000019 FFFF 
    1302 0000001a C244          MOVL      *-SP[4],XAR6          ; [CPU_FPU] |342| 
TMS320C2000 Assembler PC v22.6.0 Mon Apr 21 09:03:27 2025

Copyright (c) 1996-2018 Texas Instruments Incorporated
app_isr2.asm                                                         PAGE   26

    1303 0000001b 2B42          MOV       *-SP[2],#0            ; [CPU_FPU] |342| 
    1304 0000001c 2B41          MOV       *-SP[1],#0            ; [CPU_FPU] |342| 
    1305              $C$DW$81        .dwtag  DW_TAG_TI_branch
    1306                      .dwattr $C$DW$81, DW_AT_low_pc(0x00)
    1307                      .dwattr $C$DW$81, DW_AT_name("__c28xabi_cmpull")
    1308                      .dwattr $C$DW$81, DW_AT_TI_call
    1309              
    1310 0000001d 7640!         LCR       #||__c28xabi_cmpull|| ; [CPU_ALU] |342| 
         0000001e 0000 
    1311                      ; call occurs [#||__c28xabi_cmpull||] ; [] |342| 
    1312 0000001f 5200          CMPB      AL,#0                 ; [CPU_ALU] |342| 
    1313 00000020 56B0          MOVB      XAR4,#1,NEQ           ; [CPU_ALU] |342| 
         00000021 01A4 
    1314 00000022       ||$C$L6||:    
    1315 00000022 FE84          SUBB      SP,#4                 ; [CPU_ARAU] 
    1316                      .dwcfi  cfa_offset, -2
    1317 00000023 92A4          MOV       AL,AR4                ; [CPU_ALU] |342| 
    1318              $C$DW$82        .dwtag  DW_TAG_TI_branch
    1319                      .dwattr $C$DW$82, DW_AT_low_pc(0x00)
    1320                      .dwattr $C$DW$82, DW_AT_TI_return
    1321              
    1322 00000024 0006          LRETR     ; [CPU_ALU] 
    1323                      ; return occurs ; [] 
    1324                      .dwattr $C$DW$78, DW_AT_TI_end_file("C:/ti/ccs1210/ccs/tools/compiler/ti-cgt-c2000_22.6.0.LTS/include
    1325                      .dwattr $C$DW$78, DW_AT_TI_end_line(0x157)
    1326                      .dwattr $C$DW$78, DW_AT_TI_end_column(0x2f)
    1327                      .dwendentry
    1328                      .dwendtag $C$DW$78
    1329              
    1330 00000000               .sect   ".text:__isinfl"
    1331                      .clink
    1332                      .global ||__isinfl||
    1333              
    1334              $C$DW$83        .dwtag  DW_TAG_subprogram
    1335                      .dwattr $C$DW$83, DW_AT_name("__isinfl")
    1336                      .dwattr $C$DW$83, DW_AT_low_pc(||__isinfl||)
    1337                      .dwattr $C$DW$83, DW_AT_high_pc(0x00)
    1338                      .dwattr $C$DW$83, DW_AT_linkage_name("__isinfl")
    1339                      .dwattr $C$DW$83, DW_AT_external
    1340                      .dwattr $C$DW$83, DW_AT_type(*$C$DW$T$10)
    1341                      .dwattr $C$DW$83, DW_AT_decl_file("C:/ti/ccs1210/ccs/tools/compiler/ti-cgt-c2000_22.6.0.LTS/include/_
    1342                      .dwattr $C$DW$83, DW_AT_decl_line(0x17a)
    1343                      .dwattr $C$DW$83, DW_AT_decl_column(0x18)
    1344                      .dwattr $C$DW$83, DW_AT_TI_max_frame_size(-6)
    1345                      .dwpsn  file "C:/ti/ccs1210/ccs/tools/compiler/ti-cgt-c2000_22.6.0.LTS/include/_defs.h",line 379,colu
    1346              
    1347                      .dwfde $C$DW$CIE, ||__isinfl||
    1348              $C$DW$84        .dwtag  DW_TAG_formal_parameter
    1349                      .dwattr $C$DW$84, DW_AT_name("e")
    1350                      .dwattr $C$DW$84, DW_AT_type(*$C$DW$T$29)
    1351                      .dwattr $C$DW$84, DW_AT_location[DW_OP_reg12]
    1352              
    1353              
    1354              ;***************************************************************
    1355              ;* FNAME: __isinfl                      FR SIZE:   4           *
TMS320C2000 Assembler PC v22.6.0 Mon Apr 21 09:03:27 2025

Copyright (c) 1996-2018 Texas Instruments Incorporated
app_isr2.asm                                                         PAGE   27

    1356              ;*                                                             *
    1357              ;* FUNCTION ENVIRONMENT                                        *
    1358              ;*                                                             *
    1359              ;* FUNCTION PROPERTIES                                         *
    1360              ;*                            4 Parameter,  0 Auto,  0 SOE     *
    1361              ;***************************************************************
    1362              
    1363              ||__isinfl||:
    1364              ;* AR7   assigned to $O$C2
    1365              ;* AR4   assigned to $O$S1
    1366              ;* AR4   assigned to e
    1367              $C$DW$85        .dwtag  DW_TAG_variable
    1368                      .dwattr $C$DW$85, DW_AT_name("e")
    1369                      .dwattr $C$DW$85, DW_AT_type(*$C$DW$T$30)
    1370                      .dwattr $C$DW$85, DW_AT_location[DW_OP_reg12]
    1371              
    1372                      .dwcfi  cfa_offset, -2
    1373                      .dwcfi  save_reg_to_mem, 26, 0
    1374 00000000 FE04          ADDB      SP,#4                 ; [CPU_ARAU] 
    1375                      .dwcfi  cfa_offset, -6
    1376                      .dwpsn  file "C:/ti/ccs1210/ccs/tools/compiler/ti-cgt-c2000_22.6.0.LTS/include/_defs.h",line 379,colu
    1377 00000001 C5C4          MOVL      XAR7,*+XAR4[0]        ; [CPU_ALU] |379| 
    1378 00000002 06D4          MOVL      ACC,*+XAR4[2]         ; [CPU_ALU] |379| 
    1379 00000003 28AC          MOV       T,#48                 ; [CPU_ALU] |379| 
         00000004 0030 
    1380 00000005 1EA6          MOVL      XAR6,ACC              ; [CPU_ALU] |379| 
    1381 00000006 A3A7          MOVL      P,XAR7                ; [CPU_ALU] |379| 
    1382 00000007 D400          MOVB      XAR4,#0               ; [CPU_ALU] |379| 
    1383 00000008 565B          LSR64     ACC:P,T               ; [CPU_ALU] |379| 
    1384 00000009 2BAA          MOV       PH,#0                 ; [CPU_ALU] |379| 
    1385 0000000a 18AB          AND       PL,#0x7ff0            ; [CPU_ALU] |379| 
         0000000b 7FF0 
    1386 0000000c FF20          MOV       ACC,#32752            ; [CPU_ALU] |379| 
         0000000d 7FF0 
    1387 0000000e 0FAB          CMPL      ACC,P                 ; [CPU_ALU] |379| 
    1388 0000000f 6013          B         ||$C$L7||,NEQ         ; [CPU_ALU] |379| 
    1389                      ; branchcc occurs ; [] |379| 
    1390 00000010 06A6          MOVL      ACC,XAR6              ; [CPU_ALU] |379| 
    1391 00000011 A3A7          MOVL      P,XAR7                ; [CPU_ALU] |379| 
    1392 00000012 BE00          MOVB      XAR6,#0               ; [CPU_ALU] |379| 
    1393 00000013 18A9          AND       AL,#65535             ; [CPU_ALU] |379| 
         00000014 FFFF 
    1394 00000015 910F          ANDB      AH,#15                ; [CPU_ALU] |379| 
    1395 00000016 18AB          AND       PL,#65535             ; [CPU_ALU] |379| 
         00000017 FFFF 
    1396 00000018 18AA          AND       PH,#65535             ; [CPU_ALU] |379| 
         00000019 FFFF 
    1397 0000001a C244          MOVL      *-SP[4],XAR6          ; [CPU_FPU] |379| 
    1398 0000001b 2B42          MOV       *-SP[2],#0            ; [CPU_FPU] |379| 
    1399 0000001c 2B41          MOV       *-SP[1],#0            ; [CPU_FPU] |379| 
    1400              $C$DW$86        .dwtag  DW_TAG_TI_branch
    1401                      .dwattr $C$DW$86, DW_AT_low_pc(0x00)
    1402                      .dwattr $C$DW$86, DW_AT_name("__c28xabi_cmpull")
    1403                      .dwattr $C$DW$86, DW_AT_TI_call
    1404              
TMS320C2000 Assembler PC v22.6.0 Mon Apr 21 09:03:27 2025

Copyright (c) 1996-2018 Texas Instruments Incorporated
app_isr2.asm                                                         PAGE   28

    1405 0000001d 7640!         LCR       #||__c28xabi_cmpull|| ; [CPU_ALU] |379| 
         0000001e 0000 
    1406                      ; call occurs [#||__c28xabi_cmpull||] ; [] |379| 
    1407 0000001f 5200          CMPB      AL,#0                 ; [CPU_ALU] |379| 
    1408 00000020 56B1          MOVB      XAR4,#1,EQ            ; [CPU_ALU] |379| 
         00000021 01A4 
    1409 00000022       ||$C$L7||:    
    1410 00000022 FE84          SUBB      SP,#4                 ; [CPU_ARAU] 
    1411                      .dwcfi  cfa_offset, -2
    1412 00000023 92A4          MOV       AL,AR4                ; [CPU_ALU] |379| 
    1413              $C$DW$87        .dwtag  DW_TAG_TI_branch
    1414                      .dwattr $C$DW$87, DW_AT_low_pc(0x00)
    1415                      .dwattr $C$DW$87, DW_AT_TI_return
    1416              
    1417 00000024 0006          LRETR     ; [CPU_ALU] 
    1418                      ; return occurs ; [] 
    1419                      .dwattr $C$DW$83, DW_AT_TI_end_file("C:/ti/ccs1210/ccs/tools/compiler/ti-cgt-c2000_22.6.0.LTS/include
    1420                      .dwattr $C$DW$83, DW_AT_TI_end_line(0x17b)
    1421                      .dwattr $C$DW$83, DW_AT_TI_end_column(0x4c)
    1422                      .dwendentry
    1423                      .dwendtag $C$DW$83
    1424              
    1425 00000000               .sect   ".text:__isinff"
    1426                      .clink
    1427                      .global ||__isinff||
    1428              
    1429              $C$DW$88        .dwtag  DW_TAG_subprogram
    1430                      .dwattr $C$DW$88, DW_AT_name("__isinff")
    1431                      .dwattr $C$DW$88, DW_AT_low_pc(||__isinff||)
    1432                      .dwattr $C$DW$88, DW_AT_high_pc(0x00)
    1433                      .dwattr $C$DW$88, DW_AT_linkage_name("__isinff")
    1434                      .dwattr $C$DW$88, DW_AT_external
    1435                      .dwattr $C$DW$88, DW_AT_type(*$C$DW$T$10)
    1436                      .dwattr $C$DW$88, DW_AT_decl_file("C:/ti/ccs1210/ccs/tools/compiler/ti-cgt-c2000_22.6.0.LTS/include/_
    1437                      .dwattr $C$DW$88, DW_AT_decl_line(0x176)
    1438                      .dwattr $C$DW$88, DW_AT_decl_column(0x18)
    1439                      .dwattr $C$DW$88, DW_AT_TI_max_frame_size(-2)
    1440                      .dwpsn  file "C:/ti/ccs1210/ccs/tools/compiler/ti-cgt-c2000_22.6.0.LTS/include/_defs.h",line 375,colu
    1441              
    1442                      .dwfde $C$DW$CIE, ||__isinff||
    1443              $C$DW$89        .dwtag  DW_TAG_formal_parameter
    1444                      .dwattr $C$DW$89, DW_AT_name("f")
    1445                      .dwattr $C$DW$89, DW_AT_type(*$C$DW$T$16)
    1446                      .dwattr $C$DW$89, DW_AT_location[DW_OP_regx 0x2b]
    1447              
    1448              
    1449              ;***************************************************************
    1450              ;* FNAME: __isinff                      FR SIZE:   0           *
    1451              ;*                                                             *
    1452              ;* FUNCTION ENVIRONMENT                                        *
    1453              ;*                                                             *
    1454              ;* FUNCTION PROPERTIES                                         *
    1455              ;*                            0 Parameter,  0 Auto,  0 SOE     *
    1456              ;***************************************************************
    1457              
TMS320C2000 Assembler PC v22.6.0 Mon Apr 21 09:03:27 2025

Copyright (c) 1996-2018 Texas Instruments Incorporated
app_isr2.asm                                                         PAGE   29

    1458              ||__isinff||:
    1459              ;* PL    assigned to $O$K3
    1460              ;* AR6   assigned to $O$S1
    1461              ;* R0    assigned to f
    1462              $C$DW$90        .dwtag  DW_TAG_variable
    1463                      .dwattr $C$DW$90, DW_AT_name("f")
    1464                      .dwattr $C$DW$90, DW_AT_type(*$C$DW$T$26)
    1465                      .dwattr $C$DW$90, DW_AT_location[DW_OP_regx 0x2b]
    1466              
    1467                      .dwcfi  cfa_offset, -2
    1468                      .dwcfi  save_reg_to_mem, 26, 0
    1469                      .dwpsn  file "C:/ti/ccs1210/ccs/tools/compiler/ti-cgt-c2000_22.6.0.LTS/include/_defs.h",line 375,colu
    1470 00000000 BFAB          MOV32     P,R0H                 ; [CPU_FPU] |375| 
         00000001 0F12 
    1471 00000002 CCAA          AND       AL,PH,#0x7f80         ; [CPU_ALU] |375| 
         00000003 7F80 
    1472 00000004 80A9          MOVZ      AR7,AL                ; [CPU_ALU] |375| 
    1473 00000005 BE00          MOVB      XAR6,#0               ; [CPU_ALU] |375| 
    1474 00000006 FF20          MOV       ACC,#32640            ; [CPU_ALU] |375| 
         00000007 7F80 
    1475 00000008 0FA7          CMPL      ACC,XAR7              ; [CPU_ALU] |375| 
    1476 00000009 6006          B         ||$C$L8||,NEQ         ; [CPU_ALU] |375| 
    1477                      ; branchcc occurs ; [] |375| 
    1478 0000000a A9A9          MOVL      ACC,P                 ; [CPU_ALU] |375| 
    1479 0000000b 917F          ANDB      AH,#127               ; [CPU_ALU] |375| 
    1480 0000000c FF58          TEST      ACC                   ; [CPU_ALU] |375| 
    1481 0000000d 56B1          MOVB      XAR6,#1,EQ            ; [CPU_ALU] |375| 
         0000000e 01A6 
    1482 0000000f       ||$C$L8||:    
    1483 0000000f 92A6          MOV       AL,AR6                ; [CPU_ALU] |375| 
    1484              $C$DW$91        .dwtag  DW_TAG_TI_branch
    1485                      .dwattr $C$DW$91, DW_AT_low_pc(0x00)
    1486                      .dwattr $C$DW$91, DW_AT_TI_return
    1487              
    1488 00000010 0006          LRETR     ; [CPU_ALU] 
    1489                      ; return occurs ; [] 
    1490                      .dwattr $C$DW$88, DW_AT_TI_end_file("C:/ti/ccs1210/ccs/tools/compiler/ti-cgt-c2000_22.6.0.LTS/include
    1491                      .dwattr $C$DW$88, DW_AT_TI_end_line(0x177)
    1492                      .dwattr $C$DW$88, DW_AT_TI_end_column(0x48)
    1493                      .dwendentry
    1494                      .dwendtag $C$DW$88
    1495              
    1496 00000000               .sect   ".text:__isinf"
    1497                      .clink
    1498                      .global ||__isinf||
    1499              
    1500              $C$DW$92        .dwtag  DW_TAG_subprogram
    1501                      .dwattr $C$DW$92, DW_AT_name("__isinf")
    1502                      .dwattr $C$DW$92, DW_AT_low_pc(||__isinf||)
    1503                      .dwattr $C$DW$92, DW_AT_high_pc(0x00)
    1504                      .dwattr $C$DW$92, DW_AT_linkage_name("__isinf")
    1505                      .dwattr $C$DW$92, DW_AT_external
    1506                      .dwattr $C$DW$92, DW_AT_type(*$C$DW$T$10)
    1507                      .dwattr $C$DW$92, DW_AT_decl_file("C:/ti/ccs1210/ccs/tools/compiler/ti-cgt-c2000_22.6.0.LTS/include/_
    1508                      .dwattr $C$DW$92, DW_AT_decl_line(0x178)
TMS320C2000 Assembler PC v22.6.0 Mon Apr 21 09:03:27 2025

Copyright (c) 1996-2018 Texas Instruments Incorporated
app_isr2.asm                                                         PAGE   30

    1509                      .dwattr $C$DW$92, DW_AT_decl_column(0x18)
    1510                      .dwattr $C$DW$92, DW_AT_TI_max_frame_size(-6)
    1511                      .dwpsn  file "C:/ti/ccs1210/ccs/tools/compiler/ti-cgt-c2000_22.6.0.LTS/include/_defs.h",line 377,colu
    1512              
    1513                      .dwfde $C$DW$CIE, ||__isinf||
    1514              $C$DW$93        .dwtag  DW_TAG_formal_parameter
    1515                      .dwattr $C$DW$93, DW_AT_name("d")
    1516                      .dwattr $C$DW$93, DW_AT_type(*$C$DW$T$27)
    1517                      .dwattr $C$DW$93, DW_AT_location[DW_OP_reg12]
    1518              
    1519              
    1520              ;***************************************************************
    1521              ;* FNAME: __isinf                       FR SIZE:   4           *
    1522              ;*                                                             *
    1523              ;* FUNCTION ENVIRONMENT                                        *
    1524              ;*                                                             *
    1525              ;* FUNCTION PROPERTIES                                         *
    1526              ;*                            4 Parameter,  0 Auto,  0 SOE     *
    1527              ;***************************************************************
    1528              
    1529              ||__isinf||:
    1530              ;* AR7   assigned to $O$C2
    1531              ;* AR4   assigned to $O$S1
    1532              ;* AR4   assigned to d
    1533              $C$DW$94        .dwtag  DW_TAG_variable
    1534                      .dwattr $C$DW$94, DW_AT_name("d")
    1535                      .dwattr $C$DW$94, DW_AT_type(*$C$DW$T$28)
    1536                      .dwattr $C$DW$94, DW_AT_location[DW_OP_reg12]
    1537              
    1538                      .dwcfi  cfa_offset, -2
    1539                      .dwcfi  save_reg_to_mem, 26, 0
    1540 00000000 FE04          ADDB      SP,#4                 ; [CPU_ARAU] 
    1541                      .dwcfi  cfa_offset, -6
    1542                      .dwpsn  file "C:/ti/ccs1210/ccs/tools/compiler/ti-cgt-c2000_22.6.0.LTS/include/_defs.h",line 377,colu
    1543 00000001 C5C4          MOVL      XAR7,*+XAR4[0]        ; [CPU_ALU] |377| 
    1544 00000002 06D4          MOVL      ACC,*+XAR4[2]         ; [CPU_ALU] |377| 
    1545 00000003 28AC          MOV       T,#48                 ; [CPU_ALU] |377| 
         00000004 0030 
    1546 00000005 1EA6          MOVL      XAR6,ACC              ; [CPU_ALU] |377| 
    1547 00000006 A3A7          MOVL      P,XAR7                ; [CPU_ALU] |377| 
    1548 00000007 D400          MOVB      XAR4,#0               ; [CPU_ALU] |377| 
    1549 00000008 565B          LSR64     ACC:P,T               ; [CPU_ALU] |377| 
    1550 00000009 2BAA          MOV       PH,#0                 ; [CPU_ALU] |377| 
    1551 0000000a 18AB          AND       PL,#0x7ff0            ; [CPU_ALU] |377| 
         0000000b 7FF0 
    1552 0000000c FF20          MOV       ACC,#32752            ; [CPU_ALU] |377| 
         0000000d 7FF0 
    1553 0000000e 0FAB          CMPL      ACC,P                 ; [CPU_ALU] |377| 
    1554 0000000f 6013          B         ||$C$L9||,NEQ         ; [CPU_ALU] |377| 
    1555                      ; branchcc occurs ; [] |377| 
    1556 00000010 06A6          MOVL      ACC,XAR6              ; [CPU_ALU] |377| 
    1557 00000011 A3A7          MOVL      P,XAR7                ; [CPU_ALU] |377| 
    1558 00000012 BE00          MOVB      XAR6,#0               ; [CPU_ALU] |377| 
    1559 00000013 18A9          AND       AL,#65535             ; [CPU_ALU] |377| 
         00000014 FFFF 
TMS320C2000 Assembler PC v22.6.0 Mon Apr 21 09:03:27 2025

Copyright (c) 1996-2018 Texas Instruments Incorporated
app_isr2.asm                                                         PAGE   31

    1560 00000015 910F          ANDB      AH,#15                ; [CPU_ALU] |377| 
    1561 00000016 18AB          AND       PL,#65535             ; [CPU_ALU] |377| 
         00000017 FFFF 
    1562 00000018 18AA          AND       PH,#65535             ; [CPU_ALU] |377| 
         00000019 FFFF 
    1563 0000001a C244          MOVL      *-SP[4],XAR6          ; [CPU_FPU] |377| 
    1564 0000001b 2B42          MOV       *-SP[2],#0            ; [CPU_FPU] |377| 
    1565 0000001c 2B41          MOV       *-SP[1],#0            ; [CPU_FPU] |377| 
    1566              $C$DW$95        .dwtag  DW_TAG_TI_branch
    1567                      .dwattr $C$DW$95, DW_AT_low_pc(0x00)
    1568                      .dwattr $C$DW$95, DW_AT_name("__c28xabi_cmpull")
    1569                      .dwattr $C$DW$95, DW_AT_TI_call
    1570              
    1571 0000001d 7640!         LCR       #||__c28xabi_cmpull|| ; [CPU_ALU] |377| 
         0000001e 0000 
    1572                      ; call occurs [#||__c28xabi_cmpull||] ; [] |377| 
    1573 0000001f 5200          CMPB      AL,#0                 ; [CPU_ALU] |377| 
    1574 00000020 56B1          MOVB      XAR4,#1,EQ            ; [CPU_ALU] |377| 
         00000021 01A4 
    1575 00000022       ||$C$L9||:    
    1576 00000022 FE84          SUBB      SP,#4                 ; [CPU_ARAU] 
    1577                      .dwcfi  cfa_offset, -2
    1578 00000023 92A4          MOV       AL,AR4                ; [CPU_ALU] |377| 
    1579              $C$DW$96        .dwtag  DW_TAG_TI_branch
    1580                      .dwattr $C$DW$96, DW_AT_low_pc(0x00)
    1581                      .dwattr $C$DW$96, DW_AT_TI_return
    1582              
    1583 00000024 0006          LRETR     ; [CPU_ALU] 
    1584                      ; return occurs ; [] 
    1585                      .dwattr $C$DW$92, DW_AT_TI_end_file("C:/ti/ccs1210/ccs/tools/compiler/ti-cgt-c2000_22.6.0.LTS/include
    1586                      .dwattr $C$DW$92, DW_AT_TI_end_line(0x179)
    1587                      .dwattr $C$DW$92, DW_AT_TI_end_column(0x4a)
    1588                      .dwendentry
    1589                      .dwendtag $C$DW$92
    1590              
    1591 00000000               .sect   ".text:__isfinitel"
    1592                      .clink
    1593                      .global ||__isfinitel||
    1594              
    1595              $C$DW$97        .dwtag  DW_TAG_subprogram
    1596                      .dwattr $C$DW$97, DW_AT_name("__isfinitel")
    1597                      .dwattr $C$DW$97, DW_AT_low_pc(||__isfinitel||)
    1598                      .dwattr $C$DW$97, DW_AT_high_pc(0x00)
    1599                      .dwattr $C$DW$97, DW_AT_linkage_name("__isfinitel")
    1600                      .dwattr $C$DW$97, DW_AT_external
    1601                      .dwattr $C$DW$97, DW_AT_type(*$C$DW$T$10)
    1602                      .dwattr $C$DW$97, DW_AT_decl_file("C:/ti/ccs1210/ccs/tools/compiler/ti-cgt-c2000_22.6.0.LTS/include/_
    1603                      .dwattr $C$DW$97, DW_AT_decl_line(0x152)
    1604                      .dwattr $C$DW$97, DW_AT_decl_column(0x18)
    1605                      .dwattr $C$DW$97, DW_AT_TI_max_frame_size(-2)
    1606                      .dwpsn  file "C:/ti/ccs1210/ccs/tools/compiler/ti-cgt-c2000_22.6.0.LTS/include/_defs.h",line 339,colu
    1607              
    1608                      .dwfde $C$DW$CIE, ||__isfinitel||
    1609              $C$DW$98        .dwtag  DW_TAG_formal_parameter
    1610                      .dwattr $C$DW$98, DW_AT_name("e")
TMS320C2000 Assembler PC v22.6.0 Mon Apr 21 09:03:27 2025

Copyright (c) 1996-2018 Texas Instruments Incorporated
app_isr2.asm                                                         PAGE   32

    1611                      .dwattr $C$DW$98, DW_AT_type(*$C$DW$T$29)
    1612                      .dwattr $C$DW$98, DW_AT_location[DW_OP_reg12]
    1613              
    1614              
    1615              ;***************************************************************
    1616              ;* FNAME: __isfinitel                   FR SIZE:   0           *
    1617              ;*                                                             *
    1618              ;* FUNCTION ENVIRONMENT                                        *
    1619              ;*                                                             *
    1620              ;* FUNCTION PROPERTIES                                         *
    1621              ;*                            0 Parameter,  0 Auto,  0 SOE     *
    1622              ;***************************************************************
    1623              
    1624              ||__isfinitel||:
    1625              ;* AR4   assigned to e
    1626              $C$DW$99        .dwtag  DW_TAG_variable
    1627                      .dwattr $C$DW$99, DW_AT_name("e")
    1628                      .dwattr $C$DW$99, DW_AT_type(*$C$DW$T$30)
    1629                      .dwattr $C$DW$99, DW_AT_location[DW_OP_reg12]
    1630              
    1631                      .dwcfi  cfa_offset, -2
    1632                      .dwcfi  save_reg_to_mem, 26, 0
    1633                      .dwpsn  file "C:/ti/ccs1210/ccs/tools/compiler/ti-cgt-c2000_22.6.0.LTS/include/_defs.h",line 339,colu
    1634 00000000 A3C4          MOVL      P,*+XAR4[0]           ; [CPU_ALU] |339| 
    1635 00000001 06D4          MOVL      ACC,*+XAR4[2]         ; [CPU_ALU] |339| 
    1636 00000002 28AC          MOV       T,#48                 ; [CPU_ALU] |339| 
         00000003 0030 
    1637 00000004 565B          LSR64     ACC:P,T               ; [CPU_ALU] |339| 
    1638 00000005 18AB          AND       PL,#0x7ff0            ; [CPU_ALU] |339| 
         00000006 7FF0 
    1639 00000007 80AB          MOVZ      AR7,PL                ; [CPU_ALU] |339| 
    1640 00000008 FF20          MOV       ACC,#32752            ; [CPU_ALU] |339| 
         00000009 7FF0 
    1641 0000000a BE00          MOVB      XAR6,#0               ; [CPU_ALU] |339| 
    1642 0000000b 0FA7          CMPL      ACC,XAR7              ; [CPU_ALU] |339| 
    1643 0000000c 56B0          MOVB      XAR6,#1,NEQ           ; [CPU_ALU] |339| 
         0000000d 01A6 
    1644 0000000e 92A6          MOV       AL,AR6                ; [CPU_ALU] |339| 
    1645              $C$DW$100       .dwtag  DW_TAG_TI_branch
    1646                      .dwattr $C$DW$100, DW_AT_low_pc(0x00)
    1647                      .dwattr $C$DW$100, DW_AT_TI_return
    1648              
    1649 0000000f 0006          LRETR     ; [CPU_ALU] 
    1650                      ; return occurs ; [] 
    1651                      .dwattr $C$DW$97, DW_AT_TI_end_file("C:/ti/ccs1210/ccs/tools/compiler/ti-cgt-c2000_22.6.0.LTS/include
    1652                      .dwattr $C$DW$97, DW_AT_TI_end_line(0x153)
    1653                      .dwattr $C$DW$97, DW_AT_TI_end_column(0x2f)
    1654                      .dwendentry
    1655                      .dwendtag $C$DW$97
    1656              
    1657 00000000               .sect   ".text:__isfinitef"
    1658                      .clink
    1659                      .global ||__isfinitef||
    1660              
    1661              $C$DW$101       .dwtag  DW_TAG_subprogram
TMS320C2000 Assembler PC v22.6.0 Mon Apr 21 09:03:27 2025

Copyright (c) 1996-2018 Texas Instruments Incorporated
app_isr2.asm                                                         PAGE   33

    1662                      .dwattr $C$DW$101, DW_AT_name("__isfinitef")
    1663                      .dwattr $C$DW$101, DW_AT_low_pc(||__isfinitef||)
    1664                      .dwattr $C$DW$101, DW_AT_high_pc(0x00)
    1665                      .dwattr $C$DW$101, DW_AT_linkage_name("__isfinitef")
    1666                      .dwattr $C$DW$101, DW_AT_external
    1667                      .dwattr $C$DW$101, DW_AT_type(*$C$DW$T$10)
    1668                      .dwattr $C$DW$101, DW_AT_decl_file("C:/ti/ccs1210/ccs/tools/compiler/ti-cgt-c2000_22.6.0.LTS/include/
    1669                      .dwattr $C$DW$101, DW_AT_decl_line(0x150)
    1670                      .dwattr $C$DW$101, DW_AT_decl_column(0x18)
    1671                      .dwattr $C$DW$101, DW_AT_TI_max_frame_size(-2)
    1672                      .dwpsn  file "C:/ti/ccs1210/ccs/tools/compiler/ti-cgt-c2000_22.6.0.LTS/include/_defs.h",line 337,colu
    1673              
    1674                      .dwfde $C$DW$CIE, ||__isfinitef||
    1675              $C$DW$102       .dwtag  DW_TAG_formal_parameter
    1676                      .dwattr $C$DW$102, DW_AT_name("f")
    1677                      .dwattr $C$DW$102, DW_AT_type(*$C$DW$T$16)
    1678                      .dwattr $C$DW$102, DW_AT_location[DW_OP_regx 0x2b]
    1679              
    1680              
    1681              ;***************************************************************
    1682              ;* FNAME: __isfinitef                   FR SIZE:   0           *
    1683              ;*                                                             *
    1684              ;* FUNCTION ENVIRONMENT                                        *
    1685              ;*                                                             *
    1686              ;* FUNCTION PROPERTIES                                         *
    1687              ;*                            0 Parameter,  0 Auto,  0 SOE     *
    1688              ;***************************************************************
    1689              
    1690              ||__isfinitef||:
    1691              ;* R0    assigned to f
    1692              $C$DW$103       .dwtag  DW_TAG_variable
    1693                      .dwattr $C$DW$103, DW_AT_name("f")
    1694                      .dwattr $C$DW$103, DW_AT_type(*$C$DW$T$26)
    1695                      .dwattr $C$DW$103, DW_AT_location[DW_OP_regx 0x2b]
    1696              
    1697                      .dwcfi  cfa_offset, -2
    1698                      .dwcfi  save_reg_to_mem, 26, 0
    1699                      .dwpsn  file "C:/ti/ccs1210/ccs/tools/compiler/ti-cgt-c2000_22.6.0.LTS/include/_defs.h",line 337,colu
    1700 00000000 BFAB          MOV32     P,R0H                 ; [CPU_FPU] |337| 
         00000001 0F12 
    1701 00000002 18AA          AND       PH,#0x7f80            ; [CPU_ALU] |337| 
         00000003 7F80 
    1702 00000004 80AA          MOVZ      AR7,PH                ; [CPU_ALU] |337| 
    1703 00000005 FF20          MOV       ACC,#32640            ; [CPU_ALU] |337| 
         00000006 7F80 
    1704 00000007 BE00          MOVB      XAR6,#0               ; [CPU_ALU] |337| 
    1705 00000008 0FA7          CMPL      ACC,XAR7              ; [CPU_ALU] |337| 
    1706 00000009 56B0          MOVB      XAR6,#1,NEQ           ; [CPU_ALU] |337| 
         0000000a 01A6 
    1707 0000000b 92A6          MOV       AL,AR6                ; [CPU_ALU] |337| 
    1708              $C$DW$104       .dwtag  DW_TAG_TI_branch
    1709                      .dwattr $C$DW$104, DW_AT_low_pc(0x00)
    1710                      .dwattr $C$DW$104, DW_AT_TI_return
    1711              
    1712 0000000c 0006          LRETR     ; [CPU_ALU] 
TMS320C2000 Assembler PC v22.6.0 Mon Apr 21 09:03:27 2025

Copyright (c) 1996-2018 Texas Instruments Incorporated
app_isr2.asm                                                         PAGE   34

    1713                      ; return occurs ; [] 
    1714                      .dwattr $C$DW$101, DW_AT_TI_end_file("C:/ti/ccs1210/ccs/tools/compiler/ti-cgt-c2000_22.6.0.LTS/includ
    1715                      .dwattr $C$DW$101, DW_AT_TI_end_line(0x151)
    1716                      .dwattr $C$DW$101, DW_AT_TI_end_column(0x2d)
    1717                      .dwendentry
    1718                      .dwendtag $C$DW$101
    1719              
    1720 00000000               .sect   ".text:__isfinite"
    1721                      .clink
    1722                      .global ||__isfinite||
    1723              
    1724              $C$DW$105       .dwtag  DW_TAG_subprogram
    1725                      .dwattr $C$DW$105, DW_AT_name("__isfinite")
    1726                      .dwattr $C$DW$105, DW_AT_low_pc(||__isfinite||)
    1727                      .dwattr $C$DW$105, DW_AT_high_pc(0x00)
    1728                      .dwattr $C$DW$105, DW_AT_linkage_name("__isfinite")
    1729                      .dwattr $C$DW$105, DW_AT_external
    1730                      .dwattr $C$DW$105, DW_AT_type(*$C$DW$T$10)
    1731                      .dwattr $C$DW$105, DW_AT_decl_file("C:/ti/ccs1210/ccs/tools/compiler/ti-cgt-c2000_22.6.0.LTS/include/
    1732                      .dwattr $C$DW$105, DW_AT_decl_line(0x14e)
    1733                      .dwattr $C$DW$105, DW_AT_decl_column(0x18)
    1734                      .dwattr $C$DW$105, DW_AT_TI_max_frame_size(-2)
    1735                      .dwpsn  file "C:/ti/ccs1210/ccs/tools/compiler/ti-cgt-c2000_22.6.0.LTS/include/_defs.h",line 335,colu
    1736              
    1737                      .dwfde $C$DW$CIE, ||__isfinite||
    1738              $C$DW$106       .dwtag  DW_TAG_formal_parameter
    1739                      .dwattr $C$DW$106, DW_AT_name("d")
    1740                      .dwattr $C$DW$106, DW_AT_type(*$C$DW$T$27)
    1741                      .dwattr $C$DW$106, DW_AT_location[DW_OP_reg12]
    1742              
    1743              
    1744              ;***************************************************************
    1745              ;* FNAME: __isfinite                    FR SIZE:   0           *
    1746              ;*                                                             *
    1747              ;* FUNCTION ENVIRONMENT                                        *
    1748              ;*                                                             *
    1749              ;* FUNCTION PROPERTIES                                         *
    1750              ;*                            0 Parameter,  0 Auto,  0 SOE     *
    1751              ;***************************************************************
    1752              
    1753              ||__isfinite||:
    1754              ;* AR4   assigned to d
    1755              $C$DW$107       .dwtag  DW_TAG_variable
    1756                      .dwattr $C$DW$107, DW_AT_name("d")
    1757                      .dwattr $C$DW$107, DW_AT_type(*$C$DW$T$28)
    1758                      .dwattr $C$DW$107, DW_AT_location[DW_OP_reg12]
    1759              
    1760                      .dwcfi  cfa_offset, -2
    1761                      .dwcfi  save_reg_to_mem, 26, 0
    1762                      .dwpsn  file "C:/ti/ccs1210/ccs/tools/compiler/ti-cgt-c2000_22.6.0.LTS/include/_defs.h",line 335,colu
    1763 00000000 A3C4          MOVL      P,*+XAR4[0]           ; [CPU_ALU] |335| 
    1764 00000001 06D4          MOVL      ACC,*+XAR4[2]         ; [CPU_ALU] |335| 
    1765 00000002 28AC          MOV       T,#48                 ; [CPU_ALU] |335| 
         00000003 0030 
    1766 00000004 565B          LSR64     ACC:P,T               ; [CPU_ALU] |335| 
TMS320C2000 Assembler PC v22.6.0 Mon Apr 21 09:03:27 2025

Copyright (c) 1996-2018 Texas Instruments Incorporated
app_isr2.asm                                                         PAGE   35

    1767 00000005 18AB          AND       PL,#0x7ff0            ; [CPU_ALU] |335| 
         00000006 7FF0 
    1768 00000007 80AB          MOVZ      AR7,PL                ; [CPU_ALU] |335| 
    1769 00000008 FF20          MOV       ACC,#32752            ; [CPU_ALU] |335| 
         00000009 7FF0 
    1770 0000000a BE00          MOVB      XAR6,#0               ; [CPU_ALU] |335| 
    1771 0000000b 0FA7          CMPL      ACC,XAR7              ; [CPU_ALU] |335| 
    1772 0000000c 56B0          MOVB      XAR6,#1,NEQ           ; [CPU_ALU] |335| 
         0000000d 01A6 
    1773 0000000e 92A6          MOV       AL,AR6                ; [CPU_ALU] |335| 
    1774              $C$DW$108       .dwtag  DW_TAG_TI_branch
    1775                      .dwattr $C$DW$108, DW_AT_low_pc(0x00)
    1776                      .dwattr $C$DW$108, DW_AT_TI_return
    1777              
    1778 0000000f 0006          LRETR     ; [CPU_ALU] 
    1779                      ; return occurs ; [] 
    1780                      .dwattr $C$DW$105, DW_AT_TI_end_file("C:/ti/ccs1210/ccs/tools/compiler/ti-cgt-c2000_22.6.0.LTS/includ
    1781                      .dwattr $C$DW$105, DW_AT_TI_end_line(0x14f)
    1782                      .dwattr $C$DW$105, DW_AT_TI_end_column(0x2e)
    1783                      .dwendentry
    1784                      .dwendtag $C$DW$105
    1785              
    1786 00000000               .sect   ".text:__fpclassifyl"
    1787                      .clink
    1788                      .global ||__fpclassifyl||
    1789              
    1790              $C$DW$109       .dwtag  DW_TAG_subprogram
    1791                      .dwattr $C$DW$109, DW_AT_name("__fpclassifyl")
    1792                      .dwattr $C$DW$109, DW_AT_low_pc(||__fpclassifyl||)
    1793                      .dwattr $C$DW$109, DW_AT_high_pc(0x00)
    1794                      .dwattr $C$DW$109, DW_AT_linkage_name("__fpclassifyl")
    1795                      .dwattr $C$DW$109, DW_AT_external
    1796                      .dwattr $C$DW$109, DW_AT_type(*$C$DW$T$10)
    1797                      .dwattr $C$DW$109, DW_AT_decl_file("C:/ti/ccs1210/ccs/tools/compiler/ti-cgt-c2000_22.6.0.LTS/include/
    1798                      .dwattr $C$DW$109, DW_AT_decl_line(0x1ae)
    1799                      .dwattr $C$DW$109, DW_AT_decl_column(0x18)
    1800                      .dwattr $C$DW$109, DW_AT_TI_max_frame_size(-10)
    1801                      .dwpsn  file "C:/ti/ccs1210/ccs/tools/compiler/ti-cgt-c2000_22.6.0.LTS/include/_defs.h",line 431,colu
    1802              
    1803                      .dwfde $C$DW$CIE, ||__fpclassifyl||
    1804              $C$DW$110       .dwtag  DW_TAG_formal_parameter
    1805                      .dwattr $C$DW$110, DW_AT_name("e")
    1806                      .dwattr $C$DW$110, DW_AT_type(*$C$DW$T$29)
    1807                      .dwattr $C$DW$110, DW_AT_location[DW_OP_reg12]
    1808              
    1809              
    1810              ;***************************************************************
    1811              ;* FNAME: __fpclassifyl                 FR SIZE:   8           *
    1812              ;*                                                             *
    1813              ;* FUNCTION ENVIRONMENT                                        *
    1814              ;*                                                             *
    1815              ;* FUNCTION PROPERTIES                                         *
    1816              ;*                            4 Parameter,  4 Auto,  0 SOE     *
    1817              ;***************************************************************
    1818              
TMS320C2000 Assembler PC v22.6.0 Mon Apr 21 09:03:27 2025

Copyright (c) 1996-2018 Texas Instruments Incorporated
app_isr2.asm                                                         PAGE   36

    1819              ||__fpclassifyl||:
    1820              $C$DW$111       .dwtag  DW_TAG_variable
    1821                      .dwattr $C$DW$111, DW_AT_name("e")
    1822                      .dwattr $C$DW$111, DW_AT_type(*$C$DW$T$18)
    1823                      .dwattr $C$DW$111, DW_AT_location[DW_OP_breg20 -8]
    1824              
    1825              ;* AR5   assigned to $O$C1
    1826              ;* AR4   assigned to e
    1827              $C$DW$112       .dwtag  DW_TAG_variable
    1828                      .dwattr $C$DW$112, DW_AT_name("e")
    1829                      .dwattr $C$DW$112, DW_AT_type(*$C$DW$T$30)
    1830                      .dwattr $C$DW$112, DW_AT_location[DW_OP_reg12]
    1831              
    1832                      .dwcfi  cfa_offset, -2
    1833                      .dwcfi  save_reg_to_mem, 26, 0
    1834 00000000 FE08          ADDB      SP,#8                 ; [CPU_ARAU] 
    1835                      .dwcfi  cfa_offset, -10
    1836 00000001 C4D4          MOVL      XAR6,*+XAR4[2]        ; [CPU_ALU] |431| 
    1837 00000002 06C4          MOVL      ACC,*+XAR4[0]         ; [CPU_ALU] |431| 
    1838 00000003 1E48          MOVL      *-SP[8],ACC           ; [CPU_ALU] |431| 
    1839 00000004 C246          MOVL      *-SP[6],XAR6          ; [CPU_ALU] |431| 
    1840                      .dwpsn  file "C:/ti/ccs1210/ccs/tools/compiler/ti-cgt-c2000_22.6.0.LTS/include/_defs.h",line 432,colu
    1841 00000005 8348          MOVL      XAR5,*-SP[8]          ; [CPU_ALU] |432| 
    1842 00000006 8A46          MOVL      XAR4,*-SP[6]          ; [CPU_ALU] |432| 
    1843                      .dwpsn  file "C:/ti/ccs1210/ccs/tools/compiler/ti-cgt-c2000_22.6.0.LTS/include/_defs.h",line 436,colu
    1844 00000007 28AC          MOV       T,#48                 ; [CPU_ALU] |436| 
         00000008 0030 
    1845 00000009 A0AB          MOVL      P,XAR5                ; [CPU_ALU] |436| 
    1846 0000000a A8A9          MOVL      ACC,XAR4              ; [CPU_ALU] |436| 
    1847 0000000b 565B          LSR64     ACC:P,T               ; [CPU_ALU] |436| 
    1848 0000000c 18AB          AND       PL,#0x7ff0            ; [CPU_ALU] |436| 
         0000000d 7FF0 
    1849 0000000e 88AB          MOVZ      AR6,PL                ; [CPU_ALU] |436| 
    1850 0000000f FF20          MOV       ACC,#32752            ; [CPU_ALU] |436| 
         00000010 7FF0 
    1851 00000011 0FA6          CMPL      ACC,XAR6              ; [CPU_ALU] |436| 
    1852 00000012 6016          B         ||$C$L11||,NEQ        ; [CPU_ALU] |436| 
    1853                      ; branchcc occurs ; [] |436| 
    1854 00000013 0200          MOVB      ACC,#0                ; [CPU_ALU] |436| 
    1855 00000014 1E44          MOVL      *-SP[4],ACC           ; [CPU_ALU] |436| 
    1856 00000015 2B42          MOV       *-SP[2],#0            ; [CPU_ALU] |436| 
    1857 00000016 2B41          MOV       *-SP[1],#0            ; [CPU_ALU] |436| 
    1858 00000017 A348          MOVL      P,*-SP[8]             ; [CPU_ALU] |436| 
    1859 00000018 0646          MOVL      ACC,*-SP[6]           ; [CPU_ALU] |436| 
    1860 00000019 18AB          AND       PL,#65535             ; [CPU_ALU] |436| 
         0000001a FFFF 
    1861 0000001b 18AA          AND       PH,#65535             ; [CPU_ALU] |436| 
         0000001c FFFF 
    1862 0000001d 18A9          AND       AL,#65535             ; [CPU_ALU] |436| 
         0000001e FFFF 
    1863 0000001f 910F          ANDB      AH,#15                ; [CPU_ALU] |436| 
    1864              $C$DW$113       .dwtag  DW_TAG_TI_branch
    1865                      .dwattr $C$DW$113, DW_AT_low_pc(0x00)
    1866                      .dwattr $C$DW$113, DW_AT_name("__c28xabi_cmpull")
    1867                      .dwattr $C$DW$113, DW_AT_TI_call
TMS320C2000 Assembler PC v22.6.0 Mon Apr 21 09:03:27 2025

Copyright (c) 1996-2018 Texas Instruments Incorporated
app_isr2.asm                                                         PAGE   37

    1868              
    1869 00000020 7640!         LCR       #||__c28xabi_cmpull|| ; [CPU_ALU] |436| 
         00000021 0000 
    1870                      ; call occurs [#||__c28xabi_cmpull||] ; [] |436| 
    1871 00000022 5200          CMPB      AL,#0                 ; [CPU_ALU] |436| 
    1872 00000023 6103          B         ||$C$L10||,EQ         ; [CPU_ALU] |436| 
    1873                      ; branchcc occurs ; [] |436| 
    1874 00000024 9A02          MOVB      AL,#2                 ; [CPU_ALU] |436| 
    1875 00000025 6F2D          B         ||$C$L14||,UNC        ; [CPU_ALU] |436| 
    1876                      ; branch occurs ; [] |436| 
    1877 00000026       ||$C$L10||:    
    1878 00000026 9A01          MOVB      AL,#1                 ; [CPU_ALU] |436| 
    1879 00000027 6F2B          B         ||$C$L14||,UNC        ; [CPU_ALU] |436| 
    1880                      ; branch occurs ; [] |436| 
    1881 00000028       ||$C$L11||:    
    1882 00000028 BE00          MOVB      XAR6,#0               ; [CPU_ALU] |436| 
    1883 00000029 A0AB          MOVL      P,XAR5                ; [CPU_ALU] |436| 
    1884 0000002a A8A9          MOVL      ACC,XAR4              ; [CPU_ALU] |436| 
    1885 0000002b 28AC          MOV       T,#52                 ; [CPU_ALU] |436| 
         0000002c 0034 
    1886 0000002d C244          MOVL      *-SP[4],XAR6          ; [CPU_ALU] |436| 
    1887 0000002e 2B42          MOV       *-SP[2],#0            ; [CPU_ALU] |436| 
    1888 0000002f 565B          LSR64     ACC:P,T               ; [CPU_ALU] |436| 
    1889 00000030 2B41          MOV       *-SP[1],#0            ; [CPU_FPU] |436| 
    1890 00000031 9000          ANDB      AL,#0                 ; [CPU_ALU] |436| 
    1891 00000032 9100          ANDB      AH,#0                 ; [CPU_ALU] |436| 
    1892 00000033 18AB          AND       PL,#2047              ; [CPU_ALU] |436| 
         00000034 07FF 
    1893 00000035 18AA          AND       PH,#0                 ; [CPU_ALU] |436| 
         00000036 0000 
    1894              $C$DW$114       .dwtag  DW_TAG_TI_branch
    1895                      .dwattr $C$DW$114, DW_AT_low_pc(0x00)
    1896                      .dwattr $C$DW$114, DW_AT_name("__c28xabi_cmpull")
    1897                      .dwattr $C$DW$114, DW_AT_TI_call
    1898              
    1899 00000037 7640!         LCR       #||__c28xabi_cmpull|| ; [CPU_ALU] |436| 
         00000038 0000 
    1900                      ; call occurs [#||__c28xabi_cmpull||] ; [] |436| 
    1901 00000039 5200          CMPB      AL,#0                 ; [CPU_ALU] |436| 
    1902 0000003a 6104          B         ||$C$L12||,EQ         ; [CPU_ALU] |436| 
    1903                      ; branchcc occurs ; [] |436| 
    1904 0000003b 28A9          MOV       AL,#-1                ; [CPU_ALU] |436| 
         0000003c FFFF 
    1905 0000003d 6F15          B         ||$C$L14||,UNC        ; [CPU_ALU] |436| 
    1906                      ; branch occurs ; [] |436| 
    1907 0000003e       ||$C$L12||:    
    1908 0000003e C244          MOVL      *-SP[4],XAR6          ; [CPU_ALU] |436| 
    1909 0000003f A8A9          MOVL      ACC,XAR4              ; [CPU_ALU] |436| 
    1910 00000040 A0AB          MOVL      P,XAR5                ; [CPU_ALU] |436| 
    1911 00000041 2B42          MOV       *-SP[2],#0            ; [CPU_ALU] |436| 
    1912 00000042 18A9          AND       AL,#65535             ; [CPU_ALU] |436| 
         00000043 FFFF 
    1913 00000044 910F          ANDB      AH,#15                ; [CPU_ALU] |436| 
    1914 00000045 18AB          AND       PL,#65535             ; [CPU_ALU] |436| 
         00000046 FFFF 
TMS320C2000 Assembler PC v22.6.0 Mon Apr 21 09:03:27 2025

Copyright (c) 1996-2018 Texas Instruments Incorporated
app_isr2.asm                                                         PAGE   38

    1915 00000047 18AA          AND       PH,#65535             ; [CPU_ALU] |436| 
         00000048 FFFF 
    1916 00000049 2B41          MOV       *-SP[1],#0            ; [CPU_FPU] |436| 
    1917              $C$DW$115       .dwtag  DW_TAG_TI_branch
    1918                      .dwattr $C$DW$115, DW_AT_low_pc(0x00)
    1919                      .dwattr $C$DW$115, DW_AT_name("__c28xabi_cmpull")
    1920                      .dwattr $C$DW$115, DW_AT_TI_call
    1921              
    1922 0000004a 7640!         LCR       #||__c28xabi_cmpull|| ; [CPU_ALU] |436| 
         0000004b 0000 
    1923                      ; call occurs [#||__c28xabi_cmpull||] ; [] |436| 
    1924 0000004c 5200          CMPB      AL,#0                 ; [CPU_ALU] |436| 
    1925 0000004d 6104          B         ||$C$L13||,EQ         ; [CPU_ALU] |436| 
    1926                      ; branchcc occurs ; [] |436| 
    1927 0000004e 28A9          MOV       AL,#-2                ; [CPU_ALU] |436| 
         0000004f FFFE 
    1928 00000050 6F02          B         ||$C$L14||,UNC        ; [CPU_ALU] |436| 
    1929                      ; branch occurs ; [] |436| 
    1930 00000051       ||$C$L13||:    
    1931 00000051 9A00          MOVB      AL,#0                 ; [CPU_ALU] |436| 
    1932 00000052       ||$C$L14||:    
    1933 00000052 FE88          SUBB      SP,#8                 ; [CPU_ARAU] 
    1934                      .dwcfi  cfa_offset, -2
    1935              $C$DW$116       .dwtag  DW_TAG_TI_branch
    1936                      .dwattr $C$DW$116, DW_AT_low_pc(0x00)
    1937                      .dwattr $C$DW$116, DW_AT_TI_return
    1938              
    1939 00000053 0006          LRETR     ; [CPU_ALU] 
    1940                      ; return occurs ; [] 
    1941                      .dwattr $C$DW$109, DW_AT_TI_end_file("C:/ti/ccs1210/ccs/tools/compiler/ti-cgt-c2000_22.6.0.LTS/includ
    1942                      .dwattr $C$DW$109, DW_AT_TI_end_line(0x1bd)
    1943                      .dwattr $C$DW$109, DW_AT_TI_end_column(0x01)
    1944                      .dwendentry
    1945                      .dwendtag $C$DW$109
    1946              
    1947 00000000               .sect   ".text:__fpclassifyf"
    1948                      .clink
    1949                      .global ||__fpclassifyf||
    1950              
    1951              $C$DW$117       .dwtag  DW_TAG_subprogram
    1952                      .dwattr $C$DW$117, DW_AT_name("__fpclassifyf")
    1953                      .dwattr $C$DW$117, DW_AT_low_pc(||__fpclassifyf||)
    1954                      .dwattr $C$DW$117, DW_AT_high_pc(0x00)
    1955                      .dwattr $C$DW$117, DW_AT_linkage_name("__fpclassifyf")
    1956                      .dwattr $C$DW$117, DW_AT_external
    1957                      .dwattr $C$DW$117, DW_AT_type(*$C$DW$T$10)
    1958                      .dwattr $C$DW$117, DW_AT_decl_file("C:/ti/ccs1210/ccs/tools/compiler/ti-cgt-c2000_22.6.0.LTS/include/
    1959                      .dwattr $C$DW$117, DW_AT_decl_line(0x18c)
    1960                      .dwattr $C$DW$117, DW_AT_decl_column(0x18)
    1961                      .dwattr $C$DW$117, DW_AT_TI_max_frame_size(-2)
    1962                      .dwpsn  file "C:/ti/ccs1210/ccs/tools/compiler/ti-cgt-c2000_22.6.0.LTS/include/_defs.h",line 397,colu
    1963              
    1964                      .dwfde $C$DW$CIE, ||__fpclassifyf||
    1965              $C$DW$118       .dwtag  DW_TAG_formal_parameter
    1966                      .dwattr $C$DW$118, DW_AT_name("f")
TMS320C2000 Assembler PC v22.6.0 Mon Apr 21 09:03:27 2025

Copyright (c) 1996-2018 Texas Instruments Incorporated
app_isr2.asm                                                         PAGE   39

    1967                      .dwattr $C$DW$118, DW_AT_type(*$C$DW$T$16)
    1968                      .dwattr $C$DW$118, DW_AT_location[DW_OP_regx 0x2b]
    1969              
    1970              
    1971              ;***************************************************************
    1972              ;* FNAME: __fpclassifyf                 FR SIZE:   0           *
    1973              ;*                                                             *
    1974              ;* FUNCTION ENVIRONMENT                                        *
    1975              ;*                                                             *
    1976              ;* FUNCTION PROPERTIES                                         *
    1977              ;*                            0 Parameter,  0 Auto,  0 SOE     *
    1978              ;***************************************************************
    1979              
    1980              ||__fpclassifyf||:
    1981              ;* PL    assigned to $O$K1
    1982              ;* R0    assigned to f
    1983              $C$DW$119       .dwtag  DW_TAG_variable
    1984                      .dwattr $C$DW$119, DW_AT_name("f")
    1985                      .dwattr $C$DW$119, DW_AT_type(*$C$DW$T$26)
    1986                      .dwattr $C$DW$119, DW_AT_location[DW_OP_regx 0x2b]
    1987              
    1988                      .dwcfi  cfa_offset, -2
    1989                      .dwcfi  save_reg_to_mem, 26, 0
    1990                      .dwpsn  file "C:/ti/ccs1210/ccs/tools/compiler/ti-cgt-c2000_22.6.0.LTS/include/_defs.h",line 398,colu
    1991 00000000 BFAB          MOV32     P,R0H                 ; [CPU_FPU] |398| 
         00000001 0F12 
    1992                      .dwpsn  file "C:/ti/ccs1210/ccs/tools/compiler/ti-cgt-c2000_22.6.0.LTS/include/_defs.h",line 402,colu
    1993 00000002 CCAA          AND       AL,PH,#0x7f80         ; [CPU_ALU] |402| 
         00000003 7F80 
    1994 00000004 88A9          MOVZ      AR6,AL                ; [CPU_ALU] |402| 
    1995 00000005 FF20          MOV       ACC,#32640            ; [CPU_ALU] |402| 
         00000006 7F80 
    1996 00000007 0FA6          CMPL      ACC,XAR6              ; [CPU_ALU] |402| 
    1997 00000008 6009          B         ||$C$L16||,NEQ        ; [CPU_ALU] |402| 
    1998                      ; branchcc occurs ; [] |402| 
    1999 00000009 A9A9          MOVL      ACC,P                 ; [CPU_ALU] |402| 
    2000 0000000a 917F          ANDB      AH,#127               ; [CPU_ALU] |402| 
    2001 0000000b FF58          TEST      ACC                   ; [CPU_ALU] |402| 
    2002 0000000c 6103          B         ||$C$L15||,EQ         ; [CPU_ALU] |402| 
    2003                      ; branchcc occurs ; [] |402| 
    2004                      .dwcfi  remember_state
    2005 0000000d 9A02          MOVB      AL,#2                 ; [CPU_ALU] |402| 
    2006              $C$DW$120       .dwtag  DW_TAG_TI_branch
    2007                      .dwattr $C$DW$120, DW_AT_low_pc(0x00)
    2008                      .dwattr $C$DW$120, DW_AT_TI_return
    2009              
    2010 0000000e 0006          LRETR     ; [CPU_ALU] 
    2011                      ; return occurs ; [] 
    2012                      .dwcfi  restore_state
    2013 0000000f       ||$C$L15||:    
    2014                      .dwcfi  remember_state
    2015 0000000f 9A01          MOVB      AL,#1                 ; [CPU_ALU] |402| 
    2016              $C$DW$121       .dwtag  DW_TAG_TI_branch
    2017                      .dwattr $C$DW$121, DW_AT_low_pc(0x00)
    2018                      .dwattr $C$DW$121, DW_AT_TI_return
TMS320C2000 Assembler PC v22.6.0 Mon Apr 21 09:03:27 2025

Copyright (c) 1996-2018 Texas Instruments Incorporated
app_isr2.asm                                                         PAGE   40

    2019              
    2020 00000010 0006          LRETR     ; [CPU_ALU] 
    2021                      ; return occurs ; [] 
    2022                      .dwcfi  restore_state
    2023 00000011       ||$C$L16||:    
    2024 00000011 A9A9          MOVL      ACC,P                 ; [CPU_ALU] |402| 
    2025 00000012 28AC          MOV       T,#23                 ; [CPU_ALU] |402| 
         00000013 0017 
    2026 00000014 5622          LSRL      ACC,T                 ; [CPU_ALU] |402| 
    2027 00000015 90FF          ANDB      AL,#0xff              ; [CPU_ALU] |402| 
    2028 00000016 6104          B         ||$C$L17||,EQ         ; [CPU_ALU] |402| 
    2029                      ; branchcc occurs ; [] |402| 
    2030                      .dwcfi  remember_state
    2031 00000017 28A9          MOV       AL,#-1                ; [CPU_ALU] |402| 
         00000018 FFFF 
    2032              $C$DW$122       .dwtag  DW_TAG_TI_branch
    2033                      .dwattr $C$DW$122, DW_AT_low_pc(0x00)
    2034                      .dwattr $C$DW$122, DW_AT_TI_return
    2035              
    2036 00000019 0006          LRETR     ; [CPU_ALU] 
    2037                      ; return occurs ; [] 
    2038                      .dwcfi  restore_state
    2039 0000001a       ||$C$L17||:    
    2040 0000001a A9A9          MOVL      ACC,P                 ; [CPU_ALU] |402| 
    2041 0000001b 917F          ANDB      AH,#127               ; [CPU_ALU] |402| 
    2042 0000001c FF58          TEST      ACC                   ; [CPU_ALU] |402| 
    2043 0000001d 6104          B         ||$C$L18||,EQ         ; [CPU_ALU] |402| 
    2044                      ; branchcc occurs ; [] |402| 
    2045                      .dwcfi  remember_state
    2046 0000001e 28A9          MOV       AL,#-2                ; [CPU_ALU] |402| 
         0000001f FFFE 
    2047              $C$DW$123       .dwtag  DW_TAG_TI_branch
    2048                      .dwattr $C$DW$123, DW_AT_low_pc(0x00)
    2049                      .dwattr $C$DW$123, DW_AT_TI_return
    2050              
    2051 00000020 0006          LRETR     ; [CPU_ALU] 
    2052                      ; return occurs ; [] 
    2053                      .dwcfi  restore_state
    2054 00000021       ||$C$L18||:    
    2055 00000021 9A00          MOVB      AL,#0                 ; [CPU_ALU] |402| 
    2056              $C$DW$124       .dwtag  DW_TAG_TI_branch
    2057                      .dwattr $C$DW$124, DW_AT_low_pc(0x00)
    2058                      .dwattr $C$DW$124, DW_AT_TI_return
    2059              
    2060 00000022 0006          LRETR     ; [CPU_ALU] 
    2061                      ; return occurs ; [] 
    2062                      .dwattr $C$DW$117, DW_AT_TI_end_file("C:/ti/ccs1210/ccs/tools/compiler/ti-cgt-c2000_22.6.0.LTS/includ
    2063                      .dwattr $C$DW$117, DW_AT_TI_end_line(0x19b)
    2064                      .dwattr $C$DW$117, DW_AT_TI_end_column(0x01)
    2065                      .dwendentry
    2066                      .dwendtag $C$DW$117
    2067              
    2068 00000000               .sect   ".text:__fpclassify"
    2069                      .clink
    2070                      .global ||__fpclassify||
TMS320C2000 Assembler PC v22.6.0 Mon Apr 21 09:03:27 2025

Copyright (c) 1996-2018 Texas Instruments Incorporated
app_isr2.asm                                                         PAGE   41

    2071              
    2072              $C$DW$125       .dwtag  DW_TAG_subprogram
    2073                      .dwattr $C$DW$125, DW_AT_name("__fpclassify")
    2074                      .dwattr $C$DW$125, DW_AT_low_pc(||__fpclassify||)
    2075                      .dwattr $C$DW$125, DW_AT_high_pc(0x00)
    2076                      .dwattr $C$DW$125, DW_AT_linkage_name("__fpclassify")
    2077                      .dwattr $C$DW$125, DW_AT_external
    2078                      .dwattr $C$DW$125, DW_AT_type(*$C$DW$T$10)
    2079                      .dwattr $C$DW$125, DW_AT_decl_file("C:/ti/ccs1210/ccs/tools/compiler/ti-cgt-c2000_22.6.0.LTS/include/
    2080                      .dwattr $C$DW$125, DW_AT_decl_line(0x19d)
    2081                      .dwattr $C$DW$125, DW_AT_decl_column(0x18)
    2082                      .dwattr $C$DW$125, DW_AT_TI_max_frame_size(-10)
    2083                      .dwpsn  file "C:/ti/ccs1210/ccs/tools/compiler/ti-cgt-c2000_22.6.0.LTS/include/_defs.h",line 414,colu
    2084              
    2085                      .dwfde $C$DW$CIE, ||__fpclassify||
    2086              $C$DW$126       .dwtag  DW_TAG_formal_parameter
    2087                      .dwattr $C$DW$126, DW_AT_name("d")
    2088                      .dwattr $C$DW$126, DW_AT_type(*$C$DW$T$27)
    2089                      .dwattr $C$DW$126, DW_AT_location[DW_OP_reg12]
    2090              
    2091              
    2092              ;***************************************************************
    2093              ;* FNAME: __fpclassify                  FR SIZE:   8           *
    2094              ;*                                                             *
    2095              ;* FUNCTION ENVIRONMENT                                        *
    2096              ;*                                                             *
    2097              ;* FUNCTION PROPERTIES                                         *
    2098              ;*                            4 Parameter,  4 Auto,  0 SOE     *
    2099              ;***************************************************************
    2100              
    2101              ||__fpclassify||:
    2102              $C$DW$127       .dwtag  DW_TAG_variable
    2103                      .dwattr $C$DW$127, DW_AT_name("d")
    2104                      .dwattr $C$DW$127, DW_AT_type(*$C$DW$T$17)
    2105                      .dwattr $C$DW$127, DW_AT_location[DW_OP_breg20 -8]
    2106              
    2107              ;* AR5   assigned to $O$C1
    2108              ;* AR4   assigned to d
    2109              $C$DW$128       .dwtag  DW_TAG_variable
    2110                      .dwattr $C$DW$128, DW_AT_name("d")
    2111                      .dwattr $C$DW$128, DW_AT_type(*$C$DW$T$28)
    2112                      .dwattr $C$DW$128, DW_AT_location[DW_OP_reg12]
    2113              
    2114                      .dwcfi  cfa_offset, -2
    2115                      .dwcfi  save_reg_to_mem, 26, 0
    2116 00000000 FE08          ADDB      SP,#8                 ; [CPU_ARAU] 
    2117                      .dwcfi  cfa_offset, -10
    2118 00000001 C4D4          MOVL      XAR6,*+XAR4[2]        ; [CPU_ALU] |414| 
    2119 00000002 06C4          MOVL      ACC,*+XAR4[0]         ; [CPU_ALU] |414| 
    2120 00000003 1E48          MOVL      *-SP[8],ACC           ; [CPU_ALU] |414| 
    2121 00000004 C246          MOVL      *-SP[6],XAR6          ; [CPU_ALU] |414| 
    2122                      .dwpsn  file "C:/ti/ccs1210/ccs/tools/compiler/ti-cgt-c2000_22.6.0.LTS/include/_defs.h",line 415,colu
    2123 00000005 8348          MOVL      XAR5,*-SP[8]          ; [CPU_ALU] |415| 
    2124 00000006 8A46          MOVL      XAR4,*-SP[6]          ; [CPU_ALU] |415| 
    2125                      .dwpsn  file "C:/ti/ccs1210/ccs/tools/compiler/ti-cgt-c2000_22.6.0.LTS/include/_defs.h",line 419,colu
TMS320C2000 Assembler PC v22.6.0 Mon Apr 21 09:03:27 2025

Copyright (c) 1996-2018 Texas Instruments Incorporated
app_isr2.asm                                                         PAGE   42

    2126 00000007 28AC          MOV       T,#48                 ; [CPU_ALU] |419| 
         00000008 0030 
    2127 00000009 A0AB          MOVL      P,XAR5                ; [CPU_ALU] |419| 
    2128 0000000a A8A9          MOVL      ACC,XAR4              ; [CPU_ALU] |419| 
    2129 0000000b 565B          LSR64     ACC:P,T               ; [CPU_ALU] |419| 
    2130 0000000c 18AB          AND       PL,#0x7ff0            ; [CPU_ALU] |419| 
         0000000d 7FF0 
    2131 0000000e 88AB          MOVZ      AR6,PL                ; [CPU_ALU] |419| 
    2132 0000000f FF20          MOV       ACC,#32752            ; [CPU_ALU] |419| 
         00000010 7FF0 
    2133 00000011 0FA6          CMPL      ACC,XAR6              ; [CPU_ALU] |419| 
    2134 00000012 6016          B         ||$C$L20||,NEQ        ; [CPU_ALU] |419| 
    2135                      ; branchcc occurs ; [] |419| 
    2136 00000013 0200          MOVB      ACC,#0                ; [CPU_ALU] |419| 
    2137 00000014 1E44          MOVL      *-SP[4],ACC           ; [CPU_ALU] |419| 
    2138 00000015 2B42          MOV       *-SP[2],#0            ; [CPU_ALU] |419| 
    2139 00000016 2B41          MOV       *-SP[1],#0            ; [CPU_ALU] |419| 
    2140 00000017 A348          MOVL      P,*-SP[8]             ; [CPU_ALU] |419| 
    2141 00000018 0646          MOVL      ACC,*-SP[6]           ; [CPU_ALU] |419| 
    2142 00000019 18AB          AND       PL,#65535             ; [CPU_ALU] |419| 
         0000001a FFFF 
    2143 0000001b 18AA          AND       PH,#65535             ; [CPU_ALU] |419| 
         0000001c FFFF 
    2144 0000001d 18A9          AND       AL,#65535             ; [CPU_ALU] |419| 
         0000001e FFFF 
    2145 0000001f 910F          ANDB      AH,#15                ; [CPU_ALU] |419| 
    2146              $C$DW$129       .dwtag  DW_TAG_TI_branch
    2147                      .dwattr $C$DW$129, DW_AT_low_pc(0x00)
    2148                      .dwattr $C$DW$129, DW_AT_name("__c28xabi_cmpull")
    2149                      .dwattr $C$DW$129, DW_AT_TI_call
    2150              
    2151 00000020 7640!         LCR       #||__c28xabi_cmpull|| ; [CPU_ALU] |419| 
         00000021 0000 
    2152                      ; call occurs [#||__c28xabi_cmpull||] ; [] |419| 
    2153 00000022 5200          CMPB      AL,#0                 ; [CPU_ALU] |419| 
    2154 00000023 6103          B         ||$C$L19||,EQ         ; [CPU_ALU] |419| 
    2155                      ; branchcc occurs ; [] |419| 
    2156 00000024 9A02          MOVB      AL,#2                 ; [CPU_ALU] |419| 
    2157 00000025 6F2D          B         ||$C$L23||,UNC        ; [CPU_ALU] |419| 
    2158                      ; branch occurs ; [] |419| 
    2159 00000026       ||$C$L19||:    
    2160 00000026 9A01          MOVB      AL,#1                 ; [CPU_ALU] |419| 
    2161 00000027 6F2B          B         ||$C$L23||,UNC        ; [CPU_ALU] |419| 
    2162                      ; branch occurs ; [] |419| 
    2163 00000028       ||$C$L20||:    
    2164 00000028 BE00          MOVB      XAR6,#0               ; [CPU_ALU] |419| 
    2165 00000029 A0AB          MOVL      P,XAR5                ; [CPU_ALU] |419| 
    2166 0000002a A8A9          MOVL      ACC,XAR4              ; [CPU_ALU] |419| 
    2167 0000002b 28AC          MOV       T,#52                 ; [CPU_ALU] |419| 
         0000002c 0034 
    2168 0000002d C244          MOVL      *-SP[4],XAR6          ; [CPU_ALU] |419| 
    2169 0000002e 2B42          MOV       *-SP[2],#0            ; [CPU_ALU] |419| 
    2170 0000002f 565B          LSR64     ACC:P,T               ; [CPU_ALU] |419| 
    2171 00000030 2B41          MOV       *-SP[1],#0            ; [CPU_FPU] |419| 
    2172 00000031 9000          ANDB      AL,#0                 ; [CPU_ALU] |419| 
TMS320C2000 Assembler PC v22.6.0 Mon Apr 21 09:03:27 2025

Copyright (c) 1996-2018 Texas Instruments Incorporated
app_isr2.asm                                                         PAGE   43

    2173 00000032 9100          ANDB      AH,#0                 ; [CPU_ALU] |419| 
    2174 00000033 18AB          AND       PL,#2047              ; [CPU_ALU] |419| 
         00000034 07FF 
    2175 00000035 18AA          AND       PH,#0                 ; [CPU_ALU] |419| 
         00000036 0000 
    2176              $C$DW$130       .dwtag  DW_TAG_TI_branch
    2177                      .dwattr $C$DW$130, DW_AT_low_pc(0x00)
    2178                      .dwattr $C$DW$130, DW_AT_name("__c28xabi_cmpull")
    2179                      .dwattr $C$DW$130, DW_AT_TI_call
    2180              
    2181 00000037 7640!         LCR       #||__c28xabi_cmpull|| ; [CPU_ALU] |419| 
         00000038 0000 
    2182                      ; call occurs [#||__c28xabi_cmpull||] ; [] |419| 
    2183 00000039 5200          CMPB      AL,#0                 ; [CPU_ALU] |419| 
    2184 0000003a 6104          B         ||$C$L21||,EQ         ; [CPU_ALU] |419| 
    2185                      ; branchcc occurs ; [] |419| 
    2186 0000003b 28A9          MOV       AL,#-1                ; [CPU_ALU] |419| 
         0000003c FFFF 
    2187 0000003d 6F15          B         ||$C$L23||,UNC        ; [CPU_ALU] |419| 
    2188                      ; branch occurs ; [] |419| 
    2189 0000003e       ||$C$L21||:    
    2190 0000003e C244          MOVL      *-SP[4],XAR6          ; [CPU_ALU] |419| 
    2191 0000003f A8A9          MOVL      ACC,XAR4              ; [CPU_ALU] |419| 
    2192 00000040 A0AB          MOVL      P,XAR5                ; [CPU_ALU] |419| 
    2193 00000041 2B42          MOV       *-SP[2],#0            ; [CPU_ALU] |419| 
    2194 00000042 18A9          AND       AL,#65535             ; [CPU_ALU] |419| 
         00000043 FFFF 
    2195 00000044 910F          ANDB      AH,#15                ; [CPU_ALU] |419| 
    2196 00000045 18AB          AND       PL,#65535             ; [CPU_ALU] |419| 
         00000046 FFFF 
    2197 00000047 18AA          AND       PH,#65535             ; [CPU_ALU] |419| 
         00000048 FFFF 
    2198 00000049 2B41          MOV       *-SP[1],#0            ; [CPU_FPU] |419| 
    2199              $C$DW$131       .dwtag  DW_TAG_TI_branch
    2200                      .dwattr $C$DW$131, DW_AT_low_pc(0x00)
    2201                      .dwattr $C$DW$131, DW_AT_name("__c28xabi_cmpull")
    2202                      .dwattr $C$DW$131, DW_AT_TI_call
    2203              
    2204 0000004a 7640!         LCR       #||__c28xabi_cmpull|| ; [CPU_ALU] |419| 
         0000004b 0000 
    2205                      ; call occurs [#||__c28xabi_cmpull||] ; [] |419| 
    2206 0000004c 5200          CMPB      AL,#0                 ; [CPU_ALU] |419| 
    2207 0000004d 6104          B         ||$C$L22||,EQ         ; [CPU_ALU] |419| 
    2208                      ; branchcc occurs ; [] |419| 
    2209 0000004e 28A9          MOV       AL,#-2                ; [CPU_ALU] |419| 
         0000004f FFFE 
    2210 00000050 6F02          B         ||$C$L23||,UNC        ; [CPU_ALU] |419| 
    2211                      ; branch occurs ; [] |419| 
    2212 00000051       ||$C$L22||:    
    2213 00000051 9A00          MOVB      AL,#0                 ; [CPU_ALU] |419| 
    2214 00000052       ||$C$L23||:    
    2215 00000052 FE88          SUBB      SP,#8                 ; [CPU_ARAU] 
    2216                      .dwcfi  cfa_offset, -2
    2217              $C$DW$132       .dwtag  DW_TAG_TI_branch
    2218                      .dwattr $C$DW$132, DW_AT_low_pc(0x00)
TMS320C2000 Assembler PC v22.6.0 Mon Apr 21 09:03:27 2025

Copyright (c) 1996-2018 Texas Instruments Incorporated
app_isr2.asm                                                         PAGE   44

    2219                      .dwattr $C$DW$132, DW_AT_TI_return
    2220              
    2221 00000053 0006          LRETR     ; [CPU_ALU] 
    2222                      ; return occurs ; [] 
    2223                      .dwattr $C$DW$125, DW_AT_TI_end_file("C:/ti/ccs1210/ccs/tools/compiler/ti-cgt-c2000_22.6.0.LTS/includ
    2224                      .dwattr $C$DW$125, DW_AT_TI_end_line(0x1ac)
    2225                      .dwattr $C$DW$125, DW_AT_TI_end_column(0x01)
    2226                      .dwendentry
    2227                      .dwendtag $C$DW$125
    2228              
    2229              ;**************************************************************
    2230              ;* UNDEFINED EXTERNAL REFERENCES                              *
    2231              ;**************************************************************
    2232                      .global ||__c28xabi_cmpull||
    2233              ;**************************************************************
    2234              ;* SECTION GROUPS                                             *
    2235              ;**************************************************************
    2236                      .group    "__fpclassify", 1
    2237                      .gmember  ".text:__fpclassify"
    2238                      .endgroup
    2239                      .group    "__fpclassifyf", 1
    2240                      .gmember  ".text:__fpclassifyf"
    2241                      .endgroup
    2242                      .group    "__fpclassifyl", 1
    2243                      .gmember  ".text:__fpclassifyl"
    2244                      .endgroup
    2245                      .group    "__isfinite", 1
    2246                      .gmember  ".text:__isfinite"
    2247                      .endgroup
    2248                      .group    "__isfinitef", 1
    2249                      .gmember  ".text:__isfinitef"
    2250                      .endgroup
    2251                      .group    "__isfinitel", 1
    2252                      .gmember  ".text:__isfinitel"
    2253                      .endgroup
    2254                      .group    "__isinf", 1
    2255                      .gmember  ".text:__isinf"
    2256                      .endgroup
    2257                      .group    "__isinff", 1
    2258                      .gmember  ".text:__isinff"
    2259                      .endgroup
    2260                      .group    "__isinfl", 1
    2261                      .gmember  ".text:__isinfl"
    2262                      .endgroup
    2263                      .group    "__isnan", 1
    2264                      .gmember  ".text:__isnan"
    2265                      .endgroup
    2266                      .group    "__isnanf", 1
    2267                      .gmember  ".text:__isnanf"
    2268                      .endgroup
    2269                      .group    "__isnanl", 1
    2270                      .gmember  ".text:__isnanl"
    2271                      .endgroup
    2272                      .group    "__isnormal", 1
    2273                      .gmember  ".text:__isnormal"
TMS320C2000 Assembler PC v22.6.0 Mon Apr 21 09:03:27 2025

Copyright (c) 1996-2018 Texas Instruments Incorporated
app_isr2.asm                                                         PAGE   45

    2274                      .endgroup
    2275                      .group    "__isnormalf", 1
    2276                      .gmember  ".text:__isnormalf"
    2277                      .endgroup
    2278                      .group    "__isnormall", 1
    2279                      .gmember  ".text:__isnormall"
    2280                      .endgroup
    2281                      .group    "__relaxed_atan2f", 1
    2282                      .gmember  ".text:__relaxed_atan2f"
    2283                      .endgroup
    2284                      .group    "__relaxed_atanf", 1
    2285                      .gmember  ".text:__relaxed_atanf"
    2286                      .endgroup
    2287                      .group    "__relaxed_cosf", 1
    2288                      .gmember  ".text:__relaxed_cosf"
    2289                      .endgroup
    2290                      .group    "__relaxed_fmaxf", 1
    2291                      .gmember  ".text:__relaxed_fmaxf"
    2292                      .endgroup
    2293                      .group    "__relaxed_fminf", 1
    2294                      .gmember  ".text:__relaxed_fminf"
    2295                      .endgroup
    2296                      .group    "__relaxed_fmodf", 1
    2297                      .gmember  ".text:__relaxed_fmodf"
    2298                      .endgroup
    2299                      .group    "__relaxed_sinf", 1
    2300                      .gmember  ".text:__relaxed_sinf"
    2301                      .endgroup
    2302                      .group    "__relaxed_sqrtf", 1
    2303                      .gmember  ".text:__relaxed_sqrtf"
    2304                      .endgroup
    2305                      .group    "__signbit", 1
    2306                      .gmember  ".text:__signbit"
    2307                      .endgroup
    2308                      .group    "__signbitf", 1
    2309                      .gmember  ".text:__signbitf"
    2310                      .endgroup
    2311                      .group    "__signbitl", 1
    2312                      .gmember  ".text:__signbitl"
    2313                      .endgroup
    2314              
    2315              
    2316              ;***************************************************************
    2317              ;* BUILD ATTRIBUTES                                            *
    2318              ;***************************************************************
    2319                      .battr "c28xabi", Tag_File, 1, Tag_float_args(1)
    2320                      .battr "c28xabi", Tag_File, 1, Tag_double_args(1)
    2321                      .dwattr $C$DW$CU, DW_AT_language(DW_LANG_C)
    2322              
    2323              ;***************************************************************
    2324              ;* DWARF CIE ENTRIES                                           *
    2325              ;***************************************************************
    2326              
    2327              $C$DW$CIE       .dwcie 26
    2328                      .dwcfi  cfa_register, 20
TMS320C2000 Assembler PC v22.6.0 Mon Apr 21 09:03:27 2025

Copyright (c) 1996-2018 Texas Instruments Incorporated
app_isr2.asm                                                         PAGE   46

    2329                      .dwcfi  cfa_offset, 0
    2330                      .dwcfi  same_value, 28
    2331                      .dwcfi  same_value, 6
    2332                      .dwcfi  same_value, 7
    2333                      .dwcfi  same_value, 8
    2334                      .dwcfi  same_value, 9
    2335                      .dwcfi  same_value, 10
    2336                      .dwcfi  same_value, 11
    2337                      .dwcfi  same_value, 59
    2338                      .dwcfi  same_value, 63
    2339                      .dwcfi  same_value, 67
    2340                      .dwcfi  same_value, 71
    2341                      .dwendentry
    2342                      .dwendtag $C$DW$CU
    2343              
    2344              
    2345              ;***************************************************************
    2346              ;* TYPE INFORMATION                                            *
    2347              ;***************************************************************
    2348              
    2349              $C$DW$TU$2      .dwtag  DW_TAG_type_unit
    2350                      .dwmtype  $C$DW$T$2
    2351              $C$DW$T$2       .dwtag  DW_TAG_unspecified_type
    2352                      .dwattr $C$DW$T$2, DW_AT_name("void")
    2353              
    2354                      .dwendtag $C$DW$TU$2
    2355              
    2356              
    2357              $C$DW$TU$4      .dwtag  DW_TAG_type_unit
    2358                      .dwmtype  $C$DW$T$4
    2359              $C$DW$T$4       .dwtag  DW_TAG_base_type
    2360                      .dwattr $C$DW$T$4, DW_AT_encoding(DW_ATE_boolean)
    2361                      .dwattr $C$DW$T$4, DW_AT_name("bool")
    2362                      .dwattr $C$DW$T$4, DW_AT_byte_size(0x01)
    2363              
    2364                      .dwendtag $C$DW$TU$4
    2365              
    2366              
    2367              $C$DW$TU$5      .dwtag  DW_TAG_type_unit
    2368                      .dwmtype  $C$DW$T$5
    2369              $C$DW$T$5       .dwtag  DW_TAG_base_type
    2370                      .dwattr $C$DW$T$5, DW_AT_encoding(DW_ATE_signed_char)
    2371                      .dwattr $C$DW$T$5, DW_AT_name("signed char")
    2372                      .dwattr $C$DW$T$5, DW_AT_byte_size(0x01)
    2373              
    2374                      .dwendtag $C$DW$TU$5
    2375              
    2376              
    2377              $C$DW$TU$6      .dwtag  DW_TAG_type_unit
    2378                      .dwmtype  $C$DW$T$6
    2379              $C$DW$T$6       .dwtag  DW_TAG_base_type
    2380                      .dwattr $C$DW$T$6, DW_AT_encoding(DW_ATE_unsigned_char)
    2381                      .dwattr $C$DW$T$6, DW_AT_name("unsigned char")
    2382                      .dwattr $C$DW$T$6, DW_AT_byte_size(0x01)
    2383              
TMS320C2000 Assembler PC v22.6.0 Mon Apr 21 09:03:27 2025

Copyright (c) 1996-2018 Texas Instruments Incorporated
app_isr2.asm                                                         PAGE   47

    2384                      .dwendtag $C$DW$TU$6
    2385              
    2386              
    2387              $C$DW$TU$7      .dwtag  DW_TAG_type_unit
    2388                      .dwmtype  $C$DW$T$7
    2389              $C$DW$T$7       .dwtag  DW_TAG_base_type
    2390                      .dwattr $C$DW$T$7, DW_AT_encoding(DW_ATE_signed_char)
    2391                      .dwattr $C$DW$T$7, DW_AT_name("wchar_t")
    2392                      .dwattr $C$DW$T$7, DW_AT_byte_size(0x02)
    2393              
    2394                      .dwendtag $C$DW$TU$7
    2395              
    2396              
    2397              $C$DW$TU$8      .dwtag  DW_TAG_type_unit
    2398                      .dwmtype  $C$DW$T$8
    2399              $C$DW$T$8       .dwtag  DW_TAG_base_type
    2400                      .dwattr $C$DW$T$8, DW_AT_encoding(DW_ATE_signed)
    2401                      .dwattr $C$DW$T$8, DW_AT_name("short")
    2402                      .dwattr $C$DW$T$8, DW_AT_byte_size(0x01)
    2403              
    2404                      .dwendtag $C$DW$TU$8
    2405              
    2406              
    2407              $C$DW$TU$9      .dwtag  DW_TAG_type_unit
    2408                      .dwmtype  $C$DW$T$9
    2409              $C$DW$T$9       .dwtag  DW_TAG_base_type
    2410                      .dwattr $C$DW$T$9, DW_AT_encoding(DW_ATE_unsigned)
    2411                      .dwattr $C$DW$T$9, DW_AT_name("unsigned short")
    2412                      .dwattr $C$DW$T$9, DW_AT_byte_size(0x01)
    2413              
    2414                      .dwendtag $C$DW$TU$9
    2415              
    2416              
    2417              $C$DW$TU$10     .dwtag  DW_TAG_type_unit
    2418                      .dwmtype  $C$DW$T$10
    2419              $C$DW$T$10      .dwtag  DW_TAG_base_type
    2420                      .dwattr $C$DW$T$10, DW_AT_encoding(DW_ATE_signed)
    2421                      .dwattr $C$DW$T$10, DW_AT_name("int")
    2422                      .dwattr $C$DW$T$10, DW_AT_byte_size(0x01)
    2423              
    2424                      .dwendtag $C$DW$TU$10
    2425              
    2426              
    2427              $C$DW$TU$11     .dwtag  DW_TAG_type_unit
    2428                      .dwmtype  $C$DW$T$11
    2429              $C$DW$T$11      .dwtag  DW_TAG_base_type
    2430                      .dwattr $C$DW$T$11, DW_AT_encoding(DW_ATE_unsigned)
    2431                      .dwattr $C$DW$T$11, DW_AT_name("unsigned int")
    2432                      .dwattr $C$DW$T$11, DW_AT_byte_size(0x01)
    2433              
    2434                      .dwendtag $C$DW$TU$11
    2435              
    2436              
    2437              $C$DW$TU$22     .dwtag  DW_TAG_type_unit
    2438                      .dwmtype  $C$DW$T$22
TMS320C2000 Assembler PC v22.6.0 Mon Apr 21 09:03:27 2025

Copyright (c) 1996-2018 Texas Instruments Incorporated
app_isr2.asm                                                         PAGE   48

    2439              $C$DW$T$22      .dwtag  DW_TAG_typedef
    2440                      .dwattr $C$DW$T$22, DW_AT_name("__uint16_t")
    2441                      .dwattr $C$DW$T$22, DW_AT_type(*$C$DW$T$11)
    2442                      .dwattr $C$DW$T$22, DW_AT_decl_file("C:/ti/ccs1210/ccs/tools/compiler/ti-cgt-c2000_22.6.0.LTS/include
    2443                      .dwattr $C$DW$T$22, DW_AT_decl_line(0x41)
    2444                      .dwattr $C$DW$T$22, DW_AT_decl_column(0x1c)
    2445              
    2446                      .dwendtag $C$DW$TU$22
    2447              
    2448              
    2449              $C$DW$TU$23     .dwtag  DW_TAG_type_unit
    2450                      .dwmtype  $C$DW$T$23
    2451              $C$DW$T$23      .dwtag  DW_TAG_typedef
    2452                      .dwattr $C$DW$T$23, DW_AT_name("uint16_t")
    2453                      .dwattr $C$DW$T$23, DW_AT_type(*$C$DW$T$22)
    2454                      .dwattr $C$DW$T$23, DW_AT_decl_file("C:/ti/ccs1210/ccs/tools/compiler/ti-cgt-c2000_22.6.0.LTS/include
    2455                      .dwattr $C$DW$T$23, DW_AT_decl_line(0x41)
    2456                      .dwattr $C$DW$T$23, DW_AT_decl_column(0x15)
    2457              
    2458                      .dwendtag $C$DW$TU$23
    2459              
    2460              
    2461              $C$DW$TU$12     .dwtag  DW_TAG_type_unit
    2462                      .dwmtype  $C$DW$T$12
    2463              $C$DW$T$12      .dwtag  DW_TAG_base_type
    2464                      .dwattr $C$DW$T$12, DW_AT_encoding(DW_ATE_signed)
    2465                      .dwattr $C$DW$T$12, DW_AT_name("long")
    2466                      .dwattr $C$DW$T$12, DW_AT_byte_size(0x02)
    2467              
    2468                      .dwendtag $C$DW$TU$12
    2469              
    2470              
    2471              $C$DW$TU$13     .dwtag  DW_TAG_type_unit
    2472                      .dwmtype  $C$DW$T$13
    2473              $C$DW$T$13      .dwtag  DW_TAG_base_type
    2474                      .dwattr $C$DW$T$13, DW_AT_encoding(DW_ATE_unsigned)
    2475                      .dwattr $C$DW$T$13, DW_AT_name("unsigned long")
    2476                      .dwattr $C$DW$T$13, DW_AT_byte_size(0x02)
    2477              
    2478                      .dwendtag $C$DW$TU$13
    2479              
    2480              
    2481              $C$DW$TU$14     .dwtag  DW_TAG_type_unit
    2482                      .dwmtype  $C$DW$T$14
    2483              $C$DW$T$14      .dwtag  DW_TAG_base_type
    2484                      .dwattr $C$DW$T$14, DW_AT_encoding(DW_ATE_signed)
    2485                      .dwattr $C$DW$T$14, DW_AT_name("long long")
    2486                      .dwattr $C$DW$T$14, DW_AT_byte_size(0x04)
    2487              
    2488                      .dwendtag $C$DW$TU$14
    2489              
    2490              
    2491              $C$DW$TU$15     .dwtag  DW_TAG_type_unit
    2492                      .dwmtype  $C$DW$T$15
    2493              $C$DW$T$15      .dwtag  DW_TAG_base_type
TMS320C2000 Assembler PC v22.6.0 Mon Apr 21 09:03:27 2025

Copyright (c) 1996-2018 Texas Instruments Incorporated
app_isr2.asm                                                         PAGE   49

    2494                      .dwattr $C$DW$T$15, DW_AT_encoding(DW_ATE_unsigned)
    2495                      .dwattr $C$DW$T$15, DW_AT_name("unsigned long long")
    2496                      .dwattr $C$DW$T$15, DW_AT_byte_size(0x04)
    2497              
    2498                      .dwendtag $C$DW$TU$15
    2499              
    2500              
    2501              $C$DW$TU$16     .dwtag  DW_TAG_type_unit
    2502                      .dwmtype  $C$DW$T$16
    2503              $C$DW$T$16      .dwtag  DW_TAG_base_type
    2504                      .dwattr $C$DW$T$16, DW_AT_encoding(DW_ATE_float)
    2505                      .dwattr $C$DW$T$16, DW_AT_name("float")
    2506                      .dwattr $C$DW$T$16, DW_AT_byte_size(0x02)
    2507              
    2508                      .dwendtag $C$DW$TU$16
    2509              
    2510              
    2511              $C$DW$TU$26     .dwtag  DW_TAG_type_unit
    2512                      .dwmtype  $C$DW$T$26
    2513              $C$DW$133       .dwtag  DW_TAG_TI_far_type
    2514                      .dwattr $C$DW$133, DW_AT_type(*$C$DW$T$16)
    2515              
    2516              $C$DW$T$26      .dwtag  DW_TAG_const_type
    2517                      .dwattr $C$DW$T$26, DW_AT_type(*$C$DW$133)
    2518              
    2519                      .dwendtag $C$DW$TU$26
    2520              
    2521              
    2522              $C$DW$TU$17     .dwtag  DW_TAG_type_unit
    2523                      .dwmtype  $C$DW$T$17
    2524              $C$DW$T$17      .dwtag  DW_TAG_base_type
    2525                      .dwattr $C$DW$T$17, DW_AT_encoding(DW_ATE_float)
    2526                      .dwattr $C$DW$T$17, DW_AT_name("double")
    2527                      .dwattr $C$DW$T$17, DW_AT_byte_size(0x04)
    2528              
    2529                      .dwendtag $C$DW$TU$17
    2530              
    2531              
    2532              $C$DW$TU$27     .dwtag  DW_TAG_type_unit
    2533                      .dwmtype  $C$DW$T$27
    2534              $C$DW$T$27      .dwtag  DW_TAG_pointer_type
    2535                      .dwattr $C$DW$T$27, DW_AT_type(*$C$DW$T$17)
    2536                      .dwattr $C$DW$T$27, DW_AT_address_class(0x20)
    2537              
    2538                      .dwendtag $C$DW$TU$27
    2539              
    2540              
    2541              $C$DW$TU$28     .dwtag  DW_TAG_type_unit
    2542                      .dwmtype  $C$DW$T$28
    2543              $C$DW$134       .dwtag  DW_TAG_TI_far_type
    2544                      .dwattr $C$DW$134, DW_AT_type(*$C$DW$T$27)
    2545              
    2546              $C$DW$T$28      .dwtag  DW_TAG_const_type
    2547                      .dwattr $C$DW$T$28, DW_AT_type(*$C$DW$134)
    2548              
TMS320C2000 Assembler PC v22.6.0 Mon Apr 21 09:03:27 2025

Copyright (c) 1996-2018 Texas Instruments Incorporated
app_isr2.asm                                                         PAGE   50

    2549                      .dwendtag $C$DW$TU$28
    2550              
    2551              
    2552              $C$DW$TU$18     .dwtag  DW_TAG_type_unit
    2553                      .dwmtype  $C$DW$T$18
    2554              $C$DW$T$18      .dwtag  DW_TAG_base_type
    2555                      .dwattr $C$DW$T$18, DW_AT_encoding(DW_ATE_float)
    2556                      .dwattr $C$DW$T$18, DW_AT_name("long double")
    2557                      .dwattr $C$DW$T$18, DW_AT_byte_size(0x04)
    2558              
    2559                      .dwendtag $C$DW$TU$18
    2560              
    2561              
    2562              $C$DW$TU$29     .dwtag  DW_TAG_type_unit
    2563                      .dwmtype  $C$DW$T$29
    2564              $C$DW$T$29      .dwtag  DW_TAG_pointer_type
    2565                      .dwattr $C$DW$T$29, DW_AT_type(*$C$DW$T$18)
    2566                      .dwattr $C$DW$T$29, DW_AT_address_class(0x20)
    2567              
    2568                      .dwendtag $C$DW$TU$29
    2569              
    2570              
    2571              $C$DW$TU$30     .dwtag  DW_TAG_type_unit
    2572                      .dwmtype  $C$DW$T$30
    2573              $C$DW$135       .dwtag  DW_TAG_TI_far_type
    2574                      .dwattr $C$DW$135, DW_AT_type(*$C$DW$T$29)
    2575              
    2576              $C$DW$T$30      .dwtag  DW_TAG_const_type
    2577                      .dwattr $C$DW$T$30, DW_AT_type(*$C$DW$135)
    2578              
    2579                      .dwendtag $C$DW$TU$30
    2580              

No Assembly Errors, No Assembly Warnings
